address,city,zip,property_type,sold_date,price,sqft,sqft_imputed,price_per_sqft,beds,baths,year_built,lot_size,days_on_market,lat,lon,url
10 Portland Pl,Saint Louis,63108.0,Single Family Residential,April-1-2026,500000,7168.0,False,69.75446428571429,6.0,8.0,1908.0,25500.0,,38.6466335,-90.2661303,https://www.redfin.com/MO/Saint-Louis/10-Portland-Pl-63108/home/93745965
2007 Park Ave,Saint Louis,63104.0,Single Family Residential,July-29-2022,835000,4704.0,False,177.50850340136054,6.0,7.5,1876.0,13068.0,,38.6177538,-90.2137285,https://www.redfin.com/MO/Saint-Louis/2007-Park-Ave-63104/home/93701262
2501 Clifton Ave,Saint Louis,63139.0,Single Family Residential,May-22-2024,1200000,7866.0,False,152.55530129672007,6.0,7.5,1901.0,11195.0,,38.615648,-90.293477,https://www.redfin.com/MO/Saint-Louis/2501-Clifton-Ave-63139/home/93743222
6755 Itaska St,Saint Louis,63109.0,Single Family Residential,July-21-2025,430000,2225.0,False,193.25842696629215,2.0,7.0,1952.0,7919.0,,38.5857282,-90.3098812,https://www.redfin.com/MO/Saint-Louis/6755-Itaska-St-63109/home/93781433
8 Kingsbury Pl,Saint Louis,63112.0,Single Family Residential,May-20-2022,1549000,7649.0,False,202.51013204340435,5.0,6.5,1914.0,20691.0,,38.6500351,-90.275257,https://www.redfin.com/MO/Saint-Louis/8-Kingsbury-Pl-63112/home/93724307
2817 S Kingshighway,Saint Louis,63139.0,Single Family Residential,April-12-2023,65000,2436.0,False,26.683087027914613,5.0,6.0,1897.0,4250.0,,38.6069586,-90.2692566,https://www.redfin.com/MO/Saint-Louis/2817-S-Kingshighway-Blvd-63139/home/93727955
53 Portland Pl,Saint Louis,63108.0,Single Family Residential,May-31-2024,1549000,7610.0,False,203.5479632063075,6.0,6.0,1912.0,24655.0,,38.6481637,-90.2736689,https://www.redfin.com/MO/Saint-Louis/53-Portland-Pl-63108/home/93745915
2101 Sidney St,Saint Louis,63104.0,Single Family Residential,February-1-2024,545000,6968.0,False,78.21469575200919,6.0,5.5,1893.0,7085.0,,38.6041604,-90.2189083,https://www.redfin.com/MO/Saint-Louis/2101-Sidney-St-63104/home/93691406
27 Waterman Pl,Saint Louis,63112.0,Single Family Residential,April-10-2023,1290000,5854.0,False,220.36214554151007,6.0,5.5,1905.0,14941.0,,38.6492191,-90.2750768,https://www.redfin.com/MO/Saint-Louis/27-Waterman-Pl-63112/home/93724315
4949 Pershing Pl,Saint Louis,63108.0,Single Family Residential,August-5-2021,949900,6669.0,False,142.4351476983056,6.0,5.5,1898.0,11848.0,,38.6467918,-90.2630297,https://www.redfin.com/MO/Saint-Louis/4949-Pershing-Pl-63108/home/93724387
4700 Gravois Ave,Saint Louis,63116.0,Single Family Residential,January-31-2022,299900,4330.0,False,69.26096997690532,9.0,5.5,1915.0,4757.0,,38.582365,-90.2653719,https://www.redfin.com/MO/Saint-Louis/4700-Gravois-Ave-63116/home/93766619
5095 Waterman Blvd,Saint Louis,63108.0,Single Family Residential,July-29-2021,375000,4092.0,False,91.64222873900293,6.0,5.5,1907.0,9322.0,,38.6487964,-90.2674665,https://www.redfin.com/MO/Saint-Louis/5095-Waterman-Blvd-63108/home/93745955
37 Kingsbury Pl,Saint Louis,63112.0,Single Family Residential,January-27-2023,575000,6009.0,False,95.68979863538026,8.0,5.5,1907.0,11099.0,,38.65116,-90.2795389,https://www.redfin.com/MO/Saint-Louis/37-Kingsbury-Pl-63112/home/93763722
6170 Colorado Ave,Saint Louis,63111.0,Single Family Residential,November-22-2022,350000,4170.0,False,83.93285371702638,3.0,5.5,2003.0,11609.0,,38.5616991,-90.2544718,https://www.redfin.com/MO/Saint-Louis/6170-Colorado-Ave-63111/home/93787116
7 Portland Pl,Saint Louis,63108.0,Single Family Residential,August-31-2022,1975000,5700.0,False,346.49122807017545,5.0,5.5,1927.0,40158.0,,38.6473201,-90.2656593,https://www.redfin.com/MO/Saint-Louis/7-Portland-Pl-63108/home/62731987
42 Westmoreland Pl,Saint Louis,63108.0,Single Family Residential,June-26-2026,1995000,6932.0,False,287.79572994806693,6.0,5.5,1906.0,19000.0,,38.6458084,-90.2720954,https://www.redfin.com/MO/Saint-Louis/42-Westmoreland-Pl-63108/home/93745420
1100 Dolman St,Saint Louis,63104.0,Single Family Residential,October-23-2024,1068000,3300.0,False,323.6363636363636,4.0,5.5,2014.0,5227.0,,38.6192219,-90.2089886,https://www.redfin.com/MO/Saint-Louis/1100-Dolman-St-63104/home/143286329
33 Westmoreland Pl,Saint Louis,63108.0,Single Family Residential,July-22-2021,1095000,5300.0,False,206.60377358490567,5.0,5.0,1941.0,17816.0,,38.6463227,-90.2704175,https://www.redfin.com/MO/Saint-Louis/33-Westmoreland-Pl-63108/home/93746100
4509 Pershing Pl,Saint Louis,63108.0,Single Family Residential,June-3-2022,889000,5440.0,False,163.4191176470588,8.0,5.0,1907.0,9235.0,,38.64559,-90.2573101,https://www.redfin.com/MO/Saint-Louis/4509-Pershing-Pl-63108/home/93724700
3733 Washington Blvd,Saint Louis,63108.0,Single Family Residential,December-13-2024,1500000,7334.0,False,204.52686119443686,5.0,5.0,1883.0,10816.0,,38.6409025,-90.2342969,https://www.redfin.com/MO/Saint-Louis/3733-Washington-Blvd-63108/home/93701266
3726 Wyoming St,Saint Louis,63116.0,Single Family Residential,June-2-2025,650000,3747.0,False,173.47211102215104,6.0,5.0,1909.0,4095.0,,38.5992622,-90.2462399,https://www.redfin.com/MO/Saint-Louis/3726-Wyoming-St-63116/home/93700097
81 Waterman Pl,Saint Louis,63112.0,Single Family Residential,March-22-2024,799900,5723.0,False,139.76935173859863,8.0,5.0,1907.0,14619.0,,38.6493831,-90.2771095,https://www.redfin.com/MO/Saint-Louis/81-Waterman-Pl-63112/home/93724343
5211 Ridge,Saint Louis,63113.0,Single Family Residential,August-19-2025,60000,2432.0,False,24.67105263157895,2.0,5.0,1897.0,7718.0,,38.6630852,-90.2679223,https://www.redfin.com/MO/Saint-Louis/5211-Ridge-Ave-63113/home/93721444
5373 Lindell Blvd,Saint Louis,63112.0,Single Family Residential,July-27-2023,1799000,5912.0,False,304.29634641407307,3.0,5.0,1994.0,43996.0,,38.6459573,-90.2775433,https://www.redfin.com/MO/Saint-Louis/5373-Lindell-Blvd-63112/home/93723621
3406 Hawthorne Blvd,Saint Louis,63104.0,Single Family Residential,May-12-2022,950000,7215.0,False,131.67013167013167,5.0,5.0,1895.0,17642.0,,38.6101689,-90.2362898,https://www.redfin.com/MO/Saint-Louis/3406-Hawthorne-Blvd-63104/home/93691070
5257 Lindell Blvd,Saint Louis,63108.0,Single Family Residential,April-8-2026,1699000,7223.0,False,235.22082237297522,5.0,5.0,1918.0,20599.0,,38.6451936,-90.2729065,https://www.redfin.com/MO/Saint-Louis/5257-Lindell-Blvd-63108/home/93745458
1304 S 18th St,Saint Louis,63104.0,Single Family Residential,March-3-2025,1650000,7133.0,False,231.31922052432355,4.0,5.0,1900.0,6390.0,,38.6174976,-90.2106735,https://www.redfin.com/MO/Saint-Louis/1304-S-18th-St-63104/home/93685995
5211 Westminster Pl,Saint Louis,63108.0,Single Family Residential,August-30-2023,799900,5500.0,False,145.43636363636364,5.0,5.0,1905.0,7227.0,,38.6503702,-90.2705051,https://www.redfin.com/MO/Saint-Louis/5211-Westminster-Pl-63108/home/62725740
38 Kingsbury Pl,Saint Louis,63112.0,Single Family Residential,August-1-2023,1399000,7256.0,False,192.80595369349504,5.0,5.0,1908.0,13443.0,,38.6504296,-90.2795815,https://www.redfin.com/MO/Saint-Louis/38-Kingsbury-Pl-63112/home/62749213
43 Portland Pl,Saint Louis,63108.0,Single Family Residential,April-29-2022,1899900,7465.0,False,254.50770261219023,7.0,5.0,1911.0,20299.0,,38.6480402,-90.2720914,https://www.redfin.com/MO/Saint-Louis/43-Portland-Pl-63108/home/93745534
1611 Missouri Ave,Saint Louis,63104.0,Single Family Residential,March-29-2024,450000,5091.0,False,88.39127872716558,5.0,5.0,1886.0,5097.0,,38.6154449,-90.2188026,https://www.redfin.com/MO/Saint-Louis/1611-Missouri-Ave-63104/home/93700584
11 Washington Ter,Saint Louis,63112.0,Single Family Residential,February-25-2025,850000,7265.0,False,116.9993117687543,8.0,5.0,1905.0,19502.0,,38.6521104,-90.2756696,https://www.redfin.com/MO/Saint-Louis/11-Washington-Ter-63112/home/93766103
5959 W Cabanne Pl,Saint Louis,63112.0,Single Family Residential,March-27-2023,200000,3266.0,False,61.2369871402327,6.0,5.0,1903.0,16880.0,,38.6597537,-90.2919688,https://www.redfin.com/MO/Saint-Louis/5959-W-Cabanne-Pl-63112/home/93728625
15 Thornby,Saint Louis,63112.0,Single Family Residential,April-28-2022,474900,2764.0,False,171.81620839363242,4.0,5.0,1900.0,14113.0,,38.6619747,-90.2872213,https://www.redfin.com/MO/Saint-Louis/15-Thornby-Pl-63112/home/93723567
4549 Westminster Pl,Saint Louis,63108.0,Single Family Residential,April-12-2024,400000,4170.0,False,95.92326139088729,8.0,5.0,1892.0,8281.0,,38.648166,-90.2570184,https://www.redfin.com/MO/Saint-Louis/4549-Westminster-Pl-63108/home/93739874
4330 W Pine Blvd,Saint Louis,63108.0,Single Family Residential,January-26-2023,650000,6000.0,False,108.33333333333333,6.0,5.0,1895.0,15194.0,,38.6394609,-90.2523047,https://www.redfin.com/MO/Saint-Louis/4330-W-Pine-Blvd-63108/home/93725149
4327 W Belle,Saint Louis,63108.0,Single Family Residential,May-16-2022,100000,3376.0,False,29.620853080568722,8.0,5.0,1891.0,4443.0,,38.6505185,-90.2470828,https://www.redfin.com/MO/Saint-Louis/4327-W-Belle-Pl-63108/home/93740086
3635 S Compton Ave,Saint Louis,63118.0,Single Family Residential,May-24-2022,249000,3894.0,False,63.94453004622496,8.0,5.0,1904.0,4792.0,,38.5900627,-90.2381172,https://www.redfin.com/MO/Saint-Louis/3635-S-Compton-Ave-63118/home/62773758
3522 Arsenal,Saint Louis,63118.0,Single Family Residential,December-13-2021,437000,3660.0,False,119.39890710382514,5.0,4.5,1903.0,4591.0,,38.6022945,-90.2409213,https://www.redfin.com/MO/Saint-Louis/3522-Arsenal-St-63118/home/62694250
5715 Chippewa St,Saint Louis,63109.0,Single Family Residential,August-22-2025,305000,1995.0,False,152.88220551378447,4.0,4.5,1937.0,4081.0,,38.5932266,-90.2897961,https://www.redfin.com/MO/Saint-Louis/5715-Chippewa-St-63109/home/93780996
3810 Botanical Ave,Saint Louis,63110.0,Single Family Residential,March-20-2024,575000,2920.0,False,196.91780821917808,4.0,4.5,1896.0,3942.0,,38.6088323,-90.2441402,https://www.redfin.com/MO/Saint-Louis/3810-Botanical-Ave-63110/home/93699823
3029 Saint Vincent Ave,Saint Louis,63104.0,Single Family Residential,November-29-2021,310000,2052.0,False,151.07212475633528,4.0,4.5,2002.0,7797.0,,38.6188664,-90.2299303,https://www.redfin.com/MO/Saint-Louis/3029-Saint-Vincent-Ave-63104/home/103204941
4468 Maryland Ave,Saint Louis,63108.0,Single Family Residential,November-12-2021,850000,3954.0,False,214.97218007081437,6.0,4.5,1896.0,7170.0,,38.6433851,-90.2563015,https://www.redfin.com/MO/Saint-Louis/4468-Maryland-Ave-63108/home/93724880
5076 Westminster Pl,Saint Louis,63108.0,Single Family Residential,July-10-2025,799000,5300.0,False,150.75471698113208,7.0,4.5,1906.0,9705.0,,38.6494678,-90.2667756,https://www.redfin.com/MO/Saint-Louis/5076-Westminster-Pl-63108/home/93746017
2331 Albion Pl,Saint Louis,63104.0,Single Family Residential,December-16-2024,650000,3720.0,False,174.7311827956989,5.0,4.5,1892.0,5654.0,,38.6170632,-90.2193544,https://www.redfin.com/MO/Saint-Louis/2331-Albion-Pl-63104/home/93700534
5519 Bartmer Ave,Saint Louis,63112.0,Single Family Residential,April-10-2024,589900,3520.0,False,167.58522727272728,6.0,4.5,1905.0,17389.0,,38.662346,-90.2773178,https://www.redfin.com/MO/Saint-Louis/5519-Bartmer-Ave-63112/home/93722354
6145 Lindell Blvd,Saint Louis,63112.0,Single Family Residential,August-23-2024,1099000,5166.0,False,212.73712737127371,4.0,4.5,1925.0,53143.0,,38.6478744,-90.2986716,https://www.redfin.com/MO/Saint-Louis/6145-Lindell-Blvd-63112/home/93763512
4220 Botanical Ave,Saint Louis,63110.0,Single Family Residential,November-19-2021,550000,3882.0,False,141.6795466254508,4.0,4.5,2019.0,3311.0,,38.6098843,-90.2555066,https://www.redfin.com/MO/Saint-Louis/4220-Botanical-Ave-63110/home/78372176
2822 Victor St,Saint Louis,63104.0,Single Family Residential,September-15-2025,469000,3200.0,False,146.5625,4.0,4.5,1900.0,3833.0,,38.6071809,-90.228155,https://www.redfin.com/MO/Saint-Louis/2822-Victor-St-63104/home/93699935
5103 Waterman Blvd,Saint Louis,63108.0,Single Family Residential,March-19-2026,574900,5412.0,False,106.2269031781227,5.0,4.5,1896.0,9252.0,,38.6488855,-90.2678089,https://www.redfin.com/MO/Saint-Louis/5103-Waterman-Blvd-63108/home/93745953
2107 Park Ave,Saint Louis,63104.0,Single Family Residential,July-5-2022,1265000,7122.0,False,177.61864644762707,6.0,4.5,1878.0,14070.0,,38.6180303,-90.2157599,https://www.redfin.com/MO/Saint-Louis/2107-Park-Ave-63104/home/93701253
3630 Flad Ave,Saint Louis,63110.0,Single Family Residential,December-4-2025,649000,2776.0,False,233.78962536023056,4.0,4.5,1894.0,5471.0,,38.6112491,-90.2417094,https://www.redfin.com/MO/Saint-Louis/3630-Flad-Ave-63110/home/93700186
2112 S 11th St,Saint Louis,63104.0,Single Family Residential,June-18-2026,649000,3974.0,False,163.31152491192753,5.0,4.5,2015.0,3689.0,,38.6068828,-90.2086918,https://www.redfin.com/MO/Saint-Louis/2112-S-11th-St-63104/home/62775653
5225 Lindell Blvd,Saint Louis,63108.0,Single Family Residential,July-18-2023,700000,5196.0,False,134.71901462663587,5.0,4.5,1904.0,20312.0,,38.6450408,-90.2718563,https://www.redfin.com/MO/Saint-Louis/5225-Lindell-Blvd-63108/home/93745428
4251 Connecticut St,Saint Louis,63116.0,Single Family Residential,August-22-2023,475000,3150.0,False,150.79365079365078,4.0,4.5,1891.0,2862.0,,38.6017153,-90.2601685,https://www.redfin.com/MO/Saint-Louis/4251-Connecticut-St-63116/home/93729851
3964 Arsenal St,Saint Louis,63116.0,Single Family Residential,December-5-2025,699000,2750.0,False,254.1818181818182,4.0,4.5,1911.0,3963.0,,38.6035247,-90.251906,https://www.redfin.com/MO/Saint-Louis/3964-Arsenal-St-63116/home/93749655
5277 Lindell Blvd,Saint Louis,63108.0,Single Family Residential,October-11-2022,1559000,6447.0,False,241.81789979835582,6.0,4.5,1913.0,20234.0,,38.6452756,-90.2735825,https://www.redfin.com/MO/Saint-Louis/5277-Lindell-Blvd-63108/home/93745464
5501 Cates Ave,Saint Louis,63112.0,Single Family Residential,June-24-2026,375000,4469.0,False,83.91138957261133,4.0,4.5,2009.0,8424.0,,38.6571895,-90.2786965,https://www.redfin.com/MO/Saint-Louis/5501-Cates-Ave-63112/home/143291150
2241 Hickory,Saint Louis,63104.0,Single Family Residential,November-6-2023,975000,4139.0,False,235.56414592896834,5.0,4.5,1921.0,4356.0,,38.620107,-90.216923,https://www.redfin.com/MO/Saint-Louis/2241-Hickory-St-63104/home/181866125
2305 Saint Louis Ave,Saint Louis,63106.0,Single Family Residential,February-28-2022,215000,6632.0,False,32.41857659831122,6.0,4.5,1887.0,12937.0,,38.6525214,-90.2073725,https://www.redfin.com/MO/Saint-Louis/2305-Saint-Louis-Ave-63106/home/62766774
8 Hortense Pl,Saint Louis,63108.0,Single Family Residential,June-3-2024,1475000,7583.0,False,194.51404457338785,6.0,4.5,1901.0,15769.0,,38.6474882,-90.2626277,https://www.redfin.com/MO/Saint-Louis/8-Hortense-Pl-63108/home/93724401
4101 W Pine Blvd #4,Saint Louis,63108.0,Single Family Residential,July-27-2023,1225000,3021.0,False,405.4948692485932,3.0,4.5,1921.0,,,38.6389383,-90.2466334,https://www.redfin.com/MO/Saint-Louis/4101-W-Pine-Blvd-63108/unit-4/home/169424934
4512 Pershing Pl,Saint Louis,63108.0,Townhouse,November-10-2025,750000,2561.0,False,292.85435376805935,4.0,4.5,1978.0,3380.0,,38.645184,-90.257627,https://www.redfin.com/MO/Saint-Louis/4512-Pershing-Pl-63108/home/93724622
3023 Bailey,Saint Louis,63107.0,Single Family Residential,March-4-2025,299000,2790.0,False,107.168458781362,4.0,4.5,1894.0,3598.0,,38.6626637,-90.213017,https://www.redfin.com/MO/Saint-Louis/3023-Bailey-Ave-63107/home/93698431
4506 Pershing Pl,Saint Louis,63108.0,Single Family Residential,June-9-2023,799000,2876.0,False,277.8164116828929,3.0,4.5,1978.0,3289.0,,38.64514,-90.257392,https://www.redfin.com/MO/Saint-Louis/4506-Pershing-Pl-63108/home/93724627
3801 Hartford St,Saint Louis,63116.0,Single Family Residential,November-23-2022,575000,2589.0,False,222.0934723831595,3.0,4.5,1897.0,6865.0,,38.6024249,-90.2463647,https://www.redfin.com/MO/Saint-Louis/3801-Hartford-St-63116/home/93728270
1000 Russell,Saint Louis,63104.0,Single Family Residential,September-1-2021,575000,3300.0,False,174.24242424242425,4.0,4.5,1885.0,4051.0,,38.6067266,-90.2067801,https://www.redfin.com/MO/Saint-Louis/1000-Russell-Blvd-63104/home/93686257
4552 Westminster Pl,Saint Louis,63108.0,Single Family Residential,March-7-2022,699000,3884.0,False,179.96910401647787,5.0,4.5,1891.0,7579.0,,38.6478112,-90.2574848,https://www.redfin.com/MO/Saint-Louis/4552-Westminster-Pl-63108/home/93739869
11 Lenox Pl,Saint Louis,63108.0,Single Family Residential,August-26-2021,979000,5841.0,False,167.60828625235405,5.0,4.5,1903.0,7736.0,,38.6469724,-90.2594057,https://www.redfin.com/MO/Saint-Louis/11-Lenox-Pl-63108/home/93754474
3 Beverly Pl,Saint Louis,63112.0,Single Family Residential,January-18-2023,225000,4251.0,False,52.928722653493296,6.0,4.5,1917.0,5828.0,,38.6537786,-90.2777868,https://www.redfin.com/MO/Saint-Louis/3-Beverly-Pl-63112/home/93753998
6966 Sutherland Ave,Saint Louis,63109.0,Single Family Residential,July-15-2021,565000,3442.0,False,164.1487507263219,6.0,4.5,2020.0,4095.0,,38.5921443,-90.3121908,https://www.redfin.com/MO/Saint-Louis/6966-Sutherland-Ave-63109/home/93774076
46 Kingsbury Pl,Saint Louis,63112.0,Single Family Residential,June-1-2023,1500000,5920.0,False,253.3783783783784,6.0,4.5,1915.0,14066.0,,38.6504986,-90.2805116,https://www.redfin.com/MO/Saint-Louis/46-Kingsbury-Pl-63112/home/62768129
5280 Westminster Pl,Saint Louis,63108.0,Single Family Residential,July-31-2023,1295000,5885.0,False,220.05097706032285,5.0,4.5,1901.0,11090.0,,38.6500897,-90.2729511,https://www.redfin.com/MO/Saint-Louis/5280-Westminster-Pl-63108/home/93745880
1833 S 8th,Saint Louis,63104.0,Single Family Residential,November-5-2025,1100000,6680.0,False,164.67065868263472,6.0,4.5,1893.0,9176.0,,38.6086012,-90.2033541,https://www.redfin.com/MO/Saint-Louis/1833-S-8th-St-63104/home/93685148
1401 Missouri Ave,Saint Louis,63104.0,Single Family Residential,November-24-2021,824000,3978.0,False,207.13926596279538,4.0,4.5,1886.0,3006.0,,38.6178186,-90.2182251,https://www.redfin.com/MO/Saint-Louis/1401-Missouri-Ave-63104/home/93700547
4350 Mcpherson Ave,Saint Louis,63108.0,Single Family Residential,February-22-2024,850000,4059.0,False,209.4111850209411,6.0,4.5,1902.0,9326.0,,38.6439689,-90.2515713,https://www.redfin.com/MO/Saint-Louis/4350-McPherson-Ave-63108/home/93725552
1424 Mississippi Ave,Saint Louis,63104.0,Single Family Residential,June-30-2023,685000,3223.0,False,212.53490536766986,4.0,4.5,1886.0,3437.0,,38.6166386,-90.213289,https://www.redfin.com/MO/Saint-Louis/1424-Mississippi-Ave-63104/home/93697505
4616 Mcpherson Ave,Saint Louis,63108.0,Single Family Residential,January-18-2022,615000,4090.0,False,150.36674816625916,4.0,4.5,1905.0,3441.0,,38.6472287,-90.2588461,https://www.redfin.com/MO/Saint-Louis/4616-McPherson-Ave-63108/home/65207091
3614 California Ave,Saint Louis,63118.0,Single Family Residential,June-8-2026,449900,2308.0,False,194.9306759098787,5.0,4.5,1892.0,6351.0,,38.5897388,-90.2306256,https://www.redfin.com/MO/Saint-Louis/3614-California-Ave-63118/home/93696248
4318 Laclede Ave,Saint Louis,63108.0,Single Family Residential,November-13-2025,650000,3048.0,False,213.25459317585302,5.0,4.5,1888.0,6211.0,,38.6380067,-90.2523677,https://www.redfin.com/MO/Saint-Louis/4318-Laclede-Ave-63108/home/93725206
3801 Utah Pl,Saint Louis,63116.0,Single Family Residential,August-12-2021,550000,2752.0,False,199.8546511627907,4.0,4.5,1909.0,6186.0,,38.597887,-90.247093,https://www.redfin.com/MO/Saint-Louis/3801-Utah-Pl-63116/home/93682376
3209 Shenandoah Ave,St. Louis,63104.0,Single Family Residential,December-31-2025,599900,3312.0,False,181.12922705314008,5.0,4.5,1899.0,6873.0,,38.6092435,-90.2343096,https://www.redfin.com/MO/St-Louis/3209-Shenandoah-Ave-63104/home/198866717
4254 Arsenal St,Saint Louis,63116.0,Single Family Residential,June-11-2026,650000,3774.0,False,172.23105458399576,4.0,4.5,1915.0,4168.0,,38.6042512,-90.2599638,https://www.redfin.com/MO/Saint-Louis/4254-Arsenal-St-63116/home/93750753
2712 S Compton Ave,Saint Louis,63118.0,Single Family Residential,June-2-2025,440000,2997.0,False,146.81348014681348,5.0,4.5,1896.0,,,38.6059116,-90.2342215,https://www.redfin.com/MO/Saint-Louis/2712-S-Compton-Ave-63118/home/93692010
5105 Cabanne Ave,Saint Louis,63113.0,Single Family Residential,February-8-2023,59900,2154.0,False,27.808727948003714,5.0,4.5,1905.0,4208.0,,38.6567262,-90.2666319,https://www.redfin.com/MO/Saint-Louis/5105-Cabanne-Ave-63113/home/93752273
2319 Whittemore Pl,Saint Louis,63104.0,Single Family Residential,March-6-2026,1000000,3814.0,False,262.19192448872576,4.0,4.5,1888.0,2683.0,,38.6160877,-90.2190927,https://www.redfin.com/MO/Saint-Louis/2319-Whittemore-Pl-63104/home/93700522
2625 Ohio Ave,Saint Louis,63118.0,Single Family Residential,April-28-2022,385000,2902.0,False,132.6671261199173,4.0,4.5,1889.0,6142.0,,38.6051325,-90.225518,https://www.redfin.com/MO/Saint-Louis/2625-Ohio-Ave-63118/home/178428436
5245 Washington Pl,Saint Louis,63108.0,Single Family Residential,October-26-2021,629000,5112.0,False,123.04381846635368,5.0,4.5,1904.0,8712.0,,38.6515419,-90.2714291,https://www.redfin.com/MO/Saint-Louis/5245-Washington-Pl-63108/home/93749456
3524 Victor St,Saint Louis,63104.0,Single Family Residential,October-16-2024,569900,4510.0,False,126.36363636363636,5.0,4.5,1904.0,5232.0,,38.608595,-90.2396655,https://www.redfin.com/MO/Saint-Louis/3524-Victor-St-63104/home/93692412
2317 Park Ave,Saint Louis,63104.0,Single Family Residential,November-17-2025,949000,4591.0,False,206.70877804399913,5.0,4.5,1885.0,13068.0,,38.6184063,-90.2185839,https://www.redfin.com/MO/Saint-Louis/2317-Park-Ave-63104/home/93701057
2147 E College Ave,St. Louis,63107.0,Single Family Residential,April-30-2025,349000,2800.0,False,124.64285714285714,5.0,4.5,1887.0,23958.0,,38.6742547,-90.2158624,https://www.redfin.com/MO/St-Louis/2147-College-Ave-63107/home/194354353
4467 Mcpherson Ave,Saint Louis,63108.0,Single Family Residential,May-18-2022,535000,3358.0,False,159.3210244192972,4.0,4.5,1909.0,7144.0,,38.64628,-90.2552965,https://www.redfin.com/MO/Saint-Louis/4467-McPherson-Ave-63108/home/93740227
30 Portland Pl,Saint Louis,63108.0,Single Family Residential,December-30-2024,1975000,6435.0,False,306.9153069153069,5.0,4.5,1897.0,18879.0,,38.6470138,-90.2696284,https://www.redfin.com/MO/Saint-Louis/30-Portland-Pl-63108/home/93745960
32 Washington Ter,Saint Louis,63112.0,Single Family Residential,May-9-2025,850000,7714.0,False,110.18926626912108,9.0,4.5,1902.0,18500.0,,38.651855,-90.2792711,https://www.redfin.com/MO/Saint-Louis/32-Washington-Ter-63112/home/93763739
2912 Iowa Ave,Saint Louis,63118.0,Single Family Residential,September-3-2021,355000,6722.0,False,52.811663195477536,3.0,4.5,1953.0,25744.0,,38.6011056,-90.2270427,https://www.redfin.com/MO/Saint-Louis/2912-Iowa-Ave-63118/home/143288513
4448 Maryland Ave,Saint Louis,63108.0,Single Family Residential,November-19-2021,579000,4036.0,False,143.45887016848366,5.0,4.5,1903.0,9322.0,,38.643222,-90.2556237,https://www.redfin.com/MO/Saint-Louis/4448-Maryland-Ave-63108/home/62754057
3536 Victor St,Saint Louis,63104.0,Single Family Residential,September-12-2024,520000,3038.0,False,171.16524028966424,4.0,4.5,1897.0,4748.0,,38.6086402,-90.2400932,https://www.redfin.com/MO/Saint-Louis/3536-Victor-St-63104/home/93692413
3859 Flora Pl,Saint Louis,63110.0,Single Family Residential,August-4-2022,900000,4700.0,False,191.48936170212767,4.0,4.5,1909.0,11456.0,,38.6131216,-90.2451612,https://www.redfin.com/MO/Saint-Louis/3859-Flora-Pl-63110/home/109920094
4312 Washington Blvd,Saint Louis,63108.0,Single Family Residential,August-1-2022,675000,4326.0,False,156.03328710124828,3.0,4.5,2011.0,12197.0,,38.6468619,-90.2492798,https://www.redfin.com/MO/Saint-Louis/4312-Washington-Blvd-63108/home/93683779
5231 Westminster Pl,Saint Louis,63108.0,Single Family Residential,June-14-2022,719900,3940.0,False,182.71573604060913,5.0,4.5,1903.0,7144.0,,38.6504467,-90.2711869,https://www.redfin.com/MO/Saint-Louis/5231-Westminster-Pl-63108/home/62725318
5901 Highfield Rd,Saint Louis,63109.0,Single Family Residential,September-19-2025,639900,4238.0,False,150.99103350637094,3.0,4.5,1949.0,15071.0,,38.5792123,-90.3021037,https://www.redfin.com/MO/Saint-Louis/5901-Highfield-Rd-63109/home/93782887
3634 Flad Ave,Saint Louis,63110.0,Single Family Residential,November-25-2025,675000,3353.0,False,201.31225767968982,3.0,4.5,1894.0,6150.0,,38.6112932,-90.2418922,https://www.redfin.com/MO/Saint-Louis/3634-Flad-Ave-63110/home/93700189
4167 Enright Ave,Saint Louis,63108.0,Single Family Residential,September-20-2024,289000,3080.0,False,93.83116883116882,5.0,4.5,1893.0,5894.0,,38.6475013,-90.2437585,https://www.redfin.com/MO/Saint-Louis/4167-Enright-Ave-63108/home/93745176
2118 Lafayette Ave,Saint Louis,63104.0,Single Family Residential,June-23-2023,749900,4542.0,False,165.10347864376928,4.0,4.5,1870.0,5959.0,,38.6140427,-90.2173769,https://www.redfin.com/MO/Saint-Louis/2118-Lafayette-Ave-63104/home/62739077
4550 Pershing Pl,Saint Louis,63108.0,Single Family Residential,June-26-2026,1350000,4740.0,False,284.8101265822785,5.0,4.5,1900.0,12148.0,,38.6453149,-90.258918,https://www.redfin.com/MO/Saint-Louis/4550-Pershing-Pl-63108/home/93724616
2656 January Ave,Saint Louis,63139.0,Single Family Residential,November-27-2024,569900,2880.0,False,197.88194444444446,4.0,4.5,2009.0,3202.0,,38.610165,-90.2833439,https://www.redfin.com/MO/Saint-Louis/2656-January-Ave-63139/home/84307902
3846 Flad Ave,Saint Louis,63110.0,Single Family Residential,October-9-2025,735000,3760.0,False,195.4787234042553,4.0,4.5,1909.0,6150.0,,38.6115551,-90.2450336,https://www.redfin.com/MO/Saint-Louis/3846-Flad-Ave-63110/home/93700319
4137 Mcdonald Ave,Saint Louis,63116.0,Single Family Residential,May-15-2024,475000,3069.0,False,154.77354187031605,4.0,4.5,1947.0,12959.0,,38.5978281,-90.2573505,https://www.redfin.com/MO/Saint-Louis/4137-McDonald-Ave-63116/home/93728835
4101 West Pine Blvd Unit 1 - Benton,St. Louis,63108.0,Single Family Residential,November-21-2022,850000,2635.0,False,322.5806451612903,3.0,4.5,1921.0,,,38.638865,-90.246407,https://www.redfin.com/MO/St-Louis/4101-W-Pine-Blvd-63108/unit-1-Benton/home/167145579
215 N Sarah St Unit 10 - Monet,St. Louis,63108.0,Single Family Residential,April-7-2023,875000,3452.0,False,253.47624565469295,3.0,4.5,1921.0,,,38.6391045,-90.2463703,https://www.redfin.com/MO/St-Louis/215-N-Sarah-St-63108/unit-10-Monet/home/184905662
53 Westmoreland Pl,Saint Louis,63108.0,Single Family Residential,November-2-2021,1150000,6252.0,False,183.94113883557262,5.0,4.5,1908.0,16814.0,,38.6467741,-90.2740563,https://www.redfin.com/MO/Saint-Louis/53-Westmoreland-Pl-63108/home/93745453
2404 S 11th St,Saint Louis,63104.0,Single Family Residential,November-9-2023,492500,2811.0,False,175.2045535396656,3.0,4.0,1891.0,3010.0,,38.6034499,-90.2102614,https://www.redfin.com/MO/Saint-Louis/2404-S-11th-St-63104/home/93686741
1027 Lami,St. Louis,63104.0,Single Family Residential,April-6-2026,500000,2920.0,False,171.23287671232876,4.0,4.0,2025.0,3484.0,,38.6044751,-90.2086977,https://www.redfin.com/MO/St-Louis/1027-Lami-St-63104/home/195978952
5847 Holly Hills Ave,Saint Louis,63109.0,Single Family Residential,July-6-2023,675000,3100.0,False,217.74193548387098,5.0,4.0,1952.0,10036.0,,38.578504,-90.29622,https://www.redfin.com/MO/Saint-Louis/5847-Holly-Hills-Ave-63109/home/93777677
1010 Russell Blvd,Saint Louis,63104.0,Single Family Residential,December-29-2023,549000,3253.0,False,168.76729173071013,4.0,4.0,1885.0,4661.0,,38.606842,-90.2071118,https://www.redfin.com/MO/Saint-Louis/1010-Russell-Blvd-63104/home/93686253
2819 Lafayette Ave,Saint Louis,63104.0,Single Family Residential,November-17-2023,320000,3771.0,False,84.85812781755503,7.0,4.0,1893.0,5314.0,,38.6156874,-90.2263409,https://www.redfin.com/MO/Saint-Louis/2819-Lafayette-Ave-63104/home/93700511
4050 Shreve Ave,Saint Louis,63115.0,Single Family Residential,April-18-2025,135000,3638.0,False,37.108301264431006,0.0,4.0,1924.0,5401.0,,38.677347,-90.242827,https://www.redfin.com/MO/Saint-Louis/4050-Shreve-Ave-63115/home/93733577
4009 Burgen Ave,Saint Louis,63116.0,Single Family Residential,November-7-2025,315000,2065.0,False,152.54237288135593,3.0,4.0,1926.0,5105.0,,38.5724446,-90.2639592,https://www.redfin.com/MO/Saint-Louis/4009-Burgen-Ave-63116/home/93771883
5307 Shaw Ave,Saint Louis,63110.0,Single Family Residential,February-17-2022,470000,2326.0,False,202.06362854686157,3.0,4.0,1906.0,4661.0,,38.6183755,-90.2749034,https://www.redfin.com/MO/Saint-Louis/5307-Shaw-Ave-63110/home/93726501
4365 Forest Park Ave,Saint Louis,63108.0,Single Family Residential,August-29-2025,850000,4522.0,False,187.9699248120301,5.0,4.0,1893.0,9735.0,,38.6376941,-90.2541295,https://www.redfin.com/MO/Saint-Louis/4365-Forest-Park-Ave-63108/home/62735044
1008-1010 Allen Ave,Saint Louis,63104.0,Single Family Residential,November-26-2025,649900,4202.0,False,154.66444550214183,6.0,4.0,1892.0,7361.0,,38.6077519,-90.2066069,https://www.redfin.com/MO/Saint-Louis/1010-Allen-Ave-63104/home/169424102
3137 Parc Ridge Ln,Saint Louis,63139.0,Single Family Residential,November-10-2025,660000,4926.0,False,133.98294762484775,6.0,4.0,2007.0,4321.0,,38.6053341,-90.2847496,https://www.redfin.com/MO/Saint-Louis/3137-Parc-Ridge-Ln-63139/home/93674343
2848 Mcnair Ave,Saint Louis,63118.0,Single Family Residential,May-28-2026,500000,3130.0,False,159.7444089456869,4.0,4.0,1893.0,3550.0,,38.6007387,-90.220218,https://www.redfin.com/MO/Saint-Louis/2848-McNair-Ave-63118/home/93691569
3507 Mckean Ave,Saint Louis,63118.0,Single Family Residential,September-23-2022,400000,2772.0,False,144.3001443001443,5.0,4.0,1906.0,4095.0,,38.5964509,-90.2415156,https://www.redfin.com/MO/Saint-Louis/3507-McKean-Ave-63118/home/93693020
5099 Waterman Blvd,Saint Louis,63108.0,Single Family Residential,March-17-2026,499900,3364.0,False,148.602853745541,6.0,4.0,1908.0,9252.0,,38.6488478,-90.2676157,https://www.redfin.com/MO/Saint-Louis/5099-Waterman-Blvd-63108/home/93745954
8 Lewis Pl,Saint Louis,63113.0,Single Family Residential,March-7-2025,175000,4500.0,False,38.888888888888886,6.0,4.0,1896.0,10454.0,,38.6537586,-90.251828,https://www.redfin.com/MO/Saint-Louis/8-Lewis-Pl-63113/home/62716012
2342 Albion Pl,Saint Louis,63104.0,Single Family Residential,May-27-2022,650000,3045.0,False,213.4646962233169,4.0,4.0,1891.0,5097.0,,38.616743,-90.2199413,https://www.redfin.com/MO/Saint-Louis/2342-Albion-Pl-63104/home/70078076
1723 Waverly Pl,Saint Louis,63104.0,Single Family Residential,February-12-2026,745000,5733.0,False,129.9494156637014,6.0,4.0,1884.0,10049.0,,38.6135268,-90.2171112,https://www.redfin.com/MO/Saint-Louis/1723-Waverly-Pl-63104/home/93690358
2613 S 11th St,Saint Louis,63118.0,Single Family Residential,June-26-2026,459900,3112.0,False,147.7827763496144,3.0,4.0,1883.0,4260.0,,38.6014517,-90.2115458,https://www.redfin.com/MO/Saint-Louis/2613-S-11th-St-63118/home/93686370
2714 S Jefferson Ave,Saint Louis,63118.0,Single Family Residential,January-20-2022,699000,5040.0,False,138.6904761904762,7.0,4.0,1890.0,17293.0,,38.6036525,-90.2229914,https://www.redfin.com/MO/Saint-Louis/2714-S-Jefferson-Ave-63118/home/93697448
5156 Maple Ave,Saint Louis,63113.0,Single Family Residential,August-20-2025,250000,2288.0,False,109.26573426573427,5.0,4.0,1904.0,4795.0,,38.6592523,-90.2679645,https://www.redfin.com/MO/Saint-Louis/5156-Maple-Ave-63113/home/93752434
210 Woodbourne,Saint Louis,63105.0,Single Family Residential,January-11-2022,749900,3569.0,False,210.11487811711964,4.0,4.0,1941.0,20473.0,,38.6433148,-90.3032549,https://www.redfin.com/MO/Saint-Louis/210-Woodbourne-Dr-63105/home/93771918
6025 Lindell Blvd,Saint Louis,63112.0,Single Family Residential,July-8-2022,925000,3678.0,False,251.49537792278412,6.0,4.0,1965.0,52999.0,,38.647563,-90.295524,https://www.redfin.com/MO/Saint-Louis/6025-Lindell-Blvd-63112/home/93763504
3501 Victor St,Saint Louis,63104.0,Single Family Residential,January-26-2024,619000,4942.0,False,125.25293403480373,5.0,4.0,1902.0,5737.0,,38.6089466,-90.2388283,https://www.redfin.com/MO/Saint-Louis/3501-Victor-St-63104/home/62702344
3904 Botanical Ave,Saint Louis,63110.0,Single Family Residential,April-24-2026,675000,2672.0,False,252.61976047904193,4.0,4.0,1902.0,3654.0,,38.6090864,-90.246525,https://www.redfin.com/MO/Saint-Louis/3904-Botanical-Ave-63110/home/62693530
3802 Olive St,Saint Louis,63108.0,Single Family Residential,February-16-2024,925000,3510.0,False,263.5327635327635,4.0,4.0,1921.0,2522.0,,38.6402372,-90.2376803,https://www.redfin.com/MO/Saint-Louis/3802-Olive-St-63108/unit-12/home/176875148
8460 Lowell St,Saint Louis,63147.0,Single Family Residential,July-17-2024,150000,1772.0,False,84.65011286681715,4.0,4.0,1927.0,3899.0,,38.7175414,-90.2278014,https://www.redfin.com/MO/Saint-Louis/8460-Lowell-St-63147/home/93776011
5335 Botanical Ave,Saint Louis,63110.0,Single Family Residential,March-25-2025,649000,3050.0,False,212.78688524590163,4.0,4.0,1932.0,8873.0,,38.6126815,-90.2771143,https://www.redfin.com/MO/Saint-Louis/5335-Botanical-Ave-63110/home/93768175
6141 Mcpherson Ave,Saint Louis,63112.0,Single Family Residential,June-30-2022,595000,3102.0,False,191.81173436492585,6.0,4.0,1908.0,8843.0,,38.6518548,-90.2981341,https://www.redfin.com/MO/Saint-Louis/6141-McPherson-Ave-63112/home/93760398
2703 Keokuk St,Saint Louis,63118.0,Single Family Residential,December-5-2024,295000,2992.0,False,98.59625668449198,12.0,4.0,1912.0,5179.0,,38.5848638,-90.2297353,https://www.redfin.com/MO/Saint-Louis/2703-Keokuk-St-63118/home/93696285
2704 Utah,Saint Louis,63118.0,Single Family Residential,October-13-2021,245000,2262.0,False,108.31122900088417,4.0,4.0,1885.0,3311.0,,38.5952267,-90.2276488,https://www.redfin.com/MO/Saint-Louis/2704-Utah-St-63118/home/93693846
3448 Longfellow Blvd,Saint Louis,63104.0,Single Family Residential,July-14-2022,1199000,5566.0,False,215.41501976284584,5.0,4.0,1914.0,16466.0,,38.6113651,-90.2374754,https://www.redfin.com/MO/Saint-Louis/3448-Longfellow-Blvd-63104/home/93748649
4668 Pershing,Saint Louis,63108.0,Single Family Residential,January-26-2022,499000,4009.0,False,124.46994262908456,4.0,4.0,1912.0,9191.0,,38.6458091,-90.2611535,https://www.redfin.com/MO/Saint-Louis/4668-Pershing-Pl-63108/home/93724629
1216 S Boyle Ave,Saint Louis,63110.0,Single Family Residential,August-16-2021,155000,2088.0,False,74.23371647509579,3.0,4.0,1893.0,3659.0,,38.6259425,-90.2535939,https://www.redfin.com/MO/Saint-Louis/1216-S-Boyle-Ave-63110/home/93726645
3809 Cleveland Ave,Saint Louis,63110.0,Single Family Residential,August-26-2025,675000,3442.0,False,196.10691458454386,5.0,4.0,1895.0,7135.0,,38.6109581,-90.2437256,https://www.redfin.com/MO/Saint-Louis/3809-Cleveland-Ave-63110/home/93700310
22 Benton Pl,Saint Louis,63104.0,Single Family Residential,September-23-2024,855000,4471.0,False,191.23238649071797,5.0,4.0,1885.0,5732.0,,38.6188426,-90.2147566,https://www.redfin.com/MO/Saint-Louis/22-Benton-Pl-63104/home/93701242
3670 Flora Pl,Saint Louis,63110.0,Single Family Residential,April-7-2023,849000,4406.0,False,192.6917839310032,6.0,4.0,1907.0,6151.0,,38.6122819,-90.2429526,https://www.redfin.com/MO/Saint-Louis/3670-Flora-Pl-63110/home/93700277
4416 Westminster Pl,Saint Louis,63108.0,Single Family Residential,August-26-2022,1399900,6678.0,False,209.62863132674454,6.0,4.0,1894.0,8176.0,,38.6460483,-90.2534483,https://www.redfin.com/MO/Saint-Louis/4416-Westminster-Pl-63108/home/93740238
919 S Skinker Blvd S,Saint Louis,63105.0,Single Family Residential,June-15-2022,799900,4000.0,False,199.975,4.0,4.0,1920.0,16161.0,,38.634808,-90.3043814,https://www.redfin.com/MO/Saint-Louis/919-S-Skinker-Blvd-63105/home/93787385
4660 Pershing Pl,Saint Louis,63108.0,Single Family Residential,October-14-2025,775000,3690.0,False,210.02710027100272,5.0,4.0,1902.0,8010.0,,38.6457629,-90.2608562,https://www.redfin.com/MO/Saint-Louis/4660-Pershing-Pl-63108/home/62716690
3217 Lafayette Ave,Saint Louis,63104.0,Single Family Residential,August-19-2021,390000,4060.0,False,96.05911330049261,3.0,4.0,1900.0,,,38.6164961,-90.2329991,https://www.redfin.com/MO/Saint-Louis/3217-Lafayette-Ave-63104/unit-3217/home/62745668
3530 Magnolia Ave,Saint Louis,63118.0,Single Family Residential,July-29-2024,575000,3304.0,False,174.0314769975787,5.0,4.0,1906.0,4870.0,,38.6059275,-90.2404742,https://www.redfin.com/MO/Saint-Louis/3530-Magnolia-Ave-63118/home/93692362
4101 West Pine Blvd Unit 3 - Picasso,St. Louis,63108.0,Single Family Residential,January-26-2023,1045500,3280.0,False,318.75,3.0,4.0,1921.0,,,38.638865,-90.246407,https://www.redfin.com/MO/St-Louis/4101-W-Pine-Blvd-63108/unit-3-Picasso/home/167145581
3306 S 9th St,Saint Louis,63118.0,Single Family Residential,February-9-2024,625000,3704.0,False,168.7365010799136,4.0,4.0,1892.0,5358.0,,38.5935935,-90.2142998,https://www.redfin.com/MO/Saint-Louis/3306-S-9th-St-63118/home/109007348
4925 Pershing Pl,Saint Louis,63108.0,Single Family Residential,October-24-2024,1250000,5652.0,False,221.16065109695683,6.0,4.0,1902.0,10990.0,,38.6466055,-90.2621612,https://www.redfin.com/MO/Saint-Louis/4925-Pershing-Pl-63108/home/93724384
805 Allen Ave,Saint Louis,63104.0,Single Family Residential,August-11-2025,614900,3170.0,False,193.97476340694007,3.0,4.0,1885.0,3498.0,,38.6073723,-90.2039597,https://www.redfin.com/MO/Saint-Louis/805-Allen-Ave-63104/home/93685716
2336 Macklind Ave,Saint Louis,63110.0,Single Family Residential,July-13-2022,549000,2176.0,False,252.29779411764707,4.0,4.0,1989.0,6882.0,,38.6126424,-90.2777465,https://www.redfin.com/MO/Saint-Louis/2336-Macklind-Ave-63110/home/93768176
2910 Milton Blvd,Saint Louis,63104.0,Single Family Residential,May-21-2024,787000,3026.0,False,260.079312623926,4.0,4.0,1910.0,8590.0,,38.6091591,-90.2296144,https://www.redfin.com/MO/Saint-Louis/2910-Milton-Blvd-63104/home/93691197
4246 Cleveland Ave,Saint Louis,63110.0,Single Family Residential,January-22-2025,425000,2588.0,False,164.2194744976816,3.0,4.0,1897.0,3938.0,,38.6117125,-90.2561148,https://www.redfin.com/MO/Saint-Louis/4246-Cleveland-Ave-63110/home/93746803
4136 W Pine Blvd,Saint Louis,63108.0,Single Family Residential,March-29-2023,625000,3196.0,False,195.5569461827284,5.0,4.0,1903.0,4661.0,,38.6385387,-90.2477038,https://www.redfin.com/MO/Saint-Louis/4136-W-Pine-Blvd-63108/home/93725498
2012 Saint Louis Ave,Saint Louis,63106.0,Single Family Residential,May-11-2026,122000,4270.0,False,28.571428571428573,0.0,2.0,1888.0,8158.0,,38.6511004,-90.2035028,https://www.redfin.com/MO/Saint-Louis/2012-Saint-Louis-Ave-63106/home/93688191
4349 Washington Blvd,Saint Louis,63108.0,Single Family Residential,June-27-2023,640000,3976.0,False,160.96579476861166,4.0,4.0,2008.0,5641.0,,38.6477854,-90.2499307,https://www.redfin.com/MO/Saint-Louis/4349-Washington-Blvd-63108/home/103203274
6317 Mardel Ave,Saint Louis,63109.0,Single Family Residential,July-22-2022,415000,1929.0,False,215.137376879212,3.0,4.0,1939.0,4095.0,,38.5956632,-90.2972504,https://www.redfin.com/MO/Saint-Louis/6317-Mardel-Ave-63109/home/62721277
4363 Mcpherson Ave,Saint Louis,63108.0,Single Family Residential,April-14-2022,405000,5325.0,False,76.05633802816901,5.0,4.0,1901.0,7187.0,,38.6446031,-90.2515368,https://www.redfin.com/MO/Saint-Louis/4363-McPherson-Ave-63108/home/93740332
1 Lenox Pl,Saint Louis,63108.0,Single Family Residential,March-4-2022,1025000,5410.0,False,189.46395563770795,6.0,4.0,1903.0,14810.0,,38.6467353,-90.2587475,https://www.redfin.com/MO/Saint-Louis/1-Lenox-Pl-63108/home/93754478
1202 Sidney St,Saint Louis,63104.0,Single Family Residential,June-9-2022,295000,1748.0,False,168.76430205949657,3.0,4.0,1901.0,1786.0,,38.6019927,-90.2124931,https://www.redfin.com/MO/Saint-Louis/1202-Sidney-St-63104/home/62757286
3235 S Jefferson Ave,Saint Louis,63118.0,Single Family Residential,November-20-2025,449000,3753.0,False,119.63762323474553,5.0,4.0,1903.0,2922.0,,38.5958688,-90.2252906,https://www.redfin.com/MO/Saint-Louis/3235-S-Jefferson-Ave-63118/home/93694229
6142 Kingsbury Ave,Saint Louis,63112.0,Single Family Residential,May-2-2025,869000,4136.0,False,210.10638297872342,7.0,4.0,1908.0,5850.0,,38.6523517,-90.29805,https://www.redfin.com/MO/Saint-Louis/6142-Kingsbury-Ave-63112/home/93760370
6151 Westminster Pl,Saint Louis,63112.0,Single Family Residential,July-8-2025,640000,3227.0,False,198.32661915091415,5.0,4.0,1907.0,4373.0,,38.6537145,-90.2981909,https://www.redfin.com/MO/Saint-Louis/6151-Westminster-Pl-63112/home/93760453
1727 Lafayette Ave,Saint Louis,63104.0,Single Family Residential,August-15-2025,450000,2720.0,False,165.44117647058823,4.0,4.0,1902.0,1407.0,,38.6138738,-90.211637,https://www.redfin.com/MO/Saint-Louis/1727-Lafayette-Ave-63104/home/161387920
4013 Castleman Ave,Saint Louis,63110.0,Single Family Residential,May-20-2022,365000,2458.0,False,148.49471114727422,4.0,4.0,1892.0,5576.0,,38.6152768,-90.2486431,https://www.redfin.com/MO/Saint-Louis/4013-Castleman-Ave-63110/home/93747130
3830 Olive St,Saint Louis,63108.0,Single Family Residential,April-12-2024,700000,2920.0,False,239.72602739726028,3.0,4.0,1921.0,2866.0,,38.6404951,-90.2383792,https://www.redfin.com/MO/Saint-Louis/3830-Olive-St-63108/home/176875144
3407 Hartford St,Saint Louis,63118.0,Single Family Residential,June-1-2022,520000,2986.0,False,174.146014735432,4.0,4.0,1908.0,3790.0,,38.6015064,-90.2381959,https://www.redfin.com/MO/Saint-Louis/3407-Hartford-St-63118/home/93692818
3500 Humphrey St,Saint Louis,63118.0,Single Family Residential,July-7-2023,524900,3116.0,False,168.45314505776636,4.0,4.0,1906.0,4421.0,,38.5977951,-90.2410975,https://www.redfin.com/MO/Saint-Louis/3500-Humphrey-St-63118/home/93693329
3500 Halliday,Saint Louis,63118.0,Single Family Residential,July-25-2022,575000,2050.0,False,280.4878048780488,5.0,4.0,1902.0,,,38.6048729,-90.2396472,https://www.redfin.com/MO/Saint-Louis/3500-Halliday-Ave-63118/home/93692424
6364 Murdoch Ave,Saint Louis,63109.0,Single Family Residential,November-16-2021,584900,2460.0,False,237.7642276422764,4.0,4.0,1947.0,5576.0,,38.5882516,-90.2998601,https://www.redfin.com/MO/Saint-Louis/6364-Murdoch-Ave-63109/home/93780200
121 W Steins St,Saint Louis,63111.0,Single Family Residential,February-15-2023,299900,1957.0,False,153.24476239141543,4.0,4.0,1892.0,9039.0,,38.5479412,-90.2585075,https://www.redfin.com/MO/Saint-Louis/121-W-Steins-St-63111/home/103203734
6377 Murdoch Ave,Saint Louis,63109.0,Single Family Residential,April-11-2023,499900,2490.0,False,200.76305220883535,3.0,4.0,1952.0,4748.0,,38.5887445,-90.3001711,https://www.redfin.com/MO/Saint-Louis/6377-Murdoch-Ave-63109/home/93780202
3145 Hawthorne Blvd,Saint Louis,63104.0,Single Family Residential,November-13-2024,525000,5110.0,False,102.73972602739725,6.0,4.0,1911.0,16453.0,,38.6102156,-90.2330775,https://www.redfin.com/MO/Saint-Louis/3145-Hawthorne-Blvd-63104/home/93691043
14 Aberdeen Pl,Saint Louis,63105.0,Single Family Residential,,940000,2738.0,False,343.3162892622352,3.0,4.0,1919.0,10400.0,,38.6404226,-90.3046082,https://www.redfin.com/MO/Saint-Louis/14-Aberdeen-Pl-63105/home/93766508
3854 Shenandoah Ave,Saint Louis,63110.0,Single Family Residential,May-25-2022,625000,3100.0,False,201.61290322580646,4.0,4.0,1902.0,3703.0,,38.6098563,-90.2455647,https://www.redfin.com/MO/Saint-Louis/3854-Shenandoah-Ave-63110/home/143286604
6 Arundel Pl,Saint Louis,63105.0,Single Family Residential,April-18-2024,950000,3685.0,False,257.8018995929444,4.0,4.0,1919.0,8268.0,,38.6392756,-90.3040267,https://www.redfin.com/MO/Saint-Louis/6-Arundel-Pl-63105/home/93769341
4270 Delmar,Saint Louis,63108.0,Single Family Residential,August-25-2021,449000,5687.0,False,78.95199577984877,5.0,4.0,1893.0,,,38.6474994,-90.2479092,https://www.redfin.com/MO/Saint-Louis/4270-Delmar-Blvd-63108/home/103203752
1224 S 9th,Saint Louis,63104.0,Single Family Residential,June-27-2022,550000,3256.0,False,168.9189189189189,5.0,4.0,1883.0,,,38.6150819,-90.1986839,https://www.redfin.com/MO/Saint-Louis/1224-S-9th-St-63104/home/93685451
2115 Arsenal St,Saint Louis,63118.0,Single Family Residential,November-12-2025,550000,3014.0,False,182.4817518248175,4.0,4.0,1890.0,6050.0,,38.5984009,-90.2215777,https://www.redfin.com/MO/Saint-Louis/2115-Arsenal-St-63118/home/93699049
3125 Russell Blvd,Saint Louis,63104.0,Single Family Residential,February-9-2026,1195000,5720.0,False,208.91608391608392,7.0,4.0,1908.0,10798.0,,38.6126564,-90.2315327,https://www.redfin.com/MO/Saint-Louis/3125-Russell-Blvd-63104/home/93690016
3710 Utah Pl,Saint Louis,63116.0,Single Family Residential,May-21-2025,835000,3870.0,False,215.76227390180878,5.0,4.0,1911.0,8999.0,,38.597066,-90.245947,https://www.redfin.com/MO/Saint-Louis/3710-Utah-Pl-63116/home/93699899
2326 Albion Pl,Saint Louis,63104.0,Single Family Residential,September-8-2025,735000,3093.0,False,237.6333656644035,4.0,4.0,1921.0,3960.0,,38.6166543,-90.2192949,https://www.redfin.com/MO/Saint-Louis/2326-Albion-Pl-63104/home/70101019
5492 Pernod Ave,Saint Louis,63139.0,Single Family Residential,October-27-2023,255000,2920.0,False,87.32876712328768,4.0,4.0,1932.0,5184.0,,38.5957249,-90.2851576,https://www.redfin.com/MO/Saint-Louis/5492-Pernod-Ave-63139/home/80168569
4617 Westminster Pl,Saint Louis,63108.0,Single Family Residential,May-22-2025,489000,4162.0,False,117.49159058145122,6.0,4.0,1894.0,5319.0,,38.6484899,-90.2577775,https://www.redfin.com/MO/Saint-Louis/4617-Westminster-Pl-63108/home/93739880
6154 Kingsbury Ave,Saint Louis,63112.0,Single Family Residential,September-5-2025,649000,3403.0,False,190.71407581545694,6.0,4.0,1907.0,4809.0,,38.652393,-90.2984829,https://www.redfin.com/MO/Saint-Louis/6154-Kingsbury-Ave-63112/home/66186996
5715 Walsh St,Saint Louis,63109.0,Single Family Residential,November-15-2023,410000,2952.0,False,138.88888888888889,4.0,4.0,1935.0,4095.0,,38.5833955,-90.2914866,https://www.redfin.com/MO/Saint-Louis/5715-Walsh-St-63109/home/93768210
2628 Lafayette Ave,Saint Louis,63104.0,Single Family Residential,September-29-2023,410000,3800.0,False,107.89473684210526,3.0,4.0,1875.0,2688.0,,38.6145122,-90.2223089,https://www.redfin.com/MO/Saint-Louis/2628-Lafayette-Ave-63104/home/109314191
2037 Geyer Ave,Saint Louis,63104.0,Single Family Residential,June-25-2024,699990,7659.0,False,91.39443791617704,6.0,4.0,1885.0,14719.0,,38.6118347,-90.2159619,https://www.redfin.com/MO/Saint-Louis/2037-Geyer-Ave-63104/home/93690315
4101 W Pine Blvd #5,Saint Louis,63108.0,Single Family Residential,March-21-2024,1255000,3371.0,False,372.29308810442006,4.0,4.0,1921.0,,,38.6390223,-90.2462712,https://www.redfin.com/MO/Saint-Louis/4101-W-Pine-Blvd-63108/unit-5/home/188992885
5072 Cates Ave,Saint Louis,63108.0,Single Family Residential,May-13-2022,100000,2100.0,False,47.61904761904762,5.0,4.0,1897.0,5314.0,,38.6551587,-90.2656752,https://www.redfin.com/MO/Saint-Louis/5072-Cates-Ave-63108/home/85688089
3451 Halliday Ave,Saint Louis,63118.0,Single Family Residential,June-22-2026,675000,4769.0,False,141.53910673097084,5.0,4.0,1899.0,6298.0,,38.6052388,-90.2389492,https://www.redfin.com/MO/Saint-Louis/3451-Halliday-Ave-63118/home/93692530
3656 Russell Unit B,Saint Louis,63110.0,Single Family Residential,February-17-2022,294900,2983.0,False,98.86020784445189,4.0,4.0,1899.0,,,38.6134079,-90.2422581,https://www.redfin.com/MO/Saint-Louis/3656-Russell-Blvd-63110/unit-B/home/93680520
1 Arundel Pl,Saint Louis,63105.0,Single Family Residential,October-14-2022,1000000,3293.0,False,303.67446097783176,4.0,4.0,1922.0,17398.0,,38.6397347,-90.303504,https://www.redfin.com/MO/Saint-Louis/1-Arundel-Pl-63105/home/93766512
5893 Nina Pl,Saint Louis,63112.0,Single Family Residential,August-25-2022,349900,2400.0,False,145.79166666666666,4.0,4.0,2000.0,3624.0,,38.651699,-90.2922186,https://www.redfin.com/MO/Saint-Louis/5893-Nina-Pl-63112/home/62721241
4352 Westminster Pl,Saint Louis,63108.0,Single Family Residential,May-24-2024,710000,4895.0,False,145.04596527068438,5.0,4.0,1894.0,11060.0,,38.64495,-90.2509327,https://www.redfin.com/MO/Saint-Louis/4352-Westminster-Pl-63108/home/93740318
3522 Crittenden St,Saint Louis,63118.0,Single Family Residential,October-25-2024,350000,3168.0,False,110.47979797979798,5.0,4.0,1907.0,13220.0,,38.6032007,-90.2407306,https://www.redfin.com/MO/Saint-Louis/3522-Crittenden-St-63118/home/93692725
1317 Shenandoah Ave,Saint Louis,63104.0,Single Family Residential,November-10-2025,399995,2922.0,False,136.8908281998631,4.0,4.0,1892.0,3711.0,,38.6065338,-90.2123975,https://www.redfin.com/MO/Saint-Louis/1317-Shenandoah-Ave-63104/home/93686294
4263 Maryland Ave,Saint Louis,63108.0,Single Family Residential,April-18-2022,599900,3231.0,False,185.67007118539152,4.0,4.0,1902.0,2439.0,,38.6422107,-90.2499947,https://www.redfin.com/MO/Saint-Louis/4263-Maryland-Ave-63108/home/109925963
6075 W Cabanne Pl,Saint Louis,63112.0,Single Family Residential,June-29-2023,129900,2604.0,False,49.884792626728114,5.0,4.0,1903.0,8285.0,,38.6600559,-90.2950403,https://www.redfin.com/MO/Saint-Louis/6075-W-Cabanne-Pl-63112/home/93746082
2224 S 11th St,Saint Louis,63104.0,Single Family Residential,April-13-2023,429000,3670.0,False,116.89373297002724,4.0,4.0,1885.0,4613.0,,38.6057248,-90.209229,https://www.redfin.com/MO/Saint-Louis/2224-S-11th-St-63104/home/93686396
2819 S Kingshighway Blvd,Saint Louis,63139.0,Single Family Residential,January-29-2025,500000,3464.0,False,144.3418013856813,4.0,4.0,1897.0,4112.0,,38.6068886,-90.2692624,https://www.redfin.com/MO/Saint-Louis/2819-S-Kingshighway-Blvd-63139/home/93727935
7406 Virginia Ave,Saint Louis,63111.0,Single Family Residential,March-24-2023,75000,1758.0,False,42.66211604095563,3.0,4.0,1896.0,3136.0,,38.5511007,-90.2601789,https://www.redfin.com/MO/Saint-Louis/7406-Virginia-Ave-63111/home/93710763
5112 Cabanne Ave,Saint Louis,63113.0,Single Family Residential,June-14-2024,345000,3551.0,False,97.15573078006196,5.0,4.0,1894.0,5624.0,,38.656357,-90.2669756,https://www.redfin.com/MO/Saint-Louis/5112-Cabanne-Ave-63113/home/93744797
6240 Mcpherson Ave,Saint Louis,63130.0,Single Family Residential,September-30-2021,899900,5127.0,False,175.52174761068852,6.0,4.0,1908.0,14505.0,,38.6519614,-90.3018363,https://www.redfin.com/MO/Saint-Louis/6240-McPherson-Ave-63130/home/93760188
5872 Cabanne Ave,Saint Louis,63112.0,Single Family Residential,February-13-2026,139900,3300.0,False,42.39393939393939,5.0,4.0,1905.0,10751.0,,38.6588071,-90.2887558,https://www.redfin.com/MO/Saint-Louis/5872-Cabanne-Ave-63112/home/93723926
6202 Westminster Pl,Saint Louis,63130.0,Single Family Residential,July-19-2024,650000,5500.0,False,118.18181818181819,6.0,4.0,1912.0,18252.0,,38.6531674,-90.3004069,https://www.redfin.com/MO/Saint-Louis/6202-Westminster-Pl-63130/home/93760179
4483 Laclede Ave,Saint Louis,63108.0,Single Family Residential,February-22-2023,725000,4331.0,False,167.39782960055413,4.0,4.0,1892.0,8655.0,,38.6398001,-90.257999,https://www.redfin.com/MO/Saint-Louis/4483-Laclede-Ave-63108/home/93725038
2918 Accomac St,Saint Louis,63104.0,Single Family Residential,September-12-2022,625000,3176.0,False,196.7884130982368,4.0,4.0,1908.0,8734.0,,38.61016,-90.2297888,https://www.redfin.com/MO/Saint-Louis/2918-Accomac-St-63104/home/93691012
4469 Westminster Pl,Saint Louis,63108.0,Single Family Residential,July-29-2022,1499000,4973.0,False,301.42770963201286,5.0,4.0,2020.0,9365.0,,38.6471421,-90.2546553,https://www.redfin.com/MO/Saint-Louis/4469-Westminster-Pl-63108/home/62742627
4618 Maryland Ave,Saint Louis,63108.0,Single Family Residential,January-7-2025,1285000,5433.0,False,236.5175777655071,5.0,4.0,1897.0,8821.0,,38.6441555,-90.2599321,https://www.redfin.com/MO/Saint-Louis/4618-Maryland-Ave-63108/home/93724575
4257 Mcpherson Ave,Saint Louis,63108.0,Single Family Residential,December-21-2021,534500,2696.0,False,198.2566765578635,3.0,3.5,1893.0,4269.0,,38.6435575,-90.2492341,https://www.redfin.com/MO/Saint-Louis/4257-McPherson-Ave-63108/home/93725679
4731 Westminster Pl,Saint Louis,63108.0,Single Family Residential,April-6-2026,899000,3173.0,False,283.32808068074377,5.0,3.5,2022.0,5758.0,,38.6492363,-90.2594187,https://www.redfin.com/MO/Saint-Louis/4731-Westminster-Pl-63108/home/173619560
4918 Tamm Ave,Saint Louis,63109.0,Single Family Residential,March-27-2025,1150000,3863.0,False,297.6960911208905,4.0,3.5,1921.0,6499.0,,38.586337,-90.2985873,https://www.redfin.com/MO/Saint-Louis/4918-Tamm-Ave-63109/home/93780327
6002 W Cabanne,Saint Louis,63112.0,Single Family Residential,February-7-2022,375000,4658.0,False,80.50665521683126,5.0,3.5,1909.0,10237.0,,38.6592324,-90.292511,https://www.redfin.com/MO/Saint-Louis/6002-W-Cabanne-Pl-63112/home/93739649
4222 Hartford St,Saint Louis,63116.0,Single Family Residential,September-30-2022,449900,2342.0,False,192.1007685738685,4.0,3.5,1908.0,5937.0,,38.6031973,-90.2589052,https://www.redfin.com/MO/Saint-Louis/4222-Hartford-St-63116/home/93749851
6234 Pershing Ave,Saint Louis,63130.0,Single Family Residential,June-27-2022,699000,3200.0,False,218.4375,5.0,3.5,1908.0,8233.0,,38.6498612,-90.3020006,https://www.redfin.com/MO/Saint-Louis/6234-Pershing-Ave-63130/home/93760148
6142 Westminster Pl,Saint Louis,63112.0,Single Family Residential,November-4-2025,490000,1922.0,False,254.94276795005203,5.0,3.5,1910.0,5623.0,,38.6532515,-90.2980312,https://www.redfin.com/MO/Saint-Louis/6142-Westminster-Pl-63112/home/93760333
6515 Odell St,Saint Louis,63139.0,Single Family Residential,March-15-2023,299900,2700.0,False,111.07407407407408,4.0,3.5,1907.0,5759.0,,38.6099774,-90.2987246,https://www.redfin.com/MO/Saint-Louis/6515-Odell-St-63139/home/93743834
4373 Mcpherson Ave,Saint Louis,63108.0,Single Family Residential,September-30-2021,759000,4215.0,False,180.0711743772242,4.0,3.5,1901.0,7405.0,,38.6447305,-90.25186,https://www.redfin.com/MO/Saint-Louis/4373-McPherson-Ave-63108/home/93740336
4534 Pershing Pl,Saint Louis,63108.0,Single Family Residential,March-16-2022,895000,2106.0,False,424.9762583095916,3.0,3.5,1962.0,8067.0,,38.6452049,-90.2583919,https://www.redfin.com/MO/Saint-Louis/4534-Pershing-Pl-63108/home/93724621
3407 Giles,Saint Louis,63116.0,Single Family Residential,April-6-2026,489900,2596.0,False,188.71340523882895,5.0,3.5,1924.0,,,38.5960486,-90.2462166,https://www.redfin.com/MO/Saint-Louis/3407-Giles-Ave-63116/home/93730338
5605 Chamberlain Ave,Saint Louis,63112.0,Single Family Residential,December-15-2022,289900,3850.0,False,75.2987012987013,6.0,3.5,1893.0,13120.0,,38.6617137,-90.2811971,https://www.redfin.com/MO/Saint-Louis/5605-Chamberlain-Ave-63112/home/93681462
5089 Westminster Pl,Saint Louis,63108.0,Single Family Residential,April-29-2024,790000,4282.0,False,184.49322746380196,5.0,3.5,1893.0,7431.0,,38.6499795,-90.2671047,https://www.redfin.com/MO/Saint-Louis/5089-Westminster-Pl-63108/home/93749498
6643 Villa Ave,Saint Louis,63139.0,Single Family Residential,November-21-2023,545000,2900.0,False,187.93103448275863,3.0,3.5,2021.0,4269.0,,38.625903,-90.3000456,https://www.redfin.com/MO/Saint-Louis/6643-Villa-Ave-63139/home/93750136
6424 Southland Ave,Saint Louis,63109.0,Single Family Residential,February-10-2026,349000,2977.0,False,117.23211286530064,4.0,3.5,1955.0,7200.0,,38.5743712,-90.2954303,https://www.redfin.com/MO/Saint-Louis/6424-Southland-Ave-63109/home/93774316
1835 Lafayette Ave,Saint Louis,63104.0,Single Family Residential,June-17-2024,625000,3774.0,False,165.60678325384208,4.0,3.5,1886.0,6098.0,,38.6141736,-90.213091,https://www.redfin.com/MO/Saint-Louis/1835-Lafayette-Ave-63104/home/93697465
4617 Maryland Ave,Saint Louis,63108.0,Single Family Residential,December-19-2024,799000,3885.0,False,205.66280566280565,5.0,3.5,1898.0,6861.0,,38.6446263,-90.2596859,https://www.redfin.com/MO/Saint-Louis/4617-Maryland-Ave-63108/home/93672243
2713 Utah St,Saint Louis,63118.0,Single Family Residential,June-21-2025,209900,1610.0,False,130.3726708074534,2.0,3.5,1887.0,2701.0,,38.5956015,-90.2278812,https://www.redfin.com/MO/Saint-Louis/2713-Utah-St-63118/home/93694189
3716 Arsenal St,Saint Louis,63116.0,Single Family Residential,April-26-2023,699900,3397.0,False,206.03473653223432,4.0,3.5,1910.0,3001.0,,38.6028643,-90.2452647,https://www.redfin.com/MO/Saint-Louis/3716-Arsenal-St-63116/home/93699835
6229 San Bonita Ave,Saint Louis,63105.0,Single Family Residential,October-22-2021,650000,2350.0,False,276.59574468085106,3.0,3.5,1921.0,7579.0,,38.6356485,-90.3049938,https://www.redfin.com/MO/Saint-Louis/6229-San-Bonita-Ave-63105/home/62724448
2017 Allen Ave,Saint Louis,63104.0,Single Family Residential,April-29-2025,463000,2754.0,False,168.1190994916485,3.0,3.5,1904.0,4112.0,,38.6106954,-90.2155078,https://www.redfin.com/MO/Saint-Louis/2017-Allen-Ave-63104/home/109919979
4622 Tower Grove Pl,Saint Louis,63110.0,Single Family Residential,June-21-2022,469000,1972.0,False,237.82961460446248,3.0,3.5,1913.0,8799.0,,38.6111723,-90.2663011,https://www.redfin.com/MO/Saint-Louis/4622-Tower-Grove-Pl-63110/home/62757152
2810 Park Ave,Saint Louis,63104.0,Single Family Residential,April-30-2025,399000,2750.0,False,145.0909090909091,5.0,3.5,1999.0,5314.0,,38.6187723,-90.2254343,https://www.redfin.com/MO/Saint-Louis/2810-Park-Ave-63104/home/93682320
3953 Lafayette Ave,Saint Louis,63110.0,Single Family Residential,August-19-2022,399000,3120.0,False,127.88461538461539,4.0,3.5,2005.0,7153.0,,38.6180976,-90.2468748,https://www.redfin.com/MO/Saint-Louis/3953-Lafayette-Ave-63110/home/103204037
4410 Louisiana Ave,Saint Louis,63111.0,Single Family Residential,January-5-2023,259900,2215.0,False,117.33634311512415,4.0,3.5,1904.0,4160.0,,38.5771118,-90.243853,https://www.redfin.com/MO/Saint-Louis/4410-Louisiana-Ave-63111/home/93706036
605 Fassen St,Saint Louis,63111.0,Single Family Residential,January-25-2024,60000,1684.0,False,35.62945368171022,5.0,3.5,1908.0,3141.0,,38.5664504,-90.2473872,https://www.redfin.com/MO/Saint-Louis/605-Fassen-St-63111/home/93708324
5357 Lindell Blvd,Saint Louis,63112.0,Single Family Residential,September-24-2024,900000,2915.0,False,308.74785591766727,4.0,3.5,1978.0,40337.0,,38.6457396,-90.2771619,https://www.redfin.com/MO/Saint-Louis/5357-Lindell-Blvd-63112/home/93723615
40 Waterman Pl,Saint Louis,63112.0,Single Family Residential,March-3-2023,975000,4793.0,False,203.42165658251616,6.0,3.5,1909.0,11208.0,,38.6486808,-90.2756618,https://www.redfin.com/MO/Saint-Louis/40-Waterman-Pl-63112/home/93724354
2705 Lemp Ave,Saint Louis,63118.0,Single Family Residential,December-17-2021,405000,2736.0,False,148.02631578947367,3.0,3.5,1890.0,2222.0,,38.6017635,-90.2161965,https://www.redfin.com/MO/Saint-Louis/2705-Lemp-Ave-63118/home/93697303
1926 Withnell Ave,Saint Louis,63118.0,Single Family Residential,June-15-2023,339900,2400.0,False,141.625,3.0,3.5,1892.0,3176.0,,38.5950712,-90.2190841,https://www.redfin.com/MO/Saint-Louis/1926-Withnell-Ave-63118/home/93693991
4210 Wyoming St,Saint Louis,63116.0,Single Family Residential,June-4-2024,535000,3295.0,False,162.36722306525039,3.0,3.5,1923.0,3101.0,,38.6003091,-90.2588686,https://www.redfin.com/MO/Saint-Louis/4210-Wyoming-St-63116/home/80167991
4012 Hartford St,Saint Louis,63116.0,Single Family Residential,January-11-2022,365000,2400.0,False,152.08333333333334,4.0,3.5,1911.0,5489.0,,38.6026667,-90.2531463,https://www.redfin.com/MO/Saint-Louis/4012-Hartford-St-63116/home/93749776
3814 Fairview Ave,Saint Louis,63116.0,Single Family Residential,June-3-2024,450000,3092.0,False,145.53686934023287,4.0,3.5,1907.0,4400.0,,38.5952077,-90.2479609,https://www.redfin.com/MO/Saint-Louis/3814-Fairview-Ave-63116/home/93730411
3402 Longfellow Blvd,Saint Louis,63104.0,Single Family Residential,November-10-2021,999900,5789.0,False,172.72413197443427,5.0,3.5,1914.0,15725.0,,38.6111943,-90.2357632,https://www.redfin.com/MO/Saint-Louis/3402-Longfellow-Blvd-63104/home/93748658
2805 Russell,Saint Louis,63104.0,Single Family Residential,July-26-2021,369000,3100.0,False,119.03225806451613,4.0,3.5,2007.0,3746.0,,38.6120315,-90.2265321,https://www.redfin.com/MO/Saint-Louis/2805-Russell-Blvd-63104/home/93671782
4040 Hartford,Saint Louis,63116.0,Single Family Residential,May-27-2022,449900,3428.0,False,131.24270711785297,4.0,3.5,1895.0,6360.0,,38.6027257,-90.2540951,https://www.redfin.com/MO/Saint-Louis/4040-Hartford-St-63116/home/62688221
1040 Lami St,Saint Louis,63104.0,Single Family Residential,August-28-2024,535000,3156.0,False,169.51837769328264,3.0,3.5,1879.0,6151.0,,38.6043672,-90.2095325,https://www.redfin.com/MO/Saint-Louis/1040-Lami-St-63104/home/93686072
6208 Washington Ave,University City,63130.0,Single Family Residential,August-5-2021,799890,3809.0,False,210.0,5.0,3.5,1908.0,6447.0,,38.6542624,-90.3004071,https://www.redfin.com/MO/University-City/6208-Washington-Ave-63130/home/93760194
6405 Hancock Ave,Saint Louis,63139.0,Single Family Residential,May-29-2026,659000,2335.0,False,282.2269807280514,4.0,3.5,2026.0,6250.0,,38.6009623,-90.297494,https://www.redfin.com/MO/Saint-Louis/6405-Hancock-Ave-63139/home/93743262
3147 Garden Hl,Saint Louis,63139.0,Single Family Residential,December-29-2023,524900,3141.0,False,167.1123845908946,5.0,3.5,2008.0,4443.0,,38.605132,-90.2855884,https://www.redfin.com/MO/Saint-Louis/3147-Garden-Hill-Ln-63139/home/93674318
1415 S Cardinal Ave,Saint Louis,63104.0,Single Family Residential,August-15-2023,310000,2994.0,False,103.54041416165664,3.0,3.5,2004.0,,,38.6204133,-90.2293947,https://www.redfin.com/MO/Saint-Louis/1415-S-Cardinal-Ave-63104/home/103202863
4504 Pershing Pl,Saint Louis,63108.0,Single Family Residential,February-29-2024,760000,2561.0,False,296.75907848496684,4.0,3.5,1978.0,4731.0,,38.6451262,-90.2573162,https://www.redfin.com/MO/Saint-Louis/4504-Pershing-Pl-63108/home/93724626
1615 Carroll St,St. Louis,63104.0,Single Family Residential,May-29-2024,575000,3150.0,False,182.53968253968253,4.0,3.5,1887.0,4138.0,,38.6151399,-90.209812,https://www.redfin.com/MO/St-Louis/1615-Carroll-St-63104/home/62747707
4118 S Compton Ave,Saint Louis,63118.0,Single Family Residential,June-16-2025,99900,2731.0,False,36.58000732332479,4.0,3.5,1898.0,3123.0,,38.5815554,-90.2392947,https://www.redfin.com/MO/Saint-Louis/4118-S-Compton-Ave-63118/home/93705255
2135 S Jefferson Ave,Saint Louis,63104.0,Single Family Residential,August-18-2021,329900,2500.0,False,131.96,4.0,3.5,1889.0,3093.0,,38.6100794,-90.2222789,https://www.redfin.com/MO/Saint-Louis/2135-S-Jefferson-Ave-63104/home/93690706
1919 Pestalozzi Ave,Saint Louis,63118.0,Single Family Residential,January-30-2024,475000,3216.0,False,147.69900497512438,3.0,3.5,1921.0,95919120.0,,38.5995257,-90.2178991,https://www.redfin.com/MO/Saint-Louis/1919-Pestalozzi-St-63118/home/187272116
2140 Nebraska Ave,Saint Louis,63104.0,Townhouse,May-26-2026,299900,2358.0,False,127.18405428329092,4.0,3.5,1903.0,2217.0,,38.6107425,-90.2285895,https://www.redfin.com/MO/Saint-Louis/2140-Nebraska-Ave-63104/home/86043830
4626 Maryland Ave,Saint Louis,63108.0,Single Family Residential,August-3-2021,675000,4265.0,False,158.2649472450176,4.0,3.5,1906.0,8843.0,,38.6442367,-90.2602622,https://www.redfin.com/MO/Saint-Louis/4626-Maryland-Ave-63108/home/93724533
1045 S Taylor Ave,Saint Louis,63110.0,Single Family Residential,March-26-2026,725000,3538.0,False,204.91803278688525,5.0,3.5,2024.0,3123.0,,38.6292492,-90.2613166,https://www.redfin.com/MO/Saint-Louis/1045-S-Taylor-Ave-63110/home/93749265
2101 Lynch St,Saint Louis,63118.0,Single Family Residential,May-6-2022,465000,2496.0,False,186.29807692307693,3.0,3.5,2022.0,,,38.6023257,-90.2199655,https://www.redfin.com/MO/Saint-Louis/2101-Lynch-St-63118/home/103204412
6639 Villa Ave,Saint Louis,63139.0,Single Family Residential,December-17-2025,579000,2274.0,False,254.6174142480211,4.0,3.5,2021.0,4312.0,,38.6257509,-90.2998411,https://www.redfin.com/MO/Saint-Louis/6639-Villa-Ave-63139/home/173620407
711 Geyer Ave,Saint Louis,63104.0,Single Family Residential,November-23-2022,425000,2832.0,False,150.07062146892656,5.0,3.5,1890.0,2962.0,,38.6080477,-90.2025778,https://www.redfin.com/MO/Saint-Louis/711-Geyer-Ave-63104/home/62758507
5900 W Cabanne,Saint Louis,63112.0,Single Family Residential,August-23-2021,395000,4916.0,False,80.34987794955248,7.0,3.5,1891.0,10411.0,,38.6589947,-90.2901999,https://www.redfin.com/MO/Saint-Louis/5900-W-Cabanne-Pl-63112/home/169426501
4161 Olive St,Saint Louis,63108.0,Single Family Residential,August-29-2023,524900,3024.0,False,173.57804232804233,3.0,3.5,2015.0,4574.0,,38.6443587,-90.2457378,https://www.redfin.com/MO/Saint-Louis/4161-Olive-St-63108/home/103204152
7332 Yates St,Saint Louis,63116.0,Single Family Residential,December-26-2022,365000,3016.0,False,121.0212201591512,5.0,3.5,1954.0,6547.0,,38.5598741,-90.2763503,https://www.redfin.com/MO/Saint-Louis/7332-Yates-St-63116/home/93784853
2227 S 11th St,Saint Louis,63104.0,Single Family Residential,June-13-2023,489900,4185.0,False,117.06093189964157,4.0,3.5,1890.0,3389.0,,38.6057379,-90.2096607,https://www.redfin.com/MO/Saint-Louis/2227-S-11th-St-63104/home/93686398
2956 Milton Blvd,Saint Louis,63104.0,Single Family Residential,August-30-2024,725000,3701.0,False,195.89300189138072,7.0,3.5,1908.0,10785.0,,38.6093847,-90.2312636,https://www.redfin.com/MO/Saint-Louis/2956-Milton-Blvd-63104/home/93691101
6559 Itaska St,Saint Louis,63109.0,Single Family Residential,September-1-2022,535000,2634.0,False,203.11313591495824,5.0,3.5,1954.0,6469.0,,38.586581,-90.3061916,https://www.redfin.com/MO/Saint-Louis/6559-Itaska-St-63109/home/93779608
4211 Mcpherson Ave,Saint Louis,63108.0,Single Family Residential,January-21-2025,450000,2804.0,False,160.48502139800286,3.0,3.5,2000.0,5985.0,,38.6429282,-90.2478191,https://www.redfin.com/MO/Saint-Louis/4211-McPherson-Ave-63108/home/93786186
5036 Cabanne Ave,Saint Louis,63113.0,Single Family Residential,August-15-2022,185000,1820.0,False,101.64835164835165,4.0,3.5,1896.0,5009.0,,38.6560886,-90.2642278,https://www.redfin.com/MO/Saint-Louis/5036-Cabanne-Ave-63113/home/93744622
5526 Dugan Ave,Saint Louis,63110.0,Single Family Residential,April-15-2024,799000,2625.0,False,304.3809523809524,4.0,3.5,2023.0,3637.0,,38.6132173,-90.2815987,https://www.redfin.com/MO/Saint-Louis/5526-Dugan-Ave-63110/home/93727051
6658 Bancroft Ave,Saint Louis,63109.0,Single Family Residential,December-17-2021,465000,2530.0,False,183.79446640316206,3.0,3.5,2015.0,4225.0,,38.5926597,-90.3067227,https://www.redfin.com/MO/Saint-Louis/6658-Bancroft-Ave-63109/home/62779592
2138 Nebraska Ave,Saint Louis,63104.0,Single Family Residential,January-31-2022,299900,2358.0,False,127.18405428329092,4.0,3.5,1903.0,2134.0,,38.6107938,-90.2285793,https://www.redfin.com/MO/Saint-Louis/2138-Nebraska-Ave-63104/home/80260873
2209 S 11th St,Saint Louis,63104.0,Single Family Residential,May-23-2025,657333,4819.0,False,136.40444075534344,4.0,3.5,1890.0,3389.0,,38.6062561,-90.209386,https://www.redfin.com/MO/Saint-Louis/2209-S-11th-St-63104/home/69753536
3219 Iowa Ave,Saint Louis,63118.0,Single Family Residential,April-24-2026,450000,2907.0,False,154.79876160990713,4.0,3.5,1891.0,3375.0,,38.5967412,-90.2285013,https://www.redfin.com/MO/Saint-Louis/3219-Iowa-Ave-63118/home/143287833
6252 Westminster Pl,Saint Louis,63130.0,Single Family Residential,October-1-2025,1200000,5166.0,False,232.28803716608596,6.0,3.5,1908.0,17685.0,,38.6534763,-90.3020933,https://www.redfin.com/MO/Saint-Louis/6252-Westminster-Pl-63130/home/93760181
1835 S 9th St,St. Louis,63104.0,Single Family Residential,July-18-2024,975000,3238.0,False,301.11179740580604,5.0,3.5,2006.0,2278.0,,38.6091051,-90.204412,https://www.redfin.com/MO/St-Louis/1835-S-9th-St-63104/home/93676007
1224 Kraft St,Saint Louis,63139.0,Single Family Residential,August-12-2025,459500,2550.0,False,180.19607843137254,4.0,3.5,1910.0,4051.0,,38.6284697,-90.3004635,https://www.redfin.com/MO/Saint-Louis/1224-Kraft-St-63139/home/93750262
4425 Mcpherson Ave,Saint Louis,63108.0,Single Family Residential,September-29-2021,699900,3227.0,False,216.88875116207004,5.0,3.5,1911.0,6708.0,,38.6457252,-90.254028,https://www.redfin.com/MO/Saint-Louis/4425-McPherson-Ave-63108/home/93740223
3638 Russell Blvd,Saint Louis,63110.0,Single Family Residential,April-9-2026,450000,2506.0,False,179.56903431763766,4.0,3.5,1895.0,3750.0,,38.6134001,-90.2415577,https://www.redfin.com/MO/Saint-Louis/3638-Russell-Blvd-63110/home/93747356
4732 Westminster Pl,Saint Louis,63108.0,Single Family Residential,September-6-2024,789000,3563.0,False,221.44260454673028,6.0,3.5,1908.0,6098.0,,38.6488438,-90.2597964,https://www.redfin.com/MO/Saint-Louis/4732-Westminster-Pl-63108/home/93709310
3010 Geyer Ave,Saint Louis,63104.0,Single Family Residential,February-22-2024,548000,3790.0,False,144.5910290237467,4.0,3.5,1895.0,6138.0,,38.6137739,-90.2298528,https://www.redfin.com/MO/Saint-Louis/3010-Geyer-Ave-63104/home/69350823
3631 Utah Pl,Saint Louis,63116.0,Single Family Residential,June-26-2026,779000,3057.0,False,254.82499182204776,5.0,3.5,1909.0,6551.0,,38.5977019,-90.2442915,https://www.redfin.com/MO/Saint-Louis/3631-Utah-Pl-63116/home/93700110
6049 Tholozan Ave- Comps Only,Saint Louis,63109.0,Single Family Residential,July-21-2022,525000,2800.0,False,187.5,5.0,3.5,1939.0,,,38.596275,-90.2948127,https://www.redfin.com/MO/Saint-Louis/6049-Tholozan-Ave-63109/home/93780484
1034 Geyer Ave,Saint Louis,63104.0,Single Family Residential,April-1-2025,625000,3000.0,False,208.33333333333334,3.0,3.5,2024.0,3271.0,,38.6088539,-90.2070905,https://www.redfin.com/MO/Saint-Louis/1034-Geyer-Ave-63104/home/93685668
3815 Robert Ave,Saint Louis,63116.0,Single Family Residential,July-11-2022,425000,3712.0,False,114.49353448275862,5.0,3.5,2010.0,5358.0,,38.5586901,-90.2704332,https://www.redfin.com/MO/Saint-Louis/3815-Robert-Ave-63116/home/93679219
1919 Geyer Ave,St. Louis,63104.0,Single Family Residential,August-26-2021,349900,2500.0,False,139.96,4.0,3.5,1913.0,6098.0,,38.6113011,-90.2142152,https://www.redfin.com/MO/St-Louis/1919-Geyer-Ave-63104/home/160565074
3244 Michigan Ave,Saint Louis,63118.0,Single Family Residential,June-12-2026,265000,2504.0,False,105.83067092651757,3.0,3.5,1896.0,3001.0,,38.5968069,-90.235037,https://www.redfin.com/MO/Saint-Louis/3244-Michigan-Ave-63118/home/62773908
3624 Cleveland Ave,Saint Louis,63110.0,Single Family Residential,October-8-2025,765000,4131.0,False,185.1851851851852,6.0,3.5,1892.0,,,38.6103854,-90.2416613,https://www.redfin.com/MO/Saint-Louis/3624-Cleveland-Ave-63110/home/93700167
4208 Delmar Blvd,Saint Louis,63108.0,Single Family Residential,January-3-2025,289900,1470.0,False,197.2108843537415,3.0,3.5,2003.0,4844.0,,38.6466537,-90.2459876,https://www.redfin.com/MO/Saint-Louis/4208-Delmar-Blvd-63108/home/103203048
1226 Dolman St,Saint Louis,63104.0,Single Family Residential,May-31-2024,599000,2259.0,False,265.161575918548,4.0,3.5,2017.0,3920.0,,38.6175412,-90.2095135,https://www.redfin.com/MO/Saint-Louis/1226-Dolman-St-63104/home/143286333
5882 Delor St,Saint Louis,63109.0,Single Family Residential,December-13-2022,549900,2721.0,False,202.09481808158765,4.0,3.5,1935.0,4295.0,,38.5843229,-90.2958653,https://www.redfin.com/MO/Saint-Louis/5882-Delor-St-63109/home/93768886
1800 S 13th St,Saint Louis,63104.0,Single Family Residential,February-12-2025,209900,1252.0,False,167.6517571884984,3.0,3.5,1885.0,906.0,,38.6122269,-90.2077363,https://www.redfin.com/MO/Saint-Louis/1800-S-13th-St-63104/home/93671092
3223 Geyer Ave,Saint Louis,63104.0,Single Family Residential,March-18-2026,499900,1856.0,False,269.3426724137931,5.0,3.5,1907.0,4373.0,,38.6147062,-90.2336614,https://www.redfin.com/MO/Saint-Louis/3223-Geyer-Ave-63104/home/93689594
1552 Fairmount Ave,Saint Louis,63139.0,Single Family Residential,December-9-2021,459000,3260.0,False,140.79754601226995,3.0,3.5,2009.0,3833.0,,38.6232464,-90.2997804,https://www.redfin.com/MO/Saint-Louis/1552-Fairmount-Ave-63139/home/103203130
5733 Waterman Blvd,Saint Louis,63112.0,Single Family Residential,June-3-2026,399900,2654.0,False,150.67822155237377,4.0,3.5,1912.0,5248.0,,38.65022,-90.2863493,https://www.redfin.com/MO/Saint-Louis/5733-Waterman-Blvd-63112/home/143294201
3834 Flad Ave,Saint Louis,63110.0,Single Family Residential,May-23-2024,665000,2800.0,False,237.5,4.0,3.5,1919.0,4160.0,,38.6115321,-90.2445731,https://www.redfin.com/MO/Saint-Louis/3834-Flad-Ave-63110/home/68294038
5366 Odell St,Saint Louis,63139.0,Single Family Residential,June-10-2022,539900,2300.0,False,234.7391304347826,4.0,3.5,1921.0,,,38.6067899,-90.2781676,https://www.redfin.com/MO/Saint-Louis/5366-Odell-St-63139/home/176875227
24 Lewis Pl,Saint Louis,63113.0,Single Family Residential,May-15-2026,175000,3000.0,False,58.333333333333336,7.0,3.5,1900.0,10249.0,,38.6542618,-90.2530991,https://www.redfin.com/MO/Saint-Louis/24-Lewis-Pl-63113/home/93749621
5257 Washington Pl,Saint Louis,63108.0,Single Family Residential,May-24-2023,665000,5635.0,False,118.01242236024845,6.0,3.5,1903.0,11134.0,,38.6515553,-90.271714,https://www.redfin.com/MO/Saint-Louis/5257-Washington-Pl-63108/home/62730993
7327 Pennsylvania Ave,Saint Louis,63111.0,Single Family Residential,February-21-2025,149900,2546.0,False,58.876669285153184,3.0,3.5,1890.0,7000.0,,38.5497952,-90.2572934,https://www.redfin.com/MO/Saint-Louis/7327-Pennsylvania-Ave-63111/home/62774153
1906 Wyoming St,Saint Louis,63118.0,Single Family Residential,June-23-2026,339900,2122.0,False,160.17907634307258,3.0,3.5,1882.0,3781.0,,38.5959324,-90.218176,https://www.redfin.com/MO/Saint-Louis/1906-Wyoming-St-63118/home/62697998
2601 Louisiana Ave,Saint Louis,63118.0,Single Family Residential,December-31-2025,449500,2594.0,False,173.28450269853508,4.0,3.5,1894.0,3977.0,,38.6074145,-90.2368813,https://www.redfin.com/MO/Saint-Louis/2601-Louisiana-Ave-63118/home/62707327
1231 Kraft St,Saint Louis,63139.0,Single Family Residential,December-6-2024,565000,3282.0,False,172.151127361365,4.0,3.5,1901.0,4260.0,,38.6282967,-90.3009218,https://www.redfin.com/MO/Saint-Louis/1231-Kraft-St-63139/home/93765763
4228 Walsh St,Saint Louis,63116.0,Single Family Residential,April-10-2026,279900,3500.0,False,79.97142857142858,4.0,3.5,1940.0,11578.0,,38.5789638,-90.2668057,https://www.redfin.com/MO/Saint-Louis/4228-Walsh-St-63116/home/93774010
2018 Geyer Ave,Saint Louis,63104.0,Single Family Residential,August-15-2023,569000,2650.0,False,214.71698113207546,4.0,3.5,1921.0,3920.0,,38.611201,-90.215614,https://www.redfin.com/MO/Saint-Louis/2018-Geyer-Ave-63104/home/93690492
4059 Blaine Ave,Saint Louis,63110.0,Single Family Residential,August-30-2021,389900,2628.0,False,148.36377473363774,4.0,3.5,2006.0,7057.0,,38.620168,-90.2494891,https://www.redfin.com/MO/Saint-Louis/4059-Blaine-Ave-63110/home/143285861
3854 Shenandoah Ave,Saint Louis,63110.0,Single Family Residential,March-22-2024,600000,3100.0,False,193.5483870967742,4.0,3.5,1902.0,3703.0,,38.6098563,-90.2455647,https://www.redfin.com/MO/Saint-Louis/3854-Shenandoah-Ave-63110/home/143286603
4233 Maryland,Saint Louis,63108.0,Single Family Residential,April-18-2022,599900,4145.0,False,144.7285886610374,4.0,3.5,1921.0,5663.0,,38.642155,-90.248964,https://www.redfin.com/MO/Saint-Louis/4233-Maryland-Ave-63108/home/93673900
3904 Olive St,Saint Louis,63108.0,Single Family Residential,November-13-2024,340000,2144.0,False,158.5820895522388,2.0,3.5,2006.0,3341.0,,38.641129,-90.239717,https://www.redfin.com/MO/Saint-Louis/3904-Olive-St-63108/home/143285862
4417 Mcpherson Ave,Saint Louis,63108.0,Single Family Residential,June-29-2023,739000,3450.0,False,214.20289855072463,5.0,3.5,1911.0,7288.0,,38.645562,-90.253698,https://www.redfin.com/MO/Saint-Louis/4417-McPherson-Ave-63108/home/93740240
6507 Murdoch Ave,Saint Louis,63109.0,Single Family Residential,October-19-2023,479000,2219.0,False,215.86300135196035,4.0,3.5,1939.0,5885.0,,38.5891143,-90.3039329,https://www.redfin.com/MO/Saint-Louis/6507-Murdoch-Ave-63109/home/93779546
215 N Sarah St #9,Saint Louis,63108.0,Single Family Residential,February-22-2024,800000,2273.0,False,351.9577650681918,3.0,3.5,1921.0,1076.0,,38.638859,-90.2463284,https://www.redfin.com/MO/Saint-Louis/215-N-Sarah-St-63108/unit-9/home/181866739
6293 Magnolia Ave,St. Louis,63139.0,Single Family Residential,December-13-2024,595000,1840.0,False,323.3695652173913,4.0,3.5,2024.0,5790.0,,38.6121289,-90.2942161,https://www.redfin.com/MO/St-Louis/6293-Magnolia-Ave-63139/home/191523885
4022 Flora Pl,Saint Louis,63110.0,Single Family Residential,December-2-2025,849000,2619.0,False,324.1695303550974,4.0,3.5,1907.0,6150.0,,38.6128808,-90.2493335,https://www.redfin.com/MO/Saint-Louis/4022-Flora-Pl-63110/home/93746618
4166 Westminster Pl,Saint Louis,63108.0,Single Family Residential,June-17-2026,474900,2729.0,False,174.01978746793696,3.0,3.5,1989.0,8651.0,,38.6431252,-90.246881,https://www.redfin.com/MO/Saint-Louis/4166-Westminster-Pl-63108/home/93725349
6246 Magnolia,Saint Louis,63139.0,Single Family Residential,December-2-2021,390000,2455.0,False,158.85947046843177,4.0,3.5,1920.0,5227.0,,38.6117568,-90.2941442,https://www.redfin.com/MO/Saint-Louis/6246-Magnolia-Ave-63139/home/62745929
3800 Connecticut St,Saint Louis,63116.0,Single Family Residential,July-28-2023,475000,2034.0,False,233.5299901671583,4.0,3.5,1907.0,3729.0,,38.6002231,-90.2466744,https://www.redfin.com/MO/Saint-Louis/3800-Connecticut-St-63116/home/93728467
6219 Washington Ave,University City,63130.0,Single Family Residential,June-1-2026,649999,3536.0,False,183.82324660633483,6.0,3.5,1906.0,,,38.6547639,-90.3004586,https://www.redfin.com/MO/University-City/6219-Washington-Ave-63130/home/93760158
4177 Shenandoah Ave,Saint Louis,63110.0,Single Family Residential,November-18-2024,400000,1931.0,False,207.14655618850335,4.0,3.5,1897.0,3032.0,,38.6110366,-90.2541868,https://www.redfin.com/MO/Saint-Louis/4177-Shenandoah-Ave-63110/home/93746513
5008 Raymond Ave,Saint Louis,63113.0,Single Family Residential,February-9-2024,79900,3699.0,False,21.600432549337658,9.0,3.0,1906.0,6373.0,,38.6568893,-90.2631291,https://www.redfin.com/MO/Saint-Louis/5008-Raymond-Ave-63113/home/93752553
5244 Westminster Pl,Saint Louis,63108.0,Single Family Residential,February-7-2025,1295000,5030.0,False,257.455268389662,8.0,3.5,1905.0,9361.0,,38.6499602,-90.2717056,https://www.redfin.com/MO/Saint-Louis/5244-Westminster-Pl-63108/home/93745889
5130 Washington Pl,Saint Louis,63108.0,Single Family Residential,August-6-2021,575000,4520.0,False,127.21238938053098,8.0,3.5,1900.0,11021.0,,38.6507352,-90.2684477,https://www.redfin.com/MO/Saint-Louis/5130-Washington-Pl-63108/home/93749475
17 Windermere Pl,Saint Louis,63112.0,Single Family Residential,March-11-2026,260000,3484.0,False,74.6268656716418,8.0,3.0,1907.0,11595.0,,38.6568044,-90.2748343,https://www.redfin.com/MO/Saint-Louis/17-Windermere-Pl-63112/home/93723969
5541 Chamberlain Ave,Saint Louis,63112.0,Single Family Residential,October-29-2025,250000,3084.0,False,81.06355382619974,8.0,2.5,1909.0,,,38.6615056,-90.2787616,https://www.redfin.com/MO/Saint-Louis/5541-Chamberlain-Ave-63112/home/93722443
1917 Hebert St,Saint Louis,63107.0,Single Family Residential,August-19-2024,349800,5145.0,False,67.98833819241983,8.0,2.0,1898.0,19010.0,,38.6548242,-90.200332,https://www.redfin.com/MO/Saint-Louis/1917-Hebert-St-63107/home/93688586
5057 Westminster Pl,Saint Louis,63108.0,Single Family Residential,May-10-2024,679900,4290.0,False,158.4848484848485,8.0,3.5,1903.0,7736.0,,38.6498512,-90.2660201,https://www.redfin.com/MO/Saint-Louis/5057-Westminster-Pl-63108/home/93749500
3757 Westminster Pl,Saint Louis,63108.0,Single Family Residential,January-16-2024,499000,5550.0,False,89.90990990990991,8.0,3.5,1887.0,7566.0,,38.639556,-90.2375412,https://www.redfin.com/MO/Saint-Louis/3757-Westminster-Pl-63108/home/93726138
5209 Cabanne Ave,Saint Louis,63113.0,Single Family Residential,September-27-2024,298900,2635.0,False,113.43453510436433,7.0,3.5,1905.0,4108.0,,38.6571524,-90.2702511,https://www.redfin.com/MO/Saint-Louis/5209-Cabanne-Ave-63113/home/93752322
4405 Westminster Pl,Saint Louis,63108.0,Single Family Residential,September-20-2023,650000,7950.0,False,81.76100628930817,7.0,3.5,1903.0,11408.0,,38.6463148,-90.2527403,https://www.redfin.com/MO/Saint-Louis/4405-Westminster-Pl-63108/home/93739936
5031 Wells Ave,Saint Louis,63113.0,Single Family Residential,June-17-2024,80000,2728.0,False,29.325513196480937,7.0,2.0,1921.0,3080.0,,38.6628274,-90.2627194,https://www.redfin.com/MO/Saint-Louis/5031-Wells-Ave-63113/home/93720951
3628 Castleman Ave,Saint Louis,63110.0,Single Family Residential,December-15-2021,225000,3170.0,False,70.97791798107255,7.0,3.0,1892.0,5445.0,,38.6141882,-90.2410775,https://www.redfin.com/MO/Saint-Louis/3628-Castleman-Ave-63110/home/62694408
3463 Longfellow Blvd,Saint Louis,63104.0,Single Family Residential,December-30-2025,975000,5967.0,False,163.3986928104575,7.0,3.5,1895.0,14549.0,,38.6118685,-90.2379454,https://www.redfin.com/MO/Saint-Louis/3463-Longfellow-Blvd-63104/home/93691006
3137 Longfellow Blvd,Saint Louis,63104.0,Single Family Residential,January-15-2025,1150000,5468.0,False,210.31455742501828,7.0,3.0,1911.0,20909.0,,38.6112718,-90.2326308,https://www.redfin.com/MO/Saint-Louis/3137-Longfellow-Blvd-63104/home/93690977
2327 S 12th St,Saint Louis,63104.0,Single Family Residential,April-16-2026,650000,4722.0,False,137.65353663701822,7.0,2.5,1890.0,6398.0,,38.605143,-90.2111358,https://www.redfin.com/MO/Saint-Louis/2327-S-12th-St-63104/home/93686449
1827 S Compton Ave,Saint Louis,63104.0,Single Family Residential,April-16-2026,340000,3933.0,False,86.44800406814137,7.0,3.5,1894.0,12819.0,,38.6146069,-90.2330777,https://www.redfin.com/MO/Saint-Louis/1827-S-Compton-Ave-63104/home/93689585
5226 Washington Pl,Saint Louis,63108.0,Single Family Residential,September-13-2023,475000,4500.0,False,105.55555555555556,7.0,3.5,1901.0,8394.0,,38.6509781,-90.2709227,https://www.redfin.com/MO/Saint-Louis/5226-Washington-Pl-63108/home/93749449
5086 Westminster Pl,Saint Louis,63108.0,Single Family Residential,September-4-2024,839000,4845.0,False,173.16821465428276,7.0,3.0,1904.0,8612.0,,38.6495267,-90.2671506,https://www.redfin.com/MO/Saint-Louis/5086-Westminster-Pl-63108/home/93746019
8 Beverly Pl,Saint Louis,63112.0,Single Family Residential,May-1-2024,145000,3201.0,False,45.29834426741643,7.0,2.5,1910.0,6935.0,,38.653938,-90.2771498,https://www.redfin.com/MO/Saint-Louis/8-Beverly-Pl-63112/home/93753987
2715 Osage St,Saint Louis,63118.0,Single Family Residential,October-15-2024,155000,3082.0,False,50.29201817001947,7.0,3.0,1895.0,4382.0,,38.5831074,-90.2305673,https://www.redfin.com/MO/Saint-Louis/2715-Osage-St-63118/home/93704334
6155 Mcpherson Ave,Saint Louis,63112.0,Single Family Residential,May-9-2022,550000,2557.0,False,215.09581540868206,7.0,2.5,1909.0,4661.0,,38.6518946,-90.2986157,https://www.redfin.com/MO/Saint-Louis/6155-McPherson-Ave-63112/home/93760384
4970 Wabada Ave,Saint Louis,63113.0,Single Family Residential,October-13-2023,77900,2973.0,False,26.202489068281196,7.0,2.0,1907.0,6103.0,,38.6668406,-90.2580747,https://www.redfin.com/MO/Saint-Louis/4970-Wabada-Ave-63113/home/93737190
6014 W Cabanne Pl,Saint Louis,63112.0,Single Family Residential,September-12-2025,120000,3346.0,False,35.86371787208607,7.0,3.5,1900.0,20909.0,,38.6592773,-90.2929644,https://www.redfin.com/MO/Saint-Louis/6014-W-Cabanne-Pl-63112/home/93739664
3215 Hawthorne Blvd,Saint Louis,63104.0,Single Family Residential,October-15-2025,600000,5900.0,False,101.69491525423729,7.0,3.5,1902.0,15028.0,,38.6103573,-90.2342937,https://www.redfin.com/MO/Saint-Louis/3215-Hawthorne-Blvd-63104/home/93748588
7217 Minnesota Ave,Saint Louis,63111.0,Single Family Residential,August-7-2025,195000,3100.0,False,62.903225806451616,7.0,2.5,1890.0,,,38.5513546,-90.2572441,https://www.redfin.com/MO/Saint-Louis/7217-Minnesota-Ave-63111/home/93710397
5 Lenox Pl,Saint Louis,63108.0,Single Family Residential,August-17-2023,885000,4539.0,False,194.97686715135492,7.0,3.5,1903.0,7806.0,,38.6468066,-90.2589042,https://www.redfin.com/MO/Saint-Louis/5-Lenox-Pl-63108/home/62720102
5093 Washington,Saint Louis,63108.0,Single Family Residential,October-5-2021,675000,4825.0,False,139.89637305699483,7.0,3.5,1902.0,7841.0,,38.6510426,-90.2670838,https://www.redfin.com/MO/Saint-Louis/5093-Washington-Pl-63108/home/93749544
3604 Loughborough Ave,Saint Louis,63116.0,Single Family Residential,January-12-2022,289900,2422.0,False,119.69446738232865,6.0,2.0,1919.0,7536.0,,38.5582273,-90.2627928,https://www.redfin.com/MO/Saint-Louis/3604-Loughborough-Ave-63116/home/76779016
4532 Newberry Ter,Saint Louis,63113.0,Single Family Residential,June-7-2024,49900,2214.0,False,22.538392050587174,6.0,1.5,1891.0,4591.0,,38.6549296,-90.25159,https://www.redfin.com/MO/Saint-Louis/4532-Newberry-Ter-63113/home/93739434
5129 Vernon Ave,Saint Louis,63113.0,Single Family Residential,July-22-2024,83000,2589.0,False,32.05870992661259,6.0,2.5,1904.0,,,38.6586195,-90.2671025,https://www.redfin.com/MO/Saint-Louis/5129-Vernon-Ave-63113/home/62699509
4009 Labadie Ave,Saint Louis,63107.0,Single Family Residential,May-23-2023,55000,1700.0,False,32.35294117647059,6.0,1.5,1905.0,2601.0,,38.6604164,-90.2286305,https://www.redfin.com/MO/Saint-Louis/4009-Labadie-Ave-63107/home/93716364
5020 Creighton Dr,Saint Louis,63123.0,Single Family Residential,May-7-2025,425000,2588.0,False,164.2194744976816,6.0,3.0,1946.0,9949.0,,38.5846791,-90.315046,https://www.redfin.com/MO/Saint-Louis/5020-Creighton-Dr-63123/home/93783033
6221 Nottingham Ave,Saint Louis,63109.0,Single Family Residential,September-11-2025,525000,3594.0,False,146.07679465776295,6.0,2.0,1949.0,4552.0,,38.5869062,-90.2964673,https://www.redfin.com/MO/Saint-Louis/6221-Nottingham-Ave-63109/home/93780188
88 Waterman Pl,Saint Louis,63112.0,Single Family Residential,April-17-2026,650000,4040.0,False,160.8910891089109,6.0,3.5,1905.0,15049.0,,38.6488782,-90.2776256,https://www.redfin.com/MO/Saint-Louis/88-Waterman-Pl-63112/home/93724346
4438 Enright Ave,Saint Louis,63108.0,Single Family Residential,March-3-2025,79900,2276.0,False,35.105448154657296,6.0,2.0,1891.0,6151.0,,38.6502815,-90.2512937,https://www.redfin.com/MO/Saint-Louis/4438-Enright-Ave-63108/home/93739817
44 Kingsbury Pl,Saint Louis,63112.0,Single Family Residential,August-25-2025,948000,3400.0,False,278.8235294117647,6.0,3.5,1908.0,12602.0,,38.6504992,-90.2802915,https://www.redfin.com/MO/Saint-Louis/44-Kingsbury-Pl-63112/home/93724168
7628 Pennsylvania Ave,Saint Louis,63111.0,Single Family Residential,March-2-2023,175000,4508.0,False,38.81987577639752,6.0,3.0,1889.0,5950.0,,38.5473635,-90.2594187,https://www.redfin.com/MO/Saint-Louis/7628-Pennsylvania-Ave-63111/home/93710626
2038 E Fair Ave,St. Louis,63107.0,Single Family Residential,September-9-2024,110000,2888.0,False,38.08864265927978,6.0,3.0,1899.0,5245.0,,38.676821,-90.2182312,https://www.redfin.com/MO/St-Louis/2038-Fair-Ave-63107/home/192431937
4724 Westminster Pl,Saint Louis,63108.0,Single Family Residential,July-18-2022,599000,2880.0,False,207.98611111111111,6.0,2.5,1909.0,5706.0,,38.6487372,-90.259554,https://www.redfin.com/MO/Saint-Louis/4724-Westminster-Pl-63108/home/93709314
6106 Mcpherson Ave,Saint Louis,63112.0,Single Family Residential,August-18-2021,480000,2226.0,False,215.63342318059298,6.0,3.0,1910.0,4574.0,,38.6512964,-90.296984,https://www.redfin.com/MO/Saint-Louis/6106-McPherson-Ave-63112/home/93760248
3716 Hartford,Saint Louis,63116.0,Single Family Residential,September-30-2021,425000,2896.0,False,146.75414364640883,6.0,3.0,1901.0,4051.0,,38.6019194,-90.2454095,https://www.redfin.com/MO/Saint-Louis/3716-Hartford-St-63116/home/93699712
3825 Hartford St,Saint Louis,63116.0,Single Family Residential,August-12-2022,310000,1850.0,False,167.56756756756758,6.0,1.5,1898.0,5619.0,,38.60252,-90.247175,https://www.redfin.com/MO/Saint-Louis/3825-Hartford-St-63116/home/93728277
5121 Washington Pl,Saint Louis,63108.0,Single Family Residential,June-10-2024,649900,4062.0,False,159.9950763170852,6.0,3.5,1912.0,7667.0,,38.6511504,-90.268134,https://www.redfin.com/MO/Saint-Louis/5121-Washington-Pl-63108/home/93749490
4329 Gravois Ave,Saint Louis,63116.0,Single Family Residential,November-30-2021,199000,2100.0,False,94.76190476190476,6.0,3.0,1901.0,7318.0,,38.5866674,-90.2608321,https://www.redfin.com/MO/Saint-Louis/4329-Gravois-Ave-63116/home/93726574
3456 Alberta,Saint Louis,63118.0,Single Family Residential,November-24-2021,75000,1716.0,False,43.70629370629371,6.0,1.5,1908.0,2744.0,,38.5852085,-90.2432614,https://www.redfin.com/MO/Saint-Louis/3456-Alberta-St-63118/home/93704689
6123 Kingsbury Ave,Saint Louis,63112.0,Single Family Residential,April-29-2024,600000,3247.0,False,184.78595626732368,6.0,2.5,1908.0,4587.0,,38.6526903,-90.2972956,https://www.redfin.com/MO/Saint-Louis/6123-Kingsbury-Ave-63112/home/63700685
2323 Lafayette Ave,Saint Louis,63104.0,Single Family Residential,July-18-2025,1600000,5300.0,False,301.8867924528302,6.0,3.5,1882.0,,,38.6149979,-90.2196109,https://www.redfin.com/MO/Saint-Louis/2323-Lafayette-Ave-63104/home/93700585
3646 Hartford St,Saint Louis,63116.0,Single Family Residential,March-5-2025,530000,2700.0,False,196.2962962962963,6.0,2.5,1904.0,3912.0,,38.6018068,-90.2442407,https://www.redfin.com/MO/Saint-Louis/3646-Hartford-St-63116/home/62758849
3932 Missouri Ave,Saint Louis,63118.0,Single Family Residential,March-4-2022,124900,1506.0,False,82.93492695883134,6.0,2.0,1931.0,8843.0,,38.58299,-90.2249488,https://www.redfin.com/MO/Saint-Louis/3932-Missouri-Ave-63118/home/93704194
5617 Vernon Ave,Saint Louis,63112.0,Single Family Residential,July-17-2024,132500,1820.0,False,72.8021978021978,6.0,1.5,1903.0,3790.0,,38.6598337,-90.2820424,https://www.redfin.com/MO/Saint-Louis/5617-Vernon-Ave-63112/home/93709981
3509 Sidney St,Saint Louis,63104.0,Single Family Residential,December-15-2022,369900,4014.0,False,92.152466367713,6.0,2.5,1910.0,6817.0,,38.6080394,-90.2392236,https://www.redfin.com/MO/Saint-Louis/3509-Sidney-St-63104/home/93692391
5013 Maple Ave,Saint Louis,63113.0,Single Family Residential,January-4-2024,70000,2936.0,False,23.841961852861036,6.0,2.0,1899.0,4822.0,,38.6591504,-90.2628599,https://www.redfin.com/MO/Saint-Louis/5013-Maple-Ave-63113/home/93752638
4397 Westminster Pl,Saint Louis,63108.0,Single Family Residential,June-9-2025,975000,6010.0,False,162.2296173044925,6.0,3.5,1903.0,11439.0,,38.6461102,-90.2523187,https://www.redfin.com/MO/Saint-Louis/4397-Westminster-Pl-63108/home/93740311
5135 Cabanne Ave,Saint Louis,63113.0,Single Family Residential,August-19-2025,325000,2980.0,False,109.06040268456375,6.0,3.0,1905.0,4190.0,,38.6568738,-90.2676412,https://www.redfin.com/MO/Saint-Louis/5135-Cabanne-Ave-63113/home/93752279
5098 Westminster Pl,Saint Louis,63108.0,Single Family Residential,April-27-2023,810000,5359.0,False,151.14760216458293,6.0,3.5,1898.0,8494.0,,38.6496194,-90.2675028,https://www.redfin.com/MO/Saint-Louis/5098-Westminster-Pl-63108/home/62691391
6253 Westminster Pl,Saint Louis,63130.0,Single Family Residential,November-15-2024,799900,3945.0,False,202.76299112801013,6.0,3.5,1907.0,18395.0,,38.653927,-90.3020198,https://www.redfin.com/MO/Saint-Louis/6253-Westminster-Pl-63130/home/93760202
1727 Carroll,Saint Louis,63104.0,Single Family Residential,July-22-2021,555000,4310.0,False,128.77030162412993,6.0,2.5,1890.0,3528.0,,38.6152753,-90.2113774,https://www.redfin.com/MO/Saint-Louis/1727-Carroll-St-63104/home/68327984
11 Thornby Pl,Saint Louis,63112.0,Single Family Residential,February-23-2026,200000,3570.0,False,56.022408963585434,6.0,2.5,1908.0,18530.0,,38.6617451,-90.2872824,https://www.redfin.com/MO/Saint-Louis/11-Thornby-Pl-63112/home/93723566
5123 Westminster Pl,Saint Louis,63108.0,Single Family Residential,June-22-2026,899900,4368.0,False,206.02106227106228,6.0,3.5,1901.0,7749.0,,38.6501075,-90.2682984,https://www.redfin.com/MO/Saint-Louis/5123-Westminster-Pl-63108/home/93749504
4033 Russell,Saint Louis,63110.0,Single Family Residential,September-13-2021,229000,2412.0,False,94.94195688225538,6.0,2.0,1906.0,3833.0,,38.6145377,-90.2494678,https://www.redfin.com/MO/Saint-Louis/4033-Russell-Blvd-63110/home/93747106
5828 Julian Ave,Saint Louis,63112.0,Single Family Residential,February-28-2025,119900,2496.0,False,48.03685897435897,6.0,3.5,1907.0,12815.0,,38.6657087,-90.285272,https://www.redfin.com/MO/Saint-Louis/5828-Julian-Ave-63112/home/93723086
4925 Fountain Ave,Saint Louis,63113.0,Single Family Residential,May-8-2026,299000,3078.0,False,97.14100064977258,6.0,3.0,1904.0,4930.0,,38.6560324,-90.2608123,https://www.redfin.com/MO/Saint-Louis/4925-Fountain-Ave-63113/home/93787071
5750 Waterman Blvd,Saint Louis,63112.0,Single Family Residential,April-26-2024,240000,2466.0,False,97.32360097323601,6.0,1.5,1911.0,3933.0,,38.6499102,-90.287066,https://www.redfin.com/MO/Saint-Louis/5750-Waterman-Blvd-63112/home/93762753
2933 Dodier St,Saint Louis,63107.0,Single Family Residential,October-28-2024,65000,2738.0,False,23.739956172388606,6.0,2.0,1903.0,6686.0,,38.655808,-90.217384,https://www.redfin.com/MO/Saint-Louis/2933-Dodier-St-63107/home/93754633
4537 Maryland Ave,Saint Louis,63108.0,Single Family Residential,April-15-2022,899000,3766.0,False,238.7148167817313,6.0,3.5,1902.0,6708.0,,38.644458,-90.2587082,https://www.redfin.com/MO/Saint-Louis/4537-Maryland-Ave-63108/home/93724735
4407 S Grand Blvd,Saint Louis,63111.0,Single Family Residential,December-1-2021,224400,2550.0,False,88.0,6.0,2.5,1927.0,4008.0,,38.5784827,-90.2463284,https://www.redfin.com/MO/Saint-Louis/4407-S-Grand-Blvd-63111/home/62706849
4931 Pershing Pl,Saint Louis,63108.0,Single Family Residential,July-7-2022,1050000,6192.0,False,169.57364341085272,6.0,3.5,1902.0,13800.0,,38.6466609,-90.2624035,https://www.redfin.com/MO/Saint-Louis/4931-Pershing-Pl-63108/home/62739141
35 Kingsbury,Saint Louis,63112.0,Single Family Residential,June-10-2022,1100000,5129.0,False,214.46675765256384,6.0,3.5,1908.0,11108.0,,38.6511298,-90.2793413,https://www.redfin.com/MO/Saint-Louis/35-Kingsbury-Pl-63112/home/93763721
2 Arundel Pl,Saint Louis,63105.0,Single Family Residential,October-25-2023,950000,3665.0,False,259.2087312414734,6.0,3.5,1926.0,15085.0,,38.6391889,-90.3036089,https://www.redfin.com/MO/Saint-Louis/2-Arundel-Pl-63105/home/93769343
6185 Westminster Pl,Saint Louis,63112.0,Single Family Residential,February-7-2023,410000,2275.0,False,180.21978021978023,6.0,2.5,1908.0,3999.0,,38.6538034,-90.2993927,https://www.redfin.com/MO/Saint-Louis/6185-Westminster-Pl-63112/home/93760455
3200 Arsenal St,Saint Louis,63118.0,Single Family Residential,April-30-2026,125000,3900.0,False,32.05128205128205,6.0,3.0,1923.0,5166.0,,38.6016701,-90.2356102,https://www.redfin.com/MO/Saint-Louis/3200-Arsenal-St-63118/home/93692846
4324 Mcpherson Ave,Saint Louis,63108.0,Single Family Residential,August-10-2023,699000,3400.0,False,205.58823529411765,6.0,3.5,1902.0,5602.0,,38.6436545,-90.2506804,https://www.redfin.com/MO/Saint-Louis/4324-McPherson-Ave-63108/home/93725562
2633 Clifton Ave,Saint Louis,63139.0,Single Family Residential,June-29-2023,380000,2391.0,False,158.9293182768716,6.0,1.5,1903.0,10812.0,,38.6136519,-90.2940586,https://www.redfin.com/MO/Saint-Louis/2633-Clifton-Ave-63139/home/93743593
3209 Utah St,Saint Louis,63118.0,Single Family Residential,October-26-2021,149000,3000.0,False,49.666666666666664,6.0,2.0,1925.0,3615.0,,38.5967358,-90.2368524,https://www.redfin.com/MO/Saint-Louis/3209-Utah-St-63118/home/93693103
1550 Grape Ave,Saint Louis,63147.0,Single Family Residential,June-22-2022,184900,1260.0,False,146.74603174603175,6.0,3.0,1938.0,5401.0,,38.717295,-90.2431257,https://www.redfin.com/MO/Saint-Louis/1550-Grape-Ave-63147/home/93731732
3915 Greer Ave,Saint Louis,63107.0,Single Family Residential,July-8-2025,58500,1850.0,False,31.62162162162162,6.0,1.5,1903.0,6077.0,,38.6604058,-90.2258402,https://www.redfin.com/MO/Saint-Louis/3915-Greer-Ave-63107/home/93753580
4554 Holly Ave,Saint Louis,63115.0,Single Family Residential,September-20-2023,120000,2198.0,False,54.5950864422202,6.0,1.0,1909.0,6386.0,,38.6783368,-90.2244774,https://www.redfin.com/MO/Saint-Louis/4554-Holly-Ave-63115/home/93714053
5530 Etzel Ave,Saint Louis,63112.0,Single Family Residential,June-18-2026,274900,2690.0,False,102.19330855018588,6.0,3.0,1893.0,8102.0,,38.6630119,-90.2776192,https://www.redfin.com/MO/Saint-Louis/5530-Etzel-Ave-63112/home/93722349
2918 Geyer Ave,Saint Louis,63104.0,Single Family Residential,January-14-2026,239900,2604.0,False,92.12749615975423,6.0,2.0,1895.0,6351.0,,38.6136666,-90.2289824,https://www.redfin.com/MO/Saint-Louis/2918-Geyer-Ave-63104/home/93690003
3134 Longfellow Blvd,Saint Louis,63104.0,Single Family Residential,February-21-2025,965000,4122.0,False,234.10965550703543,6.0,2.5,1905.0,16483.0,,38.6108173,-90.2322897,https://www.redfin.com/MO/Saint-Louis/3134-Longfellow-Blvd-63104/home/93691049
4102 Concordia Ave,Saint Louis,63116.0,Single Family Residential,July-7-2023,274900,1880.0,False,146.22340425531914,6.0,2.0,1908.0,4038.0,,38.5730717,-90.2675631,https://www.redfin.com/MO/Saint-Louis/4102-Concordia-Ave-63116/home/93770968
4404 Washington Blvd,Saint Louis,63108.0,Single Family Residential,November-18-2021,335000,3350.0,False,100.0,6.0,3.0,1896.0,3816.0,,38.6479016,-90.2515713,https://www.redfin.com/MO/Saint-Louis/4404-Washington-Blvd-63108/home/62685591
5959 Clemens Ave,Saint Louis,63112.0,Single Family Residential,March-27-2025,150000,3192.0,False,46.99248120300752,6.0,2.0,1907.0,8751.0,,38.6573486,-90.2922825,https://www.redfin.com/MO/Saint-Louis/5959-Clemens-Ave-63112/home/93739257
5958 Plymouth Ave,Saint Louis,63112.0,Single Family Residential,March-23-2023,89900,2100.0,False,42.80952380952381,6.0,1.5,1908.0,30344.0,,38.6663977,-90.2900686,https://www.redfin.com/MO/Saint-Louis/5958-Plymouth-Ave-63112/home/93723095
3506 Hawthorne Blvd,Saint Louis,63104.0,Single Family Residential,November-9-2023,660000,4537.0,False,145.4705752700022,6.0,3.5,1908.0,14828.0,,38.6103126,-90.238667,https://www.redfin.com/MO/Saint-Louis/3506-Hawthorne-Blvd-63104/home/93691151
6220 Westminster Pl,Saint Louis,63130.0,Single Family Residential,August-28-2024,1400000,5129.0,False,272.9576915578085,6.0,3.5,1912.0,20212.0,,38.6532153,-90.3009507,https://www.redfin.com/MO/Saint-Louis/6220-Westminster-Pl-63130/home/81949289
2206 Saint Louis Ave,Saint Louis,63106.0,Single Family Residential,August-15-2022,99000,3120.0,False,31.73076923076923,6.0,3.5,1893.0,4312.0,,38.6515557,-90.2057173,https://www.redfin.com/MO/Saint-Louis/2206-Saint-Louis-Ave-63106/home/93687692
4315 Delmar Blvd,Saint Louis,63108.0,Single Family Residential,September-26-2022,130000,2950.0,False,44.067796610169495,6.0,3.5,1890.0,7762.0,,38.6482195,-90.2482564,https://www.redfin.com/MO/Saint-Louis/4315-Delmar-Blvd-63108/home/93739771
3518 Crittenden St,Saint Louis,63118.0,Single Family Residential,March-21-2025,315000,2772.0,False,113.63636363636364,6.0,3.5,1909.0,6351.0,,38.603201,-90.240584,https://www.redfin.com/MO/Saint-Louis/3518-Crittenden-St-63118/home/93692726
4152 Delmar Blvd,Saint Louis,63108.0,Single Family Residential,February-11-2026,229900,1794.0,False,128.14938684503903,6.0,3.0,1895.0,3977.0,,38.6459416,-90.2442528,https://www.redfin.com/MO/Saint-Louis/4152-Delmar-Blvd-63108/home/93745280
4126 S Grand Blvd,Saint Louis,63118.0,Single Family Residential,May-12-2026,78000,2916.0,False,26.74897119341564,6.0,2.0,1923.0,4251.0,,38.5820161,-90.2441311,https://www.redfin.com/MO/Saint-Louis/4126-S-Grand-Blvd-63118/home/93705703
5842 Clemens Ave,Saint Louis,63112.0,Single Family Residential,June-14-2024,584900,5074.0,False,115.27394560504533,6.0,3.5,1892.0,10141.0,,38.6564294,-90.2880284,https://www.redfin.com/MO/Saint-Louis/5842-Clemens-Ave-63112/home/93739320
3800 Flora Pl,Saint Louis,63110.0,Single Family Residential,June-14-2022,425000,2821.0,False,150.65579581708613,6.0,2.5,1900.0,8059.0,,38.6122987,-90.2433179,https://www.redfin.com/MO/Saint-Louis/3800-Flora-Pl-63110/home/93700330
2116 S Grand Blvd,Saint Louis,63104.0,Single Family Residential,,451375,3000.0,False,150.45833333333334,6.0,2.5,1905.0,4414.0,,38.6128296,-90.2398684,https://www.redfin.com/MO/Saint-Louis/2116-S-Grand-Blvd-63104/home/93691111
4358 Mcpherson Ave,Saint Louis,63108.0,Single Family Residential,August-1-2025,600000,3553.0,False,168.87137630171685,6.0,2.5,1898.0,778722120.0,,38.6441014,-90.2517717,https://www.redfin.com/MO/Saint-Louis/4358-McPherson-Ave-63108/home/93725554
3501 Park Ave,Saint Louis,63014.0,Single Family Residential,November-5-2025,415000,2692.0,False,154.16047548291235,6.0,3.0,1908.0,4438.0,,38.6206274,-90.2363201,https://www.redfin.com/MO/Saint-Louis/3501-Park-Ave-63104/home/93689867
4266 Washington Blvd,Saint Louis,63108.0,Single Family Residential,May-28-2025,289900,4191.0,False,69.1720353137676,6.0,3.5,1892.0,12149.0,,38.6461777,-90.247708,https://www.redfin.com/MO/Saint-Louis/4266-Washington-Blvd-63108/home/93740291
4001 Lafayette Ave,Saint Louis,63110.0,Single Family Residential,February-24-2023,450000,3180.0,False,141.50943396226415,6.0,3.5,2007.0,7153.0,,38.6181553,-90.24781,https://www.redfin.com/MO/Saint-Louis/4001-Lafayette-Ave-63110/home/143286973
5473 Enright Ave,Saint Louis,63112.0,Single Family Residential,August-16-2024,369900,2145.0,False,172.44755244755245,6.0,3.0,1903.0,4539.0,,38.6549786,-90.2785401,https://www.redfin.com/MO/Saint-Louis/5473-Enright-Ave-63112/home/93761761
94 Waterman Pl,Saint Louis,63112.0,Single Family Residential,August-6-2024,1249000,4480.0,False,278.79464285714283,6.0,3.5,1911.0,22577.0,,38.6488867,-90.2778521,https://www.redfin.com/MO/Saint-Louis/94-Waterman-Pl-63112/home/93724347
3632 Cook Ave,Saint Louis,63113.0,Single Family Residential,November-18-2025,170000,3711.0,False,45.80975478307734,6.0,2.0,1890.0,4499.0,,38.6450709,-90.2292293,https://www.redfin.com/MO/Saint-Louis/3632-Cook-Ave-63113/home/93701333
5614 Etzel Ave,Saint Louis,63112.0,Single Family Residential,December-4-2025,300000,2850.0,False,105.26315789473684,6.0,3.0,1909.0,6312.0,,38.6633576,-90.2813189,https://www.redfin.com/MO/Saint-Louis/5614-Etzel-Ave-63112/home/93722431
4484 Westminster Pl,Saint Louis,63108.0,Single Family Residential,June-16-2026,1200000,6007.0,False,199.7669385716664,6.0,3.5,1909.0,10441.0,,38.6469408,-90.2555129,https://www.redfin.com/MO/Saint-Louis/4484-Westminster-Pl-63108/home/62753064
2249 Saint Louis Ave,Saint Louis,63106.0,Single Family Residential,October-23-2024,250000,2583.0,False,96.78668215253582,6.0,1.5,1880.0,2391.0,,38.652322,-90.206952,https://www.redfin.com/MO/Saint-Louis/2249-Saint-Louis-Ave-63106/home/93687647
48 Kingsbury Pl,Saint Louis,63112.0,Single Family Residential,November-7-2022,899000,5766.0,False,155.91397849462365,6.0,3.5,1909.0,12567.0,,38.6505595,-90.2807501,https://www.redfin.com/MO/Saint-Louis/48-Kingsbury-Pl-63112/home/93724162
4023 Russell Blvd,Saint Louis,63110.0,Single Family Residential,April-12-2022,429000,2731.0,False,157.08531673379716,6.0,2.0,1898.0,4182.0,,38.6144848,-90.2491162,https://www.redfin.com/MO/Saint-Louis/4023-Russell-Blvd-63110/home/93747124
3880 Utah Pl,Saint Louis,63116.0,Single Family Residential,July-28-2023,550000,3750.0,False,146.66666666666666,6.0,2.5,1908.0,5811.0,,38.5975656,-90.2499257,https://www.redfin.com/MO/Saint-Louis/3880-Utah-Pl-63116/home/93700036
4232 E Labadie Ave,Saint Louis,63115.0,Single Family Residential,November-19-2024,60000,1610.0,False,37.267080745341616,6.0,1.0,1904.0,4622.0,,38.6623674,-90.234042,https://www.redfin.com/MO/Saint-Louis/4232-E-Labadie-Ave-63115/home/93716843
5535 Maple Ave,Saint Louis,63112.0,Single Family Residential,November-7-2023,200500,2176.0,False,92.14154411764706,6.0,1.5,1910.0,7122.0,,38.6605005,-90.279354,https://www.redfin.com/MO/Saint-Louis/5535-Maple-Ave-63112/home/93745117
3400 Magnolia Ave,Saint Louis,63118.0,Single Family Residential,April-28-2026,550000,3300.0,False,166.66666666666666,6.0,3.5,1904.0,4499.0,,38.6055261,-90.2371775,https://www.redfin.com/MO/Saint-Louis/3400-Magnolia-Ave-63118/home/93692502
3911 Greer Ave,Saint Louis,63107.0,Single Family Residential,February-10-2023,75000,1850.0,False,40.54054054054054,6.0,1.5,1902.0,7579.0,,38.6603459,-90.2257011,https://www.redfin.com/MO/Saint-Louis/3911-Greer-Ave-63107/home/62699419
14 Lenox Pl,Saint Louis,63108.0,Single Family Residential,February-14-2025,1049000,4896.0,False,214.25653594771242,6.0,3.5,1903.0,8764.0,,38.6467131,-90.2601604,https://www.redfin.com/MO/Saint-Louis/14-Lenox-Pl-63108/home/93754355
2709 Accomac,Saint Louis,63104.0,Single Family Residential,June-13-2022,239900,2346.0,False,102.25916453537937,5.0,2.0,1908.0,3615.0,,38.6098567,-90.2247628,https://www.redfin.com/MO/Saint-Louis/2709-Accomac-St-63104/home/93690668
5644 Bartmer Ave,Saint Louis,63112.0,Single Family Residential,September-9-2025,299000,3566.0,False,83.84744812114414,5.0,2.5,1903.0,,,38.6624685,-90.282542,https://www.redfin.com/MO/Saint-Louis/5644-Bartmer-Ave-63112/home/93722467
4210 Cleveland Ave,Saint Louis,63110.0,Single Family Residential,June-5-2025,525000,2636.0,False,199.16540212443095,5.0,2.5,1904.0,4304.0,,38.6116239,-90.2548539,https://www.redfin.com/MO/Saint-Louis/4210-Cleveland-Ave-63110/home/93746788
5019 Raymond Ave,Saint Louis,63113.0,Single Family Residential,December-19-2024,125000,2704.0,False,46.22781065088758,5.0,2.5,1894.0,6351.0,,38.6573198,-90.2634069,https://www.redfin.com/MO/Saint-Louis/5019-Raymond-Ave-63113/home/93752461
1851 Menard St,Saint Louis,63104.0,Single Family Residential,March-31-2023,577000,3190.0,False,180.87774294670845,5.0,3.5,2019.0,,,38.6097503,-90.2066142,https://www.redfin.com/MO/Saint-Louis/1851-Menard-St-63104/home/93682366
5020 Enright Ave,Saint Louis,63108.0,Single Family Residential,April-18-2024,229800,1872.0,False,122.75641025641026,5.0,2.5,1892.0,5950.0,,38.6526254,-90.2642599,https://www.redfin.com/MO/Saint-Louis/5020-Enright-Ave-63108/home/93744617
4242 Oregon Ave,Saint Louis,63111.0,Single Family Residential,April-25-2025,200000,1978.0,False,101.11223458038423,5.0,2.0,1915.0,3149.0,,38.5783915,-90.2341438,https://www.redfin.com/MO/Saint-Louis/4242-Oregon-Ave-63111/home/93705557
33 Waterman Pl,Saint Louis,63112.0,Single Family Residential,August-29-2022,755000,3892.0,False,193.98766700924975,5.0,3.5,1913.0,14989.0,,38.6492293,-90.2753143,https://www.redfin.com/MO/Saint-Louis/33-Waterman-Pl-63112/home/93724314
2110 Lafayette Ave,Saint Louis,63104.0,Single Family Residential,December-20-2021,625000,5195.0,False,120.30798845043311,5.0,3.5,1870.0,6839.0,,38.6140369,-90.2171452,https://www.redfin.com/MO/Saint-Louis/2110-Lafayette-Ave-63104/home/93690357
4531 Washington Blvd,Saint Louis,63108.0,Single Family Residential,July-24-2023,650000,3552.0,False,182.9954954954955,5.0,3.5,1901.0,632.0,,38.6499548,-90.2550549,https://www.redfin.com/MO/Saint-Louis/4531-Washington-Blvd-63108/home/143292581
4957 Holly Hills Ave,Saint Louis,63109.0,Single Family Residential,July-11-2024,420000,2903.0,False,144.67791939373063,5.0,2.0,1926.0,6499.0,,38.5773188,-90.2851958,https://www.redfin.com/MO/Saint-Louis/4957-Holly-Hills-Ave-63109/home/93770801
4912 Clifton Ave,Saint Louis,63109.0,Single Family Residential,August-23-2022,430000,2095.0,False,205.25059665871123,5.0,3.0,1937.0,4269.0,,38.5862042,-90.2954144,https://www.redfin.com/MO/Saint-Louis/4912-Clifton-Ave-63109/home/93769164
5554 Chamberlain Ave,Saint Louis,63112.0,Single Family Residential,March-15-2023,195000,2282.0,False,85.45135845749343,5.0,2.0,1890.0,6673.0,,38.6610255,-90.2792475,https://www.redfin.com/MO/Saint-Louis/5554-Chamberlain-Ave-63112/home/93745112
3451 Sidney St,Saint Louis,63104.0,Single Family Residential,May-20-2025,438000,2160.0,False,202.77777777777777,5.0,3.0,1906.0,3851.0,,38.6079055,-90.2384087,https://www.redfin.com/MO/Saint-Louis/3451-Sidney-St-63104/home/80842841
4929 Holly Hills Ave,Saint Louis,63109.0,Single Family Residential,November-4-2025,349900,1698.0,False,206.06595995288575,5.0,2.5,1923.0,6250.0,,38.5772106,-90.2841938,https://www.redfin.com/MO/Saint-Louis/4929-Holly-Hills-Ave-63109/home/93770802
1936 Mccausland Ave,Saint Louis,63117.0,Single Family Residential,October-16-2023,370000,2500.0,False,148.0,5.0,2.5,1918.0,6290.0,,38.6217785,-90.3078709,https://www.redfin.com/MO/Saint-Louis/1936-McCausland-Ave-63117/home/93741335
1286 Oak Ct,Saint Louis,63112.0,Single Family Residential,May-31-2022,110000,1536.0,False,71.61458333333333,5.0,2.0,1909.0,3720.0,,38.6684894,-90.2874144,https://www.redfin.com/MO/Saint-Louis/1286-Oak-Ct-63112/home/93723207
2919 Accomac St,Saint Louis,63104.0,Single Family Residential,April-28-2023,740000,4100.0,False,180.4878048780488,5.0,3.0,1906.0,6970.0,,38.6105563,-90.229647,https://www.redfin.com/MO/Saint-Louis/2919-Accomac-St-63104/home/93691013
4260 Flora Pl,Saint Louis,63110.0,Single Family Residential,June-21-2023,495000,2184.0,False,226.64835164835165,5.0,2.0,1908.0,6229.0,,38.6135393,-90.2562526,https://www.redfin.com/MO/Saint-Louis/4260-Flora-Pl-63110/home/93746834
4739 Westminster Pl,Saint Louis,63108.0,Single Family Residential,March-4-2022,739000,3924.0,False,188.3282364933741,5.0,3.5,1907.0,5227.0,,38.6493491,-90.2596819,https://www.redfin.com/MO/Saint-Louis/4739-Westminster-Pl-63108/home/93709315
3538 Illinois Ave,Saint Louis,63118.0,Single Family Residential,May-31-2023,369000,3153.0,False,117.0313986679353,5.0,3.5,1898.0,3167.0,,38.5898987,-90.2224637,https://www.redfin.com/MO/Saint-Louis/3538-Illinois-Ave-63118/home/93694509
5112 Westminster Pl,Saint Louis,63108.0,Single Family Residential,January-26-2023,525000,4365.0,False,120.27491408934708,5.0,3.5,1897.0,8394.0,,38.649608,-90.2680241,https://www.redfin.com/MO/Saint-Louis/5112-Westminster-Pl-63108/home/93746011
1553 Grape Ave,Saint Louis,63147.0,Single Family Residential,June-14-2023,180000,1323.0,False,136.05442176870747,5.0,2.0,1934.0,,,38.7177474,-90.2430386,https://www.redfin.com/MO/Saint-Louis/1553-Grape-Ave-63147/home/93731756
4564 Shenandoah Ave,Saint Louis,63110.0,Single Family Residential,September-29-2021,349900,2378.0,False,147.14045416316233,5.0,2.0,1924.0,4704.0,,38.6121266,-90.2649272,https://www.redfin.com/MO/Saint-Louis/4564-Shenandoah-Ave-63110/home/93728323
3803 Ashland Ave,Saint Louis,63107.0,Single Family Residential,April-14-2025,245000,2800.0,False,87.5,5.0,3.0,1909.0,4900.0,,38.6608728,-90.221978,https://www.redfin.com/MO/Saint-Louis/3803-Ashland-Ave-63107/home/93754005
5950 Enright Ave,Saint Louis,63112.0,Single Family Residential,,335000,1904.0,False,175.9453781512605,3.0,2.0,1911.0,8850.0,,38.6556923,-90.2923958,https://www.redfin.com/MO/Saint-Louis/5950-Enright-Ave-63112/home/62720272
4404 Enright Ave,Saint Louis,63108.0,Single Family Residential,September-3-2021,349900,3120.0,False,112.1474358974359,5.0,3.5,1892.0,,,38.6498127,-90.2502664,https://www.redfin.com/MO/Saint-Louis/4404-Enright-Ave-63108/home/93739802
11152 Lookaway Dr,Saint Louis,63137.0,Single Family Residential,September-8-2023,80000,2338.0,False,34.217279726261765,5.0,1.0,1888.0,19166.0,,38.76521,-90.1853629,https://www.redfin.com/MO/Saint-Louis/11152-Lookaway-Dr-63137/home/85689802
3651 Lafayette Ave,Saint Louis,63110.0,Single Family Residential,May-30-2024,205000,1924.0,False,106.54885654885655,5.0,2.0,1913.0,4722.0,,38.6175027,-90.2411588,https://www.redfin.com/MO/Saint-Louis/3651-Lafayette-Ave-63110/home/93700374
3425 Pestalozzi,St. Louis,63118.0,Single Family Residential,June-8-2022,400000,3600.0,False,111.11111111111111,5.0,3.0,1921.0,4574.0,,38.6042577,-90.2382583,https://www.redfin.com/MO/St-Louis/3425-Pestalozzi-St-63118/home/182673840
2 Lawn Pl,Saint Louis,63110.0,Single Family Residential,May-6-2026,475000,3000.0,False,158.33333333333334,5.0,3.5,1922.0,5201.0,,38.6286887,-90.2655361,https://www.redfin.com/MO/Saint-Louis/2-Lawn-Pl-63110/home/93765825
3046 Hawthorne Blvd,Saint Louis,63104.0,Single Family Residential,August-6-2021,549000,2842.0,False,193.173821252639,5.0,3.5,1908.0,8364.0,,38.610699,-90.2299077,https://www.redfin.com/MO/Saint-Louis/3046-Hawthorne-Blvd-63104/home/93690744
3915 California Ave,Saint Louis,63118.0,Single Family Residential,October-23-2024,229000,1920.0,False,119.27083333333333,5.0,2.5,1902.0,4008.0,,38.5844292,-90.2322158,https://www.redfin.com/MO/Saint-Louis/3915-California-Ave-63118/home/93704245
1800 South 8th St,Saint Louis,63104.0,Single Family Residential,July-21-2023,499000,3810.0,False,130.9711286089239,5.0,3.0,1885.0,2047.0,,38.6091317,-90.2022954,https://www.redfin.com/MO/Saint-Louis/1800-S-8th-St-63104/home/93685080
4315 Washington Blvd,Saint Louis,63108.0,Single Family Residential,August-8-2023,399900,4482.0,False,89.2235609103079,5.0,3.5,1902.0,5197.0,,38.6473336,-90.2489681,https://www.redfin.com/MO/Saint-Louis/4315-Washington-Blvd-63108/home/93719946
4540 Mcpherson Ave,Saint Louis,63108.0,Single Family Residential,May-1-2023,569000,2905.0,False,195.86919104991395,5.0,2.5,1902.0,3746.0,,38.6467053,-90.2577684,https://www.redfin.com/MO/Saint-Louis/4540-McPherson-Ave-63108/home/93724716
4736 Labadie Ave,Saint Louis,63115.0,Single Family Residential,March-10-2026,125000,2300.0,False,54.34782608695652,5.0,2.0,1903.0,,,38.6688089,-90.2489155,https://www.redfin.com/MO/Saint-Louis/4736-Labadie-Ave-63115/home/93736819
4630 Korte Ave,Saint Louis,63115.0,Single Family Residential,November-30-2022,39900,1840.0,False,21.684782608695652,5.0,2.0,1928.0,3485.0,,38.6802533,-90.2348049,https://www.redfin.com/MO/Saint-Louis/4630-Korte-Ave-63115/home/93734518
5062 Waterman Blvd,St. Louis,63108.0,Single Family Residential,January-5-2026,404000,2800.0,False,144.28571428571428,5.0,1.5,1906.0,10019.0,,38.6481526,-90.2665068,https://www.redfin.com/MO/St-Louis/5062-Waterman-Blvd-63108/home/195603925
2817 Miami St,Saint Louis,63118.0,Single Family Residential,June-29-2022,155000,1874.0,False,82.71077908217715,5.0,2.0,1904.0,3441.0,,38.5905272,-90.2313735,https://www.redfin.com/MO/Saint-Louis/2817-Miami-St-63118/home/93694343
4234 Wyoming,,63116.0,Single Family Residential,September-18-2025,595000,3340.0,False,178.1437125748503,5.0,3.5,2025.0,3097.0,,38.600319,-90.259751,https://www.redfin.com/MO/Unknown/4234-Wyoming-St-Unknown/home/193546374
6604 Vermont Ave,Saint Louis,63111.0,Single Family Residential,August-22-2022,249000,2695.0,False,92.39332096474953,5.0,1.5,1895.0,5706.0,,38.5575742,-90.2542059,https://www.redfin.com/MO/Saint-Louis/6604-Vermont-Ave-63111/home/93709868
4750 Westminster Pl,Saint Louis,63108.0,Single Family Residential,June-3-2022,705000,2975.0,False,236.9747899159664,5.0,3.5,1910.0,6534.0,,38.6490759,-90.2602662,https://www.redfin.com/MO/Saint-Louis/4750-Westminster-Pl-63108/home/62697374
3952 Utah St,Saint Louis,63116.0,Single Family Residential,July-31-2023,450000,4020.0,False,111.94029850746269,5.0,3.0,1925.0,4356.0,,38.5978824,-90.2523933,https://www.redfin.com/MO/Saint-Louis/3952-Utah-St-63116/home/87280485
3678 Liermann Ave,Saint Louis,63116.0,Single Family Residential,November-25-2025,220000,2200.0,False,100.0,5.0,3.0,1927.0,4316.0,,38.5843504,-90.2478665,https://www.redfin.com/MO/Saint-Louis/3678-Liermann-Ave-63116/home/93704446
6412 Blow St,Saint Louis,63109.0,Single Family Residential,September-13-2024,335000,1584.0,False,211.489898989899,5.0,2.0,1926.0,5027.0,,38.5746592,-90.2932494,https://www.redfin.com/MO/Saint-Louis/6412-Blow-St-63109/home/93774283
1002 Barton St,Saint Louis,63104.0,Single Family Residential,May-2-2025,459000,3122.0,False,147.0211402946829,5.0,3.5,1891.0,3000.0,,38.6030293,-90.20851,https://www.redfin.com/MO/Saint-Louis/1002-Barton-St-63104/home/93686764
3634 Russell Blvd,Saint Louis,63110.0,Single Family Residential,December-19-2022,390000,2737.0,False,142.49177932042383,5.0,1.5,1894.0,3681.0,,38.6133886,-90.2414493,https://www.redfin.com/MO/Saint-Louis/3634-Russell-Blvd-63110/home/93747355
4960 Magnolia Ave,Saint Louis,63139.0,Single Family Residential,October-21-2021,285000,2600.0,False,109.61538461538461,5.0,2.0,1966.0,10237.0,,38.6088595,-90.2706923,https://www.redfin.com/MO/Saint-Louis/4960-Magnolia-Ave-63139/home/83588157
3730 Utah Pl,Saint Louis,63116.0,Single Family Residential,September-23-2024,599900,3045.0,False,197.01149425287358,5.0,3.0,1908.0,9892.0,,38.5972317,-90.2466848,https://www.redfin.com/MO/Saint-Louis/3730-Utah-Pl-63116/home/93699916
4969 Reber Pl,Saint Louis,63139.0,Single Family Residential,December-15-2022,435000,3200.0,False,135.9375,5.0,3.0,1941.0,9635.0,,38.6081286,-90.2711672,https://www.redfin.com/MO/Saint-Louis/4969-Reber-Pl-63139/home/93727896
3109 Allen Ave,Saint Louis,63104.0,Single Family Residential,October-3-2023,565000,4158.0,False,135.8826358826359,5.0,3.0,1913.0,5728.0,,38.6134634,-90.2310254,https://www.redfin.com/MO/Saint-Louis/3109-Allen-Ave-63104/home/93689564
3224 Lafayette Ave,Saint Louis,63104.0,Single Family Residential,February-16-2023,145000,3400.0,False,42.64705882352941,5.0,3.5,1903.0,5014.0,,38.6160818,-90.2333709,https://www.redfin.com/MO/Saint-Louis/3224-Lafayette-Ave-63104/home/93689524
6300 Alexander Dr,St. Louis,63105.0,Single Family Residential,August-15-2024,1400000,4869.0,False,287.5333744095297,5.0,3.5,1948.0,25918.0,,38.6433734,-90.3041677,https://www.redfin.com/MO/St-Louis/6300-Alexander-Dr-63105/home/182625180
3677 Mcree Ave,Saint Louis,63110.0,Single Family Residential,June-12-2026,439000,2568.0,False,170.95015576323988,5.0,2.5,1915.0,4225.0,,38.6185366,-90.2418835,https://www.redfin.com/MO/Saint-Louis/3677-McRee-Ave-63110/home/93700349
4505 Tower Grove Pl,Saint Louis,63110.0,Single Family Residential,June-11-2026,395000,2868.0,False,137.72663877266388,5.0,1.5,1913.0,8751.0,,38.6112856,-90.2629851,https://www.redfin.com/MO/Saint-Louis/4505-Tower-Grove-Pl-63110/home/93728306
3530 Shenandoah Ave,Saint Louis,63104.0,Single Family Residential,October-7-2021,349900,2550.0,False,137.2156862745098,5.0,3.0,1896.0,3920.0,,38.6095178,-90.2397745,https://www.redfin.com/MO/Saint-Louis/3530-Shenandoah-Ave-63104/home/93692275
6931 Sutherland Ave,Saint Louis,63109.0,Single Family Residential,May-23-2025,748900,3146.0,False,238.0483153210426,5.0,3.5,1921.0,4373.0,,38.5927146,-90.3107691,https://www.redfin.com/MO/Saint-Louis/6931-Sutherland-Ave-63109/home/93774176
3427 Chippewa St,Saint Louis,63118.0,Single Family Residential,July-5-2022,228000,2122.0,False,107.44580584354382,5.0,3.0,1907.0,4356.0,,38.5881473,-90.2415637,https://www.redfin.com/MO/Saint-Louis/3427-Chippewa-St-63118/home/62718941
3830 Cleveland Ave,Saint Louis,63110.0,Single Family Residential,July-2-2025,460000,2680.0,False,171.6417910447761,5.0,3.5,1921.0,40510.0,,38.6106328,-90.2445216,https://www.redfin.com/MO/Saint-Louis/3830-Cleveland-Ave-63110/home/93700229
4915 Gresham Ave,Saint Louis,63109.0,Single Family Residential,July-3-2024,284900,2484.0,False,114.69404186795491,5.0,2.0,1913.0,7292.0,,38.5744246,-90.2851742,https://www.redfin.com/MO/Saint-Louis/4915-Gresham-Ave-63109/home/93742056
6046 Westminster Pl,Saint Louis,63112.0,Single Family Residential,April-28-2026,575000,2872.0,False,200.20891364902508,5.0,3.0,1911.0,4373.0,,38.653007,-90.2956796,https://www.redfin.com/MO/Saint-Louis/6046-Westminster-Pl-63112/home/62735277
5119 Maple Ave,Saint Louis,63113.0,Single Family Residential,May-20-2024,70000,2128.0,False,32.89473684210526,5.0,3.0,1894.0,6887.0,,38.6595321,-90.2665901,https://www.redfin.com/MO/Saint-Louis/5119-Maple-Ave-63113/home/93752380
7022 Marquette Ave,Saint Louis,63139.0,Single Family Residential,January-11-2022,299900,1938.0,False,154.7471620227038,5.0,2.0,1913.0,24611.0,,38.6006164,-90.3121078,https://www.redfin.com/MO/Saint-Louis/7022-Marquette-Ave-63139/home/62702141
4158 Shaw Blvd,Saint Louis,63110.0,Single Family Residential,June-25-2024,349900,1808.0,False,193.5287610619469,5.0,1.0,1893.0,3389.0,,38.6161144,-90.2527124,https://www.redfin.com/MO/Saint-Louis/4158-Shaw-Blvd-63110/home/93746947
4473 Mcpherson Ave,Saint Louis,63108.0,Single Family Residential,July-10-2025,750000,2812.0,False,266.7140825035562,5.0,3.0,1909.0,7279.0,,38.6463565,-90.2554541,https://www.redfin.com/MO/Saint-Louis/4473-McPherson-Ave-63108/home/62756843
2144 S Grand Blvd,Saint Louis,63104.0,Single Family Residential,September-19-2025,375000,3271.0,False,114.64383980434118,5.0,3.0,1905.0,5227.0,,38.612085,-90.2400327,https://www.redfin.com/MO/Saint-Louis/2144-S-Grand-Blvd-63104/home/93691142
3228 Lafayette Ave,Saint Louis,63104.0,Single Family Residential,June-2-2023,389000,2670.0,False,145.69288389513108,5.0,2.5,1904.0,3842.0,,38.6161101,-90.2335066,https://www.redfin.com/MO/Saint-Louis/3228-Lafayette-Ave-63104/home/93689527
5408 Maple Ave,Saint Louis,63112.0,Single Family Residential,May-24-2024,100000,2294.0,False,43.59197907585004,5.0,2.0,1895.0,8059.0,,38.6596699,-90.2754987,https://www.redfin.com/MO/Saint-Louis/5408-Maple-Ave-63112/home/93709907
5256 Westminster Pl,Saint Louis,63108.0,Single Family Residential,September-13-2024,1098800,4140.0,False,265.41062801932367,5.0,3.5,1903.0,8625.0,,38.6499667,-90.2721389,https://www.redfin.com/MO/Saint-Louis/5256-Westminster-Pl-63108/home/93745884
6148 Mcpherson Ave,Saint Louis,63112.0,Single Family Residential,August-2-2024,600000,3050.0,False,196.72131147540983,5.0,2.5,1911.0,4657.0,,38.6514568,-90.2984346,https://www.redfin.com/MO/Saint-Louis/6148-McPherson-Ave-63112/home/93760258
3650 Juniata St,Saint Louis,63116.0,Single Family Residential,June-8-2026,514900,2196.0,False,234.47176684881603,5.0,3.5,1905.0,4190.0,,38.6009332,-90.2445088,https://www.redfin.com/MO/Saint-Louis/3650-Juniata-St-63116/home/93699765
4431 Mcpherson Ave,Saint Louis,63108.0,Single Family Residential,June-4-2025,575000,2713.0,False,211.94249907851088,5.0,2.5,1910.0,7000.0,,38.6458059,-90.2541769,https://www.redfin.com/MO/Saint-Louis/4431-McPherson-Ave-63108/home/93740226
4215 Maryland Ave,Saint Louis,63108.0,Single Family Residential,February-16-2022,525000,3796.0,False,138.30347734457322,5.0,2.5,1901.0,4182.0,,38.6418872,-90.2484848,https://www.redfin.com/MO/Saint-Louis/4215-Maryland-Ave-63108/home/93725346
5237 Enright Ave,Saint Louis,63108.0,Single Family Residential,November-30-2022,100000,1900.0,False,52.63157894736842,5.0,3.0,1904.0,5057.0,,38.6538144,-90.2717924,https://www.redfin.com/MO/Saint-Louis/5237-Enright-Ave-63108/home/93744949
1718 Missouri Ave,Saint Louis,63104.0,Single Family Residential,February-26-2025,600000,4487.0,False,133.7196344996657,5.0,3.5,1883.0,6011.0,,38.6139414,-90.2190413,https://www.redfin.com/MO/Saint-Louis/1718-Missouri-Ave-63104/home/93690361
3914 Meramec St,Saint Louis,63116.0,Single Family Residential,August-14-2023,229900,1903.0,False,120.8092485549133,5.0,3.0,1929.0,4739.0,,38.5846624,-90.2520847,https://www.redfin.com/MO/Saint-Louis/3914-Meramec-St-63116/home/93769554
6766 Devonshire Ave,Saint Louis,63109.0,Single Family Residential,April-26-2024,379000,1777.0,False,213.2808103545301,5.0,2.5,1948.0,6303.0,,38.5868711,-90.3108244,https://www.redfin.com/MO/Saint-Louis/6766-Devonshire-Ave-63109/home/93781307
3826 Arsenal St,Saint Louis,63116.0,Single Family Residential,April-16-2024,865000,4949.0,False,174.78278440088906,5.0,3.5,1904.0,8908.0,,38.6030457,-90.2470734,https://www.redfin.com/MO/Saint-Louis/3826-Arsenal-St-63116/home/93786215
4550 Newberry Ter,Saint Louis,63113.0,Single Family Residential,May-31-2024,78000,2160.0,False,36.111111111111114,5.0,1.5,1891.0,4217.0,,38.6551658,-90.2521243,https://www.redfin.com/MO/Saint-Louis/4550-Newberry-Ter-63113/home/93739431
4460 Maryland Ave,Saint Louis,63108.0,Single Family Residential,April-10-2024,625000,3600.0,False,173.61111111111111,5.0,3.5,1901.0,7954.0,,38.6433144,-90.2559558,https://www.redfin.com/MO/Saint-Louis/4460-Maryland-Ave-63108/home/93724884
6188 Westminster Pl,Saint Louis,63112.0,Single Family Residential,January-9-2023,499999,3073.0,False,162.70712658639766,5.0,3.5,1907.0,4561.0,,38.6534007,-90.2995968,https://www.redfin.com/MO/Saint-Louis/6188-Westminster-Pl-63112/home/93760391
4548 Mcpherson Ave,Saint Louis,63108.0,Single Family Residential,April-20-2023,649000,3390.0,False,191.44542772861357,5.0,3.5,1901.0,6068.0,,38.6468157,-90.2579316,https://www.redfin.com/MO/Saint-Louis/4548-McPherson-Ave-63108/home/93724712
4457 Enright Ave,Saint Louis,63108.0,Single Family Residential,November-1-2023,49900,2236.0,False,22.316636851520574,5.0,2.5,1895.0,3559.0,,38.6508784,-90.2515218,https://www.redfin.com/MO/Saint-Louis/4457-Enright-Ave-63108/home/93739697
4719 Westminster Pl,Saint Louis,63108.0,Single Family Residential,May-20-2022,360000,2565.0,False,140.35087719298247,5.0,3.0,1909.0,5271.0,,38.6490495,-90.2590112,https://www.redfin.com/MO/Saint-Louis/4719-Westminster-Pl-63108/home/93709332
3452 Sidney St,Saint Louis,63104.0,Single Family Residential,October-24-2023,474900,3533.0,False,134.41834135295784,5.0,2.5,1901.0,4613.0,,38.6075385,-90.2386188,https://www.redfin.com/MO/Saint-Louis/3452-Sidney-St-63104/home/62720598
2707 Keokuk St,Saint Louis,63118.0,Single Family Residential,March-7-2025,80000,2640.0,False,30.303030303030305,5.0,2.0,1912.0,4665.0,,38.584862,-90.2298941,https://www.redfin.com/MO/Saint-Louis/2707-Keokuk-St-63118/home/93696286
4256 Shenandoah Ave,Saint Louis,63110.0,Single Family Residential,October-28-2021,249999,1950.0,False,128.20461538461538,5.0,1.5,1894.0,3485.0,,38.6108211,-90.2565839,https://www.redfin.com/MO/Saint-Louis/4256-Shenandoah-Ave-63110/home/93746811
3510 Shenandoah Ave,Saint Louis,63104.0,Single Family Residential,July-14-2022,315000,2925.0,False,107.6923076923077,5.0,1.5,1901.0,5358.0,,38.6094808,-90.2389074,https://www.redfin.com/MO/Saint-Louis/3510-Shenandoah-Ave-63104/home/93692277
3709 Hartford St,Saint Louis,63116.0,Single Family Residential,October-22-2021,335000,2385.0,False,140.46121593291406,5.0,3.5,1903.0,5271.0,,38.6022723,-90.2450162,https://www.redfin.com/MO/Saint-Louis/3709-Hartford-St-63116/home/93699869
4528 Westminster Pl,Saint Louis,63108.0,Single Family Residential,September-8-2022,750000,3240.0,False,231.4814814814815,5.0,3.5,1884.0,4151.0,,38.6475298,-90.2567098,https://www.redfin.com/MO/Saint-Louis/4528-Westminster-Pl-63108/home/93739893
6229 Columbia Ave,Saint Louis,63139.0,Single Family Residential,November-5-2025,595000,2577.0,False,230.88863019014357,5.0,3.0,1989.0,10759.0,,38.6131112,-90.2942805,https://www.redfin.com/MO/Saint-Louis/6229-Columbia-Ave-63139/home/93743581
1640 Grape Ave,Saint Louis,63147.0,Single Family Residential,December-31-2025,194900,2348.0,False,83.00681431005111,5.0,3.0,1928.0,5301.0,,38.7177924,-90.2449825,https://www.redfin.com/MO/Saint-Louis/1640-Grape-Ave-63147/home/93731906
4712 Westminster Pl,Saint Louis,63108.0,Single Family Residential,September-19-2025,775000,3051.0,False,254.01507702392658,5.0,3.5,1907.0,,,38.6486118,-90.2591571,https://www.redfin.com/MO/Saint-Louis/4712-Westminster-Pl-63108/home/93709300
4441 Mcpherson Ave,Saint Louis,63108.0,Single Family Residential,April-5-2024,675000,3142.0,False,214.83131763208146,5.0,3.5,1910.0,7083.0,,38.6459532,-90.2544826,https://www.redfin.com/MO/Saint-Louis/4441-McPherson-Ave-63108/home/62736517
1412 Wright St,Saint Louis,63107.0,Single Family Residential,July-29-2025,64900,2322.0,False,27.950043066322134,5.0,2.0,1899.0,2613.0,,38.6519355,-90.1986249,https://www.redfin.com/MO/Saint-Louis/1412-Wright-St-63107/home/93688380
2057 Blendon Pl,Saint Louis,63143.0,Single Family Residential,April-17-2025,455000,2601.0,False,174.93271818531335,5.0,2.5,1909.0,7841.0,,38.6201567,-90.3105165,https://www.redfin.com/MO/Saint-Louis/2057-Blendon-Pl-63143/home/93744113
4753 Westminster Pl,Saint Louis,63108.0,Single Family Residential,December-15-2021,619000,2720.0,False,227.5735294117647,5.0,3.5,1914.0,5793.0,,38.6494925,-90.2600542,https://www.redfin.com/MO/Saint-Louis/4753-Westminster-Pl-63108/home/93709319
3141 Parc Ridge Ln,Saint Louis,63139.0,Single Family Residential,June-27-2023,575000,2634.0,False,218.29916476841305,5.0,3.5,2008.0,4312.0,,38.6051877,-90.2847717,https://www.redfin.com/MO/Saint-Louis/3141-Parc-Ridge-Ln-63139/home/93674332
4208 Beethoven Ave,Saint Louis,63116.0,Single Family Residential,April-17-2026,195000,1521.0,False,128.2051282051282,5.0,2.0,1908.0,3689.0,,38.5867517,-90.2635629,https://www.redfin.com/MO/Saint-Louis/4208-Beethoven-Ave-63116/home/93757825
5727 S Grand Blvd S,Saint Louis,63111.0,Single Family Residential,June-7-2024,219000,2104.0,False,104.08745247148289,5.0,1.5,1929.0,5789.0,,38.567123,-90.2560212,https://www.redfin.com/MO/Saint-Louis/5727-S-Grand-Blvd-63111/home/93772222
3345 Oregon Ave,Saint Louis,63118.0,Single Family Residential,January-26-2023,245000,2483.0,False,98.6709625453081,5.0,2.0,1885.0,4391.0,,38.594511,-90.2312708,https://www.redfin.com/MO/Saint-Louis/3345-Oregon-Ave-63118/home/93693689
4542 Gibson Ave,Saint Louis,63110.0,Single Family Residential,September-29-2022,465000,3004.0,False,154.7936085219707,5.0,3.0,1908.0,5972.0,,38.6297434,-90.2625765,https://www.redfin.com/MO/Saint-Louis/4542-Gibson-Ave-63110/home/93786340
6063 Westminster Pl,Saint Louis,63112.0,Single Family Residential,April-18-2025,315000,2734.0,False,115.21580102414045,5.0,2.5,1911.0,6399.0,,38.6535225,-90.296089,https://www.redfin.com/MO/Saint-Louis/6063-Westminster-Pl-63112/home/93760429
2636 Russell Blvd,Saint Louis,63104.0,Single Family Residential,April-28-2022,379900,2962.0,False,128.25793382849426,5.0,2.5,1883.0,3136.0,,38.6110813,-90.2233654,https://www.redfin.com/MO/Saint-Louis/2636-Russell-Blvd-63104/home/93690644
3117 Longfellow Blvd,Saint Louis,63104.0,Single Family Residential,August-23-2024,900000,4673.0,False,192.59576289321635,5.0,3.0,1895.0,16662.0,,38.6114365,-90.2319743,https://www.redfin.com/MO/Saint-Louis/3117-Longfellow-Blvd-63104/home/93690972
6655 Pernod Ave,Saint Louis,63139.0,Single Family Residential,October-17-2025,415000,2955.0,False,140.4399323181049,5.0,2.5,1941.0,5514.0,,38.598296,-90.3056893,https://www.redfin.com/MO/Saint-Louis/6655-Pernod-Ave-63139/home/93778943
5150 Page,Saint Louis,63113.0,Single Family Residential,January-28-2022,55000,2300.0,False,23.91304347826087,5.0,1.5,1897.0,4138.0,,38.6602009,-90.267619,https://www.redfin.com/MO/Saint-Louis/5150-Page-Blvd-63113/home/93752399
3844 French Ct,Saint Louis,63116.0,Single Family Residential,September-16-2025,270000,1716.0,False,157.34265734265733,5.0,2.0,1930.0,4112.0,,38.5608137,-90.2695502,https://www.redfin.com/MO/Saint-Louis/3844-French-Ct-63116/home/93773391
5031 Sutherland Ave,Saint Louis,63109.0,Single Family Residential,March-6-2026,375000,2686.0,False,139.61280714817573,5.0,2.0,1923.0,5000.0,,38.5892758,-90.2790072,https://www.redfin.com/MO/Saint-Louis/5031-Sutherland-Ave-63109/home/93752677
5171 Eichelberger St,Saint Louis,63109.0,Single Family Residential,September-24-2024,343000,2280.0,False,150.43859649122808,5.0,2.0,1929.0,3672.0,,38.5817267,-90.2842804,https://www.redfin.com/MO/Saint-Louis/5171-Eichelberger-St-63109/home/93767752
3156 Geyer Ave,Saint Louis,63104.0,Single Family Residential,June-10-2022,415000,2324.0,False,178.57142857142858,4.0,2.5,1931.0,9017.0,,38.6141327,-90.2326338,https://www.redfin.com/MO/Saint-Louis/3156-Geyer-Ave-63104/home/93689568
5101 Dresden Ave,Saint Louis,63116.0,Single Family Residential,April-15-2022,105000,975.0,False,107.6923076923077,2.0,1.0,1913.0,3441.0,,38.5817934,-90.2751177,https://www.redfin.com/MO/Saint-Louis/5101-Dresden-Ave-63116/home/93764009
6419 Devonshire Ave,Saint Louis,63109.0,Single Family Residential,June-7-2023,499000,2610.0,False,191.18773946360153,3.0,1.5,1939.0,5550.0,,38.5897483,-90.3011263,https://www.redfin.com/MO/Saint-Louis/6419-Devonshire-Ave-63109/home/93779789
7133 Lindenwood Pl,Saint Louis,63109.0,Single Family Residential,October-6-2022,225000,1440.0,False,156.25,3.0,2.0,1958.0,7501.0,,38.5963587,-90.3169811,https://www.redfin.com/MO/Saint-Louis/7133-Lindenwood-Pl-63109/home/93747983
2134 Nebraska Ave,Saint Louis,63104.0,Single Family Residential,June-4-2026,529900,3286.0,False,161.25989044430918,5.0,2.5,1907.0,3755.0,,38.6108656,-90.2285518,https://www.redfin.com/MO/Saint-Louis/2134-Nebraska-Ave-63104/home/93690716
4421 Tholozan Ave,Saint Louis,63116.0,Single Family Residential,February-14-2023,179900,1194.0,False,150.67001675041877,3.0,1.5,1926.0,3916.0,,38.5936233,-90.266442,https://www.redfin.com/MO/Saint-Louis/4421-Tholozan-Ave-63116/home/93756331
3421 Halliday Ave,Saint Louis,63118.0,Single Family Residential,January-12-2023,535000,3323.0,False,160.9990972013241,4.0,3.0,1904.0,6303.0,,38.6050751,-90.2378997,https://www.redfin.com/MO/Saint-Louis/3421-Halliday-Ave-63118/home/93692503
5117 Pattison Ave,Saint Louis,63110.0,Single Family Residential,April-15-2025,179900,880.0,False,204.4318181818182,1.0,2.0,1911.0,3341.0,,38.6190748,-90.2709176,https://www.redfin.com/MO/Saint-Louis/5117-Pattison-Ave-63110/home/93728092
6182 Kingsbury Ave,Saint Louis,63112.0,Single Family Residential,May-22-2025,574900,3675.0,False,156.43537414965985,5.0,3.5,1909.0,5458.0,,38.6524658,-90.2994986,https://www.redfin.com/MO/Saint-Louis/6182-Kingsbury-Ave-63112/home/90908062
6943 Lansdowne Ave,Saint Louis,63109.0,Single Family Residential,February-16-2024,199900,1114.0,False,179.443447037702,1.0,1.0,1940.0,5245.0,,38.5917664,-90.3113546,https://www.redfin.com/MO/Saint-Louis/6943-Lansdowne-Ave-63109/home/93774208
5111 Pattison Ave,Saint Louis,63110.0,Single Family Residential,July-18-2025,160000,884.0,False,180.99547511312218,1.0,2.0,1912.0,,,38.6190548,-90.2707524,https://www.redfin.com/MO/Saint-Louis/5111-Pattison-Ave-63110/home/93728094
7083 Lindenwood Pl,Saint Louis,63109.0,Single Family Residential,May-3-2024,265000,1042.0,False,254.3186180422265,2.0,1.5,1940.0,7501.0,,38.5961526,-90.315214,https://www.redfin.com/MO/Saint-Louis/7083-Lindenwood-Pl-63109/home/62723520
7036 Bancroft Ave,Saint Louis,63109.0,Single Family Residential,May-24-2023,195000,928.0,False,210.1293103448276,2.0,2.0,1926.0,4517.0,,38.5932343,-90.3138338,https://www.redfin.com/MO/Saint-Louis/7036-Bancroft-Ave-63109/home/93774589
6911 Garner St,Saint Louis,63139.0,Single Family Residential,July-16-2025,400000,2040.0,False,196.07843137254903,3.0,2.5,2004.0,,,38.620492,-90.306783,https://www.redfin.com/MO/Saint-Louis/6911-Garner-Ave-63139/home/93671187
6420 Wise Ave,Saint Louis,63139.0,Single Family Residential,June-25-2025,314000,1300.0,False,241.53846153846155,3.0,3.0,1892.0,9365.0,,38.6284043,-90.2937495,https://www.redfin.com/MO/Saint-Louis/6420-Wise-Ave-63139/home/93672447
6605 Lindenwood Pl,Saint Louis,63109.0,Single Family Residential,August-16-2022,300000,2117.0,False,141.70996693434105,2.0,2.0,1940.0,4408.0,,38.595481,-90.3044114,https://www.redfin.com/MO/Saint-Louis/6605-Lindenwood-Pl-63109/home/62693826
5384 Reber Pl,Saint Louis,63139.0,Single Family Residential,July-7-2023,159900,1050.0,False,152.28571428571428,2.0,1.0,1916.0,3620.0,,38.6081722,-90.2785785,https://www.redfin.com/MO/Saint-Louis/5384-Reber-Pl-63139/home/93727521
6482 Lloyd Ave,Saint Louis,63139.0,Single Family Residential,June-2-2022,325000,2543.0,False,127.80180888714118,4.0,1.5,1931.0,4792.0,,38.6237779,-90.2969937,https://www.redfin.com/MO/Saint-Louis/6482-Lloyd-Ave-63139/home/93774434
3 Shaw Pl,Saint Louis,63110.0,Single Family Residential,September-5-2024,625000,2304.0,False,271.2673611111111,4.0,1.5,1893.0,11857.0,,38.615783,-90.2422674,https://www.redfin.com/MO/Saint-Louis/3-Shaw-Pl-63110/home/93700285
3945 Comstock Dr,Saint Louis,63123.0,Single Family Residential,March-28-2025,214900,1040.0,False,206.6346153846154,3.0,1.0,1955.0,6599.0,,38.5541702,-90.2804181,https://www.redfin.com/MO/Saint-Louis/3945-Comstock-Dr-63123/home/93784974
4920 Walsh St,Saint Louis,63109.0,Single Family Residential,December-3-2021,235000,1313.0,False,178.97943640517897,3.0,1.5,1918.0,3528.0,,38.5817165,-90.2793925,https://www.redfin.com/MO/Saint-Louis/4920-Walsh-St-63109/home/62747831
4421 Oakland Ave,Saint Louis,63110.0,Single Family Residential,April-11-2023,355000,1834.0,False,193.5659760087241,2.0,2.5,1903.0,4421.0,,38.6275726,-90.2595085,https://www.redfin.com/MO/Saint-Louis/4421-Oakland-Ave-63110/home/93751251
4217 Connecticut St,Saint Louis,63116.0,Single Family Residential,May-16-2023,234900,1140.0,False,206.05263157894737,2.0,1.0,1926.0,2818.0,,38.6015666,-90.2589504,https://www.redfin.com/MO/Saint-Louis/4217-Connecticut-St-63116/home/93729842
5575 Lansdowne Ave,Saint Louis,63109.0,Single Family Residential,July-24-2023,279000,1104.0,False,252.7173913043478,3.0,1.0,1959.0,4069.0,,38.5892539,-90.2873712,https://www.redfin.com/MO/Saint-Louis/5575-Lansdowne-Ave-63109/home/93752892
4009 Flad Ave,Saint Louis,63110.0,Single Family Residential,November-23-2021,315000,1518.0,False,207.5098814229249,3.0,1.5,1913.0,3398.0,,38.6123545,-90.248932,https://www.redfin.com/MO/Saint-Louis/4009-Flad-Ave-63110/home/93746652
5321 Nottingham Ave,Saint Louis,63109.0,Single Family Residential,September-23-2021,310000,1695.0,False,182.89085545722713,3.0,2.0,1922.0,3833.0,,38.5860847,-90.2830983,https://www.redfin.com/MO/Saint-Louis/5321-Nottingham-Ave-63109/home/93753478
6558 Arsenal St,Saint Louis,63139.0,Single Family Residential,April-14-2025,240000,1224.0,False,196.07843137254903,2.0,2.0,1916.0,5998.0,,38.6080365,-90.301344,https://www.redfin.com/MO/Saint-Louis/6558-Arsenal-St-63139/home/93742267
4418 Arco Ave,Saint Louis,63110.0,Single Family Residential,August-1-2023,314900,1460.0,False,215.68493150684932,2.0,1.5,1897.0,2370.0,,38.6280968,-90.2594081,https://www.redfin.com/MO/Saint-Louis/4418-Arco-Ave-63110/home/62718448
2366 Sulphur Ave,Saint Louis,63139.0,Single Family Residential,May-9-2022,235000,1221.0,False,192.46519246519247,3.0,1.0,1926.0,4138.0,,38.6134081,-90.2888164,https://www.redfin.com/MO/Saint-Louis/2366-Sulphur-Ave-63139/home/62747725
6407 Lindenwood Pl,Saint Louis,63109.0,Single Family Residential,August-10-2023,250000,1100.0,False,227.27272727272728,2.0,1.0,1953.0,4021.0,,38.5943217,-90.2983757,https://www.redfin.com/MO/Saint-Louis/6407-Lindenwood-Pl-63109/home/93778349
6478 Lloyd Ave,Saint Louis,63139.0,Single Family Residential,April-5-2024,345000,1744.0,False,197.82110091743118,3.0,2.0,1931.0,8529.0,,38.6237487,-90.2968933,https://www.redfin.com/MO/Saint-Louis/6478-Lloyd-Ave-63139/home/93774435
2651 Ann Ave,Saint Louis,63104.0,Single Family Residential,June-23-2023,449000,2526.0,False,177.7513855898654,4.0,3.5,1887.0,3123.0,,38.6106387,-90.2238433,https://www.redfin.com/MO/Saint-Louis/2651-Ann-Ave-63104/home/93690631
4544 Arco Ave,Saint Louis,63110.0,Single Family Residential,July-5-2022,425000,2654.0,False,160.13564431047476,4.0,2.5,1902.0,3267.0,,38.6288259,-90.2627928,https://www.redfin.com/MO/Saint-Louis/4544-Arco-Ave-63110/home/62740877
5410 Reber Pl,Saint Louis,63139.0,Single Family Residential,September-6-2022,195000,893.0,False,218.3650615901456,2.0,2.0,1896.0,2927.0,,38.6083373,-90.2794475,https://www.redfin.com/MO/Saint-Louis/5410-Reber-Pl-63139/home/93727378
6149 Washington Blvd,Saint Louis,63112.0,Single Family Residential,July-3-2024,390000,2001.0,False,194.9025487256372,3.0,1.5,1909.0,4373.0,,38.6545724,-90.2979425,https://www.redfin.com/MO/Saint-Louis/6149-Washington-Blvd-63112/home/93760476
4320 Itaska St,Saint Louis,63116.0,Single Family Residential,August-20-2021,130000,1201.0,False,108.24313072439634,2.0,1.0,1909.0,3572.0,,38.5833573,-90.267451,https://www.redfin.com/MO/Saint-Louis/4320-Itaska-St-63116/home/62694128
6204 Rhodes Ave,Saint Louis,63109.0,Single Family Residential,November-21-2024,400000,1825.0,False,219.17808219178082,3.0,1.5,1948.0,5388.0,,38.5792724,-90.2980634,https://www.redfin.com/MO/Saint-Louis/6204-Rhodes-Ave-63109/home/70324171
3628 Russell Blvd,Saint Louis,63110.0,Single Family Residential,August-16-2022,299990,2764.0,False,108.53473227206946,3.0,2.0,1904.0,3049.0,,38.6133527,-90.2412498,https://www.redfin.com/MO/Saint-Louis/3628-Russell-Blvd-63110/home/93747361
4148 Shaw Blvd,Saint Louis,63110.0,Single Family Residential,September-19-2024,300000,1530.0,False,196.07843137254903,3.0,1.5,1910.0,2365.0,,38.6161038,-90.2524513,https://www.redfin.com/MO/Saint-Louis/4148-Shaw-Blvd-63110/home/93747066
3535 Hartford St,Saint Louis,63118.0,Single Family Residential,August-27-2024,540000,2351.0,False,229.68949383241173,4.0,2.0,1918.0,4199.0,,38.6019027,-90.2414371,https://www.redfin.com/MO/Saint-Louis/3535-Hartford-St-63118/home/93692665
3841 Juniata St,Saint Louis,63116.0,Single Family Residential,February-15-2024,385000,1612.0,False,238.83374689826303,3.0,1.5,1900.0,3968.0,,38.6016566,-90.2478432,https://www.redfin.com/MO/Saint-Louis/3841-Juniata-St-63116/home/77520287
5408 Winona Ave,Saint Louis,63109.0,Single Family Residential,March-18-2022,249900,1945.0,False,128.4832904884319,2.0,2.0,1950.0,7754.0,,38.5911978,-90.2839393,https://www.redfin.com/MO/Saint-Louis/5408-Winona-Ave-63109/home/93782454
3337 Minnesota Ave,Saint Louis,63118.0,Single Family Residential,December-17-2021,151000,2550.0,False,59.21568627450981,5.0,2.0,1921.0,3398.0,,38.5951867,-90.23471,https://www.redfin.com/MO/Saint-Louis/3337-Minnesota-Ave-63118/home/93693482
5241 Nottingham Ave,Saint Louis,63109.0,Single Family Residential,August-12-2021,245000,1356.0,False,180.67846607669617,3.0,2.0,1920.0,3485.0,,38.5859478,-90.2818693,https://www.redfin.com/MO/Saint-Louis/5241-Nottingham-Ave-63109/home/93753505
6015 Arsenal St,Saint Louis,63139.0,Single Family Residential,May-17-2022,229000,1115.0,False,205.38116591928252,2.0,2.0,1925.0,4051.0,,38.607356,-90.290834,https://www.redfin.com/MO/Saint-Louis/6015-Arsenal-St-63139/home/93768830
3500 Connecticut St,Saint Louis,63118.0,Single Family Residential,August-29-2025,375000,2459.0,False,152.5010166734445,4.0,2.5,1909.0,4190.0,,38.5996214,-90.2407221,https://www.redfin.com/MO/Saint-Louis/3500-Connecticut-St-63118/home/92907663
5725 Lansdowne Ave,Saint Louis,63109.0,Single Family Residential,October-8-2024,214900,979.0,False,219.5097037793667,2.0,2.0,1940.0,3694.0,,38.5897769,-90.2908016,https://www.redfin.com/MO/Saint-Louis/5725-Lansdowne-Ave-63109/home/62738753
4409 Gibson Ave,Saint Louis,63110.0,Single Family Residential,September-4-2024,310000,1938.0,False,159.95872033023736,2.0,1.5,1908.0,3337.0,,38.6292821,-90.2585399,https://www.redfin.com/MO/Saint-Louis/4409-Gibson-Ave-63110/home/93750856
1425 Brock St,Saint Louis,63139.0,Single Family Residential,July-30-2024,190000,672.0,False,282.73809523809524,2.0,1.0,1951.0,4818.0,,38.6256275,-90.3023972,https://www.redfin.com/MO/Saint-Louis/1425-Brock-St-63139/home/93740765
4222 Red Bud Ave,Saint Louis,63115.0,Single Family Residential,December-12-2023,199000,1958.0,False,101.63432073544433,3.0,2.5,1913.0,4922.0,,38.6736717,-90.2271594,https://www.redfin.com/MO/Saint-Louis/4222-Red-Bud-Ave-63115/home/93714778
5660 Oleatha Ave,Saint Louis,63139.0,Single Family Residential,July-30-2025,315000,2196.0,False,143.44262295081967,4.0,1.0,1949.0,3998.0,,38.5968157,-90.2873733,https://www.redfin.com/MO/Saint-Louis/5660-Oleatha-Ave-63139/home/93780676
1040 Carroll St #6,St. Louis,63104.0,Townhouse,June-18-2025,299900,1830.0,False,163.87978142076503,3.0,2.5,1990.0,,,38.612582,-90.203986,https://www.redfin.com/MO/St-Louis/1040-Carroll-St-63104/unit-6/home/187298393
5743 Westminster Pl,Saint Louis,63112.0,Single Family Residential,January-10-2023,299900,2080.0,False,144.18269230769232,4.0,3.5,1986.0,6194.0,,38.6525923,-90.2870619,https://www.redfin.com/MO/Saint-Louis/5743-Westminster-Pl-63112/home/93767313
3820 Wisconsin Ave,Saint Louis,63118.0,Single Family Residential,February-28-2025,120000,1612.0,False,74.44168734491315,2.0,2.0,1899.0,3001.0,,38.5849378,-90.2222587,https://www.redfin.com/MO/Saint-Louis/3820-Wisconsin-Ave-63118/home/93696867
4028 Pennsylvania Ave,Saint Louis,63118.0,Single Family Residential,April-7-2023,120000,1139.0,False,105.35557506584723,2.0,1.0,1924.0,4543.0,,38.5826127,-90.2356221,https://www.redfin.com/MO/Saint-Louis/4028-Pennsylvania-Ave-63118/home/93704947
4938 Lansdowne Ave,Saint Louis,63109.0,Single Family Residential,September-26-2025,287500,1517.0,False,189.5187870797627,3.0,2.0,1921.0,3998.0,,38.5877958,-90.2774473,https://www.redfin.com/MO/Saint-Louis/4938-Lansdowne-Ave-63109/home/93752989
2816 Mcnair Ave,Saint Louis,63118.0,Single Family Residential,June-9-2025,460000,3042.0,False,151.2163050624589,3.0,3.5,1893.0,3101.0,,38.6015669,-90.2199871,https://www.redfin.com/MO/Saint-Louis/2816-McNair-Ave-63118/home/63588065
3309 Commonwealth Ave,Saint Louis,63143.0,Single Family Residential,August-15-2024,347400,1959.0,False,177.3353751914242,4.0,3.0,1905.0,8812.0,,38.606223,-90.3145887,https://www.redfin.com/MO/Saint-Louis/3309-Commonwealth-Ave-63143/home/93751140
3002 Geyer Ave,Saint Louis,63104.0,Single Family Residential,November-7-2025,510000,3100.0,False,164.51612903225808,4.0,2.5,1892.0,3833.0,,38.6137705,-90.2295999,https://www.redfin.com/MO/Saint-Louis/3002-Geyer-Ave-63104/home/93690000
3335 Pennsylvania Ave,Saint Louis,63118.0,Single Family Residential,September-12-2025,285000,1920.0,False,148.4375,4.0,2.5,1898.0,3118.0,,38.5950258,-90.2335406,https://www.redfin.com/MO/Saint-Louis/3335-Pennsylvania-Ave-63118/home/93693565
3936 Oregon Ave,Saint Louis,63118.0,Single Family Residential,March-17-2023,128000,1050.0,False,121.9047619047619,2.0,1.0,1926.0,4513.0,,38.5839199,-90.2330066,https://www.redfin.com/MO/Saint-Louis/3936-Oregon-Ave-63118/home/93704260
4111 California Ave,Saint Louis,63118.0,Single Family Residential,November-25-2025,174900,2056.0,False,85.06809338521401,3.0,2.0,1892.0,6250.0,,38.5809407,-90.2329038,https://www.redfin.com/MO/Saint-Louis/4111-California-Ave-63118/home/93705077
1226 Russell Blvd,Saint Louis,63104.0,Single Family Residential,April-11-2023,299000,1552.0,False,192.65463917525773,3.0,1.5,1890.0,2339.0,,38.6078244,-90.2107681,https://www.redfin.com/MO/Saint-Louis/1226-Russell-Blvd-63104/home/62759209
5715 Enright Ave,Saint Louis,63112.0,Single Family Residential,December-30-2025,350000,2352.0,False,148.8095238095238,5.0,3.5,1905.0,5248.0,,38.6554686,-90.2852997,https://www.redfin.com/MO/Saint-Louis/5715-Enright-Ave-63112/home/93739395
4738 Ray Ave,Saint Louis,63116.0,Single Family Residential,April-22-2025,209600,2080.0,False,100.76923076923077,3.0,2.5,1948.0,4600.0,,38.579484,-90.2621051,https://www.redfin.com/MO/Saint-Louis/4738-Ray-Ave-63116/home/93778424
2018 Senate St Unit R,Saint Louis,63118.0,Single Family Residential,October-6-2022,200000,1540.0,False,129.87012987012986,1.0,1.5,1888.0,1525.0,,38.6028817,-90.2186238,https://www.redfin.com/MO/Saint-Louis/2018-Senate-St-63118/unit-R/home/103204411
4998 Fairview Ave,Saint Louis,63139.0,Single Family Residential,September-12-2023,285000,1444.0,False,197.3684210526316,3.0,1.5,1936.0,6673.0,,38.5982249,-90.2752252,https://www.redfin.com/MO/Saint-Louis/4998-Fairview-Ave-63139/home/93777053
3939 Botanical Ave,Saint Louis,63110.0,Single Family Residential,January-28-2022,525000,2706.0,False,194.01330376940132,3.0,2.5,1908.0,6360.0,,38.6095561,-90.2477216,https://www.redfin.com/MO/Saint-Louis/3939-Botanical-Ave-63110/home/103203297
4152 Flad Ave,Saint Louis,63110.0,Single Family Residential,October-2-2023,299000,2470.0,False,121.05263157894737,4.0,2.0,1904.0,4195.0,,38.6123526,-90.2531714,https://www.redfin.com/MO/Saint-Louis/4152-Flad-Ave-63110/home/93746497
4934 Murdoch Ave,Saint Louis,63109.0,Single Family Residential,January-18-2023,267900,1245.0,False,215.18072289156626,2.0,1.0,1918.0,3977.0,,38.5860513,-90.277848,https://www.redfin.com/MO/Saint-Louis/4934-Murdoch-Ave-63109/home/93753338
2856 Russell,Saint Louis,63104.0,Single Family Residential,January-18-2022,378800,2696.0,False,140.50445103857567,3.0,2.5,1885.0,3659.0,,38.6117695,-90.2285006,https://www.redfin.com/MO/Saint-Louis/2856-Russell-Blvd-63104/home/93690722
1535 Gregg Ave,Saint Louis,63139.0,Single Family Residential,March-10-2023,125500,882.0,False,142.29024943310657,2.0,1.0,1928.0,4029.0,,38.6225256,-90.2930995,https://www.redfin.com/MO/Saint-Louis/1535-Gregg-Ave-63139/home/93762232
6375 Devonshire Ave,Saint Louis,63109.0,Single Family Residential,August-27-2025,635000,2114.0,False,300.37842951750235,4.0,2.0,1937.0,5201.0,,38.5897213,-90.2999651,https://www.redfin.com/MO/Saint-Louis/6375-Devonshire-Ave-63109/home/93780137
6128 Marwinette Ave,Saint Louis,63116.0,Single Family Residential,October-20-2023,400000,1875.0,False,213.33333333333334,4.0,2.0,1937.0,5567.0,,38.5686044,-90.2671489,https://www.redfin.com/MO/Saint-Louis/6128-Marwinette-Ave-63116/home/93773761
4124 S Compton Ave,Saint Louis,63118.0,Single Family Residential,June-6-2024,275000,2036.0,False,135.0687622789784,3.0,2.5,1898.0,3267.0,,38.5813658,-90.2393806,https://www.redfin.com/MO/Saint-Louis/4124-S-Compton-Ave-63118/home/93705257
3251 Missouri Ave,Saint Louis,63118.0,Single Family Residential,January-27-2025,549900,2895.0,False,189.94818652849742,4.0,3.0,1895.0,15246.0,,38.5951451,-90.2230813,https://www.redfin.com/MO/Saint-Louis/3251-Missouri-Ave-63118/home/93693898
3756 Olive St,Saint Louis,63108.0,Single Family Residential,April-2-2024,1200000,3510.0,False,341.88034188034186,4.0,3.5,1921.0,2518.0,,38.6400783,-90.2373737,https://www.redfin.com/MO/Saint-Louis/3756-Olive-St-63108/unit-15/home/176875150
4634 Steffens Ave,Saint Louis,63116.0,Single Family Residential,January-31-2023,100000,768.0,False,130.20833333333334,1.0,1.0,1922.0,3615.0,,38.5805859,-90.2598954,https://www.redfin.com/MO/Saint-Louis/4634-Steffens-Ave-63116/home/93767189
5700 Lansdowne Ave,Saint Louis,63109.0,Single Family Residential,August-31-2021,140000,948.0,False,147.67932489451476,2.0,1.0,1923.0,4008.0,,38.5891785,-90.2901528,https://www.redfin.com/MO/Saint-Louis/5700-Lansdowne-Ave-63109/home/93753048
5473 Oleatha Ave,Saint Louis,63139.0,Single Family Residential,July-13-2023,225000,1008.0,False,223.21428571428572,2.0,1.0,1951.0,4373.0,,38.5969323,-90.28416,https://www.redfin.com/MO/Saint-Louis/5473-Oleatha-Ave-63139/home/93780891
5980 Astra,Saint Louis,63147.0,Single Family Residential,January-31-2024,146000,972.0,False,150.20576131687244,4.0,2.0,1926.0,,,38.7099777,-90.2496647,https://www.redfin.com/MO/Saint-Louis/5980-Astra-Ave-63147/home/93770366
2000 Senate,Saint Louis,63118.0,Single Family Residential,December-29-2021,250000,1950.0,False,128.2051282051282,2.0,2.5,1981.0,3223.0,,38.6027388,-90.2181058,https://www.redfin.com/MO/Saint-Louis/2000-Senate-St-63118/home/93697757
5203 Windsor Pkwy,Saint Louis,63116.0,Single Family Residential,April-13-2026,159900,890.0,False,179.6629213483146,3.0,1.5,1923.0,5248.0,,38.5820115,-90.2775121,https://www.redfin.com/MO/Saint-Louis/5203-Windsor-Pkwy-63116/home/93765296
6312 Lucille Ave,Saint Louis,63136.0,Single Family Residential,October-25-2023,44000,768.0,False,57.291666666666664,2.0,1.0,1926.0,12354.0,,38.7066254,-90.2603532,https://www.redfin.com/MO/Saint-Louis/6312-Lucille-Ave-63136/home/93745615
6928 Garner Ave,Saint Louis,63139.0,Single Family Residential,June-17-2022,120000,962.0,False,124.74012474012474,4.0,1.0,1922.0,6098.0,,38.6200787,-90.3075033,https://www.redfin.com/MO/Saint-Louis/6928-Garner-Ave-63139/home/93741053
1131 Childress Ave,Saint Louis,63139.0,Single Family Residential,May-25-2022,289000,944.0,False,306.14406779661016,2.0,1.0,1938.0,4051.0,,38.6292413,-90.2949348,https://www.redfin.com/MO/Saint-Louis/1131-Childress-Ave-63139/home/88995356
3915 Russell Blvd,Saint Louis,63110.0,Single Family Residential,February-27-2025,130000,2198.0,False,59.14467697907188,3.0,2.0,1902.0,3023.0,,38.6142398,-90.2461134,https://www.redfin.com/MO/Saint-Louis/3915-Russell-Blvd-63110/home/93747573
3907 Burgen Ave,Saint Louis,63116.0,Single Family Residential,October-26-2023,165000,960.0,False,171.875,2.0,1.0,1932.0,3071.0,,38.5710687,-90.2612524,https://www.redfin.com/MO/Saint-Louis/3907-Burgen-Ave-63116/home/93781486
3117 Mount Pleasant St,Saint Louis,63111.0,Single Family Residential,July-6-2022,120000,1453.0,False,82.58774948382657,2.0,1.5,1920.0,4356.0,,38.5732275,-90.2396978,https://www.redfin.com/MO/Saint-Louis/3117-Mount-Pleasant-St-63111/home/93706244
6434 Wanda Ave,Saint Louis,63116.0,Single Family Residential,April-27-2023,139000,984.0,False,141.260162601626,2.0,1.0,1955.0,3489.0,,38.5699624,-90.2765057,https://www.redfin.com/MO/Saint-Louis/6434-Wanda-Ave-63116/home/93770659
5621 Southwest Ave,Saint Louis,63139.0,Single Family Residential,November-23-2021,135000,920.0,False,146.7391304347826,2.0,1.0,1908.0,4095.0,,38.608435,-90.28285,https://www.redfin.com/MO/Saint-Louis/5621-Southwest-Ave-63139/home/93727233
5415 Childress Ave,Saint Louis,63109.0,Single Family Residential,February-21-2025,305000,1465.0,False,208.19112627986348,3.0,2.0,1947.0,9601.0,,38.5816753,-90.3016527,https://www.redfin.com/MO/Saint-Louis/5415-Childress-Ave-63109/home/93782736
6719 Dolan Pl,Saint Louis,63139.0,Single Family Residential,May-18-2023,215000,995.0,False,216.08040201005025,2.0,1.0,1940.0,5846.0,,38.629938,-90.3014715,https://www.redfin.com/MO/Saint-Louis/6719-Dolan-Pl-63139/home/93765058
3410 Halliday Ave,Saint Louis,63118.0,Single Family Residential,July-20-2023,475000,2975.0,False,159.6638655462185,5.0,3.5,1906.0,4792.0,,38.6046525,-90.2376465,https://www.redfin.com/MO/Saint-Louis/3410-Halliday-Ave-63118/home/62694309
4557 Wabash Ave,Saint Louis,63109.0,Single Family Residential,March-13-2026,200000,840.0,False,238.0952380952381,2.0,1.0,1941.0,5248.0,,38.5902298,-90.3149485,https://www.redfin.com/MO/Saint-Louis/4557-Wabash-Ave-63109/home/93780799
4636 S Compton Ave,Saint Louis,63111.0,Single Family Residential,April-23-2026,180000,1502.0,False,119.84021304926765,3.0,2.0,1902.0,3123.0,,38.5721478,-90.2413106,https://www.redfin.com/MO/Saint-Louis/4636-S-Compton-Ave-63111/home/93706850
5721 Floy Ave,Saint Louis,63136.0,Single Family Residential,September-22-2025,35000,1032.0,False,33.91472868217054,2.0,1.0,1929.0,3540.0,,38.7107358,-90.255801,https://www.redfin.com/MO/Saint-Louis/5721-Floy-Ave-63136/home/93765363
2657 Oregon Ave,Saint Louis,63118.0,Single Family Residential,October-12-2022,60000,779.0,False,77.02182284980745,2.0,1.0,1960.0,3128.0,,38.6049335,-90.2291553,https://www.redfin.com/MO/Saint-Louis/2657-Oregon-Ave-63118/home/62748288
4445 Tholozan Ave,Saint Louis,63116.0,Single Family Residential,December-5-2024,138000,820.0,False,168.29268292682926,1.0,1.0,1926.0,3781.0,,38.5936957,-90.2672831,https://www.redfin.com/MO/Saint-Louis/4445-Tholozan-Ave-63116/home/93756361
4219 Louisiana Ave,Saint Louis,63111.0,Single Family Residential,September-22-2021,130000,1932.0,False,67.28778467908903,4.0,2.0,1924.0,3311.0,,38.5800845,-90.2424366,https://www.redfin.com/MO/Saint-Louis/4219-Louisiana-Ave-63111/home/93705455
5207 Gresham Ave,Saint Louis,63109.0,Single Family Residential,March-15-2024,229900,943.0,False,243.79639448568398,2.0,1.0,1924.0,4352.0,,38.5745499,-90.2863816,https://www.redfin.com/MO/Saint-Louis/5207-Gresham-Ave-63109/home/62723050
2837 Wisconsin Ave,Saint Louis,63118.0,Single Family Residential,October-29-2024,170000,1318.0,False,128.98330804248863,3.0,2.0,1892.0,2444.0,,38.6007981,-90.2193616,https://www.redfin.com/MO/Saint-Louis/2837-Wisconsin-Ave-63118/home/93691590
4708 Vienna Ave,Saint Louis,63109.0,Single Family Residential,October-20-2023,450000,1421.0,False,316.6783954961295,3.0,1.5,1935.0,4143.0,,38.5877886,-90.2962704,https://www.redfin.com/MO/Saint-Louis/4708-Vienna-Ave-63109/home/93780144
4215 Utah St,Saint Louis,63116.0,Single Family Residential,June-24-2022,175000,1125.0,False,155.55555555555554,0.0,1.0,1942.0,5924.0,,38.5989863,-90.2593492,https://www.redfin.com/MO/Saint-Louis/4215-Utah-St-63116/home/93729436
1955 Wyoming St,Saint Louis,63118.0,Single Family Residential,July-2-2024,392000,2271.0,False,172.61118450022016,4.0,2.5,1998.0,7802.0,,38.596456,-90.2198427,https://www.redfin.com/MO/Saint-Louis/1955-Wyoming-St-63118/home/93681647
1912 Lasalle St,Saint Louis,63104.0,Single Family Residential,September-30-2024,930000,4139.0,False,224.69195457840058,4.0,3.5,1885.0,6373.0,,38.6196655,-90.2119652,https://www.redfin.com/MO/Saint-Louis/1912-Lasalle-St-63104/home/62768969
6122 Southwest Ave,Saint Louis,63139.0,Single Family Residential,April-8-2025,230000,966.0,False,238.0952380952381,2.0,1.0,1926.0,3842.0,,38.6113029,-90.2918979,https://www.redfin.com/MO/Saint-Louis/6122-Southwest-Ave-63139/home/93774019
1207 Sidney St,Saint Louis,63104.0,Single Family Residential,October-11-2024,350000,2308.0,False,151.64644714038127,3.0,2.5,1886.0,5615.0,,38.602418,-90.2125204,https://www.redfin.com/MO/Saint-Louis/1207-Sidney-St-63104/home/93686969
6256 Marmaduke Ave,Saint Louis,63139.0,Single Family Residential,August-8-2022,178000,895.0,False,198.88268156424581,2.0,1.0,1947.0,,,38.6101524,-90.2948616,https://www.redfin.com/MO/Saint-Louis/6256-Marmaduke-Ave-63139/home/93767690
4246 Schiller Pl,Saint Louis,63116.0,Single Family Residential,October-8-2025,99000,810.0,False,122.22222222222223,1.0,1.0,1924.0,3450.0,,38.5778347,-90.2680094,https://www.redfin.com/MO/Saint-Louis/4246-Schiller-Pl-63116/home/93781162
4108 Oregon Ave,Saint Louis,63118.0,Single Family Residential,September-10-2021,129900,733.0,False,177.2169167803547,3.0,1.0,1895.0,3136.0,,38.5811024,-90.2335816,https://www.redfin.com/MO/Saint-Louis/4108-Oregon-Ave-63118/home/93705074
4312 Wabash Ave,Saint Louis,63109.0,Single Family Residential,July-28-2022,130000,698.0,False,186.2464183381089,2.0,1.0,1927.0,4225.0,,38.5933338,-90.3158755,https://www.redfin.com/MO/Saint-Louis/4312-Wabash-Ave-63109/home/93774601
3947 Bowen St,Saint Louis,63116.0,Single Family Residential,October-19-2023,250000,1612.0,False,155.08684863523573,3.0,2.0,1927.0,4927.0,,38.5682085,-90.2648326,https://www.redfin.com/MO/Saint-Louis/3947-Bowen-St-63116/home/93773835
5021 S Kingshighway Blvd,Saint Louis,63109.0,Single Family Residential,June-30-2023,129900,975.0,False,133.23076923076923,2.0,2.0,1916.0,4108.0,,38.5837735,-90.2777097,https://www.redfin.com/MO/Saint-Louis/5021-S-Kingshighway-Blvd-63109/home/93766943
3719 Ohio Ave,Saint Louis,63118.0,Single Family Residential,September-22-2021,79000,759.0,False,104.08432147562583,2.0,1.0,1957.0,3136.0,,38.5876261,-90.2291953,https://www.redfin.com/MO/Saint-Louis/3719-Ohio-Ave-63118/home/93696190
5600 Rhodes Ave,Saint Louis,63109.0,Single Family Residential,July-28-2023,164900,1300.0,False,126.84615384615384,2.0,1.0,1928.0,5850.0,,38.5781779,-90.2900389,https://www.redfin.com/MO/Saint-Louis/5600-Rhodes-Ave-63109/home/93777545
4032 Schiller Pl,Saint Louis,63116.0,Single Family Residential,December-11-2023,77000,648.0,False,118.82716049382717,2.0,1.0,1951.0,3450.0,,38.5752887,-90.2631229,https://www.redfin.com/MO/Saint-Louis/4032-Schiller-Pl-63116/home/93781112
3507 Hawthorne,Saint Louis,63104.0,Single Family Residential,March-21-2023,890000,2530.0,False,351.7786561264822,4.0,3.0,1949.0,,,38.6108417,-90.2385048,https://www.redfin.com/MO/Saint-Louis/3507-Hawthorne-Blvd-63104/home/93748598
4063 Magnolia Ave,Saint Louis,63110.0,Single Family Residential,June-9-2025,600000,1400.0,False,428.57142857142856,4.0,2.5,1919.0,9801.0,,38.6083902,-90.2514234,https://www.redfin.com/MO/Saint-Louis/4063-Magnolia-Ave-63110/home/93746397
6709 Leona,Saint Louis,63116.0,Single Family Residential,May-24-2022,325000,1801.0,False,180.4553026096613,2.0,1.5,1929.0,5358.0,,38.5652382,-90.2723072,https://www.redfin.com/MO/Saint-Louis/6709-Leona-St-63116/home/93779057
5222 Parker Ave,Saint Louis,63139.0,Single Family Residential,March-14-2024,215000,1347.0,False,159.61395694135115,2.0,1.0,1950.0,5510.0,,38.5993874,-90.2783243,https://www.redfin.com/MO/Saint-Louis/5222-Parker-Ave-63139/home/62696267
4041 Parker Ave,Saint Louis,63116.0,Single Family Residential,August-22-2023,235000,1076.0,False,218.40148698884758,2.0,1.0,1929.0,3951.0,,38.596666,-90.2550267,https://www.redfin.com/MO/Saint-Louis/4041-Parker-Ave-63116/home/93729188
3120 S Compton Ave,Saint Louis,63118.0,Single Family Residential,May-2-2025,150000,2300.0,False,65.21739130434783,4.0,3.0,1904.0,4251.0,,38.6010869,-90.235274,https://www.redfin.com/MO/Saint-Louis/3120-S-Compton-Ave-63118/home/93692763
6541 Winnebago St,Saint Louis,63109.0,Single Family Residential,March-19-2025,255000,1032.0,False,247.09302325581396,2.0,1.0,1939.0,4199.0,,38.5944368,-90.3030348,https://www.redfin.com/MO/Saint-Louis/6541-Winnebago-St-63109/home/93775095
5758 Gresham Ave,Saint Louis,63109.0,Single Family Residential,June-30-2022,230000,1225.0,False,187.75510204081633,3.0,1.5,1921.0,3703.0,,38.5750265,-90.2943531,https://www.redfin.com/MO/Saint-Louis/5758-Gresham-Ave-63109/home/93774280
6257 Hoffman Ave,Saint Louis,63139.0,Single Family Residential,August-4-2023,159900,966.0,False,165.527950310559,1.0,1.0,1930.0,4443.0,,38.6086778,-90.2951283,https://www.redfin.com/MO/Saint-Louis/6257-Hoffman-Ave-63139/home/93768062
5224 Tamm Ave,Saint Louis,63109.0,Single Family Residential,March-17-2023,739900,2440.0,False,303.23770491803276,4.0,3.5,1934.0,7492.0,,38.5841677,-90.2987785,https://www.redfin.com/MO/Saint-Louis/5224-Tamm-Ave-63109/home/93780274
3651 Blow St,Saint Louis,63116.0,Single Family Residential,April-20-2026,185000,936.0,False,197.64957264957266,2.0,2.0,1928.0,4800.0,,38.5580328,-90.2652765,https://www.redfin.com/MO/Saint-Louis/3651-Blow-St-63116/home/93711808
5422 Odell St,Saint Louis,63139.0,Single Family Residential,February-27-2026,155000,1688.0,False,91.82464454976304,4.0,3.0,1898.0,9099.0,,38.6070915,-90.2799661,https://www.redfin.com/MO/Saint-Louis/5422-Odell-St-63139/home/93727341
5263 Parker Ave,Saint Louis,63139.0,Single Family Residential,April-29-2022,170000,864.0,False,196.75925925925927,1.0,1.0,1950.0,6882.0,,38.5999632,-90.2796662,https://www.redfin.com/MO/Saint-Louis/5263-Parker-Ave-63139/home/62748407
5211 Nagel Ave,Saint Louis,63109.0,Single Family Residential,July-2-2025,149900,906.0,False,165.45253863134658,2.0,1.0,1929.0,3360.0,,38.5701545,-90.2902479,https://www.redfin.com/MO/Saint-Louis/5211-Nagel-Ave-63109/home/93758204
5704 Lansdowne Ave,Saint Louis,63109.0,Single Family Residential,August-3-2022,295000,2165.0,False,136.25866050808315,4.0,1.5,1921.0,3402.0,,38.5891665,-90.2902733,https://www.redfin.com/MO/Saint-Louis/5704-Lansdowne-Ave-63109/home/93753055
3834 Bingham Ave,Saint Louis,63116.0,Single Family Residential,July-26-2021,99900,1151.0,False,86.79409209383145,2.0,1.0,1937.0,5314.0,,38.581938,-90.2504397,https://www.redfin.com/MO/Saint-Louis/3834-Bingham-Ave-63116/home/93767384
4444 Bingham Ave,Saint Louis,63116.0,Single Family Residential,July-15-2021,135000,1694.0,False,79.69303423848878,1.0,1.5,1928.0,4269.0,,38.5900129,-90.2689342,https://www.redfin.com/MO/Saint-Louis/4444-Bingham-Ave-63116/home/93772053
3967 Holly Hills Blvd,Saint Louis,63116.0,Single Family Residential,May-31-2022,549900,2586.0,False,212.6450116009281,3.0,2.5,1931.0,10267.0,,38.5667648,-90.2670138,https://www.redfin.com/MO/Saint-Louis/3967-Holly-Hills-Blvd-63116/home/93773772
5650 Leona,Saint Louis,63116.0,Single Family Residential,September-9-2021,215000,1237.0,False,173.80759902991107,2.0,2.0,1921.0,4356.0,,38.5721768,-90.265145,https://www.redfin.com/MO/Saint-Louis/5650-Leona-St-63116/home/62762329
3800 Olive St,Saint Louis,63108.0,Single Family Residential,August-21-2023,690000,3168.0,False,217.8030303030303,2.0,3.0,1921.0,2875.0,,38.6402199,-90.237528,https://www.redfin.com/MO/Saint-Louis/3800-Olive-St-63108/home/181866747
6412 Colletta Dr,Saint Louis,63139.0,Single Family Residential,March-29-2022,164999,780.0,False,211.5371794871795,2.0,1.0,1954.0,,,38.614079,-90.2968247,https://www.redfin.com/MO/Saint-Louis/6412-Colletta-Dr-63139/home/93784650
6759 W Park Ave,Saint Louis,63139.0,Single Family Residential,May-6-2022,199900,918.0,False,217.75599128540304,2.0,1.0,1925.0,5384.0,,38.6284006,-90.302927,https://www.redfin.com/MO/Saint-Louis/6759-W-Park-Ave-63139/home/62761874
3820 Olive St Lot 8,St. Louis,63108.0,Single Family Residential,October-23-2025,745000,3168.0,False,235.16414141414143,3.0,3.0,2025.0,3097.0,,38.6404584,-90.2381704,https://www.redfin.com/MO/St-Louis/3820-Olive-St-63108/unit-8/home/193424225
1234 Dolman St,Saint Louis,63104.0,Single Family Residential,October-12-2021,400000,1805.0,False,221.60664819944597,3.0,2.5,2013.0,2844.0,,38.6173581,-90.2096118,https://www.redfin.com/MO/Saint-Louis/1234-Dolman-St-63104/home/143286255
4030 Saint Louis Ave,Saint Louis,63107.0,Single Family Residential,March-9-2026,125000,2950.0,False,42.3728813559322,3.0,3.0,1905.0,4260.0,,38.6594554,-90.2301642,https://www.redfin.com/MO/Saint-Louis/4030-Saint-Louis-Ave-63107/home/93716538
252 Woodbourne Dr,Saint Louis,63105.0,Single Family Residential,October-27-2023,1230000,3660.0,False,336.0655737704918,4.0,3.0,1929.0,12955.0,,38.6424206,-90.3036636,https://www.redfin.com/MO/Saint-Louis/252-Woodbourne-Dr-63105/home/62705469
2306 Sulphur Ave,Saint Louis,63139.0,Single Family Residential,August-15-2023,190000,1068.0,False,177.90262172284645,2.0,1.0,1926.0,3459.0,,38.6150407,-90.288518,https://www.redfin.com/MO/Saint-Louis/2306-Sulphur-Ave-63139/home/93741634
4339 Potomac St,Saint Louis,63116.0,Single Family Residential,August-23-2024,170000,1140.0,False,149.12280701754386,3.0,2.0,1925.0,3751.0,,38.5959716,-90.263933,https://www.redfin.com/MO/Saint-Louis/4339-Potomac-St-63116/home/93774397
2631 January Ave,Saint Louis,63139.0,Single Family Residential,March-28-2025,220000,750.0,False,293.3333333333333,1.0,1.0,1896.0,3276.0,,38.6109068,-90.2837193,https://www.redfin.com/MO/Saint-Louis/2631-January-Ave-63139/home/93726782
8531 Lowell St,Saint Louis,63147.0,Single Family Residential,July-8-2022,47000,888.0,False,52.927927927927925,2.0,1.0,1931.0,5097.0,,38.718646,-90.2281213,https://www.redfin.com/MO/Saint-Louis/8531-Lowell-St-63147/home/93731605
3438 Russell Blvd #303,Saint Louis,63104.0,Single Family Residential,August-1-2022,149900,1650.0,False,90.84848484848484,3.0,2.0,1927.0,,,38.6125353,-90.2370616,https://www.redfin.com/MO/Saint-Louis/3438-Russell-Blvd-63104/unit-303/home/93690987
5962 Maple Ave,Saint Louis,63112.0,Single Family Residential,December-13-2024,208500,2110.0,False,98.81516587677726,3.0,3.0,1906.0,6299.0,,38.6612779,-90.2917962,https://www.redfin.com/MO/Saint-Louis/5962-Maple-Ave-63112/home/93723866
6223 Potomac St,Saint Louis,63139.0,Single Family Residential,April-19-2023,299900,1916.0,False,156.5240083507307,3.0,2.5,1931.0,4365.0,,38.5989785,-90.2958383,https://www.redfin.com/MO/Saint-Louis/6223-Potomac-St-63139/home/93775397
6053 Bishops Pl,Saint Louis,63109.0,Single Family Residential,September-4-2025,599900,2991.0,False,200.56837178201272,3.0,3.0,1950.0,7775.0,,38.5759235,-90.3014088,https://www.redfin.com/MO/Saint-Louis/6053-Bishops-Pl-63109/home/84228056
7016 Horner Ave,Saint Louis,63117.0,Single Family Residential,June-18-2025,100000,750.0,False,133.33333333333334,0.0,2.0,1947.0,6699.0,,38.6252062,-90.3082831,https://www.redfin.com/MO/Saint-Louis/7016-Horner-Ave-63117/home/93786067
4003 Shreve Ave,Saint Louis,63115.0,Single Family Residential,March-24-2022,90000,1152.0,False,78.125,3.0,1.5,1931.0,3964.0,,38.6763261,-90.2442133,https://www.redfin.com/MO/Saint-Louis/4003-Shreve-Ave-63115/home/93732828
3826 Olive St Lot 7,St. Louis,63108.0,Single Family Residential,October-22-2025,645000,2629.0,False,245.34043362495245,3.0,3.0,1921.0,2283.0,,38.640621,-90.2380476,https://www.redfin.com/MO/St-Louis/3826-Olive-St-63108/unit-7/home/194935156
6739 Wise Ave,Saint Louis,63139.0,Single Family Residential,July-30-2021,170000,1082.0,False,157.11645101663586,3.0,1.0,1946.0,4182.0,,38.6291821,-90.30213,https://www.redfin.com/MO/Saint-Louis/6739-Wise-Ave-63139/home/93740518
6542 Hoffman Ave,Saint Louis,63139.0,Single Family Residential,April-29-2022,280000,1435.0,False,195.1219512195122,3.0,2.0,1921.0,4966.0,,38.6088038,-90.2999173,https://www.redfin.com/MO/Saint-Louis/6542-Hoffman-Ave-63139/home/93741675
4128 Tesson St,Saint Louis,63123.0,Single Family Residential,January-16-2025,199900,1282.0,False,155.92823712948518,3.0,1.0,1950.0,6599.0,,38.5569629,-90.2823878,https://www.redfin.com/MO/Saint-Louis/4128-Tesson-St-63123/home/93784162
5512 Finkman St,Saint Louis,63109.0,Single Family Residential,June-13-2025,210000,1188.0,False,176.76767676767676,0.0,2.0,1929.0,4900.0,,38.5764345,-90.2895123,https://www.redfin.com/MO/Saint-Louis/5512-Finkman-St-63109/home/93776605
3704 Ohio Ave,Saint Louis,63118.0,Single Family Residential,May-28-2026,249900,1938.0,False,128.94736842105263,3.0,3.5,1907.0,2874.0,,38.58797,-90.2286628,https://www.redfin.com/MO/Saint-Louis/3704-Ohio-Ave-63118/home/93696540
6801 Arthur Ave,Saint Louis,63139.0,Single Family Residential,April-1-2022,289900,1653.0,False,175.37810042347246,3.0,2.0,1925.0,8276.0,,38.602547,-90.3060929,https://www.redfin.com/MO/Saint-Louis/6801-Arthur-Ave-63139/home/93743408
4729 Prague Ave,Saint Louis,63109.0,Single Family Residential,July-1-2025,499900,2068.0,False,241.7311411992263,3.0,2.5,1955.0,4399.0,,38.5873739,-90.2978917,https://www.redfin.com/MO/Saint-Louis/4729-Prague-Ave-63109/home/93780243
4941 Fairview Ave,St. Louis,63139.0,Single Family Residential,April-18-2022,205000,1751.0,False,117.07595659623072,3.0,2.0,1928.0,4835.0,,38.5981101,-90.2726924,https://www.redfin.com/MO/St-Louis/4941-Fairview-Ave-63139/home/182673086
4556 Athlone Ave,Saint Louis,63115.0,Single Family Residential,July-8-2022,25000,1113.0,False,22.461814914645103,3.0,1.0,1908.0,3703.0,,38.677599,-90.2236876,https://www.redfin.com/MO/Saint-Louis/4556-Athlone-Ave-63115/home/93714019
4118 Botanical Ave,Saint Louis,63110.0,Single Family Residential,May-23-2022,525000,2672.0,False,196.48203592814372,4.0,3.0,1914.0,4356.0,,38.609581,-90.252409,https://www.redfin.com/MO/Saint-Louis/4118-Botanical-Ave-63110/home/62733923
4343 Delmar Blvd,Saint Louis,63108.0,Single Family Residential,March-6-2024,460000,2700.0,False,170.37037037037038,3.0,2.5,2008.0,,,38.6486442,-90.2491148,https://www.redfin.com/MO/Saint-Louis/4343-Delmar-Blvd-63108/home/146874005
5435 Eichelberger St,Saint Louis,63109.0,Single Family Residential,May-19-2022,200000,1126.0,False,177.61989342806393,2.0,1.0,1931.0,3528.0,,38.5819436,-90.2864741,https://www.redfin.com/MO/Saint-Louis/5435-Eichelberger-St-63109/home/93767698
4002 Bates,Saint Louis,63116.0,Single Family Residential,June-18-2025,130000,800.0,False,162.5,2.0,1.0,1911.0,,,38.5727913,-90.2630153,https://www.redfin.com/MO/Saint-Louis/4002-Bates-St-63116/home/93771943
4333 Connecticut St,Saint Louis,63116.0,Single Family Residential,August-30-2022,45000,1260.0,False,35.714285714285715,2.0,2.0,1913.0,2910.0,,38.6019537,-90.262856,https://www.redfin.com/MO/Saint-Louis/4333-Connecticut-St-63116/home/93749724
5231 Potomac St,Saint Louis,63139.0,Single Family Residential,May-20-2022,135000,788.0,False,171.3197969543147,3.0,1.0,1950.0,4966.0,,38.5981349,-90.279144,https://www.redfin.com/MO/Saint-Louis/5231-Potomac-St-63139/home/93742667
6604 Mardel Ave,Saint Louis,63109.0,Single Family Residential,July-13-2022,284900,1680.0,False,169.58333333333334,3.0,1.0,1938.0,4748.0,,38.5959613,-90.3043468,https://www.redfin.com/MO/Saint-Louis/6604-Mardel-Ave-63109/home/93774884
3865 Bowen St,Saint Louis,63116.0,Single Family Residential,May-8-2026,400000,1503.0,False,266.13439787092483,4.0,3.0,1929.0,5601.0,,38.5673731,-90.2632329,https://www.redfin.com/MO/Saint-Louis/3865-Bowen-St-63116/home/93773630
6271 Goener Ave,Saint Louis,63116.0,Single Family Residential,July-15-2022,165000,1470.0,False,112.24489795918367,2.0,1.5,1910.0,3964.0,,38.5734458,-90.2797411,https://www.redfin.com/MO/Saint-Louis/6271-Goener-Ave-63116/home/93756547
5600 Tholozan Ave,Saint Louis,63109.0,Single Family Residential,January-28-2026,180000,1163.0,False,154.77214101461738,2.0,1.0,1941.0,4199.0,,38.5949155,-90.2856253,https://www.redfin.com/MO/Saint-Louis/5600-Tholozan-Ave-63109/home/93781642
4581 Wabash Ave,Saint Louis,63109.0,Single Family Residential,March-26-2026,334900,1520.0,False,220.32894736842104,3.0,2.0,1941.0,5248.0,,38.5894781,-90.3142727,https://www.redfin.com/MO/Saint-Louis/4581-Wabash-Ave-63109/home/93780806
2920 Eads Ave,Saint Louis,63104.0,Single Family Residential,October-22-2021,399000,2351.0,False,169.715014887282,3.0,2.5,2001.0,7797.0,,38.6172833,-90.2284201,https://www.redfin.com/MO/Saint-Louis/2920-Eads-Ave-63104/home/93787264
3700 January Ave,Saint Louis,63109.0,Single Family Residential,June-2-2022,300000,1344.0,False,223.21428571428572,3.0,1.0,1958.0,4966.0,,38.5951924,-90.2885965,https://www.redfin.com/MO/Saint-Louis/3700-January-Ave-63109/home/93781974
4323 Hunt Ave,Saint Louis,63110.0,Single Family Residential,April-27-2022,470000,2000.0,False,235.0,3.0,2.5,1921.0,3136.0,,38.6235406,-90.2570275,https://www.redfin.com/MO/Saint-Louis/4323-Hunt-Ave-63110/home/93726054
4153 Loughborough,St Louis,62116.0,Single Family Residential,January-26-2024,125000,1032.0,False,121.12403100775194,2.0,1.0,1945.0,3600.0,,38.565687,-90.275909,https://www.redfin.com/MO/St-Louis/4153-Loughborough-62116/home/186481145
7804 Clymer Dr,Saint Louis,63123.0,Single Family Residential,March-24-2022,215000,1040.0,False,206.73076923076923,3.0,2.0,1956.0,,,38.5539031,-90.2786114,https://www.redfin.com/MO/Saint-Louis/7804-Clymer-Dr-63123/home/93784951
3534 Pestalozzi St,Saint Louis,63118.0,Single Family Residential,July-6-2024,595000,2772.0,False,214.64646464646464,5.0,2.5,1907.0,4208.0,,38.6041446,-90.2409477,https://www.redfin.com/MO/Saint-Louis/3534-Pestalozzi-St-63118/home/93692740
6416 Colletta Dr,Saint Louis,63139.0,Single Family Residential,September-28-2023,160000,1081.0,False,148.01110083256245,2.0,1.0,1954.0,4940.0,,38.6140594,-90.2969693,https://www.redfin.com/MO/Saint-Louis/6416-Colletta-Dr-63139/home/62695677
3822 Cleveland Ave,Saint Louis,63110.0,Single Family Residential,November-5-2025,415000,3269.0,False,126.95013765677577,4.0,3.5,1896.0,6150.0,,38.6106138,-90.2442832,https://www.redfin.com/MO/Saint-Louis/3822-Cleveland-Ave-63110/home/93700235
3729 Ohio,Saint Louis,63118.0,Single Family Residential,May-13-2022,165000,1848.0,False,89.28571428571429,2.0,2.0,1879.0,3746.0,,38.5873736,-90.2292778,https://www.redfin.com/MO/Saint-Louis/3729-Ohio-Ave-63118/home/62691644
3815 Pennsylvania Ave,Saint Louis,63118.0,Single Family Residential,September-22-2021,95000,1040.0,False,91.34615384615384,3.0,1.0,1912.0,3746.0,,38.5866627,-90.2352864,https://www.redfin.com/MO/Saint-Louis/3815-Pennsylvania-Ave-63118/home/93695954
7051 Lansdowne,Saint Louis,63109.0,Single Family Residential,August-26-2024,192500,1540.0,False,125.0,3.0,2.0,1963.0,5014.0,,38.5920904,-90.3145677,https://www.redfin.com/MO/Saint-Louis/7051-Lansdowne-Ave-63109/home/62689082
4327 Connecticut St,Saint Louis,63116.0,Single Family Residential,December-6-2021,392000,1728.0,False,226.85185185185185,3.0,2.5,1921.0,3398.0,,38.601924,-90.2625623,https://www.redfin.com/MO/Saint-Louis/4327-Connecticut-St-63116/home/173620403
3720 Humphrey St,Saint Louis,63116.0,Single Family Residential,July-13-2021,315000,1872.0,False,168.26923076923077,5.0,3.0,1905.0,3842.0,,38.5983672,-90.2462424,https://www.redfin.com/MO/Saint-Louis/3720-Humphrey-St-63116/home/93699991
946 Bates St,Saint Louis,63111.0,Single Family Residential,June-10-2022,120000,902.0,False,133.03769401330376,2.0,1.0,1958.0,2657.0,,38.5671615,-90.2522038,https://www.redfin.com/MO/Saint-Louis/946-Bates-St-63111/home/93708411
1820 Lasalle,Saint Louis,63104.0,Single Family Residential,March-25-2022,599900,3052.0,False,196.55963302752295,3.0,2.5,1885.0,,,38.6195112,-90.2111947,https://www.redfin.com/MO/Saint-Louis/1820-Lasalle-St-63104/home/93701191
2732 Utah,Saint Louis,63118.0,Single Family Residential,January-18-2022,75000,3092.0,False,24.25614489003881,4.0,2.0,1909.0,,,38.5953507,-90.2287749,https://www.redfin.com/MO/Saint-Louis/2732-Utah-St-63118/home/93693777
7512 Virginia Ave,Saint Louis,63111.0,Single Family Residential,July-7-2021,110000,1407.0,False,78.18052594171998,2.0,1.0,1890.0,4095.0,,38.5502812,-90.2610698,https://www.redfin.com/MO/Saint-Louis/7512-Virginia-Ave-63111/home/93710970
2811 Hickory St,Saint Louis,63104.0,Single Family Residential,August-14-2024,225000,1719.0,False,130.89005235602093,4.0,2.0,1912.0,2997.0,,38.6218685,-90.2243998,https://www.redfin.com/MO/Saint-Louis/2811-Hickory-St-63104/home/93683240
2345 Rutger St,Saint Louis,63104.0,Single Family Residential,April-15-2025,549900,2200.0,False,249.95454545454547,3.0,2.5,2020.0,3624.0,,38.6195531,-90.2191556,https://www.redfin.com/MO/Saint-Louis/2345-Rutger-St-63104/home/93700627
1538 Eton Ln,Saint Louis,63147.0,Single Family Residential,December-7-2021,49900,936.0,False,53.31196581196581,2.0,1.0,1949.0,4574.0,,38.7133296,-90.2446785,https://www.redfin.com/MO/Saint-Louis/1538-Eton-Ln-63147/home/93732092
3821 Regal Pl,Saint Louis,63109.0,Single Family Residential,,120000,1302.0,False,92.16589861751152,3.0,1.0,1948.0,6600.0,,38.5936872,-90.2858692,https://www.redfin.com/MO/Saint-Louis/3821-Regal-Pl-63109/home/93782538
6291 Magnolia Ave,St. Louis,63139.0,Single Family Residential,August-8-2025,580580,2340.0,False,248.11111111111111,4.0,3.5,2024.0,,,38.6122674,-90.2956655,https://www.redfin.com/MO/St-Louis/6291-Magnolia-Ave-63139/home/189846870
5720 Murdoch Ave,Saint Louis,63109.0,Single Family Residential,January-29-2026,360000,2335.0,False,154.17558886509636,4.0,2.5,1932.0,3750.0,,38.5874174,-90.2910834,https://www.redfin.com/MO/Saint-Louis/5720-Murdoch-Ave-63109/home/62701032
5932 Wise Ave,Saint Louis,63110.0,Single Family Residential,January-26-2022,70000,747.0,False,93.70816599732262,2.0,1.0,1952.0,3877.0,,38.6276747,-90.2863915,https://www.redfin.com/MO/Saint-Louis/5932-Wise-Ave-63110/home/93726262
2353 S 11th St,Saint Louis,63104.0,Single Family Residential,December-22-2025,195000,2289.0,False,85.19003931847969,2.0,1.5,1890.0,1921.0,,38.6039818,-90.2104852,https://www.redfin.com/MO/Saint-Louis/2353-S-11th-St-63104/home/93686136
4357 Evans Ave,Saint Louis,63113.0,Single Family Residential,August-30-2024,175000,1860.0,False,94.08602150537635,3.0,2.5,1921.0,6151.0,,38.655237,-90.2450057,https://www.redfin.com/MO/Saint-Louis/4357-Evans-Ave-63113/home/187276175
5771 Pershing Ave,Saint Louis,63112.0,Single Family Residential,November-7-2024,190000,1676.0,False,113.36515513126491,4.0,1.0,1912.0,5506.0,,38.6490614,-90.2890793,https://www.redfin.com/MO/Saint-Louis/5771-Pershing-Ave-63112/home/93763162
2932 Hereford St,Saint Louis,63139.0,Single Family Residential,January-3-2024,235000,1173.0,False,200.34100596760445,3.0,2.5,1980.0,4617.0,,38.6056386,-90.2729886,https://www.redfin.com/MO/Saint-Louis/2932-Hereford-St-63139/home/86870687
2120 Boardman St,Saint Louis,63110.0,Single Family Residential,August-30-2021,389900,2100.0,False,185.66666666666666,3.0,3.5,1921.0,,,38.6145789,-90.2700829,https://www.redfin.com/MO/Saint-Louis/2120-Boardman-St-63110/home/173620173
3536 Vista,St. Louis,63104.0,Single Family Residential,July-12-2022,465000,2300.0,False,202.17391304347825,3.0,2.5,1921.0,4182.0,,38.621264,-90.236841,https://www.redfin.com/MO/St-Louis/3536-Vista-63104/home/175982283
164 Cahokia St,Saint Louis,63118.0,Single Family Residential,November-19-2024,90000,1216.0,False,74.01315789473684,2.0,1.0,1901.0,1838.0,,38.5843496,-90.2209592,https://www.redfin.com/MO/Saint-Louis/164-Cahokia-St-63118/home/93697165
2918 S Compton Ave,Saint Louis,63118.0,Single Family Residential,August-9-2021,255000,1800.0,False,141.66666666666666,3.0,2.5,1923.0,,,38.602975,-90.2349553,https://www.redfin.com/MO/Saint-Louis/2918-S-Compton-Ave-63118/unit-2918/home/109911639
3708 Gustine Ave,Saint Louis,63116.0,Single Family Residential,April-3-2024,150000,1144.0,False,131.11888111888112,2.0,1.0,1916.0,3559.0,,38.5899532,-90.2513513,https://www.redfin.com/MO/Saint-Louis/3708-Gustine-Ave-63116/home/93766232
5505 Wyoming St,Saint Louis,63139.0,Single Family Residential,November-7-2024,169900,768.0,False,221.22395833333334,2.0,1.0,1950.0,4317.0,,38.6022872,-90.2814718,https://www.redfin.com/MO/Saint-Louis/5505-Wyoming-St-63139/home/93742781
5811 Degiverville Ave,Saint Louis,63112.0,Single Family Residential,August-11-2021,299900,1786.0,False,167.9171332586786,4.0,2.0,1914.0,4008.0,,38.6512957,-90.2896493,https://www.redfin.com/MO/Saint-Louis/5811-De-Giverville-Ave-63112/home/62756462
3242 Regal Pl,Saint Louis,63139.0,Single Family Residential,April-19-2024,540000,2400.0,False,225.0,3.0,2.5,2024.0,6795.0,,38.6026317,-90.2838583,https://www.redfin.com/MO/Saint-Louis/3242-Regal-Pl-63139/home/93742813
5410 Delmar Blvd,Saint Louis,63112.0,Single Family Residential,July-23-2024,256000,1798.0,False,142.38042269187986,3.0,2.5,2005.0,2169.0,,38.6529334,-90.2766034,https://www.redfin.com/MO/Saint-Louis/5410-Delmar-Blvd-63112/home/109911647
3900 Randall,Saint Louis,63116.0,Single Family Residential,December-28-2021,135000,948.0,False,142.40506329113924,2.0,1.5,1921.0,3093.0,,38.5772079,-90.2575206,https://www.redfin.com/MO/Saint-Louis/3900-Randall-St-63116/home/93750332
5351 Mardel Ave,Saint Louis,63109.0,Single Family Residential,May-9-2022,340000,2010.0,False,169.15422885572139,3.0,2.5,1931.0,6011.0,,38.5941584,-90.2827097,https://www.redfin.com/MO/Saint-Louis/5351-Mardel-Ave-63109/home/62741226
6002 Leona St,Saint Louis,63116.0,Single Family Residential,February-29-2024,225000,960.0,False,234.375,1.0,1.0,1929.0,4121.0,,38.570237,-90.2666177,https://www.redfin.com/MO/Saint-Louis/6002-Leona-St-63116/home/93773454
4322 Haven Street St,Saint Louis,63116.0,Single Family Residential,March-13-2023,240000,1102.0,False,217.7858439201452,3.0,2.0,1939.0,4617.0,,38.5677158,-90.2767835,https://www.redfin.com/MO/Saint-Louis/4322-Haven-St-63116/home/93771773
1504 Sproule Ave,Saint Louis,63139.0,Single Family Residential,June-13-2024,170000,952.0,False,178.57142857142858,1.0,1.0,1929.0,5780.0,,38.623015,-90.2901733,https://www.redfin.com/MO/Saint-Louis/1504-Sproule-Ave-63139/home/93761938
7042 Mitchell Ave,Saint Louis,63117.0,Single Family Residential,March-20-2023,75000,850.0,False,88.23529411764706,1.0,0.5,1907.0,5120.0,,38.6229038,-90.3096675,https://www.redfin.com/MO/Saint-Louis/7042-Mitchell-Ave-63117/home/93744207
2147 Sulphur Ave,Saint Louis,63139.0,Single Family Residential,August-2-2023,264900,1227.0,False,215.89242053789732,3.0,1.5,1926.0,3537.0,,38.616356,-90.2884937,https://www.redfin.com/MO/Saint-Louis/2147-Sulphur-Ave-63139/home/62721462
7845 Decatur Dr,Saint Louis,63123.0,Single Family Residential,,192000,1040.0,False,184.6153846153846,3.0,1.0,1950.0,6180.0,,38.5545934,-90.2811505,https://www.redfin.com/MO/Saint-Louis/7845-Decatur-Dr-63123/home/62753994
7360 Yates,Saint Louis,63116.0,Single Family Residential,June-15-2022,143000,940.0,False,152.12765957446808,2.0,1.5,1954.0,6216.0,,38.5590935,-90.2772354,https://www.redfin.com/MO/Saint-Louis/7360-Yates-St-63116/home/93784818
7332 Rainor Ct,Saint Louis,63116.0,Single Family Residential,September-15-2023,240000,1026.0,False,233.91812865497076,3.0,2.0,1958.0,8320.0,,38.5577945,-90.2726967,https://www.redfin.com/MO/Saint-Louis/7332-Rainor-Ct-63116/home/93785345
3333 Michigan Ave,Saint Louis,63118.0,Single Family Residential,March-13-2023,400000,2376.0,False,168.35016835016836,3.0,2.5,1905.0,3524.0,,38.5954509,-90.2358119,https://www.redfin.com/MO/Saint-Louis/3333-Michigan-Ave-63118/home/62773995
4415 Vista Ave,Saint Louis,63110.0,Single Family Residential,September-16-2021,560000,2800.0,False,200.0,4.0,3.5,2017.0,4375.0,,38.6240894,-90.2595827,https://www.redfin.com/MO/Saint-Louis/4415-Vista-Ave-63110/home/169425110
1256 Gimblin St,Saint Louis,63147.0,Single Family Residential,June-16-2025,67000,800.0,False,83.75,3.0,1.0,1927.0,4900.0,,38.7137727,-90.2372614,https://www.redfin.com/MO/Saint-Louis/1256-Gimblin-St-63147/home/76422730
5631 Botanical Ave,Saint Louis,63110.0,Single Family Residential,June-15-2026,899900,2940.0,False,306.08843537414964,4.0,2.5,2020.0,5998.0,,38.6128732,-90.2829165,https://www.redfin.com/MO/Saint-Louis/5631-Botanical-Ave-63110/home/173620136
406 Fassen St,Saint Louis,63111.0,Single Family Residential,June-20-2022,70000,836.0,False,83.73205741626795,1.0,1.0,1904.0,3485.0,,38.5643612,-90.2446948,https://www.redfin.com/MO/Saint-Louis/406-Fassen-St-63111/home/93708656
2233 Hickory,Saint Louis,63104.0,Single Family Residential,August-22-2023,695000,3107.0,False,223.68844544576763,3.0,3.5,1921.0,4356.0,,38.6199999,-90.2167965,https://www.redfin.com/MO/Saint-Louis/2233-Hickory-St-63104/home/181866123
3131 Keokuk St,Saint Louis,63118.0,Single Family Residential,September-22-2021,80000,1590.0,False,50.314465408805034,4.0,2.0,1910.0,3136.0,,38.5858366,-90.2376764,https://www.redfin.com/MO/Saint-Louis/3131-Keokuk-St-63118/unit-3131/home/93672823
4129 Cleveland Ave,Saint Louis,63110.0,Single Family Residential,November-10-2022,575000,3139.0,False,183.17935648295636,4.0,3.5,1895.0,6168.0,,38.6117595,-90.252378,https://www.redfin.com/MO/Saint-Louis/4129-Cleveland-Ave-63110/home/109920100
3835 Hartford St,Saint Louis,63116.0,Single Family Residential,April-1-2026,225000,2014.0,False,111.71797418073486,4.0,1.0,1898.0,5641.0,,38.6025225,-90.2475372,https://www.redfin.com/MO/Saint-Louis/3835-Hartford-St-63116/home/93728256
4313 S 37th St,Saint Louis,63116.0,Single Family Residential,August-23-2021,159900,1092.0,False,146.42857142857142,3.0,1.0,1922.0,4225.0,,38.5802937,-90.247732,https://www.redfin.com/MO/Saint-Louis/4313-S-37th-St-63116/home/93706009
5406 S Kingshighway,Saint Louis,63109.0,Single Family Residential,March-21-2022,154900,1035.0,False,149.66183574879227,2.0,1.0,1923.0,5924.0,,38.5805683,-90.2787214,https://www.redfin.com/MO/Saint-Louis/5406-S-Kingshighway-Blvd-63109/home/93759260
8310 S Broadway,Saint Louis,63111.0,Single Family Residential,January-7-2022,215000,3218.0,False,66.8116842759478,4.0,2.5,1907.0,8712.0,,38.5419932,-90.2636924,https://www.redfin.com/MO/Saint-Louis/8310-S-Broadway-63111/home/93711900
6568 Mardel Ave,Saint Louis,63109.0,Single Family Residential,March-26-2024,336000,2651.0,False,126.74462466993587,4.0,2.0,1939.0,4025.0,,38.5958762,-90.30353,https://www.redfin.com/MO/Saint-Louis/6568-Mardel-Ave-63109/home/93775120
1036 Sells Ave,Saint Louis,63147.0,Single Family Residential,December-3-2021,25000,920.0,False,27.17391304347826,2.0,1.0,1928.0,3615.0,,38.7142205,-90.234331,https://www.redfin.com/MO/Saint-Louis/1036-Sells-Ave-63147/home/93731357
5334 Elizabeth Ave,Saint Louis,63110.0,Single Family Residential,December-30-2024,355000,1225.0,False,289.7959183673469,2.0,1.5,1929.0,6686.0,,38.6134843,-90.2769231,https://www.redfin.com/MO/Saint-Louis/5334-Elizabeth-Ave-63110/home/93768182
3900 Wyoming,Saint Louis,63116.0,Single Family Residential,August-12-2021,150000,2700.0,False,55.55555555555556,2.0,1.5,1909.0,2744.0,,38.599482,-90.2503249,https://www.redfin.com/MO/Saint-Louis/3900-Wyoming-St-63116/home/93729555
3865 Mcdonald Ave,Saint Louis,63116.0,Single Family Residential,March-13-2026,570000,2391.0,False,238.3939774153074,4.0,2.5,1907.0,4051.0,,38.5968794,-90.2494721,https://www.redfin.com/MO/Saint-Louis/3865-McDonald-Ave-63116/home/93699962
5735 Arthur Ave,Saint Louis,63139.0,Single Family Residential,October-11-2024,265000,1650.0,False,160.6060606060606,3.0,2.0,1957.0,5271.0,,38.6005996,-90.2867749,https://www.redfin.com/MO/Saint-Louis/5735-Arthur-Ave-63139/home/88662587
4063 Potomac St,Saint Louis,63116.0,Single Family Residential,June-2-2023,275000,708.0,False,388.4180790960452,3.0,2.0,1937.0,3337.0,,38.5951496,-90.2560057,https://www.redfin.com/MO/Saint-Louis/4063-Potomac-St-63116/home/93729125
7027 Plateau Ave,St. Louis,63117.0,Single Family Residential,January-31-2025,90000,816.0,False,110.29411764705883,2.0,1.0,1926.0,3498.0,,38.6242064,-90.3088492,https://www.redfin.com/MO/St-Louis/7027-Plateau-Ave-63117/home/194342618
5505 Cates Ave,Saint Louis,63112.0,Single Family Residential,August-8-2024,250000,2674.0,False,93.49289454001496,5.0,2.5,1905.0,9409.0,,38.6572228,-90.2789821,https://www.redfin.com/MO/Saint-Louis/5505-Cates-Ave-63112/home/93724003
3025 Ohio Ave,Saint Louis,63118.0,Single Family Residential,October-10-2024,195000,1926.0,False,101.24610591900311,0.0,2.0,1921.0,4042.0,,38.5999351,-90.2266189,https://www.redfin.com/MO/Saint-Louis/3025-Ohio-Ave-63118/home/93699151
3924 Potomac,Saint Louis,63116.0,Single Family Residential,July-16-2021,250000,2172.0,False,115.1012891344383,4.0,2.0,1926.0,3746.0,,38.5943246,-90.2520138,https://www.redfin.com/MO/Saint-Louis/3924-Potomac-St-63116/home/93728923
6827 Minnesota Ave Unit A,Saint Louis,63111.0,Single Family Residential,March-24-2025,50000,1500.0,False,33.333333333333336,3.0,3.0,1892.0,5480.0,,38.5540245,-90.2541804,https://www.redfin.com/MO/Saint-Louis/6827-Minnesota-Ave-63111/home/93710475
5721 Lisette Ave,Saint Louis,63109.0,Single Family Residential,January-30-2026,395000,1170.0,False,337.6068376068376,4.0,2.0,1931.0,4900.0,,38.5762473,-90.292943,https://www.redfin.com/MO/Saint-Louis/5721-Lisette-Ave-63109/home/62718415
3459 Itaska St,Saint Louis,63111.0,Single Family Residential,August-24-2022,55000,913.0,False,60.24096385542169,1.0,1.0,1902.0,2788.0,,38.573516,-90.246756,https://www.redfin.com/MO/Saint-Louis/3459-Itaska-St-63111/home/93707221
4330 Chippewa St,Saint Louis,63116.0,Single Family Residential,May-2-2025,70000,864.0,False,81.01851851851852,4.0,2.0,1925.0,5567.0,,38.590409,-90.2653333,https://www.redfin.com/MO/Saint-Louis/4330-Chippewa-St-63116/home/93771903
5639 Eichelberger,Saint Louis,63109.0,Single Family Residential,May-27-2022,210000,1400.0,False,150.0,2.0,1.0,1935.0,3877.0,,38.5823798,-90.2906013,https://www.redfin.com/MO/Saint-Louis/5639-Eichelberger-St-63109/home/93767861
5301 Blow St,Saint Louis,63109.0,Single Family Residential,May-12-2025,229900,1008.0,False,228.07539682539684,2.0,1.0,1939.0,3241.0,,38.5714919,-90.290854,https://www.redfin.com/MO/Saint-Louis/5301-Blow-St-63109/home/77289299
3722 Keokuk St,Saint Louis,63116.0,Single Family Residential,June-26-2024,72000,1221.0,False,58.96805896805897,2.0,1.0,1948.0,5354.0,,38.586448,-90.2481857,https://www.redfin.com/MO/Saint-Louis/3722-Keokuk-St-63116/home/93777693
3407 Manhattan Ave,Saint Louis,63143.0,Single Family Residential,August-21-2025,240000,1484.0,False,161.72506738544473,3.0,2.0,1988.0,5445.0,,38.6040359,-90.3157347,https://www.redfin.com/MO/Saint-Louis/3407-Manhattan-Ave-63143/home/93751192
6325 Winona Ave,Saint Louis,63109.0,Single Family Residential,May-16-2022,235000,1150.0,False,204.34782608695653,4.0,2.0,1937.0,,,38.5930836,-90.297798,https://www.redfin.com/MO/Saint-Louis/6325-Winona-Ave-63109/home/88629084
2002 Victor St,Saint Louis,63104.0,Single Family Residential,June-15-2022,635000,4068.0,False,156.09636184857425,4.0,3.5,1891.0,7710.0,,38.6042877,-90.2167824,https://www.redfin.com/MO/Saint-Louis/2002-Victor-St-63104/home/101771222
3943 Juniata St,Saint Louis,63116.0,Single Family Residential,April-29-2022,454000,1820.0,False,249.45054945054946,3.0,2.5,1893.0,5793.0,,38.601777,-90.2515393,https://www.redfin.com/MO/Saint-Louis/3943-Juniata-St-63116/home/93749827
4038 Fairview Ave,Saint Louis,63116.0,Single Family Residential,July-21-2025,250000,1208.0,False,206.95364238410596,2.0,1.0,1936.0,32670.0,,38.5954805,-90.2551101,https://www.redfin.com/MO/Saint-Louis/4038-Fairview-Ave-63116/home/93728989
6148 Tennessee Ave,Saint Louis,63111.0,Single Family Residential,June-20-2022,160000,1080.0,False,148.14814814814815,3.0,1.0,1926.0,,,38.5635417,-90.25706,https://www.redfin.com/MO/Saint-Louis/6148-Tennessee-Ave-63111/home/93709466
2909 Wyoming St,Saint Louis,63118.0,Single Family Residential,November-4-2022,80000,813.0,False,98.4009840098401,1.0,1.0,1896.0,3402.0,,38.5979689,-90.231985,https://www.redfin.com/MO/Saint-Louis/2909-Wyoming-St-63118/home/87395010
6221 Northwood Ave Unit 3W,Saint Louis,63105.0,Townhouse,June-18-2025,425000,1860.0,False,228.49462365591398,2.0,2.0,1925.0,,,38.6387075,-90.3041765,https://www.redfin.com/MO/Saint-Louis/6221-Northwood-Ave-63105/unit-3W/home/62739909
5643 Pernod Ave,Saint Louis,63139.0,Single Family Residential,April-12-2024,300000,1760.0,False,170.45454545454547,3.0,1.5,1948.0,4561.0,,38.5963154,-90.2868429,https://www.redfin.com/MO/Saint-Louis/5643-Pernod-Ave-63139/home/93780758
6641 Villa Ave,Saint Louis,63139.0,Single Family Residential,October-22-2021,479900,2800.0,False,171.39285714285714,4.0,3.5,2021.0,,,38.625902,-90.299919,https://www.redfin.com/MO/Saint-Louis/6641-Villa-Ave-63139/home/173620408
3841 Rainor,Saint Louis,63116.0,Single Family Residential,January-17-2023,260000,1473.0,False,176.51052274270197,3.0,2.0,1958.0,7564.0,,38.5584622,-90.2732885,https://www.redfin.com/MO/Saint-Louis/3841-Rainor-Ct-63116/home/93785251
3327 Illinois Ave,Saint Louis,63118.0,Single Family Residential,April-28-2022,477000,3500.0,False,136.28571428571428,4.0,3.5,1921.0,3093.0,,38.5938968,-90.2220938,https://www.redfin.com/MO/Saint-Louis/3327-Illinois-Ave-63118/home/93694036
3511 Connecticut St,Saint Louis,63118.0,Single Family Residential,June-30-2022,475000,2895.0,False,164.07599309153713,3.0,2.5,1909.0,4208.0,,38.6000046,-90.240989,https://www.redfin.com/MO/Saint-Louis/3511-Connecticut-St-63118/home/93693300
6409 Lansdowne Ave,Saint Louis,63109.0,Single Family Residential,June-3-2025,389900,1132.0,False,344.434628975265,3.0,2.0,1937.0,5001.0,,38.5906387,-90.3006097,https://www.redfin.com/MO/Saint-Louis/6409-Lansdowne-Ave-63109/home/93779904
2706 Saint Vincent Ave,Saint Louis,63104.0,Single Family Residential,November-10-2022,180000,2600.0,False,69.23076923076923,3.0,2.5,1979.0,5358.0,,38.6174337,-90.2230922,https://www.redfin.com/MO/Saint-Louis/2706-Saint-Vincent-Ave-63104/home/93700646
3324 Vista Ave,Saint Louis,63104.0,Single Family Residential,February-28-2023,448000,2327.0,False,192.52256123764505,4.0,2.5,1921.0,3920.0,,38.6207326,-90.233719,https://www.redfin.com/MO/Saint-Louis/3324-Vista-Ave-63104/home/93700908
3301 Eads Unit 6A,St. Louis,63104.0,Single Family Residential,July-8-2021,315400,2752.0,False,114.60755813953489,4.0,2.5,1921.0,,,38.6183776,-90.2333146,https://www.redfin.com/MO/St-Louis/3301-Eads-Ave-63104/unit-6A/home/175626342
3505 Illinois Ave,Saint Louis,63118.0,Single Family Residential,February-28-2024,350000,2358.0,False,148.43087362171332,4.0,2.5,1890.0,2853.0,,38.5909028,-90.2226617,https://www.redfin.com/MO/Saint-Louis/3505-Illinois-Ave-63118/home/62758185
3829 Flad Ave,Saint Louis,63110.0,Single Family Residential,October-5-2021,460000,2800.0,False,164.28571428571428,4.0,2.5,1895.0,5837.0,,38.6118996,-90.2442755,https://www.redfin.com/MO/Saint-Louis/3829-Flad-Ave-63110/home/93700268
1508 Tamm Ave,Saint Louis,63139.0,Single Family Residential,July-11-2022,169000,864.0,False,195.60185185185185,2.0,2.0,1959.0,3833.0,,38.6233496,-90.2935769,https://www.redfin.com/MO/Saint-Louis/1508-Tamm-Ave-63139/home/93762236
4200 Westminster Pl,Saint Louis,63108.0,Single Family Residential,July-28-2025,380000,1764.0,False,215.41950113378684,3.0,2.5,1994.0,5911.0,,38.6433318,-90.2471977,https://www.redfin.com/MO/Saint-Louis/4200-Westminster-Pl-63108/home/62769117
7123 Rabenberg Pl,Saint Louis,63143.0,Single Family Residential,,280000,1406.0,False,199.14651493598862,3.0,1.0,1888.0,13950.0,,38.6117245,-90.3115586,https://www.redfin.com/MO/Saint-Louis/7123-Rabenberg-Pl-63143/home/62759942
3221 Taft Ave,Saint Louis,63111.0,Single Family Residential,August-9-2021,129900,918.0,False,141.5032679738562,2.0,1.0,1904.0,2788.0,,38.5744465,-90.2418803,https://www.redfin.com/MO/Saint-Louis/3221-Taft-Ave-63111/home/93706209
4961 Schollmeyer Ave,Saint Louis,63109.0,Single Family Residential,February-8-2026,110000,960.0,False,114.58333333333333,2.0,1.0,1910.0,3598.0,,38.5728661,-90.2864687,https://www.redfin.com/MO/Saint-Louis/4961-Schollmeyer-Ave-63109/home/93764457
3204 Henrietta St,Saint Louis,63104.0,Single Family Residential,May-22-2025,252500,1700.0,False,148.52941176470588,3.0,2.0,1909.0,1716.0,,38.6168989,-90.232531,https://www.redfin.com/MO/Saint-Louis/3204-Henrietta-St-63104/home/76312337
3705 Blow St,Saint Louis,63116.0,Single Family Residential,April-29-2025,153500,1187.0,False,129.31760741364786,2.0,2.0,1911.0,3598.0,,38.5586841,-90.2664833,https://www.redfin.com/MO/Saint-Louis/3705-Blow-St-63116/home/93712025
4046 Holly Hills Blvd,Saint Louis,63116.0,Single Family Residential,July-23-2021,335000,1974.0,False,169.7061803444782,4.0,2.0,1930.0,6795.0,,38.5676969,-90.2703982,https://www.redfin.com/MO/Saint-Louis/4046-Holly-Hills-Blvd-63116/home/81971252
4700 Penrose St,Saint Louis,63115.0,Single Family Residential,June-30-2025,69900,1242.0,False,56.28019323671498,4.0,1.0,1928.0,4199.0,,38.6780275,-90.2399866,https://www.redfin.com/MO/Saint-Louis/4700-Penrose-St-63115/home/93733149
5734 Itaska St,Saint Louis,63109.0,Single Family Residential,,205000,1116.0,False,183.69175627240142,3.0,1.0,1937.0,3750.0,,38.5847696,-90.2915451,https://www.redfin.com/MO/Saint-Louis/5734-Itaska-St-63109/home/93767934
5461 Goethe Ave,Saint Louis,63109.0,Single Family Residential,December-9-2021,325000,1872.0,False,173.61111111111111,3.0,1.5,1930.0,4835.0,,38.5803163,-90.2875941,https://www.redfin.com/MO/Saint-Louis/5461-Goethe-Ave-63109/home/93775700
3131 Ivanhoe Ave,Saint Louis,63139.0,Single Family Residential,September-14-2023,229000,1404.0,False,163.1054131054131,2.0,1.5,1913.0,5345.0,,38.6075508,-90.3036051,https://www.redfin.com/MO/Saint-Louis/3131-Ivanhoe-Ave-63139/home/93741916
6361 Devonshire Ave,Saint Louis,63109.0,Single Family Residential,August-22-2022,399900,2238.0,False,178.686327077748,4.0,2.5,1938.0,5907.0,,38.5895943,-90.2995234,https://www.redfin.com/MO/Saint-Louis/6361-Devonshire-Ave-63109/home/93780127
1448 Graham St,Saint Louis,63139.0,Single Family Residential,February-10-2023,200000,980.0,False,204.08163265306123,3.0,1.0,1956.0,4404.0,,38.6242077,-90.2910913,https://www.redfin.com/MO/Saint-Louis/1448-Graham-St-63139/home/93778537
4366 Osceola St,Saint Louis,63116.0,Single Family Residential,August-19-2021,215000,1688.0,False,127.3696682464455,3.0,2.0,1923.0,4225.0,,38.5887228,-90.2671452,https://www.redfin.com/MO/Saint-Louis/4366-Osceola-St-63116/home/93764748
3943 Tholozan Ave,Saint Louis,63116.0,Single Family Residential,June-23-2022,110000,1062.0,False,103.57815442561206,2.0,1.0,1925.0,3311.0,,38.5922042,-90.2531847,https://www.redfin.com/MO/Saint-Louis/3943-Tholozan-Ave-63116/home/93728608
4249 Botanical Ave,Saint Louis,63110.0,Single Family Residential,November-17-2021,265000,1440.0,False,184.02777777777777,3.0,2.5,1895.0,3354.0,,38.6103337,-90.2563248,https://www.redfin.com/MO/Saint-Louis/4249-Botanical-Ave-63110/home/93746771
7137 Virginia Ave,Saint Louis,63111.0,Single Family Residential,April-19-2022,100000,1440.0,False,69.44444444444444,3.0,2.5,2006.0,2831.0,,38.55306,-90.2585587,https://www.redfin.com/MO/Saint-Louis/7137-Virginia-Ave-63111/home/93680054
5476 Bischoff Ave,Saint Louis,63110.0,Single Family Residential,August-23-2021,160000,1095.0,False,146.11872146118722,2.0,1.0,1924.0,4225.0,,38.6151869,-90.2802814,https://www.redfin.com/MO/Saint-Louis/5476-Bischoff-Ave-63110/home/93772184
5887 Cates Ave,Saint Louis,63112.0,Single Family Residential,November-14-2024,283620,1784.0,False,158.9798206278027,3.0,2.5,1921.0,,,38.6582186,-90.2893557,https://www.redfin.com/MO/Saint-Louis/5887-Cates-Ave-63112/home/93723948
5609 Pennsylvania Ave,Saint Louis,63111.0,Single Family Residential,October-8-2021,125000,840.0,False,148.8095238095238,1.0,1.0,1925.0,3398.0,,38.5622666,-90.2432802,https://www.redfin.com/MO/Saint-Louis/5609-Pennsylvania-Ave-63111/home/93708607
5219 Dewey Ave,Saint Louis,63116.0,Single Family Residential,October-1-2021,60000,884.0,False,67.87330316742081,1.0,1.5,1928.0,5314.0,,38.5728379,-90.2556605,https://www.redfin.com/MO/Saint-Louis/5219-Dewey-Ave-63116/home/93742517
4609 S Broadway,Saint Louis,63111.0,Single Family Residential,June-24-2022,45000,899.0,False,50.055617352614014,2.0,2.0,1927.0,2788.0,,38.5720839,-90.235072,https://www.redfin.com/MO/Saint-Louis/4609-S-Broadway-63111/home/93706938
3816 Flora Pl,Saint Louis,63110.0,Single Family Residential,October-19-2022,700000,3857.0,False,181.48820326678765,5.0,3.5,1902.0,6504.0,,38.6123531,-90.2438384,https://www.redfin.com/MO/Saint-Louis/3816-Flora-Pl-63110/home/93700327
5016 Gerritt Ave,Saint Louis,63116.0,Single Family Residential,February-28-2022,147000,1396.0,False,105.30085959885386,2.0,1.0,1959.0,6229.0,,38.5763653,-90.2584285,https://www.redfin.com/MO/Saint-Louis/5016-Gerritt-Ave-63116/home/93766657
2741 Lafayette Ave,St. Louis,63104.0,Single Family Residential,January-17-2025,675000,3463.0,False,194.91770141495812,4.0,2.5,2024.0,,,38.6154652,-90.2248587,https://www.redfin.com/MO/St-Louis/2741-Lafayette-Ave-63104/home/194345320
3428 Vista Ave,Saint Louis,63104.0,Single Family Residential,July-6-2023,422500,2135.0,False,197.89227166276348,3.0,2.5,1921.0,3920.0,,38.6209702,-90.2349779,https://www.redfin.com/MO/Saint-Louis/3428-Vista-Ave-63104/home/93700873
6419 Woodbine Ct,Saint Louis,63109.0,Single Family Residential,August-2-2024,141000,900.0,False,156.66666666666666,2.0,1.0,1929.0,4617.0,,38.5742032,-90.2902546,https://www.redfin.com/MO/Saint-Louis/6419-Woodbine-Ct-63109/home/93774318
6423 Murdoch Ave,Saint Louis,63109.0,Single Family Residential,May-9-2023,485000,2422.0,False,200.24772914946325,3.0,2.0,1939.0,4439.0,,38.5888516,-90.301359,https://www.redfin.com/MO/Saint-Louis/6423-Murdoch-Ave-63109/home/93779868
2826 Oregon Ave,Saint Louis,63118.0,Single Family Residential,January-27-2022,139900,794.0,False,176.19647355163727,2.0,1.0,1959.0,3659.0,,38.6032821,-90.2289878,https://www.redfin.com/MO/Saint-Louis/2826-Oregon-Ave-63118/home/93691817
5030 Lotus Ave,Saint Louis,63113.0,Single Family Residential,May-31-2023,75000,2508.0,False,29.904306220095695,5.0,2.5,1913.0,8377.0,,38.6666537,-90.2604035,https://www.redfin.com/MO/Saint-Louis/5030-Lotus-Ave-63113/home/93738145
8100 Southpark Ct,Saint Louis,63125.0,Single Family Residential,May-11-2023,193000,936.0,False,206.1965811965812,3.0,1.5,1921.0,,,38.5505987,-90.273582,https://www.redfin.com/MO/Saint-Louis/8100-Southpark-Ct-63125/home/62731698
2125 Macklind Ave,Saint Louis,63110.0,Single Family Residential,April-20-2023,294900,1222.0,False,241.32569558101474,2.0,1.0,1914.0,3446.0,,38.6154496,-90.2776662,https://www.redfin.com/MO/Saint-Louis/2125-Macklind-Ave-63110/home/93726972
4435 Tholozan Ave,Saint Louis,63116.0,Single Family Residential,August-16-2022,130000,796.0,False,163.31658291457288,2.0,1.0,1926.0,3877.0,,38.5936746,-90.2669597,https://www.redfin.com/MO/Saint-Louis/4435-Tholozan-Ave-63116/home/63731720
5813 Minnesota Ave,Saint Louis,63111.0,Single Family Residential,February-28-2023,89900,994.0,False,90.44265593561369,2.0,1.0,1893.0,10890.0,,38.5611456,-90.245806,https://www.redfin.com/MO/Saint-Louis/5813-Minnesota-Ave-63111/home/93708446
2005 Hereford St,Saint Louis,63110.0,Single Family Residential,July-3-2025,260000,675.0,False,385.18518518518516,0.0,2.0,1892.0,,,38.6162531,-90.2709954,https://www.redfin.com/MO/Saint-Louis/2005-Hereford-St-63110/home/93728066
3154 Garden Hill Ln,Saint Louis,63139.0,Single Family Residential,May-5-2022,456000,2300.0,False,198.2608695652174,3.0,2.5,2006.0,4321.0,,38.6048254,-90.2851472,https://www.redfin.com/MO/Saint-Louis/3154-Garden-Hill-Ln-63139/home/93674337
1807 Cambridge Ln,Saint Louis,63147.0,Single Family Residential,December-22-2022,140000,1032.0,False,135.65891472868216,3.0,2.0,1948.0,4535.0,,38.7161555,-90.2504347,https://www.redfin.com/MO/Saint-Louis/1807-Cambridge-Ln-63147/home/93781517
7136 Bancroft Ave,Saint Louis,63109.0,Single Family Residential,April-30-2026,380000,2591.0,False,146.6615206483983,3.0,3.0,1955.0,18469.0,,38.593776,-90.317627,https://www.redfin.com/MO/Saint-Louis/7136-Bancroft-Ave-63109/home/62693489
7227 Pennsylvania Ave,Saint Louis,63111.0,Single Family Residential,July-19-2023,150000,1552.0,False,96.64948453608247,5.0,3.5,1884.0,3350.0,,38.5504974,-90.256458,https://www.redfin.com/MO/Saint-Louis/7227-Pennsylvania-Ave-63111/home/93710712
7121 Yates Ave,Saint Louis,63116.0,Single Family Residential,June-10-2022,195000,864.0,False,225.69444444444446,3.0,1.0,1950.0,5489.0,,38.5616868,-90.2746926,https://www.redfin.com/MO/Saint-Louis/7121-Yates-St-63116/home/93784129
6949 Hancock Ave,Saint Louis,63139.0,Single Family Residential,February-10-2023,125000,872.0,False,143.348623853211,1.0,1.0,1894.0,,,38.6018298,-90.3096702,https://www.redfin.com/MO/Saint-Louis/6949-Hancock-Ave-63139/home/93743562
5451 Tedmar Ct,Saint Louis,63139.0,Single Family Residential,May-26-2022,245000,1368.0,False,179.093567251462,3.0,2.0,1955.0,11674.0,,38.5993079,-90.2828942,https://www.redfin.com/MO/Saint-Louis/5451-Tedmar-Ct-63139/home/93742842
3328 Norma Ct,Saint Louis,63139.0,Single Family Residential,May-23-2022,215000,963.0,False,223.26064382139148,3.0,1.0,1925.0,6708.0,,38.6019854,-90.3004104,https://www.redfin.com/MO/Saint-Louis/3328-Norma-Ct-63139/home/93743346
4237 Botanical Ave,Saint Louis,63110.0,Single Family Residential,May-7-2025,360000,1408.0,False,255.6818181818182,3.0,1.5,1908.0,3075.0,,38.6103018,-90.2558861,https://www.redfin.com/MO/Saint-Louis/4237-Botanical-Ave-63110/home/93746763
4351 Bingham Ave,Saint Louis,63116.0,Single Family Residential,,154000,792.0,False,194.44444444444446,3.0,1.0,1928.0,5334.0,,38.5897975,-90.2662039,https://www.redfin.com/MO/Saint-Louis/4351-Bingham-Ave-63116/home/93771900
3829 Upton St,Saint Louis,63116.0,Single Family Residential,April-30-2024,235000,1026.0,False,229.0448343079922,3.0,1.0,1957.0,5310.0,,38.5586562,-90.2719796,https://www.redfin.com/MO/Saint-Louis/3829-Upton-St-63116/home/93785265
6551 Winona Ave,Saint Louis,63109.0,Single Family Residential,January-27-2023,276000,1965.0,False,140.45801526717557,3.0,2.0,1937.0,4356.0,,38.5935892,-90.3036601,https://www.redfin.com/MO/Saint-Louis/6551-Winona-Ave-63109/home/93775458
5542 Mardel Ave,Saint Louis,63109.0,Single Family Residential,May-18-2026,210000,1288.0,False,163.04347826086956,1.0,1.0,1950.0,4800.0,,38.5942418,-90.2872403,https://www.redfin.com/MO/Saint-Louis/5542-Mardel-Ave-63109/home/93782549
3833 Humphrey,Saint Louis,63116.0,Single Family Residential,December-14-2021,450000,2400.0,False,187.5,4.0,2.5,1908.0,3659.0,,38.5989314,-90.2479869,https://www.redfin.com/MO/Saint-Louis/3833-Humphrey-St-63116/home/93728449
4261 Swan Ave,Saint Louis,63110.0,Single Family Residential,March-7-2023,175000,840.0,False,208.33333333333334,1.0,1.5,1902.0,3589.0,,38.6263485,-90.2562277,https://www.redfin.com/MO/Saint-Louis/4261-Swan-Ave-63110/home/93725772
6042 Oleatha Ave,Saint Louis,63139.0,Single Family Residential,March-16-2026,274900,1700.0,False,161.7058823529412,3.0,1.5,1936.0,4373.0,,38.5975746,-90.2943483,https://www.redfin.com/MO/Saint-Louis/6042-Oleatha-Ave-63139/home/93775374
1313 S Boyle Ave,Saint Louis,63110.0,Single Family Residential,May-20-2022,450000,2304.0,False,195.3125,3.0,2.5,1885.0,3833.0,,38.6250494,-90.253922,https://www.redfin.com/MO/Saint-Louis/1313-S-Boyle-Ave-63110/home/93725927
3957 Cleveland Ave,Saint Louis,63110.0,Single Family Residential,April-30-2026,225000,2288.0,False,98.33916083916084,5.0,1.5,1898.0,3689.0,,38.6113731,-90.2480366,https://www.redfin.com/MO/Saint-Louis/3957-Cleveland-Ave-63110/home/93746275
3117 Portis Ave,Saint Louis,63116.0,Single Family Residential,August-30-2023,330000,1975.0,False,167.08860759493672,3.0,2.5,1898.0,5968.0,,38.6044146,-90.2647635,https://www.redfin.com/MO/Saint-Louis/3117-Portis-Ave-63116/home/93748765
3721 Hebert St,Saint Louis,63107.0,Single Family Residential,November-2-2023,125000,1056.0,False,118.37121212121212,3.0,2.0,1916.0,3690.0,,38.6605097,-90.2205107,https://www.redfin.com/MO/Saint-Louis/3721-Hebert-St-63107/home/93702095
5705 Lindenwood Ave,Saint Louis,63109.0,Single Family Residential,December-12-2022,190000,1438.0,False,132.1279554937413,2.0,2.5,1939.0,4200.0,,38.5940365,-90.2894779,https://www.redfin.com/MO/Saint-Louis/5705-Lindenwood-Ave-63109/home/93780916
7403 Commonwealth Ave,Saint Louis,63143.0,Single Family Residential,,210000,1444.0,False,145.42936288088643,3.0,1.5,1904.0,10400.0,,38.6075401,-90.3150829,https://www.redfin.com/MO/Saint-Louis/7403-Commonwealth-Ave-63143/home/93751164
4745 Sigel Ave,Saint Louis,63116.0,Single Family Residential,March-21-2024,175000,1471.0,False,118.96668932698844,2.0,2.0,1909.0,2927.0,,38.5765463,-90.278366,https://www.redfin.com/MO/Saint-Louis/4745-Sigel-Ave-63116/home/93759127
5623 Milentz Ave,Saint Louis,63109.0,Single Family Residential,May-20-2026,224900,1242.0,False,181.07890499194846,2.0,1.0,1931.0,4373.0,,38.5797458,-90.2905315,https://www.redfin.com/MO/Saint-Louis/5623-Milentz-Ave-63109/home/93771456
4934 Rosalie St,Saint Louis,63115.0,Single Family Residential,May-30-2025,100000,1200.0,False,83.33333333333333,3.0,1.5,2006.0,3694.0,,38.6895025,-90.2364376,https://www.redfin.com/MO/Saint-Louis/4934-Rosalie-St-63115/home/93760988
6222 Marmaduke Ave,Saint Louis,63139.0,Single Family Residential,April-24-2025,289900,1563.0,False,185.4766474728087,2.0,1.5,1910.0,3899.0,,38.6100622,-90.2936143,https://www.redfin.com/MO/Saint-Louis/6222-Marmaduke-Ave-63139/home/93767672
5318 Michigan Ave,Saint Louis,63111.0,Single Family Residential,December-20-2021,139900,1297.0,False,107.86430223592907,2.0,2.0,1908.0,4138.0,,38.5654762,-90.2432738,https://www.redfin.com/MO/Saint-Louis/5318-Michigan-Ave-63111/home/62739357
5110 Page Blvd,Saint Louis,63113.0,Single Family Residential,August-24-2023,200000,2668.0,False,74.96251874062969,3.0,2.5,1901.0,3851.0,,38.6600753,-90.2662772,https://www.redfin.com/MO/Saint-Louis/5110-Page-Blvd-63113/home/93752372
2902 Michigan Ave,Saint Louis,63118.0,Single Family Residential,July-24-2024,185000,1312.0,False,141.0060975609756,3.0,2.5,1921.0,3123.0,,38.603268,-90.233591,https://www.redfin.com/MO/Saint-Louis/2902-Michigan-Ave-63118/home/93692123
6722 Dolan Pl,Saint Louis,63139.0,Single Family Residential,April-24-2026,275000,1410.0,False,195.03546099290782,2.0,2.0,1941.0,4521.0,,38.6296106,-90.3016451,https://www.redfin.com/MO/Saint-Louis/6722-Dolan-Pl-63139/home/93740481
3530 Wyoming St,Saint Louis,63118.0,Single Family Residential,March-27-2025,449000,2300.0,False,195.2173913043478,3.0,2.5,1905.0,4164.0,,38.5988289,-90.2419318,https://www.redfin.com/MO/Saint-Louis/3530-Wyoming-St-63118/home/93693425
6923 Hillsland Ave,Saint Louis,63109.0,Single Family Residential,April-3-2026,265000,1413.0,False,187.5442321302194,4.0,1.5,1940.0,4373.0,,38.5896131,-90.3105536,https://www.redfin.com/MO/Saint-Louis/6923-Hillsland-Ave-63109/home/93781333
5338 Northrup Ave,Saint Louis,63110.0,Single Family Residential,May-24-2024,154000,679.0,False,226.8041237113402,1.0,1.0,1906.0,4639.0,,38.6203576,-90.275674,https://www.redfin.com/MO/Saint-Louis/5338-Northrup-Ave-63110/home/93726493
5908 Victoria Ave,Saint Louis,63110.0,Single Family Residential,May-19-2022,155000,816.0,False,189.95098039215685,2.0,1.0,1948.0,3877.0,,38.6268271,-90.2855881,https://www.redfin.com/MO/Saint-Louis/5908-Victoria-Ave-63110/home/93726382
719 Lami St,Saint Louis,63104.0,Single Family Residential,,425000,2100.0,False,202.38095238095238,3.0,2.5,1882.0,3550.0,,38.603708,-90.2060053,https://www.redfin.com/MO/Saint-Louis/719-Lami-St-63104/home/62767433
6601 Lindenwood Pl,Saint Louis,63109.0,Single Family Residential,May-22-2026,354900,1678.0,False,211.50178784266984,4.0,2.0,1939.0,4286.0,,38.5954911,-90.3043036,https://www.redfin.com/MO/Saint-Louis/6601-Lindenwood-Pl-63109/home/93774920
3868 Boulevard Heights Ct Lot 67,St. Louis,63116.0,Single Family Residential,October-29-2021,248500,2304.0,False,107.85590277777777,3.0,2.5,1921.0,,,38.559694,-90.27152,https://www.redfin.com/MO/St-Louis/3868-Blvd-Heights-Ct-63116/unit-67/home/177018858
6600 Nottingham Ave,Saint Louis,63109.0,Single Family Residential,April-6-2023,300000,1492.0,False,201.07238605898124,4.0,2.0,1940.0,3938.0,,38.587927,-90.3062789,https://www.redfin.com/MO/Saint-Louis/6600-Nottingham-Ave-63109/home/93779654
4221 Wyoming St,Saint Louis,63116.0,Single Family Residential,May-10-2023,160000,1073.0,False,149.11463187325256,2.0,1.0,1891.0,3476.0,,38.6007183,-90.2592353,https://www.redfin.com/MO/Saint-Louis/4221-Wyoming-St-63116/home/89184043
5522 Lisette Ave,Saint Louis,63109.0,Single Family Residential,March-30-2026,339900,1763.0,False,192.79636982416335,3.0,1.5,1928.0,4900.0,,38.57553,-90.2900375,https://www.redfin.com/MO/Saint-Louis/5522-Lisette-Ave-63109/home/93776615
2008 Crittenden St,Saint Louis,63118.0,Single Family Residential,December-2-2022,475000,3780.0,False,125.66137566137566,3.0,3.5,1890.0,4661.0,,38.5986717,-90.2201313,https://www.redfin.com/MO/Saint-Louis/2008-Crittenden-St-63118/home/93699104
1530 Gregg Ave,Saint Louis,63139.0,Single Family Residential,September-7-2023,131000,784.0,False,167.09183673469389,1.0,1.0,1928.0,3485.0,,38.6225269,-90.2925856,https://www.redfin.com/MO/Saint-Louis/1530-Gregg-Ave-63139/home/93761924
4674 Rosa Ave,Saint Louis,63116.0,Single Family Residential,April-24-2023,169000,1200.0,False,140.83333333333334,2.0,1.0,1922.0,4212.0,,38.577895,-90.2782978,https://www.redfin.com/MO/Saint-Louis/4674-Rosa-Ave-63116/home/62732768
1526 E Linton Ave,Saint Louis,63107.0,Single Family Residential,April-10-2026,24900,1013.0,False,24.58045409674235,3.0,3.0,1923.0,3698.0,,38.6753555,-90.2112433,https://www.redfin.com/MO/Saint-Louis/1526-E-Linton-Ave-63107/home/93713250
3718 Humphrey St,Saint Louis,63116.0,Single Family Residential,June-16-2025,500000,2212.0,False,226.03978300180833,4.0,2.5,1905.0,4181.0,,38.5983483,-90.2461268,https://www.redfin.com/MO/Saint-Louis/3718-Humphrey-St-63116/home/93699992
6726 Dolan Pl,Saint Louis,63139.0,Single Family Residential,May-17-2024,220000,1200.0,False,183.33333333333334,2.0,1.0,1941.0,4709.0,,38.6296338,-90.3017629,https://www.redfin.com/MO/Saint-Louis/6726-Dolan-Pl-63139/home/93740482
4731 Rosa Ave,Saint Louis,63116.0,Single Family Residential,November-5-2024,125000,1080.0,False,115.74074074074075,2.0,1.0,1913.0,3537.0,,38.5789893,-90.2783305,https://www.redfin.com/MO/Saint-Louis/4731-Rosa-Ave-63116/home/93759271
5308 Nottingham Ave,Saint Louis,63109.0,Single Family Residential,April-28-2026,395000,2207.0,False,178.97598550067966,4.0,2.0,1904.0,5000.0,,38.5856415,-90.2827782,https://www.redfin.com/MO/Saint-Louis/5308-Nottingham-Ave-63109/home/93755143
6830 Lansdowne Ave,Saint Louis,63109.0,Single Family Residential,,53500,624.0,False,85.73717948717949,3.0,1.0,1933.0,3675.0,,38.5911276,-90.3090695,https://www.redfin.com/MO/Saint-Louis/6830-Lansdowne-Ave-63109/home/93773943
3415 Missouri Ave,Saint Louis,63118.0,Single Family Residential,September-23-2021,190000,1255.0,False,151.39442231075697,2.0,1.0,1960.0,4922.0,,38.5925206,-90.2235338,https://www.redfin.com/MO/Saint-Louis/3415-Missouri-Ave-63118/home/93694542
3911 Potomac St,Saint Louis,63116.0,Single Family Residential,September-22-2023,216900,1000.0,False,216.9,2.0,1.0,1925.0,3820.0,,38.5946642,-90.2514545,https://www.redfin.com/MO/Saint-Louis/3911-Potomac-St-63116/home/93729002
6910 Glades Ave,Saint Louis,63139.0,Single Family Residential,March-6-2024,98000,875.0,False,112.0,3.0,1.0,1955.0,6225.0,,38.6212408,-90.306756,https://www.redfin.com/MO/Saint-Louis/6910-Glades-Ave-63139/home/93741360
1443 Graham,Saint Louis,63139.0,Single Family Residential,June-18-2025,105000,982.0,False,106.92464358452139,0.0,2.0,1928.0,,,38.6243587,-90.2915802,https://www.redfin.com/MO/Saint-Louis/1443-Graham-St-63139/home/93778433
3944 Keokuk,Saint Louis,63116.0,Single Family Residential,September-9-2021,105000,1038.0,False,101.15606936416185,2.0,2.0,1921.0,,,38.5870304,-90.2538248,https://www.redfin.com/MO/Saint-Louis/3944-Keokuk-St-63116/home/93778738
416 Fassen St,Saint Louis,63111.0,Single Family Residential,June-20-2022,60000,961.0,False,62.43496357960458,1.0,1.0,1906.0,3267.0,,38.5645427,-90.2450716,https://www.redfin.com/MO/Saint-Louis/416-Fassen-St-63111/home/93708653
5322 Daggett Ave,Saint Louis,63110.0,Single Family Residential,October-9-2024,275000,1146.0,False,239.9650959860384,1.0,1.0,1913.0,3415.0,,38.6168979,-90.2757578,https://www.redfin.com/MO/Saint-Louis/5322-Daggett-Ave-63110/home/93726884
6263 Odell St,Saint Louis,63139.0,Single Family Residential,May-26-2022,160000,816.0,False,196.07843137254903,2.0,2.0,1930.0,4866.0,,38.6095675,-90.2951667,https://www.redfin.com/MO/Saint-Louis/6263-Odell-St-63139/home/93767966
4141 Utah St,Saint Louis,63116.0,Single Family Residential,December-23-2024,71000,1001.0,False,70.92907092907093,2.0,1.0,1928.0,3350.0,,38.5987839,-90.2574242,https://www.redfin.com/MO/Saint-Louis/4141-Utah-St-63116/home/93729514
3418 Wisconsin Ave,Saint Louis,63118.0,Single Family Residential,April-16-2025,225000,1700.0,False,132.35294117647058,2.0,2.0,1923.0,3441.0,,38.5921615,-90.2207798,https://www.redfin.com/MO/Saint-Louis/3418-Wisconsin-Ave-63118/home/93680298
2221 Richert,Saint Louis,63143.0,Single Family Residential,June-2-2022,130000,1000.0,False,130.0,2.0,1.0,1926.0,4138.0,,38.6175885,-90.3103021,https://www.redfin.com/MO/Saint-Louis/2221-Richert-Pl-63143/home/93741444
1730 S 10th St,Saint Louis,63104.0,Single Family Residential,,376174,2511.0,False,149.81043409000398,3.0,3.5,2007.0,3420.0,,38.6104436,-90.2040879,https://www.redfin.com/MO/Saint-Louis/1730-S-10th-St-63104/home/93683838
3716 N 25th,Saint Louis,63107.0,Single Family Residential,June-10-2022,199900,1844.0,False,108.40563991323211,0.0,2.5,1889.0,3311.0,,38.6589356,-90.2083855,https://www.redfin.com/MO/Saint-Louis/3716-N-25th-St-63107/home/93697062
3313 Vista Ave,Saint Louis,63104.0,Single Family Residential,July-25-2022,448000,2327.0,False,192.52256123764505,4.0,2.5,1921.0,3920.0,,38.6209845,-90.2331811,https://www.redfin.com/MO/Saint-Louis/3313-Vista-Ave-63104/home/93700928
1729 Nicholson Pl,Saint Louis,63104.0,Single Family Residential,September-1-2023,290000,1650.0,False,175.75757575757575,2.0,2.0,1907.0,3128.0,,38.613271,-90.21566,https://www.redfin.com/MO/Saint-Louis/1729-Nicholson-Pl-63104/home/93690284
1319 Lami,Saint Louis,63104.0,Single Family Residential,August-12-2025,325000,2232.0,False,145.60931899641577,2.0,2.5,1880.0,,,38.6056696,-90.2127835,https://www.redfin.com/MO/Saint-Louis/1319-Lami-St-63104/home/93686447
2516 Tamm Ave,Saint Louis,63139.0,Single Family Residential,August-16-2021,135000,793.0,False,170.23959646910467,2.0,1.0,1956.0,6142.0,,38.6152287,-90.2955293,https://www.redfin.com/MO/Saint-Louis/2516-Tamm-Ave-63139/home/93743586
6064 Hancock Ave,Saint Louis,63139.0,Single Family Residential,December-2-2024,235000,980.0,False,239.79591836734693,1.0,2.0,1918.0,8220.0,,38.6002387,-90.2945732,https://www.redfin.com/MO/Saint-Louis/6064-Hancock-Ave-63139/home/93748787
6024 Columbia Ave,Saint Louis,63139.0,Single Family Residential,April-1-2022,255000,1069.0,False,238.54069223573433,2.0,1.0,1914.0,5497.0,,38.6122908,-90.2902086,https://www.redfin.com/MO/Saint-Louis/6024-Columbia-Ave-63139/home/93757210
7301 Pennsylvania Ave,Saint Louis,63111.0,Single Family Residential,December-1-2023,225000,2808.0,False,80.12820512820512,3.0,2.0,1928.0,7209.0,,38.5504195,-90.2569361,https://www.redfin.com/MO/Saint-Louis/7301-Pennsylvania-Ave-63111/home/93710800
5721 Devonshire Ave,Saint Louis,63109.0,Single Family Residential,May-9-2024,229900,864.0,False,266.087962962963,2.0,2.0,1924.0,4003.0,,38.5887137,-90.2909706,https://www.redfin.com/MO/Saint-Louis/5721-Devonshire-Ave-63109/home/93753128
3830 Juniata,Saint Louis,63116.0,Single Family Residential,December-17-2021,516000,2378.0,False,216.98906644238855,5.0,3.0,1908.0,3659.0,,38.6012039,-90.2475579,https://www.redfin.com/MO/Saint-Louis/3830-Juniata-St-63116/home/93728336
2609 N Sarah St,Saint Louis,63113.0,Single Family Residential,July-7-2022,145000,1235.0,False,117.4089068825911,3.0,2.5,1921.0,6011.0,,38.6577208,-90.2335284,https://www.redfin.com/MO/Saint-Louis/2609-N-Sarah-St-63113/home/93717240
7025 Ethel Ave,Saint Louis,63117.0,Single Family Residential,August-29-2024,200000,1164.0,False,171.82130584192439,3.0,1.0,1923.0,5105.0,,38.632102,-90.3064379,https://www.redfin.com/MO/Saint-Louis/7025-Ethel-Ave-63117/home/93760633
5627 Milentz Ave,Saint Louis,63109.0,Single Family Residential,June-6-2023,275000,2065.0,False,133.1719128329298,2.0,2.0,1931.0,4539.0,,38.5797678,-90.2906663,https://www.redfin.com/MO/Saint-Louis/5627-Milentz-Ave-63109/home/93771457
3948 Dover Pl,Saint Louis,63116.0,Single Family Residential,July-14-2022,190000,1365.0,False,139.19413919413918,2.0,1.0,1927.0,5349.0,,38.5704232,-90.2631029,https://www.redfin.com/MO/Saint-Louis/3948-Dover-Pl-63116/home/93774750
6551 Smiley Ave,Saint Louis,63139.0,Single Family Residential,July-9-2021,175000,1196.0,False,146.3210702341137,3.0,2.0,1928.0,,,38.6071374,-90.3012161,https://www.redfin.com/MO/Saint-Louis/6551-Smiley-Ave-63139/home/93742291
2929 Dodier St,Saint Louis,63107.0,Single Family Residential,May-5-2023,250000,2150.0,False,116.27906976744185,5.0,2.5,1902.0,6686.0,,38.6557401,-90.2172452,https://www.redfin.com/MO/Saint-Louis/2929-Dodier-St-63107/home/93754632
625 Walsh,Saint Louis,63111.0,Single Family Residential,August-27-2021,129900,919.0,False,141.34929270946682,2.0,1.0,1907.0,3049.0,,38.5688145,-90.2463009,https://www.redfin.com/MO/Saint-Louis/625-Walsh-St-63111/home/62743719
2631 Nebraska Ave,Saint Louis,63118.0,Single Family Residential,August-2-2024,310000,2010.0,False,154.22885572139305,3.0,2.5,1902.0,3128.0,,38.6061152,-90.230075,https://www.redfin.com/MO/Saint-Louis/2631-Nebraska-Ave-63118/home/79074333
6519 Devonshire Ave,Saint Louis,63109.0,Single Family Residential,August-23-2023,499000,1400.0,False,356.42857142857144,3.0,3.0,1936.0,3986.0,,38.5900872,-90.3041384,https://www.redfin.com/MO/Saint-Louis/6519-Devonshire-Ave-63109/home/93779040
6308 Winona Ave,Saint Louis,63109.0,Single Family Residential,November-16-2023,315000,1550.0,False,203.2258064516129,3.0,1.0,1937.0,3476.0,,38.5925566,-90.2973687,https://www.redfin.com/MO/Saint-Louis/6308-Winona-Ave-63109/home/93782109
4422 Vista Ave,Saint Louis,63110.0,Single Family Residential,August-25-2025,585000,1904.0,False,307.24789915966386,3.0,3.5,2019.0,3123.0,,38.6237314,-90.2598915,https://www.redfin.com/MO/Saint-Louis/4422-Vista-Ave-63110/home/169425125
3834 Rainor Ct,Saint Louis,63116.0,Single Family Residential,September-26-2024,165000,1026.0,False,160.8187134502924,3.0,1.0,1958.0,7135.0,,38.5579075,-90.2731439,https://www.redfin.com/MO/Saint-Louis/3834-Rainor-Ct-63116/home/93785343
7375 Sharp Ave,Saint Louis,63116.0,Single Family Residential,October-8-2021,185000,1075.0,False,172.09302325581396,2.0,1.0,1937.0,5576.0,,38.5591389,-90.2764172,https://www.redfin.com/MO/Saint-Louis/7375-Sharp-Ave-63116/home/93784841
3927 Federer Pl,Saint Louis,63116.0,Single Family Residential,August-5-2021,425000,2663.0,False,159.5944423582426,3.0,3.0,1927.0,7362.0,,38.5671113,-90.2649347,https://www.redfin.com/MO/Saint-Louis/3927-Federer-Pl-63116/home/62740476
5809 Park,St. Louis,63147.0,Single Family Residential,December-29-2021,105000,1073.0,False,97.85647716682199,3.0,1.0,1928.0,4356.0,,38.710944,-90.250189,https://www.redfin.com/MO/St-Louis/5809-Park-63147/home/177024550
21 Willmore Rd,Saint Louis,63109.0,Single Family Residential,September-12-2025,499900,1980.0,False,252.4747474747475,3.0,2.0,1949.0,,,38.5818028,-90.30891,https://www.redfin.com/MO/Saint-Louis/21-Willmore-Rd-63109/home/93782583
3327 Park Ave,Saint Louis,63104.0,Single Family Residential,June-21-2022,297000,1450.0,False,204.82758620689654,2.0,2.0,1921.0,,,38.6203236,-90.2338338,https://www.redfin.com/MO/Saint-Louis/3327-Park-Ave-63104/home/93700901
3912 Bates St,Saint Louis,63116.0,Single Family Residential,January-13-2026,169000,1152.0,False,146.70138888888889,2.0,1.0,1910.0,14217.0,,38.5718249,-90.2609995,https://www.redfin.com/MO/Saint-Louis/3912-Bates-St-63116/home/93781579
2332 S Compton Ave,Saint Louis,63104.0,Single Family Residential,May-15-2026,424900,2464.0,False,172.4431818181818,3.0,2.5,1905.0,3136.0,,38.608027,-90.2338656,https://www.redfin.com/MO/Saint-Louis/2332-S-Compton-Ave-63104/home/93671850
4715 Rosa Ave,Saint Louis,63116.0,Single Family Residential,September-16-2021,139900,1068.0,False,130.99250936329588,2.0,1.0,1913.0,3572.0,,38.5785871,-90.278266,https://www.redfin.com/MO/Saint-Louis/4715-Rosa-Ave-63116/home/62717755
5230 Fairview Ave,Saint Louis,63139.0,Single Family Residential,June-16-2025,180000,765.0,False,235.2941176470588,2.0,1.0,1949.0,5118.0,,38.5985931,-90.2787596,https://www.redfin.com/MO/Saint-Louis/5230-Fairview-Ave-63139/home/93742629
5217 Fairview Ave,Saint Louis,63139.0,Single Family Residential,April-1-2022,148000,765.0,False,193.4640522875817,3.0,1.0,1949.0,5009.0,,38.5988971,-90.2782692,https://www.redfin.com/MO/Saint-Louis/5217-Fairview-Ave-63139/home/62735421
3923 Prather Ave,Saint Louis,63109.0,Single Family Residential,July-20-2023,299900,1700.0,False,176.41176470588235,4.0,2.0,1940.0,4826.0,,38.5948141,-90.3069065,https://www.redfin.com/MO/Saint-Louis/3923-Prather-Ave-63109/home/62752555
6137 Colorado Ave,Saint Louis,63111.0,Single Family Residential,March-25-2022,200000,1400.0,False,142.85714285714286,3.0,1.5,1921.0,5009.0,,38.5625245,-90.254286,https://www.redfin.com/MO/Saint-Louis/6137-Colorado-Ave-63111/home/93709529
5533 Winona Ave,Saint Louis,63109.0,Single Family Residential,April-11-2023,229000,1410.0,False,162.4113475177305,3.0,1.0,1946.0,6978.0,,38.5919268,-90.2868697,https://www.redfin.com/MO/Saint-Louis/5533-Winona-Ave-63109/home/93782360
5833 Delor St,Saint Louis,63109.0,Single Family Residential,May-1-2025,600000,1982.0,False,302.7245206861756,3.0,2.5,1935.0,4373.0,,38.5845645,-90.2942006,https://www.redfin.com/MO/Saint-Louis/5833-Delor-St-63109/home/62759578
6323 Alaska Ave,Saint Louis,63111.0,Single Family Residential,December-11-2025,235000,1684.0,False,139.54869358669833,0.0,2.0,1921.0,4051.0,,38.561557,-90.2564955,https://www.redfin.com/MO/Saint-Louis/6323-Alaska-Ave-63111/home/93709337
4325 Koeln Ave,Saint Louis,63116.0,Single Family Residential,October-11-2023,139500,1106.0,False,126.13019891500905,2.0,1.0,1950.0,5166.0,,38.5629036,-90.2817083,https://www.redfin.com/MO/Saint-Louis/4325-Koeln-Ave-63116/home/62765538
3526 Nebraska Ave,Saint Louis,63118.0,Single Family Residential,May-28-2025,390000,2112.0,False,184.6590909090909,3.0,2.5,1903.0,3123.0,,38.5915147,-90.2326156,https://www.redfin.com/MO/Saint-Louis/3526-Nebraska-Ave-63118/home/93694855
3201 Eads #1,St. Louis,63104.0,Single Family Residential,November-3-2021,338700,2832.0,False,119.59745762711864,4.0,3.5,1921.0,,,38.61828,-90.232173,https://www.redfin.com/MO/St-Louis/3201-Eads-Ave-63104/unit-1/home/177082425
4321 Quincy St,Saint Louis,63116.0,Single Family Residential,July-22-2022,170000,816.0,False,208.33333333333334,2.0,1.0,1952.0,3703.0,,38.5658936,-90.2788438,https://www.redfin.com/MO/Saint-Louis/4321-Quincy-St-63116/home/93784481
5736 Winona Ave,Saint Louis,63109.0,Single Family Residential,September-30-2021,275000,1854.0,False,148.32793959007552,4.0,1.5,1939.0,4748.0,,38.5918984,-90.2906281,https://www.redfin.com/MO/Saint-Louis/5736-Winona-Ave-63109/home/93780872
5250 Sutherland Ave,Saint Louis,63109.0,Single Family Residential,August-16-2021,215000,1350.0,False,159.25925925925927,2.0,1.5,1914.0,5009.0,,38.5891464,-90.2816858,https://www.redfin.com/MO/Saint-Louis/5250-Sutherland-Ave-63109/home/93752869
6039 Juniata St,Saint Louis,63139.0,Single Family Residential,May-10-2024,229000,1071.0,False,213.81886087768441,3.0,1.0,1926.0,4434.0,,38.6056668,-90.2916653,https://www.redfin.com/MO/Saint-Louis/6039-Juniata-St-63139/home/62767316
5101 Mccausland Ave,Saint Louis,63109.0,Single Family Residential,June-1-2026,300000,1078.0,False,278.29313543599255,3.0,1.5,1921.0,6600.0,,38.5851164,-90.3106916,https://www.redfin.com/MO/Saint-Louis/5101-McCausland-Ave-63109/home/93781547
2106 S 11th,Saint Louis,63104.0,Single Family Residential,March-16-2022,281000,1496.0,False,187.8342245989305,0.0,2.0,1885.0,3528.0,,38.6071874,-90.2085572,https://www.redfin.com/MO/Saint-Louis/2106-S-11th-St-63104/home/93686332
6309 Murdoch Ave,Saint Louis,63109.0,Single Family Residential,July-27-2023,550000,2696.0,False,204.0059347181009,3.0,2.5,1934.0,4931.0,,38.5885484,-90.2978676,https://www.redfin.com/MO/Saint-Louis/6309-Murdoch-Ave-63109/home/93780213
7714 Vermont Ave,Saint Louis,63111.0,Single Family Residential,September-20-2024,119000,1118.0,False,106.44007155635063,2.0,1.0,1893.0,3663.0,,38.5493526,-90.2637928,https://www.redfin.com/MO/Saint-Louis/7714-Vermont-Ave-63111/home/93711101
6632 Winnebago St,Saint Louis,63109.0,Single Family Residential,April-7-2022,168000,1075.0,False,156.27906976744185,2.0,1.0,1939.0,,,38.5942936,-90.3055812,https://www.redfin.com/MO/Saint-Louis/6632-Winnebago-St-63109/home/62711231
8725 Annetta Ave,Saint Louis,63147.0,Single Family Residential,December-20-2024,129900,1075.0,False,120.83720930232558,2.0,1.0,1934.0,4456.0,,38.7165493,-90.2381538,https://www.redfin.com/MO/Saint-Louis/8725-Annetta-Ave-63147/home/93779397
1923 Sublette Ave,Saint Louis,63110.0,Single Family Residential,June-2-2022,205000,816.0,False,251.22549019607843,2.0,1.0,1955.0,3437.0,,38.6181287,-90.2812088,https://www.redfin.com/MO/Saint-Louis/1923-Sublette-Ave-63110/home/93726535
2311 Arsenal St,Saint Louis,63118.0,Single Family Residential,April-25-2022,312000,2770.0,False,112.63537906137184,4.0,3.5,1921.0,3528.0,,38.5989874,-90.2237883,https://www.redfin.com/MO/Saint-Louis/2311-Arsenal-St-63118/home/62740985
4817 Rhodes Ave,Saint Louis,63116.0,Single Family Residential,March-7-2022,127000,910.0,False,139.56043956043956,2.0,1.0,1923.0,3398.0,,38.5766428,-90.2819185,https://www.redfin.com/MO/Saint-Louis/4817-Rhodes-Ave-63116/home/93766553
6823 Minnesota Ave,Saint Louis,63111.0,Single Family Residential,February-24-2025,50000,1800.0,False,27.77777777777778,3.0,1.0,1893.0,4796.0,,38.5540996,-90.2541007,https://www.redfin.com/MO/Saint-Louis/6823-Minnesota-Ave-63111/home/93710470
2641 Accomac,Saint Louis,63104.0,Townhouse,May-11-2026,435000,2875.0,False,151.30434782608697,3.0,3.5,2024.0,,,38.609585,-90.222983,https://www.redfin.com/MO/Saint-Louis/2641-Accomac-St-63104/home/93690691
6249 Marmaduke Ave,Saint Louis,63139.0,Single Family Residential,May-9-2024,275000,1296.0,False,212.19135802469137,2.0,2.0,1924.0,3363.0,,38.6105055,-90.2945287,https://www.redfin.com/MO/Saint-Louis/6249-Marmaduke-Ave-63139/home/93754730
2701 Mcnair Ave,Saint Louis,63118.0,Single Family Residential,October-11-2024,275000,1914.0,False,143.67816091954023,2.0,2.0,1885.0,3324.0,,38.6030459,-90.2196938,https://www.redfin.com/MO/Saint-Louis/2701-McNair-Ave-63118/home/93697833
7005 Trainor Ct,Saint Louis,63116.0,Single Family Residential,March-4-2026,250000,1256.0,False,199.04458598726114,3.0,2.0,1939.0,4255.0,,38.561229,-90.2704155,https://www.redfin.com/MO/Saint-Louis/7005-Trainor-Ct-63116/home/93773352
4558 Cote Brilliante Ave,Saint Louis,63113.0,Single Family Residential,July-12-2024,120000,2116.0,False,56.71077504725898,5.0,2.0,1895.0,4208.0,,38.6600995,-90.2489898,https://www.redfin.com/MO/Saint-Louis/4558-Cote-Brilliante-Ave-63113/home/93718835
3841 Fairview Ave,Saint Louis,63116.0,Single Family Residential,April-18-2022,385000,3107.0,False,123.91374316060508,3.0,2.5,1913.0,4312.0,,38.5956771,-90.2488458,https://www.redfin.com/MO/Saint-Louis/3841-Fairview-Ave-63116/home/70323341
5717 Bartmer Ave,Saint Louis,63112.0,Single Family Residential,March-3-2022,89900,2180.0,False,41.23853211009175,5.0,2.0,1895.0,11761.0,,38.6630145,-90.2836971,https://www.redfin.com/MO/Saint-Louis/5717-Bartmer-Ave-63112/home/93722564
4502 Tholozan Ave,Saint Louis,63116.0,Single Family Residential,August-18-2023,124900,907.0,False,137.70672546857773,2.0,2.0,1906.0,11056.0,,38.5934216,-90.2681411,https://www.redfin.com/MO/Saint-Louis/4502-Tholozan-Ave-63116/home/93730026
5557 Elizabeth Ave,Saint Louis,63110.0,Single Family Residential,December-20-2023,165000,984.0,False,167.6829268292683,2.0,1.5,1953.0,4983.0,,38.6144251,-90.2826438,https://www.redfin.com/MO/Saint-Louis/5557-Elizabeth-Ave-63110/home/93772554
6353 Murdoch Ave,Saint Louis,63109.0,Single Family Residential,October-2-2025,675900,2632.0,False,256.80091185410333,4.0,2.5,1937.0,6242.0,,38.5886516,-90.2993766,https://www.redfin.com/MO/Saint-Louis/6353-Murdoch-Ave-63109/home/93780222
3743 Sullivan Ave,Saint Louis,63107.0,Single Family Residential,September-4-2025,60000,2112.0,False,28.40909090909091,2.0,2.0,1900.0,,,38.6598945,-90.2218486,https://www.redfin.com/MO/Saint-Louis/3743-Sullivan-Ave-63107/home/93702135
3410 Mccausland Ave,Saint Louis,63139.0,Single Family Residential,May-9-2022,165000,720.0,False,229.16666666666666,2.0,2.0,1976.0,3485.0,,38.6024642,-90.310579,https://www.redfin.com/MO/Saint-Louis/3410-McCausland-Ave-63139/home/62695577
8748 Jordan Ave,Saint Louis,63147.0,Single Family Residential,September-29-2023,37500,884.0,False,42.42081447963801,2.0,1.0,1948.0,6382.0,,38.7225326,-90.2300306,https://www.redfin.com/MO/Saint-Louis/8748-Jordan-Ave-63147/home/93782973
3143 Ohio Ave,Saint Louis,63118.0,Single Family Residential,October-4-2024,195000,1926.0,False,101.24610591900311,0.0,2.0,1921.0,3123.0,,38.5984484,-90.2269395,https://www.redfin.com/MO/Saint-Louis/3143-Ohio-Ave-63118/home/93697079
6301 Potomac St,Saint Louis,63139.0,Single Family Residential,May-22-2023,325000,2130.0,False,152.58215962441315,3.0,2.0,1941.0,4217.0,,38.5990106,-90.2961981,https://www.redfin.com/MO/Saint-Louis/6301-Potomac-St-63139/home/62708008
3442 Potomac St,Saint Louis,63118.0,Single Family Residential,September-22-2021,130000,2002.0,False,64.93506493506493,4.0,1.0,1914.0,3093.0,,38.5932199,-90.2412429,https://www.redfin.com/MO/Saint-Louis/3442-Potomac-St-63118/home/93695418
6518 Parkwood Pl,Saint Louis,63116.0,Single Family Residential,,103900,1000.0,False,103.9,3.0,2.0,1929.0,4375.0,,38.5691831,-90.2761524,https://www.redfin.com/MO/Saint-Louis/6518-Parkwood-Pl-63116/home/62708481
4149 Humphrey,Saint Louis,63116.0,Single Family Residential,July-11-2022,375000,1725.0,False,217.3913043478261,3.0,2.5,1915.0,4922.0,,38.5996529,-90.2576362,https://www.redfin.com/MO/Saint-Louis/4149-Humphrey-St-63116/unit-4149/home/93679024
4645 Adkins Ave,Saint Louis,63116.0,Single Family Residential,June-24-2022,87300,818.0,False,106.72371638141809,2.0,1.0,1908.0,3398.0,,38.5819218,-90.262997,https://www.redfin.com/MO/Saint-Louis/4645-Adkins-Ave-63116/home/93757030
3937 Russell Blvd,Saint Louis,63110.0,Single Family Residential,December-21-2021,229000,2430.0,False,94.23868312757202,4.0,2.0,1908.0,3354.0,,38.6143001,-90.246915,https://www.redfin.com/MO/Saint-Louis/3937-Russell-Blvd-63110/home/93747580
1035 Central Ave,Saint Louis,63139.0,Single Family Residential,June-1-2026,309900,1665.0,False,186.12612612612614,4.0,2.0,1923.0,4965.0,,38.6307028,-90.3033558,https://www.redfin.com/MO/Saint-Louis/1035-Central-Ave-63139/home/93759988
3808 Olive St,Saint Louis,63108.0,Single Family Residential,August-29-2023,691500,3168.0,False,218.27651515151516,2.0,3.0,1921.0,2875.0,,38.6403511,-90.2376128,https://www.redfin.com/MO/Saint-Louis/3808-Olive-St-63108/home/181866746
1917 S Compton Ave,Saint Louis,63104.0,Single Family Residential,June-28-2022,250000,1692.0,False,147.75413711583926,2.0,1.5,1883.0,2352.0,,38.6139307,-90.2331813,https://www.redfin.com/MO/Saint-Louis/1917-S-Compton-Ave-63104/home/62762825
4607 S Spring Ave,Saint Louis,63116.0,Single Family Residential,August-19-2021,123500,775.0,False,159.3548387096774,2.0,1.0,1921.0,4138.0,,38.579391,-90.2531097,https://www.redfin.com/MO/Saint-Louis/4607-S-Spring-Ave-63116/home/62727936
8601 Tara Ln,Saint Louis,63147.0,Single Family Residential,December-17-2021,75500,1150.0,False,65.65217391304348,4.0,1.0,1940.0,4922.0,,38.7153749,-90.2444949,https://www.redfin.com/MO/Saint-Louis/8601-Tara-Ln-63147/home/93732062
5713 Acme Ave,Saint Louis,63136.0,Single Family Residential,June-21-2022,57250,768.0,False,74.54427083333333,2.0,1.0,1950.0,9052.0,,38.7122025,-90.2572159,https://www.redfin.com/MO/Saint-Louis/5713-Acme-Ave-63136/home/93421445
5852 Clemens Ave,Saint Louis,63112.0,Single Family Residential,November-24-2021,318300,2752.0,False,115.66133720930233,5.0,3.0,1921.0,,,38.656387,-90.288469,https://www.redfin.com/MO/Saint-Louis/5852-Clemens-Ave-63112/home/93680626
5431 Elizabeth Ave,Saint Louis,63110.0,Single Family Residential,July-3-2025,275000,1181.0,False,232.85351397121084,3.0,1.0,1926.0,,,38.6136872,-90.2789889,https://www.redfin.com/MO/Saint-Louis/5431-Elizabeth-Ave-63110/home/93772092
6456 Wade Ave,Saint Louis,63139.0,Single Family Residential,September-11-2023,160000,960.0,False,166.66666666666666,2.0,1.0,1935.0,4382.0,,38.6254493,-90.2955681,https://www.redfin.com/MO/Saint-Louis/6456-Wade-Ave-63139/home/93740751
5236 Daggett Ave,Saint Louis,63110.0,Single Family Residential,July-9-2021,104900,726.0,False,144.49035812672176,1.0,1.0,1905.0,2396.0,,38.6167221,-90.2740343,https://www.redfin.com/MO/Saint-Louis/5236-Daggett-Ave-63110/home/62689692
4120 Haven St,Saint Louis,63116.0,Single Family Residential,May-26-2022,279000,1880.0,False,148.40425531914894,4.0,2.0,1939.0,4356.0,,38.5665981,-90.274691,https://www.redfin.com/MO/Saint-Louis/4120-Haven-St-63116/home/62716855
4865 Bessie,Saint Louis,63115.0,Single Family Residential,December-6-2021,70000,1540.0,True,45.45454545454545,2.0,1.0,1945.0,4182.0,,38.6810285,-90.2434101,https://www.redfin.com/MO/Saint-Louis/4865-Bessie-Ave-63115/home/93733388
5958 Floy Ave,Saint Louis,63147.0,Single Family Residential,May-27-2022,46900,672.0,False,69.79166666666667,2.0,1.0,1920.0,3485.0,,38.7146691,-90.2524081,https://www.redfin.com/MO/Saint-Louis/5958-Floy-Ave-63147/home/79024620
4566 Washington,Saint Louis,63108.0,Single Family Residential,October-19-2021,399900,3660.0,False,109.26229508196721,4.0,3.5,2007.0,4704.0,,38.6496313,-90.256528,https://www.redfin.com/MO/Saint-Louis/4566-Washington-Blvd-63108/home/93676136
3623 Oregon Ave,Saint Louis,63118.0,Single Family Residential,March-26-2025,49900,992.0,False,50.30241935483871,3.0,1.0,1884.0,6569.0,,38.5897566,-90.2323355,https://www.redfin.com/MO/Saint-Louis/3623-Oregon-Ave-63118/home/93696399
4108 Detonty St,Saint Louis,63110.0,Single Family Residential,December-28-2022,397500,2200.0,False,180.6818181818182,4.0,2.5,1921.0,2483.0,,38.6170017,-90.2509055,https://www.redfin.com/MO/Saint-Louis/4108-De-Tonty-St-63110/home/143286953
4128 Detonty St,Saint Louis,63110.0,Single Family Residential,December-1-2022,327500,1224.0,False,267.56535947712416,2.0,1.5,1921.0,2483.0,,38.6170585,-90.2516658,https://www.redfin.com/MO/Saint-Louis/4128-De-Tonty-St-63110/home/143286956
4201 West Pine Blvd #106,St. Louis,63108.0,Single Family Residential,November-19-2021,795000,2337.0,False,340.17971758664953,2.0,2.5,1921.0,,,38.6394304,-90.2486053,https://www.redfin.com/MO/St-Louis/4201-W-Pine-Blvd-63108/unit-106/home/175152249
1505 W Billon Ave,Saint Louis,63139.0,Single Family Residential,October-21-2024,126000,840.0,False,150.0,2.0,1.0,1880.0,4630.0,,38.6241224,-90.2889269,https://www.redfin.com/MO/Saint-Louis/1505-W-Billon-Ave-63139/home/93741494
3411 Vista Ave,Saint Louis,63104.0,Single Family Residential,October-10-2023,415000,1965.0,False,211.19592875318065,3.0,2.5,1921.0,3049.0,,38.621275,-90.2343772,https://www.redfin.com/MO/Saint-Louis/3411-Vista-Ave-63104/home/93700939
6927 Sutherland Ave,Saint Louis,63109.0,Single Family Residential,April-8-2026,682000,2364.0,False,288.49407783417934,4.0,2.5,1921.0,4373.0,,38.5926029,-90.310658,https://www.redfin.com/MO/Saint-Louis/6927-Sutherland-Ave-63109/home/181867591
3253 Texas Ave,Saint Louis,63118.0,Single Family Residential,January-22-2026,160000,1536.0,False,104.16666666666667,3.0,2.5,1910.0,2740.0,,38.5955935,-90.2264201,https://www.redfin.com/MO/Saint-Louis/3253-Texas-Ave-63118/home/62699239
2208 Chippewa,Saint Louis,63118.0,Single Family Residential,October-14-2021,89900,1566.0,False,57.407407407407405,2.0,2.0,1890.0,3572.0,,38.585745,-90.2250924,https://www.redfin.com/MO/Saint-Louis/2208-Chippewa-St-63118/home/93696777
7344 Sharp Ave,Saint Louis,63116.0,Single Family Residential,June-25-2024,194500,969.0,False,200.72239422084624,3.0,2.0,1956.0,6125.0,,38.5594366,-90.2753948,https://www.redfin.com/MO/Saint-Louis/7344-Sharp-Ave-63116/home/93785078
2223 Sublette Ave,Saint Louis,63110.0,Single Family Residential,September-26-2024,235000,957.0,False,245.55903866248693,2.0,1.0,1919.0,5750.0,,38.6146442,-90.2809039,https://www.redfin.com/MO/Saint-Louis/2223-Sublette-Ave-63110/home/93772621
3506 Pennsylvania Ave,Saint Louis,63118.0,Single Family Residential,February-4-2026,195000,1758.0,False,110.92150170648465,3.0,2.0,1910.0,2971.0,,38.5921504,-90.2336084,https://www.redfin.com/MO/Saint-Louis/3506-Pennsylvania-Ave-63118/home/93694885
4424 Randall Pl,Saint Louis,63107.0,Single Family Residential,October-18-2024,200000,5833.0,False,34.287673581347505,4.0,3.5,1823.0,32065.0,,38.6703379,-90.203477,https://www.redfin.com/MO/Saint-Louis/4424-Randall-Pl-63107/home/93703512
4866 Carter Ave,Saint Louis,63115.0,Single Family Residential,December-5-2024,42000,924.0,False,45.45454545454545,2.0,1.0,1914.0,2831.0,,38.6829096,-90.2418316,https://www.redfin.com/MO/Saint-Louis/4866-Carter-Ave-63115/home/93733318
1524 Deer St,Saint Louis,63113.0,Single Family Residential,April-23-2025,105900,1646.0,False,64.33778857837181,3.0,2.0,1908.0,1742.0,,38.6590181,-90.2487532,https://www.redfin.com/MO/Saint-Louis/1524-Deer-St-63113/home/93718743
4319 California Ave,Saint Louis,63111.0,Single Family Residential,August-18-2023,81500,1020.0,False,79.90196078431373,2.0,1.0,1927.0,4095.0,,38.5771552,-90.233719,https://www.redfin.com/MO/Saint-Louis/4319-California-Ave-63111/home/93705736
4737 Beacon Ave,Saint Louis,63120.0,Single Family Residential,June-16-2026,40000,1000.0,False,40.0,3.0,1.5,1909.0,,,38.6924149,-90.2560724,https://www.redfin.com/MO/Saint-Louis/4737-Beacon-Ave-63120/home/62724376
3819 Kossuth Ave,Saint Louis,63107.0,Single Family Residential,August-29-2024,38500,816.0,False,47.181372549019606,1.0,1.0,1914.0,4143.0,,38.6670462,-90.2189194,https://www.redfin.com/MO/Saint-Louis/3819-Kossuth-Ave-63107/home/93715026
5168 Vernon Ave,Saint Louis,63113.0,Single Family Residential,October-16-2025,90000,2340.0,False,38.46153846153846,4.0,2.0,1895.0,6364.0,,38.6583585,-90.2685694,https://www.redfin.com/MO/Saint-Louis/5168-Vernon-Ave-63113/home/93752401
215 N Sarah St #13,Saint Louis,63108.0,Townhouse,February-17-2026,699000,2278.0,False,306.84811237928005,2.0,3.5,2024.0,,,38.638859,-90.2463284,https://www.redfin.com/MO/Saint-Louis/215-N-Sarah-St-63108/unit-13/home/193546240
2028 Destrehan,Saint Louis,63107.0,Single Family Residential,November-20-2023,39900,704.0,False,56.67613636363637,3.0,1.0,1924.0,2091.0,,38.6578919,-90.2026249,https://www.redfin.com/MO/Saint-Louis/2028-Destrehan-St-63107/home/93688743
3615 Virginia Ave,Saint Louis,63118.0,Single Family Residential,January-29-2026,90000,990.0,False,90.9090909090909,2.0,1.0,1912.0,2683.0,,38.590792,-90.239087,https://www.redfin.com/MO/Saint-Louis/3615-Virginia-Ave-63118/home/93695713
2349 S Compton Ave,Saint Louis,63104.0,Single Family Residential,April-1-2022,379900,3346.0,False,113.5385534967125,5.0,3.0,1897.0,4748.0,,38.6076711,-90.2344517,https://www.redfin.com/MO/Saint-Louis/2349-S-Compton-Ave-63104/home/93691981
4728 Primm St,Saint Louis,63116.0,Single Family Residential,August-18-2025,239900,1622.0,False,147.90382244143032,3.0,2.0,1925.0,4622.0,,38.5640772,-90.2892944,https://www.redfin.com/MO/Saint-Louis/4728-Primm-St-63116/home/93775511
1131 Angelica St,Saint Louis,63107.0,Single Family Residential,August-5-2025,50000,912.0,False,54.824561403508774,2.0,1.0,1946.0,3968.0,,38.6662377,-90.2015777,https://www.redfin.com/MO/Saint-Louis/1131-Angelica-St-63107/home/93702897
215 N Sarah St #11,Saint Louis,63108.0,Single Family Residential,November-9-2022,725000,2282.0,False,317.703768624014,3.0,3.5,1921.0,,,38.638859,-90.2463284,https://www.redfin.com/MO/Saint-Louis/215-N-Sarah-St-63108/unit-11/home/182774033
2231 Hickory,St. Louis,63104.0,Single Family Residential,July-6-2023,619900,3409.0,False,181.8421824581989,3.0,3.5,1921.0,4356.0,,38.620034,-90.216454,https://www.redfin.com/MO/St-Louis/2231-Hickory-63104/home/173772914
2630 S 11th St,Saint Louis,63118.0,Single Family Residential,June-25-2024,143572,945.0,False,151.92804232804232,2.0,1.0,1890.0,3846.0,,38.6008687,-90.2114154,https://www.redfin.com/MO/Saint-Louis/2630-S-11th-St-63118/home/93686926
5306 Wilson Ave,Saint Louis,63110.0,Single Family Residential,July-6-2023,779900,3576.0,False,218.09284116331096,4.0,3.5,2022.0,2178.0,,38.6157909,-90.2754443,https://www.redfin.com/MO/Saint-Louis/5306-Wilson-Ave-63110/home/178545804
4461 Dewey Ave,Saint Louis,63116.0,Single Family Residential,November-19-2024,29000,600.0,False,48.333333333333336,1.0,0.5,1922.0,4221.0,,38.5788735,-90.2505905,https://www.redfin.com/MO/Saint-Louis/4461-Dewey-Ave-63116/home/93730857
4501 Oregon Ave,Saint Louis,63111.0,Single Family Residential,May-20-2024,52000,1564.0,False,33.248081841432224,4.0,2.0,1902.0,2592.0,,38.5742399,-90.2355515,https://www.redfin.com/MO/Saint-Louis/4501-Oregon-Ave-63111/home/93706556
5204 Cabanne,Saint Louis,63113.0,Single Family Residential,August-9-2021,212000,1688.0,False,125.59241706161137,5.0,3.5,1901.0,3772.0,,38.6566595,-90.2703029,https://www.redfin.com/MO/Saint-Louis/5204-Cabanne-Ave-63113/home/93745396
9139 Edna St,Saint Louis,63137.0,Single Family Residential,August-11-2023,24900,1125.0,False,22.133333333333333,2.0,1.0,1941.0,6342.0,,38.7238836,-90.2373357,https://www.redfin.com/MO/Saint-Louis/9139-Edna-St-63137/home/93782309
5054 Fyler Ave,Saint Louis,63139.0,Single Family Residential,September-27-2024,239900,1125.0,False,213.24444444444444,2.0,1.0,1939.0,5083.0,,38.6002266,-90.2770993,https://www.redfin.com/MO/Saint-Louis/5054-Fyler-Ave-63139/home/93777184
5304 Wilson Ave,Saint Louis,63110.0,Single Family Residential,June-5-2023,799900,3576.0,False,223.68568232662193,4.0,3.5,2022.0,2178.0,,38.6157839,-90.2753573,https://www.redfin.com/MO/Saint-Louis/5304-Wilson-Ave-63110/home/178545736
2113 Boardman St,Saint Louis,63110.0,Single Family Residential,March-24-2023,420000,1348.0,False,311.5727002967359,2.0,2.5,2020.0,2483.0,,38.6148896,-90.2703945,https://www.redfin.com/MO/Saint-Louis/2113-Boardman-St-63110/home/173620159
6119 Alabama Ave,Saint Louis,63111.0,Single Family Residential,July-2-2025,104000,904.0,False,115.04424778761062,2.0,1.0,1880.0,3363.0,,38.5619358,-90.2520783,https://www.redfin.com/MO/Saint-Louis/6119-Alabama-Ave-63111/home/93709140
10102 Lookaway Dr,Saint Louis,63137.0,Single Family Residential,April-28-2025,209000,1900.0,False,110.0,3.0,2.0,1940.0,18343.0,,38.7473993,-90.1972116,https://www.redfin.com/MO/Saint-Louis/10102-Lookaway-Dr-63137/home/93785916
6603 Villa Ave,Saint Louis,63139.0,Single Family Residential,August-4-2023,175000,864.0,False,202.5462962962963,3.0,2.0,1961.0,3180.0,,38.6257277,-90.2988014,https://www.redfin.com/MO/Saint-Louis/6603-Villa-Ave-63139/home/93750101
4107 Oleatha Ave,Saint Louis,63116.0,Single Family Residential,January-23-2025,187000,1092.0,False,171.24542124542126,3.0,2.0,1954.0,4892.0,,38.5943867,-90.2569203,https://www.redfin.com/MO/Saint-Louis/4107-Oleatha-Ave-63116/home/93728793
3325 Itaska St,Saint Louis,63111.0,Single Family Residential,October-9-2024,69900,1070.0,False,65.32710280373831,3.0,1.0,1897.0,2618.0,,38.5723443,-90.2446353,https://www.redfin.com/MO/Saint-Louis/3325-Itaska-St-63111/home/93707074
5206 Morgan Ford Rd,Saint Louis,63116.0,Single Family Residential,January-19-2024,199900,1350.0,False,148.07407407407408,2.0,2.0,1921.0,4722.0,,38.5795592,-90.2676762,https://www.redfin.com/MO/Saint-Louis/5206-Morganford-Rd-63116/home/93773998
3005 Lemp Ave,Saint Louis,63118.0,Single Family Residential,March-20-2026,120000,1768.0,False,67.87330316742081,0.0,2.0,1890.0,2840.0,,38.5979431,-90.2177524,https://www.redfin.com/MO/Saint-Louis/3005-Lemp-Ave-63118/home/93698988
5327 West Ave,Saint Louis,63116.0,Single Family Residential,January-23-2026,190000,1296.0,False,146.60493827160494,2.0,1.5,1909.0,4225.0,,38.5811303,-90.272681,https://www.redfin.com/MO/Saint-Louis/5327-West-Ave-63116/home/93761672
6832 Dale Ave,Saint Louis,63139.0,Single Family Residential,October-3-2025,69900,800.0,False,87.375,1.0,1.0,1932.0,4173.0,,38.6262673,-90.3044289,https://www.redfin.com/MO/Saint-Louis/6832-Dale-Ave-63139/home/93740616
2704 Stoddard St,Saint Louis,63106.0,Single Family Residential,September-12-2024,42500,2012.0,False,21.123260437375745,3.0,1.0,1884.0,2749.0,,38.6402325,-90.2144463,https://www.redfin.com/MO/Saint-Louis/2704-Stoddard-St-63106/home/93686858
4316 Alma Ave,Saint Louis,63116.0,Single Family Residential,April-21-2023,236900,1680.0,False,141.01190476190476,3.0,2.5,1930.0,5227.0,,38.5683283,-90.2759252,https://www.redfin.com/MO/Saint-Louis/4316-Alma-Ave-63116/home/62709511
4610 Lexington Ave,Saint Louis,63115.0,Single Family Residential,October-23-2025,35000,945.0,False,37.03703703703704,3.0,1.5,1963.0,4914.0,,38.6708386,-90.24273,https://www.redfin.com/MO/Saint-Louis/4610-Lexington-Ave-63115/home/93735673
5249 Vernon Ave,Saint Louis,63113.0,Single Family Residential,January-10-2024,85000,2318.0,False,36.6695427092321,5.0,2.0,1896.0,4822.0,,38.659061,-90.2713674,https://www.redfin.com/MO/Saint-Louis/5249-Vernon-Ave-63113/home/93710058
3963 Palm St,Saint Louis,63107.0,Single Family Residential,March-13-2024,89500,1682.0,False,53.210463733650414,4.0,2.0,1910.0,3300.0,,38.6640411,-90.2250966,https://www.redfin.com/MO/Saint-Louis/3963-Palm-St-63107/home/93753891
5658 Maffitt Ave,Saint Louis,63112.0,Single Family Residential,March-3-2026,25000,850.0,False,29.41176470588235,2.0,1.0,1951.0,3781.0,,38.6764104,-90.2734955,https://www.redfin.com/MO/Saint-Louis/5658-Maffitt-Ave-63112/home/93754248
3616 Osceola St,Saint Louis,63116.0,Single Family Residential,February-4-2026,199900,1400.0,False,142.78571428571428,4.0,2.0,1893.0,2483.0,,38.5788252,-90.2466488,https://www.redfin.com/MO/Saint-Louis/3616-Osceola-St-63116/home/93706464
4129 Enright Ave,Saint Louis,63108.0,Single Family Residential,July-21-2023,79000,2528.0,False,31.25,4.0,2.0,1893.0,6800.0,,38.6469783,-90.2425892,https://www.redfin.com/MO/Saint-Louis/4129-Enright-Ave-63108/home/93745145
4606 Wherry Ave,Saint Louis,63109.0,Single Family Residential,September-8-2022,178000,880.0,False,202.27272727272728,2.0,1.0,1956.0,5097.0,,38.5876377,-90.2856544,https://www.redfin.com/MO/Saint-Louis/4606-Wherry-Ave-63109/home/93753230
2235 Missouri Ave,Saint Louis,63104.0,Single Family Residential,April-16-2024,239900,1902.0,False,126.130389064143,3.0,2.0,1884.0,2805.0,,38.6084402,-90.2201911,https://www.redfin.com/MO/Saint-Louis/2235-Missouri-Ave-63104/home/93690901
2023 Sidney St,Saint Louis,63104.0,Single Family Residential,August-28-2023,185000,1500.0,False,123.33333333333333,3.0,3.0,1885.0,3937.0,,38.6038798,-90.2175459,https://www.redfin.com/MO/Saint-Louis/2023-Sidney-St-63104/home/93671861
5109 Cote Brilliante Ave,Saint Louis,63113.0,Single Family Residential,February-26-2026,52000,1188.0,False,43.77104377104377,2.0,1.0,1926.0,4439.0,,38.66676,-90.2622426,https://www.redfin.com/MO/Saint-Louis/5109-Cote-Brilliante-Ave-63113/home/93738127
5052 Plover Ave,Saint Louis,63120.0,Single Family Residential,January-12-2026,22500,1041.0,False,21.613832853025936,2.0,1.0,1914.0,6473.0,,38.697475,-90.2521147,https://www.redfin.com/MO/Saint-Louis/5052-Plover-Ave-63120/home/93759787
8528 Riverview Blvd,Saint Louis,63147.0,Single Family Residential,February-10-2026,126500,1100.0,False,115.0,4.0,1.0,1936.0,5001.0,,38.7128272,-90.2429995,https://www.redfin.com/MO/Saint-Louis/8528-Riverview-Blvd-63147/home/62717280
8508 Drury Ln,Saint Louis,63147.0,Single Family Residential,March-15-2024,112900,1200.0,False,94.08333333333333,3.0,2.0,1930.0,7784.0,,38.7134789,-90.2461386,https://www.redfin.com/MO/Saint-Louis/8508-Drury-Ln-63147/home/93732315
8050 Morganford,Saint Louis,63123.0,Single Family Residential,September-28-2022,140000,744.0,False,188.1720430107527,3.0,1.5,1950.0,6926.0,,38.5567387,-90.2854655,https://www.redfin.com/MO/Saint-Louis/8050-Morganford-Rd-63123/home/93784188
1827 Kennett Pl,Saint Louis,63104.0,Single Family Residential,December-20-2024,699000,3543.0,False,197.2904318374259,3.0,1.5,1878.0,3110.0,,38.6150173,-90.2127242,https://www.redfin.com/MO/Saint-Louis/1827-Kennett-Pl-63104/home/62712447
11 Henrietta Pl,Saint Louis,63104.0,Single Family Residential,May-23-2024,280000,2054.0,False,136.31937682570594,3.0,2.5,1891.0,13416.0,,38.6165156,-90.2256875,https://www.redfin.com/MO/Saint-Louis/11-Henrietta-Pl-63104/home/93700466
4146 Concordia Ave,Saint Louis,63116.0,Single Family Residential,March-30-2023,151500,1100.0,False,137.72727272727272,2.0,1.0,1929.0,3611.0,,38.5737588,-90.2688859,https://www.redfin.com/MO/Saint-Louis/4146-Concordia-Ave-63116/home/93770979
4481 Vista Ave,Saint Louis,63110.0,Single Family Residential,March-8-2022,325000,1716.0,False,189.3939393939394,3.0,2.5,1914.0,6273.0,,38.6237876,-90.2619492,https://www.redfin.com/MO/Saint-Louis/4481-Vista-Ave-63110/home/93726085
4025 Tholozan Ave,Saint Louis,63116.0,Single Family Residential,August-28-2025,189900,816.0,False,232.72058823529412,2.0,2.0,1925.0,3746.0,,38.5924329,-90.2551588,https://www.redfin.com/MO/Saint-Louis/4025-Tholozan-Ave-63116/home/93728643
4095 Concordia Ave,Saint Louis,63116.0,Single Family Residential,September-28-2023,120000,1950.0,False,61.53846153846154,3.0,2.0,2023.0,6355.0,,38.5732148,-90.2671426,https://www.redfin.com/MO/Saint-Louis/4095-Concordia-Ave-63116/home/93761979
5046 Enright Ave,Saint Louis,63108.0,Single Family Residential,November-1-2024,45000,1474.0,False,30.529172320217096,0.0,2.0,1898.0,4250.0,,38.6527619,-90.2651627,https://www.redfin.com/MO/Saint-Louis/5046-Enright-Ave-63108/home/93744589
4275 E Ashland Ave,Saint Louis,63115.0,Single Family Residential,April-24-2026,99900,938.0,False,106.50319829424308,2.0,1.0,1892.0,6098.0,,38.6658383,-90.2332426,https://www.redfin.com/MO/Saint-Louis/4275-E-Ashland-Ave-63115/home/93735095
6609 Pennsylvania Ave,Saint Louis,63111.0,Single Family Residential,June-4-2024,184900,1440.0,False,128.40277777777777,3.0,2.5,2007.0,3106.0,,38.5552755,-90.2510665,https://www.redfin.com/MO/Saint-Louis/6609-Pennsylvania-Ave-63111/home/93681591
3743 Palm St,Saint Louis,63107.0,Single Family Residential,January-5-2024,47000,1000.0,False,47.0,4.0,1.5,1922.0,5027.0,,38.6617495,-90.2205713,https://www.redfin.com/MO/Saint-Louis/3743-Palm-St-63107/home/93702207
4315 Oregon Ave,Saint Louis,63111.0,Single Family Residential,April-1-2025,79900,1043.0,False,76.60594439117929,3.0,1.0,1880.0,3337.0,,38.5774292,-90.2347615,https://www.redfin.com/MO/Saint-Louis/4315-Oregon-Ave-63111/home/93705764
3725 Minnesota Ave,Saint Louis,63118.0,Single Family Residential,June-15-2023,39900,1544.0,False,25.8419689119171,2.0,1.5,1883.0,3014.0,,38.5883413,-90.2360848,https://www.redfin.com/MO/Saint-Louis/3725-Minnesota-Ave-63118/home/93695864
4101 W Pine Blvd #2,Saint Louis,63108.0,Single Family Residential,August-2-2024,797000,2261.0,False,352.49889429455993,2.0,3.5,1921.0,1028.0,,38.6390223,-90.2462712,https://www.redfin.com/MO/Saint-Louis/4101-W-Pine-Blvd-63108/unit-2/home/187671438
5716 Minnesota Ave,Saint Louis,63111.0,Single Family Residential,March-31-2023,64900,720.0,False,90.13888888888889,2.0,1.0,1898.0,3528.0,,38.5615958,-90.2446231,https://www.redfin.com/MO/Saint-Louis/5716-Minnesota-Ave-63111/home/93708383
1440 S 18th St,Saint Louis,63104.0,Single Family Residential,April-19-2024,649500,2848.0,False,228.05477528089887,4.0,3.5,1892.0,3559.0,,38.6155717,-90.2112159,https://www.redfin.com/MO/Saint-Louis/1440-S-18th-St-63104/home/93689711
4528 Pennsylvania Ave,Saint Louis,63111.0,Single Family Residential,April-18-2024,259900,2238.0,False,116.13047363717605,4.0,2.5,1914.0,2997.0,,38.5736891,-90.2374526,https://www.redfin.com/MO/Saint-Louis/4528-Pennsylvania-Ave-63111/home/93706541
2633 Wyoming St,Saint Louis,63118.0,Single Family Residential,March-19-2025,249900,1937.0,False,129.01393908105317,3.0,2.5,1894.0,2200.0,,38.59724,-90.2262359,https://www.redfin.com/MO/Saint-Louis/2633-Wyoming-St-63118/home/79160574
2625 Armand Pl,Saint Louis,63104.0,Single Family Residential,April-11-2024,360000,2400.0,False,150.0,3.0,2.5,1915.0,3123.0,,38.6087941,-90.2232591,https://www.redfin.com/MO/Saint-Louis/2625-Armand-Pl-63104/home/93690833
8784 N Broadway N,Saint Louis,63147.0,Single Family Residential,March-4-2022,185000,988.0,False,187.24696356275302,1.0,2.0,1946.0,,,38.7234436,-90.2281487,https://www.redfin.com/MO/Saint-Louis/8784-N-Broadway-63147/home/93766301
4862 San Francisco Ave,Saint Louis,63115.0,Single Family Residential,August-12-2021,38000,1162.0,False,32.70223752151463,2.0,1.0,1922.0,3964.0,,38.6760071,-90.2467684,https://www.redfin.com/MO/Saint-Louis/4862-San-Francisco-Ave-63115/home/93732725
1212 Dolman St,Saint Louis,63104.0,Single Family Residential,December-30-2025,1125000,3835.0,False,293.3507170795306,3.0,3.5,2018.0,6251.0,,38.6178867,-90.2093173,https://www.redfin.com/MO/Saint-Louis/1212-Dolman-St-63104/home/62779976
6214 Fyler Ave,Saint Louis,63139.0,Single Family Residential,September-19-2025,329900,1700.0,False,194.05882352941177,3.0,1.5,1916.0,7562.0,,38.6020951,-90.2950273,https://www.redfin.com/MO/Saint-Louis/6214-Fyler-Ave-63139/home/93743114
3125 Potomac St,Saint Louis,63118.0,Single Family Residential,April-6-2026,199900,1518.0,False,131.68642951251647,4.0,2.5,1912.0,2626.0,,38.5929106,-90.2359282,https://www.redfin.com/MO/Saint-Louis/3125-Potomac-St-63118/home/93695053
4903 Michigan Ave,Saint Louis,63111.0,Single Family Residential,February-5-2025,59900,656.0,False,91.3109756097561,1.0,1.0,1894.0,3676.0,,38.5693451,-90.241231,https://www.redfin.com/MO/Saint-Louis/4903-Michigan-Ave-63111/home/93707643
2129 E Gano Ave,Saint Louis,63107.0,Single Family Residential,October-25-2024,20000,738.0,False,27.100271002710027,3.0,1.0,1960.0,2936.0,,38.671449,-90.2130486,https://www.redfin.com/MO/Saint-Louis/2129-E-Gano-Ave-63107/home/93712548
3834 De Tonty St,Saint Louis,63110.0,Single Family Residential,May-15-2025,314900,2064.0,False,152.56782945736435,3.0,1.5,1913.0,3947.0,,38.6163823,-90.2438442,https://www.redfin.com/MO/Saint-Louis/3834-De-Tonty-St-63110/home/93760785
3716 Carondelet Blvd,Saint Louis,63123.0,Single Family Residential,May-12-2023,143000,768.0,False,186.19791666666666,2.0,1.0,1951.0,7802.0,,38.5545129,-90.27266,https://www.redfin.com/MO/Saint-Louis/3716-Carondelet-Blvd-63123/home/93712317
8117 Reilly Ave,Saint Louis,63111.0,Single Family Residential,December-5-2022,19000,786.0,False,24.173027989821882,2.0,1.0,1897.0,3528.0,,38.541682,-90.2597466,https://www.redfin.com/MO/Saint-Louis/8117-Reilly-Ave-63111/home/93711411
6448 Clifton Hills Dr,Saint Louis,63139.0,Single Family Residential,October-9-2025,185000,790.0,False,234.1772151898734,2.0,1.0,1954.0,5340.0,,38.6130773,-90.2982126,https://www.redfin.com/MO/Saint-Louis/6448-Clifton-Hills-Dr-63139/home/92910361
3916 Nebraska Ave,Saint Louis,63118.0,Single Family Residential,April-3-2026,129000,1696.0,False,76.06132075471699,3.0,2.0,1895.0,3841.0,,38.5846587,-90.2340122,https://www.redfin.com/MO/Saint-Louis/3916-Nebraska-Ave-63118/home/93704270
1422 Mccausland Ave,Saint Louis,63117.0,Single Family Residential,July-5-2023,595000,2478.0,False,240.1129943502825,4.0,1.5,1912.0,25592.0,,38.626158,-90.3068847,https://www.redfin.com/MO/Saint-Louis/1422-McCausland-Ave-63117/home/93740571
5915 Era Ave,Saint Louis,63147.0,Single Family Residential,February-20-2024,32000,1034.0,False,30.947775628626694,1.0,1.0,1939.0,3154.0,,38.7133769,-90.252677,https://www.redfin.com/MO/Saint-Louis/5915-Era-Ave-63147/home/93768913
5909 Hampton Ave,Saint Louis,63109.0,Single Family Residential,December-23-2025,235000,1014.0,False,231.75542406311638,2.0,2.0,1926.0,3833.0,,38.5777579,-90.2943738,https://www.redfin.com/MO/Saint-Louis/5909-Hampton-Ave-63109/home/169429165
8516 Church Rd,Saint Louis,63147.0,Single Family Residential,November-28-2023,86995,2250.0,False,38.66444444444444,4.0,2.0,1908.0,4147.0,,38.7157004,-90.2328432,https://www.redfin.com/MO/Saint-Louis/8516-Church-Rd-63147/home/93754422
8922 Edna St,Saint Louis,63147.0,Single Family Residential,December-15-2023,39900,960.0,False,41.5625,3.0,2.0,1926.0,6517.0,,38.7197687,-90.2361575,https://www.redfin.com/MO/Saint-Louis/8922-Edna-St-63147/home/93731544
3966 Lexington Ave,Saint Louis,63107.0,Single Family Residential,November-29-2022,245000,2186.0,False,112.07685269899359,4.0,1.5,1909.0,4225.0,,38.6631495,-90.2259868,https://www.redfin.com/MO/Saint-Louis/3966-Lexington-Ave-63107/home/93753754
4035 California Ave,Saint Louis,63118.0,Single Family Residential,September-24-2024,43000,1530.0,False,28.104575163398692,3.0,2.0,1891.0,3145.0,,38.5820838,-90.2326773,https://www.redfin.com/MO/Saint-Louis/4035-California-Ave-63118/home/93705019
7617 Ivory Ave,Saint Louis,63111.0,Single Family Residential,April-1-2026,95000,2826.0,False,33.61641896673744,3.0,2.5,1855.0,2401.0,,38.5493349,-90.2615863,https://www.redfin.com/MO/Saint-Louis/7617-Ivory-Ave-63111/home/93673560
4627 Adkins Ave,Saint Louis,63116.0,Single Family Residential,May-30-2023,159000,1155.0,False,137.66233766233765,3.0,1.5,1906.0,3520.0,,38.5823429,-90.2626827,https://www.redfin.com/MO/Saint-Louis/4627-Adkins-Ave-63116/home/93757025
4822 Milentz Ave,Saint Louis,63116.0,Single Family Residential,February-12-2026,274000,1400.0,False,195.71428571428572,3.0,1.5,1923.0,3751.0,,38.5769688,-90.2813556,https://www.redfin.com/MO/Saint-Louis/4822-Milentz-Ave-63116/home/93766469
7426 S Grand Ave,Saint Louis,63111.0,Single Family Residential,March-28-2025,39999,1012.0,False,39.52470355731225,2.0,1.0,1904.0,3672.0,,38.5541775,-90.266814,https://www.redfin.com/MO/Saint-Louis/7426-S-Grand-Ave-63111/home/93710837
5639 Bancroft Ave,Saint Louis,63109.0,Single Family Residential,February-16-2023,284000,1654.0,False,171.7049576783555,3.0,2.0,1947.0,7884.0,,38.5912359,-90.2890822,https://www.redfin.com/MO/Saint-Louis/5639-Bancroft-Ave-63109/home/62757593
1387 Temple Pl,Saint Louis,63112.0,Single Family Residential,June-29-2026,39900,1580.0,False,25.253164556962027,3.0,2.0,1910.0,3332.0,,38.6677783,-90.2791161,https://www.redfin.com/MO/Saint-Louis/1387-Temple-Pl-63112/home/93722303
1111 Forest Ave,Saint Louis,63139.0,Single Family Residential,April-3-2026,227500,1324.0,False,171.82779456193353,3.0,2.0,1907.0,4312.0,,38.6302724,-90.3045985,https://www.redfin.com/MO/Saint-Louis/1111-Forest-Ave-63139/home/93759915
3208 N Dakota St,Saint Louis,63111.0,Single Family Residential,July-22-2025,155000,974.0,False,159.13757700205338,3.0,2.0,1894.0,3071.0,,38.5758139,-90.2413193,https://www.redfin.com/MO/Saint-Louis/3208-N-Dakota-St-63111/home/93705940
4311 Loughborough Ave,Saint Louis,63116.0,Single Family Residential,December-29-2025,234900,1254.0,False,187.32057416267943,3.0,1.0,1923.0,4373.0,,38.5664204,-90.2775137,https://www.redfin.com/MO/Saint-Louis/4311-Loughborough-Ave-63116/home/93771844
5741 Floy Ave,Saint Louis,63136.0,Single Family Residential,January-2-2026,65000,1100.0,False,59.09090909090909,2.0,1.0,1932.0,3541.0,,38.7112158,-90.2554555,https://www.redfin.com/MO/Saint-Louis/5741-Floy-Ave-63136/home/93765383
5254 Maple Ave,Saint Louis,63113.0,Single Family Residential,December-12-2024,65000,1750.0,False,37.142857142857146,4.0,2.5,1893.0,,,38.6596412,-90.2714532,https://www.redfin.com/MO/Saint-Louis/5254-Maple-Ave-63113/home/93710061
4143 Peck,Saint Louis,63107.0,Single Family Residential,February-18-2022,41900,873.0,False,47.99541809851088,2.0,1.0,1921.0,,,38.6656216,-90.212514,https://www.redfin.com/MO/Saint-Louis/4143-Peck-St-63107/home/93702871
5542 Era Ave,Saint Louis,63136.0,Single Family Residential,May-24-2023,50000,1150.0,False,43.47826086956522,2.0,1.0,1954.0,5358.0,,38.7080507,-90.2560357,https://www.redfin.com/MO/Saint-Louis/5542-Era-Ave-63136/home/93770051
1312 Sullivan Ave,Saint Louis,63107.0,Single Family Residential,March-27-2024,250000,2900.0,False,86.20689655172414,3.0,2.5,1906.0,2988.0,,38.6526373,-90.1974117,https://www.redfin.com/MO/Saint-Louis/1312-Sullivan-Ave-63107/home/169424164
5532 Lansdowne Ave,Saint Louis,63109.0,Single Family Residential,January-21-2026,199900,858.0,False,232.983682983683,2.0,1.0,1919.0,3750.0,,38.5887166,-90.2860628,https://www.redfin.com/MO/Saint-Louis/5532-Lansdowne-Ave-63109/home/93752944
3447 Dunnica,Saint Louis,63118.0,Single Family Residential,May-7-2026,249900,2232.0,False,111.96236559139786,4.0,2.5,1912.0,3175.0,,38.5873749,-90.2425043,https://www.redfin.com/MO/Saint-Louis/3447-Dunnica-Ave-63118/home/62700025
4604 Varrelmann Ave,Saint Louis,63116.0,Single Family Residential,April-4-2024,110000,1320.0,False,83.33333333333333,1.0,1.5,1908.0,3332.0,,38.5831029,-90.2626951,https://www.redfin.com/MO/Saint-Louis/4604-Varrelmann-Ave-63116/home/62755287
3119 Iowa Ave,Saint Louis,63118.0,Single Family Residential,April-4-2022,184900,1636.0,False,113.01955990220048,3.0,1.5,1891.0,2526.0,,38.5993102,-90.2279344,https://www.redfin.com/MO/Saint-Louis/3119-Iowa-Ave-63118/home/93697147
2907 Salena St,Saint Louis,63118.0,Single Family Residential,March-10-2025,314900,2806.0,False,112.22380612972202,3.0,3.5,1895.0,3184.0,,38.5992861,-90.218635,https://www.redfin.com/MO/Saint-Louis/2907-Salena-St-63118/home/62747655
2909 Minnesota,Saint Louis,63118.0,Single Family Residential,March-30-2023,225000,2706.0,False,83.14855875831486,4.0,3.0,1892.0,3049.0,,38.6030688,-90.2329861,https://www.redfin.com/MO/Saint-Louis/2909-Minnesota-Ave-63118/home/93692124
1405 Missouri Ave,Saint Louis,63104.0,Single Family Residential,September-20-2024,695000,3192.0,False,217.73182957393485,3.0,2.5,1896.0,3010.0,,38.6177398,-90.2183202,https://www.redfin.com/MO/Saint-Louis/1405-Missouri-Ave-63104/home/93700552
2715 Meramec St,Saint Louis,63118.0,Single Family Residential,June-27-2025,223000,2060.0,False,108.25242718446601,4.0,3.0,1898.0,3158.0,,38.5795244,-90.2313114,https://www.redfin.com/MO/Saint-Louis/2715-Meramec-St-63118/home/93705047
2350 Hickory St,Saint Louis,63104.0,Single Family Residential,May-21-2026,280000,1562.0,False,179.25736235595392,3.0,1.5,1896.0,3650.0,,38.6200994,-90.219173,https://www.redfin.com/MO/Saint-Louis/2350-Hickory-St-63104/home/93700618
4634 Tyrolean Ave,Saint Louis,63116.0,Single Family Residential,May-12-2025,184900,1214.0,False,152.30642504118617,2.0,2.0,1909.0,3615.0,,38.5698308,-90.2834208,https://www.redfin.com/MO/Saint-Louis/4634-Tyrolean-Ave-63116/home/93759225
7204 Emilie St,Saint Louis,63143.0,Single Family Residential,February-27-2023,227400,852.0,False,266.90140845070425,3.0,1.0,1926.0,6168.0,,38.6103694,-90.3125552,https://www.redfin.com/MO/Saint-Louis/7204-Emilie-St-63143/home/93743144
5807 Columbia Ave,Saint Louis,63139.0,Single Family Residential,September-10-2025,429000,1697.0,False,252.79905715969358,5.0,2.0,1952.0,6665.0,,38.6121432,-90.2848872,https://www.redfin.com/MO/Saint-Louis/5807-Columbia-Ave-63139/home/93741629
4735 Tennessee Ave,Saint Louis,63111.0,Single Family Residential,December-28-2023,154900,1932.0,False,80.175983436853,3.0,2.0,1911.0,4134.0,,38.5732163,-90.2491868,https://www.redfin.com/MO/Saint-Louis/4735-Tennessee-Ave-63111/home/93707179
3159 Nebraska Ave,Saint Louis,63118.0,Single Family Residential,March-11-2024,295000,2028.0,False,145.46351084812622,3.0,2.5,1890.0,2875.0,,38.5990061,-90.2315131,https://www.redfin.com/MO/Saint-Louis/3159-Nebraska-Ave-63118/home/93693209
6481 Westway Rd,Saint Louis,63109.0,Single Family Residential,February-24-2026,750000,3500.0,False,214.28571428571428,4.0,3.0,1952.0,14710.0,,38.5805614,-90.3042594,https://www.redfin.com/MO/Saint-Louis/6481-Westway-Rd-63109/home/93782718
3862 Neosho St,Saint Louis,63116.0,Single Family Residential,February-23-2024,35000,572.0,False,61.18881118881119,1.0,1.0,1927.0,2866.0,,38.5789162,-90.2545781,https://www.redfin.com/MO/Saint-Louis/3862-Neosho-St-63116/home/93730902
1225 Mackay Pl,Saint Louis,63104.0,Single Family Residential,January-29-2026,415000,2413.0,False,171.9850808122669,3.0,2.5,1870.0,6037.0,,38.6189289,-90.2165058,https://www.redfin.com/MO/Saint-Louis/1225-Mackay-Pl-63104/home/93701075
5309 Lindenwood Ave,Saint Louis,63109.0,Single Family Residential,September-15-2022,305000,1721.0,False,177.22254503195816,4.0,2.0,1938.0,4008.0,,38.5931756,-90.2814046,https://www.redfin.com/MO/Saint-Louis/5309-Lindenwood-Ave-63109/home/93781770
4610 Leona St,Saint Louis,63116.0,Single Family Residential,April-15-2025,150000,747.0,False,200.80321285140562,2.0,2.0,1948.0,4375.0,,38.5802109,-90.2576287,https://www.redfin.com/MO/Saint-Louis/4610-Leona-St-63116/home/93769637
4317 Enright Ave,Saint Louis,63108.0,Single Family Residential,January-28-2025,245250,1744.0,False,140.625,2.0,2.5,1886.0,6129.0,,38.6491958,-90.2476418,https://www.redfin.com/MO/Saint-Louis/4317-Enright-Ave-63108/home/93739851
7036 Canterbury Ave,Saint Louis,63143.0,Single Family Residential,September-29-2023,135000,1354.0,False,99.70457902511079,0.0,2.0,1906.0,11661.0,,38.607964,-90.3112079,https://www.redfin.com/MO/Saint-Louis/7036-Canterbury-Ave-63143/home/169427487
4717 Hannover Ave,Saint Louis,63123.0,Single Family Residential,September-20-2024,144900,975.0,False,148.6153846153846,2.0,1.0,1913.0,3598.0,,38.5592221,-90.2930995,https://www.redfin.com/MO/Saint-Louis/4717-Hannover-Ave-63123/home/93557427
4946 Margaretta Ave,Saint Louis,63115.0,Single Family Residential,November-1-2024,70000,828.0,False,84.54106280193237,2.0,1.0,1925.0,3546.0,,38.6781966,-90.2489362,https://www.redfin.com/MO/Saint-Louis/4946-Margaretta-Ave-63115/home/93761329
4616 S 38th St,Saint Louis,63116.0,Single Family Residential,July-3-2023,99000,1045.0,False,94.73684210526316,2.0,1.0,1935.0,5554.0,,38.5783755,-90.2518917,https://www.redfin.com/MO/Saint-Louis/4616-S-38th-St-63116/home/93767578
4238 Cleveland Ave,Saint Louis,63110.0,Single Family Residential,May-25-2022,399900,2164.0,False,184.79667282809612,4.0,3.0,1897.0,3441.0,,38.611695,-90.2557878,https://www.redfin.com/MO/Saint-Louis/4238-Cleveland-Ave-63110/home/93746805
6279 Magnolia Ave,Saint Louis,63139.0,Single Family Residential,April-25-2025,249900,1488.0,False,167.94354838709677,3.0,1.0,1905.0,,,38.6122246,-90.2953089,https://www.redfin.com/MO/Saint-Louis/6279-Magnolia-Ave-63139/home/93743624
4069 Germania St,Saint Louis,63116.0,Single Family Residential,February-18-2022,136900,1035.0,False,132.27053140096618,3.0,1.0,1961.0,4356.0,,38.5589551,-90.280479,https://www.redfin.com/MO/Saint-Louis/4069-Germania-St-63116/home/93784832
2706 Osage St,Saint Louis,63118.0,Single Family Residential,March-11-2022,130000,1728.0,False,75.23148148148148,3.0,2.0,1890.0,3311.0,,38.5827009,-90.2303672,https://www.redfin.com/MO/Saint-Louis/2706-Osage-St-63118/home/63473643
8946 Halls Fry,Saint Louis,63147.0,Single Family Residential,May-9-2022,32000,768.0,False,41.666666666666664,2.0,1.0,1942.0,7841.0,,38.7205835,-90.2387014,https://www.redfin.com/MO/Saint-Louis/8946-Halls-Ferry-Rd-63147/home/93731503
3100 Rolla Pl,Saint Louis,63115.0,Single Family Residential,October-19-2022,50000,906.0,False,55.18763796909492,2.0,1.0,1926.0,2439.0,,38.6635819,-90.2324543,https://www.redfin.com/MO/Saint-Louis/3100-Rolla-Pl-63115/home/93736126
5601 Vernon Ave,Saint Louis,63112.0,Single Family Residential,June-28-2024,339900,2651.0,False,128.21576763485479,4.0,3.5,1903.0,3454.0,,38.6597852,-90.2816154,https://www.redfin.com/MO/Saint-Louis/5601-Vernon-Ave-63112/home/93709977
4669 Allemania St,Saint Louis,63116.0,Single Family Residential,December-27-2024,124999,1445.0,False,86.50449826989619,3.0,1.0,1926.0,3311.0,,38.5619372,-90.2889997,https://www.redfin.com/MO/Saint-Louis/4669-Allemania-St-63116/home/93776458
1920 Park Ave,St. Louis,63104.0,Single Family Residential,April-18-2024,398000,1700.0,False,234.11764705882354,2.0,2.0,2007.0,,,38.6171423,-90.2127736,https://www.redfin.com/MO/St-Louis/1920-Park-Ave-63104/home/186511117
7136 Mardel Ave,Saint Louis,63109.0,Single Family Residential,February-17-2023,181000,864.0,False,209.49074074074073,2.0,2.0,1949.0,5998.0,,38.5969645,-90.3172155,https://www.redfin.com/MO/Saint-Louis/7136-Mardel-Ave-63109/home/93748002
3618 Hydraulic Ave,Saint Louis,63116.0,Single Family Residential,April-17-2025,199000,2178.0,False,91.3682277318641,4.0,2.0,1913.0,3437.0,,38.5909627,-90.250138,https://www.redfin.com/MO/Saint-Louis/3618-Hydraulic-Ave-63116/home/93766185
3238 Tennyson,Saint Louis,63143.0,Single Family Residential,December-16-2022,219900,1154.0,False,190.55459272097053,2.0,1.0,1941.0,4487.0,,38.607455,-90.3145969,https://www.redfin.com/MO/Saint-Louis/3238-Tennyson-Sq-63143/home/93751158
853 Nassau Dr,Saint Louis,63147.0,Single Family Residential,January-22-2026,39000,768.0,False,50.78125,2.0,1.0,1949.0,5035.0,,38.7231926,-90.2309704,https://www.redfin.com/MO/Saint-Louis/853-Nassau-Dr-63147/home/93783366
3732 Blair Ave,Saint Louis,63107.0,Single Family Residential,April-19-2023,379000,3000.0,False,126.33333333333333,4.0,3.0,1884.0,805.0,,38.6619086,-90.2005744,https://www.redfin.com/MO/Saint-Louis/3732-Blair-Ave-63107/home/182003302
4247 Cleveland Ave,Saint Louis,63110.0,Single Family Residential,March-3-2026,419900,2444.0,False,171.80851063829786,3.0,2.5,1905.0,3197.0,,38.61215,-90.25589,https://www.redfin.com/MO/Saint-Louis/4247-Cleveland-Ave-63110/home/93746897
5638 Murdoch Ave,Saint Louis,63109.0,Single Family Residential,March-25-2026,435000,1667.0,False,260.94781043791244,3.0,3.0,1924.0,3751.0,,38.5872905,-90.2897535,https://www.redfin.com/MO/Saint-Louis/5638-Murdoch-Ave-63109/home/93753511
3730 Blair Ave,Saint Louis,63107.0,Single Family Residential,April-19-2023,395000,3000.0,False,131.66666666666666,4.0,3.0,1884.0,805.0,,38.6619093,-90.2003987,https://www.redfin.com/MO/Saint-Louis/3730-Blair-Ave-63107/home/93689327
5022 Daggett Ave,Saint Louis,63110.0,Single Family Residential,January-25-2024,329900,1295.0,False,254.74903474903476,2.0,1.5,1921.0,,,38.6163177,-90.2696143,https://www.redfin.com/MO/Saint-Louis/5022-Daggett-Ave-63110/home/185740444
4066 Bates St,Saint Louis,63116.0,Single Family Residential,July-28-2023,275500,2583.0,False,106.65892373209446,3.0,1.5,1910.0,21510.0,,38.5738471,-90.2648441,https://www.redfin.com/MO/Saint-Louis/4066-Bates-St-63116/home/93761900
2247 Gravois Ave,St. Louis,63104.0,Single Family Residential,December-23-2025,420000,1540.0,True,272.72727272727275,1.0,1.0,1921.0,2570.0,,38.6061681,-90.2211469,https://www.redfin.com/MO/St-Louis/2247-Gravois-Ave-63104/home/195989609
6214 Oleatha Ave,Saint Louis,63139.0,Single Family Residential,May-12-2026,280000,1144.0,False,244.75524475524475,2.0,2.0,1935.0,4373.0,,38.5977143,-90.2957963,https://www.redfin.com/MO/Saint-Louis/6214-Oleatha-Ave-63139/home/93775350
4202 E Carter Ave,Saint Louis,63115.0,Single Family Residential,March-28-2025,75000,1296.0,False,57.870370370370374,3.0,1.0,1910.0,3228.0,,38.6744166,-90.2255985,https://www.redfin.com/MO/Saint-Louis/4202-E-Carter-Ave-63115/home/93714767
5234 Morganford Rd,Saint Louis,63116.0,Single Family Residential,May-9-2024,199900,1058.0,False,188.9413988657845,3.0,1.0,1917.0,5083.0,,38.578761,-90.2679633,https://www.redfin.com/MO/Saint-Louis/5234-Morganford-Rd-63116/home/62743619
4471 S Spring Ave,Saint Louis,63116.0,Single Family Residential,June-1-2026,135000,1152.0,False,117.1875,3.0,2.0,1922.0,4260.0,,38.5797494,-90.2528604,https://www.redfin.com/MO/Saint-Louis/4471-S-Spring-Ave-63116/home/93730980
5310 Chouteaus Bluff Dr #5310,Saint Louis,63111.0,Townhouse,June-3-2026,365000,1760.0,False,207.38636363636363,2.0,3.0,2008.0,,,38.5637482,-90.2394832,https://www.redfin.com/MO/Saint-Louis/5310-Chouteaus-Bluff-Dr-63111/home/62750686
6608 Idaho Ave,Saint Louis,63111.0,Single Family Residential,November-5-2025,44900,858.0,False,52.33100233100233,2.0,1.0,1897.0,5441.0,,38.5585808,-90.255944,https://www.redfin.com/MO/Saint-Louis/6608-Idaho-Ave-63111/home/93709882
3808 Primm,Saint Louis,63123.0,Single Family Residential,August-19-2022,122000,845.0,False,144.37869822485206,3.0,1.0,1954.0,9278.0,,38.5539962,-90.2754243,https://www.redfin.com/MO/Saint-Louis/3808-Primm-St-63123/home/93785180
2021 Boardman St,Saint Louis,63110.0,Single Family Residential,December-17-2024,499900,2019.0,False,247.59782070331846,3.0,3.5,1921.0,,,38.61569,-90.270285,https://www.redfin.com/MO/Saint-Louis/2021-Boardman-St-63110/home/173620190
4025 Lexington Ave,Saint Louis,63107.0,Single Family Residential,February-24-2025,165000,1666.0,False,99.03961584633853,3.0,2.0,1913.0,3554.0,,38.663941,-90.226788,https://www.redfin.com/MO/Saint-Louis/4025-Lexington-Ave-63107/home/93753787
1946 Arlington Ave,Saint Louis,63112.0,Single Family Residential,February-23-2024,45000,1280.0,False,35.15625,2.0,1.5,1898.0,6085.0,,38.6706884,-90.2680287,https://www.redfin.com/MO/Saint-Louis/1946-Arlington-Ave-63112/home/93738636
2209 Edwards,Saint Louis,63110.0,Single Family Residential,November-29-2021,145000,528.0,False,274.6212121212121,2.0,1.5,1891.0,3572.0,,38.6145564,-90.275559,https://www.redfin.com/MO/Saint-Louis/2209-Edwards-St-63110/home/93727459
5227 Ulena Ave,Saint Louis,63116.0,Single Family Residential,February-27-2025,162500,1488.0,False,109.20698924731182,3.0,2.0,1859.0,6534.0,,38.5742718,-90.2593453,https://www.redfin.com/MO/Saint-Louis/5227-Ulena-Ave-63116/home/93757700
2609 Macklind Ave,Saint Louis,63139.0,Single Family Residential,March-27-2025,134500,1046.0,False,128.585086042065,2.0,1.0,1909.0,2448.0,,38.6109495,-90.2785765,https://www.redfin.com/MO/Saint-Louis/2609-Macklind-Ave-63139/home/93727445
5809 Pershing Ave,Saint Louis,63112.0,Single Family Residential,May-31-2024,389900,2995.0,False,130.18363939899834,4.0,2.5,1912.0,4447.0,,38.6491811,-90.2905334,https://www.redfin.com/MO/Saint-Louis/5809-Pershing-Ave-63112/home/93762478
7100 Idaho Ave,Saint Louis,63111.0,Single Family Residential,February-13-2025,119900,728.0,False,164.6978021978022,2.0,1.0,1953.0,4848.0,,38.5549496,-90.2600643,https://www.redfin.com/MO/Saint-Louis/7100-Idaho-Ave-63111/home/93710286
3130 Russell Blvd,Saint Louis,63104.0,Single Family Residential,December-30-2025,650000,6511.0,False,99.83105513745969,5.0,2.5,1894.0,11691.0,,38.6121665,-90.2319981,https://www.redfin.com/MO/Saint-Louis/3130-Russell-Blvd-63104/home/93690970
3820 Shaw Blvd,Saint Louis,63110.0,Single Family Residential,May-13-2026,499000,1891.0,False,263.88154415653094,4.0,3.5,1893.0,4020.0,,38.6152671,-90.2434695,https://www.redfin.com/MO/Saint-Louis/3820-Shaw-Blvd-63110/home/93747197
4246 N Taylor Ave,Saint Louis,63115.0,Single Family Residential,March-11-2026,60000,1101.0,False,54.49591280653951,4.0,1.5,1951.0,6534.0,,38.6777224,-90.2347415,https://www.redfin.com/MO/Saint-Louis/4246-N-Taylor-Ave-63115/home/93734461
4112 W Belle Pl,Saint Louis,63108.0,Single Family Residential,April-29-2026,264900,2378.0,False,111.39613120269134,4.0,3.0,1927.0,4338.0,,38.6475189,-90.2416222,https://www.redfin.com/MO/Saint-Louis/4112-W-Belle-Pl-63108/home/93745157
7509 S Grand Ave,Saint Louis,63111.0,Single Family Residential,August-8-2023,140000,1215.0,False,115.22633744855968,3.0,1.0,1905.0,6682.0,,38.5540418,-90.2676607,https://www.redfin.com/MO/Saint-Louis/7509-S-Grand-Ave-63111/home/93712219
4845 Fountain Ave,Saint Louis,63113.0,Single Family Residential,May-8-2023,275000,1628.0,False,168.9189189189189,3.0,3.5,1892.0,4617.0,,38.6557436,-90.2585164,https://www.redfin.com/MO/Saint-Louis/4845-Fountain-Ave-63113/home/93720369
2810 Arlington Ave,Saint Louis,63120.0,Single Family Residential,January-8-2026,25000,968.0,False,25.826446280991735,2.0,1.0,1916.0,,,38.6740606,-90.2655967,https://www.redfin.com/MO/Saint-Louis/2810-Arlington-Ave-63120/home/93738400
2222 S 12th St,Saint Louis,63104.0,Single Family Residential,February-26-2026,495000,4023.0,False,123.04250559284117,4.0,2.5,1872.0,,,38.6059563,-90.2101487,https://www.redfin.com/MO/Saint-Louis/2222-S-12th-St-63104/home/62726504
7826 Carlsbad,Saint Louis,63123.0,Single Family Residential,March-18-2022,162000,864.0,False,187.5,3.0,1.0,1952.0,6795.0,,38.5596648,-90.2863646,https://www.redfin.com/MO/Saint-Louis/7826-Carlsbad-Dr-63123/home/64336757
4525 Page Blvd,Saint Louis,63113.0,Single Family Residential,May-18-2023,89000,1088.0,False,81.80147058823529,3.0,2.0,1889.0,3768.0,,38.6562707,-90.2502972,https://www.redfin.com/MO/Saint-Louis/4525-Page-Blvd-63113/home/66080626
4985 Loughborough Ave,Saint Louis,63109.0,Single Family Residential,February-25-2022,179900,1008.0,False,178.47222222222223,2.0,1.0,1925.0,3485.0,,38.5716263,-90.2874378,https://www.redfin.com/MO/Saint-Louis/4985-Loughborough-Ave-63109/home/62748010
6922 Magnolia Ave,Saint Louis,63143.0,Single Family Residential,August-5-2024,99900,851.0,False,117.3913043478261,2.0,1.0,1900.0,3341.0,,38.6138337,-90.3078,https://www.redfin.com/MO/Saint-Louis/6922-Magnolia-Ave-63143/home/93743673
1347 Graham St,Saint Louis,63139.0,Single Family Residential,May-18-2026,182500,1000.0,False,182.5,2.0,1.5,1910.0,5536.0,,38.6257625,-90.2915992,https://www.redfin.com/MO/Saint-Louis/1347-Graham-St-63139/home/62738008
4413 Olive St,Saint Louis,63108.0,Single Family Residential,May-26-2022,380000,2240.0,False,169.64285714285714,4.0,3.5,1897.0,5184.0,,38.6472855,-90.2523413,https://www.redfin.com/MO/Saint-Louis/4413-Olive-St-63108/home/93739919
3208 Henrietta St,Saint Louis,63104.0,Single Family Residential,October-10-2025,410000,2266.0,False,180.93556928508386,4.0,2.5,2018.0,3999.0,,38.6169458,-90.2326683,https://www.redfin.com/MO/Saint-Louis/3208-Henrietta-St-63104/home/169424254
5730 Clemens Ave,Saint Louis,63112.0,Single Family Residential,December-30-2024,325000,1784.0,False,182.1748878923767,3.0,2.5,1921.0,8750.0,,38.6561329,-90.285736,https://www.redfin.com/MO/Saint-Louis/5730-Clemens-Ave-63112/home/93672371
3649 Wisconsin Ave,Saint Louis,63118.0,Single Family Residential,April-9-2024,218500,1632.0,False,133.88480392156862,2.0,1.5,1921.0,2472.0,,38.5877111,-90.2222613,https://www.redfin.com/MO/Saint-Louis/3649-Wisconsin-Ave-63118/home/103204410
2034 Ann Ave,Saint Louis,63104.0,Single Family Residential,April-3-2023,375000,2092.0,False,179.25430210325047,3.0,2.5,2022.0,5998.0,,38.6083896,-90.2166296,https://www.redfin.com/MO/Saint-Louis/2034-Ann-Ave-63104/home/93691275
2115 Cherokee St,Saint Louis,63118.0,Single Family Residential,May-26-2023,248000,1300.0,False,190.76923076923077,2.0,1.5,1893.0,3123.0,,38.5930637,-90.2226447,https://www.redfin.com/MO/Saint-Louis/2115-Cherokee-St-63118/home/93694018
1113 Washington Ave #607,Saint Louis,63101.0,Single Family Residential,November-5-2025,135000,1279.0,False,105.5512118842846,2.0,1.0,1896.0,,,38.6318771,-90.1956351,https://www.redfin.com/MO/Saint-Louis/1113-Washington-Ave-63101/unit-607/home/93676722
6928 Minnesota Ave,Saint Louis,63111.0,Single Family Residential,December-30-2022,299999,3100.0,False,96.77387096774194,4.0,3.5,1879.0,2265.0,,38.5530234,-90.254698,https://www.redfin.com/MO/Saint-Louis/6928-Minnesota-Ave-63111/home/93710123
2326 Park Ave,Saint Louis,63104.0,Single Family Residential,October-31-2024,599900,4796.0,False,125.08340283569642,4.0,2.5,1881.0,7122.0,,38.6178467,-90.2190838,https://www.redfin.com/MO/Saint-Louis/2326-Park-Ave-63104/home/93700520
5530 Columbia Ave,Saint Louis,63139.0,Single Family Residential,January-30-2023,190000,1632.0,False,116.42156862745098,3.0,2.0,1921.0,91.0,,38.6114477,-90.2813923,https://www.redfin.com/MO/Saint-Louis/5530-Columbia-Ave-63139/home/93727282
4615 Maryland Ave,Saint Louis,63108.0,Single Family Residential,May-10-2023,795000,2968.0,False,267.85714285714283,4.0,3.5,1899.0,5963.0,,38.6445934,-90.2595647,https://www.redfin.com/MO/Saint-Louis/4615-Maryland-Ave-63108/home/93724743
2806 Keokuk St,Saint Louis,63118.0,Single Family Residential,December-19-2025,144900,963.0,False,150.46728971962617,3.0,1.0,1911.0,3123.0,,38.5847726,-90.2323733,https://www.redfin.com/MO/Saint-Louis/2806-Keokuk-St-63118/home/93704247
1925 Pestalozzi Ave,Saint Louis,63118.0,Single Family Residential,October-1-2024,435000,2880.0,False,151.04166666666666,3.0,3.5,2024.0,9592.0,,38.599587,-90.218084,https://www.redfin.com/MO/Saint-Louis/1925-Pestalozzi-St-63118/home/93691642
8738 Partridge Ave,Saint Louis,63147.0,Single Family Residential,June-11-2026,82900,2208.0,False,37.54528985507246,3.0,2.0,1934.0,5401.0,,38.7170782,-90.2396933,https://www.redfin.com/MO/Saint-Louis/8738-Partridge-Ave-63147/home/93779453
3939 Itaska St,Saint Louis,63116.0,Single Family Residential,April-27-2026,179000,1020.0,False,175.49019607843138,2.0,1.0,1950.0,4373.0,,38.5786887,-90.257734,https://www.redfin.com/MO/Saint-Louis/3939-Itaska-St-63116/home/93769642
2721 Watson,Saint Louis,63139.0,Single Family Residential,September-30-2022,176000,1056.0,False,166.66666666666666,4.0,1.0,1936.0,4574.0,,38.6103421,-90.2889778,https://www.redfin.com/MO/Saint-Louis/2721-Watson-Rd-63139/home/93773015
2139 Sidney St,Saint Louis,63104.0,Single Family Residential,May-15-2024,379900,3656.0,False,103.91137855579869,3.0,3.0,1886.0,2980.0,,38.6045774,-90.220058,https://www.redfin.com/MO/Saint-Louis/2139-Sidney-St-63104/home/103204375
4762 Plover Ave,Saint Louis,63120.0,Single Family Residential,January-29-2024,48000,1185.0,False,40.50632911392405,2.0,2.0,1922.0,3729.0,,38.6947664,-90.2571175,https://www.redfin.com/MO/Saint-Louis/4762-Plover-Ave-63120/home/93761810
10211 Lookaway Dr,Saint Louis,63137.0,Single Family Residential,June-27-2025,232500,3142.0,False,73.99745385105028,3.0,2.5,1963.0,14000.0,,38.7504188,-90.1956554,https://www.redfin.com/MO/Saint-Louis/10211-Lookaway-Dr-63137/home/93779439
948 Harlan Ave,Saint Louis,63147.0,Single Family Residential,November-6-2025,20000,928.0,False,21.551724137931036,2.0,1.0,1907.0,4443.0,,38.7221726,-90.2335996,https://www.redfin.com/MO/Saint-Louis/948-Harlan-Ave-63147/home/93759860
3325 Park Ave,Saint Louis,63104.0,Single Family Residential,April-29-2022,309000,1450.0,False,213.10344827586206,2.0,2.0,1921.0,,,38.6203173,-90.2337977,https://www.redfin.com/MO/Saint-Louis/3325-Park-Ave-63104/home/93700900
2862 Indiana Ave,Saint Louis,63118.0,Single Family Residential,May-27-2022,394900,2000.0,False,197.45,3.0,2.5,1921.0,,,38.6009329,-90.2224054,https://www.redfin.com/MO/Saint-Louis/2862-Indiana-Ave-63118/home/143286489
6201 Winona Ave,Saint Louis,63109.0,Single Family Residential,April-15-2025,415000,1965.0,False,211.19592875318065,4.0,3.0,1937.0,4648.0,,38.592944,-90.2964555,https://www.redfin.com/MO/Saint-Louis/6201-Winona-Ave-63109/home/93782126
2300 Saint Louis Ave,Saint Louis,63106.0,Single Family Residential,December-9-2025,149900,3456.0,False,43.373842592592595,0.0,2.0,1896.0,5218.0,,38.6519406,-90.2074183,https://www.redfin.com/MO/Saint-Louis/2300-Saint-Louis-Ave-63106/home/93687965
4486 Laclede Ave #4486,Saint Louis,63108.0,Single Family Residential,September-30-2025,299000,1440.0,False,207.63888888888889,3.0,1.5,1905.0,,,38.6392107,-90.2584541,https://www.redfin.com/MO/Saint-Louis/4486-Laclede-Ave-63108/unit-4486/home/93671100
3204 Liberty St,Saint Louis,63111.0,Single Family Residential,March-12-2025,129900,918.0,False,141.5032679738562,2.0,1.0,1925.0,3838.0,,38.5703333,-90.2422109,https://www.redfin.com/MO/Saint-Louis/3204-Liberty-St-63111/home/93707108
5339 Shaw Ave,Saint Louis,63110.0,Single Family Residential,April-5-2022,399000,2016.0,False,197.91666666666666,3.0,2.5,1973.0,,,38.6184892,-90.2760764,https://www.redfin.com/MO/Saint-Louis/5339-Shaw-Ave-63110/home/93726863
6165 Laura Ave,Saint Louis,63136.0,Single Family Residential,November-30-2021,20000,864.0,False,23.14814814814815,2.0,1.0,1937.0,3485.0,,38.7021069,-90.2620979,https://www.redfin.com/MO/Saint-Louis/6165-Laura-Ave-63136/home/93762305
4246 Botanical Ave,Saint Louis,63110.0,Single Family Residential,April-28-2023,269000,1906.0,False,141.13326337880378,2.0,1.5,1922.0,2235.0,,38.6099556,-90.2562884,https://www.redfin.com/MO/Saint-Louis/4246-Botanical-Ave-63110/home/93672487
6124 Marwinette Ave,Saint Louis,63116.0,Single Family Residential,February-14-2022,425000,3195.0,False,133.0203442879499,4.0,3.5,1936.0,10123.0,,38.568677,-90.2670475,https://www.redfin.com/MO/Saint-Louis/6124-Marwinette-Ave-63116/home/93773762
3522 Wisconsin Ave,Saint Louis,63118.0,Single Family Residential,September-13-2024,210000,1350.0,False,155.55555555555554,2.0,1.5,1891.0,2091.0,,38.5901879,-90.2213061,https://www.redfin.com/MO/Saint-Louis/3522-Wisconsin-Ave-63118/home/62690727
814 Wall St,Saint Louis,63147.0,Single Family Residential,December-16-2022,99000,1218.0,False,81.2807881773399,3.0,1.0,1929.0,2919.0,,38.7191522,-90.2298567,https://www.redfin.com/MO/Saint-Louis/814-Wall-St-63147/home/93761143
4068 Wilmington Ave,Saint Louis,63116.0,Single Family Residential,June-4-2026,200000,901.0,False,221.97558268590456,3.0,1.0,1922.0,4051.0,,38.5716093,-90.2670534,https://www.redfin.com/MO/Saint-Louis/4068-Wilmington-Ave-63116/home/93770834
2936 Greer Ave,Saint Louis,63107.0,Single Family Residential,April-28-2026,179900,3068.0,False,58.63754889178618,2.0,2.5,1903.0,5018.0,,38.6563265,-90.2171205,https://www.redfin.com/MO/Saint-Louis/2936-Greer-Ave-63107/home/93754589
2131 Mccausland Ave,Saint Louis,63143.0,Single Family Residential,November-7-2023,449000,2428.0,False,184.92586490939044,5.0,3.0,1910.0,8634.0,,38.6190013,-90.3090695,https://www.redfin.com/MO/Saint-Louis/2131-McCausland-Ave-63143/home/93744169
4632 Maryland Ave,Saint Louis,63108.0,Single Family Residential,November-18-2021,825000,4550.0,False,181.3186813186813,5.0,3.5,1902.0,8843.0,,38.6442769,-90.2606289,https://www.redfin.com/MO/Saint-Louis/4632-Maryland-Ave-63108/home/93724535
105 River City Blvd,Saint Louis,63125.0,Single Family Residential,February-3-2022,99000,816.0,False,121.32352941176471,2.0,1.0,1955.0,6360.0,,38.5518828,-90.2719802,https://www.redfin.com/MO/Saint-Louis/105-River-City-Blvd-63125/home/93712194
6737 Odell St,Saint Louis,63139.0,Single Family Residential,May-7-2026,220000,1367.0,False,160.93635698610095,3.0,2.0,1923.0,5314.0,,38.6105818,-90.3042391,https://www.redfin.com/MO/Saint-Louis/6737-Odell-St-63139/home/93743861
2916 Hereford St,Saint Louis,63139.0,Single Family Residential,February-3-2023,229000,1173.0,False,195.22591645353793,3.0,3.0,1980.0,4643.0,,38.6060385,-90.2728971,https://www.redfin.com/MO/Saint-Louis/2916-Hereford-St-63139/home/93727841
5950 Lalite Ave,Saint Louis,63136.0,Single Family Residential,July-17-2023,24900,1120.0,False,22.232142857142858,2.0,2.0,1911.0,4591.0,,38.7019396,-90.2579029,https://www.redfin.com/MO/Saint-Louis/5950-Lalite-Ave-63136/home/93758755
3615 Nebraska Ave,Saint Louis,63118.0,Single Family Residential,December-12-2025,175900,1546.0,False,113.77749029754204,3.0,1.5,1914.0,3811.0,,38.5901156,-90.233419,https://www.redfin.com/MO/Saint-Louis/3615-Nebraska-Ave-63118/home/93696375
3220 Itaska St,Saint Louis,63111.0,Single Family Residential,March-17-2025,159900,1217.0,False,131.3886606409203,2.0,1.0,1909.0,6882.0,,38.5713225,-90.2425956,https://www.redfin.com/MO/Saint-Louis/3220-Itaska-St-63111/home/62766259
4431 Vista Ave,Saint Louis,63110.0,Single Family Residential,December-13-2024,549000,1904.0,False,288.34033613445376,3.0,2.5,1921.0,2962.0,,38.6239553,-90.2602255,https://www.redfin.com/MO/Saint-Louis/4431-Vista-Ave-63110/home/93726100
3004 Indiana Ave,Saint Louis,63118.0,Single Family Residential,February-23-2024,384000,2417.0,False,158.87463798096815,3.0,3.5,1891.0,3485.0,,38.5994086,-90.2227668,https://www.redfin.com/MO/Saint-Louis/3004-Indiana-Ave-63118/home/62756058
4747 Ray Ave,Saint Louis,63116.0,Single Family Residential,April-30-2024,114900,1181.0,False,97.29043183742591,2.0,1.5,1922.0,4278.0,,38.5794391,-90.2626334,https://www.redfin.com/MO/Saint-Louis/4747-Ray-Ave-63116/home/93768345
423 Christian Ave,Saint Louis,63147.0,Single Family Residential,January-31-2023,49900,800.0,False,62.375,3.0,1.0,1924.0,3389.0,,38.7080601,-90.2293422,https://www.redfin.com/MO/Saint-Louis/423-Christian-Ave-63147/home/93754312
1721 Lafayette Ave,Saint Louis,63104.0,Single Family Residential,July-30-2024,499000,3511.0,False,142.12475078325264,3.0,3.5,1890.0,2949.0,,38.6139717,-90.2113694,https://www.redfin.com/MO/Saint-Louis/1721-Lafayette-Ave-63104/home/93689721
5341 Goodfellow Blvd,Saint Louis,63136.0,Single Family Residential,April-16-2026,60000,2848.0,False,21.06741573033708,4.0,2.5,1879.0,10998.0,,38.7065201,-90.2601512,https://www.redfin.com/MO/Saint-Louis/5341-Goodfellow-Blvd-63136/home/93745621
3017 Osage St,Saint Louis,63118.0,Single Family Residential,May-30-2023,115000,957.0,False,120.16718913270637,2.0,2.0,1896.0,3193.0,,38.5838184,-90.2363326,https://www.redfin.com/MO/Saint-Louis/3017-Osage-St-63118/home/93704370
3938 Nebraska Ave,Saint Louis,63118.0,Single Family Residential,April-4-2025,180000,1818.0,False,99.00990099009901,3.0,2.5,1895.0,3119.0,,38.5840434,-90.2341588,https://www.redfin.com/MO/Saint-Louis/3938-Nebraska-Ave-63118/home/93704261
3744 Illinois Ave,Saint Louis,63118.0,Single Family Residential,September-20-2024,130000,1117.0,False,116.38316920322292,2.0,1.0,1884.0,4138.0,,38.5861537,-90.2231223,https://www.redfin.com/MO/Saint-Louis/3744-Illinois-Ave-63118/home/93696920
6659 Pernod Ave,Saint Louis,63139.0,Single Family Residential,April-21-2025,389000,2150.0,False,180.93023255813952,3.0,1.5,1941.0,6007.0,,38.598319,-90.3058127,https://www.redfin.com/MO/Saint-Louis/6659-Pernod-Ave-63139/home/93778944
4141 Bowen St,Saint Louis,63116.0,Single Family Residential,May-29-2026,239900,1300.0,False,184.53846153846155,3.0,2.0,1926.0,3210.0,,38.5717684,-90.2699544,https://www.redfin.com/MO/Saint-Louis/4141-Bowen-St-63116/home/93776391
2219 Edwards St,Saint Louis,63110.0,Single Family Residential,September-10-2021,229900,1100.0,False,209.0,2.0,2.0,1891.0,3833.0,,38.6142646,-90.2756025,https://www.redfin.com/MO/Saint-Louis/2219-Edwards-St-63110/home/93727463
4614 Varrelmann Ave,Saint Louis,63116.0,Single Family Residential,August-5-2024,139900,1528.0,False,91.55759162303664,3.0,1.5,1906.0,3223.0,,38.5828515,-90.2629052,https://www.redfin.com/MO/Saint-Louis/4614-Varrelmann-Ave-63116/home/93757033
5307 Ruskin Ave,Saint Louis,63115.0,Single Family Residential,December-9-2021,55000,1365.0,False,40.29304029304029,3.0,2.5,2002.0,6360.0,,38.6907783,-90.2432109,https://www.redfin.com/MO/Saint-Louis/5307-Ruskin-Ave-63115/home/93684066
4355 Osceola St,Saint Louis,63116.0,Single Family Residential,May-27-2026,225000,2340.0,False,96.15384615384616,2.0,3.0,1924.0,4199.0,,38.5889455,-90.2666762,https://www.redfin.com/MO/Saint-Louis/4355-Osceola-St-63116/home/93772008
5436 Holly Hills Ave,Saint Louis,63109.0,Single Family Residential,December-22-2022,179900,1066.0,False,168.76172607879926,3.0,1.0,1927.0,5445.0,,38.5772153,-90.2877272,https://www.redfin.com/MO/Saint-Louis/5436-Holly-Hills-Ave-63109/home/93771509
6911 Wise Ave,Saint Louis,63139.0,Single Family Residential,December-9-2022,405000,1748.0,False,231.6933638443936,3.0,2.5,2020.0,3711.0,,38.6294328,-90.3049667,https://www.redfin.com/MO/Saint-Louis/6911-Wise-Ave-63139/home/62725421
4429 Vista Ave,Saint Louis,63110.0,Single Family Residential,December-3-2024,549000,1904.0,False,288.34033613445376,3.0,2.5,1921.0,2962.0,,38.624013,-90.2601288,https://www.redfin.com/MO/Saint-Louis/4429-Vista-Ave-63110/home/93726101
3022 Wyoming St,Saint Louis,63118.0,Single Family Residential,May-2-2024,349900,2808.0,False,124.60826210826211,3.0,2.5,1858.0,6434.0,,38.5976152,-90.2337341,https://www.redfin.com/MO/Saint-Louis/3022-Wyoming-St-63118/home/93693610
4521 Tholozan Ave,Saint Louis,63116.0,Single Family Residential,December-22-2025,195000,892.0,False,218.60986547085201,2.0,1.0,1936.0,3811.0,,38.5938782,-90.2687283,https://www.redfin.com/MO/Saint-Louis/4521-Tholozan-Ave-63116/home/93756351
4126 Page Blvd Blvd,Saint Louis,63113.0,Single Family Residential,June-20-2023,155000,1816.0,False,85.35242290748899,5.0,3.0,1891.0,4050.0,,38.6510397,-90.2396567,https://www.redfin.com/MO/Saint-Louis/4126-Page-Blvd-63113/home/93719234
1136 Washington Ave #501,Saint Louis,63101.0,Single Family Residential,February-2-2024,222000,1808.0,False,122.78761061946902,2.0,2.0,1898.0,,,38.631102,-90.1953028,https://www.redfin.com/MO/Saint-Louis/1132-Washington-Ave-63101/unit-501/home/93677570
2924 Mcnair Ave,Saint Louis,63118.0,Single Family Residential,January-4-2024,385000,3073.0,False,125.28473804100227,3.0,3.0,1890.0,3101.0,,38.5992401,-90.2204535,https://www.redfin.com/MO/Saint-Louis/2924-McNair-Ave-63118/home/143286569
1552 Switzer Ave,Saint Louis,63147.0,Single Family Residential,December-23-2024,57200,1665.0,False,34.354354354354356,4.0,1.0,1939.0,3751.0,,38.714854,-90.2438541,https://www.redfin.com/MO/Saint-Louis/1552-Switzer-Ave-63147/home/93732283
4728 Hammett Pl,Saint Louis,63113.0,Single Family Residential,February-24-2023,45000,1554.0,False,28.957528957528957,3.0,2.0,1891.0,9583.0,,38.6640524,-90.2520079,https://www.redfin.com/MO/Saint-Louis/4728-Hammett-Pl-63113/home/64245033
1844 Russell Blvd,Saint Louis,63104.0,Single Family Residential,May-24-2024,239900,1836.0,False,130.6644880174292,3.0,1.5,1913.0,6168.0,,38.6088016,-90.2146806,https://www.redfin.com/MO/Saint-Louis/1844-Russell-Blvd-63104/home/63123378
2016 Schaeffer Pl,Saint Louis,63139.0,Single Family Residential,February-9-2023,69000,864.0,False,79.86111111111111,2.0,1.0,1923.0,6970.0,,38.6203,-90.3001674,https://www.redfin.com/MO/Saint-Louis/2016-Schaeffer-Pl-63139/home/93741312
4532 Ray Ave,Saint Louis,63116.0,Single Family Residential,June-13-2025,160000,850.0,False,188.23529411764707,2.0,1.0,1915.0,3220.0,,38.5828138,-90.2592166,https://www.redfin.com/MO/Saint-Louis/4532-Ray-Ave-63116/home/93755927
4451 Washington Blvd,Saint Louis,63108.0,Single Family Residential,July-21-2025,184900,2450.0,False,75.46938775510205,5.0,1.5,1898.0,5214.0,,38.6489659,-90.2526944,https://www.redfin.com/MO/Saint-Louis/4451-Washington-Blvd-63108/home/93720058
3555 S Spring Ave,Saint Louis,63116.0,Single Family Residential,February-23-2023,269900,1657.0,False,162.88473144236573,3.0,2.5,1914.0,4478.0,,38.5925993,-90.2479652,https://www.redfin.com/MO/Saint-Louis/3555-S-Spring-Ave-63116/home/93730508
5301 Loughborough Ave,Saint Louis,63109.0,Single Family Residential,March-1-2024,415000,2700.0,False,153.7037037037037,4.0,2.5,1937.0,5767.0,,38.5729624,-90.2896943,https://www.redfin.com/MO/Saint-Louis/5301-Loughborough-Ave-63109/home/93774361
3521 Kingsland Ct,Saint Louis,63111.0,Single Family Residential,November-22-2024,199900,1600.0,False,124.9375,3.0,1.5,1914.0,2966.0,,38.5801882,-90.2436024,https://www.redfin.com/MO/Saint-Louis/3521-Kingsland-Ct-63111/home/93705438
6012 Clemens Ave,Saint Louis,63112.0,Single Family Residential,April-4-2025,300000,2296.0,False,130.66202090592336,5.0,3.5,1911.0,8468.0,,38.6569821,-90.2934065,https://www.redfin.com/MO/Saint-Louis/6012-Clemens-Ave-63112/home/93739280
8553 Mora Ln,Saint Louis,63147.0,Single Family Residential,January-24-2025,39900,1084.0,False,36.808118081180815,2.0,1.0,1936.0,9413.0,,38.7157492,-90.2490414,https://www.redfin.com/MO/Saint-Louis/8553-Mora-Ln-63147/home/93732436
3830 Ohio Ave,Saint Louis,63118.0,Single Family Residential,January-23-2024,64900,1028.0,False,63.13229571984436,2.0,1.0,1895.0,3158.0,,38.5854883,-90.2291748,https://www.redfin.com/MO/Saint-Louis/3830-Ohio-Ave-63118/home/93696557
5335 Shaw Ave,Saint Louis,63110.0,Single Family Residential,March-4-2026,159900,1012.0,False,158.00395256916997,2.0,1.0,1890.0,3088.0,,38.6184883,-90.2758941,https://www.redfin.com/MO/Saint-Louis/5335-Shaw-Ave-63110/home/93726864
3436 Minnesota Ave,Saint Louis,63118.0,Single Family Residential,February-1-2024,59000,1185.0,False,49.78902953586498,2.0,1.0,1897.0,3049.0,,38.5933518,-90.2346005,https://www.redfin.com/MO/Saint-Louis/3436-Minnesota-Ave-63118/home/93694953
2614 Bennett Ct,Saint Louis,63139.0,Single Family Residential,January-29-2024,325000,2200.0,False,147.72727272727272,4.0,2.0,1957.0,9448.0,,38.6134437,-90.2983913,https://www.redfin.com/MO/Saint-Louis/2614-Bennett-Ct-63139/home/62732436
4740 Alaska Ave,Saint Louis,63111.0,Single Family Residential,January-25-2022,70000,843.0,False,83.03677342823251,1.0,1.0,1910.0,2831.0,,38.5718068,-90.2467408,https://www.redfin.com/MO/Saint-Louis/4740-Alaska-Ave-63111/home/93707280
4648 S Compton Ave,Saint Louis,63111.0,Single Family Residential,March-30-2026,275000,1502.0,False,183.08921438082555,4.0,3.0,1902.0,3123.0,,38.5718208,-90.2413827,https://www.redfin.com/MO/Saint-Louis/4648-S-Compton-Ave-63111/home/62733822
5319 N Kingshighway Blvd,Saint Louis,63115.0,Single Family Residential,September-16-2024,74900,1550.0,False,48.32258064516129,3.0,1.0,1919.0,6312.0,,38.6890437,-90.2412534,https://www.redfin.com/MO/Saint-Louis/5319-N-Kingshighway-Blvd-63115/home/93752088
5124 Lotus Ave,Saint Louis,63113.0,Single Family Residential,April-3-2025,30000,960.0,False,31.25,3.0,1.0,1961.0,4439.0,,38.6674804,-90.2622625,https://www.redfin.com/MO/Saint-Louis/5124-Lotus-Ave-63113/home/93738014
4607 Lee Ave,Saint Louis,63115.0,Single Family Residential,March-6-2026,25000,912.0,False,27.412280701754387,3.0,1.5,1963.0,4438.0,,38.6766405,-90.238095,https://www.redfin.com/MO/Saint-Louis/4607-Lee-Ave-63115/home/93734198
4239 Neosho St,Saint Louis,63116.0,Single Family Residential,July-19-2024,164500,1050.0,False,156.66666666666666,2.0,1.0,1927.0,3746.0,,38.5846431,-90.2650683,https://www.redfin.com/MO/Saint-Louis/4239-Neosho-St-63116/home/93772457
3720 Comstock Dr,Saint Louis,63125.0,Single Family Residential,April-23-2026,275000,1950.0,False,141.02564102564102,3.0,2.0,1957.0,6094.0,,38.5510261,-90.2762218,https://www.redfin.com/MO/Saint-Louis/3720-Comstock-Dr-63125/home/93712282
6046 Mardel Ave,Saint Louis,63109.0,Single Family Residential,December-16-2024,554900,2262.0,False,245.31388152077807,3.0,2.5,2024.0,4439.0,,38.5950648,-90.295274,https://www.redfin.com/MO/Saint-Louis/6046-Mardel-Ave-63109/home/93785420
1547 Hornsby Ave,Saint Louis,63147.0,Single Family Residential,March-31-2025,149900,1600.0,False,93.6875,3.0,2.0,1948.0,5375.0,,38.7195475,-90.2425353,https://www.redfin.com/MO/Saint-Louis/1547-Hornsby-Ave-63147/home/93731773
3546 Bamberger Ave,Saint Louis,63116.0,Single Family Residential,November-24-2025,219900,1269.0,False,173.28605200945626,2.0,2.0,1915.0,4996.0,,38.5929203,-90.2487496,https://www.redfin.com/MO/Saint-Louis/3546-Bamberger-Ave-63116/home/93730427
3860 Blow,Saint Louis,63116.0,Single Family Residential,September-29-2021,299900,1934.0,False,155.0672182006205,3.0,2.5,2007.0,3354.0,,38.5603359,-90.2704916,https://www.redfin.com/MO/Saint-Louis/3860-Blow-St-63116/home/93676866
2035 Ann Ave,Saint Louis,63104.0,Single Family Residential,March-26-2024,375000,2772.0,False,135.28138528138527,3.0,2.5,1901.0,3550.0,,38.6088255,-90.2165078,https://www.redfin.com/MO/Saint-Louis/2035-Ann-Ave-63104/home/90358855
2739 Allen Ave,Saint Louis,63104.0,Single Family Residential,June-4-2025,290900,1464.0,False,198.70218579234972,2.0,2.0,1873.0,6251.0,,38.6127856,-90.2252183,https://www.redfin.com/MO/Saint-Louis/2739-Allen-Ave-63104/home/103203640
3458 Utah St,Saint Louis,63118.0,Single Family Residential,February-16-2023,500000,3672.0,False,136.16557734204792,4.0,2.5,1908.0,3833.0,,38.5968216,-90.2409763,https://www.redfin.com/MO/Saint-Louis/3458-Utah-St-63118/home/93683402
5736 Goethe Ave,Saint Louis,63109.0,Single Family Residential,April-16-2025,350000,1899.0,False,184.30753027909427,3.0,2.0,1937.0,4173.0,,38.5804371,-90.2927666,https://www.redfin.com/MO/Saint-Louis/5736-Goethe-Ave-63109/home/62757055
1931 Arsenal St,Saint Louis,63118.0,Townhouse,November-14-2025,250000,2284.0,False,109.45709281961472,3.0,2.5,1885.0,1664.0,,38.5976125,-90.2187229,https://www.redfin.com/MO/Saint-Louis/1931-Arsenal-St-63118/home/93684336
4244 Olive St,Saint Louis,63108.0,Single Family Residential,May-22-2023,499900,2577.0,False,193.98525417151725,3.0,2.5,2004.0,3659.0,,38.64477,-90.2477912,https://www.redfin.com/MO/Saint-Louis/4244-Olive-St-63108/home/62713382
3824 Berger Ave,Saint Louis,63109.0,Single Family Residential,September-30-2022,162000,895.0,False,181.00558659217876,2.0,1.0,1953.0,6186.0,,38.5955943,-90.3098406,https://www.redfin.com/MO/Saint-Louis/3824-Berger-Ave-63109/home/93779112
5847 Hampton Ave,Saint Louis,63109.0,Single Family Residential,June-30-2023,219000,1974.0,False,110.94224924012158,2.0,2.0,1927.0,3777.0,,38.5785521,-90.2942143,https://www.redfin.com/MO/Saint-Louis/5847-Hampton-Ave-63109/home/93777692
4930 Botanical Ave,Saint Louis,63110.0,Single Family Residential,May-14-2024,220000,1086.0,False,202.57826887661142,3.0,1.0,1904.0,5332.0,,38.6112502,-90.269223,https://www.redfin.com/MO/Saint-Louis/4930-Botanical-Ave-63110/home/93744339
5608 Murdoch Ave,Saint Louis,63109.0,Single Family Residential,November-7-2023,215000,1056.0,False,203.59848484848484,2.0,1.0,1939.0,3589.0,,38.5871767,-90.2887096,https://www.redfin.com/MO/Saint-Louis/5608-Murdoch-Ave-63109/home/93753513
5110 Southwest Ave,Saint Louis,63110.0,Single Family Residential,March-27-2025,369900,1638.0,False,225.82417582417582,3.0,2.5,1910.0,3563.0,,38.6113919,-90.271956,https://www.redfin.com/MO/Saint-Louis/5110-Southwest-Ave-63110/home/93743955
4935 Robert Ave,Saint Louis,63109.0,Single Family Residential,May-28-2025,215000,884.0,False,243.21266968325793,2.0,1.0,1925.0,4199.0,,38.5685393,-90.2894114,https://www.redfin.com/MO/Saint-Louis/4935-Robert-Ave-63109/home/93771052
4004 Walsh St,Saint Louis,63116.0,Single Family Residential,March-31-2025,165000,1123.0,False,146.92787177203917,4.0,2.0,1912.0,7640.0,,38.5765095,-90.2618503,https://www.redfin.com/MO/Saint-Louis/4004-Walsh-St-63116/home/62709374
4324 Virginia Ave,Saint Louis,63111.0,Single Family Residential,April-29-2026,350000,4150.0,False,84.33734939759036,4.0,2.0,1910.0,8751.0,,38.5779758,-90.2414089,https://www.redfin.com/MO/Saint-Louis/4324-Virginia-Ave-63111/home/93705835
3543 Nebraska Ave,Saint Louis,63118.0,Single Family Residential,December-10-2021,179000,1632.0,False,109.68137254901961,3.0,1.5,1892.0,3136.0,,38.5911523,-90.2331794,https://www.redfin.com/MO/Saint-Louis/3543-Nebraska-Ave-63118/home/93694799
5308 Wilson Ave,Saint Louis,63110.0,Single Family Residential,February-14-2022,876500,3576.0,False,245.10626398210292,4.0,3.5,1921.0,2614.0,,38.6158214,-90.2755429,https://www.redfin.com/MO/Saint-Louis/5308-Wilson-Ave-63110/home/93726811
3907 Delor St,Saint Louis,63116.0,Single Family Residential,August-3-2023,140000,1152.0,False,121.52777777777777,2.0,1.0,1925.0,3494.0,,38.5769642,-90.2579704,https://www.redfin.com/MO/Saint-Louis/3907-Delor-St-63116/home/93750314
3021 Henrietta St,Saint Louis,63104.0,Single Family Residential,April-22-2022,100000,912.0,False,109.64912280701755,3.0,1.0,1957.0,4966.0,,38.6170646,-90.2299661,https://www.redfin.com/MO/Saint-Louis/3021-Henrietta-St-63104/home/93700423
3323 Iowa Ave,Saint Louis,63118.0,Single Family Residential,December-9-2021,219000,1734.0,False,126.29757785467127,3.0,1.0,1890.0,6098.0,,38.5948029,-90.2288493,https://www.redfin.com/MO/Saint-Louis/3323-Iowa-Ave-63118/home/93693780
3870 Utah Pl,Saint Louis,63116.0,Single Family Residential,March-26-2026,780000,3914.0,False,199.2846193152785,4.0,3.5,1908.0,6298.0,,38.5975581,-90.2495422,https://www.redfin.com/MO/Saint-Louis/3870-Utah-Pl-63116/home/93684326
4132 Hartford St,Saint Louis,63116.0,Single Family Residential,September-10-2024,650000,3007.0,False,216.16228799467908,4.0,3.5,1911.0,4478.0,,38.6029739,-90.2565477,https://www.redfin.com/MO/Saint-Louis/4132-Hartford-St-63116/home/93749859
3521 Salena St,Saint Louis,63118.0,Single Family Residential,June-23-2026,180000,1180.0,False,152.54237288135593,2.0,2.0,1890.0,2125.0,,38.5902183,-90.2208363,https://www.redfin.com/MO/Saint-Louis/3521-Salena-St-63118/home/93694483
8316 Pennsylvania Ave,Saint Louis,63111.0,Single Family Residential,July-9-2021,20000,884.0,False,22.624434389140273,2.0,1.0,1888.0,3441.0,,38.542491,-90.2646938,https://www.redfin.com/MO/Saint-Louis/8316-Pennsylvania-Ave-63111/home/93711893
4081 Bowen St,Saint Louis,63116.0,Single Family Residential,June-12-2024,165500,576.0,False,287.3263888888889,2.0,1.0,1927.0,4064.0,,38.5704432,-90.2682771,https://www.redfin.com/MO/Saint-Louis/4081-Bowen-St-63116/home/93770847
5418 Elizabeth Ave,Saint Louis,63110.0,Single Family Residential,October-16-2025,185000,861.0,False,214.8664343786295,1.0,2.0,1926.0,4656.0,,38.6132957,-90.2786817,https://www.redfin.com/MO/Saint-Louis/5418-Elizabeth-Ave-63110/home/93771692
2215 Hickory,Saint Louis,63104.0,Single Family Residential,July-30-2024,769900,3127.0,False,246.2104253277902,3.0,3.5,1921.0,4356.0,,38.6199054,-90.2163145,https://www.redfin.com/MO/Saint-Louis/2215-Hickory-St-63104/home/181866117
3104 Providence Pl,Saint Louis,63111.0,Single Family Residential,March-28-2024,220000,1380.0,False,159.42028985507247,4.0,2.0,1921.0,4957.0,,38.5790393,-90.2380587,https://www.redfin.com/MO/Saint-Louis/3104-Providence-Pl-63111/home/93705550
6553 Winnebago St,Saint Louis,63109.0,Single Family Residential,August-24-2023,245000,1200.0,False,204.16666666666666,2.0,1.0,1941.0,3929.0,,38.5944836,-90.3035126,https://www.redfin.com/MO/Saint-Louis/6553-Winnebago-St-63109/home/93775084
3312 St. Vincent,Saint Louis,63104.0,Single Family Residential,July-30-2021,304500,2305.0,False,132.10412147505423,3.0,2.5,1921.0,,,38.6188871,-90.233624,https://www.redfin.com/MO/Saint-Louis/3312-Saint-Vincent-Ave-63104/home/93684665
5454 Daggett Ave,Saint Louis,63110.0,Single Family Residential,May-19-2023,250000,1248.0,False,200.32051282051282,2.0,1.0,1958.0,7170.0,,38.6172352,-90.2791457,https://www.redfin.com/MO/Saint-Louis/5454-Daggett-Ave-63110/home/93726961
3464 Macklind Ave,Saint Louis,63139.0,Single Family Residential,November-4-2024,229900,852.0,False,269.8356807511737,2.0,1.0,1942.0,3585.0,,38.5964882,-90.2821391,https://www.redfin.com/MO/Saint-Louis/3464-Macklind-Ave-63139/home/93742653
4734 Ashland Ct,Saint Louis,63115.0,Single Family Residential,January-13-2025,40000,990.0,False,40.4040404040404,3.0,1.0,1911.0,3711.0,,38.6713215,-90.2469836,https://www.redfin.com/MO/Saint-Louis/4734-Ashland-Ct-63115/home/93735908
4146 Holly Hills Blvd,Saint Louis,63116.0,Single Family Residential,February-5-2025,279000,1512.0,False,184.52380952380952,3.0,1.5,1934.0,4552.0,,38.5693524,-90.2734757,https://www.redfin.com/MO/Saint-Louis/4146-Holly-Hills-Blvd-63116/home/93777900
6570 Winnebago St,Saint Louis,63109.0,Single Family Residential,May-20-2022,315000,1769.0,False,178.06670435274165,3.0,2.0,1941.0,4356.0,,38.5941289,-90.3041968,https://www.redfin.com/MO/Saint-Louis/6570-Winnebago-St-63109/home/62723302
6544 Neosho St,Saint Louis,63109.0,Single Family Residential,December-30-2024,479900,2130.0,False,225.30516431924883,3.0,1.5,1941.0,4809.0,,38.5869842,-90.3056057,https://www.redfin.com/MO/Saint-Louis/6544-Neosho-St-63109/home/93779566
6707 Alexander St,Saint Louis,63116.0,Single Family Residential,May-11-2023,199999,971.0,False,205.97219361483008,2.0,1.5,1963.0,4491.0,,38.5658181,-90.2732794,https://www.redfin.com/MO/Saint-Louis/6707-Alexander-St-63116/home/93778191
2017 Ann Ave,Saint Louis,63104.0,Single Family Residential,December-14-2021,399000,3160.0,False,126.26582278481013,3.0,2.5,1912.0,4269.0,,38.6086367,-90.2158854,https://www.redfin.com/MO/Saint-Louis/2017-Ann-Ave-63104/home/62751523
4066 Wyoming,Saint Louis,63116.0,Single Family Residential,September-13-2021,300000,1504.0,False,199.46808510638297,3.0,1.5,1915.0,2875.0,,38.5999915,-90.2555536,https://www.redfin.com/MO/Saint-Louis/4066-Wyoming-St-63116/home/93729621
1341 Mccausland Ave,Saint Louis,63117.0,Single Family Residential,September-13-2024,242500,2062.0,False,117.60426770126091,3.0,2.0,1920.0,6456.0,,38.6276935,-90.307307,https://www.redfin.com/MO/Saint-Louis/1341-McCausland-Ave-63117/home/93740205
4711 Penrose St,Saint Louis,63115.0,Single Family Residential,November-4-2022,50000,1310.0,False,38.16793893129771,2.0,1.0,1929.0,3920.0,,38.6785324,-90.2400707,https://www.redfin.com/MO/Saint-Louis/4711-Penrose-St-63115/home/93733481
319 Rosedale Ave #1,St. Louis,63112.0,Single Family Residential,August-10-2021,190000,1071.0,False,177.40429505135387,2.0,2.0,1908.0,,,38.650241,-90.2970018,https://www.redfin.com/MO/St-Louis/319-Rosedale-Ave-63112/unit-1/home/176133661
3405 Itaska St,Saint Louis,63111.0,Single Family Residential,September-22-2021,85000,993.0,False,85.59919436052367,2.0,1.0,1905.0,2701.0,,38.572645,-90.2451718,https://www.redfin.com/MO/Saint-Louis/3405-Itaska-St-63111/home/93707213
6127 Lucille Ave,Saint Louis,63136.0,Single Family Residential,April-8-2025,90000,1048.0,False,85.87786259541984,2.0,1.5,1951.0,12502.0,,38.706067,-90.2576686,https://www.redfin.com/MO/Saint-Louis/6127-Lucille-Ave-63136/home/93745310
3706 Connecticut St,Saint Louis,63116.0,Single Family Residential,April-5-2023,595000,2860.0,False,208.04195804195805,4.0,2.5,1905.0,4339.0,,38.600114,-90.245358,https://www.redfin.com/MO/Saint-Louis/3706-Connecticut-St-63116/home/93700052
5328 Nagel Ave,Saint Louis,63109.0,Single Family Residential,November-30-2021,105000,768.0,False,136.71875,2.0,1.0,1928.0,5097.0,,38.5709909,-90.29248,https://www.redfin.com/MO/Saint-Louis/5328-Nagel-Ave-63109/home/93771168
6520 Morganford Rd,Saint Louis,63116.0,Single Family Residential,February-25-2022,235000,1450.0,False,162.06896551724137,3.0,1.0,1928.0,4378.0,,38.5683385,-90.2747921,https://www.redfin.com/MO/Saint-Louis/6520-Morganford-Rd-63116/home/93777994
4416 Arsenal St,Saint Louis,63116.0,Single Family Residential,December-28-2022,410000,2552.0,False,160.65830721003135,3.0,2.5,1905.0,3515.0,,38.6046313,-90.2638957,https://www.redfin.com/MO/Saint-Louis/4416-Arsenal-St-63116/home/93748621
5612 Eichelberger St,Saint Louis,63109.0,Single Family Residential,June-1-2023,235000,1300.0,False,180.76923076923077,3.0,1.0,1953.0,4042.0,,38.5819247,-90.2899256,https://www.redfin.com/MO/Saint-Louis/5612-Eichelberger-St-63109/home/62748530
2222 Macklind Ave,Saint Louis,63110.0,Single Family Residential,March-12-2025,270000,1189.0,False,227.0815811606392,2.0,2.0,1925.0,5075.0,,38.6143544,-90.2773985,https://www.redfin.com/MO/Saint-Louis/2222-Macklind-Ave-63110/home/93727457
1927 Pestalozzi Ave,Saint Louis,63118.0,Single Family Residential,February-19-2025,450000,3096.0,False,145.34883720930233,3.0,3.5,1921.0,9592.0,,38.599603,-90.218164,https://www.redfin.com/MO/Saint-Louis/1927-Pestalozzi-St-63118/home/93691639
1127 Kentucky Ave,Saint Louis,63110.0,Single Family Residential,June-30-2025,68730,800.0,False,85.9125,1.0,1.0,1885.0,3750.0,,38.6266595,-90.2529988,https://www.redfin.com/MO/Saint-Louis/1127-Kentucky-Ave-63110/home/93726592
7000 Plainview Ave,Saint Louis,63109.0,Single Family Residential,October-12-2022,189900,852.0,False,222.88732394366198,2.0,1.0,1942.0,4731.0,,38.5906169,-90.3131809,https://www.redfin.com/MO/Saint-Louis/7000-Plainview-Ave-63109/home/93781227
3139 Cherokee,Saint Louis,63118.0,Single Family Residential,July-16-2021,239900,2050.0,False,117.02439024390245,3.0,2.0,1905.0,,,38.5948147,-90.23605,https://www.redfin.com/MO/Saint-Louis/3139-Cherokee-St-63118/home/93693525
2117 Lilly Ave,Saint Louis,63110.0,Single Family Residential,October-23-2025,784500,4474.0,False,175.34644613321413,4.0,2.5,2008.0,8102.0,,38.6159038,-90.279808,https://www.redfin.com/MO/Saint-Louis/2117-Lilly-Ave-63110/home/93682766
4725 Hummel Ave,Saint Louis,63116.0,Single Family Residential,October-19-2022,165000,800.0,False,206.25,3.0,1.0,1924.0,3271.0,,38.5796152,-90.2768254,https://www.redfin.com/MO/Saint-Louis/4725-Hummel-Ave-63116/home/93763383
7425 Dianthan Ln,Saint Louis,63116.0,Single Family Residential,June-30-2022,157500,971.0,False,162.20391349124614,2.0,1.0,1952.0,6011.0,,38.56081,-90.2811354,https://www.redfin.com/MO/Saint-Louis/7425-Dianthan-Ln-63116/home/93784368
5753 Park,Saint Louis,63147.0,Single Family Residential,June-18-2025,25000,1107.0,False,22.583559168925024,0.0,2.0,1931.0,,,38.710414,-90.2505617,https://www.redfin.com/MO/Saint-Louis/5753-Park-Ln-63147/home/93770361
5722 Itaska St,Saint Louis,63109.0,Single Family Residential,March-13-2026,304900,3032.0,False,100.56068601583114,4.0,2.0,1935.0,3750.0,,38.5847309,-90.2911412,https://www.redfin.com/MO/Saint-Louis/5722-Itaska-St-63109/home/66023969
1906 California Ave,Saint Louis,63104.0,Single Family Residential,July-28-2023,234900,1416.0,False,165.88983050847457,2.0,1.5,1893.0,1542.0,,38.613218,-90.225718,https://www.redfin.com/MO/Saint-Louis/1906-California-Ave-63104/home/93690259
4996 Parker Ave,Saint Louis,63139.0,Single Family Residential,June-3-2022,295000,1650.0,False,178.78787878787878,4.0,2.5,1947.0,6316.0,,38.5990705,-90.2749232,https://www.redfin.com/MO/Saint-Louis/4996-Parker-Ave-63139/home/93776991
7911 Pennsylvania Ave,Saint Louis,63111.0,Single Family Residential,March-17-2022,129000,832.0,False,155.04807692307693,2.0,1.0,1892.0,3703.0,,38.5457684,-90.26183,https://www.redfin.com/MO/Saint-Louis/7911-Pennsylvania-Ave-63111/home/93711283
5025 Rosa Ave,Saint Louis,63109.0,Single Family Residential,February-13-2024,229000,1071.0,False,213.81886087768441,2.0,1.0,1922.0,3825.0,,38.5804516,-90.280534,https://www.redfin.com/MO/Saint-Louis/5025-Rosa-Ave-63109/home/93765422
5131 Shaw Ave,Saint Louis,63110.0,Single Family Residential,July-28-2021,150000,1106.0,False,135.623869801085,0.0,2.0,1890.0,4269.0,,38.6180374,-90.2716555,https://www.redfin.com/MO/Saint-Louis/5131-Shaw-Ave-63110/home/93728109
4230 Olive St,Saint Louis,63108.0,Single Family Residential,April-13-2022,550000,2142.0,False,256.76937441643327,3.0,2.5,2004.0,6403.0,,38.6445588,-90.2473435,https://www.redfin.com/MO/Saint-Louis/4230-Olive-St-63108/home/93673833
5264 Oleatha Ave,Saint Louis,63139.0,Single Family Residential,May-10-2022,234700,1255.0,False,187.01195219123505,2.0,1.0,1941.0,4530.0,,38.596897,-90.2808786,https://www.redfin.com/MO/Saint-Louis/5264-Oleatha-Ave-63139/home/93777445
6566 Dale Ave,Saint Louis,63139.0,Single Family Residential,July-13-2023,129900,995.0,False,130.55276381909547,2.0,1.0,1938.0,5036.0,,38.624486,-90.2992483,https://www.redfin.com/MO/Saint-Louis/6566-Dale-Ave-63139/home/93740987
8650 Oriole Ave,Saint Louis,63147.0,Single Family Residential,,85000,1243.0,False,68.38294448913918,3.0,2.0,1935.0,3701.0,,38.7146344,-90.239061,https://www.redfin.com/MO/Saint-Louis/8650-Oriole-Ave-63147/home/93731158
1900 Belt Ave,Saint Louis,63112.0,Single Family Residential,February-13-2025,65000,1870.0,False,34.75935828877005,4.0,2.0,1908.0,3241.0,,38.6705977,-90.2714869,https://www.redfin.com/MO/Saint-Louis/1900-Belt-Ave-63112/home/93738942
6727 W Park Ave,Saint Louis,63139.0,Single Family Residential,June-12-2024,149900,792.0,False,189.26767676767676,1.0,1.0,1946.0,5088.0,,38.6282703,-90.3018473,https://www.redfin.com/MO/Saint-Louis/6727-W-Park-Ave-63139/home/93765773
5504 Neosho St,Saint Louis,63109.0,Single Family Residential,April-24-2023,220000,1000.0,False,220.0,2.0,1.0,1931.0,3964.0,,38.5852323,-90.2872891,https://www.redfin.com/MO/Saint-Louis/5504-Neosho-St-63109/home/62736585
5549 Mardel Ave,Saint Louis,63109.0,Single Family Residential,February-23-2026,275000,988.0,False,278.3400809716599,0.0,2.0,1953.0,4199.0,,38.5946489,-90.2874205,https://www.redfin.com/MO/Saint-Louis/5549-Mardel-Ave-63109/home/62724919
2867 Salena St,Saint Louis,63118.0,Single Family Residential,July-29-2022,355000,2160.0,False,164.35185185185185,4.0,2.5,1890.0,1734.0,,38.5997071,-90.2184356,https://www.redfin.com/MO/Saint-Louis/2867-Salena-St-63118/home/93691632
6251 Loughborough,Saint Louis,63109.0,Single Family Residential,May-20-2025,395000,2400.0,False,164.58333333333334,2.0,1.0,1921.0,,,38.5749068,-90.2999534,https://www.redfin.com/MO/Saint-Louis/6251-Loughborough-Ave-63109/home/93783930
3194 Portis Ave,Saint Louis,63116.0,Single Family Residential,November-3-2022,505000,2206.0,False,228.92112420670898,4.0,2.5,1899.0,5737.0,,38.6022256,-90.264665,https://www.redfin.com/MO/Saint-Louis/3194-Portis-Ave-63116/home/93748575
1838 Kennett Pl,Saint Louis,63104.0,Single Family Residential,August-17-2023,975000,4600.0,False,211.95652173913044,4.0,3.5,1888.0,6098.0,,38.6146155,-90.2131939,https://www.redfin.com/MO/Saint-Louis/1838-Kennett-Pl-63104/home/62756056
6402 Lansdowne Ave,Saint Louis,63109.0,Single Family Residential,November-29-2021,400000,2439.0,False,164.00164001640016,4.0,2.5,1947.0,8451.0,,38.59018,-90.3004697,https://www.redfin.com/MO/Saint-Louis/6402-Lansdowne-Ave-63109/home/93779783
4330 Vista Ave,Saint Louis,63110.0,Single Family Residential,October-29-2021,463000,1807.0,False,256.2257885998893,3.0,2.5,2021.0,3136.0,,38.6239551,-90.2574851,https://www.redfin.com/MO/Saint-Louis/4330-Vista-Ave-63110/home/176875186
6700 Marquette Ave,Saint Louis,63139.0,Single Family Residential,August-27-2021,450000,2100.0,False,214.28571428571428,3.0,2.0,1928.0,10019.0,,38.5998455,-90.304681,https://www.redfin.com/MO/Saint-Louis/6700-Marquette-Ave-63139/home/93778817
4027 Darby St,Saint Louis,63120.0,Single Family Residential,March-10-2023,30000,1080.0,False,27.77777777777778,2.0,1.0,1939.0,3724.0,,38.6906774,-90.2732012,https://www.redfin.com/MO/Saint-Louis/4027-Darby-St-63120/home/93731984
6609 Marquette Ave,Saint Louis,63139.0,Single Family Residential,April-14-2023,355000,1130.0,False,314.1592920353982,2.0,2.0,1953.0,7767.0,,38.6000657,-90.3026431,https://www.redfin.com/MO/Saint-Louis/6609-Marquette-Ave-63139/home/93748858
5625 S Magnolia Ave,Saint Louis,63139.0,Single Family Residential,November-28-2022,549500,3106.0,False,176.91564713457822,4.0,3.5,1921.0,3533.0,,38.6102115,-90.282862,https://www.redfin.com/MO/Saint-Louis/5625-S-Magnolia-Ave-63139/home/93682759
1421 Dodier,Saint Louis,63107.0,Single Family Residential,October-1-2021,162000,2146.0,False,75.48928238583412,3.0,2.5,1911.0,5750.0,,38.6525074,-90.1989386,https://www.redfin.com/MO/Saint-Louis/1421-Dodier-St-63107/home/93688954
2601 N Sarah St,Saint Louis,63113.0,Single Family Residential,June-30-2022,145000,1358.0,False,106.77466863033874,3.0,2.5,1921.0,,,38.6574818,-90.2335831,https://www.redfin.com/MO/Saint-Louis/2601-N-Sarah-St-63113/home/93717223
3540 Vista Ave,Saint Louis,63104.0,Single Family Residential,May-26-2022,429000,1800.0,False,238.33333333333334,3.0,2.5,1921.0,4182.0,,38.621349,-90.2369149,https://www.redfin.com/MO/Saint-Louis/3540-Vista-Ave-63104/home/93689878
3129 Keokuk St,Saint Louis,63118.0,Single Family Residential,September-22-2021,80000,1590.0,False,50.314465408805034,3.0,1.0,1910.0,3136.0,,38.5858412,-90.2377335,https://www.redfin.com/MO/Saint-Louis/3129-Keokuk-St-63118/unit-3129/home/93695771
6415 Clifton Hills Dr,Saint Louis,63139.0,Single Family Residential,January-10-2022,145000,798.0,False,181.70426065162908,2.0,1.0,1954.0,5358.0,,38.6135906,-90.2968857,https://www.redfin.com/MO/Saint-Louis/6415-Clifton-Hills-Dr-63139/home/62769033
5725 Goener Ave,Saint Louis,63116.0,Single Family Residential,March-17-2023,140000,1275.0,False,109.80392156862744,2.0,1.0,1924.0,3672.0,,38.5768177,-90.2731823,https://www.redfin.com/MO/Saint-Louis/5725-Goener-Ave-63116/home/62751882
2621 Sublette Ave,Saint Louis,63139.0,Single Family Residential,September-30-2021,184900,759.0,False,243.61001317523056,2.0,2.5,1897.0,6142.0,,38.6108815,-90.2806585,https://www.redfin.com/MO/Saint-Louis/2621-Sublette-Ave-63139/home/64113223
3209 Winnebago,Saint Louis,63118.0,Single Family Residential,May-17-2022,141650,1788.0,False,79.22259507829978,2.0,1.5,1886.0,3920.0,,38.5896284,-90.2384292,https://www.redfin.com/MO/Saint-Louis/3209-Winnebago-St-63118/home/93695647
6916 Dale Ave,Saint Louis,63139.0,Single Family Residential,August-21-2025,124900,968.0,False,129.02892561983472,2.0,1.0,1952.0,423403200.0,,38.6265539,-90.3062393,https://www.redfin.com/MO/Saint-Louis/6916-Dale-Ave-63139/home/93740573
4319 Beck Ave,St. Louis,63116.0,Single Family Residential,October-31-2025,135000,2648.0,False,50.98187311178248,4.0,2.0,1892.0,304920000.0,,38.5919922,-90.2638422,https://www.redfin.com/MO/St-Louis/4319-Beck-Ave-63116/home/198547429
3869 Germania St,Saint Louis,63116.0,Single Family Residential,September-5-2025,174900,1035.0,False,168.9855072463768,3.0,1.0,1961.0,190575000.0,,38.5570854,-90.2744267,https://www.redfin.com/MO/Saint-Louis/3869-Germania-St-63116/home/93785313
7041 Plainview Ave,Saint Louis,63109.0,Single Family Residential,July-30-2025,235000,1212.0,False,193.8943894389439,2.0,1.0,1942.0,190575000.0,,38.5911141,-90.3143342,https://www.redfin.com/MO/Saint-Louis/7041-Plainview-Ave-63109/home/93774124
7062 Sutherland Ave,Saint Louis,63109.0,Single Family Residential,April-30-2026,229900,1728.0,False,133.0439814814815,2.0,3.0,1925.0,182037240.0,,38.5925856,-90.31484,https://www.redfin.com/MO/Saint-Louis/7062-Sutherland-Ave-63109/home/93774065
6951 Alabama Ave,Saint Louis,63111.0,Single Family Residential,September-9-2025,165000,1333.0,False,123.78094523630908,2.0,1.0,1934.0,168620760.0,,38.5549971,-90.2592465,https://www.redfin.com/MO/Saint-Louis/6951-Alabama-Ave-63111/home/93710331
4014 Humphrey St,Saint Louis,63116.0,Single Family Residential,June-19-2025,274900,1675.0,False,164.11940298507463,3.0,2.0,1917.0,162043200.0,,38.5989065,-90.2537626,https://www.redfin.com/MO/Saint-Louis/4014-Humphrey-St-63116/home/93729359
4512 Minnesota Ave,Saint Louis,63111.0,Single Family Residential,August-22-2022,144900,1231.0,False,117.70917952883835,2.0,1.0,1909.0,35370720.0,,38.5742826,-90.2384979,https://www.redfin.com/MO/Saint-Louis/4512-Minnesota-Ave-63111/home/93706232
1928 Arsenal St,Saint Louis,63118.0,Single Family Residential,July-23-2025,123900,931.0,False,133.08270676691728,2.0,1.0,1891.0,1097712.0,,38.597147,-90.218874,https://www.redfin.com/MO/Saint-Louis/1928-Arsenal-St-63118/home/93699329
6431 Oleatha Ave,Saint Louis,63139.0,Single Family Residential,September-16-2025,280000,1269.0,False,220.64617809298662,2.0,2.0,1925.0,998989.0,,38.5983901,-90.2988075,https://www.redfin.com/MO/Saint-Louis/6431-Oleatha-Ave-63139/home/93775197
5220 Chouteaus Bluff Dr,Saint Louis,63111.0,Single Family Residential,June-5-2023,395000,1638.0,False,241.14774114774116,3.0,3.5,2016.0,350222.0,,38.5642535,-90.2391342,https://www.redfin.com/MO/Saint-Louis/5220-Chouteaus-Bluff-Dr-63111/home/93680196
5214 Chouteaus Blf,Saint Louis,63111.0,Single Family Residential,February-1-2022,399000,2208.0,False,180.70652173913044,3.0,3.0,2015.0,350222.0,,38.564404,-90.23899,https://www.redfin.com/MO/Saint-Louis/5214-Chouteaus-Bluff-Dr-63111/home/93680191
3014 Iowa Ave,Saint Louis,63118.0,Single Family Residential,April-5-2022,119900,855.0,False,140.23391812865498,2.0,1.0,1969.0,261360.0,,38.6004312,-90.2272244,https://www.redfin.com/MO/Saint-Louis/3014-Iowa-Ave-63118/home/93699172
9836 Parkway Dr,Saint Louis,63137.0,Single Family Residential,July-14-2024,219900,2587.0,False,85.0019327406262,3.0,2.5,1948.0,55940.0,,38.7426382,-90.2029786,https://www.redfin.com/MO/Saint-Louis/9836-Parkway-Dr-63137/home/62709631
3704 Hebert St,Saint Louis,63107.0,Single Family Residential,September-13-2024,160000,1486.0,False,107.67160161507402,3.0,2.5,1921.0,48526.0,,38.6599844,-90.2202819,https://www.redfin.com/MO/Saint-Louis/3704-Hebert-St-63107/home/93702145
3702 Hebert St,Saint Louis,63107.0,Single Family Residential,October-10-2024,160000,1486.0,False,107.67160161507402,3.0,2.5,1921.0,48526.0,,38.65983,-90.220219,https://www.redfin.com/MO/Saint-Louis/3702-Hebert-St-63107/home/187273178
9983 Riverview Dr,Saint Louis,63137.0,Single Family Residential,March-14-2024,400000,1712.0,False,233.6448598130841,3.0,2.5,1925.0,47045.0,,38.7451113,-90.2000479,https://www.redfin.com/MO/Saint-Louis/9983-Riverview-Dr-63137/home/93768277
3910 Walsh St,Saint Louis,63116.0,Single Family Residential,February-23-2026,235000,1613.0,False,145.69125852448852,3.0,2.0,1860.0,40510.0,,38.5749952,-90.2595835,https://www.redfin.com/MO/Saint-Louis/3910-Walsh-St-63116/home/93757710
3622 Flad Ave,Saint Louis,63110.0,Single Family Residential,July-16-2025,625000,2848.0,False,219.45224719101122,5.0,2.5,1910.0,40075.0,,38.6112552,-90.2414716,https://www.redfin.com/MO/Saint-Louis/3622-Flad-Ave-63110/home/93700192
4370 Taft Ave,Saint Louis,63116.0,Single Family Residential,August-29-2024,185000,1524.0,False,121.39107611548556,3.0,1.0,1911.0,39204.0,,38.5870173,-90.2679087,https://www.redfin.com/MO/Saint-Louis/4370-Taft-Ave-63116/home/93764771
1824 Allen,Saint Louis,63104.0,Single Family Residential,October-8-2021,269000,2050.0,False,131.21951219512195,3.0,2.5,1926.0,37462.0,,38.6096812,-90.2136809,https://www.redfin.com/MO/Saint-Louis/1824-Allen-Ave-63104/home/93690393
5435 Murdoch Ave,Saint Louis,63109.0,Single Family Residential,January-3-2022,259900,1220.0,False,213.0327868852459,2.0,1.5,1923.0,36155.0,,38.5872415,-90.2855473,https://www.redfin.com/MO/Saint-Louis/5435-Murdoch-Ave-63109/home/62718045
4224 Grace Ave,Saint Louis,63116.0,Single Family Residential,December-9-2025,115900,1498.0,False,77.36982643524699,2.0,1.0,1911.0,36154.0,,38.5805429,-90.2454798,https://www.redfin.com/MO/Saint-Louis/4224-Grace-Ave-63116/home/93705348
5 Homeland Pl,Saint Louis,63109.0,Single Family Residential,July-7-2022,400000,1343.0,False,297.84065524944157,2.0,1.5,1951.0,33890.0,,38.5810415,-90.3065245,https://www.redfin.com/MO/Saint-Louis/5-Homeland-Pl-63109/home/93782658
5337 Lindell Blvd,Saint Louis,63112.0,Single Family Residential,August-18-2022,1074000,3735.0,False,287.5502008032129,4.0,3.5,1978.0,33066.0,,38.6457071,-90.2771608,https://www.redfin.com/MO/Saint-Louis/5337-Lindell-Blvd-63112/home/93723617
3339 Nebraska Ave,Saint Louis,63118.0,Single Family Residential,September-30-2025,340000,2250.0,False,151.11111111111111,3.0,2.5,1907.0,32495.0,,38.5948164,-90.2324283,https://www.redfin.com/MO/Saint-Louis/3339-Nebraska-Ave-63118/home/178781919
6515 Minnesota Ave,Saint Louis,63111.0,Single Family Residential,August-4-2023,149900,994.0,False,150.80482897384306,2.0,1.0,1910.0,32234.0,,38.5565932,-90.2512978,https://www.redfin.com/MO/Saint-Louis/6515-Minnesota-Ave-63111/home/93709693
5405 S Compton,Saint Louis,63111.0,Single Family Residential,July-24-2024,135000,905.0,False,149.17127071823205,2.0,1.0,1925.0,31363.0,,38.5656895,-90.2451111,https://www.redfin.com/MO/Saint-Louis/5405-S-Compton-Ave-63111/home/93708160
9840 Parkway Dr,Saint Louis,63137.0,Single Family Residential,December-1-2021,199900,1959.0,False,102.04185809086269,4.0,2.5,1959.0,31363.0,,38.7431693,-90.2026684,https://www.redfin.com/MO/Saint-Louis/9840-Parkway-Dr-63137/home/93768249
3 Homeland Pl,Saint Louis,63109.0,Single Family Residential,,550000,2065.0,False,266.3438256658596,3.0,3.5,1953.0,30754.0,,38.580432,-90.3067195,https://www.redfin.com/MO/Saint-Louis/3-Homeland-Pl-63109/home/93782664
3937 Illinois Ave,Saint Louis,63118.0,Single Family Residential,July-23-2025,129500,1574.0,False,82.27445997458705,2.0,2.5,1964.0,30012.0,,38.582722,-90.224463,https://www.redfin.com/MO/Saint-Louis/3937-Illinois-Ave-63118/home/93704204
9834 Rivermont Dr,Saint Louis,63137.0,Single Family Residential,December-29-2022,59900,1659.0,False,36.10608800482218,3.0,2.0,1977.0,29621.0,,38.7453786,-90.2018472,https://www.redfin.com/MO/Saint-Louis/9834-Rivermont-Dr-63137/home/93381141
6204 Waterman Ave,Saint Louis,63130.0,Single Family Residential,June-12-2023,649000,3408.0,False,190.43427230046947,5.0,2.5,1933.0,28227.0,,38.6510173,-90.3007495,https://www.redfin.com/MO/Saint-Louis/6204-Waterman-Ave-63130/home/93760104
5010 Daggett Ave,Saint Louis,63110.0,Single Family Residential,June-20-2024,329900,1295.0,False,254.74903474903476,2.0,1.5,1921.0,,,38.616198,-90.26924,https://www.redfin.com/MO/Saint-Louis/5010-Daggett-Ave-63110/home/173620186
6255 Simpson Ave,Saint Louis,63139.0,Single Family Residential,October-5-2023,295000,1704.0,False,173.12206572769952,4.0,1.5,1908.0,26728.0,,38.6143981,-90.2935517,https://www.redfin.com/MO/Saint-Louis/6255-Simpson-Ave-63139/home/93743602
6177 Lucille Ave,Saint Louis,63136.0,Single Family Residential,October-30-2024,74900,2268.0,False,33.02469135802469,4.0,2.5,1911.0,25265.0,,38.7067311,-90.2592094,https://www.redfin.com/MO/Saint-Louis/6177-Lucille-Ave-63136/home/93745295
701 Valley Dr,Saint Louis,63137.0,Single Family Residential,July-22-2021,199900,1743.0,False,114.6873207114171,4.0,2.5,1932.0,24916.0,,38.7432076,-90.203605,https://www.redfin.com/MO/Saint-Louis/701-Valley-Dr-63137/home/93768267
6005 Bishops Pl,Saint Louis,63109.0,Single Family Residential,June-26-2024,649900,4020.0,False,161.66666666666666,4.0,2.5,1948.0,23649.0,,38.577457,-90.3027189,https://www.redfin.com/MO/Saint-Louis/6005-Bishops-Pl-63109/home/93782873
4144 Flad Ave,Saint Louis,63110.0,Single Family Residential,December-3-2024,210000,1523.0,False,137.88575180564675,2.0,1.5,1907.0,23610.0,,38.612321,-90.2529113,https://www.redfin.com/MO/Saint-Louis/4144-Flad-Ave-63110/home/93746501
714 Lookout Dr,Saint Louis,63137.0,Single Family Residential,August-28-2025,149900,2100.0,False,71.38095238095238,2.0,2.5,1933.0,23004.0,,38.740911,-90.2070109,https://www.redfin.com/MO/Saint-Louis/714-Lookout-Dr-63137/home/62688666
9705 Riverview Dr,Saint Louis,63137.0,Single Family Residential,August-21-2025,125000,1066.0,False,117.26078799249531,2.0,1.0,1936.0,21780.0,,38.7399917,-90.2059264,https://www.redfin.com/MO/Saint-Louis/9705-Riverview-Dr-63137/home/93768348
9749 Riverview Dr,Saint Louis,63137.0,Single Family Residential,,55000,1276.0,False,43.10344827586207,3.0,1.0,1927.0,21000.0,,38.7407921,-90.2048135,https://www.redfin.com/MO/Saint-Louis/9749-Riverview-Dr-63137/home/93768265
10001 Riverview Dr,Saint Louis,63137.0,Single Family Residential,March-12-2024,149900,1592.0,False,94.15829145728644,3.0,1.5,1920.0,20647.0,,38.7456017,-90.19925,https://www.redfin.com/MO/Saint-Louis/10001-Riverview-Dr-63137/home/93768298
9 Cabanne Townhome Dr,Saint Louis,63112.0,Townhouse,June-27-2025,235000,2040.0,False,115.19607843137256,3.0,2.5,2010.0,20473.0,,38.6585563,-90.2882405,https://www.redfin.com/MO/Saint-Louis/9-Cabanne-Townhome-Dr-63112/home/93681439
6425 Kinsey Pl,Saint Louis,63109.0,Single Family Residential,April-16-2024,495000,1334.0,False,371.06446776611693,3.0,2.0,1951.0,20334.0,,38.5809004,-90.3019586,https://www.redfin.com/MO/Saint-Louis/6425-Kinsey-Pl-63109/home/93782766
10277 Lookaway Dr,Saint Louis,63137.0,Single Family Residential,April-12-2024,240000,2668.0,False,89.95502248875562,3.0,2.0,1978.0,19998.0,,38.752138,-90.194445,https://www.redfin.com/MO/Saint-Louis/10277-Lookaway-Dr-63137/home/93779419
10257 Lookaway Dr,Saint Louis,63137.0,Single Family Residential,August-17-2023,265000,2335.0,False,113.49036402569592,3.0,1.5,1935.0,19998.0,,38.751672,-90.194816,https://www.redfin.com/MO/Saint-Louis/10257-Lookaway-Dr-63137/home/93779415
7018 Plateau Ave,Saint Louis,63117.0,Single Family Residential,August-31-2023,199000,1040.0,False,191.34615384615384,2.0,2.0,1910.0,19994.0,,38.6238792,-90.3085921,https://www.redfin.com/MO/Saint-Louis/7018-Plateau-Ave-63117/home/84264369
6024 W Cabanne Pl,Saint Louis,63112.0,Single Family Residential,October-28-2024,300000,3144.0,False,95.41984732824427,4.0,2.5,1892.0,19942.0,,38.6593261,-90.2933374,https://www.redfin.com/MO/Saint-Louis/6024-W-Cabanne-Pl-63112/home/93739665
6725 Eichelberger St,Saint Louis,63109.0,Single Family Residential,March-11-2025,375000,2300.0,False,163.04347826086956,3.0,2.0,1941.0,19554.0,,38.5830836,-90.3072496,https://www.redfin.com/MO/Saint-Louis/6725-Eichelberger-St-63109/home/93781410
11 Willmore Rd,Saint Louis,63109.0,Single Family Residential,November-17-2023,535000,2155.0,False,248.2598607888631,3.0,2.0,1948.0,19162.0,,38.5821418,-90.3081096,https://www.redfin.com/MO/Saint-Louis/11-Willmore-Rd-63109/home/62742674
3534 Hawthorne Blvd,Saint Louis,63104.0,Single Family Residential,August-31-2021,699900,4932.0,False,141.90997566909977,5.0,3.5,1916.0,19123.0,,38.6108232,-90.2395284,https://www.redfin.com/MO/Saint-Louis/3534-Hawthorne-Blvd-63104/home/93691152
5015 Lindell Blvd,Saint Louis,63108.0,Single Family Residential,June-15-2026,899000,4340.0,False,207.14285714285714,3.0,2.5,1890.0,19000.0,,38.6446663,-90.2654714,https://www.redfin.com/MO/Saint-Louis/5015-Lindell-Blvd-63108/home/93745437
5405 Bartmer Ave,Saint Louis,63112.0,Single Family Residential,July-11-2025,220000,3126.0,False,70.37747920665387,4.0,2.5,1905.0,18952.0,,38.6611286,-90.2747075,https://www.redfin.com/MO/Saint-Louis/5405-Bartmer-Ave-63112/home/93745005
801 S Skinker Blvd Unit 12D,St. Louis,63105.0,Single Family Residential,June-16-2023,445000,1103.0,False,403.4451495920218,1.0,1.5,1962.0,18243.0,,38.6360206,-90.3042196,https://www.redfin.com/MO/St-Louis/801-S-Skinker-Blvd-63105/unit-12D/home/148670985
801 S Skinker Blvd Unit 4B,St. Louis,63105.0,Single Family Residential,April-30-2024,549900,1709.0,False,321.7671152720889,2.0,2.0,1962.0,18243.0,,38.6360193,-90.3042227,https://www.redfin.com/MO/St-Louis/801-S-Skinker-Blvd-63105/unit-4B/home/62749080
9910 Parkway Dr,Saint Louis,63137.0,Single Family Residential,April-6-2026,219900,1568.0,False,140.2423469387755,3.0,2.5,1954.0,18147.0,,38.7438238,-90.202067,https://www.redfin.com/MO/Saint-Louis/9910-Parkway-Dr-63137/home/93768246
6250 Westminster Pl,Saint Louis,63130.0,Single Family Residential,July-11-2023,975000,5390.0,False,180.8905380333952,5.0,3.5,1921.0,17860.0,,38.6533949,-90.3018047,https://www.redfin.com/MO/Saint-Louis/6250-Westminster-Pl-63130/home/93760182
705 Jeffrey Dr,Saint Louis,63137.0,Single Family Residential,February-2-2023,149900,1392.0,False,107.6867816091954,3.0,1.5,1949.0,17860.0,,38.7443695,-90.2025156,https://www.redfin.com/MO/Saint-Louis/705-Jeffrey-Dr-63137/home/93768251
5100 Kingwood Dr,Saint Louis,63123.0,Single Family Residential,January-13-2026,420000,2000.0,False,210.0,4.0,1.5,1952.0,17772.0,,38.5849026,-90.3140821,https://www.redfin.com/MO/Saint-Louis/5100-Kingwood-Dr-63123/home/93783032
243 Woodbourne Dr,Saint Louis,63105.0,Single Family Residential,May-5-2022,1095000,3805.0,False,287.7792378449409,4.0,3.5,1929.0,17206.0,,38.6424466,-90.3044756,https://www.redfin.com/MO/Saint-Louis/243-Woodbourne-Dr-63105/home/93771925
9810 Jeffrey Dr,Saint Louis,63137.0,Single Family Residential,September-2-2022,29900,1470.0,False,20.34013605442177,3.0,1.0,1950.0,17001.0,,38.7447637,-90.2025796,https://www.redfin.com/MO/Saint-Louis/9810-Jeffrey-Dr-63137/home/93382669
5800 Clemens Ave,Saint Louis,63112.0,Single Family Residential,November-12-2025,425000,2672.0,False,159.0568862275449,5.0,3.5,2004.0,16853.0,,38.6562903,-90.2867103,https://www.redfin.com/MO/Saint-Louis/5800-Clemens-Ave-63112/home/93671165
1711 N N Taylor Ave,Saint Louis,63113.0,Single Family Residential,August-25-2025,79000,3416.0,False,23.126463700234194,4.0,3.5,1884.0,16700.0,,38.6590514,-90.2475383,https://www.redfin.com/MO/Saint-Louis/1711-N-Taylor-Ave-63113/home/93718823
3154 Longfellow,Saint Louis,63104.0,Single Family Residential,March-31-2022,300000,1968.0,False,152.4390243902439,2.0,1.5,1935.0,16596.0,,38.6107648,-90.2332324,https://www.redfin.com/MO/Saint-Louis/3154-Longfellow-Blvd-63104/home/93691046
1339 Kraft,Saint Louis,63139.0,Single Family Residential,August-11-2023,190000,768.0,False,247.39583333333334,2.0,2.0,1946.0,16553.0,,38.6268792,-90.3013498,https://www.redfin.com/MO/Saint-Louis/1339-Kraft-St-63139/home/87131674
6566 Southwest Ave,Saint Louis,63139.0,Single Family Residential,December-22-2021,299900,1791.0,False,167.44835287548855,3.0,2.0,1890.0,16553.0,,38.6122379,-90.3002693,https://www.redfin.com/MO/Saint-Louis/6566-Southwest-Ave-63139/home/93743731
6731 Fyler Ave,Saint Louis,63139.0,Single Family Residential,July-10-2025,449900,2224.0,False,202.2931654676259,4.0,2.5,1921.0,16552.0,,38.6035385,-90.3052506,https://www.redfin.com/MO/Saint-Louis/6731-Fyler-Ave-63139/home/93741889
4352 Schirmer St,Saint Louis,63116.0,Single Family Residential,November-14-2024,234900,1482.0,False,158.50202429149797,3.0,1.0,1950.0,16548.0,,38.5619578,-90.2841935,https://www.redfin.com/MO/Saint-Louis/4352-Schirmer-St-63116/home/93783613
3140 Russell Blvd,Saint Louis,63104.0,Single Family Residential,July-6-2023,499900,2266.0,False,220.6090026478376,4.0,2.5,1896.0,16413.0,,38.61212163434531,-90.23202227724607,https://www.redfin.com/MO/Saint-Louis/3140-Russell-Blvd-63104/home/76424599
5911 Dale Ave,St. Louis,63110.0,Single Family Residential,August-31-2021,175000,1033.0,False,169.40948693126816,2.0,2.5,1924.0,16291.0,,38.6248153,-90.285967,https://www.redfin.com/MO/St-Louis/5911-Dale-Ave-63110/home/169433889
5211 Washington Pl,Saint Louis,63108.0,Single Family Residential,September-16-2021,699000,6373.0,False,109.68146869606151,4.0,3.5,1897.0,16030.0,,38.651451,-90.2704593,https://www.redfin.com/MO/Saint-Louis/5211-Washington-Pl-63108/home/93749433
5352 Maple Ave,Saint Louis,63112.0,Single Family Residential,August-31-2021,89900,2441.0,False,36.82916837361737,4.0,2.0,1891.0,15682.0,,38.6595655,-90.2742376,https://www.redfin.com/MO/Saint-Louis/5352-Maple-Ave-63112/home/93709914
4007 Blow St,Saint Louis,63116.0,Single Family Residential,September-15-2023,225000,1297.0,False,173.47725520431766,2.0,2.0,1950.0,15682.0,,38.5621885,-90.2732172,https://www.redfin.com/MO/Saint-Louis/4007-Blow-St-63116/home/93785744
3 Willmore Rd,Saint Louis,63109.0,Single Family Residential,September-11-2025,629900,2646.0,False,238.05744520030234,3.0,2.0,1949.0,15594.0,,38.5822,-90.306865,https://www.redfin.com/MO/Saint-Louis/3-Willmore-Rd-63109/home/93782564
6635 Fyler Ave,Saint Louis,63139.0,Single Family Residential,June-29-2026,274900,1208.0,False,227.5662251655629,2.0,1.0,1897.0,15524.0,,38.6033401,-90.3025362,https://www.redfin.com/MO/Saint-Louis/6635-Fyler-Ave-63139/home/66023426
64 Willmore Rd,Saint Louis,63109.0,Single Family Residential,November-3-2022,425000,3615.0,False,117.56569847856154,2.0,2.0,1955.0,15307.0,,38.5772357,-90.3058382,https://www.redfin.com/MO/Saint-Louis/64-Willmore-Rd-63109/home/93782705
5879 Cabanne,Saint Louis,63112.0,Single Family Residential,October-13-2022,360000,3310.0,False,108.76132930513594,3.0,2.5,1890.0,15246.0,,38.6594477,-90.2888646,https://www.redfin.com/MO/Saint-Louis/5879-Cabanne-Ave-63112/home/93723928
8936 Gateland Ave,Saint Louis,63136.0,Single Family Residential,,45000,1320.0,False,34.09090909090909,3.0,1.5,1954.0,15233.0,,38.7218452,-90.2447878,https://www.redfin.com/MO/Saint-Louis/8936-Gateland-Ave-63136/home/93404534
85 Willmore Rd,Saint Louis,63109.0,Single Family Residential,July-18-2025,599900,2914.0,False,205.86822237474263,3.0,3.0,1953.0,15189.0,,38.5754125,-90.3038673,https://www.redfin.com/MO/Saint-Louis/85-Willmore-Rd-63109/home/93782630
7131 Sutherland Ave,Saint Louis,63109.0,Single Family Residential,August-9-2024,223900,860.0,False,260.3488372093023,2.0,1.0,1954.0,15146.0,,38.5932074,-90.3174219,https://www.redfin.com/MO/Saint-Louis/7131-Sutherland-Ave-63109/home/93749222
7096 Tholozan Ave,Saint Louis,63109.0,Single Family Residential,April-3-2026,324900,1777.0,False,182.83624085537423,3.0,1.5,1913.0,15002.0,,38.5977937,-90.315239,https://www.redfin.com/MO/Saint-Louis/7096-Tholozan-Ave-63109/home/93747878
6208 Pershing Ave,Saint Louis,63130.0,Single Family Residential,June-21-2022,449000,2160.0,False,207.87037037037038,4.0,2.5,1901.0,14767.0,,38.6497716,-90.3011571,https://www.redfin.com/MO/Saint-Louis/6208-Pershing-Ave-63130/home/93760144
59 Willmore Rd,Saint Louis,63109.0,Single Family Residential,July-13-2022,499000,2292.0,False,217.71378708551484,3.0,2.5,1951.0,14767.0,,38.5772328,-90.3069398,https://www.redfin.com/MO/Saint-Louis/59-Willmore-Rd-63109/home/93782645
7857 Adkins Ave,Saint Louis,63123.0,Single Family Residential,August-26-2025,220000,1694.0,False,129.87012987012986,2.0,2.0,1950.0,14627.0,,38.5567757,-90.2845578,https://www.redfin.com/MO/Saint-Louis/7857-Adkins-Ave-63123/home/93784232
2902 Ellendale Ave,Saint Louis,63143.0,Single Family Residential,August-12-2022,349900,1598.0,False,218.96120150187735,4.0,2.0,1902.0,14575.0,,38.6112672,-90.3104467,https://www.redfin.com/MO/Saint-Louis/2902-Ellendale-Ave-63143/home/93743197
6419 Clifton Ave,Saint Louis,63109.0,Single Family Residential,May-24-2022,375000,1849.0,False,202.8123309897242,3.0,2.0,1955.0,14505.0,,38.5750601,-90.3003823,https://www.redfin.com/MO/Saint-Louis/6419-Clifton-Ave-63109/home/93782826
3233 Hawthorne Blvd,Saint Louis,63104.0,Single Family Residential,June-22-2023,1250000,4900.0,False,255.10204081632654,5.0,3.5,1894.0,14292.0,,38.6104371,-90.234868,https://www.redfin.com/MO/Saint-Louis/3233-Hawthorne-Blvd-63104/home/93748586
2750 Ellendale Ave,Saint Louis,63143.0,Single Family Residential,July-25-2023,219900,1540.0,False,142.7922077922078,3.0,2.0,1906.0,14187.0,,38.6114767,-90.3104217,https://www.redfin.com/MO/Saint-Louis/2750-Ellendale-Ave-63143/home/93743196
6027 Guilford Pl,Saint Louis,63109.0,Single Family Residential,May-12-2026,425000,2105.0,False,201.90023752969122,2.0,2.0,1949.0,14000.0,,38.5769425,-90.3050779,https://www.redfin.com/MO/Saint-Louis/6027-Guilford-Pl-63109/home/93782639
5820 Lansdowne Ave,Saint Louis,63109.0,Single Family Residential,July-15-2022,240000,820.0,False,292.6829268292683,3.0,2.0,1950.0,13852.0,,38.5895643,-90.2930114,https://www.redfin.com/MO/Saint-Louis/5820-Lansdowne-Ave-63109/home/93769134
4823 Mccausland Ave,Saint Louis,63109.0,Single Family Residential,September-2-2021,315000,2000.0,False,157.5,2.0,2.0,1954.0,13765.0,,38.5869591,-90.3116171,https://www.redfin.com/MO/Saint-Louis/4823-McCausland-Ave-63109/home/93781559
1344 Central Ave,Saint Louis,63139.0,Single Family Residential,June-12-2025,115000,825.0,False,139.3939393939394,2.0,1.0,1923.0,13752.0,,38.6269061,-90.3028459,https://www.redfin.com/MO/Saint-Louis/1344-Central-Ave-63139/home/93765602
38 Benton Pl,Saint Louis,63104.0,Single Family Residential,December-22-2025,900000,2800.0,False,321.42857142857144,3.0,3.5,1987.0,13590.0,,38.6193843,-90.2145416,https://www.redfin.com/MO/Saint-Louis/38-Benton-Pl-63104/home/87947243
5924 Childress Ave,Saint Louis,63109.0,Single Family Residential,November-13-2023,475000,3373.0,False,140.82419211384524,4.0,2.0,1951.0,13504.0,,38.5790323,-90.3000799,https://www.redfin.com/MO/Saint-Louis/5924-Childress-Ave-63109/home/93783856
3224 Regal,Saint Louis,63139.0,Single Family Residential,July-8-2022,389900,2004.0,False,194.56087824351297,3.0,2.5,2019.0,13504.0,,38.6030273,-90.2837618,https://www.redfin.com/MO/Saint-Louis/3224-Regal-Pl-63139/home/170010038
4 Willmore Rd,Saint Louis,63109.0,Single Family Residential,,320000,1471.0,False,217.53908905506458,3.0,2.0,1950.0,13500.0,,38.581754,-90.3066149,https://www.redfin.com/MO/Saint-Louis/4-Willmore-Rd-63109/home/93782668
9745 E Lookout Ct,Saint Louis,63137.0,Single Family Residential,November-22-2021,90000,1625.0,False,55.38461538461539,4.0,2.5,1959.0,13416.0,,38.7414262,-90.2058771,https://www.redfin.com/MO/Saint-Louis/9745-E-Lookout-Ct-63137/home/93768332
4123 Poepping,Saint Louis,63123.0,Single Family Residential,August-20-2025,249900,2220.0,False,112.56756756756756,5.0,2.0,1950.0,13198.0,,38.5564916,-90.282548,https://www.redfin.com/MO/Saint-Louis/4123-Poepping-St-63123/home/93784340
2653 Shenandoah Ave,Saint Louis,63104.0,Single Family Residential,January-14-2026,349900,1956.0,False,178.88548057259715,3.0,2.5,1889.0,13068.0,,38.6080451,-90.2245578,https://www.redfin.com/MO/Saint-Louis/2653-Shenandoah-Ave-63104/home/93690834
6247 Magnolia Ave,Saint Louis,63139.0,Single Family Residential,July-31-2025,120000,2000.0,False,60.0,4.0,1.0,1902.0,13068.0,,38.612132,-90.2942681,https://www.redfin.com/MO/Saint-Louis/6247-Magnolia-Ave-63139/home/93743644
3943 Marine Ave,Saint Louis,63118.0,Single Family Residential,November-9-2021,122500,932.0,False,131.43776824034336,2.0,1.0,1953.0,13068.0,,38.5826433,-90.2231505,https://www.redfin.com/MO/Saint-Louis/3943-Marine-Ave-63118/home/174211987
6107 Lalite Ave,Saint Louis,63136.0,Single Family Residential,May-18-2022,65900,1196.0,False,55.10033444816054,3.0,1.5,1939.0,12981.0,,38.7031226,-90.2590153,https://www.redfin.com/MO/Saint-Louis/6107-Lalite-Ave-63136/home/93745630
3909 Marine Ave,Saint Louis,63118.0,Single Family Residential,July-6-2022,129000,968.0,False,133.26446280991735,3.0,2.0,1948.0,12981.0,,38.5834512,-90.2224897,https://www.redfin.com/MO/Saint-Louis/3909-Marine-Ave-63118/home/93785507
3316 Norma Ct,Saint Louis,63139.0,Single Family Residential,October-29-2021,209000,1064.0,False,196.42857142857142,2.0,1.0,1948.0,12894.0,,38.6022925,-90.3003577,https://www.redfin.com/MO/Saint-Louis/3316-Norma-Ct-63139/home/93743274
1216 Victor,Saint Louis,63104.0,Single Family Residential,September-22-2021,399900,2383.0,False,167.8136802349979,4.0,2.0,1886.0,12894.0,,38.6030278,-90.2126917,https://www.redfin.com/MO/Saint-Louis/1216-Victor-St-63104/home/93686953
2510 Clifton Ave,Saint Louis,63139.0,Single Family Residential,August-28-2024,395000,1674.0,False,235.96176821983275,3.0,3.0,1965.0,12811.0,,38.6153081,-90.2932665,https://www.redfin.com/MO/Saint-Louis/2510-Clifton-Ave-63139/home/93743620
4362 W Pine Blvd,Saint Louis,63108.0,Single Family Residential,December-1-2025,1199999,4801.0,False,249.94771922516142,4.0,3.5,1899.0,12780.0,,38.6397056,-90.2533226,https://www.redfin.com/MO/Saint-Louis/4362-W-Pine-Blvd-63108/home/93725148
6125 Lalite Ave,Saint Louis,63136.0,Single Family Residential,January-31-2025,54900,1237.0,False,44.381568310428456,2.0,1.5,1937.0,12641.0,,38.7033802,-90.2596262,https://www.redfin.com/MO/Saint-Louis/6125-Lalite-Ave-63136/home/93745633
6777 Eichelberger St,Saint Louis,63109.0,Single Family Residential,August-30-2024,695000,3511.0,False,197.94930219310737,4.0,3.5,1948.0,12632.0,,38.583314,-90.3091595,https://www.redfin.com/MO/Saint-Louis/6777-Eichelberger-St-63109/home/93781554
3755 Weber Rd,Saint Louis,63125.0,Single Family Residential,March-21-2022,117500,1008.0,False,116.56746031746032,3.0,1.0,1955.0,12615.0,,38.550846,-90.2776709,https://www.redfin.com/MO/Saint-Louis/3755-Weber-Rd-63125/home/93785620
4168 W Pine Blvd,Saint Louis,63108.0,Single Family Residential,September-22-2022,775000,2858.0,False,271.1686494051784,4.0,3.0,2011.0,12611.0,,38.638731,-90.2487481,https://www.redfin.com/MO/Saint-Louis/4168-W-Pine-Blvd-63108/home/93725485
6731 Odell St,Saint Louis,63139.0,Single Family Residential,June-7-2024,249900,1112.0,False,224.73021582733813,2.0,2.0,1913.0,12532.0,,38.6107946,-90.3040688,https://www.redfin.com/MO/Saint-Louis/6731-Odell-St-63139/home/93743862
5873 Julian Ave,Saint Louis,63112.0,Single Family Residential,July-15-2022,59900,2272.0,False,26.364436619718308,4.0,2.0,1908.0,12502.0,,38.6668677,-90.2862362,https://www.redfin.com/MO/Saint-Louis/5873-Julian-Ave-63112/home/93723042
6303 Lucille Ave,Saint Louis,63136.0,Single Family Residential,February-13-2026,200000,1740.0,False,114.94252873563218,5.0,3.5,1914.0,12501.0,,38.706952,-90.2597139,https://www.redfin.com/MO/Saint-Louis/6303-Lucille-Ave-63136/home/93745349
6117 Lalite Ave,Saint Louis,63136.0,Single Family Residential,May-11-2026,55000,1568.0,False,35.076530612244895,4.0,1.0,1910.0,12501.0,,38.7032326,-90.2593251,https://www.redfin.com/MO/Saint-Louis/6117-Lalite-Ave-63136/home/93745635
6111 Lalite Ave,Saint Louis,63136.0,Single Family Residential,November-14-2025,75000,988.0,False,75.91093117408907,2.0,1.0,1937.0,,,38.7031906,-90.2591707,https://www.redfin.com/MO/Saint-Louis/6111-Lalite-Ave-63136/home/93745636
5854 Neosho St,Saint Louis,63109.0,Single Family Residential,,525000,1242.0,False,422.70531400966183,3.0,2.0,1932.0,3270.0,,38.5861516,-90.2947654,https://www.redfin.com/MO/Saint-Louis/5854-Neosho-St-63109/home/62756085
6255 Pershing Ave,Saint Louis,63130.0,Single Family Residential,October-24-2023,899000,4000.0,False,224.75,5.0,3.5,1909.0,12441.0,,38.6503827,-90.3025972,https://www.redfin.com/MO/Saint-Louis/6255-Pershing-Ave-63130/home/93760107
7125 Emilie St,Saint Louis,63143.0,Single Family Residential,July-21-2021,379900,2000.0,False,189.95,3.0,2.5,1895.0,12402.0,,38.6107199,-90.3120604,https://www.redfin.com/MO/Saint-Louis/7125-Emilie-St-63143/home/93743167
6438 Bishops Pl,Saint Louis,63109.0,Single Family Residential,July-13-2023,375000,1435.0,False,261.3240418118467,3.0,1.0,1953.0,12375.0,,38.5757343,-90.3007173,https://www.redfin.com/MO/Saint-Louis/6438-Bishops-Pl-63109/home/62700619
3446 Nebraska Ave,Saint Louis,63118.0,Single Family Residential,June-14-2024,228000,2264.0,False,100.70671378091873,3.0,1.5,1890.0,12319.0,,38.5927602,-90.2323315,https://www.redfin.com/MO/Saint-Louis/3446-Nebraska-Ave-63118/home/109007522
16 Aberdeen Pl,Saint Louis,63105.0,Single Family Residential,November-6-2024,995000,3267.0,False,304.56075910621365,4.0,2.5,1924.0,12284.0,,38.6404592,-90.3048484,https://www.redfin.com/MO/Saint-Louis/16-Aberdeen-Pl-63105/home/93766507
6126 Lucille Ave,Saint Louis,63136.0,Single Family Residential,April-8-2022,120000,2464.0,False,48.701298701298704,4.0,2.0,1928.0,12284.0,,38.7055805,-90.2580251,https://www.redfin.com/MO/Saint-Louis/6126-Lucille-Ave-63136/home/93745334
6201 Wade Ave,Saint Louis,63139.0,Single Family Residential,September-28-2021,200000,950.0,False,210.52631578947367,2.0,1.0,1928.0,12240.0,,38.6248795,-90.2905454,https://www.redfin.com/MO/Saint-Louis/6201-Wade-Ave-63139/home/93726347
41 Willmore Rd,Saint Louis,63109.0,Single Family Residential,September-27-2022,500000,2000.0,False,250.0,4.0,2.0,1952.0,12223.0,,38.578701,-90.3082799,https://www.redfin.com/MO/Saint-Louis/41-Willmore-Rd-63109/home/93782636
7219 Emilie St,Saint Louis,63143.0,Single Family Residential,November-16-2022,350000,2134.0,False,164.0112464854733,4.0,2.0,1892.0,12197.0,,38.6108423,-90.313052,https://www.redfin.com/MO/Saint-Louis/7219-Emilie-St-63143/home/93743202
3223 Tennyson Sq,Saint Louis,63143.0,Single Family Residential,August-23-2024,299000,1286.0,False,232.50388802488337,3.0,1.5,1931.0,12192.0,,38.6081714,-90.3143391,https://www.redfin.com/MO/Saint-Louis/3223-Tennyson-Sq-63143/home/93751124
4632 Pershing Pl,Saint Louis,63108.0,Single Family Residential,July-10-2023,1200000,3904.0,False,307.37704918032784,4.0,3.5,1897.0,12192.0,,38.6455843,-90.2600256,https://www.redfin.com/MO/Saint-Louis/4632-Pershing-Pl-63108/home/93724635
1401 Mccausland Ave,Saint Louis,63117.0,Single Family Residential,September-21-2023,549900,2680.0,False,205.1865671641791,3.0,2.5,1911.0,12188.0,,38.626636,-90.307622,https://www.redfin.com/MO/Saint-Louis/1401-McCausland-Ave-63117/home/93744505
4934 Columbia Ave,Saint Louis,63139.0,Single Family Residential,January-14-2022,514900,2852.0,False,180.53997194950912,4.0,2.0,1893.0,12084.0,,38.6101704,-90.2695413,https://www.redfin.com/MO/Saint-Louis/4934-Columbia-Ave-63139/home/93727613
2500 Clifton Ave,Saint Louis,63139.0,Single Family Residential,November-1-2021,499900,2592.0,False,192.86265432098764,4.0,3.5,1909.0,12066.0,,38.6153227,-90.2929062,https://www.redfin.com/MO/Saint-Louis/2500-Clifton-Ave-63139/home/93743619
3745 Weber Rd,Saint Louis,63125.0,Single Family Residential,June-21-2023,164900,768.0,False,214.71354166666666,2.0,1.0,1954.0,12023.0,,38.5505556,-90.2773124,https://www.redfin.com/MO/Saint-Louis/3745-Weber-Rd-63125/home/93785623
5562 Goodfellow Blvd,Saint Louis,63136.0,Single Family Residential,March-25-2022,159000,1451.0,False,109.57960027567195,4.0,3.0,1944.0,12023.0,,38.70947,-90.257365,https://www.redfin.com/MO/Saint-Louis/5562-Goodfellow-Blvd-63136/home/62769083
40 Willmore Rd,Saint Louis,63109.0,Single Family Residential,February-23-2026,400000,3110.0,False,128.61736334405145,3.0,2.0,1949.0,12000.0,,38.5793873,-90.3080083,https://www.redfin.com/MO/Saint-Louis/40-Willmore-Rd-63109/home/93782578
48 Willmore Rd,Saint Louis,63109.0,Single Family Residential,June-17-2024,541900,2548.0,False,212.67660910518055,3.0,2.0,1951.0,11957.0,,38.5787606,-90.3077449,https://www.redfin.com/MO/Saint-Louis/48-Willmore-Rd-63109/home/93782574
5433 Vernon Ave,Saint Louis,63112.0,Single Family Residential,April-4-2022,210000,2434.0,False,86.27773212818406,4.0,2.5,2000.0,11935.0,,38.659319,-90.276527,https://www.redfin.com/MO/Saint-Louis/5433-Vernon-Ave-63112/home/93683495
4259 Louisiana Ave,Saint Louis,63111.0,Single Family Residential,June-18-2025,285000,2091.0,False,136.2984218077475,4.0,2.5,1926.0,11848.0,,38.579269,-90.2429191,https://www.redfin.com/MO/Saint-Louis/4259-Louisiana-Ave-63111/home/93705473
7417 Parkwood Dr,Saint Louis,63116.0,Single Family Residential,January-13-2022,160000,1091.0,False,146.6544454628781,2.0,1.5,1950.0,11848.0,,38.5631923,-90.2839611,https://www.redfin.com/MO/Saint-Louis/7417-Parkwood-Dr-63116/home/93783601
6029 W Cabanne Pl,Saint Louis,63112.0,Single Family Residential,August-16-2024,239900,1856.0,False,129.25646551724137,3.0,2.0,1925.0,11818.0,,38.6598676,-90.2933014,https://www.redfin.com/MO/Saint-Louis/6029-W-Cabanne-Pl-63112/home/93728752
4388 Mcpherson Ave,Saint Louis,63108.0,Single Family Residential,December-29-2022,559000,3190.0,False,175.23510971786834,4.0,2.5,1897.0,11761.0,,38.6444992,-90.2526347,https://www.redfin.com/MO/Saint-Louis/4388-McPherson-Ave-63108/home/109919933
3903 Holly Hills Blvd,Saint Louis,63116.0,Single Family Residential,September-18-2023,640000,3043.0,False,210.31876437725927,4.0,3.0,1929.0,11735.0,,38.5657968,-90.2651029,https://www.redfin.com/MO/Saint-Louis/3903-Holly-Hills-Blvd-63116/home/93773769
6827 Fyler Ave,Saint Louis,63139.0,Single Family Residential,August-4-2023,359000,2176.0,False,164.9816176470588,3.0,3.0,1923.0,11644.0,,38.6037193,-90.3067195,https://www.redfin.com/MO/Saint-Louis/6827-Fyler-Ave-63139/home/93741878
7151 Wellington Ct,Saint Louis,63143.0,Single Family Residential,July-6-2022,374900,2159.0,False,173.64520611394164,3.0,2.5,2004.0,11635.0,,38.6020555,-90.3158266,https://www.redfin.com/MO/Saint-Louis/7151-Wellington-Ct-63143/home/93751093
3005 Hawthorne Blvd,Saint Louis,63104.0,Single Family Residential,August-15-2022,699000,3821.0,False,182.93640408270088,4.0,3.5,1998.0,11570.0,,38.6113767,-90.2302398,https://www.redfin.com/MO/Saint-Louis/3005-Hawthorne-Blvd-63104/home/93691034
6821 Bradley Ave,Saint Louis,63139.0,Single Family Residential,September-7-2021,289900,1690.0,False,171.53846153846155,2.0,2.5,1894.0,11543.0,,38.6050244,-90.3063611,https://www.redfin.com/MO/Saint-Louis/6821-Bradley-Ave-63139/home/93742019
8572 Oriole Ave,Saint Louis,63147.0,Single Family Residential,April-1-2025,34999,768.0,False,45.571614583333336,3.0,1.0,1909.0,11522.0,,38.7129154,-90.2397132,https://www.redfin.com/MO/Saint-Louis/8572-Oriole-Ave-63147/home/93758139
6429 Myrlette Ct,Saint Louis,63116.0,Single Family Residential,September-24-2021,225000,1425.0,False,157.89473684210526,3.0,2.0,1953.0,11500.0,,38.571133,-90.2794654,https://www.redfin.com/MO/Saint-Louis/6429-Myrlette-Ct-63116/home/93783500
754 Bellerive Blvd,Saint Louis,63111.0,Single Family Residential,September-6-2022,219900,1835.0,False,119.83651226158038,3.0,1.5,1927.0,11491.0,,38.5653817,-90.2513752,https://www.redfin.com/MO/Saint-Louis/754-Bellerive-Blvd-63111/home/93708685
3911 Comstock Dr,Saint Louis,63123.0,Single Family Residential,May-18-2023,179900,1040.0,False,172.98076923076923,3.0,1.0,1955.0,11417.0,,38.5533194,-90.2793199,https://www.redfin.com/MO/Saint-Louis/3911-Comstock-Dr-63123/home/93784961
4379 Holly Hills Blvd,Saint Louis,63116.0,Single Family Residential,August-2-2022,400000,3150.0,False,126.98412698412699,3.0,2.5,1930.0,11413.0,,38.5714521,-90.2760911,https://www.redfin.com/MO/Saint-Louis/4379-Holly-Hills-Blvd-63116/home/62698761
3672 Bellerive Blvd,Saint Louis,63116.0,Single Family Residential,May-5-2022,389900,2706.0,False,144.08721359940873,4.0,2.0,1926.0,11413.0,,38.5686035,-90.2575195,https://www.redfin.com/MO/Saint-Louis/3672-Bellerive-Blvd-63116/home/93772310
7080 Plainview Ave,Saint Louis,63109.0,Single Family Residential,August-1-2025,279900,1364.0,False,205.20527859237538,2.0,1.0,1950.0,11400.0,,38.5909048,-90.3157531,https://www.redfin.com/MO/Saint-Louis/7080-Plainview-Ave-63109/home/93780815
6120 Garesche Ave,Saint Louis,63136.0,Single Family Residential,November-7-2022,97000,2106.0,False,46.058879392212724,4.0,2.0,1926.0,11369.0,,38.7040896,-90.2589009,https://www.redfin.com/MO/Saint-Louis/6120-Garesche-Ave-63136/home/93745628
6433 Odell St,Saint Louis,63139.0,Single Family Residential,February-28-2025,355000,2035.0,False,174.44717444717443,4.0,3.5,1905.0,11326.0,,38.6097819,-90.2973022,https://www.redfin.com/MO/Saint-Louis/6433-Odell-St-63139/home/93744974
950 Beach Ave,Saint Louis,63112.0,Single Family Residential,April-25-2022,85000,1736.0,False,48.963133640552996,3.0,2.0,1883.0,11282.0,,38.6607959,-90.2905669,https://www.redfin.com/MO/Saint-Louis/950-Beach-Ave-63112/home/93723823
4754 Michigan Ave,Saint Louis,63111.0,Single Family Residential,July-18-2022,269900,2512.0,False,107.44426751592357,3.0,2.0,1908.0,11282.0,,38.5696875,-90.2406739,https://www.redfin.com/MO/Saint-Louis/4754-Michigan-Ave-63111/home/93707028
5325 Wherry Ave,Saint Louis,63109.0,Single Family Residential,October-8-2024,599900,3100.0,False,193.51612903225808,4.0,3.5,1941.0,11269.0,,38.5825902,-90.2918481,https://www.redfin.com/MO/Saint-Louis/5325-Wherry-Ave-63109/home/93768200
7094 Mardel Ave,Saint Louis,63109.0,Single Family Residential,June-17-2024,175000,1170.0,False,149.57264957264957,2.0,1.0,1908.0,11252.0,,38.5968097,-90.3153124,https://www.redfin.com/MO/Saint-Louis/7094-Mardel-Ave-63109/home/93748077
7127 Bancroft Ave,Saint Louis,63109.0,Single Family Residential,January-9-2026,199000,1209.0,False,164.59884201819685,3.0,1.0,1948.0,11251.0,,38.5941667,-90.3171344,https://www.redfin.com/MO/Saint-Louis/7127-Bancroft-Ave-63109/home/93747838
5002 Columbia Ave,Saint Louis,63139.0,Single Family Residential,August-18-2023,395000,2072.0,False,190.63706563706563,3.0,3.0,1984.0,11238.0,,38.6103598,-90.2713272,https://www.redfin.com/MO/Saint-Louis/5002-Columbia-Ave-63139/home/93727603
6165 Lucille Ave,Saint Louis,63136.0,Single Family Residential,June-10-2024,55000,1066.0,False,51.594746716697934,3.0,1.5,1966.0,11208.0,,38.7066135,-90.2589064,https://www.redfin.com/MO/Saint-Louis/6165-Lucille-Ave-63136/home/93745290
8137 Carlsbad Dr,Saint Louis,63123.0,Single Family Residential,June-30-2023,250000,970.0,False,257.7319587628866,4.0,2.0,1954.0,11204.0,,38.557386,-90.2891355,https://www.redfin.com/MO/Saint-Louis/8137-Carlsbad-Dr-63123/home/93784245
3651 Germania St,Saint Louis,63116.0,Single Family Residential,November-26-2025,185000,1894.0,False,97.67687434002112,3.0,1.0,1962.0,11203.0,,38.5541504,-90.2700218,https://www.redfin.com/MO/Saint-Louis/3651-Germania-St-63116/home/93757106
7430 Hildesheim Ave,Saint Louis,63123.0,Single Family Residential,September-10-2021,158500,1100.0,False,144.0909090909091,2.0,1.0,1921.0,11195.0,,38.5589371,-90.2922553,https://www.redfin.com/MO/Saint-Louis/7430-Hildesheim-Ave-63123/home/93761272
4346 Mcpherson Ave,Saint Louis,63108.0,Single Family Residential,January-7-2022,499000,5970.0,False,83.58458961474037,5.0,3.0,1895.0,11151.0,,38.6438956,-90.2513831,https://www.redfin.com/MO/Saint-Louis/4346-McPherson-Ave-63108/home/93725559
6723 Marmaduke Ave,Saint Louis,63139.0,Single Family Residential,August-7-2023,147500,858.0,False,171.9114219114219,1.0,1.0,1924.0,11151.0,,38.6115525,-90.3035356,https://www.redfin.com/MO/Saint-Louis/6723-Marmaduke-Ave-63139/home/93743768
6551 Fyler Ave,Saint Louis,63139.0,Single Family Residential,October-23-2023,305000,2041.0,False,149.43655071043605,3.0,2.0,1892.0,11147.0,,38.603038,-90.3006982,https://www.redfin.com/MO/Saint-Louis/6551-Fyler-Ave-63139/home/93741951
8 Willmore Rd,Saint Louis,63109.0,Single Family Residential,February-2-2024,379000,2126.0,False,178.26904985888993,2.0,1.5,1950.0,11130.0,,38.5816349,-90.3071743,https://www.redfin.com/MO/Saint-Louis/8-Willmore-Rd-63109/home/93782666
63 Kingsbury Pl,Saint Louis,63112.0,Single Family Residential,June-10-2022,1200000,4757.0,False,252.25982762245113,5.0,3.5,1915.0,11108.0,,38.6514259,-90.28228,https://www.redfin.com/MO/Saint-Louis/63-Kingsbury-Pl-63112/home/93763878
4918 Pershing Pl,Saint Louis,63108.0,Single Family Residential,September-15-2022,825000,2772.0,False,297.6190476190476,4.0,3.5,1913.0,11108.0,,38.646061,-90.262055,https://www.redfin.com/MO/Saint-Louis/4918-Pershing-Pl-63108/home/93724455
5843 Clemens Ave,Saint Louis,63112.0,Single Family Residential,November-18-2022,450000,2752.0,False,163.5174418604651,5.0,3.5,1894.0,11099.0,,38.6569932,-90.2879978,https://www.redfin.com/MO/Saint-Louis/5843-Clemens-Ave-63112/home/93739303
3239 Lafayette Ave,St. Louis,63104.0,Single Family Residential,July-18-2024,475000,1533.0,False,309.849967384214,3.0,2.0,2015.0,11069.0,,38.6166342,-90.233829,https://www.redfin.com/MO/St-Louis/3239-Lafayette-Ave-63104/home/76473548
2010 Longfellow Blvd,Saint Louis,63104.0,Single Family Residential,December-14-2022,410000,3075.0,False,133.33333333333334,4.0,2.5,1910.0,11064.0,,38.6128009,-90.2302531,https://www.redfin.com/MO/Saint-Louis/2010-Longfellow-Blvd-63104/home/93689964
6165 Garesche Ave,Saint Louis,63136.0,Single Family Residential,March-11-2022,45000,1042.0,False,43.186180422264876,2.0,1.0,1948.0,11064.0,,38.7052743,-90.2596436,https://www.redfin.com/MO/Saint-Louis/6165-Garesche-Ave-63136/home/93745323
6230 Waterman Ave,Saint Louis,63130.0,Single Family Residential,July-11-2025,825000,3874.0,False,212.95818275684047,5.0,3.0,1907.0,11033.0,,38.6508559,-90.3016527,https://www.redfin.com/MO/Saint-Louis/6230-Waterman-Ave-63130/home/93760120
4136 Pennsylvania Ave,Saint Louis,63118.0,Single Family Residential,August-23-2024,89000,2385.0,False,37.316561844863735,3.0,1.5,1870.0,11008.0,,38.5805543,-90.2359547,https://www.redfin.com/MO/Saint-Louis/4136-Pennsylvania-Ave-63118/home/93705222
6343 Garesche Ave,Saint Louis,63136.0,Single Family Residential,July-18-2024,125000,1465.0,False,85.32423208191126,4.0,1.5,1940.0,10999.0,,38.7062269,-90.2618392,https://www.redfin.com/MO/Saint-Louis/6343-Garesche-Ave-63136/home/93420122
4437 S 39th St,Saint Louis,63116.0,Single Family Residential,September-15-2025,192000,1513.0,False,126.90019828155981,4.0,1.0,1949.0,10998.0,,38.5812692,-90.2531376,https://www.redfin.com/MO/Saint-Louis/4437-S-39th-St-63116/home/93730965
1352 Central Ave Unit R,Saint Louis,63139.0,Single Family Residential,November-19-2021,525000,2235.0,False,234.8993288590604,3.0,3.5,2021.0,10983.0,,38.6266451721515,-90.30285349373278,https://www.redfin.com/MO/Saint-Louis/1352-Central-Ave-63139/unit-R/home/176876789
3543 Victor St,Saint Louis,63104.0,Single Family Residential,November-20-2024,599000,2493.0,False,240.27276373846772,4.0,2.5,1920.0,10981.0,,38.6090813,-90.2402561,https://www.redfin.com/MO/Saint-Louis/3543-Victor-St-63104/home/93692405
6334 Albertine Ave,Saint Louis,63136.0,Single Family Residential,May-17-2022,89900,875.0,False,102.74285714285715,2.0,1.0,1950.0,10977.0,,38.7091355,-90.2593272,https://www.redfin.com/MO/Saint-Louis/6334-Albertine-Ave-63136/home/93761396
32 Kingsbury Pl,Saint Louis,63112.0,Single Family Residential,October-6-2021,599000,4843.0,False,123.6836671484617,5.0,2.5,1927.0,10977.0,,38.650382,-90.2789213,https://www.redfin.com/MO/Saint-Louis/32-Kingsbury-Pl-63112/home/93724169
3024 Lafayette Ave,Saint Louis,63104.0,Single Family Residential,January-17-2025,189000,880.0,False,214.77272727272728,2.0,1.0,1946.0,10934.0,,38.6156399,-90.2299297,https://www.redfin.com/MO/Saint-Louis/3024-Lafayette-Ave-63104/home/86390956
6921 Marquette Ave,Saint Louis,63139.0,Single Family Residential,May-19-2023,350000,2144.0,False,163.2462686567164,4.0,2.5,1880.0,10929.0,,38.6007182,-90.3088427,https://www.redfin.com/MO/Saint-Louis/6921-Marquette-Ave-63139/home/90752889
5255 Loughborough Ave,Saint Louis,63109.0,Single Family Residential,April-24-2025,325000,1265.0,False,256.9169960474308,3.0,2.0,1947.0,10890.0,,38.5727408,-90.2893479,https://www.redfin.com/MO/Saint-Louis/5255-Loughborough-Ave-63109/home/93769497
4327 Mcree Ave,Saint Louis,63110.0,Single Family Residential,June-26-2024,569900,2646.0,False,215.3817082388511,3.0,2.5,1915.0,10890.0,,38.6199382,-90.2568418,https://www.redfin.com/MO/Saint-Louis/4327-McRee-Ave-63110/home/109919834
1426 Devlin St,St. Louis,63110.0,Single Family Residential,August-24-2021,175000,1124.0,False,155.69395017793593,2.0,2.0,1900.0,10890.0,,38.62401,-90.2865107,https://www.redfin.com/MO/St-Louis/1426-Devlin-St-63110/home/87133434
7003 Mardel Ave,Saint Louis,63109.0,Single Family Residential,July-9-2021,224900,1184.0,False,189.94932432432432,3.0,2.5,1927.0,10890.0,,38.5969009,-90.3120998,https://www.redfin.com/MO/Saint-Louis/7003-Mardel-Ave-63109/home/93747922
2808 Lafayette Ave,Saint Louis,63104.0,Single Family Residential,August-31-2021,329000,2600.0,False,126.53846153846153,4.0,2.5,1888.0,10890.0,,38.6151861,-90.2260413,https://www.redfin.com/MO/Saint-Louis/2808-Lafayette-Ave-63104/home/93690094
7431 Sharp Ave,Saint Louis,63116.0,Single Family Residential,May-9-2024,199000,1432.0,False,138.96648044692736,3.0,1.0,1954.0,10868.0,,38.5579001,-90.2778426,https://www.redfin.com/MO/Saint-Louis/7431-Sharp-Ave-63116/home/93784999
2762 Park Ave,St. Louis,63104.0,Single Family Residential,May-22-2025,299000,1512.0,False,197.75132275132276,3.0,2.5,2000.0,10850.0,,38.6186343,-90.2247232,https://www.redfin.com/MO/St-Louis/2762-Park-Ave-63104/home/195200273
10 Willmore Rd,Saint Louis,63109.0,Single Family Residential,November-24-2021,389900,2609.0,False,149.44423150632426,3.0,2.5,1950.0,10846.0,,38.5815268,-90.3074015,https://www.redfin.com/MO/Saint-Louis/10-Willmore-Rd-63109/home/93782665
4466 Tholozan Ave,Saint Louis,63116.0,Single Family Residential,November-8-2023,199900,606.0,False,329.86798679867985,1.0,1.5,1912.0,10825.0,,38.5934098,-90.2679784,https://www.redfin.com/MO/Saint-Louis/4466-Tholozan-Ave-63116/home/93730025
3914 French Ct,Saint Louis,63116.0,Single Family Residential,March-8-2023,285000,1474.0,False,193.35142469470827,3.0,2.0,1947.0,10820.0,,38.5614153,-90.2707131,https://www.redfin.com/MO/Saint-Louis/3914-French-Ct-63116/home/93773358
6711 Mitchell Ave,Saint Louis,63139.0,Single Family Residential,September-15-2022,325000,2026.0,False,160.41461006910168,4.0,2.0,1913.0,10812.0,,38.6225067,-90.3019721,https://www.redfin.com/MO/Saint-Louis/6711-Mitchell-Ave-63139/home/62772167
4535 South Grand Blvd,Saint Louis,63111.0,Single Family Residential,March-6-2025,225000,5910.0,False,38.07106598984772,4.0,2.5,1909.0,4312.0,,38.57699,-90.2476036,https://www.redfin.com/MO/Saint-Louis/4535-S-Grand-Blvd-63111/home/70105616
6700 Morganford Rd,Saint Louis,63116.0,Single Family Residential,February-25-2022,249000,5760.0,False,43.229166666666664,2.0,1.5,1936.0,3311.0,,38.5672532,-90.2757384,https://www.redfin.com/MO/Saint-Louis/6700-Morganford-Rd-63116/home/93671722
4386 Westminster Pl,Saint Louis,63108.0,Single Family Residential,November-24-2025,969000,5738.0,False,168.87417218543047,5.0,3.5,1905.0,8699.0,,38.6454905,-90.2522352,https://www.redfin.com/MO/Saint-Louis/4386-Westminster-Pl-63108/home/93740310
1605 Missouri Ave,Saint Louis,63104.0,Single Family Residential,July-7-2022,680000,5727.0,False,118.73581281648332,4.0,2.5,1896.0,8189.0,,38.6156651,-90.2187144,https://www.redfin.com/MO/Saint-Louis/1605-Missouri-Ave-63104/home/93700578
4466 Westminster Pl,Saint Louis,63108.0,Single Family Residential,April-11-2022,825000,5655.0,False,145.88859416445624,4.0,3.5,1901.0,8494.0,,38.6466553,-90.2548877,https://www.redfin.com/MO/Saint-Louis/4466-Westminster-Pl-63108/home/93740234
1832 S 8th St,Saint Louis,63104.0,Single Family Residential,June-15-2023,985000,5502.0,False,179.02580879680116,5.0,3.5,1880.0,7462.0,,38.6084699,-90.2028091,https://www.redfin.com/MO/Saint-Louis/1832-S-8th-St-63104/home/93685093
4532 Westminster,Saint Louis,63108.0,Single Family Residential,January-28-2022,779000,5488.0,False,141.94606413994168,5.0,3.5,1902.0,7057.0,,38.6475822,-90.2568133,https://www.redfin.com/MO/Saint-Louis/4532-Westminster-Pl-63108/home/93739894
7726 Virginia Ave,Saint Louis,63111.0,Single Family Residential,December-15-2021,439900,5369.0,False,81.93332091637177,4.0,2.5,1873.0,7231.0,,38.5486321,-90.2630081,https://www.redfin.com/MO/Saint-Louis/7726-Virginia-Ave-63111/home/66027465
3623 Ohio Ave,Saint Louis,63118.0,Single Family Residential,October-17-2025,575000,5227.0,False,110.00573942988329,5.0,3.5,1884.0,7606.0,,38.589343,-90.2289183,https://www.redfin.com/MO/Saint-Louis/3623-Ohio-Ave-63118/home/93696155
4421 Westminster Pl,Saint Louis,63108.0,Single Family Residential,July-26-2021,875000,5220.0,False,167.62452107279694,4.0,3.5,1896.0,6578.0,,38.6465505,-90.2532773,https://www.redfin.com/MO/Saint-Louis/4421-Westminster-Pl-63108/home/93739934
3701 Cook Ave,St. Louis,63113.0,Single Family Residential,August-27-2021,239000,5165.0,False,46.2729912875121,1.0,2.0,1924.0,4835.0,,38.6463645,-90.2310957,https://www.redfin.com/MO/St-Louis/3701-Cook-Ave-63113/home/102280390
1919 Withnell Ave,Saint Louis,63118.0,Single Family Residential,July-28-2022,439900,4896.0,False,89.84885620915033,4.0,3.5,1893.0,4661.0,,38.5953859,-90.2188689,https://www.redfin.com/MO/Saint-Louis/1919-Withnell-Ave-63118/home/93681739
5275 Westminster Pl,Saint Louis,63108.0,Single Family Residential,March-11-2022,829000,4876.0,False,170.0164068908942,5.0,3.5,1902.0,7013.0,,38.650787,-90.2726849,https://www.redfin.com/MO/Saint-Louis/5275-Westminster-Pl-63108/home/93749533
2423 S 13th St,Saint Louis,63104.0,Single Family Residential,October-28-2021,695000,4609.0,False,150.79192883488827,4.0,3.0,1890.0,2788.0,,38.6036866,-90.2131469,https://www.redfin.com/MO/Saint-Louis/2423-S-13th-St-63104/home/93686692
4367 Mcpherson Ave,Saint Louis,63108.0,Single Family Residential,December-22-2021,669000,4524.0,False,147.87798408488064,4.0,3.5,1899.0,7318.0,,38.644665,-90.251718,https://www.redfin.com/MO/Saint-Louis/4367-McPherson-Ave-63108/home/62733049
4445 Westminster,Saint Louis,63108.0,Single Family Residential,December-15-2021,825000,4488.0,False,183.8235294117647,4.0,3.5,1899.0,7536.0,,38.6468314,-90.2539547,https://www.redfin.com/MO/Saint-Louis/4445-Westminster-Pl-63108/home/93740253
2316 S 12th St,Saint Louis,63104.0,Single Family Residential,March-26-2024,725000,4483.0,False,161.72206111978585,4.0,3.5,1894.0,6159.0,,38.6051931,-90.210469,https://www.redfin.com/MO/Saint-Louis/2316-S-12th-St-63104/home/93686426
2621 Lemp Ave,Saint Louis,63118.0,Single Family Residential,December-11-2024,550000,4356.0,False,126.26262626262626,5.0,3.5,1890.0,3537.0,,38.6024813,-90.2157721,https://www.redfin.com/MO/Saint-Louis/2621-Lemp-Ave-63118/home/93697318
4132 W Pine,Saint Louis,63108.0,Single Family Residential,September-23-2021,790000,4345.0,False,181.8181818181818,4.0,3.5,1892.0,10498.0,,38.6385323,-90.247553,https://www.redfin.com/MO/Saint-Louis/4132-W-Pine-Blvd-63108/home/62728575
2930 Michigan Ave,St. Louis,63118.0,Single Family Residential,January-31-2025,249000,4311.0,False,57.759220598469035,3.0,2.0,1900.0,3136.0,,38.6025344,-90.2337557,https://www.redfin.com/MO/St-Louis/2930-Michigan-Ave-63118/home/93692160
5026 Westminster Pl,Saint Louis,63108.0,Single Family Residential,July-14-2025,1095000,4300.0,False,254.65116279069767,5.0,3.5,1921.0,,,38.6493056,-90.2650668,https://www.redfin.com/MO/Saint-Louis/5026-Westminster-Pl-63108/home/93746007
700 Bellerive Blvd,Saint Louis,63111.0,Single Family Residential,August-31-2021,410000,4263.0,False,96.17640159512081,3.0,2.0,1912.0,9104.0,,38.5645273,-90.2498333,https://www.redfin.com/MO/Saint-Louis/700-Bellerive-Blvd-63111/home/62745381
5025 Enright Ave,Saint Louis,63108.0,Single Family Residential,February-11-2022,249000,4250.0,False,58.588235294117645,5.0,3.0,1897.0,4269.0,,38.6530403,-90.2643406,https://www.redfin.com/MO/Saint-Louis/5025-Enright-Ave-63108/home/93744562
1221 Mackay Pl,Saint Louis,63104.0,Single Family Residential,July-25-2025,595000,4208.0,False,141.39733840304183,4.0,3.0,1908.0,3097.0,,38.6189663,-90.2163513,https://www.redfin.com/MO/Saint-Louis/1221-Mackay-Pl-63104/home/93701074
1808 Lafayette Ave,Saint Louis,63104.0,Single Family Residential,July-14-2023,550000,4200.0,False,130.95238095238096,5.0,3.5,1885.0,4713.0,,38.6134519,-90.2123215,https://www.redfin.com/MO/Saint-Louis/1808-Lafayette-Ave-63104/home/93690442
3611 Ohio Ave,Saint Louis,63118.0,Single Family Residential,January-16-2025,377000,4194.0,False,89.89031950405341,5.0,2.5,1893.0,6225.0,,38.5896185,-90.2288335,https://www.redfin.com/MO/Saint-Louis/3611-Ohio-Ave-63118/home/93696157
1532 Mississippi Ave,Saint Louis,63104.0,Single Family Residential,August-22-2025,915000,4181.0,False,218.84716574982062,4.0,3.5,1877.0,3249.0,,38.6157283,-90.2135061,https://www.redfin.com/MO/Saint-Louis/1532-Mississippi-Ave-63104/home/93697404
2838 Salena,Saint Louis,63118.0,Single Family Residential,June-24-2024,635000,4123.0,False,154.0140674266311,3.0,2.5,1895.0,5663.0,,38.6003626,-90.2178719,https://www.redfin.com/MO/Saint-Louis/2838-Salena-St-63118/home/93691509
2308 S 10th St,Saint Louis,63104.0,Single Family Residential,December-3-2025,625000,4074.0,False,153.41188021600394,4.0,2.5,2008.0,3963.0,,38.6045547,-90.2073346,https://www.redfin.com/MO/Saint-Louis/2308-S-10th-St-63104/home/62742671
2837 Mcnair Ave,Saint Louis,63118.0,Single Family Residential,October-1-2021,429900,4060.0,False,105.88669950738917,4.0,3.5,1885.0,4487.0,,38.6010813,-90.2204822,https://www.redfin.com/MO/Saint-Louis/2837-McNair-Ave-63118/home/93674687
7411 S Broadway,Saint Louis,63111.0,Single Family Residential,November-20-2023,174900,4050.0,False,43.18518518518518,3.0,2.5,1892.0,3524.0,,38.5487685,-90.2568147,https://www.redfin.com/MO/Saint-Louis/7411-S-Broadway-63111/home/93710676
2624 S 11th,Saint Louis,63118.0,Single Family Residential,February-18-2022,575000,4050.0,False,141.97530864197532,4.0,3.5,1890.0,3398.0,,38.6010003,-90.211321,https://www.redfin.com/MO/Saint-Louis/2624-S-11th-St-63118/home/93686929
4466 Laclede Ave,Saint Louis,63108.0,Single Family Residential,February-9-2023,739900,4050.0,False,182.69135802469137,5.0,3.5,1906.0,5144.0,,38.6390891,-90.2577281,https://www.redfin.com/MO/Saint-Louis/4466-Laclede-Ave-63108/home/69323591
1920 Longfellow Blvd,Saint Louis,63104.0,Single Family Residential,December-21-2023,540000,4042.0,False,133.59722909450767,4.0,3.5,1910.0,3385.0,,38.6134337,-90.2304018,https://www.redfin.com/MO/Saint-Louis/1920-Longfellow-Blvd-63104/home/93684678
4745 Nebraska Ave,Saint Louis,63111.0,Single Family Residential,November-18-2021,260000,4041.0,False,64.34050977480821,4.0,3.5,1898.0,2709.0,,38.5696475,-90.2375495,https://www.redfin.com/MO/Saint-Louis/4745-Nebraska-Ave-63111/home/93707004
7116 Michigan Ave,Saint Louis,63111.0,Single Family Residential,October-27-2022,160000,4038.0,False,39.623576027736505,5.0,2.0,1885.0,7318.0,,38.552489200790674,-90.25701998019584,https://www.redfin.com/MO/Saint-Louis/7116-Michigan-Ave-63111/home/93710390
3875 Federer,Saint Louis,63116.0,Single Family Residential,May-23-2022,490000,4031.0,False,121.55792607293476,4.0,3.5,1999.0,7144.0,,38.5663618,-90.2634697,https://www.redfin.com/MO/Saint-Louis/3875-Federer-Pl-63116/home/93674969
1728 Carroll,Saint Louis,63104.0,Single Family Residential,April-27-2022,925000,4000.0,False,231.25,4.0,3.5,2013.0,4400.0,,38.614882,-90.211446,https://www.redfin.com/MO/Saint-Louis/1728-Carroll-St-63104/home/103203316
3322 S 9th St,Saint Louis,63118.0,Single Family Residential,August-1-2024,480000,4000.0,False,120.0,4.0,3.0,1892.0,2875.0,,38.5932916,-90.2144942,https://www.redfin.com/MO/Saint-Louis/3322-S-9th-St-63118/home/109007231
2319 S 12th St,Saint Louis,63104.0,Single Family Residential,July-24-2024,675000,3995.0,False,168.96120150187735,5.0,3.5,1878.0,3550.0,,38.6053814,-90.2110572,https://www.redfin.com/MO/Saint-Louis/2319-S-12th-St-63104/home/93686452
6189 Westminster Pl,Saint Louis,63112.0,Single Family Residential,October-1-2021,399000,3994.0,False,99.89984977466199,4.0,3.0,1921.0,4748.0,,38.6538145,-90.2995223,https://www.redfin.com/MO/Saint-Louis/6189-Westminster-Pl-63112/home/93760456
2330 Menard St,Saint Louis,63104.0,Single Family Residential,February-15-2024,579900,3992.0,False,145.26553106212424,4.0,3.0,1890.0,893.0,,38.6041462,-90.208735,https://www.redfin.com/MO/Saint-Louis/2330-Menard-St-63104/home/109007581
2915 Accomac St,Saint Louis,63104.0,Single Family Residential,August-25-2022,699989,3986.0,False,175.61189162067237,4.0,3.5,1899.0,4034.0,,38.6104663,-90.2296435,https://www.redfin.com/MO/Saint-Louis/2915-Accomac-St-63104/home/62768506
2907 Texas Ave,Saint Louis,63118.0,Single Family Residential,December-17-2024,400000,3957.0,False,101.08668182966895,5.0,3.0,1890.0,6068.0,,38.6010462,-90.2252676,https://www.redfin.com/MO/Saint-Louis/2907-Texas-Ave-63118/home/93699247
1407 Missouri Ave,Saint Louis,63104.0,Single Family Residential,August-15-2024,630000,3948.0,False,159.5744680851064,4.0,2.5,1896.0,2208.0,,38.6176859,-90.2183132,https://www.redfin.com/MO/Saint-Louis/1407-Missouri-Ave-63104/home/93681612
3864 Loughborough Ave,Saint Louis,63116.0,Single Family Residential,April-18-2022,345000,3942.0,False,87.51902587519025,3.0,2.5,1936.0,6098.0,,38.5617067,-90.2693367,https://www.redfin.com/MO/Saint-Louis/3864-Loughborough-Ave-63116/home/93773244
5164 Waterman Blvd,St. Louis,63108.0,Single Family Residential,March-12-2026,689900,3914.0,False,176.26469085334696,5.0,3.0,1901.0,4734.0,,38.6485001,-90.2699051,https://www.redfin.com/MO/St-Louis/5164-Waterman-Blvd-63108/home/190536101
5855 Itaska St,Saint Louis,63109.0,Single Family Residential,March-4-2024,675000,3910.0,False,172.63427109974424,4.0,3.5,1930.0,4474.0,,38.5855682,-90.294766,https://www.redfin.com/MO/Saint-Louis/5855-Itaska-St-63109/home/93769155
2815 Russell Blvd,Saint Louis,63104.0,Single Family Residential,December-1-2021,479900,3909.0,False,122.76797134817089,4.0,3.5,1890.0,5489.0,,38.6121908,-90.2268204,https://www.redfin.com/MO/Saint-Louis/2815-Russell-Blvd-63104/home/109007478
5325 Bischoff Ave,Saint Louis,63110.0,Single Family Residential,February-2-2026,859900,3900.0,False,220.48717948717947,4.0,3.5,2009.0,6155.0,,38.6151895,-90.2764048,https://www.redfin.com/MO/Saint-Louis/5325-Bischoff-Ave-63110/home/76427028
2359 S 12th St,Saint Louis,63104.0,Single Family Residential,July-17-2023,650000,3882.0,False,167.43946419371457,4.0,3.5,1881.0,6843.0,,38.6041793,-90.2116514,https://www.redfin.com/MO/Saint-Louis/2359-S-12th-St-63104/home/93686143
2222 Nebraska Ave,Saint Louis,63104.0,Single Family Residential,January-19-2023,475000,3879.0,False,122.45424078370714,5.0,3.5,1905.0,4474.0,,38.6094416,-90.228863,https://www.redfin.com/MO/Saint-Louis/2222-Nebraska-Ave-63104/home/93691237
3127 Shenandoah Ave,Saint Louis,63104.0,Single Family Residential,September-14-2021,524900,3875.0,False,135.45806451612904,4.0,2.5,1892.0,3877.0,,38.6090949,-90.2327295,https://www.redfin.com/MO/Saint-Louis/3127-Shenandoah-Ave-63104/home/143286453
1817 S 9th,Saint Louis,63104.0,Single Family Residential,October-4-2021,675000,3873.0,False,174.28350116189,3.0,2.5,1888.0,2526.0,,38.6096348,-90.2039669,https://www.redfin.com/MO/Saint-Louis/1817-S-9th-St-63104/home/109918774
1025 Dolman St,Saint Louis,63104.0,Single Family Residential,November-20-2025,1074900,3845.0,False,279.55786736020804,4.0,3.5,2021.0,3554.0,,38.6194888,-90.2093942,https://www.redfin.com/MO/Saint-Louis/1025-Dolman-St-63104/home/93685580
5710 Vera Ct,Saint Louis,63139.0,Single Family Residential,July-31-2023,650000,3845.0,False,169.05071521456438,4.0,3.5,2009.0,6865.0,,38.6041729,-90.2850996,https://www.redfin.com/MO/Saint-Louis/5710-Vera-Ct-63139/home/93679449
5266 Washington Pl,Saint Louis,63108.0,Single Family Residential,March-1-2022,725000,3843.0,False,188.65469685141815,5.0,3.5,1899.0,7971.0,,38.6511323,-90.2723299,https://www.redfin.com/MO/Saint-Louis/5266-Washington-Pl-63108/home/93749443
1956 Wyoming,Saint Louis,63118.0,Single Family Residential,July-10-2025,650000,3834.0,False,169.5357329160146,4.0,2.5,1879.0,,,38.5961065,-90.2200166,https://www.redfin.com/MO/Saint-Louis/1956-Wyoming-St-63118/home/109919868
4169 Flora Pl,Saint Louis,63110.0,Single Family Residential,March-4-2025,950000,3832.0,False,247.91231732776617,4.0,3.5,1904.0,8651.0,,38.6139428,-90.2535291,https://www.redfin.com/MO/Saint-Louis/4169-Flora-Pl-63110/home/93747157
2605 S Compton,St Louis,63104.0,Single Family Residential,August-29-2025,424900,3816.0,False,111.34696016771488,5.0,2.5,1895.0,,,38.60705926,-90.2345892,https://www.redfin.com/MO/St-Louis/2605-S-Compton-63104/home/196160189
2701 S 11th St,Saint Louis,63118.0,Single Family Residential,January-25-2024,744900,3808.0,False,195.61449579831933,4.0,3.5,1874.0,8895.0,,38.6008002,-90.2120876,https://www.redfin.com/MO/Saint-Louis/2701-S-11th-St-63118/home/93686355
4101 Pennsylvania Ave,Saint Louis,63118.0,Single Family Residential,September-2-2022,274900,3804.0,False,72.26603575184016,4.0,2.5,1880.0,10062.0,,38.581646,-90.2363166,https://www.redfin.com/MO/Saint-Louis/4101-Pennsylvania-Ave-63118/home/93705186
1943 Lynch St,Saint Louis,63118.0,Single Family Residential,March-8-2023,499900,3795.0,False,131.72595520421606,4.0,3.5,1890.0,2570.0,,38.6016649,-90.2177488,https://www.redfin.com/MO/Saint-Louis/1943-Lynch-St-63118/home/93786841
4253 Westminster Pl,Saint Louis,63108.0,Single Family Residential,April-16-2026,180000,3759.0,False,47.88507581803671,5.0,3.5,1902.0,4935.0,,38.6443942,-90.2484214,https://www.redfin.com/MO/Saint-Louis/4253-Westminster-Pl-63108/home/93725735
2106 S Compton Ave,Saint Louis,63104.0,Single Family Residential,January-4-2022,630000,3740.0,False,168.44919786096256,5.0,2.5,1885.0,8172.0,,38.6122632,-90.2329838,https://www.redfin.com/MO/Saint-Louis/2106-S-Compton-Ave-63104/home/62744285
2915 Russell Blvd,Saint Louis,63104.0,Single Family Residential,December-10-2021,529000,3738.0,False,141.5195291599786,5.0,2.5,1904.0,6534.0,,38.6123213,-90.2291386,https://www.redfin.com/MO/Saint-Louis/2915-Russell-Blvd-63104/home/93689962
1039 Allen Ave,Saint Louis,63104.0,Single Family Residential,April-28-2022,500000,3738.0,False,133.7613697164259,5.0,3.5,1885.0,3485.0,,38.6083721,-90.2075246,https://www.redfin.com/MO/Saint-Louis/1039-Allen-Ave-63104/home/93685671
4327 Washington Blvd,Saint Louis,63108.0,Single Family Residential,April-3-2026,300000,3732.0,False,80.38585209003216,4.0,2.5,1902.0,5998.0,,38.647451,-90.2493027,https://www.redfin.com/MO/Saint-Louis/4327-Washington-Blvd-63108/home/93720051
1430 N Park Pl,Saint Louis,63107.0,Single Family Residential,September-3-2021,81000,3730.0,False,21.715817694369974,5.0,2.0,1921.0,3659.0,,38.6638098,-90.2014458,https://www.redfin.com/MO/Saint-Louis/1430-N-Park-Pl-63107/home/93702747
3627 Utah Pl,Saint Louis,63116.0,Single Family Residential,May-8-2026,350000,3726.0,False,93.9345142243693,5.0,2.5,1905.0,6551.0,,38.597593,-90.244124,https://www.redfin.com/MO/Saint-Louis/3627-Utah-Pl-63116/home/93700109
3225 S Jefferson Ave,Saint Louis,63118.0,Single Family Residential,October-12-2023,319900,3716.0,False,86.08719052744887,3.0,2.5,1883.0,6338.0,,38.5961615,-90.2252455,https://www.redfin.com/MO/Saint-Louis/3225-S-Jefferson-Ave-63118/home/93694226
2707 Lemp Ave,Saint Louis,63118.0,Single Family Residential,August-6-2021,399000,3715.0,False,107.40242261103634,5.0,3.5,1891.0,2513.0,,38.6016784,-90.2162363,https://www.redfin.com/MO/Saint-Louis/2707-Lemp-Ave-63118/home/93697301
1024 Mississippi Ave,Saint Louis,63104.0,Single Family Residential,October-12-2023,595000,3712.0,False,160.29094827586206,3.0,2.5,1880.0,3576.0,,38.6200637,-90.212221,https://www.redfin.com/MO/Saint-Louis/1024-Mississippi-Ave-63104/home/62763603
3727 Mcdonald Ave,Saint Louis,63116.0,Single Family Residential,September-30-2022,649000,3710.0,False,174.93261455525607,4.0,2.5,1907.0,5266.0,,38.596618,-90.2468883,https://www.redfin.com/MO/Saint-Louis/3727-McDonald-Ave-63116/home/62751717
3514 S Jefferson Ave,Saint Louis,63118.0,Single Family Residential,April-27-2023,324900,3708.0,False,87.62135922330097,4.0,3.5,1890.0,9187.0,,38.5909849,-90.2255182,https://www.redfin.com/MO/Saint-Louis/3514-S-Jefferson-Ave-63118/home/93671325
4364 Vista Ave,Saint Louis,63110.0,Single Family Residential,December-15-2025,250000,3700.0,False,67.56756756756756,4.0,3.0,1885.0,6250.0,,38.6238107,-90.2585578,https://www.redfin.com/MO/Saint-Louis/4364-Vista-Ave-63110/home/92224786
1201 Dolman St,Saint Louis,63104.0,Single Family Residential,August-28-2025,865000,3700.0,False,233.78378378378378,3.0,3.0,2011.0,7854.0,,38.6182779,-90.2097944,https://www.redfin.com/MO/Saint-Louis/1201-Dolman-St-63104/home/93682970
3009 Allen Ave,Saint Louis,63104.0,Single Family Residential,October-25-2024,595000,3700.0,False,160.8108108108108,4.0,3.0,1906.0,4966.0,,38.6133473,-90.2300326,https://www.redfin.com/MO/Saint-Louis/3009-Allen-Ave-63104/home/62751987
2908 Park Ave,Saint Louis,63104.0,Single Family Residential,October-12-2021,410000,3694.0,False,110.99079588521927,4.0,2.5,1892.0,5009.0,,38.6189381,-90.226885,https://www.redfin.com/MO/Saint-Louis/2908-Park-Ave-63104/home/143286629
4111 Cleveland Ave,Saint Louis,63110.0,Single Family Residential,June-26-2025,195000,3690.0,False,52.84552845528455,3.0,1.5,1897.0,3690.0,,38.6117197,-90.251828,https://www.redfin.com/MO/Saint-Louis/4111-Cleveland-Ave-63110/home/93746448
3231 Indiana Ave,Saint Louis,63118.0,Single Family Residential,September-25-2025,529900,3683.0,False,143.87727396144447,3.0,3.0,1898.0,7020.0,,38.5958463,-90.2239494,https://www.redfin.com/MO/Saint-Louis/3231-Indiana-Ave-63118/home/93694265
2049 Ann Ave,Saint Louis,63104.0,Single Family Residential,January-4-2022,525000,3669.0,False,143.090760425184,4.0,3.5,1904.0,7100.0,,38.608946,-90.2170149,https://www.redfin.com/MO/Saint-Louis/2049-Ann-Ave-63104/home/93690471
3258 Copelin Ave,Saint Louis,63104.0,Single Family Residential,July-25-2022,565000,3666.0,False,154.1189307146754,4.0,3.5,1901.0,7405.0,,38.6153545,-90.2347393,https://www.redfin.com/MO/Saint-Louis/3258-Copelin-Ave-63104/home/93689591
3622 S Jefferson Ave,Saint Louis,63118.0,Single Family Residential,May-27-2025,398000,3654.0,False,108.92172961138479,4.0,2.5,1890.0,3328.0,,38.5889628,-90.22602,https://www.redfin.com/MO/Saint-Louis/3622-S-Jefferson-Ave-63118/home/93696718
3528 Pestalozzi St,Saint Louis,63118.0,Single Family Residential,March-11-2025,599900,3650.0,False,164.35616438356163,4.0,2.5,1904.0,4208.0,,38.6040888,-90.2407068,https://www.redfin.com/MO/Saint-Louis/3528-Pestalozzi-St-63118/home/143286520
5240 Washington Pl,Saint Louis,63108.0,Single Family Residential,September-19-2024,725000,3650.0,False,198.63013698630138,4.0,3.5,1895.0,9339.0,,38.6510444,-90.2714123,https://www.redfin.com/MO/Saint-Louis/5240-Washington-Pl-63108/home/93749445
2400 Mcnair Ave,Saint Louis,63104.0,Single Family Residential,August-1-2022,399900,3648.0,False,109.6217105263158,3.0,1.5,1894.0,2875.0,,38.6061217,-90.2178874,https://www.redfin.com/MO/Saint-Louis/2400-McNair-Ave-63104/home/93671315
1801 Lasalle,Saint Louis,63104.0,Single Family Residential,October-27-2022,425000,3647.0,False,116.53413764738141,3.0,2.5,1881.0,3093.0,,38.6197674,-90.2103648,https://www.redfin.com/MO/Saint-Louis/1801-Lasalle-St-63104/home/62726326
3735 Connecticut St,Saint Louis,63116.0,Single Family Residential,July-26-2024,469900,3645.0,False,128.91632373113853,2.0,1.0,1905.0,2017.0,,38.6005868,-90.2463055,https://www.redfin.com/MO/Saint-Louis/3735-Connecticut-St-63116/home/62772719
3931 Mcree Ave,Saint Louis,63110.0,Single Family Residential,June-27-2023,499000,3644.0,False,136.93743139407246,4.0,3.5,2005.0,4478.0,,38.6189249,-90.2459801,https://www.redfin.com/MO/Saint-Louis/3931-McRee-Ave-63110/home/103203001
2341 S 12th St,Saint Louis,63104.0,Single Family Residential,December-19-2025,649000,3640.0,False,178.2967032967033,4.0,3.5,1881.0,8929.0,,38.6046547,-90.211525,https://www.redfin.com/MO/Saint-Louis/2341-S-12th-St-63104/home/93686145
4480 Maryland Ave,Saint Louis,63108.0,Single Family Residential,October-24-2025,749900,3640.0,False,206.0164835164835,4.0,3.0,1901.0,5854.0,,38.6434782,-90.2567533,https://www.redfin.com/MO/Saint-Louis/4480-Maryland-Ave-63108/home/93724879
3152 S Compton Ave,Saint Louis,63118.0,Single Family Residential,July-29-2024,375000,3623.0,False,103.50538227987856,4.0,2.5,1899.0,4404.0,,38.599937,-90.2355574,https://www.redfin.com/MO/Saint-Louis/3152-S-Compton-Ave-63118/home/93693189
1113 Victor St,Saint Louis,63104.0,Single Family Residential,August-30-2023,95000,372.0,False,255.3763440860215,0.0,1.0,1920.0,1599.0,,38.6031116,-90.2110266,https://www.redfin.com/MO/Saint-Louis/1113-Victor-St-63104/home/93686770
216 Nagel Ave,Saint Louis,63111.0,Single Family Residential,June-21-2023,50000,382.0,False,130.89005235602093,1.0,1.0,1890.0,1442.0,,38.5512508,-90.2562332,https://www.redfin.com/MO/Saint-Louis/216-Nagel-Ave-63111/home/62752134
5502 Beacon Ave,Saint Louis,63120.0,Single Family Residential,May-29-2024,60000,434.0,False,138.24884792626727,1.0,1.0,1914.0,2901.0,,38.6981845,-90.2444637,https://www.redfin.com/MO/Saint-Louis/5502-Beacon-Ave-63120/home/93762835
5440 Nagel Ave,Saint Louis,63109.0,Single Family Residential,November-24-2025,65000,448.0,False,145.08928571428572,2.0,1.0,1918.0,4900.0,,38.571854,-90.2945041,https://www.redfin.com/MO/Saint-Louis/5440-Nagel-Ave-63109/home/93775850
3630 Roswell Ave,Saint Louis,63116.0,Single Family Residential,February-18-2022,64900,450.0,False,144.22222222222223,1.0,1.0,1908.0,6098.0,,38.5567999,-90.2657196,https://www.redfin.com/MO/Saint-Louis/3630-Roswell-Ave-63116/home/93711781
5146 Cologne Ave,Saint Louis,63116.0,Single Family Residential,October-3-2022,55000,476.0,False,115.54621848739495,1.0,1.0,1911.0,2182.0,,38.5804437,-90.2733961,https://www.redfin.com/MO/Saint-Louis/5146-Cologne-Ave-63116/home/93761639
3174 Nebraska Ave,Saint Louis,63118.0,Single Family Residential,April-5-2024,45000,480.0,False,93.75,1.0,1.0,1890.0,3428.0,,38.5986168,-90.2310527,https://www.redfin.com/MO/Saint-Louis/3174-Nebraska-Ave-63118/home/93692964
3719 Koeln Ave,Saint Louis,63116.0,Single Family Residential,February-14-2025,120000,480.0,False,250.0,1.0,1.0,1923.0,3250.0,,38.5559154,-90.2696903,https://www.redfin.com/MO/Saint-Louis/3719-Koeln-Ave-63116/home/93751442
2215 Keokuk St,Saint Louis,63118.0,Single Family Residential,January-22-2024,50000,481.0,False,103.95010395010395,1.0,1.0,1922.0,3350.0,,38.5843164,-90.2256112,https://www.redfin.com/MO/Saint-Louis/2215-Keokuk-St-63118/home/93696824
6960 Sutherland Ave,Saint Louis,63109.0,Single Family Residential,December-29-2025,36900,494.0,False,74.69635627530364,1.0,1.0,1946.0,4164.0,,38.5923224,-90.3118185,https://www.redfin.com/MO/Saint-Louis/6960-Sutherland-Ave-63109/home/93774215
6406 Hancock Ave,Saint Louis,63139.0,Single Family Residential,November-15-2024,129000,504.0,False,255.95238095238096,1.0,1.0,1924.0,3119.0,,38.6005524,-90.2976253,https://www.redfin.com/MO/Saint-Louis/6406-Hancock-Ave-63139/home/93748793
1014 Geyer Ave,Saint Louis,63104.0,Single Family Residential,February-26-2026,259000,512.0,False,505.859375,1.0,1.0,1885.0,3502.0,,38.6087749,-90.2063053,https://www.redfin.com/MO/Saint-Louis/1014-Geyer-Ave-63104/home/62720757
2001 Withnell Ave,Saint Louis,63118.0,Single Family Residential,April-4-2022,70000,512.0,False,136.71875,1.0,1.0,1885.0,4095.0,,38.5955673,-90.2205248,https://www.redfin.com/MO/Saint-Louis/2001-Withnell-Ave-63118/home/93693976
2809 Chariton St,Saint Louis,63111.0,Single Family Residential,October-27-2025,39900,532.0,False,75.0,1.0,1.0,1896.0,3249.0,,38.5779343,-90.2337557,https://www.redfin.com/MO/Saint-Louis/2809-Chariton-St-63111/home/93705480
5908 W Park Ave,Saint Louis,63110.0,Single Family Residential,December-20-2024,109000,533.0,False,204.50281425891183,1.0,1.0,1915.0,4469.0,,38.6260178,-90.2856267,https://www.redfin.com/MO/Saint-Louis/5908-W-Park-Ave-63110/home/93761427
7159 Wellington Ct,Saint Louis,63143.0,Single Family Residential,October-28-2025,117000,540.0,False,216.66666666666666,1.0,1.0,1910.0,4382.0,,38.6022392,-90.3157348,https://www.redfin.com/MO/Saint-Louis/7159-Wellington-Ct-63143/home/93751094
4740 S Compton Ave,Saint Louis,63111.0,Single Family Residential,May-4-2023,65000,542.0,False,119.92619926199262,1.0,1.0,1932.0,2871.0,,38.5702183,-90.2417274,https://www.redfin.com/MO/Saint-Louis/4740-S-Compton-Ave-63111/home/93706981
4607 Cecil Pl,Saint Louis,63116.0,Single Family Residential,April-28-2022,35000,546.0,False,64.1025641025641,1.0,1.0,1913.0,2091.0,,38.5703139,-90.2817684,https://www.redfin.com/MO/Saint-Louis/4607-Cecil-Pl-63116/home/93759354
6655 Villa Ave,Saint Louis,63139.0,Single Family Residential,December-10-2021,155000,550.0,False,281.8181818181818,1.0,1.0,1946.0,4835.0,,38.6259097,-90.3006477,https://www.redfin.com/MO/Saint-Louis/6655-Villa-Ave-63139/home/93750138
5501 Davison Ave,Saint Louis,63120.0,Single Family Residential,May-29-2024,60000,550.0,False,109.0909090909091,1.0,1.0,1920.0,6852.0,,38.6979252,-90.244303,https://www.redfin.com/MO/Saint-Louis/5501-Davison-Ave-63120/home/93762864
4104 Fillmore St,Saint Louis,63116.0,Single Family Residential,July-27-2021,69000,560.0,False,123.21428571428571,1.0,1.0,1928.0,3790.0,,38.571621,-90.2687619,https://www.redfin.com/MO/Saint-Louis/4104-Fillmore-St-63116/home/93776346
4072 Schiller Pl,Saint Louis,63116.0,Single Family Residential,,50000,560.0,False,89.28571428571429,3.0,1.0,1904.0,2180.0,,38.5758974,-90.2643122,https://www.redfin.com/MO/Saint-Louis/4072-Schiller-Pl-63116/home/93781107
4070 Schiller Pl,Saint Louis,63116.0,Single Family Residential,August-30-2022,59500,560.0,False,106.25,1.0,1.0,1905.0,2060.0,,38.5758619,-90.26425,https://www.redfin.com/MO/Saint-Louis/4070-Schiller-Pl-63116/home/93781108
4419 Eichelberger,Saint Louis,63116.0,Single Family Residential,October-22-2021,42900,560.0,False,76.60714285714286,1.0,1.0,1913.0,5793.0,,38.5797319,-90.2703397,https://www.redfin.com/MO/Saint-Louis/4419-Eichelberger-St-63116/home/93764928
5825 West Park,Saint Louis,63110.0,Single Family Residential,February-11-2025,114500,560.0,False,204.46428571428572,2.0,1.0,1928.0,3049.0,,38.6263058,-90.2847676,https://www.redfin.com/MO/Saint-Louis/5825-W-Park-Ave-63110/home/62718940
4844 Austria Ave,Saint Louis,63116.0,Single Family Residential,October-19-2021,49900,561.0,False,88.94830659536542,2.0,1.0,1906.0,5358.0,,38.563889,-90.2926498,https://www.redfin.com/MO/Saint-Louis/4844-Austria-Ave-63116/home/93755515
201 Hill St,Saint Louis,63111.0,Single Family Residential,September-19-2022,24900,568.0,False,43.83802816901409,1.0,1.0,1938.0,5506.0,,38.5668385,-90.2399224,https://www.redfin.com/MO/Saint-Louis/201-Hill-St-63111/home/93707636
6803 Virginia Ave,Saint Louis,63111.0,Single Family Residential,November-12-2025,115000,569.0,False,202.10896309314586,2.0,1.0,1890.0,2874.0,,38.5558357,-90.2554336,https://www.redfin.com/MO/Saint-Louis/6803-Virginia-Ave-63111/home/93710517
3454 Macklind Ave,Saint Louis,63136.0,Single Family Residential,September-17-2025,140000,570.0,False,245.6140350877193,1.0,1.0,1922.0,3660.0,,38.5968191,-90.282093,https://www.redfin.com/MO/Saint-Louis/3454-Macklind-Ave-63139/home/93742657
6838 Salzburger Ave,Saint Louis,63116.0,Single Family Residential,January-7-2022,110000,570.0,False,192.98245614035088,2.0,1.5,1912.0,3615.0,,38.5691402,-90.2822274,https://www.redfin.com/MO/Saint-Louis/6838-Salzburger-Ave-63116/home/93759289
3944 Randall St,Saint Louis,63116.0,Single Family Residential,May-8-2024,119900,576.0,False,208.15972222222223,1.0,1.0,1923.0,3328.0,,38.5778843,-90.2587078,https://www.redfin.com/MO/Saint-Louis/3944-Randall-St-63116/home/93750187
6212 Wanda Ave,Saint Louis,63116.0,Single Family Residential,April-11-2022,65000,576.0,False,112.84722222222223,1.0,1.0,1922.0,5009.0,,38.5717399,-90.2756205,https://www.redfin.com/MO/Saint-Louis/6212-Wanda-Ave-63116/home/93765676
5917 Emma Ave,Saint Louis,63136.0,Single Family Residential,April-14-2023,18900,579.0,False,32.64248704663213,1.0,1.0,1925.0,3097.0,,38.7049383,-90.2521947,https://www.redfin.com/MO/Saint-Louis/5917-Emma-Ave-63136/home/93758923
6822 Hancock Ave,Saint Louis,63139.0,Single Family Residential,April-21-2026,75000,584.0,False,128.42465753424656,1.0,1.0,1924.0,5083.0,,38.6009133,-90.3070068,https://www.redfin.com/MO/Saint-Louis/6822-Hancock-Ave-63139/home/93743294
4039 Taft Ave,Saint Louis,63116.0,Single Family Residential,March-14-2024,29999,588.0,False,51.0187074829932,1.0,1.0,1909.0,4199.0,,38.5842778,-90.2602496,https://www.redfin.com/MO/Saint-Louis/4039-Taft-Ave-63116/home/93762163
5244 Daggett Ave,Saint Louis,63110.0,Single Family Residential,,170000,588.0,False,289.1156462585034,3.0,2.0,1906.0,2512.0,,38.616766,-90.2743093,https://www.redfin.com/MO/Saint-Louis/5244-Daggett-Ave-63110/home/93727665
917 Fillmore St,Saint Louis,63111.0,Single Family Residential,April-17-2025,104000,590.0,False,176.27118644067798,1.0,1.0,1901.0,3049.0,,38.5637807,-90.2538325,https://www.redfin.com/MO/Saint-Louis/917-Fillmore-St-63111/home/93708877
3506 S Compton Ave,Saint Louis,63118.0,Single Family Residential,November-10-2022,89000,593.0,False,150.08431703204047,1.0,2.0,1888.0,5955.0,,38.5926069,-90.2370543,https://www.redfin.com/MO/Saint-Louis/3506-S-Compton-Ave-63118/home/93694993
6840 Salzburger Ave,Saint Louis,63116.0,Single Family Residential,August-23-2022,75000,594.0,False,126.26262626262626,1.0,1.0,1912.0,3615.0,,38.5690674,-90.2822974,https://www.redfin.com/MO/Saint-Louis/6840-Salzburger-Ave-63116/home/93759288
4455 Itaska St,Saint Louis,63116.0,Single Family Residential,April-6-2026,88000,595.0,False,147.89915966386553,1.0,1.0,1910.0,3441.0,,38.5845275,-90.2712018,https://www.redfin.com/MO/Saint-Louis/4455-Itaska-St-63116/home/93764126
3267 Morganford Rd,Saint Louis,63116.0,Single Family Residential,December-5-2025,170000,600.0,False,283.3333333333333,2.0,1.0,1906.0,3001.0,,38.5989386,-90.2622335,https://www.redfin.com/MO/Saint-Louis/3267-Morganford-Rd-63116/home/93751427
4627 Steffens Ave,Saint Louis,63116.0,Single Family Residential,August-7-2023,89500,600.0,False,149.16666666666666,2.0,1.0,1924.0,3629.0,,38.5809546,-90.2600421,https://www.redfin.com/MO/Saint-Louis/4627-Steffens-Ave-63116/home/93770935
6453 Marquette Ave,Saint Louis,63139.0,Single Family Residential,September-13-2024,109000,600.0,False,181.66666666666666,1.0,1.0,1957.0,4443.0,,38.600172,-90.2993399,https://www.redfin.com/MO/Saint-Louis/6453-Marquette-Ave-63139/home/93749099
4473 Gannett,Saint Louis,63116.0,Single Family Residential,May-9-2022,95000,600.0,False,158.33333333333334,1.0,1.0,1910.0,3572.0,,38.58549,-90.2714841,https://www.redfin.com/MO/Saint-Louis/4473-Gannett-St-63116/home/93763660
2629 January Ave,Saint Louis,63139.0,Single Family Residential,June-9-2023,185000,602.0,False,307.30897009966776,1.0,1.0,1896.0,3280.0,,38.6109546,-90.2837004,https://www.redfin.com/MO/Saint-Louis/2629-January-Ave-63139/home/65990418
5548 Elizabeth Ave,Saint Louis,63110.0,Single Family Residential,October-15-2021,110000,602.0,False,182.72425249169436,1.0,1.0,1925.0,3223.0,,38.6140743,-90.2824317,https://www.redfin.com/MO/Saint-Louis/5548-Elizabeth-Ave-63110/home/93772592
308 Quincy St,Saint Louis,63111.0,Single Family Residential,,23000,602.0,False,38.205980066445186,3.0,1.0,1892.0,2238.0,,38.5532002,-90.255368,https://www.redfin.com/MO/Saint-Louis/308-Quincy-St-63111/home/93710245
4718 Lexington Ave,Saint Louis,63115.0,Single Family Residential,February-26-2026,13500,603.0,False,22.388059701492537,1.0,1.0,1912.0,2613.0,,38.6718319,-90.2460718,https://www.redfin.com/MO/Saint-Louis/4718-Lexington-Ave-63115/home/93735373
5409 Dresden Ave,Saint Louis,63116.0,Single Family Residential,November-7-2024,95000,604.0,False,157.28476821192052,1.0,1.0,1907.0,3411.0,,38.5794143,-90.274687,https://www.redfin.com/MO/Saint-Louis/5409-Dresden-Ave-63116/home/93758034
5912 Nashville Ave,Saint Louis,63110.0,Single Family Residential,June-10-2024,69900,608.0,False,114.96710526315789,1.0,1.0,1909.0,3372.0,,38.6252695,-90.2859082,https://www.redfin.com/MO/Saint-Louis/5912-Nashville-Ave-63110/home/93761512
4270 Miami St,Saint Louis,63116.0,Single Family Residential,August-29-2022,65000,609.0,False,106.73234811165845,2.0,2.0,1895.0,2622.0,,38.5936914,-90.2620868,https://www.redfin.com/MO/Saint-Louis/4270-Miami-St-63116/home/93728578
6018 Minnesota Ave,Saint Louis,63111.0,Single Family Residential,September-26-2023,75000,610.0,False,122.95081967213115,1.0,1.0,1890.0,3398.0,,38.5596236,-90.2468665,https://www.redfin.com/MO/Saint-Louis/6018-Minnesota-Ave-63111/home/93709094
5508 Beacon Ave,Saint Louis,63120.0,Single Family Residential,May-29-2024,60000,616.0,False,97.40259740259741,1.0,1.0,1922.0,3019.0,,38.6983445,-90.2443723,https://www.redfin.com/MO/Saint-Louis/5508-Beacon-Ave-63120/home/93762873
3838 Neosho,Saint Louis,63116.0,Single Family Residential,July-17-2025,80000,616.0,False,129.87012987012986,2.0,1.0,1926.0,4321.0,,38.578493,-90.253804,https://www.redfin.com/MO/Saint-Louis/3838-Neosho-St-63116/home/93730908
8425 Pennsylvania Ave,Saint Louis,63111.0,Single Family Residential,October-29-2021,78000,616.0,False,126.62337662337663,1.0,1.0,1923.0,4574.0,,38.5419384,-90.2662737,https://www.redfin.com/MO/Saint-Louis/8425-Pennsylvania-Ave-63111/home/93711567
6746 Odell,Saint Louis,63139.0,Single Family Residential,October-5-2021,134900,616.0,False,218.9935064935065,2.0,1.0,1921.0,4225.0,,38.6102298,-90.3047126,https://www.redfin.com/MO/Saint-Louis/6746-Odell-St-63139/home/93743844
5908 Nashville Ave,Saint Louis,63110.0,Single Family Residential,March-17-2023,69900,618.0,False,113.10679611650485,2.0,1.0,1909.0,3319.0,,38.6252482,-90.2857958,https://www.redfin.com/MO/Saint-Louis/5908-Nashville-Ave-63110/home/93761513
6209 Hancock Ave,Saint Louis,63139.0,Single Family Residential,December-14-2023,125000,619.0,False,201.93861066235866,1.0,1.0,1911.0,3167.0,,38.600644,-90.2950724,https://www.redfin.com/MO/Saint-Louis/6209-Hancock-Ave-63139/home/93743079
3931 Delor St,Saint Louis,63116.0,Single Family Residential,March-25-2026,89000,620.0,False,143.5483870967742,2.0,1.0,1924.0,3005.0,,38.5772979,-90.2585844,https://www.redfin.com/MO/Saint-Louis/3931-Delor-St-63116/home/62755835
4474 Wallace,Saint Louis,63116.0,Single Family Residential,April-8-2022,79900,620.0,False,128.8709677419355,1.0,1.0,1923.0,3746.0,,38.5835102,-90.2722932,https://www.redfin.com/MO/Saint-Louis/4474-Wallace-St-63116/home/93764092
4417 Bingham Ave,Saint Louis,63116.0,Single Family Residential,October-27-2021,179900,624.0,False,288.30128205128204,2.0,1.0,1925.0,4487.0,,38.5901361,-90.267866,https://www.redfin.com/MO/Saint-Louis/4417-Bingham-Ave-63116/home/93772039
6738 Dale Ave,Saint Louis,63139.0,Single Family Residential,July-8-2025,79900,624.0,False,128.0448717948718,2.0,1.0,1951.0,4800.0,,38.6261828,-90.3025114,https://www.redfin.com/MO/Saint-Louis/6738-Dale-Ave-63139/home/93740756
5760 Acme Ave,Saint Louis,63136.0,Single Family Residential,February-23-2026,15000,624.0,False,24.03846153846154,1.0,1.0,1925.0,4024.0,,38.7130726,-90.2560527,https://www.redfin.com/MO/Saint-Louis/5760-Acme-Ave-63136/home/93761230
3979 Schiller,Saint Louis,63116.0,Single Family Residential,July-9-2021,119900,624.0,False,192.14743589743588,2.0,1.0,1909.0,3267.0,,38.5749161,-90.2617934,https://www.redfin.com/MO/Saint-Louis/3979-Schiller-Pl-63116/home/93770281
4453 Gannett,Saint Louis,63116.0,Single Family Residential,December-30-2021,135000,624.0,False,216.34615384615384,2.0,2.0,1910.0,3746.0,,38.585328,-90.2707983,https://www.redfin.com/MO/Saint-Louis/4453-Gannett-St-63116/home/62696687
1421 Brock St,Saint Louis,63139.0,Single Family Residential,January-18-2022,154900,624.0,False,248.23717948717947,2.0,1.0,1951.0,4874.0,,38.625727,-90.3023768,https://www.redfin.com/MO/Saint-Louis/1421-Brock-St-63139/home/62696547
1433 Brock St,Saint Louis,63139.0,Single Family Residential,June-24-2025,169900,624.0,False,272.27564102564105,2.0,1.0,1951.0,4791.0,,38.6253981,-90.3024355,https://www.redfin.com/MO/Saint-Louis/1433-Brock-St-63139/home/65540656
5657 Leona St,Saint Louis,63116.0,Single Family Residential,May-5-2022,125000,630.0,False,198.4126984126984,2.0,1.0,1923.0,3877.0,,38.5724383,-90.2655636,https://www.redfin.com/MO/Saint-Louis/5657-Leona-St-63116/home/93761945
4850 Goethe Ave,Saint Louis,63116.0,Single Family Residential,May-14-2026,99900,630.0,False,158.57142857142858,1.0,1.0,1923.0,3750.0,,38.5780258,-90.280591,https://www.redfin.com/MO/Saint-Louis/4850-Goethe-Ave-63116/home/93763280
2820 Indiana Ave,Saint Louis,63118.0,Single Family Residential,May-30-2025,120000,630.0,False,190.47619047619048,1.0,1.0,1880.0,2601.0,,38.6019837,-90.2220198,https://www.redfin.com/MO/Saint-Louis/2820-Indiana-Ave-63118/home/77448190
4511 Jamieson Ave,Saint Louis,63109.0,Single Family Residential,October-16-2025,115000,631.0,False,182.25039619651346,1.0,1.0,1925.0,4356.0,,38.590991,-90.3103272,https://www.redfin.com/MO/Saint-Louis/4511-Jamieson-Ave-63109/home/93774113
3429 Osage St,Saint Louis,63118.0,Single Family Residential,October-4-2023,29900,635.0,False,47.08661417322835,1.0,1.0,1890.0,3585.0,,38.5845781,-90.2424221,https://www.redfin.com/MO/Saint-Louis/3429-Osage-St-63118/home/93704806
4691 Tesson St,Saint Louis,63116.0,Single Family Residential,September-20-2023,134900,636.0,False,212.1069182389937,2.0,2.0,1925.0,3890.0,,38.5628464,-90.2887415,https://www.redfin.com/MO/Saint-Louis/4691-Tesson-St-63116/home/93775239
3534 Lucy St,Saint Louis,63116.0,Single Family Residential,February-26-2026,115000,637.0,False,180.53375196232338,1.0,1.0,1925.0,6381.0,,38.5937892,-90.2635673,https://www.redfin.com/MO/Saint-Louis/3534-Lucy-St-63116/home/93730082
6927 Dale Ave,Saint Louis,63139.0,Single Family Residential,December-9-2022,114900,637.0,False,180.3767660910518,1.0,1.0,1924.0,5140.0,,38.6268323,-90.3059227,https://www.redfin.com/MO/Saint-Louis/6927-Dale-Ave-63139/home/93765557
5541 Connecticut St,Saint Louis,63139.0,Single Family Residential,January-11-2023,138000,638.0,False,216.30094043887146,2.0,1.0,1946.0,5101.0,,38.6039488,-90.2832399,https://www.redfin.com/MO/Saint-Louis/5541-Connecticut-St-63139/home/93765791
6062 Thekla,Saint Louis,63136.0,Single Family Residential,March-18-2025,36000,640.0,False,56.25,1.0,1.0,1923.0,3123.0,,38.704608,-90.2570292,https://www.redfin.com/MO/Saint-Louis/6062-Thekla-Ave-63136/home/93758632
4130 Burgen Ave,Saint Louis,63116.0,Single Family Residential,August-1-2024,131000,640.0,False,204.6875,2.0,1.0,1954.0,3324.0,,38.5739527,-90.2675826,https://www.redfin.com/MO/Saint-Louis/4130-Burgen-Ave-63116/home/93762032
4006 Neosho St,Saint Louis,63116.0,Single Family Residential,April-30-2024,100000,640.0,False,156.25,1.0,1.0,1917.0,5001.0,,38.5811017,-90.2588495,https://www.redfin.com/MO/Saint-Louis/4006-Neosho-St-63116/home/93767236
4435 Arco,Saint Louis,63110.0,Single Family Residential,March-12-2024,199900,640.0,False,312.34375,2.0,2.0,1904.0,2361.0,,38.6285709,-90.2597806,https://www.redfin.com/MO/Saint-Louis/4435-Arco-Ave-63110/home/93750923
4136 Miami St,Saint Louis,63116.0,Single Family Residential,April-30-2025,164900,641.0,False,257.25429017160684,1.0,1.0,1927.0,4225.0,,38.5932394,-90.2580786,https://www.redfin.com/MO/Saint-Louis/4136-Miami-St-63116/home/93728519
4531 Minnesota Ave,Saint Louis,63111.0,Single Family Residential,,25000,642.0,False,38.940809968847354,3.0,1.0,1900.0,3780.0,,38.573833,-90.2390427,https://www.redfin.com/MO/Saint-Louis/4531-Minnesota-Ave-63111/home/93706263
3424 Louisiana Ave,Saint Louis,63118.0,Single Family Residential,February-2-2022,129000,643.0,False,200.62208398133748,2.0,1.5,1907.0,3311.0,,38.594254,-90.2390709,https://www.redfin.com/MO/Saint-Louis/3424-Louisiana-Ave-63118/home/93695146
709 Gimblin Rd,Saint Louis,63147.0,Single Family Residential,August-24-2023,47000,644.0,False,72.98136645962732,2.0,1.0,1925.0,,,38.7157829,-90.2287242,https://www.redfin.com/MO/Saint-Louis/709-Gimblin-Rd-63147/home/93731692
4548 Ray Ave,Saint Louis,63116.0,Single Family Residential,February-24-2023,115000,644.0,False,178.57142857142858,2.0,1.0,1906.0,3607.0,,38.5824886,-90.2594731,https://www.redfin.com/MO/Saint-Louis/4548-Ray-Ave-63116/home/62747698
3505 Itaska,Saint Louis,63111.0,Single Family Residential,March-31-2022,20000,647.0,False,30.91190108191654,1.0,2.0,1900.0,2526.0,,38.5737652,-90.2473364,https://www.redfin.com/MO/Saint-Louis/3505-Itaska-St-63111/home/93707161
6338 Hancock Ave,Saint Louis,63139.0,Single Family Residential,September-23-2022,149900,647.0,False,231.68469860896445,1.0,2.0,1957.0,3485.0,,38.6005036,-90.2972903,https://www.redfin.com/MO/Saint-Louis/6338-Hancock-Ave-63139/home/93748798
6340 Lena Ave,Saint Louis,63136.0,Single Family Residential,August-5-2024,64900,648.0,False,100.15432098765432,2.0,1.0,1925.0,3899.0,,38.7100455,-90.258971,https://www.redfin.com/MO/Saint-Louis/6340-Lena-Ave-63136/home/93420323
7211 Eugene Ave,Saint Louis,63116.0,Single Family Residential,October-25-2021,130000,648.0,False,200.6172839506173,2.0,2.0,1955.0,2570.0,,38.5575278,-90.267496,https://www.redfin.com/MO/Saint-Louis/7211-Eugene-Ave-63116/home/93711975
1511 Fairmount Ave,Saint Louis,63139.0,Single Family Residential,December-2-2025,86000,648.0,False,132.71604938271605,1.0,1.0,1925.0,3390.0,,38.6245293,-90.300233,https://www.redfin.com/MO/Saint-Louis/1511-Fairmount-Ave-63139/home/93741220
4751 Beacon Ave,Saint Louis,63120.0,Single Family Residential,August-18-2023,45900,648.0,False,70.83333333333333,2.0,2.0,1900.0,3620.0,,38.692639,-90.2556897,https://www.redfin.com/MO/Saint-Louis/4751-Beacon-Ave-63120/home/93767284
4738 Minnesota Ave,Saint Louis,63111.0,Single Family Residential,March-7-2025,24900,651.0,False,38.24884792626728,2.0,1.0,1897.0,2474.0,,38.5700079,-90.2394001,https://www.redfin.com/MO/Saint-Louis/4738-Minnesota-Ave-63111/home/93707039
313 Fillmore St,Saint Louis,63111.0,Single Family Residential,May-7-2026,44900,652.0,False,68.86503067484662,2.0,1.0,1893.0,2644.0,,38.5605308,-90.246916,https://www.redfin.com/MO/Saint-Louis/313-Fillmore-St-63111/home/93708978
4718 Hummel Ave,Saint Louis,63116.0,Single Family Residential,February-28-2023,70000,656.0,False,106.70731707317073,1.0,1.0,1937.0,2357.0,,38.5793303,-90.2765155,https://www.redfin.com/MO/Saint-Louis/4718-Hummel-Ave-63116/home/93758067
7142 Alabama Ave,Saint Louis,63111.0,Single Family Residential,October-2-2023,42500,656.0,False,64.78658536585365,1.0,1.0,1893.0,2988.0,,38.5536284,-90.2601613,https://www.redfin.com/MO/Saint-Louis/7142-Alabama-Ave-63111/home/93710307
4327 Jessica Ave,Saint Louis,63116.0,Single Family Residential,March-31-2026,100000,656.0,False,152.4390243902439,2.0,1.0,1909.0,4024.0,,38.5877844,-90.2629821,https://www.redfin.com/MO/Saint-Louis/4327-Jessica-Ave-63116/home/62748216
3192 Watson Rd,Saint Louis,63139.0,Single Family Residential,November-7-2025,135000,657.0,False,205.4794520547945,1.0,1.0,1948.0,5702.0,,38.6051415,-90.2949468,https://www.redfin.com/MO/Saint-Louis/3192-Watson-Rd-63139/home/92911180
4507 Oregon Ave,Saint Louis,63111.0,Single Family Residential,May-20-2024,50000,657.0,False,76.10350076103501,2.0,2.0,1904.0,6673.0,,38.5740139,-90.2357898,https://www.redfin.com/MO/Saint-Louis/4507-Oregon-Ave-63111/home/93706535
6009 Marquette Ave,Saint Louis,63139.0,Single Family Residential,October-22-2021,138000,658.0,False,209.72644376899697,2.0,1.0,1941.0,3833.0,,38.5995289,-90.2928334,https://www.redfin.com/MO/Saint-Louis/6009-Marquette-Ave-63139/home/93749026
4213 Osceola,Saint Louis,63116.0,Single Family Residential,September-14-2022,38000,658.0,False,57.75075987841945,1.0,1.0,1921.0,2905.0,,38.5880109,-90.2629853,https://www.redfin.com/MO/Saint-Louis/4213-Osceola-St-63116/home/93726622
1033 Graham,Saint Louis,63139.0,Single Family Residential,August-2-2021,110000,660.0,False,166.66666666666666,1.0,1.0,1908.0,3920.0,,38.6303706,-90.2916712,https://www.redfin.com/MO/Saint-Louis/1033-Graham-St-63139/home/93756165
3451 Sublette Ave,Saint Louis,63139.0,Single Family Residential,August-19-2024,185000,660.0,False,280.3030303030303,2.0,1.0,1925.0,7013.0,,38.5968491,-90.2815687,https://www.redfin.com/MO/Saint-Louis/3451-Sublette-Ave-63139/home/93742313
6215 Idaho Ave,Saint Louis,63111.0,Single Family Residential,August-19-2022,60000,660.0,False,90.9090909090909,2.0,1.0,1924.0,2544.0,,38.561401,-90.2538924,https://www.redfin.com/MO/Saint-Louis/6215-Idaho-Ave-63111/home/92335969
4172 Schiller Pl,Saint Louis,63116.0,Single Family Residential,July-16-2021,69900,663.0,False,105.42986425339366,1.0,1.0,1906.0,3441.0,,38.577209,-90.2668014,https://www.redfin.com/MO/Saint-Louis/4172-Schiller-Pl-63116/home/93781167
4336 Humphrey,Saint Louis,63116.0,Single Family Residential,January-7-2026,140000,664.0,False,210.84337349397592,1.0,1.0,1892.0,3049.0,,38.5995146,-90.2633081,https://www.redfin.com/MO/Saint-Louis/4336-Humphrey-St-63116/home/93751337
4151 Concordia Ave,Saint Louis,63116.0,Single Family Residential,January-17-2025,89000,664.0,False,134.03614457831324,1.0,2.0,1907.0,3594.0,,38.574046,-90.2687994,https://www.redfin.com/MO/Saint-Louis/4151-Concordia-Ave-63116/home/93761972
1241 Graham St,Saint Louis,63139.0,Single Family Residential,,60000,665.0,False,90.22556390977444,3.0,1.0,1922.0,2420.0,,38.6273643,-90.2917781,https://www.redfin.com/MO/Saint-Louis/1241-Graham-St-63139/home/93726413
4258 Miami St,Saint Louis,63116.0,Single Family Residential,July-11-2024,115000,665.0,False,172.93233082706766,1.0,1.0,1894.0,3428.0,,38.5936091,-90.2616322,https://www.redfin.com/MO/Saint-Louis/4258-Miami-St-63116/home/93728580
3248 Morganford Rd,Saint Louis,63116.0,Single Family Residential,May-2-2022,130000,666.0,False,195.1951951951952,1.0,1.0,1921.0,4095.0,,38.5993702,-90.2617383,https://www.redfin.com/MO/Saint-Louis/3248-Morganford-Rd-63116/home/93729427
3244 Morganford Rd,Saint Louis,63116.0,Single Family Residential,August-29-2024,125000,666.0,False,187.68768768768768,1.0,1.0,1921.0,3729.0,,38.5995231,-90.2617117,https://www.redfin.com/MO/Saint-Louis/3244-Morganford-Rd-63116/home/93729425
2839 Indiana Ave,Saint Louis,63118.0,Single Family Residential,May-8-2023,40000,668.0,False,59.880239520958085,1.0,1.5,1862.0,3258.0,,38.6016651,-90.2226551,https://www.redfin.com/MO/Saint-Louis/2839-Indiana-Ave-63118/home/93692103
3418 Michigan Ave,Saint Louis,63118.0,Single Family Residential,February-4-2026,40000,668.0,False,59.880239520958085,1.0,1.0,1891.0,3123.0,,38.5939428,-90.2354244,https://www.redfin.com/MO/Saint-Louis/3418-Michigan-Ave-63118/home/93694922
5133 Dresden Ave,Saint Louis,63116.0,Single Family Residential,February-21-2025,115000,669.0,False,171.898355754858,1.0,1.0,1911.0,2958.0,,38.5809926,-90.2748704,https://www.redfin.com/MO/Saint-Louis/5133-Dresden-Ave-63116/home/93764019
505 Hurck St,Saint Louis,63111.0,Single Family Residential,August-23-2024,59900,669.0,False,89.53662182361734,1.0,1.0,1870.0,3380.0,,38.5452633,-90.2674785,https://www.redfin.com/MO/Saint-Louis/505-Hurck-St-63111/home/93711460
4355 Maryland Ave #110,Saint Louis,63108.0,Single Family Residential,December-11-2024,109900,670.0,False,164.02985074626866,1.0,1.0,1968.0,,,38.6432351,-90.2521134,https://www.redfin.com/MO/Saint-Louis/4355-Maryland-Ave-63108/unit-110/home/93725625
5646 Waterman Blvd Unit 1NW,Saint Louis,63112.0,Single Family Residential,November-1-2022,124900,670.0,False,186.4179104477612,1.0,1.0,1911.0,,,38.6495024,-90.2835298,https://www.redfin.com/MO/Saint-Louis/5646-Waterman-Blvd-63112/unit-1NW/home/93672300
4695 Primm St,Saint Louis,63116.0,Single Family Residential,April-21-2026,145000,672.0,False,215.77380952380952,2.0,1.0,1925.0,3998.0,,38.5633376,-90.288125,https://www.redfin.com/MO/Saint-Louis/4695-Primm-St-63116/home/93775233
4394 Haven St,Saint Louis,63116.0,Single Family Residential,September-25-2025,139900,672.0,False,208.1845238095238,2.0,1.0,1950.0,6019.0,,38.5688744,-90.2787705,https://www.redfin.com/MO/Saint-Louis/4394-Haven-St-63116/home/93771810
6925 Field Ave,Saint Louis,63116.0,Single Family Residential,May-30-2025,115000,672.0,False,171.13095238095238,1.0,1.0,1923.0,4069.0,,38.5603804,-90.2679362,https://www.redfin.com/MO/Saint-Louis/6925-Field-Ave-63116/home/93773265
5458 Gravois Ave,Saint Louis,63116.0,Single Family Residential,April-25-2022,58900,672.0,False,87.64880952380952,2.0,1.0,1906.0,3703.0,,38.5779005,-90.2712747,https://www.redfin.com/MO/Saint-Louis/5458-Gravois-Ave-63116/home/93757182
1382 Mobile Ct,Saint Louis,63139.0,Single Family Residential,March-18-2022,159900,672.0,False,237.94642857142858,2.0,1.0,1952.0,5968.0,,38.6251379,-90.2967107,https://www.redfin.com/MO/Saint-Louis/1382-Mobile-Ct-63139/home/62710085
4750 Plover Ave,Saint Louis,63120.0,Single Family Residential,December-10-2025,35000,672.0,False,52.083333333333336,2.0,1.0,1922.0,4138.0,,38.6945712,-90.257475,https://www.redfin.com/MO/Saint-Louis/4750-Plover-Ave-63120/home/93761814
4734 Hamburg Ave,Saint Louis,63123.0,Single Family Residential,October-28-2021,110000,672.0,False,163.6904761904762,2.0,1.0,1951.0,5184.0,,38.5598062,-90.2932738,https://www.redfin.com/MO/Saint-Louis/4734-Hamburg-Ave-63123/home/93759455
5944 Floy Ave,Saint Louis,63147.0,Single Family Residential,May-10-2022,49900,672.0,False,74.25595238095238,2.0,1.0,1920.0,,,38.7143092,-90.2526713,https://www.redfin.com/MO/Saint-Louis/5944-Floy-Ave-63147/home/93768981
1517 Kraft St,Saint Louis,63139.0,Single Family Residential,November-27-2024,125000,672.0,False,186.01190476190476,2.0,1.0,1950.0,5715.0,,38.6246261,-90.3012118,https://www.redfin.com/MO/Saint-Louis/1517-Kraft-St-63139/home/93773120
6800 Wanda Ave,Saint Louis,63116.0,Single Family Residential,June-8-2026,149900,672.0,False,223.0654761904762,2.0,1.0,1950.0,4369.0,,38.5678295,-90.2787004,https://www.redfin.com/MO/Saint-Louis/6800-Wanda-Ave-63116/home/93771822
1375 Childress Ave,Saint Louis,63139.0,Single Family Residential,,100000,672.0,False,148.8095238095238,3.0,1.0,1957.0,4800.0,,38.6253015,-90.2960846,https://www.redfin.com/MO/Saint-Louis/1375-Childress-Ave-63139/home/93740870
1561 Kraft St,Saint Louis,63139.0,Single Family Residential,March-3-2022,119900,672.0,False,178.42261904761904,2.0,1.0,1950.0,5449.0,,38.6235552,-90.3014029,https://www.redfin.com/MO/Saint-Louis/1561-Kraft-St-63139/home/93773056
4149 Wilmington Ave,Saint Louis,63116.0,Single Family Residential,October-26-2023,172000,672.0,False,255.95238095238096,2.0,1.0,1925.0,4430.0,,38.5733364,-90.2692784,https://www.redfin.com/MO/Saint-Louis/4149-Wilmington-Ave-63116/home/93770974
3227 Jasper Park,Saint Louis,63139.0,Single Family Residential,June-22-2023,54000,672.0,False,80.35714285714286,2.0,1.0,1950.0,5284.0,,38.6031034,-90.2855028,https://www.redfin.com/MO/Saint-Louis/3227-Jasper-Park-63139/home/93742962
3975 Eichelberger St,Saint Louis,63116.0,Single Family Residential,December-8-2021,52000,672.0,False,77.38095238095238,1.0,1.0,1923.0,6360.0,,38.5751748,-90.2613145,https://www.redfin.com/MO/Saint-Louis/3975-Eichelberger-St-63116/home/93757742
4373 Loughborough Ave,Saint Louis,63116.0,Single Family Residential,,150000,672.0,False,223.21428571428572,3.0,1.0,1950.0,5400.0,,38.5672274,-90.2797452,https://www.redfin.com/MO/Saint-Louis/4373-Loughborough-Ave-63116/home/93771856
8414 S Broadway,Saint Louis,63111.0,Single Family Residential,January-7-2026,39900,672.0,False,59.375,1.0,1.0,1884.0,3702.0,,38.5412088,-90.2645751,https://www.redfin.com/MO/Saint-Louis/8414-S-Broadway-63111/home/93711683
3922 Itaska St,Saint Louis,63116.0,Single Family Residential,November-18-2021,35000,672.0,False,52.083333333333336,2.0,1.0,1925.0,3006.0,,38.5781715,-90.257585,https://www.redfin.com/MO/Saint-Louis/3922-Itaska-St-63116/home/93750177
4658 Dewey Ave,Saint Louis,63116.0,Single Family Residential,March-7-2024,99900,672.0,False,148.66071428571428,1.0,1.0,1922.0,3572.0,,38.5769132,-90.251608,https://www.redfin.com/MO/Saint-Louis/4658-Dewey-Ave-63116/home/93742471
4351 Potomac St,Saint Louis,63116.0,Single Family Residential,October-1-2025,110000,672.0,False,163.6904761904762,2.0,1.0,1925.0,4024.0,,38.5960039,-90.2643641,https://www.redfin.com/MO/Saint-Louis/4351-Potomac-St-63116/home/93774408
6713 Wanda Ave,Saint Louis,63116.0,Single Family Residential,December-30-2021,112500,672.0,False,167.41071428571428,2.0,1.0,1950.0,3485.0,,38.5684572,-90.2786732,https://www.redfin.com/MO/Saint-Louis/6713-Wanda-Ave-63116/home/93771851
5224 Fyler Ave,Saint Louis,63139.0,Single Family Residential,July-18-2023,199900,672.0,False,297.4702380952381,2.0,1.0,1946.0,5685.0,,38.6003813,-90.2781173,https://www.redfin.com/MO/Saint-Louis/5224-Fyler-Ave-63139/home/93742692
7413 Pennsylvania Ave,Saint Louis,63111.0,Single Family Residential,June-13-2025,62000,673.0,False,92.12481426448737,1.0,1.0,1892.0,5070.0,,38.5493467,-90.2577643,https://www.redfin.com/MO/Saint-Louis/7413-Pennsylvania-Ave-63111/home/93710786
4639 Primm,Saint Louis,63116.0,Single Family Residential,April-23-2026,99900,674.0,False,148.21958456973294,2.0,1.0,1950.0,,,38.562114,-90.2869081,https://www.redfin.com/MO/Saint-Louis/4639-Primm-St-63116/home/93775213
4882 Anderson Ave,Saint Louis,63115.0,Single Family Residential,,45000,675.0,False,66.66666666666667,3.0,1.0,1924.0,4182.0,,38.6816191,-90.2434195,https://www.redfin.com/MO/Saint-Louis/4882-Anderson-Ave-63115/home/93733350
4878 Anderson Ave,Saint Louis,63115.0,Single Family Residential,,32500,675.0,False,48.148148148148145,3.0,1.0,1924.0,4182.0,,38.6815727,-90.2433183,https://www.redfin.com/MO/Saint-Louis/4878-Anderson-Ave-63115/home/93733349
8757 Lowell St,Saint Louis,63147.0,Single Family Residential,August-10-2023,35000,675.0,False,51.851851851851855,2.0,1.0,1930.0,4400.0,,38.7231716,-90.2274962,https://www.redfin.com/MO/Saint-Louis/8757-Lowell-St-63147/home/93766305
2153 Knox Ave,Saint Louis,63139.0,Single Family Residential,August-30-2021,135000,675.0,False,200.0,2.0,1.0,1952.0,3703.0,,38.6164206,-90.2905492,https://www.redfin.com/MO/Saint-Louis/2153-Knox-Ave-63139/home/93761533
3306 California Ave Unit A,Saint Louis,63118.0,Single Family Residential,April-8-2025,54900,676.0,False,81.21301775147928,1.0,1.0,1909.0,436.0,,38.5953357,-90.2295217,https://www.redfin.com/MO/Saint-Louis/3306-California-Ave-63118/unit-A/home/93681730
4416 Wallace St,Saint Louis,63116.0,Single Family Residential,December-28-2022,164900,676.0,False,243.93491124260356,2.0,1.0,1909.0,3528.0,,38.5830518,-90.2702695,https://www.redfin.com/MO/Saint-Louis/4416-Wallace-St-63116/home/93763767
4845 Carter Ave,Saint Louis,63115.0,Single Family Residential,June-7-2024,40000,676.0,False,59.171597633136095,2.0,1.0,1925.0,4008.0,,38.6829544,-90.241063,https://www.redfin.com/MO/Saint-Louis/4845-Carter-Ave-63115/home/93733294
2731 Osceola St,Saint Louis,63111.0,Single Family Residential,July-19-2024,109000,680.0,False,160.2941176470588,2.0,1.0,1906.0,2034.0,,38.5759684,-90.2325096,https://www.redfin.com/MO/Saint-Louis/2731-Osceola-St-63111/home/93705777
5502 Vermont Ave,Saint Louis,63111.0,Single Family Residential,November-30-2022,38000,680.0,False,55.88235294117647,1.0,1.0,1902.0,3781.0,,38.5656659,-90.2474504,https://www.redfin.com/MO/Saint-Louis/5502-Vermont-Ave-63111/home/93708614
3726 Michigan Ave,Saint Louis,63118.0,Single Family Residential,October-8-2021,26000,680.0,False,38.23529411764706,2.0,1.0,1904.0,3136.0,,38.5883609,-90.2368001,https://www.redfin.com/MO/Saint-Louis/3726-Michigan-Ave-63118/home/62767415
6826 Dale Ave,Saint Louis,63139.0,Single Family Residential,September-15-2023,115000,680.0,False,169.11764705882354,1.0,1.0,1926.0,3951.0,,38.6263531,-90.3041603,https://www.redfin.com/MO/Saint-Louis/6826-Dale-Ave-63139/home/63667571
4273 Wyoming St,Saint Louis,63116.0,Single Family Residential,August-6-2024,129000,680.0,False,189.7058823529412,2.0,1.0,1903.0,3685.0,,38.6010784,-90.2610459,https://www.redfin.com/MO/Saint-Louis/4273-Wyoming-St-63116/home/93729840
4327 Chippewa St,Saint Louis,63116.0,Single Family Residential,July-17-2025,55000,680.0,False,80.88235294117646,1.0,1.0,1906.0,3450.0,,38.5907517,-90.2650284,https://www.redfin.com/MO/Saint-Louis/4327-Chippewa-St-63116/home/93729724
4935 Alcott Ave,Saint Louis,63120.0,Single Family Residential,September-26-2023,28000,680.0,False,41.1764705882353,3.0,2.0,1905.0,3441.0,,38.6922382,-90.2524434,https://www.redfin.com/MO/Saint-Louis/4935-Alcott-Ave-63120/home/93756771
2917 Minnesota Ave,Saint Louis,63118.0,Single Family Residential,October-27-2023,39900,680.0,False,58.6764705882353,0.0,1.0,1900.0,3363.0,,38.6028741,-90.2330595,https://www.redfin.com/MO/Saint-Louis/2917-Minnesota-Ave-63118/home/93692131
4061 Concordia Ave,Saint Louis,63116.0,Single Family Residential,November-5-2021,39900,680.0,False,58.6764705882353,2.0,1.0,1927.0,2875.0,,38.572565,-90.2659798,https://www.redfin.com/MO/Saint-Louis/4061-Concordia-Ave-63116/home/93761941
1029 Tamm Ave,Saint Louis,63139.0,Single Family Residential,May-20-2025,175000,682.0,False,256.59824046920824,1.0,1.0,1925.0,2439.0,,38.630599,-90.2927324,https://www.redfin.com/MO/Saint-Louis/1029-Tamm-Ave-63139/home/93774502
6448 Wade Ave,Saint Louis,63139.0,Single Family Residential,November-30-2023,185000,682.0,False,271.26099706744867,2.0,1.0,1923.0,4347.0,,38.6254213,-90.2952302,https://www.redfin.com/MO/Saint-Louis/6448-Wade-Ave-63139/home/93740755
2909 Clara Ave,Saint Louis,63120.0,Single Family Residential,October-7-2025,49500,684.0,False,72.36842105263158,2.0,1.0,1895.0,,,38.6786271,-90.2696923,https://www.redfin.com/MO/Saint-Louis/2909-Clara-Ave-63120/home/93755286
4838 Goethe Ave,Saint Louis,63116.0,Single Family Residential,June-30-2025,60000,684.0,False,87.71929824561404,1.0,1.0,1910.0,3751.0,,38.5776368,-90.2806676,https://www.redfin.com/MO/Saint-Louis/4838-Goethe-Ave-63116/home/93763276
6409 Marquette Ave,Saint Louis,63139.0,Single Family Residential,June-16-2022,124900,684.0,False,182.60233918128654,1.0,1.0,1918.0,3354.0,,38.6000312,-90.2978138,https://www.redfin.com/MO/Saint-Louis/6409-Marquette-Ave-63139/home/93749115
5523 Connecticut St,Saint Louis,63139.0,Single Family Residential,November-20-2024,155000,684.0,False,226.6081871345029,2.0,1.0,1946.0,5227.0,,38.6038784,-90.2825326,https://www.redfin.com/MO/Saint-Louis/5523-Connecticut-St-63139/home/93765779
5147 Pattison Ave,Saint Louis,63110.0,Single Family Residential,January-30-2026,169000,687.0,False,245.99708879184863,1.0,1.0,1900.0,2962.0,,38.6191905,-90.2719571,https://www.redfin.com/MO/Saint-Louis/5147-Pattison-Ave-63110/home/93728080
3850 Marine Ave,Saint Louis,63118.0,Single Family Residential,March-17-2023,96000,687.0,False,139.73799126637556,2.0,2.0,1900.0,2557.0,,38.5840244,-90.221563,https://www.redfin.com/MO/Saint-Louis/3850-Marine-Ave-63118/home/93697186
7923 Water St,Saint Louis,63111.0,Single Family Residential,May-29-2026,99000,688.0,False,143.8953488372093,2.0,1.0,1903.0,3423.0,,38.5442129,-90.2601796,https://www.redfin.com/MO/Saint-Louis/7923-Water-St-63111/home/93711251
3230 Osceola St,Saint Louis,63111.0,Single Family Residential,,45000,688.0,False,65.40697674418605,3.0,1.0,1903.0,3384.0,,38.576799,-90.2417549,https://www.redfin.com/MO/Saint-Louis/3230-Osceola-St-63111/home/93706111
3232 Osceola St,Saint Louis,63111.0,Single Family Residential,November-22-2024,84000,688.0,False,122.09302325581395,2.0,1.0,1903.0,3820.0,,38.5767697,-90.2418194,https://www.redfin.com/MO/Saint-Louis/3232-Osceola-St-63111/home/93706112
7015 Field Ave,Saint Louis,63116.0,Single Family Residential,March-12-2024,137900,689.0,False,200.14513788098694,2.0,1.0,1923.0,3511.0,,38.5599279,-90.2684435,https://www.redfin.com/MO/Saint-Louis/7015-Field-Ave-63116/home/93773247
4132 Miami St,Saint Louis,63116.0,Single Family Residential,May-15-2026,189000,690.0,False,273.9130434782609,2.0,1.0,1927.0,3598.0,,38.5932354,-90.2579675,https://www.redfin.com/MO/Saint-Louis/4132-Miami-St-63116/home/93728518
4616 S Spring Ave,Saint Louis,63116.0,Single Family Residential,March-19-2025,147500,690.0,False,213.768115942029,2.0,1.0,1924.0,5680.0,,38.5789688,-90.2529509,https://www.redfin.com/MO/Saint-Louis/4616-S-Spring-Ave-63116/home/93767571
3307 N 19th St,Saint Louis,63107.0,Single Family Residential,April-13-2026,99999,690.0,False,144.92608695652174,1.0,1.5,1894.0,2500.0,,38.656726,-90.1997234,https://www.redfin.com/MO/Saint-Louis/3307-N-19th-St-63107/home/93688880
3889 Walsh St,Saint Louis,63116.0,Single Family Residential,January-26-2024,113500,690.0,False,164.4927536231884,2.0,1.0,1920.0,2879.0,,38.5753458,-90.2587857,https://www.redfin.com/MO/Saint-Louis/3889-Walsh-St-63116/home/93766579
6012 Fyler Ave,Saint Louis,63139.0,Single Family Residential,August-19-2024,99000,692.0,False,143.0635838150289,2.0,1.0,1912.0,7623.0,,38.6018775,-90.2926284,https://www.redfin.com/MO/Saint-Louis/6012-Fyler-Ave-63139/home/93742984
7717 Vermont Ave,Saint Louis,63111.0,Single Family Residential,October-27-2023,75000,692.0,False,108.38150289017341,1.0,1.0,1893.0,3480.0,,38.5495364,-90.2642812,https://www.redfin.com/MO/Saint-Louis/7717-Vermont-Ave-63111/home/93711031
7075 Mardel Ave,Saint Louis,63109.0,Single Family Residential,May-31-2024,159000,694.0,False,229.10662824207492,1.0,1.0,1949.0,3450.0,,38.5971008,-90.3144705,https://www.redfin.com/MO/Saint-Louis/7075-Mardel-Ave-63109/home/93747908
4057 Cottage Ave,Saint Louis,63113.0,Single Family Residential,December-22-2023,25000,695.0,False,35.97122302158273,2.0,1.0,1885.0,2988.0,,38.6572063,-90.2328179,https://www.redfin.com/MO/Saint-Louis/4057-Cottage-Ave-63113/home/93716651
2620 Tamm Ave,Saint Louis,63139.0,Single Family Residential,June-21-2024,175000,696.0,False,251.4367816091954,2.0,1.0,1953.0,5310.0,,38.6140578,-90.2957394,https://www.redfin.com/MO/Saint-Louis/2620-Tamm-Ave-63139/home/93743611
4049 W Iowa Ave,Saint Louis,63118.0,Single Family Residential,March-22-2023,20000,696.0,False,28.735632183908045,1.0,1.0,1900.0,4922.0,,38.5815872,-90.2321065,https://www.redfin.com/MO/Saint-Louis/4049-W-Iowa-Ave-63118/home/62754944
2604 Tamm Ave,Saint Louis,63139.0,Single Family Residential,September-18-2025,178000,696.0,False,255.7471264367816,2.0,1.0,1953.0,5749.0,,38.6145151,-90.2956606,https://www.redfin.com/MO/Saint-Louis/2604-Tamm-Ave-63139/home/93743614
4157 Concordia Ave,Saint Louis,63116.0,Single Family Residential,September-24-2021,85000,696.0,False,122.1264367816092,2.0,1.0,1907.0,3223.0,,38.5741518,-90.2690013,https://www.redfin.com/MO/Saint-Louis/4157-Concordia-Ave-63116/home/93761967
4159 Bowen,Saint Louis,63116.0,Single Family Residential,February-20-2024,165000,696.0,False,237.06896551724137,2.0,2.0,1926.0,3293.0,,38.5720121,-90.27046,https://www.redfin.com/MO/Saint-Louis/4159-Bowen-St-63116/home/93776368
2628 Tamm Ave,Saint Louis,63139.0,Single Family Residential,March-3-2023,189900,696.0,False,272.8448275862069,2.0,1.0,1953.0,5711.0,,38.6138289,-90.2957775,https://www.redfin.com/MO/Saint-Louis/2628-Tamm-Ave-63139/home/93743612
4066 Burgen Ave,Saint Louis,63116.0,Single Family Residential,December-11-2023,120000,696.0,False,172.41379310344828,2.0,1.0,1922.0,5105.0,,38.5729972,-90.2657453,https://www.redfin.com/MO/Saint-Louis/4066-Burgen-Ave-63116/home/82702094
2611 Macklind Ave,Saint Louis,63139.0,Single Family Residential,May-16-2025,134900,697.0,False,193.54375896700142,1.0,1.0,1909.0,2278.0,,38.6108781,-90.2785903,https://www.redfin.com/MO/Saint-Louis/2611-Macklind-Ave-63139/home/93727444
3306 California Ave Unit C,Saint Louis,63118.0,Single Family Residential,April-8-2025,54900,698.0,False,78.65329512893983,1.0,1.0,1909.0,,,38.5953357,-90.2295217,https://www.redfin.com/MO/Saint-Louis/3306-California-Ave-63118/unit-C/home/93681721
1913 Senate St Unit A,Saint Louis,63118.0,Single Family Residential,January-25-2024,159000,699.0,False,227.46781115879827,1.0,1.0,1887.0,,,38.6025273,-90.216266,https://www.redfin.com/MO/Saint-Louis/1913-Senate-St-63118/unit-A/home/93672839
1386 Mobile Ct,Saint Louis,63139.0,Single Family Residential,November-1-2024,165000,700.0,False,235.71428571428572,2.0,1.0,1952.0,5593.0,,38.6250162,-90.2967335,https://www.redfin.com/MO/Saint-Louis/1386-Mobile-Ct-63139/home/93740873
6411 Marquette Ave,Saint Louis,63139.0,Single Family Residential,November-9-2023,135000,700.0,False,192.85714285714286,2.0,1.0,1926.0,3049.0,,38.6000527,-90.2979081,https://www.redfin.com/MO/Saint-Louis/6411-Marquette-Ave-63139/home/62724999
5532 Robin Ave,Saint Louis,63120.0,Single Family Residential,,22500,700.0,False,32.142857142857146,3.0,1.0,1907.0,3450.0,,38.7026092,-90.24705,https://www.redfin.com/MO/Saint-Louis/5532-Robin-Ave-63120/home/93751871
4250 Juniata St,St. Louis,63116.0,Single Family Residential,April-10-2026,199900,701.0,False,285.1640513552068,1.0,1.0,1932.0,3105.0,,38.6022655,-90.2600908,https://www.redfin.com/MO/St-Louis/4250-Juniata-St-63116/home/93729823
6107 Alaska Ave,Saint Louis,63111.0,Single Family Residential,May-7-2026,55000,701.0,False,78.45934379457917,1.0,1.0,1890.0,,,38.5636286,-90.2547522,https://www.redfin.com/MO/Saint-Louis/6107-Alaska-Ave-63111/home/93709558
4261 Humphrey,Saint Louis,63116.0,Single Family Residential,November-18-2021,145000,701.0,False,206.84736091298146,3.0,1.0,1895.0,2875.0,,38.5999667,-90.260788,https://www.redfin.com/MO/Saint-Louis/4261-Humphrey-St-63116/home/93729592
4712 Nebraska Ave,Saint Louis,63111.0,Single Family Residential,January-21-2022,49900,703.0,False,70.98150782361309,1.0,1.0,1955.0,3528.0,,38.5703921,-90.2370084,https://www.redfin.com/MO/Saint-Louis/4712-Nebraska-Ave-63111/home/93706897
4073 Schiller Pl,Saint Louis,63116.0,Single Family Residential,January-8-2024,127900,703.0,False,181.93456614509245,1.0,1.0,1907.0,3528.0,,38.5761768,-90.2641211,https://www.redfin.com/MO/Saint-Louis/4073-Schiller-Pl-63116/home/93770299
4416 S Spring Ave,Saint Louis,63116.0,Single Family Residential,January-15-2026,199000,703.0,False,283.072546230441,4.0,3.0,1922.0,4260.0,,38.5807524,-90.2514124,https://www.redfin.com/MO/Saint-Louis/4416-S-Spring-Ave-63116/home/93730877
5212 Columbia Ave,Saint Louis,63139.0,Single Family Residential,,149952,704.0,False,213.0,3.0,1.0,1908.0,2250.0,,38.6107366,-90.2744485,https://www.redfin.com/MO/Saint-Louis/5212-Columbia-Ave-63139/home/93727626
7219 Eugene Ave,Saint Louis,63116.0,Single Family Residential,August-7-2024,129900,704.0,False,184.51704545454547,2.0,1.0,1916.0,3289.0,,38.5573639,-90.2676213,https://www.redfin.com/MO/Saint-Louis/7219-Eugene-Ave-63116/home/93712115
1509 W Billon Ave,Saint Louis,63139.0,Single Family Residential,January-16-2025,69900,704.0,False,99.28977272727273,1.0,1.0,1880.0,8760.0,,38.6239561,-90.2890002,https://www.redfin.com/MO/Saint-Louis/1509-W-Billon-Ave-63139/home/93741495
1317 Hughes Pl,Saint Louis,63110.0,Single Family Residential,May-13-2022,126800,704.0,False,180.11363636363637,1.0,1.0,1909.0,2309.0,,38.6253745,-90.2828932,https://www.redfin.com/MO/Saint-Louis/1317-Hughes-Pl-63110/home/93726302
2750 Hermitage Ave,Saint Louis,63143.0,Single Family Residential,August-31-2023,109900,704.0,False,156.10795454545453,2.0,1.0,1950.0,4583.0,,38.6116855,-90.307408,https://www.redfin.com/MO/Saint-Louis/2750-Hermitage-Ave-63143/home/93745086
5516 Botanical Ave,Saint Louis,63110.0,Single Family Residential,June-25-2026,205000,704.0,False,291.1931818181818,1.0,1.0,1902.0,3001.0,,38.6122889,-90.2811336,https://www.redfin.com/MO/Saint-Louis/5516-Botanical-Ave-63110/home/93727089
1519 Angelrodt St,Saint Louis,63107.0,Single Family Residential,November-8-2021,45000,704.0,False,63.92045454545455,2.0,1.0,1945.0,2788.0,,38.6578348,-90.1994394,https://www.redfin.com/MO/Saint-Louis/1519-Angelrodt-St-63107/home/93679631
5626 Vivian Pl,Saint Louis,63136.0,Single Family Residential,September-4-2025,20000,704.0,False,28.40909090909091,1.0,1.0,1927.0,,,38.7067004,-90.250105,https://www.redfin.com/MO/Saint-Louis/5626-Vivian-Pl-63136/home/93769783
2031 Agnes St,Saint Louis,63107.0,Single Family Residential,December-16-2021,34000,704.0,False,48.29545454545455,2.0,1.0,1924.0,2483.0,,38.6575401,-90.2025745,https://www.redfin.com/MO/Saint-Louis/2031-Agnes-St-63107/home/93688793
2025 Agnes St,Saint Louis,63107.0,Single Family Residential,June-11-2024,49800,704.0,False,70.73863636363636,1.0,1.0,1924.0,2265.0,,38.6576238,-90.2023397,https://www.redfin.com/MO/Saint-Louis/2025-Agnes-St-63107/home/93688794
1304 S Boyle Ave,Saint Louis,63110.0,Single Family Residential,January-29-2026,149900,704.0,False,212.92613636363637,1.0,1.0,1895.0,3301.0,,38.6254666,-90.2535491,https://www.redfin.com/MO/Saint-Louis/1304-S-Boyle-Ave-63110/home/93726637
4110 Dryden Ave,Saint Louis,63115.0,Single Family Residential,June-12-2026,42000,704.0,False,59.65909090909091,2.0,1.0,1936.0,2813.0,,38.6756348,-90.238059,https://www.redfin.com/MO/Saint-Louis/4110-Dryden-Ave-63115/home/93767335
2033 Schaeffer Pl,Saint Louis,63139.0,Single Family Residential,April-22-2022,160000,704.0,False,227.27272727272728,2.0,1.0,1924.0,3398.0,,38.6198549,-90.3006134,https://www.redfin.com/MO/Saint-Louis/2033-Schaeffer-Pl-63139/home/93741328
4627 Maffitt Ave,Saint Louis,63113.0,Single Family Residential,May-9-2025,40000,704.0,False,56.81818181818182,2.0,1.0,1925.0,3624.0,,38.6661575,-90.2472576,https://www.redfin.com/MO/Saint-Louis/4627-Maffitt-Ave-63113/home/87394741
3709 Blow St,Saint Louis,63116.0,Single Family Residential,August-4-2022,89900,705.0,False,127.51773049645391,3.0,2.0,1906.0,3964.0,,38.5587198,-90.2665899,https://www.redfin.com/MO/Saint-Louis/3709-Blow-St-63116/home/62751740
4660 Dewey Ave,Saint Louis,63116.0,Single Family Residential,August-18-2023,115000,705.0,False,163.12056737588654,2.0,1.0,1926.0,,,38.5768453,-90.2516814,https://www.redfin.com/MO/Saint-Louis/4660-Dewey-Ave-63116/home/69946383
4687 Primm St,Saint Louis,63116.0,Single Family Residential,February-13-2024,64000,706.0,False,90.65155807365439,2.0,1.0,1925.0,4565.0,,38.5631786,-90.2879419,https://www.redfin.com/MO/Saint-Louis/4687-Primm-St-63116/home/93775235
5837 Arsenal St,Saint Louis,63139.0,Single Family Residential,July-15-2022,130000,706.0,False,184.1359773371105,1.0,1.0,1911.0,3485.0,,38.6069972,-90.2869794,https://www.redfin.com/MO/Saint-Louis/5837-Arsenal-St-63139/home/93726720
3716 Illinois Ave,Saint Louis,63118.0,Single Family Residential,June-5-2026,149900,707.0,False,212.02263083451203,2.0,2.0,1881.0,3123.0,,38.586896,-90.2229715,https://www.redfin.com/MO/Saint-Louis/3716-Illinois-Ave-63118/home/93696927
4248 Juniata St,Saint Louis,63116.0,Single Family Residential,September-8-2023,169900,708.0,False,239.97175141242937,1.0,1.0,1932.0,6739.0,,38.6021921,-90.2600788,https://www.redfin.com/MO/Saint-Louis/4248-Juniata-St-63116/home/93672398
4709 Allemania St,Saint Louis,63116.0,Single Family Residential,November-7-2022,119900,708.0,False,169.3502824858757,2.0,1.0,1926.0,4012.0,,38.5629312,-90.2899919,https://www.redfin.com/MO/Saint-Louis/4709-Allemania-St-63116/home/93775535
6307 Arsenal St,Saint Louis,63139.0,Single Family Residential,June-23-2025,217000,708.0,False,306.49717514124296,2.0,1.0,1924.0,4373.0,,38.6077919,-90.2951302,https://www.redfin.com/MO/Saint-Louis/6307-Arsenal-St-63139/home/93768098
4248 Schiller Pl,Saint Louis,63116.0,Single Family Residential,October-1-2021,64000,708.0,False,90.3954802259887,1.0,1.0,1921.0,3472.0,,38.5778917,-90.2681021,https://www.redfin.com/MO/Saint-Louis/4248-Schiller-Pl-63116/home/93781161
3639 Roswell Ave,Saint Louis,63116.0,Single Family Residential,September-29-2023,115000,710.0,False,161.9718309859155,1.0,1.0,1914.0,3367.0,,38.5572261,-90.2656445,https://www.redfin.com/MO/Saint-Louis/3639-Roswell-Ave-63116/home/93711735
5919 Sherry Ave,Saint Louis,63136.0,Single Family Residential,January-30-2024,24900,710.0,False,35.070422535211264,2.0,1.0,1935.0,3184.0,,38.701158,-90.2576044,https://www.redfin.com/MO/Saint-Louis/5919-Sherry-Ave-63136/home/93758734
6223 Wyoming St,Saint Louis,63139.0,Single Family Residential,June-16-2026,129900,711.0,False,182.70042194092827,1.0,1.0,1928.0,4373.0,,38.6042054,-90.2949409,https://www.redfin.com/MO/Saint-Louis/6223-Wyoming-St-63139/home/93775933
5018 Geraldine Ave,Saint Louis,63115.0,Single Family Residential,June-16-2025,49999,711.0,False,70.32208157524613,1.0,1.0,1928.0,3176.0,,38.6896714,-90.246391,https://www.redfin.com/MO/Saint-Louis/5018-Geraldine-Ave-63115/home/93750494
4609 Steffens Ave,Saint Louis,63116.0,Single Family Residential,September-27-2024,95000,711.0,False,133.61462728551336,1.0,1.0,1925.0,3663.0,,38.5813977,-90.2596944,https://www.redfin.com/MO/Saint-Louis/4609-Steffens-Ave-63116/home/62758711
4006 Schiller Pl,Saint Louis,63116.0,Single Family Residential,July-26-2023,99000,712.0,False,139.04494382022472,1.0,1.0,1923.0,3367.0,,38.5749,-90.2624422,https://www.redfin.com/MO/Saint-Louis/4006-Schiller-Pl-63116/home/93781146
5123 Pattison Ave,Saint Louis,63110.0,Single Family Residential,March-20-2025,149900,713.0,False,210.2384291725105,1.0,1.0,1908.0,3724.0,,38.6191013,-90.2710985,https://www.redfin.com/MO/Saint-Louis/5123-Pattison-Ave-63110/home/63733070
7142 Winona Ave,Saint Louis,63109.0,Single Family Residential,August-15-2025,189900,714.0,False,265.96638655462186,2.0,1.0,1949.0,7501.0,,38.5947403,-90.3177685,https://www.redfin.com/MO/Saint-Louis/7142-Winona-Ave-63109/home/93747829
8986 Edna,Saint Louis,63147.0,Single Family Residential,May-31-2022,24900,714.0,False,34.87394957983193,1.0,1.0,1925.0,3790.0,,38.7215344,-90.2358828,https://www.redfin.com/MO/Saint-Louis/8986-Edna-St-63147/home/93760652
3834 Texas Ave,Saint Louis,63118.0,Single Family Residential,November-26-2024,75000,714.0,False,105.04201680672269,2.0,1.0,1895.0,,,38.5852638,-90.2281456,https://www.redfin.com/MO/Saint-Louis/3834-Texas-Ave-63118/home/93696571
1409 E Gano Ave,Saint Louis,63107.0,Single Family Residential,September-27-2024,18000,714.0,False,25.210084033613445,1.0,1.0,1907.0,2753.0,,38.6744751,-90.2073792,https://www.redfin.com/MO/Saint-Louis/1409-E-Gano-Ave-63107/home/93712591
925 Iron,Saint Louis,63111.0,Single Family Residential,June-4-2026,130000,714.0,False,182.07282913165267,2.0,1.0,1960.0,,,38.5622267,-90.2554987,https://www.redfin.com/MO/Saint-Louis/925-Iron-St-63111/home/93709512
5524 Alaska Ave,Saint Louis,63111.0,Single Family Residential,September-16-2024,124000,716.0,False,173.18435754189943,1.0,1.0,1904.0,3027.0,,38.5673955,-90.2504805,https://www.redfin.com/MO/Saint-Louis/5524-Alaska-Ave-63111/home/93708540
3649 Koeln Ave,Saint Louis,63116.0,Single Family Residential,July-9-2024,140000,717.0,False,195.25801952580196,2.0,1.0,1904.0,4530.0,,38.5552291,-90.2684857,https://www.redfin.com/MO/Saint-Louis/3649-Koeln-Ave-63116/home/93712077
4617 Michigan Ave,Saint Louis,63111.0,Single Family Residential,July-27-2023,87000,718.0,False,121.16991643454038,2.0,1.0,1893.0,3345.0,,38.5726201,-90.2405272,https://www.redfin.com/MO/Saint-Louis/4617-Michigan-Ave-63111/home/62743733
5005 Jamieson Ave Unit 2N,Saint Louis,63109.0,Single Family Residential,September-9-2024,124900,719.0,False,173.71349095966622,2.0,1.0,1948.0,,,38.5868914,-90.3086168,https://www.redfin.com/MO/Saint-Louis/5005-Jamieson-Ave-63109/unit-2N/home/92894593
1045 Childress Ave,Saint Louis,63139.0,Single Family Residential,October-15-2021,164900,719.0,False,229.34631432545203,1.0,1.0,1934.0,5097.0,,38.6303525,-90.294718,https://www.redfin.com/MO/Saint-Louis/1045-Childress-Ave-63139/home/93740424
5916 Lalite Ave,Saint Louis,63136.0,Single Family Residential,December-23-2024,20000,720.0,False,27.77777777777778,2.0,1.0,1925.0,3123.0,,38.7014483,-90.2568772,https://www.redfin.com/MO/Saint-Louis/5916-Lalite-Ave-63136/home/93758726
4714 Dahlia,Saint Louis,63116.0,Single Family Residential,May-10-2024,79900,720.0,False,110.97222222222223,3.0,1.0,1909.0,3398.0,,38.5787864,-90.2776367,https://www.redfin.com/MO/Saint-Louis/4714-Dahlia-Ave-63116/home/62720049
6027 Leona St,Saint Louis,63116.0,Single Family Residential,November-20-2023,135000,720.0,False,187.5,1.0,1.0,1923.0,4404.0,,38.5702217,-90.2676205,https://www.redfin.com/MO/Saint-Louis/6027-Leona-St-63116/home/93770851
4454 Bingham Ave,Saint Louis,63116.0,Single Family Residential,October-29-2024,175000,720.0,False,243.05555555555554,2.0,1.0,1939.0,4304.0,,38.5900549,-90.2691632,https://www.redfin.com/MO/Saint-Louis/4454-Bingham-Ave-63116/home/93772056
955 -961 Switzer Ave,Saint Louis,63147.0,Single Family Residential,January-10-2023,55000,720.0,False,76.38888888888889,2.0,1.0,1924.0,3524.0,,38.70809,-90.232773,https://www.redfin.com/MO/Saint-Louis/961-Switzer-Ave-63147/home/93730567
5236 Grace Ave,Saint Louis,63116.0,Single Family Residential,October-17-2023,128000,720.0,False,177.77777777777777,2.0,1.0,1921.0,5663.0,,38.5711455,-90.2534702,https://www.redfin.com/MO/Saint-Louis/5236-Grace-Ave-63116/home/93742564
4733 Hummel Ave,Saint Louis,63116.0,Single Family Residential,July-12-2022,70000,720.0,False,97.22222222222223,1.0,1.0,1913.0,4095.0,,38.5794953,-90.277127,https://www.redfin.com/MO/Saint-Louis/4733-Hummel-Ave-63116/home/93763392
4873 Goethe Ave,Saint Louis,63116.0,Single Family Residential,October-17-2022,184900,720.0,False,256.80555555555554,2.0,2.0,1910.0,3672.0,,38.5786511,-90.2804762,https://www.redfin.com/MO/Saint-Louis/4873-Goethe-Ave-63116/home/93763305
4924 Blow St,Saint Louis,63109.0,Single Family Residential,May-23-2025,179000,720.0,False,248.61111111111111,2.0,1.0,1922.0,3302.0,,38.5691895,-90.2874433,https://www.redfin.com/MO/Saint-Louis/4924-Blow-St-63109/home/93758371
3857 Neosho St,Saint Louis,63116.0,Single Family Residential,December-22-2025,89900,720.0,False,124.86111111111111,2.0,1.0,1923.0,3210.0,,38.579073,-90.2540595,https://www.redfin.com/MO/Saint-Louis/3857-Neosho-St-63116/home/93767657
5134 Cologne Ave,Saint Louis,63116.0,Single Family Residential,September-12-2025,84100,720.0,False,116.80555555555556,2.0,1.0,1912.0,2910.0,,38.5807783,-90.2734269,https://www.redfin.com/MO/Saint-Louis/5134-Cologne-Ave-63116/home/93761649
1501 Sproule Ave,Saint Louis,63139.0,Single Family Residential,July-19-2022,159900,720.0,False,222.08333333333334,2.0,1.0,1931.0,2875.0,,38.6231525,-90.2906596,https://www.redfin.com/MO/Saint-Louis/1501-Sproule-Ave-63139/home/93761913
3928 Itaska St,Saint Louis,63116.0,Single Family Residential,September-27-2024,109900,720.0,False,152.63888888888889,1.0,1.0,1925.0,3001.0,,38.5782645,-90.257761,https://www.redfin.com/MO/Saint-Louis/3928-Itaska-St-63116/home/93750175
3380 Commonwealth,Saint Louis,63143.0,Single Family Residential,September-13-2024,175000,720.0,False,243.05555555555554,2.0,1.5,1939.0,2790.0,,38.6046613,-90.3158785,https://www.redfin.com/MO/Saint-Louis/3380-Commonwealth-Ave-63143/home/93751173
5736 Devonshire Ave,Saint Louis,63109.0,Single Family Residential,October-4-2022,144900,720.0,False,201.25,2.0,1.0,1993.0,3790.0,,38.5884026,-90.2915704,https://www.redfin.com/MO/Saint-Louis/5736-Devonshire-Ave-63109/home/93753132
3658 Roswell Ave,Saint Louis,63116.0,Single Family Residential,March-29-2024,117000,720.0,False,162.5,2.0,1.0,1951.0,4443.0,,38.5572264,-90.2664624,https://www.redfin.com/MO/Saint-Louis/3658-Roswell-Ave-63116/home/93711772
7043 Lansdowne Ave,Saint Louis,63109.0,Single Family Residential,October-31-2022,175000,720.0,False,243.05555555555554,2.0,1.5,1954.0,4378.0,,38.5920479,-90.314306,https://www.redfin.com/MO/Saint-Louis/7043-Lansdowne-Ave-63109/home/62718856
5434 Christy Ave,Saint Louis,63116.0,Single Family Residential,April-15-2025,149900,720.0,False,208.19444444444446,1.0,1.0,1922.0,3358.0,,38.5786893,-90.2752926,https://www.redfin.com/MO/Saint-Louis/5434-Christy-Ave-63116/home/93757892
2517 Tamm Ave,Saint Louis,63139.0,Single Family Residential,April-4-2024,185000,720.0,False,256.94444444444446,2.0,1.5,1956.0,9348.0,,38.615283,-90.2959637,https://www.redfin.com/MO/Saint-Louis/2517-Tamm-Ave-63139/home/69385646
4734 Goethe Ave,Saint Louis,63116.0,Single Family Residential,September-4-2025,138000,720.0,False,191.66666666666666,3.0,2.0,1922.0,,,38.5757027,-90.2795343,https://www.redfin.com/MO/Saint-Louis/4734-Goethe-Ave-63116/home/93757169
3870 Marine Ave,Saint Louis,63118.0,Single Family Residential,July-28-2023,42000,720.0,False,58.333333333333336,2.0,1.5,1903.0,3533.0,,38.5834828,-90.2219106,https://www.redfin.com/MO/Saint-Louis/3870-Marine-Ave-63118/home/93697180
4864 Calvin Ave,Saint Louis,63115.0,Single Family Residential,December-28-2022,39900,720.0,False,55.416666666666664,1.0,1.0,1928.0,3829.0,,38.6821454,-90.2423567,https://www.redfin.com/MO/Saint-Louis/4864-Calvin-Ave-63115/home/93733011
4083 Burgen Ave,Saint Louis,63116.0,Single Family Residential,May-9-2024,149000,720.0,False,206.94444444444446,1.0,1.0,1922.0,3398.0,,38.5735651,-90.266156,https://www.redfin.com/MO/Saint-Louis/4083-Burgen-Ave-63116/home/93761893
5458 Harney Ave,Saint Louis,63120.0,Single Family Residential,February-28-2023,50000,720.0,False,69.44444444444444,2.0,1.0,1964.0,4034.0,,38.6974807,-90.2442107,https://www.redfin.com/MO/Saint-Louis/5458-Harney-Ave-63120/home/93762782
1812 James A Harvey Ln,Saint Louis,63133.0,Single Family Residential,March-29-2024,20000,720.0,False,27.77777777777778,1.0,1.0,1927.0,3920.0,,38.6793084,-90.2833299,https://www.redfin.com/MO/Saint-Louis/1812-James-a-Harvey-Ln-63133/home/93444245
870 Elias Ave,Saint Louis,63147.0,Single Family Residential,July-24-2024,49900,720.0,False,69.30555555555556,2.0,1.0,1958.0,3955.0,,38.7211366,-90.231488,https://www.redfin.com/MO/Saint-Louis/870-Elias-Ave-63147/home/93756055
7246 Stolle St,Saint Louis,63116.0,Single Family Residential,July-22-2022,130000,720.0,False,180.55555555555554,2.0,1.0,1957.0,4400.0,,38.5628241,-90.2913425,https://www.redfin.com/MO/Saint-Louis/7246-Stolle-St-63116/home/93775493
4695 Tesson St,Saint Louis,63116.0,Single Family Residential,August-30-2022,119900,720.0,False,166.52777777777777,1.0,1.0,1925.0,4008.0,,38.5630247,-90.2888911,https://www.redfin.com/MO/Saint-Louis/4695-Tesson-St-63116/home/93775247
4414 Oleatha Ave,Saint Louis,63116.0,Single Family Residential,June-12-2023,124900,720.0,False,173.47222222222223,1.0,1.0,1941.0,3807.0,,38.5950007,-90.2659386,https://www.redfin.com/MO/Saint-Louis/4414-Oleatha-Ave-63116/home/93756203
4007 Delor St,Saint Louis,63116.0,Single Family Residential,September-29-2022,80000,720.0,False,111.11111111111111,2.0,1.0,1925.0,3755.0,,38.5781283,-90.260126,https://www.redfin.com/MO/Saint-Louis/4007-Delor-St-63116/home/93750353
6943 Sutherland Ave,Saint Louis,63109.0,Single Family Residential,July-6-2022,119900,720.0,False,166.52777777777777,1.0,1.0,1925.0,5053.0,,38.5927618,-90.3112136,https://www.redfin.com/MO/Saint-Louis/6943-Sutherland-Ave-63109/home/93774259
5343 Blow St,Saint Louis,63109.0,Single Family Residential,September-9-2021,139900,720.0,False,194.30555555555554,2.0,1.0,1912.0,3311.0,,38.5721054,-90.2920657,https://www.redfin.com/MO/Saint-Louis/5343-Blow-St-63109/home/62713417
4838 Potomac St,Saint Louis,63116.0,Single Family Residential,June-26-2024,139900,720.0,False,194.30555555555554,1.0,1.0,1925.0,3803.0,,38.5964189,-90.2700894,https://www.redfin.com/MO/Saint-Louis/4838-Potomac-St-63116/home/93756234
2607 Michigan Ave,Saint Louis,63118.0,Single Family Residential,August-7-2025,125000,720.0,False,173.61111111111111,1.0,1.0,1900.0,3201.0,,38.6068086,-90.2334624,https://www.redfin.com/MO/Saint-Louis/2607-Michigan-Ave-63118/home/93691996
4363 Miami St,Saint Louis,63116.0,Single Family Residential,November-17-2023,144900,720.0,False,201.25,2.0,1.0,1926.0,3855.0,,38.5943755,-90.2650047,https://www.redfin.com/MO/Saint-Louis/4363-Miami-St-63116/home/93730021
3117 Michigan Ave,Saint Louis,63118.0,Single Family Residential,June-4-2026,129900,722.0,False,179.9168975069252,1.0,1.0,1955.0,3125.0,,38.6011046,-90.2346088,https://www.redfin.com/MO/Saint-Louis/3117-Michigan-Ave-63118/home/93692808
6026 Thekla Ave,Saint Louis,63136.0,Single Family Residential,June-29-2023,24000,722.0,False,33.2409972299169,1.0,1.0,1927.0,2753.0,,38.704011,-90.255936,https://www.redfin.com/MO/Saint-Louis/6026-Thekla-Ave-63136/home/93759076
6030 Arthur Ave,Saint Louis,63139.0,Single Family Residential,March-7-2022,129000,722.0,False,178.67036011080333,1.0,1.0,1928.0,3311.0,,38.6009927,-90.2933156,https://www.redfin.com/MO/Saint-Louis/6030-Arthur-Ave-63139/home/93742983
3967 Eichelberger St,Saint Louis,63116.0,Single Family Residential,May-23-2025,54900,723.0,False,75.93360995850622,1.0,1.0,1927.0,5702.0,,38.5750758,-90.2610119,https://www.redfin.com/MO/Saint-Louis/3967-Eichelberger-St-63116/home/93757739
4722 Primm St,Saint Louis,63116.0,Single Family Residential,May-28-2024,135000,724.0,False,186.46408839779005,3.0,1.0,1925.0,3672.0,,38.5638813,-90.2891171,https://www.redfin.com/MO/Saint-Louis/4722-Primm-St-63116/home/93775513
1414 Mccausland Ave,Saint Louis,63117.0,Single Family Residential,April-8-2026,369900,725.0,False,510.2068965517241,3.0,1.5,1913.0,6089.0,,38.6263015,-90.3068663,https://www.redfin.com/MO/Saint-Louis/1414-McCausland-Ave-63117/home/93740570
6560 Villa Ave,Saint Louis,63139.0,Single Family Residential,August-13-2021,149900,725.0,False,206.75862068965517,2.0,1.0,1948.0,3485.0,,38.6253347,-90.2987681,https://www.redfin.com/MO/Saint-Louis/6560-Villa-Ave-63139/home/93740701
5418 Milentz Ave,Saint Louis,63109.0,Single Family Residential,May-20-2026,215000,725.0,False,296.55172413793105,2.0,1.0,1925.0,4373.0,,38.5789659,-90.2864564,https://www.redfin.com/MO/Saint-Louis/5418-Milentz-Ave-63109/home/93771267
2807 Chariton St,Saint Louis,63111.0,Single Family Residential,October-11-2022,19900,725.0,False,27.448275862068964,2.0,1.0,1896.0,3541.0,,38.5779447,-90.2336732,https://www.redfin.com/MO/Saint-Louis/2807-Chariton-St-63111/home/93705481
3837 Bates St,Saint Louis,63116.0,Single Family Residential,May-19-2023,149900,726.0,False,206.47382920110192,2.0,1.0,1921.0,7436.0,,38.5714841,-90.2594216,https://www.redfin.com/MO/Saint-Louis/3837-Bates-St-63116/home/93761598
5812 Victoria Ave,Saint Louis,63110.0,Single Family Residential,August-9-2022,59900,726.0,False,82.5068870523416,1.0,1.0,1919.0,2836.0,,38.6266879,-90.2843074,https://www.redfin.com/MO/Saint-Louis/5812-Victoria-Ave-63110/home/93769203
4741 Milentz Ave,Saint Louis,63116.0,Single Family Residential,February-27-2025,139900,726.0,False,192.69972451790633,2.0,1.0,1912.0,3811.0,,38.575473,-90.2802532,https://www.redfin.com/MO/Saint-Louis/4741-Milentz-Ave-63116/home/93756829
1933 Chippewa St,Saint Louis,63118.0,Single Family Residential,February-9-2023,32500,727.0,False,44.70426409903714,2.0,1.0,1925.0,3389.0,,38.5856684,-90.2220076,https://www.redfin.com/MO/Saint-Louis/1933-Chippewa-St-63118/home/93697387
1937 Chippewa St,Saint Louis,63118.0,Single Family Residential,June-17-2025,49000,727.0,False,67.4002751031637,2.0,1.0,1925.0,3402.0,,38.5856857,-90.2221027,https://www.redfin.com/MO/Saint-Louis/1937-Chippewa-St-63118/home/93697385
5638 Hancock Ave,Saint Louis,63139.0,Single Family Residential,October-20-2021,169900,728.0,False,233.37912087912088,3.0,1.0,1952.0,4421.0,,38.5992618,-90.2862362,https://www.redfin.com/MO/Saint-Louis/5638-Hancock-Ave-63139/home/93749140
4600 Richard Pl,Saint Louis,63115.0,Single Family Residential,February-17-2023,55000,728.0,False,75.54945054945055,2.0,1.0,1920.0,4369.0,,38.6811906,-90.2351011,https://www.redfin.com/MO/Saint-Louis/4600-Richard-Pl-63115/home/93734527
5649 Hancock Ave,Saint Louis,63139.0,Single Family Residential,October-28-2022,172000,728.0,False,236.26373626373626,3.0,1.0,1952.0,4421.0,,38.59965,-90.2866238,https://www.redfin.com/MO/Saint-Louis/5649-Hancock-Ave-63139/home/62744315
5641 Marquette Ave,Saint Louis,63139.0,Single Family Residential,May-13-2024,175000,728.0,False,240.3846153846154,2.0,1.0,1951.0,4478.0,,38.5988984,-90.2864704,https://www.redfin.com/MO/Saint-Louis/5641-Marquette-Ave-63139/home/93749128
4566 Lewis Pl,Saint Louis,63113.0,Single Family Residential,February-24-2025,49000,728.0,False,67.3076923076923,2.0,1.0,1927.0,10607.0,,38.6544661,-90.2533606,https://www.redfin.com/MO/Saint-Louis/4566-Lewis-Pl-63113/home/93749619
1310 San Jacinto Ct,Saint Louis,63139.0,Single Family Residential,June-20-2025,190000,728.0,False,260.989010989011,0.0,2.0,1946.0,4499.0,,38.6272878,-90.2986089,https://www.redfin.com/MO/Saint-Louis/1310-San-Jacinto-Ct-63139/home/93750089
5629 Marquette Ave,Saint Louis,63139.0,Single Family Residential,October-12-2022,110000,728.0,False,151.0989010989011,2.0,1.0,1951.0,4465.0,,38.598852,-90.2860434,https://www.redfin.com/MO/Saint-Louis/5629-Marquette-Ave-63139/home/93749131
4523 Anderson Ave,Saint Louis,63115.0,Single Family Residential,August-11-2023,15599,729.0,False,21.397805212620028,1.0,1.0,1950.0,2749.0,,38.6784344,-90.2351506,https://www.redfin.com/MO/Saint-Louis/4523-Anderson-Ave-63115/home/93734114
4521 Anderson Ave,Saint Louis,63115.0,Single Family Residential,August-11-2023,15599,729.0,False,21.397805212620028,1.0,1.0,1950.0,3650.0,,38.6783446,-90.2351427,https://www.redfin.com/MO/Saint-Louis/4521-Anderson-Ave-63115/home/93734136
4631 Primm St,Saint Louis,63116.0,Single Family Residential,April-13-2023,109900,729.0,False,150.75445816186556,2.0,1.0,1927.0,5401.0,,38.5619527,-90.2867493,https://www.redfin.com/MO/Saint-Louis/4631-Primm-St-63116/home/93775221
5315 Alfred Ave,Saint Louis,63116.0,Single Family Residential,August-20-2021,130000,731.0,False,177.83857729138168,3.0,1.5,1913.0,3659.0,,38.5809447,-90.2705219,https://www.redfin.com/MO/Saint-Louis/5315-Alfred-Ave-63116/home/93761696
4121 Taft Ave,Saint Louis,63116.0,Single Family Residential,October-21-2022,62000,732.0,False,84.69945355191257,2.0,2.0,1909.0,4487.0,,38.5856229,-90.2628294,https://www.redfin.com/MO/Saint-Louis/4121-Taft-Ave-63116/home/93757851
4340 Miami St,Saint Louis,63116.0,Single Family Residential,March-30-2022,184500,732.0,False,252.04918032786884,2.0,1.0,1926.0,3572.0,,38.5939208,-90.2642472,https://www.redfin.com/MO/Saint-Louis/4340-Miami-St-63116/home/93730104
2603 Brannon Ave,Saint Louis,63139.0,Single Family Residential,November-23-2021,99900,732.0,False,136.47540983606558,1.0,1.0,1900.0,2744.0,,38.6108271,-90.2752982,https://www.redfin.com/MO/Saint-Louis/2603-Brannon-Ave-63139/home/93727383
935 Fillmore St,Saint Louis,63111.0,Single Family Residential,September-6-2024,75000,733.0,False,102.31923601637108,2.0,1.0,1925.0,3485.0,,38.5640539,-90.2543111,https://www.redfin.com/MO/Saint-Louis/935-Fillmore-St-63111/home/93708887
8512 Minnesota Ave,Saint Louis,63111.0,Single Family Residential,December-29-2023,29900,733.0,False,40.791268758526606,1.0,1.0,1892.0,3284.0,,38.5418846,-90.2673134,https://www.redfin.com/MO/Saint-Louis/8512-Minnesota-Ave-63111/home/93711571
7125 Vermont Ave,Saint Louis,63111.0,Single Family Residential,September-20-2023,86000,734.0,False,117.16621253405995,2.0,1.0,1893.0,2256.0,,38.5537604,-90.2591559,https://www.redfin.com/MO/Saint-Louis/7125-Vermont-Ave-63111/home/93710425
3663 Steins St,Saint Louis,63116.0,Single Family Residential,May-5-2025,110000,734.0,False,149.86376021798364,1.0,1.0,1906.0,4199.0,,38.5547484,-90.2697594,https://www.redfin.com/MO/Saint-Louis/3663-Steins-St-63116/home/93757118
3461 S Grand Blvd,Saint Louis,63118.0,Single Family Residential,January-16-2024,52500,734.0,False,71.52588555858311,2.0,1.0,1884.0,3498.0,,38.5943742,-90.2438513,https://www.redfin.com/MO/Saint-Louis/3461-S-Grand-Blvd-63118/home/93695492
1319 San Jacinto,Saint Louis,63139.0,Single Family Residential,October-18-2021,139000,736.0,False,188.8586956521739,2.0,1.0,1946.0,3877.0,,38.6271504,-90.2990967,https://www.redfin.com/MO/Saint-Louis/1319-San-Jacinto-Ct-63139/home/93750079
2827 Abner Pl,Saint Louis,63120.0,Single Family Residential,July-27-2022,40000,736.0,False,54.34782608695652,2.0,1.0,1923.0,2919.0,,38.674105,-90.2645459,https://www.redfin.com/MO/Saint-Louis/2827-Abner-Pl-63120/home/93738219
4518 Tennessee Ave,Saint Louis,63111.0,Single Family Residential,December-12-2024,50000,738.0,False,67.75067750677506,3.0,1.0,1900.0,4225.0,,38.5765564,-90.2458152,https://www.redfin.com/MO/Saint-Louis/4518-Tennessee-Ave-63111/home/93706295
6041 Harney Ave,Saint Louis,63136.0,Single Family Residential,May-2-2023,27500,738.0,False,37.262872628726285,1.0,1.0,1924.0,3132.0,,38.7069256,-90.2544443,https://www.redfin.com/MO/Saint-Louis/6041-Harney-Ave-63136/home/93758448
4175 Newport Ct,Saint Louis,63116.0,Single Family Residential,March-25-2022,52500,738.0,False,71.13821138211382,2.0,1.0,1913.0,2875.0,,38.5831915,-90.2637005,https://www.redfin.com/MO/Saint-Louis/4175-Newport-Ct-63116/home/62743526
4717 Michigan Ave,Saint Louis,63111.0,Single Family Residential,May-22-2024,129900,738.0,False,176.01626016260164,2.0,1.5,1962.0,2984.0,,38.570808,-90.2408839,https://www.redfin.com/MO/Saint-Louis/4717-Michigan-Ave-63111/home/93707473
246 Woodbourne Dr,Saint Louis,63105.0,Single Family Residential,August-16-2023,1050000,3540.0,False,296.6101694915254,4.0,3.5,1929.0,9670.0,,38.6425965,-90.303653,https://www.redfin.com/MO/Saint-Louis/246-Woodbourne-Dr-63105/home/93771920
6238 Washington Ave,University City,63103.0,Single Family Residential,October-16-2025,1100000,3612.0,False,304.5404208194906,5.0,3.5,1917.0,9496.0,,38.6544611,-90.3013957,https://www.redfin.com/MO/University-City/6238-Washington-Ave-63130/home/93760196
15 Arundel Pl,Saint Louis,63105.0,Single Family Residential,August-1-2024,979000,3134.0,False,312.38034460753033,3.0,3.5,1919.0,8154.0,,38.6398462,-90.3048004,https://www.redfin.com/MO/Saint-Louis/15-Arundel-Pl-63105/home/93766545
1414 Mississippi Ave,Saint Louis,63104.0,Single Family Residential,September-24-2025,1050000,3270.0,False,321.10091743119267,3.0,3.5,2015.0,5397.0,,38.6169445,-90.2132817,https://www.redfin.com/MO/Saint-Louis/1414-Mississippi-Ave-63104/home/62765202
215 N Sarah St #12,Saint Louis,63108.0,Townhouse,February-19-2026,950000,3198.0,False,297.0606629143214,3.0,3.5,2025.0,1646.0,,38.638859,-90.2463284,https://www.redfin.com/MO/Saint-Louis/215-N-Sarah-St-63108/unit-12/home/193546239
907 N Taylor Ave,Saint Louis,63122.0,Single Family Residential,February-23-2026,799900,3209.0,False,249.26768463695856,4.0,3.5,1937.0,10079.0,,38.651765,-90.2526388,https://www.redfin.com/MO/Saint-Louis/907-N-Taylor-Ave-63122/home/93512270
4538 Pershing Pl,Saint Louis,63108.0,Single Family Residential,December-2-2021,895000,2728.0,False,328.0791788856305,3.0,3.5,1962.0,8059.0,,38.6449469,-90.2585829,https://www.redfin.com/MO/Saint-Louis/4538-Pershing-Pl-63108/home/93724614
6223 Washington Ave,University City,63130.0,Single Family Residential,June-22-2022,749500,3525.0,False,212.6241134751773,5.0,3.5,1908.0,9801.0,,38.6548117,-90.300683,https://www.redfin.com/MO/University-City/6223-Washington-Ave-63130/home/93760159
4624 Pershing Pl,Saint Louis,63108.0,Single Family Residential,April-9-2026,899000,3610.0,False,249.03047091412742,5.0,3.5,1899.0,9962.0,,38.6454808,-90.2597179,https://www.redfin.com/MO/Saint-Louis/4624-Pershing-Pl-63108/home/93724640
1817 Lasalle St,Saint Louis,63104.0,Single Family Residential,September-25-2024,925000,3466.0,False,266.8782458165032,4.0,3.5,2018.0,8150.0,,38.6198742,-90.2109299,https://www.redfin.com/MO/Saint-Louis/1817-Lasalle-St-63104/home/93701280
2741 Lafayette Ave,Saint Louis,63104.0,Single Family Residential,May-19-2026,850000,3463.0,False,245.45192030031765,4.0,2.5,2024.0,6290.0,,38.6154723,-90.2246759,https://www.redfin.com/MO/Saint-Louis/2741-Lafayette-Ave-63104/home/193545739
4355 W Pine Blvd,Saint Louis,63108.0,Single Family Residential,April-29-2025,879900,3519.0,False,250.04262574595055,4.0,2.5,1923.0,8947.0,,38.6402357,-90.252967,https://www.redfin.com/MO/Saint-Louis/4355-W-Pine-Blvd-63108/home/93725232
5239 Wilson Ave,Saint Louis,63110.0,Single Family Residential,November-4-2021,595000,2400.0,False,247.91666666666666,4.0,2.5,1921.0,3572.0,,38.616014,-90.2742376,https://www.redfin.com/MO/Saint-Louis/5239-Wilson-Ave-63110/home/93727734
17 Arundel Pl,Saint Louis,63105.0,Single Family Residential,May-27-2022,755000,2410.0,False,313.2780082987552,4.0,2.5,1919.0,8233.0,,38.6398686,-90.304957,https://www.redfin.com/MO/Saint-Louis/17-Arundel-Pl-63105/home/93766546
5443 Columbia Ave,Saint Louis,63139.0,Single Family Residential,September-12-2023,839000,3042.0,False,275.80539119000656,4.0,2.5,2023.0,4556.0,,38.6115824,-90.2798226,https://www.redfin.com/MO/Saint-Louis/5443-Columbia-Ave-63139/home/93771705
5302 Wilson Ave,Saint Louis,63110.0,Single Family Residential,October-4-2022,849900,3576.0,False,237.66778523489933,4.0,3.5,2022.0,2614.0,,38.6157749,-90.2752503,https://www.redfin.com/MO/Saint-Louis/5302-Wilson-Ave-63110/home/178545699
362 Walton Row,Saint Louis,63108.0,Single Family Residential,November-30-2022,849000,3246.0,False,261.55268022181144,4.0,3.5,1902.0,7667.0,,38.6461658,-90.2585471,https://www.redfin.com/MO/Saint-Louis/362-Walton-Row-63108/home/62756938
3758 Olive St Lot 14,St. Louis,63108.0,Single Family Residential,September-9-2025,750000,2712.0,False,276.5486725663717,3.0,3.5,1921.0,2570.0,,38.640205,-90.237264,https://www.redfin.com/MO/St-Louis/3758-Olive-St-63108/unit-14/home/195107699
1038 Geyer Ave,Saint Louis,63104.0,Single Family Residential,August-11-2025,775000,3000.0,False,258.3333333333333,3.0,2.0,1890.0,5179.0,,38.6090676,-90.2072978,https://www.redfin.com/MO/Saint-Louis/1038-Geyer-Ave-63104/home/93685666
6327 Wade Ave,Saint Louis,63139.0,Single Family Residential,March-26-2024,795000,2648.0,False,300.226586102719,4.0,3.5,2024.0,5558.0,,38.6250307,-90.2922769,https://www.redfin.com/MO/Saint-Louis/6327-Wade-Ave-63139/home/93726459
4731 Westminster Pl,Saint Louis,63108.0,Single Family Residential,September-26-2022,775000,3137.0,False,247.05132291998726,5.0,3.5,1921.0,5750.0,,38.6492177,-90.2594174,https://www.redfin.com/MO/Saint-Louis/4731-Westminster-Pl-63108/home/93709316
4508 Pershing Pl,Saint Louis,63108.0,Single Family Residential,September-30-2025,800000,2561.0,False,312.37797735259664,4.0,3.0,1978.0,3293.0,,38.6451555,-90.2574691,https://www.redfin.com/MO/Saint-Louis/4508-Pershing-Pl-63108/home/93724628
1103 Dolman St,Saint Louis,63104.0,Single Family Residential,July-1-2024,789000,2450.0,False,322.0408163265306,3.0,3.5,2012.0,6351.0,,38.6191802,-90.2093915,https://www.redfin.com/MO/Saint-Louis/1103-Dolman-St-63104/home/93683537
2017 Park Ave,Saint Louis,63104.0,Single Family Residential,April-27-2023,787000,3310.0,False,237.7643504531722,3.0,3.5,2005.0,3703.0,,38.6178803,-90.2141004,https://www.redfin.com/MO/Saint-Louis/2017-Park-Ave-63104/home/93672793
6225 San Bonita Ave,Saint Louis,63105.0,Single Family Residential,November-3-2021,779900,3142.0,False,248.21769573520052,5.0,3.5,1920.0,10202.0,,38.6356079,-90.3048469,https://www.redfin.com/MO/Saint-Louis/6225-San-Bonita-Ave-63105/home/93768160
6310 Alexander Dr,Saint Louis,63105.0,Single Family Residential,December-2-2021,775000,3120.0,False,248.39743589743588,4.0,3.0,1937.0,6970.0,,38.6433109,-90.3045532,https://www.redfin.com/MO/Saint-Louis/6310-Alexander-Dr-63105/home/93477165
1912 Rutger St,Saint Louis,63104.0,Single Family Residential,June-30-2022,775000,3106.0,False,249.51706374758533,4.0,3.5,1880.0,3093.0,,38.6179094,-90.2125627,https://www.redfin.com/MO/Saint-Louis/1912-Rutger-St-63104/home/168304422
8 W Pine Ct,Saint Louis,63108.0,Single Family Residential,July-3-2024,789989,3197.0,False,247.10322177040976,3.0,3.5,1999.0,2792.0,,38.6410241,-90.2603822,https://www.redfin.com/MO/Saint-Louis/8-W-Pine-Ct-63108/home/93724529
6732 Delor St,Saint Louis,63109.0,Single Family Residential,September-18-2025,675000,2979.0,False,226.58610271903322,4.0,3.5,1941.0,6969.0,,38.5846917,-90.3085554,https://www.redfin.com/MO/Saint-Louis/6732-Delor-St-63109/home/93781392
1823 Hickory,Saint Louis,63104.0,Single Family Residential,June-8-2022,764900,3400.0,False,224.97058823529412,4.0,2.5,1885.0,6534.0,,38.6190583,-90.2113886,https://www.redfin.com/MO/Saint-Louis/1823-Hickory-St-63104/home/93701221
1218 Dolman St,Saint Louis,63104.0,Single Family Residential,September-2-2025,775000,3050.0,False,254.0983606557377,3.0,3.5,2017.0,,,38.6177143,-90.2094494,https://www.redfin.com/MO/Saint-Louis/1218-Dolman-St-63104/home/146873435
4533 Westminster Pl,Saint Louis,63108.0,Single Family Residential,August-24-2023,769000,3459.0,False,222.3185891876265,4.0,2.5,1904.0,3811.0,,38.647954,-90.2566021,https://www.redfin.com/MO/Saint-Louis/4533-Westminster-Pl-63108/home/93739871
10 Arundel Pl,Saint Louis,63105.0,Single Family Residential,February-23-2024,729900,2312.0,False,315.7006920415225,3.0,2.5,1926.0,8228.0,,38.639311,-90.3043573,https://www.redfin.com/MO/Saint-Louis/10-Arundel-Pl-63105/home/93769346
370 Walton,Saint Louis,63108.0,Single Family Residential,June-26-2023,795000,3570.0,False,222.6890756302521,4.0,2.5,1902.0,6111.0,,38.6462981,-90.2584786,https://www.redfin.com/MO/Saint-Louis/370-Walton-Row-63108/home/93724710
3525 Crittenden St,Saint Louis,63118.0,Single Family Residential,June-7-2024,759900,3164.0,False,240.17067003792667,5.0,3.5,1911.0,6373.0,,38.6036011,-90.2406538,https://www.redfin.com/MO/Saint-Louis/3525-Crittenden-St-63118/home/93692731
4016 Flora Pl,Saint Louis,63110.0,Single Family Residential,May-24-2023,650000,2966.0,False,219.1503708698584,5.0,3.0,1904.0,5985.0,,38.612873,-90.2491881,https://www.redfin.com/MO/Saint-Louis/4016-Flora-Pl-63110/home/93746617
4385 Mcpherson Ave,Saint Louis,63108.0,Single Family Residential,May-26-2023,750000,3228.0,False,232.34200743494424,5.0,3.5,1912.0,7218.0,,38.644927,-90.2523297,https://www.redfin.com/MO/Saint-Louis/4385-McPherson-Ave-63108/home/93740334
5951 Jamieson Ave,Saint Louis,63109.0,Single Family Residential,August-1-2025,749900,3504.0,False,214.01255707762556,4.0,3.5,2013.0,8398.0,,38.5775574,-90.3042031,https://www.redfin.com/MO/Saint-Louis/5951-Jamieson-Ave-63109/home/62742167
6249 Washington Ave,University City,63130.0,Single Family Residential,July-15-2022,745000,3420.0,False,217.83625730994152,5.0,3.5,1908.0,9191.0,,38.6549349,-90.3014601,https://www.redfin.com/MO/University-City/6249-Washington-Ave-63130/home/62753318
4424 Laclede Ave,Saint Louis,63108.0,Single Family Residential,May-7-2026,775000,2602.0,False,297.847809377402,4.0,2.5,1897.0,5309.0,,38.6388377,-90.2562649,https://www.redfin.com/MO/Saint-Louis/4424-Laclede-Ave-63108/home/93725073
1409 Vail Pl,Saint Louis,63104.0,Single Family Residential,May-9-2022,735000,3303.0,False,222.52497729336966,4.0,3.5,2007.0,9235.0,,38.6167432,-90.2126,https://www.redfin.com/MO/Saint-Louis/1409-Vail-Pl-63104/home/93673161
4347 Mcpherson Ave,Saint Louis,63108.0,Single Family Residential,October-22-2024,749900,3250.0,False,230.73846153846154,5.0,3.5,1912.0,7383.0,,38.6443603,-90.2511179,https://www.redfin.com/MO/Saint-Louis/4347-McPherson-Ave-63108/home/93740305
5156 Westminster Pl,Saint Louis,63108.0,Single Family Residential,December-23-2024,729000,2600.0,False,280.38461538461536,4.0,2.5,1905.0,4848.0,,38.6497869,-90.2695785,https://www.redfin.com/MO/Saint-Louis/5156-Westminster-Pl-63108/home/77510183
2309 Sublette Ave,Saint Louis,63110.0,Single Family Residential,April-7-2023,735000,3037.0,False,242.01514652617715,4.0,2.5,2023.0,4064.0,,38.6137034,-90.2808052,https://www.redfin.com/MO/Saint-Louis/2309-Sublette-Ave-63110/home/181867568
3834 Olive St,Saint Louis,63108.0,Single Family Residential,September-14-2023,725000,3168.0,False,228.8510101010101,3.0,3.0,1921.0,3215.0,,38.640651,-90.2382779,https://www.redfin.com/MO/Saint-Louis/3834-Olive-St-63108/home/176875143
2328 Albion Pl,Saint Louis,63104.0,Single Family Residential,July-25-2023,719000,3433.0,False,209.4378094960676,4.0,3.5,1889.0,3119.0,,38.6166562,-90.2193395,https://www.redfin.com/MO/Saint-Louis/2328-Albion-Pl-63104/home/93672036
5027 Daggett Ave,Saint Louis,63110.0,Single Family Residential,November-24-2025,774999,2782.0,False,278.5762041696621,2.0,3.5,2019.0,4451.0,,38.6168423,-90.2697787,https://www.redfin.com/MO/Saint-Louis/5027-Daggett-Ave-63110/home/93728145
5223 Botanical Ave,Saint Louis,63110.0,Single Family Residential,June-18-2026,720000,3200.0,False,225.0,3.0,3.5,1914.0,3563.0,,38.6124726,-90.2744209,https://www.redfin.com/MO/Saint-Louis/5223-Botanical-Ave-63110/home/93727552
6253 Murdoch Ave,Saint Louis,63109.0,Single Family Residential,August-8-2023,649900,2784.0,False,233.441091954023,4.0,3.5,1937.0,6717.0,,38.5885189,-90.2972654,https://www.redfin.com/MO/Saint-Louis/6253-Murdoch-Ave-63109/home/93780082
1901 Lafayette Ave,Saint Louis,63104.0,Single Family Residential,September-20-2023,739000,3432.0,False,215.32634032634033,4.0,3.5,1886.0,3049.0,,38.6142035,-90.2133368,https://www.redfin.com/MO/Saint-Louis/1901-Lafayette-Ave-63104/home/93697406
1908 Lasalle St,Saint Louis,63104.0,Single Family Residential,July-27-2022,745000,3052.0,False,244.10222804718217,4.0,3.5,1885.0,3354.0,,38.6196133,-90.2118167,https://www.redfin.com/MO/Saint-Louis/1908-Lasalle-St-63104/home/93701184
5102 Waterman Blvd,Saint Louis,63108.0,Single Family Residential,February-28-2022,689900,3505.0,False,196.83309557774606,4.0,2.5,1893.0,8930.0,,38.6482712,-90.2679245,https://www.redfin.com/MO/Saint-Louis/5102-Waterman-Blvd-63108/home/93745900
5150 Westminster Pl,Saint Louis,63108.0,Single Family Residential,March-17-2023,749000,2600.0,False,288.0769230769231,4.0,3.5,1905.0,5083.0,,38.649627,-90.26939,https://www.redfin.com/MO/Saint-Louis/5150-Westminster-Pl-63108/home/93745986
4440 Laclede Ave,Saint Louis,63108.0,Single Family Residential,September-12-2023,700000,2680.0,False,261.1940298507463,4.0,2.5,1892.0,5576.0,,38.638926,-90.256824,https://www.redfin.com/MO/Saint-Louis/4440-Laclede-Ave-63108/home/93672249
4351 Laclede Ave,Saint Louis,63108.0,Single Family Residential,August-2-2024,675000,2612.0,False,258.4226646248086,3.0,2.5,1894.0,8150.0,,38.6391303,-90.2531536,https://www.redfin.com/MO/Saint-Louis/4351-Laclede-Ave-63108/home/93725182
4235 Maryland Ave,Saint Louis,63108.0,Single Family Residential,August-29-2022,699000,3066.0,False,227.9843444227006,5.0,3.5,1900.0,6504.0,,38.6420174,-90.2491223,https://www.redfin.com/MO/Saint-Louis/4235-Maryland-Ave-63108/home/93725334
2223 Hickory,St. Louis,63104.0,Single Family Residential,July-13-2023,695000,3101.0,False,224.12125120928732,3.0,3.5,1921.0,4356.0,,38.620034,-90.216454,https://www.redfin.com/MO/St-Louis/2223-Hickory-63104/home/186089507
4312 Laclede Ave,Saint Louis,63108.0,Single Family Residential,March-20-2024,675000,3459.0,False,195.14310494362533,4.0,3.5,1888.0,6273.0,,38.6379123,-90.2521453,https://www.redfin.com/MO/Saint-Louis/4312-Laclede-Ave-63108/home/93725190
2920 Milton Blvd,Saint Louis,63104.0,Single Family Residential,January-20-2023,675000,3134.0,False,215.37970644543714,3.0,3.5,1926.0,7714.0,,38.6092095,-90.2300308,https://www.redfin.com/MO/Saint-Louis/2920-Milton-Blvd-63104/home/93691199
2614 Dalton Ave,Saint Louis,63139.0,Single Family Residential,September-27-2022,650000,2496.0,False,260.4166666666667,5.0,3.5,1900.0,7815.0,,38.6114006,-90.2844548,https://www.redfin.com/MO/Saint-Louis/2614-Dalton-Ave-63139/home/93726773
6207 Delor St,Saint Louis,63109.0,Single Family Residential,July-21-2023,649900,3012.0,False,215.7702523240372,3.0,2.5,1933.0,6072.0,,38.5847983,-90.2962837,https://www.redfin.com/MO/Saint-Louis/6207-Delor-St-63109/home/93780310
3810 Olive St Lot 10,Saint Louis,63108.0,Single Family Residential,March-24-2026,699000,2762.0,False,253.07748008689356,3.0,3.0,2025.0,2282.0,,38.6402704,-90.2377298,https://www.redfin.com/MO/Saint-Louis/3810-Olive-St-63108/unit-10/home/176875147
1216 Dolman St,Saint Louis,63104.0,Single Family Residential,November-13-2025,717500,2100.0,False,341.6666666666667,3.0,2.5,2014.0,4051.0,,38.617797,-90.2094453,https://www.redfin.com/MO/Saint-Louis/1216-Dolman-St-63104/home/103203498
336 N Newstead Ave,Saint Louis,63108.0,Single Family Residential,June-17-2026,709900,3100.0,False,229.0,4.0,2.5,1899.0,3223.0,,38.6441766,-90.2532179,https://www.redfin.com/MO/Saint-Louis/336-N-Newstead-Ave-63108/home/93725641
1928 Lasalle St,Saint Louis,63104.0,Single Family Residential,April-19-2024,739000,2788.0,False,265.06456241033,4.0,2.5,2007.0,3842.0,,38.619881807,-90.21236549,https://www.redfin.com/MO/Saint-Louis/1928-Lasalle-St-63104/home/76811282
4211 Shenandoah Ave,Saint Louis,63110.0,Single Family Residential,December-15-2025,729900,2943.0,False,248.01223241590213,3.0,3.5,1907.0,6150.0,,38.6111387,-90.2549373,https://www.redfin.com/MO/Saint-Louis/4211-Shenandoah-Ave-63110/home/62698685
4319 Mcpherson Ave,Saint Louis,63108.0,Single Family Residential,June-23-2025,685000,2880.0,False,237.84722222222223,4.0,2.5,1912.0,7000.0,,38.6439712,-90.2501911,https://www.redfin.com/MO/Saint-Louis/4319-McPherson-Ave-63108/home/70105615
4230 Maryland Ave,Saint Louis,63108.0,Single Family Residential,November-15-2024,749000,3050.0,False,245.5737704918033,3.0,3.5,2017.0,3363.0,,38.641581,-90.2491445,https://www.redfin.com/MO/Saint-Louis/4230-Maryland-Ave-63108/home/146873905
4234 Olive St,Saint Louis,63108.0,Single Family Residential,April-27-2026,675000,3150.0,False,214.28571428571428,3.0,3.5,2004.0,6403.0,,38.6446331,-90.2474649,https://www.redfin.com/MO/Saint-Louis/4234-Olive-St-63108/home/62726464
5217 Botanical Ave,Saint Louis,63110.0,Single Family Residential,,675000,2560.0,False,263.671875,3.0,2.0,1914.0,3562.0,,38.6124615,-90.2742491,https://www.redfin.com/MO/Saint-Louis/5217-Botanical-Ave-63110/home/146873938
6242 Loran Ave,Saint Louis,63109.0,Single Family Residential,August-2-2024,649000,2468.0,False,262.96596434359805,3.0,2.5,1939.0,5223.0,,38.5827421,-90.2979418,https://www.redfin.com/MO/Saint-Louis/6242-Loran-Ave-63109/home/93779934
3649 Cleveland Ave,Saint Louis,63110.0,Single Family Residential,August-14-2024,665000,2890.0,False,230.1038062283737,4.0,3.5,1896.0,4112.0,,38.6108302,-90.2424335,https://www.redfin.com/MO/Saint-Louis/3649-Cleveland-Ave-63110/home/93700316
5918 Crane Cir,Saint Louis,63109.0,Single Family Residential,May-24-2024,625000,2852.0,False,219.1444600280505,3.0,2.5,1952.0,8303.0,,38.5782224,-90.2986929,https://www.redfin.com/MO/Saint-Louis/5918-Crane-Cir-63109/home/67168265
232 N Newstead Ave,Saint Louis,63108.0,Townhouse,July-2-2025,675000,3208.0,False,210.41147132169576,5.0,3.5,1895.0,,,38.6426578,-90.2537226,https://www.redfin.com/MO/Saint-Louis/232-N-Newstead-Ave-63108/home/93725280
2747 Lafayette Ave,Saint Louis,63104.0,Single Family Residential,October-31-2023,695000,2807.0,False,247.59529747060918,4.0,2.5,1921.0,4792.0,,38.6155479,-90.2251944,https://www.redfin.com/MO/Saint-Louis/2747-Lafayette-Ave-63104/home/77299754
4366 Laclede Ave,Saint Louis,63108.0,Single Family Residential,November-6-2024,674000,2800.0,False,240.71428571428572,5.0,3.5,1894.0,5462.0,,38.6383235,-90.2539854,https://www.redfin.com/MO/Saint-Louis/4366-Laclede-Ave-63108/home/93725198
4527 Maryland Ave,Saint Louis,63108.0,Single Family Residential,June-11-2026,699900,3352.0,False,208.80071599045345,4.0,3.5,1905.0,6390.0,,38.6443786,-90.2583673,https://www.redfin.com/MO/Saint-Louis/4527-Maryland-Ave-63108/home/93724738
6347 Devonshire Ave,Saint Louis,63109.0,Single Family Residential,January-7-2025,695000,1996.0,False,348.19639278557116,4.0,2.5,1937.0,5388.0,,38.5895573,-90.2989485,https://www.redfin.com/MO/Saint-Louis/6347-Devonshire-Ave-63109/home/93780130
4008 Flora Pl,Saint Louis,63110.0,Single Family Residential,July-12-2022,599000,2960.0,False,202.36486486486487,5.0,2.0,1912.0,5837.0,,38.6128387,-90.2488324,https://www.redfin.com/MO/Saint-Louis/4008-Flora-Pl-63110/home/77526639
3810 Olive St Lot 10,St. Louis,63108.0,Single Family Residential,February-12-2025,645000,2762.0,False,233.5264301230992,3.0,3.0,1921.0,2283.0,,38.6402704,-90.2377298,https://www.redfin.com/MO/St-Louis/3810-Olive-St-63108/unit-10/home/192866158
2227 Hickory,St. Louis,63104.0,Single Family Residential,July-13-2023,659900,2580.0,False,255.7751937984496,3.0,3.5,1921.0,4356.0,,38.620034,-90.216454,https://www.redfin.com/MO/St-Louis/2227-Hickory-63104/home/171387812
2235 Hickory,Saint Louis,63104.0,Single Family Residential,September-1-2023,665395,2156.0,False,308.6247680890538,3.0,2.5,1921.0,4356.0,,38.6201037,-90.2169057,https://www.redfin.com/MO/Saint-Louis/2235-Hickory-St-63104/home/181866124
3918 Cleveland Ave,Saint Louis,63110.0,Single Family Residential,June-4-2025,585000,2715.0,False,215.4696132596685,4.0,2.5,1897.0,3920.0,,38.6108403,-90.2466942,https://www.redfin.com/MO/Saint-Louis/3918-Cleveland-Ave-63110/home/93746314
6127 Kingsbury Ave,Saint Louis,63112.0,Single Family Residential,April-4-2025,625000,3587.0,False,174.24031223863952,5.0,3.0,1908.0,5850.0,,38.6526952,-90.2974319,https://www.redfin.com/MO/Saint-Louis/6127-Kingsbury-Ave-63112/home/62765009
3816 Castleman Ave,Saint Louis,63110.0,Single Family Residential,August-16-2022,625000,2500.0,False,250.0,4.0,2.5,2022.0,6094.0,,38.6144219,-90.2434873,https://www.redfin.com/MO/Saint-Louis/3816-Castleman-Ave-63110/home/93747266
3847 Holly Hills Blvd,Saint Louis,63116.0,Single Family Residential,March-20-2023,649900,3208.0,False,202.58728179551122,3.0,3.5,1932.0,10054.0,,38.564501,-90.262703,https://www.redfin.com/MO/Saint-Louis/3847-Holly-Hills-Blvd-63116/home/93773684
5945 Clifton Ave,Saint Louis,63109.0,Single Family Residential,July-24-2025,659000,2850.0,False,231.2280701754386,4.0,3.5,2017.0,4199.0,,38.5776811,-90.298254,https://www.redfin.com/MO/Saint-Louis/5945-Clifton-Ave-63109/home/93783994
3011 Wisconsin Ave,Saint Louis,63118.0,Single Family Residential,March-17-2022,624999,3521.0,False,177.50610621982392,4.0,3.5,1883.0,5140.0,,38.5984809,-90.2200305,https://www.redfin.com/MO/Saint-Louis/3011-Wisconsin-Ave-63118/home/93699107
1226 Dolman St,Saint Louis,63104.0,Single Family Residential,July-30-2025,685000,2260.0,False,303.0973451327434,4.0,3.5,2017.0,3920.0,,38.6175497,-90.2095179,https://www.redfin.com/MO/Saint-Louis/1226-Dolman-St-63104/home/143286332
4001 Cleveland Ave,Saint Louis,63110.0,Single Family Residential,May-17-2023,600000,2567.0,False,233.7358784573432,4.0,2.5,1909.0,3454.0,,38.6114258,-90.2487907,https://www.redfin.com/MO/Saint-Louis/4001-Cleveland-Ave-63110/home/93746567
3511 Pestalozzi St,Saint Louis,63118.0,Single Family Residential,July-3-2025,624900,3132.0,False,199.52107279693487,4.0,3.0,1908.0,4430.0,,38.6044715,-90.2400385,https://www.redfin.com/MO/Saint-Louis/3511-Pestalozzi-St-63118/home/93692428
3740 Texas Ave,Saint Louis,63118.0,Single Family Residential,June-7-2024,19900,800.0,False,24.875,2.0,1.0,1890.0,3080.0,,38.5868491,-90.2278254,https://www.redfin.com/MO/Saint-Louis/3740-Texas-Ave-63118/home/93696622
4650 Saint Louis Ave,Saint Louis,63115.0,Single Family Residential,August-18-2025,20000,902.0,False,22.172949002217294,2.0,1.0,1908.0,3925.0,,38.666785,-90.247205,https://www.redfin.com/MO/Saint-Louis/4650-Saint-Louis-Ave-63115/home/93718424
6111 Sherry Ave,Saint Louis,63136.0,Single Family Residential,September-22-2023,23000,798.0,False,28.82205513784461,1.0,1.0,1928.0,3720.0,,38.7020518,-90.2599655,https://www.redfin.com/MO/Saint-Louis/6111-Sherry-Ave-63136/home/93745584
2917 Abner Pl,Saint Louis,63120.0,Single Family Residential,May-30-2025,25000,1104.0,False,22.644927536231883,3.0,1.0,1911.0,3328.0,,38.6756388,-90.263421,https://www.redfin.com/MO/Saint-Louis/2917-Abner-Pl-63120/home/93738363
6119 Lillian Ave,Saint Louis,63136.0,Single Family Residential,September-16-2022,19000,816.0,False,23.284313725490197,2.0,1.0,1950.0,4792.0,,38.700754,-90.2612065,https://www.redfin.com/MO/Saint-Louis/6119-Lillian-Ave-63136/home/93762141
4031 Pennsylvania Ave,Saint Louis,63118.0,Single Family Residential,August-29-2025,20000,850.0,False,23.529411764705884,3.0,1.0,1924.0,,,38.5826442,-90.2360838,https://www.redfin.com/MO/Saint-Louis/4031-Pennsylvania-Ave-63118/home/93704923
4561 Lexington Ave,Saint Louis,63115.0,Single Family Residential,April-25-2022,17000,812.0,False,20.935960591133004,2.0,1.0,1919.0,4748.0,,38.6710324,-90.2420375,https://www.redfin.com/MO/Saint-Louis/4561-Lexington-Ave-63115/home/93735549
3958 Kennerly Ave,Saint Louis,63113.0,Single Family Residential,March-15-2024,24000,1170.0,False,20.512820512820515,4.0,1.5,1921.0,2766.0,,38.657335,-90.2297562,https://www.redfin.com/MO/Saint-Louis/3958-Kennerly-Ave-63113/home/62732076
1517 Herder,Saint Louis,63107.0,Single Family Residential,November-14-2023,15900,788.0,False,20.17766497461929,0.0,2.0,1925.0,2520.0,,38.657248,-90.1991137,https://www.redfin.com/MO/Saint-Louis/1517-Herder-St-63107/home/93689192
4239 E San Francisco Ave,Saint Louis,63115.0,Single Family Residential,October-31-2023,25000,795.0,False,31.446540880503143,1.0,1.0,1910.0,3019.0,,38.6693424,-90.230513,https://www.redfin.com/MO/Saint-Louis/4239-E-San-Francisco-Ave-63115/home/93715655
4240 Nebraska Ave,Saint Louis,63111.0,Single Family Residential,December-18-2025,35000,1476.0,False,23.712737127371273,3.0,2.0,1888.0,6298.0,,38.5785932,-90.2352046,https://www.redfin.com/MO/Saint-Louis/4240-Nebraska-Ave-63111/home/93705540
5053 Claxton Ave,Saint Louis,63120.0,Single Family Residential,February-24-2026,20000,907.0,False,22.05071664829107,2.0,1.0,1928.0,3123.0,,38.6919632,-90.2470256,https://www.redfin.com/MO/Saint-Louis/5053-Claxton-Ave-63120/home/93764180
5114 Maffitt Ave,Saint Louis,63113.0,Single Family Residential,January-24-2025,22900,930.0,False,24.623655913978496,2.0,1.0,1905.0,4278.0,,38.6707388,-90.259272,https://www.redfin.com/MO/Saint-Louis/5114-Maffitt-Ave-63113/home/93737481
5088 Queens Ave,Saint Louis,63115.0,Single Family Residential,January-14-2025,28000,1096.0,False,25.547445255474454,4.0,2.0,1949.0,4273.0,,38.6887489,-90.2426258,https://www.redfin.com/MO/Saint-Louis/5088-Queens-Ave-63115/home/93768753
5219 Maffitt Ave,Saint Louis,63113.0,Single Family Residential,January-24-2025,25000,960.0,False,26.041666666666668,2.0,1.0,1909.0,7614.0,,38.6719037,-90.2608775,https://www.redfin.com/MO/Saint-Louis/5219-Maffitt-Ave-63113/home/93737456
1169 Howell St,Saint Louis,63147.0,Single Family Residential,April-18-2023,25000,768.0,False,32.552083333333336,1.0,1.0,1926.0,4613.0,,38.7217559,-90.2385,https://www.redfin.com/MO/Saint-Louis/1169-Howell-St-63147/home/62715313
3130 Oregon Ave,Saint Louis,63118.0,Single Family Residential,November-15-2021,20000,940.0,False,21.27659574468085,1.0,1.0,1893.0,3485.0,,38.5995416,-90.2297585,https://www.redfin.com/MO/Saint-Louis/3130-Oregon-Ave-63118/home/93692934
4633 Michigan Ave,Saint Louis,63111.0,Single Family Residential,December-29-2022,20000,900.0,False,22.22222222222222,2.0,1.0,1893.0,3311.0,,38.5721996,-90.240628,https://www.redfin.com/MO/Saint-Louis/4633-Michigan-Ave-63111/home/93706837
3223 Taft Ave,Saint Louis,63111.0,Single Family Residential,December-8-2022,40000,1123.0,False,35.61887800534283,2.0,1.0,1894.0,3271.0,,38.5744729,-90.241966,https://www.redfin.com/MO/Saint-Louis/3223-Taft-Ave-63111/home/93706216
4961 Margaretta Ave,Saint Louis,63115.0,Single Family Residential,November-15-2022,30000,1391.0,False,21.567217828900073,3.0,1.0,1907.0,4134.0,,38.6786329,-90.2491239,https://www.redfin.com/MO/Saint-Louis/4961-Margaretta-Ave-63115/home/93761346
4623 Elmbank Ave,Saint Louis,63115.0,Single Family Residential,April-8-2022,20000,799.0,False,25.031289111389235,2.0,1.0,1924.0,3877.0,,38.6694895,-90.2442005,https://www.redfin.com/MO/Saint-Louis/4623-Elmbank-Ave-63115/home/93736030
819 Elias Ave,Saint Louis,63147.0,Single Family Residential,April-22-2022,19900,832.0,False,23.91826923076923,2.0,1.0,1946.0,5837.0,,38.7213048,-90.2296371,https://www.redfin.com/MO/Saint-Louis/819-Elias-Ave-63147/home/93782975
5359 Maffitt Ave,Saint Louis,63112.0,Single Family Residential,May-6-2025,25000,1091.0,False,22.9147571035747,3.0,1.0,1916.0,3498.0,,38.673567,-90.264783,https://www.redfin.com/MO/Saint-Louis/5359-Maffitt-Ave-63112/home/93738256
4976 Genevieve Ave,Saint Louis,63120.0,Single Family Residential,December-15-2023,25000,1165.0,False,21.459227467811157,2.0,2.0,1910.0,3498.0,,38.6947858,-90.2528913,https://www.redfin.com/MO/Saint-Louis/4976-Genevieve-Ave-63120/home/93757409
4414 Carter Ave,Saint Louis,63115.0,Single Family Residential,July-30-2021,22500,1104.0,False,20.380434782608695,3.0,1.0,1961.0,7057.0,,38.6777513,-90.2315376,https://www.redfin.com/MO/Saint-Louis/4414-Carter-Ave-63115/home/93734231
5955 Harney,St Louis,63135.0,Single Family Residential,July-15-2025,39900,874.0,False,45.65217391304348,2.0,1.0,1924.0,3049.0,,38.706158,-90.252532,https://www.redfin.com/MO/St-Louis/5955-Harney-63135/home/196025851
4330 California Ave,Saint Louis,63111.0,Single Family Residential,November-5-2021,24900,825.0,False,30.181818181818183,1.0,1.0,1927.0,4835.0,,38.5770476,-90.2332698,https://www.redfin.com/MO/Saint-Louis/4330-California-Ave-63111/home/93705808
6301 Laura Ave,Saint Louis,63136.0,Single Family Residential,January-5-2024,25000,936.0,False,26.70940170940171,2.0,1.0,1952.0,4051.0,,38.7025175,-90.2628703,https://www.redfin.com/MO/Saint-Louis/6301-Laura-Ave-63136/home/93762194
3918 California Ave,Saint Louis,63118.0,Single Family Residential,September-12-2022,25000,853.0,False,29.308323563892145,1.0,1.5,1895.0,3354.0,,38.5841792,-90.2315216,https://www.redfin.com/MO/Saint-Louis/3918-California-Ave-63118/home/93704319
1122 Mclaran Ave,Saint Louis,63147.0,Single Family Residential,February-21-2025,27000,1152.0,False,23.4375,2.0,1.0,1911.0,7501.0,,38.7151999,-90.2345762,https://www.redfin.com/MO/Saint-Louis/1122-McLaran-Ave-63147/home/93731328
6155 Sherry Ave,Saint Louis,63136.0,Single Family Residential,November-3-2023,19900,805.0,False,24.720496894409937,2.0,1.0,1923.0,6608.0,,38.7026539,-90.2613352,https://www.redfin.com/MO/Saint-Louis/6155-Sherry-Ave-63136/home/93745573
5920 Lalite Ave,Saint Louis,63136.0,Single Family Residential,February-17-2026,22000,760.0,False,28.94736842105263,2.0,1.0,1958.0,3123.0,,38.7015025,-90.2569374,https://www.redfin.com/MO/Saint-Louis/5920-Lalite-Ave-63136/home/93758733
6341 Sherry Ave,Saint Louis,63136.0,Single Family Residential,November-9-2024,17500,830.0,False,21.08433734939759,2.0,1.0,1951.0,4574.0,,38.7038451,-90.2635091,https://www.redfin.com/MO/Saint-Louis/6341-Sherry-Ave-63136/home/93762091
4319 Prairie Ave,Saint Louis,63107.0,Single Family Residential,April-1-2025,40000,1900.0,False,21.05263157894737,2.0,2.0,1937.0,2945.0,,38.6705555,-90.2154209,https://www.redfin.com/MO/Saint-Louis/4319-Prairie-Ave-63107/home/93712823
918 Nassau,Saint Louis,63147.0,Single Family Residential,July-30-2021,19900,768.0,False,25.911458333333332,2.0,1.0,1949.0,5053.0,,38.7230435,-90.2331036,https://www.redfin.com/MO/Saint-Louis/918-Nassau-Dr-63147/home/93759802
4512 Ashland Ave,Saint Louis,63115.0,Single Family Residential,June-12-2023,20000,798.0,False,25.06265664160401,2.0,1.0,1931.0,4670.0,,38.6689747,-90.2415628,https://www.redfin.com/MO/Saint-Louis/4512-Ashland-Ave-63115/home/93735876
8421 Church Dr,Saint Louis,63147.0,Single Family Residential,March-1-2023,23000,1130.0,False,20.353982300884955,3.0,1.0,1921.0,4021.0,,38.7140628,-90.2333159,https://www.redfin.com/MO/Saint-Louis/8421-Church-Rd-63147/home/93731366
3408 Marcus Ave,Saint Louis,63115.0,Single Family Residential,May-2-2025,27500,1012.0,False,27.17391304347826,2.0,1.0,1907.0,3358.0,,38.6705637,-90.2457997,https://www.redfin.com/MO/Saint-Louis/3408-Marcus-Ave-63115/home/93735833
4629 Michigan Ave,Saint Louis,63111.0,Single Family Residential,February-7-2025,20000,1000.0,False,20.0,1.0,1.0,1893.0,3772.0,,38.5722852,-90.2405607,https://www.redfin.com/MO/Saint-Louis/4629-Michigan-Ave-63111/home/93706838
8408 Church Rd,Saint Louis,63147.0,Single Family Residential,April-7-2023,25000,768.0,False,32.552083333333336,3.0,1.0,1895.0,6887.0,,38.7138081,-90.232812,https://www.redfin.com/MO/Saint-Louis/8408-Church-Rd-63147/home/62720046
1434 E Gano Ave,Saint Louis,63107.0,Single Family Residential,,18050,820.0,False,22.01219512195122,3.0,1.0,1955.0,4182.0,,38.673803,-90.2077972,https://www.redfin.com/MO/Saint-Louis/1434-E-Gano-Ave-63107/home/93703701
3720 Virginia Ave,Saint Louis,63118.0,Single Family Residential,March-17-2025,25000,814.0,False,30.71253071253071,1.0,1.0,1891.0,3123.0,,38.5888001,-90.2390244,https://www.redfin.com/MO/Saint-Louis/3720-Virginia-Ave-63118/home/93695656
4593 Maffitt Ave,Saint Louis,63113.0,Single Family Residential,September-15-2023,24900,967.0,False,25.749741468459153,2.0,1.0,1889.0,3572.0,,38.6657732,-90.2462965,https://www.redfin.com/MO/Saint-Louis/4593-Maffitt-Ave-63113/home/93718538
4853 Calvin Ave,Saint Louis,63115.0,Single Family Residential,July-12-2021,24900,986.0,False,25.253549695740364,1.0,1.0,1931.0,4182.0,,38.6823297,-90.2417735,https://www.redfin.com/MO/Saint-Louis/4853-Calvin-Ave-63115/home/93732990
5267 Beacon Ave,Saint Louis,63120.0,Single Family Residential,October-21-2024,25000,798.0,False,31.328320802005013,2.0,2.0,1921.0,3237.0,,38.6968555,-90.247983,https://www.redfin.com/MO/Saint-Louis/5267-Beacon-Ave-63120/home/93763135
5129 Maffitt Ave,Saint Louis,63113.0,Single Family Residential,February-14-2025,39900,1632.0,False,24.448529411764707,4.0,1.0,1918.0,5279.0,,38.6712552,-90.259447,https://www.redfin.com/MO/Saint-Louis/5129-Maffitt-Ave-63113/home/93737305
6315 Sherry Ave,Saint Louis,63136.0,Single Family Residential,March-9-2022,19900,960.0,False,20.729166666666668,2.0,1.0,1946.0,4269.0,,38.7034862,-90.2626721,https://www.redfin.com/MO/Saint-Louis/6315-Sherry-Ave-63136/home/93762113
5340 Mimika Ave,Saint Louis,63136.0,Single Family Residential,July-1-2022,20500,775.0,False,26.451612903225808,2.0,1.0,1940.0,,,38.7050479,-90.2570088,https://www.redfin.com/MO/Saint-Louis/5340-Mimika-Ave-63136/home/62737698
1913 Belle Glade Ave,Saint Louis,63113.0,Single Family Residential,,20000,1000.0,False,20.0,3.0,2.0,1998.0,4240.0,,38.6561811,-90.2359899,https://www.redfin.com/MO/Saint-Louis/1913-Belle-Glade-Ave-63113/home/146873830
5962 Goodfellow Blvd,Saint Louis,63147.0,Single Family Residential,August-8-2022,24900,960.0,False,25.9375,2.0,1.0,1952.0,3877.0,,38.7150008,-90.2533627,https://www.redfin.com/MO/Saint-Louis/5962-Goodfellow-Blvd-63147/home/93768975
2242 Osage St,Saint Louis,63118.0,Single Family Residential,June-27-2025,42000,1708.0,False,24.59016393442623,3.0,1.5,1890.0,3250.0,,38.5822644,-90.2270095,https://www.redfin.com/MO/Saint-Louis/2242-Osage-St-63118/home/93704952
4939 Alcott Ave,Saint Louis,63120.0,Single Family Residential,September-26-2023,28000,1032.0,False,27.131782945736433,3.0,2.0,1905.0,3947.0,,38.6923012,-90.2523812,https://www.redfin.com/MO/Saint-Louis/4939-Alcott-Ave-63120/home/93756770
4429 Marcus Ave,Saint Louis,63115.0,Single Family Residential,August-12-2022,28000,1000.0,False,28.0,2.0,2.0,1925.0,3833.0,,38.6816575,-90.2374652,https://www.redfin.com/MO/Saint-Louis/4429-Marcus-Ave-63115/home/93733139
3414 Michigan Ave,Saint Louis,63118.0,Single Family Residential,October-24-2024,20000,900.0,False,22.22222222222222,2.0,1.0,1890.0,9409.0,,38.5940334,-90.235518,https://www.redfin.com/MO/Saint-Louis/3414-Michigan-Ave-63118/home/62698371
4217 Clarence Ave,Saint Louis,63115.0,Single Family Residential,September-12-2023,29900,945.0,False,31.64021164021164,2.0,1.0,1912.0,3141.0,,38.6752289,-90.231272,https://www.redfin.com/MO/Saint-Louis/4217-Clarence-Ave-63115/home/93714357
3607 Clay Ave,Saint Louis,63115.0,Single Family Residential,October-3-2023,28000,1128.0,False,24.822695035460992,2.0,1.0,1913.0,,,38.664732,-90.2274437,https://www.redfin.com/MO/Saint-Louis/3607-Clay-Ave-63115/home/62716875
4530 Greer Ave,Saint Louis,63115.0,Single Family Residential,October-15-2024,24900,1092.0,False,22.802197802197803,3.0,1.0,1911.0,3864.0,,38.6675788,-90.2432857,https://www.redfin.com/MO/Saint-Louis/4530-Greer-Ave-63115/home/93718336
811 Hornsby Ave,Saint Louis,63147.0,Single Family Residential,June-18-2025,20000,864.0,False,23.14814814814815,0.0,2.0,1952.0,,,38.7185576,-90.2298539,https://www.redfin.com/MO/Saint-Louis/811-Hornsby-Ave-63147/home/93761177
5710 Saint Louis Ave,Saint Louis,63120.0,Single Family Residential,November-7-2025,25000,1000.0,False,25.0,2.0,1.0,1926.0,4146.0,,38.6789361,-90.2723217,https://www.redfin.com/MO/Saint-Louis/5710-Saint-Louis-Ave-63120/home/93755003
4224 Penrose St,Saint Louis,63115.0,Single Family Residential,September-30-2021,24900,990.0,False,25.151515151515152,2.0,1.0,1921.0,2526.0,,38.6728871,-90.227653,https://www.redfin.com/MO/Saint-Louis/4224-Penrose-St-63115/home/93714441
2823 Nebraska Ave,Saint Louis,63118.0,Single Family Residential,October-7-2025,24900,1184.0,False,21.030405405405407,2.0,1.5,1885.0,2539.0,,38.6038085,-90.2305573,https://www.redfin.com/MO/Saint-Louis/2823-Nebraska-Ave-63118/home/93691796
5242 Wabada Ave,Saint Louis,63113.0,Single Family Residential,November-4-2024,34000,1550.0,False,21.93548387096774,2.0,1.0,1910.0,5009.0,,38.6693518,-90.2638585,https://www.redfin.com/MO/Saint-Louis/5242-Wabada-Ave-63113/home/93737902
6133 Lillian Ave,Saint Louis,63136.0,Single Family Residential,June-18-2025,20000,792.0,False,25.252525252525253,2.0,1.0,1949.0,5218.0,,38.7009578,-90.2616283,https://www.redfin.com/MO/Saint-Louis/6133-Lillian-Ave-63136/home/93762121
828 Elias Ave,Saint Louis,63147.0,Single Family Residential,May-18-2026,25000,832.0,False,30.048076923076923,4.0,2.0,1946.0,5079.0,,38.7209478,-90.2300008,https://www.redfin.com/MO/Saint-Louis/828-Elias-Ave-63147/home/93759939
5521 Genevieve Ave,Saint Louis,63120.0,Single Family Residential,November-15-2024,25000,760.0,False,32.89473684210526,1.0,1.0,1924.0,2801.0,,38.6995883,-90.2449499,https://www.redfin.com/MO/Saint-Louis/5521-Genevieve-Ave-63120/home/93763193
4749 Beacon Ave,Saint Louis,63120.0,Single Family Residential,April-27-2023,25000,780.0,False,32.05128205128205,1.0,1.0,1909.0,3846.0,,38.6925973,-90.2557407,https://www.redfin.com/MO/Saint-Louis/4749-Beacon-Ave-63120/home/93767278
827 Canaan,Saint Louis,63147.0,Single Family Residential,October-15-2024,39000,850.0,False,45.88235294117647,2.0,1.0,1907.0,,,38.7204426,-90.2300575,https://www.redfin.com/MO/Saint-Louis/827-Canaan-Ave-63147/home/93759983
5039 Queens Ave,Saint Louis,63115.0,Single Family Residential,September-12-2022,20000,960.0,False,20.833333333333332,2.0,1.0,1927.0,3311.0,,38.6882309,-90.2443478,https://www.redfin.com/MO/Saint-Louis/5039-Queens-Ave-63115/home/93768737
5086 Arlington Ave,Saint Louis,63120.0,Single Family Residential,May-1-2026,24999,871.0,False,28.70149253731343,2.0,1.0,1915.0,3123.0,,38.6929485,-90.2463874,https://www.redfin.com/MO/Saint-Louis/5086-Arlington-Ave-63120/home/93764196
4150 Shreve Ave,Saint Louis,63115.0,Single Family Residential,July-25-2025,54000,1088.0,False,49.63235294117647,2.0,1.0,1925.0,4561.0,,38.6787551,-90.2418908,https://www.redfin.com/MO/Saint-Louis/4150-Shreve-Ave-63115/home/93733223
8504 Concord Pl,Saint Louis,63147.0,Single Family Residential,January-18-2023,28000,970.0,False,28.8659793814433,2.0,1.0,1917.0,3920.0,,38.7171457,-90.2304465,https://www.redfin.com/MO/Saint-Louis/8504-Concord-Pl-63147/home/93766425
3203 N Taylor Ave,Saint Louis,63115.0,Single Family Residential,March-31-2023,28500,1092.0,False,26.0989010989011,2.0,1.0,1914.0,4334.0,,38.6683411,-90.2416142,https://www.redfin.com/MO/Saint-Louis/3203-N-Taylor-Ave-63115/home/93735858
5521 Alcott Ave,Saint Louis,63120.0,Single Family Residential,April-18-2023,19000,864.0,False,21.99074074074074,2.0,1.0,1924.0,3703.0,,38.6973729,-90.2430074,https://www.redfin.com/MO/Saint-Louis/5521-Alcott-Ave-63120/home/93765959
6165 Sherry Ave,Saint Louis,63136.0,Single Family Residential,September-22-2022,22500,960.0,False,23.4375,2.0,1.0,1955.0,3541.0,,38.7027965,-90.2615991,https://www.redfin.com/MO/Saint-Louis/6165-Sherry-Ave-63136/home/93745570
6018 Margaretta Ave,Saint Louis,63120.0,Single Family Residential,November-9-2023,27000,946.0,False,28.54122621564482,1.0,1.0,1928.0,4247.0,,38.6905603,-90.2739595,https://www.redfin.com/MO/Saint-Louis/6018-Margaretta-Ave-63120/home/93731992
5353 Maffitt Ave,Saint Louis,63112.0,Single Family Residential,September-29-2023,24900,1200.0,False,20.75,2.0,1.5,1920.0,4935.0,,38.673509,-90.264598,https://www.redfin.com/MO/Saint-Louis/5353-Maffitt-Ave-63112/home/93738250
4419 Farlin Ave,Saint Louis,63115.0,Single Family Residential,October-4-2023,25000,912.0,False,27.412280701754387,2.0,1.0,1904.0,3524.0,,38.6730856,-90.2349201,https://www.redfin.com/MO/Saint-Louis/4419-Farlin-Ave-63115/home/62714719
5556 Floy Ave,Saint Louis,63136.0,Single Family Residential,December-12-2023,30000,850.0,False,35.294117647058826,2.0,2.0,1950.0,5968.0,,38.7090217,-90.2565216,https://www.redfin.com/MO/Saint-Louis/5556-Floy-Ave-63136/home/93770012
5305 Minnesota Ave,Saint Louis,63111.0,Single Family Residential,September-30-2024,24900,1060.0,False,23.49056603773585,2.0,2.0,1893.0,3633.0,,38.5654764,-90.2424511,https://www.redfin.com/MO/Saint-Louis/5305-Minnesota-Ave-63111/home/93708123
4962 Lilburn Ave,Saint Louis,63115.0,Single Family Residential,February-21-2023,30000,944.0,False,31.779661016949152,2.0,1.0,1910.0,3742.0,,38.6887451,-90.2394459,https://www.redfin.com/MO/Saint-Louis/4962-Lilburn-Ave-63115/home/93761118
1519 Herder,Saint Louis,63107.0,Single Family Residential,November-14-2023,24900,788.0,False,31.598984771573605,0.0,2.0,1925.0,2520.0,,38.6572265,-90.1991924,https://www.redfin.com/MO/Saint-Louis/1519-Herder-St-63107/home/93689197
5205 Emerson Ave,Saint Louis,63120.0,Single Family Residential,January-19-2024,34900,1050.0,False,33.23809523809524,2.0,1.0,1925.0,4474.0,,38.6936915,-90.2477582,https://www.redfin.com/MO/Saint-Louis/5205-Emerson-Ave-63120/home/93765007
5155 Terry Ave,Saint Louis,63115.0,Single Family Residential,October-15-2024,24900,1091.0,False,22.823098075160402,3.0,1.0,1915.0,4251.0,,38.672399666,-90.2597341,https://www.redfin.com/MO/Saint-Louis/5155-Terry-Ave-63115/home/93737294
3006 Miami St,Saint Louis,63118.0,Single Family Residential,November-5-2024,30000,1386.0,False,21.645021645021647,3.0,1.0,1913.0,3528.0,,38.5905806,-90.2345873,https://www.redfin.com/MO/Saint-Louis/3006-Miami-St-63118/home/93696351
4012 Penrose St,Saint Louis,63107.0,Single Family Residential,October-6-2023,29900,1104.0,False,27.083333333333332,2.0,1.0,1910.0,2823.0,,38.6701098,-90.221284,https://www.redfin.com/MO/Saint-Louis/4012-Penrose-St-63107/home/93714908
610 Fremont Ave Unit R,Saint Louis,63147.0,Single Family Residential,October-20-2023,29900,1359.0,False,22.001471670345843,2.0,1.0,1954.0,7562.0,,38.7233563,-90.2264565,https://www.redfin.com/MO/Saint-Louis/610-Fremont-Ave-63147/unit-R/home/93785876
4860 Anderson Ave,Saint Louis,63115.0,Single Family Residential,January-31-2024,35000,841.0,False,41.617122473246134,3.0,2.0,1924.0,4395.0,,38.6813033,-90.2427982,https://www.redfin.com/MO/Saint-Louis/4860-Anderson-Ave-63115/home/93733352
949 Canaan Ave,Saint Louis,63147.0,Single Family Residential,February-20-2026,47625,800.0,False,59.53125,1.0,1.0,1905.0,7618.0,,38.7208296,-90.2338298,https://www.redfin.com/MO/Saint-Louis/949-Canaan-Ave-63147/home/93756372
5561 Floy Ave,Saint Louis,63136.0,Single Family Residential,October-11-2024,25000,882.0,False,28.34467120181406,2.0,1.0,1927.0,3694.0,,38.7091963,-90.2568535,https://www.redfin.com/MO/Saint-Louis/5561-Floy-Ave-63136/home/93770097
4420 Cottage Ave,Saint Louis,63113.0,Single Family Residential,November-17-2023,25000,959.0,False,26.068821689259646,1.0,1.0,1893.0,3633.0,,38.6617227,-90.2431757,https://www.redfin.com/MO/Saint-Louis/4420-Cottage-Ave-63113/home/93717915
2036 E De Soto Ave,Saint Louis,63107.0,Single Family Residential,December-13-2024,25000,1175.0,False,21.27659574468085,2.0,1.0,1922.0,3681.0,,38.6732915,-90.212647,https://www.redfin.com/MO/Saint-Louis/2036-E-De-Soto-Ave-63107/home/93712614
8116 Pelham Ave,Saint Louis,63147.0,Single Family Residential,December-4-2024,52500,1344.0,False,39.0625,4.0,2.0,1923.0,4517.0,,38.7116199,-90.2286691,https://www.redfin.com/MO/Saint-Louis/8116-Pelham-Ave-63147/home/93731456
5431 Arlington Ave,Saint Louis,63120.0,Single Family Residential,October-3-2025,32300,1196.0,False,27.006688963210703,2.0,1.0,1922.0,3877.0,,38.6955678,-90.2424292,https://www.redfin.com/MO/Saint-Louis/5431-Arlington-Ave-63120/home/93764910
3711 Gravois Ave,Saint Louis,63116.0,Single Family Residential,April-23-2026,29900,1155.0,False,25.88744588744589,2.0,1.0,1909.0,4024.0,,38.5921089,-90.2470001,https://www.redfin.com/MO/Saint-Louis/3711-Gravois-Ave-63116/home/93730381
3122 N Taylor Ave,Saint Louis,63115.0,Single Family Residential,May-24-2024,34900,1530.0,False,22.81045751633987,3.0,1.0,1908.0,3489.0,,38.6677689,-90.2414509,https://www.redfin.com/MO/Saint-Louis/3122-N-Taylor-Ave-63115/home/93715395
8214 Pelham Ave,Saint Louis,63147.0,Single Family Residential,January-10-2024,40000,900.0,False,44.44444444444444,2.0,1.0,1939.0,4491.0,,38.7123283,-90.2292611,https://www.redfin.com/MO/Saint-Louis/8214-Pelham-Ave-63147/home/62765519
2236 Sullivan Ave,Saint Louis,63107.0,Single Family Residential,October-18-2024,40000,987.0,False,40.52684903748734,1.0,1.0,1971.0,4125.0,,38.6544108,-90.2058023,https://www.redfin.com/MO/Saint-Louis/2236-Sullivan-Ave-63107/home/93687500
4307 Gravois Ave,Saint Louis,63116.0,Single Family Residential,December-29-2023,39900,1220.0,False,32.704918032786885,4.0,1.0,1924.0,4108.0,,38.5870924,-90.260295,https://www.redfin.com/MO/Saint-Louis/4307-Gravois-Ave-63116/home/93726571
7142 Idaho Ave,Saint Louis,63111.0,Single Family Residential,January-17-2025,22800,904.0,False,25.221238938053098,2.0,1.0,1893.0,2849.0,,38.5541411,-90.2609389,https://www.redfin.com/MO/Saint-Louis/7142-Idaho-Ave-63111/home/93710297
4619 Natural Bridge Ave,Saint Louis,63115.0,Single Family Residential,December-2-2024,35000,983.0,False,35.60528992878942,1.0,1.0,1911.0,2069.0,,38.6723916,-90.2418865,https://www.redfin.com/MO/Saint-Louis/4619-Natural-Bridge-Ave-63115/home/93733803
8514 Mora Ln,Saint Louis,63147.0,Single Family Residential,June-16-2026,65000,910.0,False,71.42857142857143,2.0,1.0,1926.0,9500.0,,38.714828,-90.2488693,https://www.redfin.com/MO/Saint-Louis/8514-Mora-Ln-63147/home/93732241
1632 Belt Ave,Saint Louis,63112.0,Single Family Residential,July-3-2025,37900,1003.0,False,37.786640079760716,2.0,1.0,1908.0,4251.0,,38.6702123,-90.2717168,https://www.redfin.com/MO/Saint-Louis/1632-Belt-Ave-63112/home/93738859
4869 Carter Ave,Saint Louis,63115.0,Single Family Residential,October-10-2024,43500,1080.0,False,40.27777777777778,2.0,1.0,1925.0,4103.0,,38.6833312,-90.2418246,https://www.redfin.com/MO/Saint-Louis/4869-Carter-Ave-63115/home/62737650
4965 Lilburn Ave,Saint Louis,63115.0,Single Family Residential,December-18-2023,45900,1050.0,False,43.714285714285715,2.0,1.0,1923.0,4892.0,,38.6889595,-90.2391838,https://www.redfin.com/MO/Saint-Louis/4965-Lilburn-Ave-63115/home/93756184
1919 Belt Ave,Saint Louis,63112.0,Single Family Residential,March-25-2024,29900,1013.0,False,29.51628825271471,2.0,1.0,1901.0,4909.0,,38.6712536,-90.2715503,https://www.redfin.com/MO/Saint-Louis/1919-Belt-Ave-63112/home/93739032
4652 Tennessee Ave,Saint Louis,63111.0,Single Family Residential,June-13-2025,30900,922.0,False,33.51409978308026,0.0,2.0,1908.0,,,38.5748358,-90.2472491,https://www.redfin.com/MO/Saint-Louis/4652-Tennessee-Ave-63111/home/93707226
5930 Shulte Ave,Saint Louis,63136.0,Single Family Residential,April-24-2024,39900,1440.0,False,27.708333333333332,3.0,1.0,1915.0,5066.0,,38.7061769,-90.2514092,https://www.redfin.com/MO/Saint-Louis/5930-Shulte-Ave-63136/home/93758953
2630 Arsenal St,Saint Louis,63118.0,Single Family Residential,August-26-2025,35000,1259.0,False,27.799841143764894,1.0,1.0,1885.0,3276.0,,38.5991328,-90.2257268,https://www.redfin.com/MO/Saint-Louis/2630-Arsenal-St-63118/home/93697115
4625 Kossuth Ave,Saint Louis,63115.0,Single Family Residential,May-23-2025,29900,1128.0,False,26.50709219858156,3.0,1.0,1926.0,5545.0,,38.6761349,-90.2391544,https://www.redfin.com/MO/Saint-Louis/4625-Kossuth-Ave-63115/home/93733711
963 Canaan Ave,Saint Louis,63147.0,Single Family Residential,November-17-2025,29750,816.0,False,36.458333333333336,2.0,2.0,1926.0,3811.0,,38.7208942,-90.2344887,https://www.redfin.com/MO/Saint-Louis/963-Canaan-Ave-63147/home/93756369
2927 Harper St,Saint Louis,63107.0,Single Family Residential,October-16-2025,52250,2000.0,False,26.125,4.0,2.0,1885.0,2935.0,,38.6609343,-90.2134863,https://www.redfin.com/MO/Saint-Louis/2927-Harper-St-63107/home/93698835
4307 Randall Pl,Saint Louis,63107.0,Single Family Residential,October-31-2023,34900,1166.0,False,29.93138936535163,2.0,1.5,1891.0,3576.0,,38.6686521,-90.2031956,https://www.redfin.com/MO/Saint-Louis/4307-Randall-Pl-63107/home/93703612
8800 Jordan Ave,Saint Louis,63147.0,Single Family Residential,February-9-2024,29900,884.0,False,33.8235294117647,2.0,2.0,1948.0,9239.0,,38.7241742,-90.2301437,https://www.redfin.com/MO/Saint-Louis/8800-Jordan-Ave-63147/home/93783349
1337 Walton Ave,Saint Louis,63113.0,Single Family Residential,April-8-2024,29900,1489.0,False,20.080591000671593,3.0,1.0,1912.0,4343.0,,38.659794,-90.2563671,https://www.redfin.com/MO/Saint-Louis/1337-Walton-Ave-63113/home/93720721
5220 Highland Ave,Saint Louis,63113.0,Single Family Residential,August-6-2025,39900,1200.0,False,33.25,5.0,2.0,1916.0,,,38.6699578,-90.262561,https://www.redfin.com/MO/Saint-Louis/5220-Highland-Ave-63113/home/93737923
4514 Bircher Blvd,Saint Louis,63115.0,Single Family Residential,February-13-2026,30000,1222.0,False,24.549918166939445,3.0,2.0,1926.0,4375.0,,38.6820667,-90.2346214,https://www.redfin.com/MO/Saint-Louis/4514-Bircher-Blvd-63115/home/93734637
5920 Floy Ave,Saint Louis,63147.0,Single Family Residential,May-31-2024,29900,768.0,False,38.932291666666664,1.0,1.0,1932.0,3724.0,,38.7137487,-90.2530695,https://www.redfin.com/MO/Saint-Louis/5920-Floy-Ave-63147/home/93769003
711 Gimblin Rd,Saint Louis,63147.0,Single Family Residential,January-31-2025,34900,900.0,False,38.77777777777778,1.0,1.0,1958.0,4674.0,,38.7157085,-90.228845,https://www.redfin.com/MO/Saint-Louis/711-Gimblin-Rd-63147/home/93731691
4403 Cottage Ave,Saint Louis,63113.0,Single Family Residential,May-6-2025,25000,856.0,False,29.205607476635514,2.0,1.0,1883.0,3341.0,,38.6618061,-90.2424425,https://www.redfin.com/MO/Saint-Louis/4403-Cottage-Ave-63113/home/93717880
5875 Roosevelt Pl,Saint Louis,63120.0,Single Family Residential,April-30-2024,34900,882.0,False,39.569160997732425,2.0,1.0,1954.0,6264.0,,38.6802429,-90.2769185,https://www.redfin.com/MO/Saint-Louis/5875-Roosevelt-Pl-63120/home/93777758
1652 Mclaran Ave,Saint Louis,63147.0,Single Family Residential,October-26-2023,34000,928.0,False,36.63793103448276,2.0,1.0,1929.0,3629.0,,38.717025,-90.2456319,https://www.redfin.com/MO/Saint-Louis/1652-McLaran-Ave-63147/home/93732167
1001 Veronica Ave,Saint Louis,63147.0,Single Family Residential,September-29-2023,25000,1188.0,False,21.043771043771045,2.0,1.0,1924.0,6543.0,,38.7180743,-90.2332894,https://www.redfin.com/MO/Saint-Louis/1001-Veronica-Ave-63147/home/93755611
4215 W Page Blvd,Saint Louis,63113.0,Single Family Residential,November-17-2023,45000,2050.0,False,21.951219512195124,5.0,2.0,1898.0,5332.0,,38.6527283,-90.2422589,https://www.redfin.com/MO/Saint-Louis/4215-W-Page-Blvd-63113/home/93719033
5054 Thrush Ave,Saint Louis,63120.0,Single Family Residential,April-1-2024,37000,1260.0,False,29.365079365079364,2.0,1.0,1906.0,3598.0,,38.6965228,-90.2517158,https://www.redfin.com/MO/Saint-Louis/5054-Thrush-Ave-63120/home/93757577
4112 Turner Ave,Saint Louis,63115.0,Single Family Residential,April-29-2025,28000,1236.0,False,22.653721682847895,4.0,1.5,1972.0,3001.0,,38.6723119,-90.2303084,https://www.redfin.com/MO/Saint-Louis/4112-Turner-Ave-63115/home/93734779
1008 Wall St,Saint Louis,63147.0,Single Family Residential,May-20-2024,25500,840.0,False,30.357142857142858,2.0,1.0,1925.0,5266.0,,38.7195326,-90.2332842,https://www.redfin.com/MO/Saint-Louis/1008-Wall-St-63147/home/93760924
3425 Itaska St,Saint Louis,63111.0,Single Family Residential,November-22-2023,35000,1376.0,False,25.436046511627907,4.0,1.0,1904.0,2548.0,,38.5729853,-90.2458175,https://www.redfin.com/MO/Saint-Louis/3425-Itaska-St-63111/home/93707193
8845 Portland Ter,Saint Louis,63147.0,Single Family Residential,April-27-2026,33000,1116.0,False,29.56989247311828,2.0,1.0,1907.0,10079.0,,38.7252791,-90.2294245,https://www.redfin.com/MO/Saint-Louis/8845-Portland-Ter-63147/home/93783295
5041 Lotus Ave,Saint Louis,,Single Family Residential,August-11-2025,30000,1500.0,False,20.0,4.0,1.5,1921.0,5215.0,,38.6671467,-90.2604475,https://www.redfin.com/MO/Saint-Louis/5041-Lotus-Ave-63113/home/93738024
3744 Blow St,Saint Louis,63116.0,Single Family Residential,,29000,744.0,False,38.97849462365591,3.0,1.0,1907.0,3840.0,,38.558983,-90.2679483,https://www.redfin.com/MO/Saint-Louis/3744-Blow-St-63116/home/93711943
4110 Oregon Ave,Saint Louis,63118.0,Single Family Residential,May-22-2026,39000,1088.0,False,35.845588235294116,2.0,1.5,1895.0,3075.0,,38.5810408,-90.2336182,https://www.redfin.com/MO/Saint-Louis/4110-Oregon-Ave-63118/home/93705075
6343 Amelia Ave,Saint Louis,63120.0,Single Family Residential,August-31-2023,30450,888.0,False,34.29054054054054,2.0,1.0,1949.0,4073.0,,38.699641,-90.266655,https://www.redfin.com/MO/Saint-Louis/6343-Amelia-Ave-63120/home/93778225
1026 Hornsby Ave,Saint Louis,63147.0,Single Family Residential,September-13-2023,29900,1000.0,False,29.9,2.0,1.0,1925.0,3563.0,,38.7186854,-90.2340855,https://www.redfin.com/MO/Saint-Louis/1026-Hornsby-Ave-63147/home/93755602
322 E Davis St,Saint Louis,63111.0,Single Family Residential,April-28-2026,39000,1156.0,False,33.73702422145329,1.0,1.0,1861.0,6250.0,,38.54126,-90.2603369,https://www.redfin.com/MO/Saint-Louis/322-E-Davis-St-63111/home/93711372
5407 Genevieve Ave,Saint Louis,63120.0,Single Family Residential,January-29-2026,40000,920.0,False,43.47826086956522,2.0,1.0,1926.0,3123.0,,38.6979997,-90.2478224,https://www.redfin.com/MO/Saint-Louis/5407-Genevieve-Ave-63120/home/93762890
4234 Shreve Ave,Saint Louis,63115.0,Single Family Residential,April-28-2026,39999,890.0,False,44.942696629213486,4.0,1.0,1923.0,5201.0,,38.6799735,-90.2409694,https://www.redfin.com/MO/Saint-Louis/4234-Shreve-Ave-63115/home/93733413
4500 Carter Ave,Saint Louis,63115.0,Single Family Residential,January-5-2024,40000,1257.0,False,31.821797931583134,2.0,1.5,1929.0,5358.0,,38.6787361,-90.2337923,https://www.redfin.com/MO/Saint-Louis/4500-Carter-Ave-63115/home/62746336
2248 Sullivan Ave,Saint Louis,63107.0,Single Family Residential,October-21-2025,24900,987.0,False,25.227963525835865,1.0,1.0,1971.0,3920.0,,38.6544812,-90.2061766,https://www.redfin.com/MO/Saint-Louis/2248-Sullivan-Ave-63107/home/93687497
5949 Mcarthur Ave,Saint Louis,63120.0,Single Family Residential,January-23-2024,40000,875.0,False,45.714285714285715,2.0,1.0,1952.0,3350.0,,38.6898299,-90.2723666,https://www.redfin.com/MO/Saint-Louis/5949-McArthur-Ave-63120/home/93768543
2015 Chippewa Ave,Saint Louis,63118.0,Single Family Residential,September-12-2025,49900,1800.0,False,27.72222222222222,2.0,2.0,1911.0,,,38.5858215,-90.2229805,https://www.redfin.com/MO/Saint-Louis/2015-Chippewa-St-63118/home/93696852
4545 Alice Ave Ave,Saint Louis,63115.0,Single Family Residential,August-26-2025,38000,1681.0,False,22.605591909577633,4.0,1.5,1927.0,5940.0,,38.6736583,-90.2205475,https://www.redfin.com/MO/Saint-Louis/4545-Alice-Ave-63115/home/93713956
4669 Elmbank Ave,Saint Louis,63115.0,Single Family Residential,January-29-2026,40000,798.0,False,50.12531328320802,2.0,1.0,1925.0,2674.0,,38.6702055,-90.2454027,https://www.redfin.com/MO/Saint-Louis/4669-Elmbank-Ave-63115/home/93735917
3619 Cora Ave,Saint Louis,63115.0,Single Family Residential,October-9-2024,39500,910.0,False,43.40659340659341,2.0,1.0,1923.0,2243.0,,38.6719865,-90.2430327,https://www.redfin.com/MO/Saint-Louis/3619-Cora-Ave-63115/home/93735643
4228 Red Bud Ave,Saint Louis,63115.0,Single Family Residential,October-28-2024,39900,1452.0,False,27.479338842975206,3.0,1.5,1912.0,3694.0,,38.6738459,-90.2270431,https://www.redfin.com/MO/Saint-Louis/4228-Red-Bud-Ave-63115/home/93714776
6008 Lucille Ave,Saint Louis,63136.0,Single Family Residential,August-15-2024,35000,936.0,False,37.39316239316239,1.0,1.0,1923.0,4744.0,,38.7046194,-90.2547307,https://www.redfin.com/MO/Saint-Louis/6008-Lucille-Ave-63136/home/93758554
3210 Chippewa St,Saint Louis,63118.0,Single Family Residential,May-17-2024,41500,753.0,False,55.112881806108895,2.0,1.0,1885.0,2980.0,,38.5873843,-90.2390306,https://www.redfin.com/MO/Saint-Louis/3210-Chippewa-St-63118/home/93695832
3047 Whittier St,Saint Louis,63115.0,Single Family Residential,May-24-2024,38000,984.0,False,38.61788617886179,2.0,1.0,1911.0,2753.0,,38.6632189,-90.2320051,https://www.redfin.com/MO/Saint-Louis/3047-Whittier-St-63115/home/62685467
7515 Pennsylvania Ave,Saint Louis,63111.0,Single Family Residential,October-25-2024,35000,1174.0,False,29.81260647359455,3.0,2.0,1885.0,3049.0,,38.5485653,-90.258621,https://www.redfin.com/MO/Saint-Louis/7515-Pennsylvania-Ave-63111/home/93710922
5433 Beacon Ave,Saint Louis,63120.0,Single Family Residential,March-9-2026,35000,1007.0,False,34.75670307845085,3.0,2.0,1962.0,3123.0,,38.6977059,-90.2464017,https://www.redfin.com/MO/Saint-Louis/5433-Beacon-Ave-63120/home/87133502
4137 E Lee Ave,Saint Louis,63115.0,Single Family Residential,September-6-2024,30000,1235.0,False,24.291497975708502,4.0,1.5,1972.0,3868.0,,38.6709747,-90.2242647,https://www.redfin.com/MO/Saint-Louis/4137-E-Lee-Ave-63115/home/93714992
8415 N Broadway,Saint Louis,63147.0,Single Family Residential,April-3-2025,34900,984.0,False,35.46747967479675,3.0,1.0,1922.0,3450.0,,38.7154068,-90.2301036,https://www.redfin.com/MO/Saint-Louis/8415-N-Broadway-63147/home/93754501
6004 N Pointe Blvd,Saint Louis,63147.0,Single Family Residential,January-8-2025,39900,1075.0,False,37.116279069767444,2.0,1.0,1939.0,4373.0,,38.7113277,-90.2499214,https://www.redfin.com/MO/Saint-Louis/6004-N-Pointe-Blvd-63147/home/93770342
4106 Nebraska Ave,Saint Louis,63118.0,Single Family Residential,March-3-2026,40000,1080.0,False,37.03703703703704,3.0,1.0,1905.0,3075.0,,38.5813179,-90.2347129,https://www.redfin.com/MO/Saint-Louis/4106-Nebraska-Ave-63118/home/93705205
615 Fillmore St,Saint Louis,63111.0,Single Family Residential,October-11-2023,30000,1066.0,False,28.142589118198874,1.0,1.0,1905.0,3049.0,,38.562262,-90.2508432,https://www.redfin.com/MO/Saint-Louis/615-Fillmore-St-63111/home/93709044
6300 Pennsylvania Ave,Saint Louis,63111.0,Single Family Residential,July-7-2023,32000,799.0,False,40.05006257822278,1.0,1.0,1892.0,6891.0,,38.5573139,-90.2480658,https://www.redfin.com/MO/Saint-Louis/6300-Pennsylvania-Ave-63111/home/93709595
4274 Penrose St,Saint Louis,63115.0,Single Family Residential,February-9-2024,42000,803.0,False,52.30386052303861,2.0,1.0,1908.0,2526.0,,38.6735347,-90.2292023,https://www.redfin.com/MO/Saint-Louis/4274-Penrose-St-63115/home/93714348
836 Harlan Ave,Saint Louis,63147.0,Single Family Residential,,30870,900.0,False,34.3,2.0,1.0,1946.0,1764.0,,38.7218848,-90.2301642,https://www.redfin.com/MO/Saint-Louis/836-Harlan-Ave-63147/home/93783036
4307 McRee Ave,Saint Louis,63110.0,Single Family Residential,,30875,1392.0,False,22.180316091954023,3.0,1.0,1898.0,4810.0,,38.6198219,-90.2561654,https://www.redfin.com/MO/Saint-Louis/4307-McRee-Ave-63110/home/93747512
1965 Arlington Ave,Saint Louis,63112.0,Single Family Residential,December-6-2024,39000,980.0,False,39.795918367346935,3.0,1.0,1927.0,2526.0,,38.6713331,-90.2681479,https://www.redfin.com/MO/Saint-Louis/1965-Arlington-Ave-63112/home/62762399
4223 W Labadie Ave,Saint Louis,63115.0,Single Family Residential,January-16-2025,40000,1050.0,False,38.095238095238095,2.0,1.0,1909.0,4125.0,,38.6637539,-90.2363654,https://www.redfin.com/MO/Saint-Louis/4223-W-Labadie-Ave-63115/home/93736512
3964 Botanical Ave,Saint Louis,63110.0,Single Family Residential,April-24-2025,650000,2772.0,False,234.48773448773449,4.0,2.5,1904.0,3472.0,,38.6092262,-90.2486748,https://www.redfin.com/MO/Saint-Louis/3964-Botanical-Ave-63110/home/93746222
4030 Russell Blvd,Saint Louis,63110.0,Single Family Residential,June-24-2025,650000,3050.0,False,213.11475409836066,4.0,2.5,1904.0,5001.0,,38.6141077,-90.2495212,https://www.redfin.com/MO/Saint-Louis/4030-Russell-Blvd-63110/home/93747145
2348 Hickory St,Saint Louis,63104.0,Single Family Residential,May-22-2026,700000,3321.0,False,210.77988557663355,4.0,3.5,1896.0,3624.0,,38.6200641,-90.2190987,https://www.redfin.com/MO/Saint-Louis/2348-Hickory-St-63104/home/93700619
1811 Rutger St,Saint Louis,63104.0,Single Family Residential,July-24-2025,650000,2813.0,False,231.07003199431213,3.0,3.0,1870.0,,,38.6182752,-90.2112961,https://www.redfin.com/MO/Saint-Louis/1811-Rutger-St-63104/home/93685618
2909 Accomac St,Saint Louis,63104.0,Single Family Residential,October-15-2025,650000,3218.0,False,201.98881292728402,4.0,2.5,1901.0,7318.0,,38.610474,-90.2293272,https://www.redfin.com/MO/Saint-Louis/2909-Accomac-St-63104/home/93691030
4248 Flad Ave,Saint Louis,63110.0,Single Family Residential,December-30-2024,649000,3406.0,False,190.5460951262478,4.0,2.5,1906.0,4278.0,,38.6125973,-90.2560096,https://www.redfin.com/MO/Saint-Louis/4248-Flad-Ave-63110/home/93746876
3030 Hawthorne Blvd,Saint Louis,63104.0,Single Family Residential,October-10-2025,575000,2986.0,False,192.56530475552577,4.0,3.0,1955.0,8041.0,,38.611186,-90.2296643,https://www.redfin.com/MO/Saint-Louis/3030-Hawthorne-Blvd-63104/home/93690745
3822 Humphrey St,Saint Louis,63116.0,Single Family Residential,September-8-2025,649000,3503.0,False,185.26976876962604,4.0,3.5,1905.0,3750.0,,38.5984835,-90.2477295,https://www.redfin.com/MO/Saint-Louis/3822-Humphrey-St-63116/home/103204133
3839 Shaw Blvd,Saint Louis,63110.0,Single Family Residential,May-22-2026,600000,3260.0,False,184.04907975460122,4.0,3.5,1913.0,5823.0,,38.6158,-90.2440427,https://www.redfin.com/MO/Saint-Louis/3839-Shaw-Blvd-63110/home/93760777
6239 Alamo Ave,Saint Louis,63105.0,Single Family Residential,December-30-2025,649900,2226.0,False,291.958670260557,4.0,1.5,1926.0,9801.0,,38.6347071,-90.3059499,https://www.redfin.com/MO/Saint-Louis/6239-Alamo-Ave-63105/home/93768145
2 W Pine Ct,Saint Louis,63108.0,Single Family Residential,April-15-2025,639000,2200.0,False,290.45454545454544,3.0,3.0,1999.0,2866.0,,38.6408091,-90.2604102,https://www.redfin.com/MO/Saint-Louis/2-W-Pine-Ct-63108/home/62748683
1215 Mississippi Ave,Saint Louis,63104.0,Single Family Residential,May-29-2025,635000,3531.0,False,179.83574058340415,4.0,3.5,1885.0,2126.0,,38.618768,-90.2132397,https://www.redfin.com/MO/Saint-Louis/1215-Mississippi-Ave-63104/home/62700032
3904 Juniata St,Saint Louis,63116.0,Single Family Residential,July-10-2023,535000,2432.0,False,219.98355263157896,4.0,2.5,1914.0,4391.0,,38.6012672,-90.2501893,https://www.redfin.com/MO/Saint-Louis/3904-Juniata-St-63116/home/93729943
4561 Washington Blvd,Saint Louis,63108.0,Single Family Residential,March-20-2025,645000,3015.0,False,213.93034825870646,5.0,3.5,1895.0,8211.0,,38.650094,-90.2561223,https://www.redfin.com/MO/Saint-Louis/4561-Washington-Blvd-63108/home/62755214
4053 Connecticut St,Saint Louis,63116.0,Single Family Residential,March-14-2024,595000,2630.0,False,226.23574144486693,4.0,3.0,1891.0,6194.0,,38.6011789,-90.2547981,https://www.redfin.com/MO/Saint-Louis/4053-Connecticut-St-63116/home/93729922
6621 Oleatha Ave,Saint Louis,63139.0,Single Family Residential,May-8-2026,675000,2463.0,False,274.05602923264314,4.0,2.5,1929.0,9478.0,,38.5992111,-90.3043805,https://www.redfin.com/MO/Saint-Louis/6621-Oleatha-Ave-63139/home/62745834
4237 Hartford St,Saint Louis,63116.0,Single Family Residential,July-18-2025,640000,2862.0,False,223.6198462613557,3.0,2.5,1913.0,4477.0,,38.6036724,-90.2594213,https://www.redfin.com/MO/Saint-Louis/4237-Hartford-St-63116/home/86202763
3642 Wyoming St,Saint Louis,63116.0,Single Family Residential,May-12-2026,595000,2944.0,False,202.10597826086956,4.0,2.5,1906.0,4225.0,,38.5990935,-90.2445329,https://www.redfin.com/MO/Saint-Louis/3642-Wyoming-St-63116/home/62765499
4020 Flad Ave,Saint Louis,63110.0,Single Family Residential,May-18-2026,599000,2808.0,False,213.3190883190883,5.0,2.5,1907.0,3689.0,,38.6119885,-90.2494343,https://www.redfin.com/MO/Saint-Louis/4020-Flad-Ave-63110/home/93746583
2361 S 39th St,Saint Louis,63110.0,Single Family Residential,July-31-2024,579000,2568.0,False,225.46728971962617,4.0,3.0,1907.0,4143.0,,38.6082879,-90.2466153,https://www.redfin.com/MO/Saint-Louis/2361-S-39th-St-63110/home/93746137
3893 Humphrey St,Saint Louis,63116.0,Single Family Residential,April-25-2024,579900,2744.0,False,211.3338192419825,4.0,3.0,1922.0,4574.0,,38.5991358,-90.2500752,https://www.redfin.com/MO/Saint-Louis/3893-Humphrey-St-63116/home/93728444
6135 Mcpherson Ave,Saint Louis,63112.0,Single Family Residential,May-7-2024,560000,2965.0,False,188.87015177065769,4.0,3.5,1906.0,4112.0,,38.651778,-90.2978905,https://www.redfin.com/MO/Saint-Louis/6135-McPherson-Ave-63112/home/93760397
2336 Menard St,Saint Louis,63104.0,Single Family Residential,July-2-2025,625000,3300.0,False,189.3939393939394,5.0,3.5,1890.0,3690.0,,38.604027,-90.2087927,https://www.redfin.com/MO/Saint-Louis/2336-Menard-St-63104/home/93686066
3424 Halliday Ave,Saint Louis,63118.0,Single Family Residential,May-16-2024,579000,2810.0,False,206.04982206405694,5.0,3.5,1905.0,4883.0,,38.6047134,-90.2381892,https://www.redfin.com/MO/Saint-Louis/3424-Halliday-Ave-63118/home/93692388
4496 Laclede Ave,Saint Louis,63108.0,Single Family Residential,April-12-2024,625000,3103.0,False,201.41798259748631,3.0,2.5,1981.0,3376.0,,38.6394094,-90.2587247,https://www.redfin.com/MO/Saint-Louis/4496-Laclede-Ave-63108/home/93662285
3860 Juniata St,Saint Louis,63116.0,Single Family Residential,November-25-2024,595000,2672.0,False,222.67964071856287,4.0,2.5,1907.0,3859.0,,38.601296,-90.2486018,https://www.redfin.com/MO/Saint-Louis/3860-Juniata-St-63116/home/93728354
1220 S 18th St,Saint Louis,63104.0,Single Family Residential,May-15-2025,625000,2628.0,False,237.8234398782344,4.0,2.5,1883.0,,,38.6179707,-90.2105353,https://www.redfin.com/MO/Saint-Louis/1220-S-18th-St-63104/home/93686011
6758 Neosho St,Saint Louis,63109.0,Single Family Residential,March-3-2026,599000,2900.0,False,206.55172413793105,4.0,3.5,1948.0,7919.0,,38.5861293,-90.3102068,https://www.redfin.com/MO/Saint-Louis/6758-Neosho-St-63109/home/93781443
4176 Folsom Ave,Saint Louis,63110.0,Single Family Residential,February-20-2024,624900,2860.0,False,218.4965034965035,4.0,3.5,2021.0,3202.0,,38.6209611,-90.2527507,https://www.redfin.com/MO/Saint-Louis/4176-Folsom-Ave-63110/home/176876175
4038 Botanical Ave,Saint Louis,63110.0,Single Family Residential,October-23-2025,599000,2694.0,False,222.34595397178916,4.0,2.5,1909.0,3720.0,,38.6094053,-90.2504266,https://www.redfin.com/MO/Saint-Louis/4038-Botanical-Ave-63110/home/93746663
1032 Geyer Ave,Saint Louis,63104.0,Single Family Residential,March-31-2025,625000,3000.0,False,208.33333333333334,3.0,3.5,2024.0,3271.0,,38.608859,-90.2070885,https://www.redfin.com/MO/Saint-Louis/1032-Geyer-Ave-63104/home/93685669
6305 Devonshire Ave,Saint Louis,63109.0,Single Family Residential,June-26-2024,549900,2360.0,False,233.0084745762712,4.0,2.5,1955.0,7353.0,,38.5893971,-90.2976349,https://www.redfin.com/MO/Saint-Louis/6305-Devonshire-Ave-63109/home/93780095
1920 Victor St,Saint Louis,63104.0,Single Family Residential,August-21-2024,595000,3382.0,False,175.93140153755175,4.0,3.0,1882.0,8142.0,,38.6042088,-90.2163291,https://www.redfin.com/MO/Saint-Louis/1920-Victor-St-63104/home/93691526
3618 Arsenal St,Saint Louis,63116.0,Single Family Residential,May-15-2025,599000,2980.0,False,201.00671140939596,4.0,3.0,1907.0,4456.0,,38.6026586,-90.2430656,https://www.redfin.com/MO/Saint-Louis/3618-Arsenal-St-63116/home/93699876
4427 Vista Ave,Saint Louis,63110.0,Single Family Residential,April-28-2026,629000,2756.0,False,228.22931785195937,4.0,3.5,2024.0,3001.0,,38.624079,-90.260053,https://www.redfin.com/MO/Saint-Louis/4427-Vista-Ave-63110/home/169425114
3728 Arsenal St,Saint Louis,63116.0,Single Family Residential,February-23-2026,599000,2300.0,False,260.4347826086956,5.0,2.5,1905.0,4456.0,,38.6029299,-90.2457315,https://www.redfin.com/MO/Saint-Louis/3728-Arsenal-St-63116/home/93699856
6758 Delor St,Saint Louis,63109.0,Single Family Residential,October-2-2025,600000,2471.0,False,242.81667341157427,3.0,2.5,1950.0,6708.0,,38.5844611,-90.3093932,https://www.redfin.com/MO/Saint-Louis/6758-Delor-St-63109/home/93781395
2225 Hickory,St. Louis,63104.0,Single Family Residential,July-13-2023,599500,2130.0,False,281.45539906103284,3.0,2.5,1921.0,4356.0,,38.620034,-90.216454,https://www.redfin.com/MO/St-Louis/2225-Hickory-63104/home/186089734
3877 Utah Pl,Saint Louis,63116.0,Single Family Residential,May-5-2026,615000,3064.0,False,200.71801566579634,5.0,3.5,1908.0,4586.0,,38.598148,-90.249675,https://www.redfin.com/MO/Saint-Louis/3877-Utah-Pl-63116/home/93728589
3315 Shenandoah Ave,Saint Louis,63104.0,Single Family Residential,January-29-2026,615000,3535.0,False,173.97454031117397,5.0,3.5,1903.0,6250.0,,38.6094276,-90.2356722,https://www.redfin.com/MO/Saint-Louis/3315-Shenandoah-Ave-63104/home/93691091
2721 January Ave,Saint Louis,63139.0,Single Family Residential,April-27-2026,600000,2357.0,False,254.56088247772593,3.0,3.0,2020.0,3898.0,,38.6096883,-90.2839246,https://www.redfin.com/MO/Saint-Louis/2721-January-Ave-63139/home/93727173
929 Buena Vista Ave,Saint Louis,63105.0,Single Family Residential,August-28-2025,599900,1972.0,False,304.20892494929006,3.0,2.5,1924.0,9409.0,,38.6348983,-90.3056417,https://www.redfin.com/MO/Saint-Louis/929-Buena-Vista-Ave-63105/home/93768143
1214 S 18th St,Saint Louis,63104.0,Single Family Residential,September-13-2024,615000,2710.0,False,226.93726937269372,4.0,2.5,1883.0,4953.0,,38.6181234,-90.21049,https://www.redfin.com/MO/Saint-Louis/1214-S-18th-St-63104/home/143286334
4456 Maryland Ave,Saint Louis,63108.0,Single Family Residential,July-2-2024,639000,3066.0,False,208.41487279843443,5.0,3.5,1902.0,6952.0,,38.6432899,-90.2558431,https://www.redfin.com/MO/Saint-Louis/4456-Maryland-Ave-63108/home/93724883
5843 Delor St,Saint Louis,63109.0,Single Family Residential,September-18-2025,599900,2557.0,False,234.61087211576066,3.0,2.5,1935.0,3899.0,,38.5845975,-90.2945009,https://www.redfin.com/MO/Saint-Louis/5843-Delor-St-63109/home/93769011
2116 Hereford St,Saint Louis,63110.0,Single Family Residential,July-25-2024,624900,1780.0,False,351.0674157303371,3.0,3.5,2021.0,4940.0,,38.6149127,-90.2708949,https://www.redfin.com/MO/Saint-Louis/2116-Hereford-St-63110/home/173620185
6299 Magnolia Ave,St. Louis,63139.0,Single Family Residential,August-15-2025,549900,2540.0,False,216.49606299212599,4.0,3.5,2025.0,3328.0,,38.6122941,-90.2958911,https://www.redfin.com/MO/St-Louis/6299-Magnolia-Ave-63139/home/194558193
4435 Vista Ave,St. Louis,63110.0,Single Family Residential,December-20-2024,549000,1904.0,False,288.34033613445376,3.0,2.5,1921.0,2962.0,,38.6239765,-90.2603419,https://www.redfin.com/MO/St-Louis/4435-Vista-Ave-63110/home/191017328
3919 Hartford St,Saint Louis,63116.0,Single Family Residential,April-16-2026,585000,2662.0,False,219.7595792637115,4.0,3.0,1909.0,4900.0,,38.6028181,-90.250506,https://www.redfin.com/MO/Saint-Louis/3919-Hartford-St-63116/home/93749686
5310 Tamm Ave,Saint Louis,63109.0,Single Family Residential,June-28-2024,599900,2560.0,False,234.3359375,3.0,2.0,1934.0,5070.0,,38.583545,-90.298989,https://www.redfin.com/MO/Saint-Louis/5310-Tamm-Ave-63109/home/63495172
5338 Tamm Ave,Saint Louis,63109.0,Single Family Residential,June-9-2025,625000,3340.0,False,187.125748502994,4.0,3.5,1952.0,4800.0,,38.5826247,-90.299193,https://www.redfin.com/MO/Saint-Louis/5338-Tamm-Ave-63109/home/93779931
3837 Utah Pl,Saint Louis,63116.0,Single Family Residential,March-6-2025,620000,2692.0,False,230.31203566121843,4.0,3.0,1908.0,4661.0,,38.598008,-90.248229,https://www.redfin.com/MO/Saint-Louis/3837-Utah-Pl-63116/home/93728583
4418 Vista Ave,Saint Louis,63110.0,Single Family Residential,May-29-2025,575000,2756.0,False,208.63570391872278,4.0,3.5,2018.0,3123.0,,38.6236802,-90.2596939,https://www.redfin.com/MO/Saint-Louis/4418-Vista-Ave-63110/home/93726107
4941 Botanical Ave,Saint Louis,63110.0,Single Family Residential,July-16-2025,569900,2294.0,False,248.4306887532694,4.0,2.5,1910.0,4922.0,,38.6116928,-90.269559,https://www.redfin.com/MO/Saint-Louis/4941-Botanical-Ave-63110/home/93743953
4121 Shenandoah Ave,Saint Louis,63110.0,Single Family Residential,April-19-2024,575000,2243.0,False,256.3530985287561,4.0,3.5,1904.0,3071.0,,38.6108434,-90.2522496,https://www.redfin.com/MO/Saint-Louis/4121-Shenandoah-Ave-63110/home/93746479
4143 Blaine Ave,Saint Louis,63110.0,Single Family Residential,May-1-2026,585000,3268.0,False,179.00856793145655,4.0,3.5,2018.0,,,38.620333,-90.2516143,https://www.redfin.com/MO/Saint-Louis/4143-Blaine-Ave-63110/home/93747464
4133 Botanical Ave,Saint Louis,63110.0,Single Family Residential,May-28-2026,589000,2550.0,False,230.98039215686273,3.0,2.5,1908.0,5166.0,,38.6100442,-90.2527701,https://www.redfin.com/MO/Saint-Louis/4133-Botanical-Ave-63110/home/93746370
3641 Wyoming,Saint Louis,63116.0,Single Family Residential,September-28-2023,599000,2808.0,False,213.3190883190883,4.0,3.0,1907.0,4312.0,,38.5994939,-90.2443387,https://www.redfin.com/MO/Saint-Louis/3641-Wyoming-St-63116/home/93700071
6301 Magnolia Ave,St. Louis,63139.0,Single Family Residential,July-23-2025,549900,1840.0,False,298.85869565217394,3.0,2.5,2025.0,3450.0,,38.6122953,-90.2959003,https://www.redfin.com/MO/St-Louis/6301-Magnolia-Ave-63139/home/194009231
4176 Blaine,Saint Louis,63110.0,Single Family Residential,November-27-2024,549500,2149.0,False,255.70032573289902,3.0,2.5,2016.0,7039.0,,38.6199992,-90.2528897,https://www.redfin.com/MO/Saint-Louis/4176-Blaine-Ave-63110/home/93684869
3863 Utah Pl,Saint Louis,63116.0,Single Family Residential,June-17-2026,625000,3058.0,False,204.38194898626554,3.0,3.5,1912.0,4573.0,,38.598098,-90.249197,https://www.redfin.com/MO/Saint-Louis/3863-Utah-Pl-63116/home/93684209
2401 S 13th St,Saint Louis,63104.0,Single Family Residential,August-28-2025,600000,2634.0,False,227.79043280182233,4.0,2.5,1890.0,5850.0,,38.6042817,-90.2128172,https://www.redfin.com/MO/Saint-Louis/2401-S-13th-St-63104/home/93686681
1959 Lynch St,Saint Louis,63118.0,Single Family Residential,May-20-2024,600000,2673.0,False,224.4668911335578,3.0,2.5,2020.0,3920.0,,38.6017883,-90.2182429,https://www.redfin.com/MO/Saint-Louis/1959-Lynch-St-63118/home/93677876
1303 Childress Ave,Saint Louis,63139.0,Single Family Residential,May-21-2026,599900,3380.0,False,177.4852071005917,4.0,3.0,2007.0,4068.0,,38.6272576,-90.2957122,https://www.redfin.com/MO/Saint-Louis/1303-Childress-Ave-63139/home/62757834
2340 S 12th St,Saint Louis,63104.0,Single Family Residential,December-8-2023,599000,3400.0,False,176.1764705882353,3.0,3.5,1898.0,2653.0,,38.604495,-90.2108277,https://www.redfin.com/MO/Saint-Louis/2340-S-12th-St-63104/home/93686132
1822 Hickory St,Saint Louis,63104.0,Single Family Residential,August-29-2024,599000,3438.0,False,174.22920302501456,4.0,2.5,1884.0,3685.0,,38.6186112,-90.2114678,https://www.redfin.com/MO/Saint-Louis/1822-Hickory-St-63104/home/62700814
4719 Clifton Ave,Saint Louis,63109.0,Single Family Residential,May-7-2025,549000,2525.0,False,217.4257425742574,4.0,3.0,1936.0,4199.0,,38.5874176,-90.2957428,https://www.redfin.com/MO/Saint-Louis/4719-Clifton-Ave-63109/home/62693434
3832 Utah Pl,Saint Louis,63116.0,Single Family Residential,February-24-2025,600000,2766.0,False,216.91973969631238,5.0,3.0,1908.0,6098.0,,38.5974099,-90.2482265,https://www.redfin.com/MO/Saint-Louis/3832-Utah-Pl-63116/home/93700028
3714 Wyoming St,Saint Louis,63116.0,Single Family Residential,May-29-2026,599000,2538.0,False,236.0126083530339,4.0,2.5,1905.0,4225.0,,38.5992152,-90.2457861,https://www.redfin.com/MO/Saint-Louis/3714-Wyoming-St-63116/home/93700100
2518 S 12th St,Saint Louis,63104.0,Single Family Residential,June-18-2024,610000,3000.0,False,203.33333333333334,4.0,3.5,1893.0,2653.0,,38.602548,-90.2117865,https://www.redfin.com/MO/Saint-Louis/2518-S-12th-St-63104/home/173618256
4433 Vista Ave,Saint Louis,63110.0,Single Family Residential,April-14-2025,609000,2756.0,False,220.97242380261247,4.0,3.5,2025.0,2962.0,,38.6240505,-90.2602628,https://www.redfin.com/MO/Saint-Louis/4433-Vista-Ave-63110/home/169425116
4154 Shenandoah Ave,Saint Louis,63110.0,Single Family Residential,November-28-2025,585000,2704.0,False,216.34615384615384,3.0,2.5,1903.0,4059.0,,38.6105685,-90.2535147,https://www.redfin.com/MO/Saint-Louis/4154-Shenandoah-Ave-63110/home/62750067
2630 Tennessee Ave,Saint Louis,63118.0,Single Family Residential,March-19-2026,625000,3336.0,False,187.35011990407673,5.0,2.5,1904.0,3876.0,,38.6066987,-90.2376259,https://www.redfin.com/MO/Saint-Louis/2630-Tennessee-Ave-63118/home/93692191
3929 Burgen Ave,Saint Louis,63116.0,Single Family Residential,June-30-2026,184000,1152.0,False,159.72222222222223,2.0,1.0,1932.0,3327.0,,38.5713616,-90.2618932,https://www.redfin.com/MO/Saint-Louis/3929-Burgen-Ave-63116/home/93781490
4667 Louisiana Ave,Saint Louis,63111.0,Single Family Residential,June-30-2026,195000,1461.0,False,133.47022587268995,3.0,1.5,1903.0,4260.0,,38.5742523,-90.2468364,https://www.redfin.com/MO/Saint-Louis/4667-Louisiana-Ave-63111/home/93707159
4107 Robert Ave,Saint Louis,63116.0,Single Family Residential,June-30-2026,154900,1080.0,False,143.42592592592592,2.0,1.0,1958.0,4308.0,,38.5624294,-90.2776878,https://www.redfin.com/MO/Saint-Louis/4107-Robert-Ave-63116/home/93784104
7024 W Park Ave,Saint Louis,63117.0,Single Family Residential,June-30-2026,272000,1326.0,False,205.12820512820514,2.0,2.0,1922.0,4917.0,,38.6287266,-90.3078709,https://www.redfin.com/MO/Saint-Louis/7024-W-Park-Ave-63117/home/62753160
4037 Robert Ave,Saint Louis,63116.0,Single Family Residential,June-30-2026,220000,1128.0,False,195.03546099290782,3.0,1.0,1950.0,6647.0,,38.5613901,-90.2756309,https://www.redfin.com/MO/Saint-Louis/4037-Robert-Ave-63116/home/62700486
6059 Wanda Ave,Saint Louis,63116.0,Single Family Residential,June-30-2026,185000,1100.0,False,168.1818181818182,2.0,1.0,1925.0,4024.0,,38.574115,-90.2742376,https://www.redfin.com/MO/Saint-Louis/6059-Wanda-Ave-63116/home/62765968
10068 Lookaway Dr,Saint Louis,63137.0,Single Family Residential,June-30-2026,175000,1964.0,False,89.10386965376782,4.0,2.0,2016.0,6046.0,,38.746847,-90.19793,https://www.redfin.com/MO/Saint-Louis/10068-Lookaway-Dr-63137/home/93672592
3828 Mcree Ave,Saint Louis,63110.0,Single Family Residential,June-29-2026,239999,1092.0,False,219.77930402930403,4.0,2.0,2015.0,4138.0,,38.6182849,-90.2433315,https://www.redfin.com/MO/Saint-Louis/3828-McRee-Ave-63110/home/93760802
1533 Gieseking Ln,Saint Louis,63147.0,Single Family Residential,June-29-2026,42000,1150.0,False,36.52173913043478,2.0,1.0,1939.0,4608.0,,38.71437,-90.2436755,https://www.redfin.com/MO/Saint-Louis/1533-Gieseking-Ln-63147/home/93732276
3935 Wyoming St,Saint Louis,63116.0,Townhouse,June-29-2026,400000,1868.0,False,214.13276231263384,3.0,2.5,1914.0,2243.0,,38.6000119,-90.2514538,https://www.redfin.com/MO/Saint-Louis/3935-Wyoming-St-63116/home/143286830
4123 Blow St,Saint Louis,63116.0,Single Family Residential,June-29-2026,265000,1224.0,False,216.5032679738562,3.0,2.0,1928.0,3598.0,,38.5640528,-90.276832,https://www.redfin.com/MO/Saint-Louis/4123-Blow-St-63116/home/93772919
5005 Parker Ave,Saint Louis,63139.0,Single Family Residential,June-29-2026,365000,1692.0,False,215.7210401891253,3.0,2.5,1930.0,4552.0,,38.5995382,-90.2754813,https://www.redfin.com/MO/Saint-Louis/5005-Parker-Ave-63139/home/93777171
5178 Eichelberger St,Saint Louis,63109.0,Single Family Residential,June-26-2026,275000,1088.0,False,252.75735294117646,2.0,2.0,1927.0,4255.0,,38.5813944,-90.2846704,https://www.redfin.com/MO/Saint-Louis/5178-Eichelberger-St-63109/home/93769483
6703 Vermont Ave,Saint Louis,63111.0,Single Family Residential,June-26-2026,419900,2928.0,False,143.4084699453552,4.0,3.0,1885.0,5980.0,,38.5568078,-90.255766,https://www.redfin.com/MO/Saint-Louis/6703-Vermont-Ave-63111/home/93710029
1739 Grape Ave,Saint Louis,63147.0,Single Family Residential,June-26-2026,75000,1032.0,False,72.67441860465117,2.0,1.5,1941.0,3850.0,,38.7188584,-90.24778,https://www.redfin.com/MO/Saint-Louis/1739-Grape-Ave-63147/home/93778759
5417 Rhodes Ave,Saint Louis,63109.0,Single Family Residential,June-26-2026,279000,1848.0,False,150.97402597402598,2.0,2.0,1928.0,4268.0,,38.5784664,-90.2864256,https://www.redfin.com/MO/Saint-Louis/5417-Rhodes-Ave-63109/home/93771274
3460 Regal Pl,Saint Louis,63139.0,Single Family Residential,June-26-2026,400000,2480.0,False,161.29032258064515,3.0,2.0,1954.0,7200.0,,38.5982491,-90.2846518,https://www.redfin.com/MO/Saint-Louis/3460-Regal-Pl-63139/home/93780846
4264 Hartford St,Saint Louis,63116.0,Single Family Residential,June-26-2026,217000,1320.0,False,164.3939393939394,3.0,2.0,1897.0,5344.0,,38.6033582,-90.2604697,https://www.redfin.com/MO/Saint-Louis/4264-Hartford-St-63116/home/93749883
5121 Rosa Ave,Saint Louis,63109.0,Single Family Residential,June-26-2026,249900,1092.0,False,228.84615384615384,2.0,1.0,1922.0,4199.0,,38.5807069,-90.2827637,https://www.redfin.com/MO/Saint-Louis/5121-Rosa-Ave-63109/home/93769614
4033 Weber Rd,Saint Louis,63123.0,Single Family Residential,June-25-2026,209000,950.0,False,220.0,2.0,1.0,1950.0,6651.0,,38.5538111,-90.2831528,https://www.redfin.com/MO/Saint-Louis/4033-Weber-Rd-63123/home/93783890
5250 Murdoch Ave,Saint Louis,63109.0,Single Family Residential,June-25-2026,285000,1356.0,False,210.1769911504425,3.0,1.5,1919.0,4125.0,,38.586508,-90.2821101,https://www.redfin.com/MO/Saint-Louis/5250-Murdoch-Ave-63109/home/93753457
4131 Utah St,Saint Louis,63116.0,Single Family Residential,June-25-2026,185000,1095.0,False,168.9497716894977,1.0,1.0,1926.0,4216.0,,38.5987329,-90.2570796,https://www.redfin.com/MO/Saint-Louis/4131-Utah-St-63116/home/79031579
3823 Michigan Ave,Saint Louis,63118.0,Single Family Residential,June-25-2026,125000,805.0,False,155.27950310559007,2.0,1.0,1956.0,4700.0,,38.5867236,-90.2375743,https://www.redfin.com/MO/Saint-Louis/3823-Michigan-Ave-63118/home/93695733
6412 Lansdowne Ave,Saint Louis,63109.0,Single Family Residential,June-25-2026,435000,2148.0,False,202.51396648044692,3.0,2.0,1939.0,4443.0,,38.5902272,-90.3007782,https://www.redfin.com/MO/Saint-Louis/6412-Lansdowne-Ave-63109/home/93779781
4080 Wilmington Ave,Saint Louis,63116.0,Single Family Residential,June-25-2026,145000,800.0,False,181.25,1.0,1.0,1922.0,4051.0,,38.5717862,-90.2674032,https://www.redfin.com/MO/Saint-Louis/4080-Wilmington-Ave-63116/home/93770838
5208 Gresham Ave,Saint Louis,63109.0,Single Family Residential,June-25-2026,190000,1314.0,False,144.5966514459665,3.0,2.0,1914.0,3598.0,,38.5742028,-90.2863699,https://www.redfin.com/MO/Saint-Louis/5208-Gresham-Ave-63109/home/93764561
4435 Itaska St,Saint Louis,63116.0,Single Family Residential,June-25-2026,183900,949.0,False,193.78292939936776,2.0,1.0,1921.0,3750.0,,38.584343,-90.2704698,https://www.redfin.com/MO/Saint-Louis/4435-Itaska-St-63116/home/93764123
1318 Kraft St,Saint Louis,63139.0,Single Family Residential,June-25-2026,165000,840.0,False,196.42857142857142,3.0,1.0,1952.0,7291.0,,38.6273477,-90.3007377,https://www.redfin.com/MO/Saint-Louis/1318-Kraft-St-63139/home/93750061
6627 Winona Ave,Saint Louis,63109.0,Single Family Residential,June-24-2026,350000,1576.0,False,222.08121827411168,4.0,2.0,1940.0,4373.0,,38.5937972,-90.305445,https://www.redfin.com/MO/Saint-Louis/6627-Winona-Ave-63109/home/93774969
7404 Yates St,Saint Louis,63116.0,Single Family Residential,June-24-2026,209000,1200.0,False,174.16666666666666,2.0,1.0,1955.0,5423.0,,38.5588659,-90.2774825,https://www.redfin.com/MO/Saint-Louis/7404-Yates-St-63116/home/93784811
5319 Itaska St,Saint Louis,63109.0,Single Family Residential,June-24-2026,190000,943.0,False,201.4846235418876,2.0,1.0,1923.0,3750.0,,38.5842961,-90.2833281,https://www.redfin.com/MO/Saint-Louis/5319-Itaska-St-63109/home/93767034
2204 Menard St,Saint Louis,63104.0,Single Family Residential,June-24-2026,269900,1745.0,False,154.6704871060172,3.0,1.5,1885.0,1450.0,,38.6059222,-90.2079626,https://www.redfin.com/MO/Saint-Louis/2204-Menard-St-63104/home/93686413
3890 Mcdonald Ave,Saint Louis,63116.0,Single Family Residential,June-24-2026,549900,2970.0,False,185.15151515151516,3.0,2.5,1923.0,8350.0,,38.5965494,-90.2504439,https://www.redfin.com/MO/Saint-Louis/3890-McDonald-Ave-63116/home/93730346
4646 S Grand Blvd,Saint Louis,63111.0,Single Family Residential,June-24-2026,69900,1128.0,False,61.96808510638298,3.0,1.0,1993.0,4260.0,,38.5755104,-90.2481747,https://www.redfin.com/MO/Saint-Louis/4646-S-Grand-Blvd-63111/home/93706511
2725 January Ave,Saint Louis,63139.0,Single Family Residential,June-24-2026,250000,1584.0,False,157.82828282828282,3.0,1.5,1909.0,4678.0,,38.6096075,-90.2838967,https://www.redfin.com/MO/Saint-Louis/2725-January-Ave-63139/home/62729734
5527 Goethe Ave,Saint Louis,63109.0,Single Family Residential,June-23-2026,389900,1897.0,False,205.5350553505535,3.0,2.0,1929.0,4748.0,,38.5804243,-90.288675,https://www.redfin.com/MO/Saint-Louis/5527-Goethe-Ave-63109/home/93775707
4322 Holly Hills Blvd,Saint Louis,63116.0,Single Family Residential,June-23-2026,319000,1916.0,False,166.4926931106472,3.0,1.5,1929.0,4874.0,,38.5699987,-90.2746424,https://www.redfin.com/MO/Saint-Louis/4322-Holly-Hills-Blvd-63116/home/93769709
6315 Winona Ave,Saint Louis,63109.0,Single Family Residential,June-23-2026,399000,1650.0,False,241.8181818181818,3.0,2.0,1937.0,3898.0,,38.593052,-90.2974909,https://www.redfin.com/MO/Saint-Louis/6315-Winona-Ave-63109/home/93782101
4718 Newport Ave,Saint Louis,63116.0,Single Family Residential,June-23-2026,158000,1098.0,False,143.89799635701274,3.0,1.0,1923.0,3449.0,,38.5803113,-90.2626448,https://www.redfin.com/MO/Saint-Louis/4718-Newport-Ave-63116/home/93768304
3136 Nebraska Ave,Saint Louis,63118.0,Single Family Residential,June-23-2026,305000,2112.0,False,144.41287878787878,3.0,3.0,1896.0,3249.0,,38.5996773,-90.2308891,https://www.redfin.com/MO/Saint-Louis/3136-Nebraska-Ave-63118/home/93692947
3811 Fillmore St,Saint Louis,63116.0,Single Family Residential,June-23-2026,324900,2064.0,False,157.4127906976744,4.0,2.0,1926.0,4199.0,,38.5676367,-90.2614885,https://www.redfin.com/MO/Saint-Louis/3811-Fillmore-St-63116/home/93773612
6124 Westminster Pl,Saint Louis,63112.0,Single Family Residential,June-23-2026,440000,1976.0,False,222.67206477732793,3.0,2.5,1910.0,4373.0,,38.6532016,-90.2973575,https://www.redfin.com/MO/Saint-Louis/6124-Westminster-Pl-63112/home/93760331
3993 Dover Pl,Saint Louis,63116.0,Single Family Residential,June-23-2026,165000,1084.0,False,152.2140221402214,2.0,1.0,1926.0,5209.0,,38.571412,-90.2639229,https://www.redfin.com/MO/Saint-Louis/3993-Dover-Pl-63116/home/93774794
6400 Myrlette Ct,Saint Louis,63116.0,Single Family Residential,June-23-2026,270000,1625.0,False,166.15384615384616,3.0,1.5,1952.0,5052.0,,38.5717169,-90.2783891,https://www.redfin.com/MO/Saint-Louis/6400-Myrlette-Ct-63116/home/93783566
1464 Graham St,Saint Louis,63139.0,Single Family Residential,June-23-2026,225000,969.0,False,232.19814241486068,2.0,1.0,1948.0,4373.0,,38.6237401,-90.2911888,https://www.redfin.com/MO/Saint-Louis/1464-Graham-St-63139/home/62728030
2640 Ann Ave,Saint Louis,63104.0,Single Family Residential,June-23-2026,415000,1496.0,False,277.4064171122995,3.0,2.5,1890.0,6150.0,,38.6102339,-90.2236746,https://www.redfin.com/MO/Saint-Louis/2640-Ann-Ave-63104/home/93690678
2830 59th St,Saint Louis,63139.0,Single Family Residential,June-23-2026,194900,808.0,False,241.2128712871287,2.0,1.0,1959.0,4565.0,,38.6082179,-90.2867824,https://www.redfin.com/MO/Saint-Louis/2830-59th-St-63139/home/93726750
5811 Oleatha Ave,Saint Louis,63139.0,Single Family Residential,June-22-2026,299900,1919.0,False,156.2793121417405,2.0,2.0,1947.0,4390.0,,38.597656,-90.291305,https://www.redfin.com/MO/Saint-Louis/5811-Oleatha-Ave-63139/home/93780603
5312 Nagel Ave,Saint Louis,63109.0,Single Family Residential,June-22-2026,234900,1300.0,False,180.69230769230768,2.0,1.0,1927.0,4900.0,,38.5705141,-90.292136,https://www.redfin.com/MO/Saint-Louis/5312-Nagel-Ave-63109/home/93771165
6635 Devonshire Ave,Saint Louis,63109.0,Single Family Residential,June-22-2026,369000,2284.0,False,161.55866900175133,3.0,1.5,1936.0,3750.0,,38.5894114,-90.3065179,https://www.redfin.com/MO/Saint-Louis/6635-Devonshire-Ave-63109/home/93779514
4151 Fillmore St,Saint Louis,63116.0,Single Family Residential,June-22-2026,179900,1152.0,False,156.16319444444446,2.0,1.0,1925.0,3876.0,,38.5726043,-90.2698092,https://www.redfin.com/MO/Saint-Louis/4151-Fillmore-St-63116/home/93776109
6932 Garner Ave,Saint Louis,63139.0,Single Family Residential,June-22-2026,249999,1800.0,False,138.88833333333332,3.0,1.0,1923.0,6124.0,,38.6200964,-90.3077139,https://www.redfin.com/MO/Saint-Louis/6932-Garner-Ave-63139/home/93741054
5618 Fyler Ave,Saint Louis,63139.0,Single Family Residential,June-22-2026,250000,1082.0,False,231.0536044362292,2.0,1.5,1952.0,5113.0,,38.601077,-90.2851731,https://www.redfin.com/MO/Saint-Louis/5618-Fyler-Ave-63139/home/93743037
5217 Bonita Ave,Saint Louis,63109.0,Single Family Residential,June-18-2026,170000,1032.0,False,164.72868217054264,2.0,1.0,1929.0,3598.0,,38.5738882,-90.2880435,https://www.redfin.com/MO/Saint-Louis/5217-Bonita-Ave-63109/home/93769411
4420 Sexauer Ave,Saint Louis,63115.0,Single Family Residential,June-18-2026,135000,1203.0,False,112.21945137157107,5.0,2.5,1914.0,3959.0,,38.6816991,-90.2382399,https://www.redfin.com/MO/Saint-Louis/4420-Sexauer-Ave-63115/home/62728906
5618 Nottingham Ave,Saint Louis,63109.0,Single Family Residential,June-18-2026,275000,858.0,False,320.5128205128205,2.0,2.0,1924.0,3750.0,,38.5863601,-90.2891742,https://www.redfin.com/MO/Saint-Louis/5618-Nottingham-Ave-63109/home/93767812
6015 Arthur Ave,Saint Louis,63139.0,Single Family Residential,June-18-2026,195000,1130.0,False,172.56637168141592,2.0,1.0,1951.0,6599.0,,38.6013222,-90.2926896,https://www.redfin.com/MO/Saint-Louis/6015-Arthur-Ave-63139/home/93742988
3328 Lemp Ave,Saint Louis,63118.0,Single Family Residential,June-18-2026,374900,2560.0,False,146.4453125,4.0,2.5,1890.0,3123.0,,38.5933149,-90.2181612,https://www.redfin.com/MO/Saint-Louis/3328-Lemp-Ave-63118/home/93694165
4614 S 39th St,Saint Louis,63116.0,Single Family Residential,June-18-2026,149800,768.0,False,195.05208333333334,2.0,1.0,1924.0,4260.0,,38.5795457,-90.2539738,https://www.redfin.com/MO/Saint-Louis/4614-S-39th-St-63116/home/93767669
5724 Rosa Ave,Saint Louis,63109.0,Single Family Residential,June-18-2026,240000,1500.0,False,160.0,2.0,1.0,1939.0,3885.0,,38.5812731,-90.2920807,https://www.redfin.com/MO/Saint-Louis/5724-Rosa-Ave-63109/home/62751995
6266 Marmaduke Ave,Saint Louis,63139.0,Single Family Residential,June-18-2026,305000,1721.0,False,177.22254503195816,4.0,2.0,1927.0,4159.0,,38.6101711,-90.2951959,https://www.redfin.com/MO/Saint-Louis/6266-Marmaduke-Ave-63139/home/93767693
3010 Salena St,Saint Louis,63118.0,Single Family Residential,June-18-2026,389000,2576.0,False,151.00931677018633,3.0,2.5,1903.0,6446.0,,38.5980502,-90.2184854,https://www.redfin.com/MO/Saint-Louis/3010-Salena-St-63118/home/62722469
4632 Varrelmann Ave,Saint Louis,63116.0,Single Family Residential,June-18-2026,250000,1220.0,False,204.91803278688525,3.0,1.0,1924.0,4369.0,,38.5824856,-90.2632388,https://www.redfin.com/MO/Saint-Louis/4632-Varrelmann-Ave-63116/home/93757092
3815 Tamm Ave,Saint Louis,63109.0,Single Family Residential,June-18-2026,380000,1566.0,False,242.65644955300127,3.0,1.5,1939.0,4199.0,,38.5950575,-90.2982584,https://www.redfin.com/MO/Saint-Louis/3815-Tamm-Ave-63109/home/62748599
3516 Magnolia Ave,Saint Louis,63118.0,Single Family Residential,June-18-2026,524900,2500.0,False,209.96,3.0,2.5,1906.0,4125.0,,38.605883,-90.2399342,https://www.redfin.com/MO/Saint-Louis/3516-Magnolia-Ave-63118/home/93692363
5251 Walsh St,Saint Louis,63109.0,Single Family Residential,June-18-2026,289900,2160.0,False,134.21296296296296,3.0,1.0,1936.0,3750.0,,38.5824579,-90.2828969,https://www.redfin.com/MO/Saint-Louis/5251-Walsh-St-63109/home/93768008
3924 Parker Ave,Saint Louis,63116.0,Single Family Residential,June-18-2026,495000,2485.0,False,199.19517102615694,4.0,3.5,1924.0,3815.0,,38.5959432,-90.2517548,https://www.redfin.com/MO/Saint-Louis/3924-Parker-Ave-63116/home/93729236
4066 Mcree Ave,Saint Louis,63110.0,Single Family Residential,June-18-2026,350000,1884.0,False,185.77494692144373,3.0,2.5,2006.0,7257.0,,38.6188169,-90.2497912,https://www.redfin.com/MO/Saint-Louis/4066-McRee-Ave-63110/home/109914648
2859 Ohio Ave,Saint Louis,63118.0,Single Family Residential,June-17-2026,369900,2268.0,False,163.0952380952381,3.0,2.5,1892.0,3659.0,,38.6021204,-90.2262315,https://www.redfin.com/MO/Saint-Louis/2859-Ohio-Ave-63118/home/93691709
8725 Goodfellow Blvd,Saint Louis,63147.0,Single Family Residential,June-17-2026,174900,1168.0,False,149.7431506849315,4.0,2.0,1939.0,5850.0,,38.7190558,-90.2506905,https://www.redfin.com/MO/Saint-Louis/8725-Goodfellow-Blvd-63147/home/93778666
4410 S Spring Ave,Saint Louis,63116.0,Single Family Residential,June-17-2026,169900,1101.0,False,154.31425976385106,3.0,1.0,1926.0,4260.0,,38.5808974,-90.2513094,https://www.redfin.com/MO/Saint-Louis/4410-S-Spring-Ave-63116/home/93730882
2026 Sidney St,Saint Louis,63104.0,Single Family Residential,June-17-2026,299900,1456.0,False,205.97527472527472,2.0,2.5,1885.0,1955.0,,38.6036563,-90.2186275,https://www.redfin.com/MO/Saint-Louis/2026-Sidney-St-63104/home/93697729
6122 Mcpherson Ave,Saint Louis,63112.0,Single Family Residential,June-17-2026,425000,2010.0,False,211.44278606965173,3.0,1.5,1909.0,4552.0,,38.6513571,-90.2975754,https://www.redfin.com/MO/Saint-Louis/6122-McPherson-Ave-63112/home/93760243
2810 Norwood Ave,Saint Louis,63115.0,Single Family Residential,June-17-2026,45000,754.0,False,59.681697612732094,2.0,2.0,1907.0,2761.0,,38.670957,-90.258234,https://www.redfin.com/MO/Saint-Louis/2810-Norwood-Ave-63115/home/93737485
6569 Pernod Ave,Saint Louis,63139.0,Single Family Residential,June-17-2026,299900,1820.0,False,164.78021978021977,2.0,2.0,1941.0,5510.0,,38.5979988,-90.3030207,https://www.redfin.com/MO/Saint-Louis/6569-Pernod-Ave-63139/home/73953641
3917 Crosby Dr,Saint Louis,63123.0,Single Family Residential,June-16-2026,195000,1672.0,False,116.62679425837321,2.0,1.0,1950.0,5998.0,,38.5540902,-90.2779799,https://www.redfin.com/MO/Saint-Louis/3917-Crosby-Dr-63123/home/93784807
7221 Field Ave,Saint Louis,63116.0,Single Family Residential,June-16-2026,435000,2678.0,False,162.43465272591487,4.0,3.0,2010.0,5410.0,,38.5584975,-90.2700749,https://www.redfin.com/MO/Saint-Louis/7221-Field-Ave-63116/home/93679222
6179 Kingsbury Ave,Saint Louis,63112.0,Single Family Residential,June-16-2026,340000,2614.0,False,130.06885998469778,5.0,2.5,1907.0,4552.0,,38.6528979,-90.2992768,https://www.redfin.com/MO/Saint-Louis/6179-Kingsbury-Ave-63112/home/93760349
5226 Elizabeth Ave,Saint Louis,63110.0,Single Family Residential,June-16-2026,339900,1050.0,False,323.7142857142857,3.0,2.0,1914.0,6181.0,,38.6129481,-90.2745041,https://www.redfin.com/MO/Saint-Louis/5226-Elizabeth-Ave-63110/home/93727559
2845 Chippewa St,Saint Louis,63118.0,Single Family Residential,June-16-2026,205000,1598.0,False,128.28535669586984,3.0,1.5,1891.0,3123.0,,38.5870821,-90.2332244,https://www.redfin.com/MO/Saint-Louis/2845-Chippewa-St-63118/home/93696482
5544 Murdoch Ave,Saint Louis,63109.0,Single Family Residential,June-16-2026,296000,1619.0,False,182.82890673255096,3.0,2.0,1932.0,3750.0,,38.5871232,-90.2881594,https://www.redfin.com/MO/Saint-Louis/5544-Murdoch-Ave-63109/home/93753439
3704 Palm St,Saint Louis,63107.0,Single Family Residential,June-16-2026,175000,2276.0,False,76.88927943760984,4.0,3.0,1906.0,4621.0,,38.6608769,-90.219596,https://www.redfin.com/MO/Saint-Louis/3704-Palm-St-63107/home/62773859
1115 Forest Ave,Saint Louis,63139.0,Single Family Residential,June-15-2026,274900,1648.0,False,166.80825242718447,3.0,1.0,1907.0,4351.0,,38.6301884,-90.3046118,https://www.redfin.com/MO/Saint-Louis/1115-Forest-Ave-63139/home/92933525
5648 Marquette Ave,Saint Louis,63139.0,Single Family Residential,June-15-2026,255000,930.0,False,274.19354838709677,2.0,1.0,1952.0,4081.0,,38.5985147,-90.2867452,https://www.redfin.com/MO/Saint-Louis/5648-Marquette-Ave-63139/home/88443158
6963 Sutherland Ave,Saint Louis,63109.0,Single Family Residential,June-15-2026,479000,2057.0,False,232.86339329120077,5.0,3.0,1956.0,4373.0,,38.5926838,-90.3119712,https://www.redfin.com/MO/Saint-Louis/6963-Sutherland-Ave-63109/home/93774257
6633 Tholozan Ave,Saint Louis,63109.0,Single Family Residential,June-15-2026,250000,972.0,False,257.201646090535,2.0,1.0,1938.0,4373.0,,38.5972502,-90.3051199,https://www.redfin.com/MO/Saint-Louis/6633-Tholozan-Ave-63109/home/93775075
5205 S Kingshighway Blvd,Saint Louis,63109.0,Single Family Residential,June-15-2026,135000,859.0,False,157.1594877764843,2.0,1.0,1919.0,4373.0,,38.5823694,-90.2784385,https://www.redfin.com/MO/Saint-Louis/5205-S-Kingshighway-Blvd-63109/home/93766882
3927 Childress Ave,Saint Louis,63109.0,Single Family Residential,June-15-2026,289000,1748.0,False,165.33180778032036,2.0,1.0,1930.0,4199.0,,38.5939944,-90.3006456,https://www.redfin.com/MO/Saint-Louis/3927-Childress-Ave-63109/home/93778383
4967 Parker Ave,Saint Louis,63139.0,Single Family Residential,June-12-2026,165000,811.0,False,203.4525277435265,2.0,1.0,1950.0,4552.0,,38.5993279,-90.2736187,https://www.redfin.com/MO/Saint-Louis/4967-Parker-Ave-63139/home/93777151
6329 Potomac St,Saint Louis,63139.0,Single Family Residential,June-12-2026,270000,1029.0,False,262.3906705539359,2.0,1.0,1935.0,4373.0,,38.5991068,-90.2971764,https://www.redfin.com/MO/Saint-Louis/6329-Potomac-St-63139/home/62735103
4950 Quincy St,Saint Louis,63109.0,Single Family Residential,June-12-2026,219900,1323.0,False,166.21315192743765,3.0,1.0,1913.0,4948.0,,38.5701351,-90.2874954,https://www.redfin.com/MO/Saint-Louis/4950-Quincy-St-63109/home/93758332
3166 Pennsylvania Ave,Saint Louis,63118.0,Single Family Residential,June-12-2026,227500,1982.0,False,114.78304742684158,3.0,2.5,1890.0,3123.0,,38.5989692,-90.2322056,https://www.redfin.com/MO/Saint-Louis/3166-Pennsylvania-Ave-63118/home/93692984
4125 Miami St,Saint Louis,63116.0,Single Family Residential,June-12-2026,250000,1312.0,False,190.5487804878049,2.0,1.0,1931.0,3598.0,,38.593561,-90.2576143,https://www.redfin.com/MO/Saint-Louis/4125-Miami-St-63116/home/62712295
5456 Gravois Ave,Saint Louis,63116.0,Single Family Residential,June-12-2026,249900,2160.0,False,115.69444444444444,4.0,2.0,1909.0,3598.0,,38.5779769,-90.2711926,https://www.redfin.com/MO/Saint-Louis/5456-Gravois-Ave-63116/home/93757183
6830 Glades Ave,Saint Louis,63139.0,Single Family Residential,June-12-2026,180000,1532.0,False,117.49347258485639,2.0,1.5,1950.0,9844.0,,38.6210466,-90.3052457,https://www.redfin.com/MO/Saint-Louis/6830-Glades-Ave-63139/home/93741076
4163 Mcpherson Ave,Saint Louis,63108.0,Townhouse,June-12-2026,330000,1540.0,False,214.28571428571428,3.0,2.5,2003.0,,,38.6425803,-90.2469389,https://www.redfin.com/MO/Saint-Louis/4163-McPherson-Ave-63108/home/93672345
5039 Grace Ave,Saint Louis,63116.0,Single Family Residential,June-12-2026,145500,792.0,False,183.71212121212122,2.0,1.0,1924.0,4260.0,,38.5727172,-90.252713,https://www.redfin.com/MO/Saint-Louis/5039-Grace-Ave-63116/home/93742558
6127 Alaska Ave,Saint Louis,63111.0,Single Family Residential,June-12-2026,94900,864.0,False,109.83796296296296,2.0,1.0,1955.0,4499.0,,38.5631635,-90.2551751,https://www.redfin.com/MO/Saint-Louis/6127-Alaska-Ave-63111/home/93709535
5732 Winona Ave,Saint Louis,63109.0,Single Family Residential,June-12-2026,285000,1150.0,False,247.82608695652175,2.0,1.0,1939.0,4382.0,,38.591882,-90.2905156,https://www.redfin.com/MO/Saint-Louis/5732-Winona-Ave-63109/home/62749480
6718 Oleatha Ave,Saint Louis,63139.0,Single Family Residential,June-12-2026,479000,2250.0,False,212.88888888888889,3.0,2.0,1930.0,6298.0,,38.5988886,-90.306639,https://www.redfin.com/MO/Saint-Louis/6718-Oleatha-Ave-63139/home/86019215
2401 S 12th St #206,Saint Louis,63104.0,Townhouse,June-12-2026,219000,1254.0,False,174.64114832535884,2.0,2.5,1906.0,,,38.6039071,-90.21182,https://www.redfin.com/MO/Saint-Louis/2401-S-12th-St-63104/unit-206/home/93672844
4008 Blaine Ave,Saint Louis,63110.0,Single Family Residential,June-11-2026,485000,2681.0,False,180.90264826557254,4.0,3.5,2008.0,4486.0,,38.6195954,-90.2478482,https://www.redfin.com/MO/Saint-Louis/4008-Blaine-Ave-63110/home/93680533
4464 Lee Ave,Saint Louis,63115.0,Single Family Residential,June-11-2026,62000,864.0,False,71.75925925925925,3.0,2.0,1957.0,9744.0,,38.6753024,-90.2352648,https://www.redfin.com/MO/Saint-Louis/4464-Lee-Ave-63115/home/93733884
3854 Loughborough Ave,Saint Louis,63116.0,Single Family Residential,June-11-2026,249900,1520.0,False,164.4078947368421,2.0,1.5,1931.0,4800.0,,38.5615566,-90.2689753,https://www.redfin.com/MO/Saint-Louis/3854-Loughborough-Ave-63116/home/93773254
1334 Fairmount Ct,Saint Louis,63139.0,Single Family Residential,June-11-2026,100000,1012.0,False,98.81422924901186,3.0,2.0,1946.0,4621.0,,38.6267926,-90.2996221,https://www.redfin.com/MO/Saint-Louis/1334-Fairmount-Ct-63139/home/93750072
2315 Russell Blvd,Saint Louis,63104.0,Single Family Residential,June-11-2026,399000,3034.0,False,131.50955833882662,4.0,2.5,1902.0,5680.0,,38.611003,-90.2204427,https://www.redfin.com/MO/Saint-Louis/2315-Russell-Blvd-63104/home/93690684
3431 Indiana Ave,Saint Louis,63118.0,Single Family Residential,June-11-2026,279900,1340.0,False,208.88059701492537,2.0,2.0,1887.0,6141.0,,38.5922235,-90.2246656,https://www.redfin.com/MO/Saint-Louis/3431-Indiana-Ave-63118/home/93694649
5454 Gresham Ave,Saint Louis,63109.0,Single Family Residential,June-11-2026,225000,925.0,False,243.24324324324326,2.0,1.0,1927.0,3598.0,,38.5745022,-90.2892129,https://www.redfin.com/MO/Saint-Louis/5454-Gresham-Ave-63109/home/93769396
1719 Edwards St,Saint Louis,63110.0,Single Family Residential,June-11-2026,175000,1900.0,False,92.10526315789474,4.0,2.0,1915.0,2495.0,,38.6197516,-90.2744811,https://www.redfin.com/MO/Saint-Louis/1719-Edwards-St-63110/home/93726508
2909 Mcnair Ave,Saint Louis,63118.0,Single Family Residential,June-11-2026,399900,2246.0,False,178.04986642920747,3.0,2.5,1900.0,3101.0,,38.5998229,-90.220771,https://www.redfin.com/MO/Saint-Louis/2909-McNair-Ave-63118/home/93699038
4114 Mcdonald Ave,Saint Louis,63116.0,Single Family Residential,June-11-2026,300000,2000.0,False,150.0,3.0,2.0,1950.0,7501.0,,38.5973504,-90.2566724,https://www.redfin.com/MO/Saint-Louis/4114-McDonald-Ave-63116/home/93728856
5636 Marquette Ave,Saint Louis,63139.0,Single Family Residential,June-11-2026,275000,930.0,False,295.6989247311828,3.0,2.0,1952.0,4081.0,,38.5984696,-90.2862417,https://www.redfin.com/MO/Saint-Louis/5636-Marquette-Ave-63139/home/93780701
5939 Hilgard Pl,Saint Louis,63109.0,Single Family Residential,June-11-2026,259900,1152.0,False,225.60763888888889,2.0,2.0,1951.0,6599.0,,38.5768368,-90.296827,https://www.redfin.com/MO/Saint-Louis/5939-Hilgard-Pl-63109/home/93784028
6024 Scanlan Ave,Saint Louis,63139.0,Single Family Residential,June-11-2026,187000,843.0,False,221.8268090154211,2.0,1.0,1952.0,4900.0,,38.6044515,-90.2921034,https://www.redfin.com/MO/Saint-Louis/6024-Scanlan-Ave-63139/home/93742954
8624 Riverview Blvd,Saint Louis,63147.0,Single Family Residential,June-10-2026,159900,1728.0,False,92.53472222222223,4.0,2.0,1939.0,4199.0,,38.7150469,-90.2411558,https://www.redfin.com/MO/Saint-Louis/8624-Riverview-Blvd-63147/home/93730749
5123 Goethe Ave,Saint Louis,63109.0,Single Family Residential,June-10-2026,275000,2318.0,False,118.63675582398619,2.0,1.5,1924.0,3811.0,,38.5798245,-90.2829677,https://www.redfin.com/MO/Saint-Louis/5123-Goethe-Ave-63109/home/77446731
5621 Botanical Ave,Saint Louis,63110.0,Single Family Residential,June-10-2026,400000,1857.0,False,215.4011847065159,2.0,2.5,1897.0,5998.0,,38.6128389,-90.2825907,https://www.redfin.com/MO/Saint-Louis/5621-Botanical-Ave-63110/home/68108481
3310 Michigan Ave,Saint Louis,63118.0,Single Family Residential,June-10-2026,299900,2082.0,False,144.04418828049953,3.0,2.5,1893.0,3001.0,,38.5959252,-90.2352023,https://www.redfin.com/MO/Saint-Louis/3310-Michigan-Ave-63118/home/62771703
5556 Arthur Ave,Saint Louis,63139.0,Single Family Residential,June-10-2026,235000,1730.0,False,135.83815028901734,4.0,2.0,1954.0,4399.0,,38.5997794,-90.2838388,https://www.redfin.com/MO/Saint-Louis/5556-Arthur-Ave-63139/home/93742752
4744 Bonita Ave,Saint Louis,63116.0,Single Family Residential,June-10-2026,260000,1269.0,False,204.8857368006304,3.0,1.5,1922.0,4373.0,,38.5732715,-90.2834618,https://www.redfin.com/MO/Saint-Louis/4744-Bonita-Ave-63116/home/93766459
4323 Bingham Ave,Saint Louis,63116.0,Single Family Residential,June-9-2026,79900,1200.0,False,66.58333333333333,2.0,1.0,1929.0,4913.0,,38.589564,-90.265186,https://www.redfin.com/MO/Saint-Louis/4323-Bingham-Ave-63116/home/93771913
925 Riverview Blvd,Saint Louis,63147.0,Single Family Residential,June-9-2026,93000,830.0,False,112.04819277108433,2.0,1.0,1949.0,7740.0,,38.7247443,-90.2325463,https://www.redfin.com/MO/Saint-Louis/925-Riverview-Blvd-63147/home/93783208
6036 Horton Pl,Saint Louis,63112.0,Single Family Residential,June-9-2026,109000,1586.0,False,68.72635561160152,2.0,1.0,1893.0,4704.0,,38.662437,-90.2932021,https://www.redfin.com/MO/Saint-Louis/6036-Horton-Pl-63112/home/93723563
6011 S Grand Blvd,Saint Louis,63111.0,Single Family Residential,June-9-2026,215000,1125.0,False,191.11111111111111,2.0,1.5,1925.0,4900.0,,38.5657529,-90.2571857,https://www.redfin.com/MO/Saint-Louis/6011-S-Grand-Blvd-63111/home/93772421
4254 Mcree Ave,Saint Louis,63110.0,Single Family Residential,June-8-2026,445000,1760.0,False,252.8409090909091,3.0,2.5,2013.0,3767.0,,38.6193399,-90.2551858,https://www.redfin.com/MO/Saint-Louis/4254-McRee-Ave-63110/home/62720952
5750 Gresham Ave,Saint Louis,63109.0,Single Family Residential,June-8-2026,280000,1225.0,False,228.57142857142858,2.0,1.5,1939.0,3023.0,,38.575002,-90.2940819,https://www.redfin.com/MO/Saint-Louis/5750-Gresham-Ave-63109/home/82734593
2703 Pestalozzi St,Saint Louis,63118.0,Single Family Residential,June-8-2026,210000,1352.0,False,155.32544378698225,3.0,1.0,1927.0,5248.0,,38.6018596,-90.22623,https://www.redfin.com/MO/Saint-Louis/2703-Pestalozzi-St-63118/home/93691711
2638 Park Ave,Saint Louis,63104.0,Single Family Residential,June-8-2026,230000,1601.0,False,143.66021236727045,2.0,1.5,1985.0,1995.0,,38.618336,-90.2216804,https://www.redfin.com/MO/Saint-Louis/2638-Park-Ave-63104/home/93700724
2520 California Ave,Saint Louis,63104.0,Single Family Residential,June-8-2026,449900,3386.0,False,132.8706438275251,4.0,2.0,1896.0,3624.0,,38.6068114,-90.2270645,https://www.redfin.com/MO/Saint-Louis/2520-California-Ave-63104/home/93699948
6412 Potomac St,Saint Louis,63139.0,Single Family Residential,June-5-2026,239900,1048.0,False,228.91221374045801,2.0,1.0,1929.0,4373.0,,38.5988373,-90.29814,https://www.redfin.com/MO/Saint-Louis/6412-Potomac-St-63139/home/93775208
5727 Winona Ave,Saint Louis,63109.0,Single Family Residential,June-5-2026,205000,1032.0,False,198.64341085271317,2.0,1.0,1939.0,4552.0,,38.5922833,-90.2903288,https://www.redfin.com/MO/Saint-Louis/5727-Winona-Ave-63109/home/93780968
4747 Milentz Ave,Saint Louis,63116.0,Single Family Residential,June-5-2026,150000,912.0,False,164.47368421052633,1.0,1.0,1910.0,3750.0,,38.5756528,-90.2802939,https://www.redfin.com/MO/Saint-Louis/4747-Milentz-Ave-63116/home/93756831
2922 Sidney St,Saint Louis,63104.0,Single Family Residential,June-5-2026,235000,1680.0,False,139.88095238095238,2.0,2.0,1910.0,1960.0,,38.6065629,-90.2306338,https://www.redfin.com/MO/Saint-Louis/2922-Sidney-St-63104/home/93699577
7124 Marwinette Ave,Saint Louis,63116.0,Single Family Residential,June-5-2026,199000,816.0,False,243.87254901960785,2.0,1.5,1951.0,5327.0,,38.5607674,-90.2727142,https://www.redfin.com/MO/Saint-Louis/7124-Marwinette-Ave-63116/home/93784068
2834 Mount Pleasant St,Saint Louis,63111.0,Single Family Residential,June-5-2026,120000,2394.0,False,50.12531328320802,3.0,2.0,2025.0,4591.0,,38.57237,-90.2360052,https://www.redfin.com/MO/Saint-Louis/2834-Mount-Pleasant-St-63111/home/62739023
2339 Sulphur Ave,Saint Louis,63139.0,Single Family Residential,June-5-2026,334900,1340.0,False,249.92537313432837,3.0,2.0,1897.0,5758.0,,38.6142225,-90.2891065,https://www.redfin.com/MO/Saint-Louis/2339-Sulphur-Ave-63139/home/93741606
1523 Graham,Saint Louis,63139.0,Single Family Residential,June-5-2026,199900,779.0,False,256.6110397946085,2.0,1.0,1957.0,3441.0,,38.622721,-90.2918958,https://www.redfin.com/MO/Saint-Louis/1523-Graham-St-63139/home/93761909
7121 Leona St,Saint Louis,63116.0,Single Family Residential,June-5-2026,200000,864.0,False,231.4814814814815,2.0,1.0,1950.0,5405.0,,38.5621338,-90.2754877,https://www.redfin.com/MO/Saint-Louis/7121-Leona-St-63116/home/93784106
1615 Veronica Ave,Saint Louis,63147.0,Single Family Residential,June-5-2026,60000,1248.0,False,48.07692307692308,4.0,1.5,1950.0,5501.0,,38.7189116,-90.2435982,https://www.redfin.com/MO/Saint-Louis/1615-Veronica-Ave-63147/home/93731838
3025 Mount Pleasant St,Saint Louis,63111.0,Single Family Residential,June-5-2026,130000,1462.0,False,88.91928864569084,3.0,2.0,1952.0,6499.0,,38.5730894,-90.2387926,https://www.redfin.com/MO/Saint-Louis/3025-Mount-Pleasant-St-63111/home/93706256
8111 Southpark Ct,Saint Louis,63125.0,Single Family Residential,June-4-2026,174900,1400.0,False,124.92857142857143,3.0,2.0,1962.0,4416.0,,38.5506485,-90.2741418,https://www.redfin.com/MO/Saint-Louis/8111-Southpark-Ct-63125/home/93785118
3829 Burgen Ave,Saint Louis,63116.0,Single Family Residential,June-4-2026,220000,1200.0,False,183.33333333333334,2.0,1.0,1932.0,3327.0,,38.5705239,-90.2604468,https://www.redfin.com/MO/Saint-Louis/3829-Burgen-Ave-63116/home/93781505
3215 Jasper Park,Saint Louis,63139.0,Single Family Residential,June-4-2026,450000,1952.0,False,230.5327868852459,3.0,2.5,2022.0,3349.0,,38.603568,-90.2853711,https://www.redfin.com/MO/Saint-Louis/3215-Jasper-Park-63139/home/93742960
7300 Vermont Ave,Saint Louis,63111.0,Single Family Residential,June-4-2026,199900,992.0,False,201.51209677419354,2.0,1.5,1893.0,7000.0,,38.5528711,-90.2599108,https://www.redfin.com/MO/Saint-Louis/7300-Vermont-Ave-63111/home/62725111
4533 Ray Ave,Saint Louis,63116.0,Single Family Residential,June-4-2026,229900,1000.0,False,229.9,3.0,1.5,1909.0,3449.0,,38.5830564,-90.2594791,https://www.redfin.com/MO/Saint-Louis/4533-Ray-Ave-63116/home/93756010
2828 59th St,Saint Louis,63139.0,Single Family Residential,June-4-2026,219900,1564.0,False,140.6010230179028,2.0,1.0,1896.0,4460.0,,38.6082889,-90.2867775,https://www.redfin.com/MO/Saint-Louis/2828-59th-St-63139/home/93726749
2217 Keokuk St,Saint Louis,63118.0,Single Family Residential,June-4-2026,219000,1840.0,False,119.02173913043478,3.0,2.5,1906.0,3223.0,,38.5843182,-90.2257214,https://www.redfin.com/MO/Saint-Louis/2217-Keokuk-St-63118/home/93696829
5425 Bates St,Saint Louis,63116.0,Single Family Residential,June-4-2026,185000,914.0,False,202.4070021881838,2.0,1.0,1922.0,3781.0,,38.5789772,-90.2725455,https://www.redfin.com/MO/Saint-Louis/5425-Bates-St-63116/home/93767474
2225 Richert Pl,Saint Louis,63143.0,Single Family Residential,June-4-2026,185000,768.0,False,240.88541666666666,1.0,1.0,1926.0,3720.0,,38.6174232,-90.3103083,https://www.redfin.com/MO/Saint-Louis/2225-Richert-Pl-63143/home/93741480
7122 Piccadilly Ave,Saint Louis,63143.0,Single Family Residential,June-4-2026,235000,1170.0,False,200.85470085470087,2.0,1.5,1909.0,5632.0,,38.6033918,-90.3151266,https://www.redfin.com/MO/Saint-Louis/7122-Picadilly-Ave-63143/home/81570103
2702 Indiana Ave,Saint Louis,63118.0,Single Family Residential,June-4-2026,229900,1414.0,False,162.58840169731258,2.0,1.5,1885.0,3898.0,,38.6035419,-90.2215167,https://www.redfin.com/MO/Saint-Louis/2702-Indiana-Ave-63118/home/93697785
5221 Delor St,Saint Louis,63109.0,Single Family Residential,June-4-2026,270000,1204.0,False,224.25249169435216,2.0,1.0,1925.0,3750.0,,38.5832024,-90.2817003,https://www.redfin.com/MO/Saint-Louis/5221-Delor-St-63109/home/93766693
6591 Scanlan Ave,Saint Louis,63139.0,Single Family Residential,June-3-2026,269000,941.0,False,285.86609989373005,2.0,1.5,1923.0,6799.0,,38.6059374,-90.3028841,https://www.redfin.com/MO/Saint-Louis/6591-Scanlan-Ave-63139/home/93742252
3415 Vista Ave,Saint Louis,63104.0,Single Family Residential,June-3-2026,575000,1970.0,False,291.8781725888325,3.0,2.5,2023.0,3171.0,,38.6212934,-90.2344574,https://www.redfin.com/MO/Saint-Louis/3415-Vista-Ave-63104/home/93700940
7200 Lanham Ave,Saint Louis,63143.0,Single Family Residential,June-3-2026,279900,1944.0,False,143.9814814814815,3.0,2.5,1890.0,6812.0,,38.613896,-90.312399,https://www.redfin.com/MO/Saint-Louis/7200-Lanham-Ave-63143/home/93743627
5015 Gerritt Ave,Saint Louis,63116.0,Single Family Residential,June-3-2026,165000,1293.0,False,127.61020881670534,2.0,1.0,1939.0,6359.0,,38.5766221,-90.2588686,https://www.redfin.com/MO/Saint-Louis/5015-Gerritt-Ave-63116/home/62710610
5920 Morganford Rd,Saint Louis,63116.0,Single Family Residential,June-3-2026,194900,1058.0,False,184.21550094517957,2.0,1.5,1936.0,2735.0,,38.5730869,-90.2705799,https://www.redfin.com/MO/Saint-Louis/5920-Morganford-Rd-63116/home/93776115
6020 Potomac St,Saint Louis,63139.0,Single Family Residential,June-3-2026,234900,1843.0,False,127.45523602821487,2.0,1.0,1928.0,4373.0,,38.5983464,-90.2934623,https://www.redfin.com/MO/Saint-Louis/6020-Potomac-St-63139/home/88995357
3956 Connecticut St,Saint Louis,63116.0,Single Family Residential,June-3-2026,349900,1550.0,False,225.74193548387098,3.0,2.0,1917.0,4338.0,,38.6005582,-90.2521075,https://www.redfin.com/MO/Saint-Louis/3956-Connecticut-St-63116/home/93729642
5251 Pernod Ave,Saint Louis,63139.0,Single Family Residential,June-3-2026,235000,1095.0,False,214.6118721461187,3.0,1.0,1941.0,3463.0,,38.5956394,-90.2805289,https://www.redfin.com/MO/Saint-Louis/5251-Pernod-Ave-63139/home/93777338
4222 Flad Ave,Saint Louis,63110.0,Single Family Residential,June-3-2026,400000,1750.0,False,228.57142857142858,4.0,2.0,1910.0,3689.0,,38.612535,-90.2550644,https://www.redfin.com/MO/Saint-Louis/4222-Flad-Ave-63110/home/62764603
4955 Nagel Ave,Saint Louis,63109.0,Single Family Residential,June-3-2026,169900,930.0,False,182.68817204301075,2.0,1.0,1909.0,6721.0,,38.5693589,-90.2888226,https://www.redfin.com/MO/Saint-Louis/4955-Nagel-Ave-63109/home/93758304
3442 Chippewa St,Saint Louis,63118.0,Single Family Residential,June-2-2026,199500,2068.0,False,96.47001934235976,4.0,2.0,1915.0,3175.0,,38.5878403,-90.2422226,https://www.redfin.com/MO/Saint-Louis/3442-Chippewa-St-63118/home/93695359
2801 Missouri Ave,Saint Louis,63118.0,Single Family Residential,June-2-2026,375000,2250.0,False,166.66666666666666,3.0,2.5,1887.0,2243.0,,38.6024306,-90.2214011,https://www.redfin.com/MO/Saint-Louis/2801-Missouri-Ave-63118/home/93677429
5242 Quincy St,Saint Louis,63109.0,Single Family Residential,June-2-2026,194900,836.0,False,233.13397129186603,2.0,1.0,1906.0,3301.0,,38.5716978,-90.2902733,https://www.redfin.com/MO/Saint-Louis/5242-Quincy-St-63109/home/93758225
3139 Mount Pleasant St,Saint Louis,63111.0,Single Family Residential,June-2-2026,175000,1270.0,False,137.79527559055117,3.0,2.0,1894.0,6250.0,,38.5733502,-90.2406581,https://www.redfin.com/MO/Saint-Louis/3139-Mount-Pleasant-St-63111/home/93706190
3710 Berger Ave,Saint Louis,63109.0,Single Family Residential,June-2-2026,270000,1196.0,False,225.752508361204,3.0,2.0,1985.0,4460.0,,38.5970299,-90.3095836,https://www.redfin.com/MO/Saint-Louis/3710-Berger-Ave-63109/home/93779094
7827 Clymer Dr,Saint Louis,63123.0,Single Family Residential,June-2-2026,215000,816.0,False,263.48039215686276,2.0,2.0,1955.0,5597.0,,38.5540933,-90.2797854,https://www.redfin.com/MO/Saint-Louis/7827-Clymer-Dr-63123/home/93784965
5455 Walsh St,Saint Louis,63109.0,Single Family Residential,June-2-2026,349900,2071.0,False,168.95219700627717,3.0,1.5,1935.0,3750.0,,38.582895,-90.2868725,https://www.redfin.com/MO/Saint-Louis/5455-Walsh-St-63109/home/62696031
4441 Oakland Ave,Saint Louis,63110.0,Single Family Residential,June-2-2026,375000,1824.0,False,205.5921052631579,3.0,2.5,1904.0,3249.0,,38.6277453,-90.2602586,https://www.redfin.com/MO/Saint-Louis/4441-Oakland-Ave-63110/home/93751248
6648 Dale Ave,Saint Louis,63139.0,Single Family Residential,June-2-2026,329900,1378.0,False,239.40493468795356,2.0,2.0,1953.0,4900.0,,38.62484,-90.3007841,https://www.redfin.com/MO/Saint-Louis/6648-Dale-Ave-63139/home/93741217
4822 Hamburg Ave,Saint Louis,63123.0,Single Family Residential,June-2-2026,215000,768.0,False,279.9479166666667,2.0,1.0,1952.0,6000.0,,38.5610433,-90.294708,https://www.redfin.com/MO/Saint-Louis/4822-Hamburg-Ave-63123/home/93759311
5746 Pernod Ave,Saint Louis,63139.0,Single Family Residential,June-2-2026,300000,1150.0,False,260.8695652173913,2.0,2.0,1939.0,3959.0,,38.5962694,-90.2905486,https://www.redfin.com/MO/Saint-Louis/5746-Pernod-Ave-63139/home/62717562
3933 Mcdonald Ave,Saint Louis,63116.0,Single Family Residential,June-2-2026,219900,864.0,False,254.51388888888889,2.0,1.0,1952.0,7230.0,,38.5972089,-90.2517913,https://www.redfin.com/MO/Saint-Louis/3933-McDonald-Ave-63116/home/93729377
6028 Potomac St,Saint Louis,63139.0,Single Family Residential,June-2-2026,259000,1910.0,False,135.6020942408377,2.0,2.0,1928.0,4373.0,,38.59837,-90.2937072,https://www.redfin.com/MO/Saint-Louis/6028-Potomac-St-63139/home/62751224
6444 Plateau Ave,Saint Louis,63139.0,Single Family Residential,June-2-2026,199900,795.0,False,251.44654088050314,1.0,1.0,1928.0,4051.0,,38.6227735,-90.2956605,https://www.redfin.com/MO/Saint-Louis/6444-Plateau-Ave-63139/home/93740836
1112 Hornsby Ave,Saint Louis,63147.0,Single Family Residential,June-2-2026,140000,1348.0,False,103.85756676557864,3.0,2.0,1925.0,5593.0,,38.7188769,-90.2359281,https://www.redfin.com/MO/Saint-Louis/1112-Hornsby-Ave-63147/home/93760917
5716 Winona Ave,Saint Louis,63109.0,Single Family Residential,June-2-2026,330000,936.0,False,352.56410256410254,3.0,2.0,1939.0,4373.0,,38.5918226,-90.2900259,https://www.redfin.com/MO/Saint-Louis/5716-Winona-Ave-63109/home/93780869
5252 Botanical Ave,Saint Louis,63110.0,Single Family Residential,June-1-2026,260000,1114.0,False,233.3931777378815,2.0,1.0,1914.0,3423.0,,38.6121622,-90.275624,https://www.redfin.com/MO/Saint-Louis/5252-Botanical-Ave-63110/home/93727589
4978 Odell St,Saint Louis,63139.0,Single Family Residential,June-1-2026,489000,2214.0,False,220.86720867208672,4.0,3.0,1923.0,,,38.6062628,-90.2720161,https://www.redfin.com/MO/Saint-Louis/4978-Odell-St-63139/home/62725667
5828 Pamplin Ave,Saint Louis,63147.0,Single Family Residential,June-1-2026,190000,1075.0,False,176.74418604651163,4.0,2.5,1940.0,5976.0,,38.7105477,-90.2512838,https://www.redfin.com/MO/Saint-Louis/5828-Pamplin-Ave-63147/home/93770356
5717 Lansdowne Ave,Saint Louis,63109.0,Single Family Residential,June-1-2026,265000,900.0,False,294.44444444444446,3.0,1.0,1925.0,3750.0,,38.5895689,-90.2906221,https://www.redfin.com/MO/Saint-Louis/5717-Lansdowne-Ave-63109/home/93752731
3420 Humphrey St,Saint Louis,63118.0,Single Family Residential,June-1-2026,439000,2236.0,False,196.33273703041144,3.0,2.5,1906.0,3811.0,,38.597594,-90.2394386,https://www.redfin.com/MO/Saint-Louis/3420-Humphrey-St-63118/home/93671832
3940 Randall St,Saint Louis,63116.0,Single Family Residential,June-1-2026,165000,1008.0,False,163.6904761904762,3.0,1.0,1925.0,3232.0,,38.5778284,-90.2586357,https://www.redfin.com/MO/Saint-Louis/3940-Randall-St-63116/home/62748904
5712 Floy Ave,Saint Louis,63136.0,Single Family Residential,May-29-2026,62000,966.0,False,64.18219461697723,2.0,1.0,1929.0,4177.0,,38.7104229,-90.2555149,https://www.redfin.com/MO/Saint-Louis/5712-Floy-Ave-63136/home/93765406
2636 Hereford St,Saint Louis,63139.0,Single Family Residential,May-29-2026,205000,1873.0,False,109.45008008542445,4.0,2.5,1977.0,3876.0,,38.6095904,-90.2721925,https://www.redfin.com/MO/Saint-Louis/2636-Hereford-St-63139/home/93727617
4546 Arco Ave,Saint Louis,63110.0,Single Family Residential,May-29-2026,489900,2760.0,False,177.5,3.0,2.5,1897.0,3249.0,,38.6288524,-90.2628592,https://www.redfin.com/MO/Saint-Louis/4546-Arco-Ave-63110/home/93749278
1226 Sidney St,Saint Louis,63104.0,Single Family Residential,May-29-2026,207500,1230.0,False,168.6991869918699,2.0,1.0,1890.0,1659.0,,38.602156,-90.213253,https://www.redfin.com/MO/Saint-Louis/1226-Sidney-St-63104/home/93686652
4110 Westminster Pl,Saint Louis,63108.0,Townhouse,May-29-2026,198000,1216.0,False,162.82894736842104,2.0,2.0,1989.0,3484.0,,38.6423927,-90.2451796,https://www.redfin.com/MO/Saint-Louis/4110-Westminster-Pl-63108/home/93786769
3724 Bamberger Ave,Saint Louis,63116.0,Single Family Residential,May-29-2026,110000,1069.0,False,102.8999064546305,3.0,2.0,1921.0,4795.0,,38.5894552,-90.2493439,https://www.redfin.com/MO/Saint-Louis/3724-Bamberger-Ave-63116/home/62692922
5962 S Cuba Ct,Saint Louis,63139.0,Single Family Residential,May-29-2026,259900,1175.0,False,221.19148936170214,2.0,1.5,1926.0,4373.0,,38.607733,-90.289358,https://www.redfin.com/MO/Saint-Louis/5962-S-Cuba-Ct-63139/home/93775539
3729 Upton St,Saint Louis,63116.0,Single Family Residential,May-29-2026,181500,1050.0,False,172.85714285714286,3.0,1.0,1908.0,7902.0,,38.556777,-90.2692117,https://www.redfin.com/MO/Saint-Louis/3729-Upton-St-63116/home/93712148
5620 Bischoff Ave,Saint Louis,63110.0,Single Family Residential,May-29-2026,359900,1228.0,False,293.07817589576547,3.0,2.0,1950.0,4552.0,,38.6159069,-90.2815167,https://www.redfin.com/MO/Saint-Louis/5620-Bischoff-Ave-63110/home/62739721
3718 S Spring Ave,Saint Louis,63116.0,Single Family Residential,May-29-2026,110000,1071.0,False,102.7077497665733,3.0,2.0,1922.0,4726.0,,38.5899856,-90.2480606,https://www.redfin.com/MO/Saint-Louis/3718-S-Spring-Ave-63116/home/93730228
3408 Winnebago St,Saint Louis,63118.0,Single Family Residential,May-29-2026,229500,1746.0,False,131.44329896907217,3.0,2.5,1908.0,3750.0,,38.5895222,-90.2407363,https://www.redfin.com/MO/Saint-Louis/3408-Winnebago-St-63118/home/93695337
6118 Newport Ave,Saint Louis,63116.0,Single Family Residential,May-29-2026,199900,858.0,False,232.983682983683,2.0,1.0,1928.0,3393.0,,38.5707079,-90.2699713,https://www.redfin.com/MO/Saint-Louis/6118-Newport-Ave-63116/home/62732448
6409 Sutherland Ave,Saint Louis,63109.0,Single Family Residential,May-29-2026,533888,2420.0,False,220.61487603305784,4.0,3.0,1941.0,5623.0,,38.5915278,-90.3004873,https://www.redfin.com/MO/Saint-Louis/6409-Sutherland-Ave-63109/home/93780027
6156 Louisiana Ave,Saint Louis,63111.0,Single Family Residential,May-29-2026,200000,1455.0,False,137.4570446735395,2.0,1.5,1948.0,4020.0,,38.5628792,-90.2561916,https://www.redfin.com/MO/Saint-Louis/6156-Louisiana-Ave-63111/home/93709515
6650 Odell St,Saint Louis,63139.0,Single Family Residential,May-28-2026,268000,1200.0,False,223.33333333333334,2.0,1.0,1926.0,5545.0,,38.6100309,-90.3027682,https://www.redfin.com/MO/Saint-Louis/6650-Odell-St-63139/home/93743853
4862 Goethe Ave,Saint Louis,63116.0,Single Family Residential,May-28-2026,189900,800.0,False,237.375,2.0,1.0,1922.0,3750.0,,38.5783072,-90.2807379,https://www.redfin.com/MO/Saint-Louis/4862-Goethe-Ave-63116/home/93763271
3817 Childress Ave,Saint Louis,63109.0,Single Family Residential,May-28-2026,315000,1575.0,False,200.0,2.0,2.0,1927.0,4199.0,,38.5952093,-90.3002936,https://www.redfin.com/MO/Saint-Louis/3817-Childress-Ave-63109/home/62726699
819 Portland Ter,Saint Louis,63147.0,Single Family Residential,May-28-2026,60000,936.0,False,64.1025641025641,2.0,1.0,1948.0,4438.0,,38.7256108,-90.228845,https://www.redfin.com/MO/Saint-Louis/819-Portland-Ter-63147/home/93783298
4227 Prather Ave,Saint Louis,63109.0,Single Family Residential,May-28-2026,385000,2248.0,False,171.26334519572953,3.0,1.5,1940.0,5344.0,,38.5930403,-90.3072254,https://www.redfin.com/MO/Saint-Louis/4227-Prather-Ave-63109/home/93769781
4465 W Pine Blvd #18,Saint Louis,63108.0,Townhouse,May-28-2026,474000,2090.0,False,226.79425837320574,3.0,2.5,1985.0,,,38.6411633,-90.2568705,https://www.redfin.com/MO/Saint-Louis/4465-W-Pine-Blvd-63108/unit-18/home/93724918
1371 Louisville Ave,Saint Louis,63139.0,Single Family Residential,May-28-2026,149900,889.0,False,168.6164229471316,3.0,1.0,1924.0,7679.0,,38.6256705,-90.2983776,https://www.redfin.com/MO/Saint-Louis/1371-Louisville-Ave-63139/home/62710958
6201 Oleatha Ave,Saint Louis,63139.0,Single Family Residential,May-28-2026,399000,2007.0,False,198.80418535127055,3.0,2.5,1940.0,4373.0,,38.5980151,-90.295253,https://www.redfin.com/MO/Saint-Louis/6201-Oleatha-Ave-63139/home/62718380
5633 Walsh St,Saint Louis,63109.0,Single Family Residential,May-28-2026,265000,1104.0,False,240.03623188405797,2.0,1.0,1935.0,3750.0,,38.5832539,-90.2902456,https://www.redfin.com/MO/Saint-Louis/5633-Walsh-St-63109/home/62767315
5007 Alabama Ave,Saint Louis,63111.0,Single Family Residential,May-28-2026,157500,1096.0,False,143.70437956204378,2.0,1.0,1905.0,4199.0,,38.5700572,-90.2458496,https://www.redfin.com/MO/Saint-Louis/5007-Alabama-Ave-63111/home/93707892
10 Manhattan Mews,Saint Louis,63108.0,Townhouse,May-28-2026,345000,1248.0,False,276.4423076923077,2.0,2.5,1985.0,1934.0,,38.638731,-90.252494,https://www.redfin.com/MO/Saint-Louis/10-Manhattan-Mews-63108/home/62720229
5450 Dresden Ave,Saint Louis,63116.0,Single Family Residential,May-28-2026,150000,829.0,False,180.94089264173704,2.0,1.0,1907.0,3358.0,,38.5782785,-90.2742634,https://www.redfin.com/MO/Saint-Louis/5450-Dresden-Ave-63116/home/62711780
3903 Prather Ave,Saint Louis,63109.0,Single Family Residential,May-28-2026,400000,1215.0,False,329.2181069958848,4.0,2.5,1940.0,7122.0,,38.5953286,-90.3068264,https://www.redfin.com/MO/Saint-Louis/3903-Prather-Ave-63109/home/93769756
5947 Summit Pl,Saint Louis,63147.0,Single Family Residential,May-28-2026,47900,1956.0,False,24.48875255623722,2.0,1.5,1926.0,3301.0,,38.7124259,-90.2479934,https://www.redfin.com/MO/Saint-Louis/5947-Summit-Pl-63147/home/93770503
2258 S Jefferson Ave,Saint Louis,63104.0,Single Family Residential,May-28-2026,365000,1768.0,False,206.44796380090497,3.0,2.5,2025.0,2700.0,,38.6083751,-90.2219347,https://www.redfin.com/MO/Saint-Louis/2258-S-Jefferson-Ave-63104/home/93690918
7413 Ray Ave,Saint Louis,63116.0,Single Family Residential,May-27-2026,219000,1317.0,False,166.2870159453303,3.0,2.0,1955.0,5401.0,,38.560109,-90.2798298,https://www.redfin.com/MO/Saint-Louis/7413-Ray-Ave-63116/home/93784358
6635 Arsenal St,Saint Louis,63139.0,Single Family Residential,May-27-2026,90000,806.0,False,111.66253101736973,3.0,1.0,1913.0,4878.0,,38.6085174,-90.3024846,https://www.redfin.com/MO/Saint-Louis/6635-Arsenal-St-63139/home/93741807
6453 Colletta Dr,Saint Louis,63139.0,Single Family Residential,May-27-2026,200000,1440.0,False,138.88888888888889,3.0,1.0,1955.0,3441.0,,38.6142474,-90.2982921,https://www.redfin.com/MO/Saint-Louis/6453-Colletta-Dr-63139/home/93784581
5405 Michigan Ave,Saint Louis,63111.0,Single Family Residential,May-27-2026,149000,2031.0,False,73.36287543082226,2.0,1.5,1910.0,7100.0,,38.5651569,-90.244076,https://www.redfin.com/MO/Saint-Louis/5405-Michigan-Ave-63111/home/62711080
6553 Lindenwood Ave,Saint Louis,63109.0,Single Family Residential,May-27-2026,389000,1783.0,False,218.17162086371283,4.0,2.0,1940.0,4268.0,,38.5953495,-90.303246,https://www.redfin.com/MO/Saint-Louis/6553-Lindenwood-Pl-63109/home/93775143
3426 Nebraska Ave,Saint Louis,63118.0,Single Family Residential,May-27-2026,159900,1100.0,False,145.36363636363637,3.0,1.5,1971.0,3175.0,,38.5932515,-90.2322596,https://www.redfin.com/MO/Saint-Louis/3426-Nebraska-Ave-63118/home/93694320
6215 Southland Ave,Saint Louis,63109.0,Single Family Residential,May-27-2026,315000,1165.0,False,270.3862660944206,2.0,2.0,1952.0,6599.0,,38.5757405,-90.2957835,https://www.redfin.com/MO/Saint-Louis/6215-Southland-Ave-63109/home/62732882
1338 Fairmount Ct,Saint Louis,63139.0,Single Family Residential,May-27-2026,179000,792.0,False,226.010101010101,2.0,1.0,1946.0,4290.0,,38.6266722,-90.2996388,https://www.redfin.com/MO/Saint-Louis/1338-Fairmount-Ct-63139/home/62717950
3241 Geyer Ave,Saint Louis,63104.0,Single Family Residential,May-27-2026,535000,2269.0,False,235.78669017188187,4.0,2.5,1907.0,4373.0,,38.6147805,-90.2342555,https://www.redfin.com/MO/Saint-Louis/3241-Geyer-Ave-63104/home/93689578
4151 Quincy St,Saint Louis,63116.0,Single Family Residential,May-27-2026,135000,1500.0,False,90.0,2.0,1.0,1923.0,4199.0,,38.5650988,-90.2769112,https://www.redfin.com/MO/Saint-Louis/4151-Quincy-St-63116/home/93772878
2637 Pearl Ave,Saint Louis,63139.0,Single Family Residential,May-26-2026,450000,2128.0,False,211.46616541353384,3.0,3.0,2007.0,,,38.6105029,-90.2822729,https://www.redfin.com/MO/Saint-Louis/2637-Pearl-Ave-63139/home/103203201
5616 Milentz Ave,Saint Louis,63109.0,Single Family Residential,May-26-2026,219900,987.0,False,222.79635258358664,2.0,1.0,1927.0,4373.0,,38.5793331,-90.290362,https://www.redfin.com/MO/Saint-Louis/5616-Milentz-Ave-63109/home/93771372
4252 Gertrude Ave,Saint Louis,63116.0,Single Family Residential,May-26-2026,289900,1730.0,False,167.5722543352601,4.0,2.0,1931.0,4900.0,,38.5765551,-90.2677517,https://www.redfin.com/MO/Saint-Louis/4252-Gertrude-Ave-63116/home/93781035
5133 Goethe Ave,Saint Louis,63109.0,Single Family Residential,May-26-2026,298000,1903.0,False,156.59485023646874,2.0,2.0,1925.0,3811.0,,38.5798567,-90.2833023,https://www.redfin.com/MO/Saint-Louis/5133-Goethe-Ave-63109/home/93769447
3000 California Ave,Saint Louis,63118.0,Single Family Residential,May-26-2026,280000,1872.0,False,149.57264957264957,3.0,2.5,1913.0,6529.0,,38.6010718,-90.2283364,https://www.redfin.com/MO/Saint-Louis/3000-California-Ave-63118/home/93699315
5753 Lindenwood Ave,Saint Louis,63109.0,Single Family Residential,May-26-2026,374900,1638.0,False,228.87667887667888,3.0,2.0,1937.0,4800.0,,38.5941839,-90.2911186,https://www.redfin.com/MO/Saint-Louis/5753-Lindenwood-Ave-63109/home/93780908
3927 Weber Rd,Saint Louis,63123.0,Single Family Residential,May-26-2026,239900,2248.0,False,106.7170818505338,5.0,2.0,1957.0,3902.0,,38.5524771,-90.2805982,https://www.redfin.com/MO/Saint-Louis/3927-Weber-Rd-63123/home/93785639
4448 Itaska St,Saint Louis,63116.0,Single Family Residential,May-26-2026,195000,1200.0,False,162.5,3.0,2.0,1911.0,3750.0,,38.5841594,-90.2710827,https://www.redfin.com/MO/Saint-Louis/4448-Itaska-St-63116/home/62751687
5034 Ray Ave,Saint Louis,63116.0,Single Family Residential,May-26-2026,165000,800.0,False,206.25,3.0,1.5,1918.0,3750.0,,38.5782695,-90.2632252,https://www.redfin.com/MO/Saint-Louis/5034-Ray-Ave-63116/home/93767090
3332 Nebraska Ave,Saint Louis,63118.0,Single Family Residential,May-26-2026,140000,1732.0,False,80.83140877598153,3.0,2.0,1895.0,3175.0,,38.594966,-90.2319117,https://www.redfin.com/MO/Saint-Louis/3332-Nebraska-Ave-63118/home/93693671
4113 Hartford St,St. Louis,63116.0,Single Family Residential,May-22-2026,350000,1410.0,False,248.22695035460993,3.0,2.5,1909.0,,,38.6033658,-90.255714,https://www.redfin.com/MO/St-Louis/4113-Hartford-St-63116/home/201215071
1200 Mackay Pl,Saint Louis,63104.0,Townhouse,May-22-2026,275000,1500.0,False,183.33333333333334,3.0,2.0,1883.0,1411.0,,38.6197646,-90.2156549,https://www.redfin.com/MO/Saint-Louis/1200-Mackay-Pl-63104/home/93701226
2332 Hickory St,Saint Louis,63104.0,Single Family Residential,May-22-2026,274900,1620.0,False,169.69135802469137,3.0,2.0,1986.0,3555.0,,38.6199803,-90.2184702,https://www.redfin.com/MO/Saint-Louis/2332-Hickory-St-63104/home/93700594
1408 E Linton Ave,Saint Louis,63107.0,Single Family Residential,May-22-2026,100000,2040.0,False,49.01960784313726,4.0,1.5,1913.0,3541.0,,38.676655,-90.2091516,https://www.redfin.com/MO/Saint-Louis/1408-E-Linton-Ave-63107/home/93713184
3968 Schiller Pl,Saint Louis,63116.0,Single Family Residential,May-22-2026,124900,1268.0,False,98.50157728706624,1.0,1.0,1925.0,3223.0,,38.5745427,-90.2617236,https://www.redfin.com/MO/Saint-Louis/3968-Schiller-Pl-63116/home/93781153
4242 Olive St,Saint Louis,63108.0,Townhouse,May-22-2026,489000,2664.0,False,183.55855855855856,3.0,3.5,2004.0,4268.0,,38.6447147,-90.2477233,https://www.redfin.com/MO/Saint-Louis/4242-Olive-St-63108/home/93673031
8554 Drury Ln,Saint Louis,63147.0,Single Family Residential,May-22-2026,159900,1196.0,False,133.69565217391303,3.0,1.5,1931.0,7583.0,,38.7146632,-90.2456277,https://www.redfin.com/MO/Saint-Louis/8554-Drury-Ln-63147/home/93732326
6414 Center Ct,Saint Louis,63116.0,Single Family Residential,May-22-2026,175000,1011.0,False,173.09594460929773,2.0,1.0,1949.0,4107.0,,38.5746388,-90.2819205,https://www.redfin.com/MO/Saint-Louis/6414-Center-Ct-63116/home/93779360
6220 Minnesota Ave,Saint Louis,63111.0,Single Family Residential,May-22-2026,119900,1056.0,False,113.54166666666667,3.0,2.0,1958.0,5144.0,,38.5582466,-90.2485688,https://www.redfin.com/MO/Saint-Louis/6220-Minnesota-Ave-63111/home/85025438
1520 Washington Ave #604,St. Louis,63103.0,Single Family Residential,May-22-2026,140000,1422.0,False,98.45288326300985,2.0,2.0,1906.0,,,38.632597,-90.2023461,https://www.redfin.com/MO/St-Louis/1520-Washington-Ave-63103/unit-604/home/168590453
7821 Parkwood Dr,Saint Louis,63123.0,Single Family Residential,May-22-2026,239000,839.0,False,284.86293206197854,2.0,1.0,1950.0,5501.0,,38.5591185,-90.285172,https://www.redfin.com/MO/Saint-Louis/7821-Parkwood-Dr-63123/home/93783865
6023 Elizabeth Ave,Saint Louis,63139.0,Single Family Residential,May-22-2026,289900,1245.0,False,232.85140562248995,3.0,1.5,1925.0,3449.0,,38.6155434,-90.2891734,https://www.redfin.com/MO/Saint-Louis/6023-Elizabeth-Ave-63139/home/93761602
617 Haven St,Saint Louis,63111.0,Single Family Residential,May-22-2026,379900,2837.0,False,133.90905886499823,3.0,2.5,1892.0,7657.0,,38.5572699,-90.2558034,https://www.redfin.com/MO/Saint-Louis/617-Haven-St-63111/home/93709890
5011 Alaska Ave,Saint Louis,63111.0,Single Family Residential,May-21-2026,184900,1369.0,False,135.06208911614317,3.0,1.5,1908.0,4199.0,,38.5710922,-90.2479981,https://www.redfin.com/MO/Saint-Louis/5011-Alaska-Ave-63111/home/93707524
4716 Olive St,Saint Louis,63108.0,Single Family Residential,May-21-2026,569500,3108.0,False,183.23680823680823,5.0,3.5,1894.0,7013.0,,38.6494875,-90.2586002,https://www.redfin.com/MO/Saint-Louis/4716-Olive-St-63108/home/93709331
5447 Robert Ave,Saint Louis,63109.0,Single Family Residential,May-21-2026,199000,858.0,False,231.93473193473193,2.0,1.0,1927.0,4900.0,,38.5716675,-90.2949753,https://www.redfin.com/MO/Saint-Louis/5447-Robert-Ave-63109/home/93775961
6107 Alabama Ave,Saint Louis,63111.0,Single Family Residential,May-21-2026,99900,1051.0,False,95.0523311132255,2.0,1.0,1880.0,3123.0,,38.5622154,-90.2518503,https://www.redfin.com/MO/Saint-Louis/6107-Alabama-Ave-63111/home/93709179
2918 Wisconsin Ave,Saint Louis,63118.0,Single Family Residential,May-21-2026,379900,1989.0,False,191.00050276520864,3.0,3.0,1895.0,8772.0,,38.5991675,-90.2193502,https://www.redfin.com/MO/Saint-Louis/2918-Wisconsin-Ave-63118/home/93698939
7132 Vermont Ave,Saint Louis,63111.0,Single Family Residential,May-21-2026,149900,912.0,False,164.3640350877193,2.0,2.0,1957.0,4447.0,,38.5534039,-90.2589711,https://www.redfin.com/MO/Saint-Louis/7132-Vermont-Ave-63111/home/93710409
6634 Elmer Ave,Saint Louis,63109.0,Single Family Residential,May-21-2026,219999,1348.0,False,163.2040059347181,3.0,1.0,1921.0,3223.0,,38.5715665,-90.2850658,https://www.redfin.com/MO/Saint-Louis/6634-Elmer-Ave-63109/home/79108391
6415 Blow St,Saint Louis,63109.0,Single Family Residential,May-21-2026,239900,960.0,False,249.89583333333334,2.0,1.0,1934.0,4552.0,,38.574686,-90.2937363,https://www.redfin.com/MO/Saint-Louis/6415-Blow-St-63109/home/93774279
2706 Alhambra Ct,Saint Louis,63118.0,Single Family Residential,May-21-2026,475000,2420.0,False,196.28099173553719,3.0,2.5,1910.0,3001.0,,38.6067063,-90.2399895,https://www.redfin.com/MO/Saint-Louis/2706-Alhambra-Ct-63118/home/93692269
5139 Goethe Ave,Saint Louis,63109.0,Single Family Residential,May-21-2026,245900,1200.0,False,204.91666666666666,3.0,2.0,1926.0,4269.0,,38.5798635,-90.2835134,https://www.redfin.com/MO/Saint-Louis/5139-Goethe-Ave-63109/home/93769443
4410 Wallace St,Saint Louis,63116.0,Single Family Residential,May-21-2026,215000,1192.0,False,180.36912751677852,2.0,1.0,1912.0,3750.0,,38.583001,-90.2700962,https://www.redfin.com/MO/Saint-Louis/4410-Wallace-St-63116/home/93763769
4153 Loughborough Ave,Saint Louis,63116.0,Single Family Residential,May-21-2026,224900,1032.0,False,217.92635658914728,2.0,1.0,1945.0,4199.0,,38.5656881,-90.2759783,https://www.redfin.com/MO/Saint-Louis/4153-Loughborough-Ave-63116/home/93778163
4817 Goethe Ave Ave,Saint Louis,63116.0,Single Family Residential,May-21-2026,175000,1100.0,False,159.0909090909091,2.0,1.5,1909.0,3750.0,,38.5772735,-90.2798358,https://www.redfin.com/MO/Saint-Louis/4817-Goethe-Ave-63116/home/93763405
3231 Ohio Ave,Saint Louis,63118.0,Single Family Residential,May-21-2026,239900,1510.0,False,158.87417218543047,2.0,2.0,1888.0,3123.0,,38.5962515,-90.2273866,https://www.redfin.com/MO/Saint-Louis/3231-Ohio-Ave-63118/home/93694183
4455 Oakland Ave,Saint Louis,63110.0,Single Family Residential,May-21-2026,330000,2239.0,False,147.38722644037517,2.0,2.5,1924.0,3249.0,,38.62791,-90.260732,https://www.redfin.com/MO/Saint-Louis/4455-Oakland-Ave-63110/home/93750910
5725 Westminster Pl,Saint Louis,63112.0,Single Family Residential,May-21-2026,362500,2464.0,False,147.1185064935065,3.0,2.5,1985.0,5880.0,,38.652544,-90.2859415,https://www.redfin.com/MO/Saint-Louis/5725-Westminster-Pl-63112/home/93767242
5344 Lansdowne Ave,Saint Louis,63109.0,Single Family Residential,May-21-2026,319900,1288.0,False,248.3695652173913,2.0,2.0,1918.0,3750.0,,38.5884392,-90.2834494,https://www.redfin.com/MO/Saint-Louis/5344-Lansdowne-Ave-63109/home/62733865
4918 Wise Ave,Saint Louis,63110.0,Single Family Residential,May-21-2026,350000,1808.0,False,193.58407079646017,3.0,2.0,1925.0,4112.0,,38.6262131,-90.2657206,https://www.redfin.com/MO/Saint-Louis/4918-Wise-Ave-63110/home/93726654
3409 Macklind Ave,Saint Louis,63139.0,Single Family Residential,May-20-2026,235900,918.0,False,256.97167755991285,2.0,1.0,1941.0,4900.0,,38.5982711,-90.2823349,https://www.redfin.com/MO/Saint-Louis/3409-Macklind-Ave-63139/home/93742744
5433 Donovan Ave,Saint Louis,63109.0,Single Family Residential,May-20-2026,349900,2562.0,False,136.5729898516784,3.0,2.0,1950.0,8001.0,,38.5816376,-90.3050157,https://www.redfin.com/MO/Saint-Louis/5433-Donovan-Ave-63109/home/93782781
7109 Canterbury Ave,Saint Louis,63143.0,Single Family Residential,May-20-2026,125000,1200.0,False,104.16666666666667,3.0,2.5,1926.0,6300.0,,38.6087475,-90.311897,https://www.redfin.com/MO/Saint-Louis/7109-Canterbury-Ave-63143/home/93745012
4521 Gibson Ave,Saint Louis,63110.0,Single Family Residential,May-20-2026,399500,1452.0,False,275.13774104683193,4.0,2.5,1891.0,3023.0,,38.6299347,-90.2616925,https://www.redfin.com/MO/Saint-Louis/4521-Gibson-Ave-63110/home/93750278
5662 Tholozan Ave,Saint Louis,63109.0,Single Family Residential,May-20-2026,324500,2160.0,False,150.2314814814815,2.0,2.0,1955.0,4800.0,,38.5951366,-90.2877696,https://www.redfin.com/MO/Saint-Louis/5662-Tholozan-Ave-63109/home/93781656
3525 Hartford St,Saint Louis,63118.0,Single Family Residential,May-20-2026,430000,1770.0,False,242.93785310734464,4.0,1.5,1903.0,3598.0,,38.6018574,-90.2410783,https://www.redfin.com/MO/Saint-Louis/3525-Hartford-St-63118/home/93692682
4934 Walsh St,Saint Louis,63109.0,Single Family Residential,May-20-2026,369900,2354.0,False,157.13678844519967,3.0,1.5,1925.0,4721.0,,38.5817497,-90.2798774,https://www.redfin.com/MO/Saint-Louis/4934-Walsh-St-63109/home/93767177
3143 Lavender Ln,Saint Louis,63139.0,Single Family Residential,May-19-2026,395000,2422.0,False,163.08835672997523,3.0,3.5,1989.0,4251.0,,38.6053084,-90.284283,https://www.redfin.com/MO/Saint-Louis/3143-Lavender-Ln-63139/home/62740402
4224 Mcree Ave,Saint Louis,63110.0,Single Family Residential,May-19-2026,329900,1728.0,False,190.91435185185185,3.0,2.5,1921.0,3781.0,,38.6192559,-90.254138,https://www.redfin.com/MO/Saint-Louis/4224-McRee-Ave-63110/home/93683808
923 Withnell Ave,Saint Louis,63118.0,Single Family Residential,May-19-2026,299000,2331.0,False,128.27112827112828,4.0,3.0,1889.0,3101.0,,38.594792,-90.2147119,https://www.redfin.com/MO/Saint-Louis/923-Withnell-Ave-63118/home/93699695
6331 Saloma Ave,Saint Louis,63136.0,Single Family Residential,May-19-2026,80000,1008.0,False,79.36507936507937,3.0,1.5,1940.0,4800.0,,38.7014643,-90.2648987,https://www.redfin.com/MO/Saint-Louis/6331-Saloma-Ave-63136/home/93778231
5608 Holly Hills Ave,Saint Louis,63109.0,Single Family Residential,May-19-2026,369900,2250.0,False,164.4,4.0,3.0,1932.0,4795.0,,38.5774498,-90.2903209,https://www.redfin.com/MO/Saint-Louis/5608-Holly-Hills-Ave-63109/home/93777486
6228 Marquette Ave,Saint Louis,63139.0,Single Family Residential,May-18-2026,229900,792.0,False,290.27777777777777,2.0,1.0,1930.0,4373.0,,38.5994853,-90.2958817,https://www.redfin.com/MO/Saint-Louis/6228-Marquette-Ave-63139/home/93775406
3241 California Ave,Saint Louis,63118.0,Single Family Residential,May-18-2026,125000,1560.0,False,80.12820512820512,4.0,2.5,1893.0,3750.0,,38.5963129,-90.2297931,https://www.redfin.com/MO/Saint-Louis/3241-California-Ave-63118/home/93693823
5612 Rosa Ave,Saint Louis,63109.0,Single Family Residential,May-18-2026,410000,2109.0,False,194.4049312470365,4.0,2.0,1935.0,4443.0,,38.581049,-90.2899188,https://www.redfin.com/MO/Saint-Louis/5612-Rosa-Ave-63109/home/66028777
5521 Murdoch Ave,Saint Louis,63109.0,Single Family Residential,June-30-2026,265000,996.0,False,266.0642570281124,2.0,1.0,1949.0,3750.0,,38.5874255,-90.2872407,https://www.redfin.com/MO/Saint-Louis/5521-Murdoch-Ave-63109/home/93753279
6518 Odell St,Saint Louis,63139.0,Single Family Residential,May-18-2026,235000,1065.0,False,220.65727699530515,2.0,1.5,1892.0,8001.0,,38.609581,-90.298979,https://www.redfin.com/MO/Saint-Louis/6518-Odell-St-63139/home/93741808
3134-3138 Clifton Ave,Saint Louis,63139.0,Single Family Residential,April-8-2026,269900,1990.0,False,135.6281407035176,3.0,2.0,1930.0,6250.0,,38.6058632,-90.2925574,https://www.redfin.com/MO/Saint-Louis/3138-Clifton-Ave-63139/home/93775742
2119 Chippewa St,Saint Louis,63118.0,Single Family Residential,April-9-2026,160000,1372.0,False,116.61807580174927,2.0,1.0,1884.0,3375.0,,38.5860448,-90.2242063,https://www.redfin.com/MO/Saint-Louis/2119-Chippewa-St-63118/home/93696678
5521 Itaska St,Saint Louis,63109.0,Single Family Residential,May-14-2026,339900,1744.0,False,194.89678899082568,3.0,2.5,1928.0,3833.0,,38.5847851,-90.2878877,https://www.redfin.com/MO/Saint-Louis/5521-Itaska-St-63109/home/93765274
1178 Riverview Blvd,Saint Louis,63147.0,Single Family Residential,January-15-2026,53500,975.0,False,54.87179487179487,2.0,2.0,1940.0,4900.0,,38.7223212,-90.2388121,https://www.redfin.com/MO/Saint-Louis/1178-Riverview-Blvd-63147/home/93760573
6565 Winnebago St,Saint Louis,63109.0,Single Family Residential,January-30-2026,325000,2089.0,False,155.5768310196266,3.0,2.0,1939.0,4199.0,,38.5945261,-90.3038891,https://www.redfin.com/MO/Saint-Louis/6565-Winnebago-St-63109/home/93775081
2628 Indiana Ave,Saint Louis,63118.0,Single Family Residential,April-13-2026,350000,2554.0,False,137.0399373531715,3.0,2.5,1896.0,3249.0,,38.6037578,-90.2214798,https://www.redfin.com/MO/Saint-Louis/2628-Indiana-Ave-63118/home/93697767
6539 Bancroft Ave,Saint Louis,63109.0,Single Family Residential,January-29-2026,325000,1100.0,False,295.45454545454544,3.0,2.0,1955.0,8668.0,,38.5927059,-90.3033909,https://www.redfin.com/MO/Saint-Louis/6539-Bancroft-Ave-63109/home/93775552
3949 Flad Ave,Saint Louis,63110.0,Single Family Residential,February-10-2026,298500,2648.0,False,112.72658610271904,4.0,1.5,1915.0,4059.0,,38.6122093,-90.2475998,https://www.redfin.com/MO/Saint-Louis/3949-Flad-Ave-63110/home/93746633
5208 Murdoch Ave,Saint Louis,63109.0,Single Family Residential,April-23-2026,400000,1800.0,False,222.22222222222223,3.0,2.0,1917.0,6250.0,,38.586345,-90.2806237,https://www.redfin.com/MO/Saint-Louis/5208-Murdoch-Ave-63109/home/62734760
4948 Tyrolean Ave,Saint Louis,63109.0,Single Family Residential,April-2-2026,175000,1408.0,False,124.28977272727273,2.0,1.0,1911.0,3598.0,,38.5714421,-90.2859382,https://www.redfin.com/MO/Saint-Louis/4948-Tyrolean-Ave-63109/home/93764360
3920 Detonty St,Saint Louis,63110.0,Single Family Residential,March-19-2026,385000,1550.0,False,248.38709677419354,3.0,2.5,1911.0,4051.0,,38.616581,-90.2459432,https://www.redfin.com/MO/Saint-Louis/3920-De-Tonty-St-63110/home/93756966
6136 Victoria Ave,Saint Louis,63139.0,Single Family Residential,May-6-2026,249000,864.0,False,288.19444444444446,2.0,1.0,1937.0,4809.0,,38.6274944,-90.2888786,https://www.redfin.com/MO/Saint-Louis/6136-Victoria-Ave-63139/home/62731294
1624 Forest Ave,Saint Louis,63139.0,Single Family Residential,April-30-2026,259900,1459.0,False,178.13570938999314,2.0,1.0,1951.0,5501.0,,38.6229608,-90.3055946,https://www.redfin.com/MO/Saint-Louis/1624-Forest-Ave-63139/home/93741384
6242 Marmaduke Ave,Saint Louis,63139.0,Single Family Residential,April-30-2026,199900,1125.0,False,177.6888888888889,2.0,1.0,1921.0,4159.0,,38.6101043,-90.2943842,https://www.redfin.com/MO/Saint-Louis/6242-Marmaduke-Ave-63139/home/93767674
4436 Miami St,Saint Louis,63116.0,Single Family Residential,February-24-2026,89000,1500.0,False,59.333333333333336,2.0,1.0,1927.0,3781.0,,38.5941918,-90.2668526,https://www.redfin.com/MO/Saint-Louis/4436-Miami-St-63116/home/93756344
3254 Jasper Park,Saint Louis,63139.0,Single Family Residential,March-10-2026,190000,936.0,False,202.991452991453,2.0,1.0,1949.0,4961.0,,38.602391,-90.2850754,https://www.redfin.com/MO/Saint-Louis/3254-Jasper-Park-63139/home/93742796
2224 Hickory St,Saint Louis,63104.0,Townhouse,April-15-2026,264500,1406.0,False,188.12233285917497,2.0,1.0,1984.0,1916.0,,38.6194111,-90.2169351,https://www.redfin.com/MO/Saint-Louis/2224-Hickory-St-63104/home/93701178
2922 Virginia Ave,Saint Louis,63118.0,Single Family Residential,March-9-2026,135000,886.0,False,152.37020316027088,2.0,1.0,1907.0,3123.0,,38.603036,-90.2361191,https://www.redfin.com/MO/Saint-Louis/2922-Virginia-Ave-63118/home/93692639
2846 Accomac St,Saint Louis,63104.0,Single Family Residential,April-16-2026,485000,2996.0,False,161.88251001335112,4.0,2.5,1895.0,2748.0,,38.610028,-90.2285405,https://www.redfin.com/MO/Saint-Louis/2846-Accomac-St-63104/home/62738663
3979 Burgen Ave,Saint Louis,63116.0,Single Family Residential,February-23-2026,135000,850.0,False,158.8235294117647,1.0,1.0,1927.0,3876.0,,38.5722955,-90.263665,https://www.redfin.com/MO/Saint-Louis/3979-Burgen-Ave-63116/home/93771888
6531 Hoffman Ave,Saint Louis,63139.0,Single Family Residential,May-5-2026,200000,800.0,False,250.0,2.0,1.0,1930.0,3598.0,,38.6090512,-90.2994108,https://www.redfin.com/MO/Saint-Louis/6531-Hoffman-Ave-63139/home/93741766
6036 Hartford St,Saint Louis,63139.0,Single Family Residential,May-12-2026,115000,936.0,False,122.86324786324786,2.0,1.0,1926.0,4373.0,,38.606131,-90.2909496,https://www.redfin.com/MO/Saint-Louis/6036-Hartford-St-63139/home/93775720
2402 S 10th St,Saint Louis,63104.0,Single Family Residential,February-18-2026,200000,1230.0,False,162.60162601626016,2.0,1.0,1888.0,4800.0,,38.60286,-90.2081259,https://www.redfin.com/MO/Saint-Louis/2402-S-10th-St-63104/home/93785923
4438 Neosho St,Saint Louis,63116.0,Single Family Residential,March-6-2026,79900,980.0,False,81.53061224489795,2.0,1.0,1911.0,3750.0,,38.5856964,-90.2701065,https://www.redfin.com/MO/Saint-Louis/4438-Neosho-St-63116/home/93763600
3470 Regal Pl,Saint Louis,63139.0,Single Family Residential,April-17-2026,291500,1870.0,False,155.88235294117646,2.0,2.0,1952.0,7200.0,,38.5979127,-90.2846949,https://www.redfin.com/MO/Saint-Louis/3470-Regal-Pl-63139/home/93780843
6034 Childress Ave,Saint Louis,63109.0,Single Family Residential,March-24-2026,525000,2459.0,False,213.50142334282228,3.0,2.0,1951.0,7666.0,,38.5775274,-90.2995062,https://www.redfin.com/MO/Saint-Louis/6034-Childress-Ave-63109/home/79079011
4928 Walsh St,Saint Louis,63109.0,Single Family Residential,February-20-2026,239900,1500.0,False,159.93333333333334,3.0,2.0,1918.0,4011.0,,38.58174,-90.2796222,https://www.redfin.com/MO/Saint-Louis/4928-Walsh-St-63109/home/93767178
5729 Finkman St,Saint Louis,63109.0,Single Family Residential,April-2-2026,325000,1730.0,False,187.8612716763006,3.0,2.0,1927.0,4373.0,,38.5773505,-90.2929894,https://www.redfin.com/MO/Saint-Louis/5729-Finkman-St-63109/home/93777510
4932 Bonita Ave,Saint Louis,63109.0,Single Family Residential,April-9-2026,225000,1310.0,False,171.75572519083968,2.0,1.0,1913.0,3598.0,,38.5733061,-90.2857594,https://www.redfin.com/MO/Saint-Louis/4932-Bonita-Ave-63109/home/93764432
1364 Kraft St,Saint Louis,63139.0,Single Family Residential,March-13-2026,235000,1123.0,False,209.26090828138913,3.0,2.0,1950.0,4787.0,,38.6260728,-90.3009935,https://www.redfin.com/MO/Saint-Louis/1364-Kraft-St-63139/home/93750147
7132 Lindenwood Pl,Saint Louis,63109.0,Single Family Residential,April-28-2026,234900,912.0,False,257.5657894736842,2.0,1.0,1908.0,9199.0,,38.5959377,-90.3170828,https://www.redfin.com/MO/Saint-Louis/7132-Lindenwood-Pl-63109/home/93748031
2320 Louisiana Ave,Saint Louis,63104.0,Townhouse,April-14-2026,350000,1700.0,False,205.88235294117646,3.0,2.0,1911.0,2565.0,,38.6086077,-90.2361044,https://www.redfin.com/MO/Saint-Louis/2320-Louisiana-Ave-63104/home/93671312
6410 Wade Ave,Saint Louis,63139.0,Single Family Residential,May-7-2026,325000,1444.0,False,225.06925207756234,3.0,1.5,1931.0,6952.0,,38.6252935,-90.2939809,https://www.redfin.com/MO/Saint-Louis/6410-Wade-Ave-63139/home/93740728
6542 Lindenwood Pl,Saint Louis,63109.0,Single Family Residential,April-7-2026,329900,1564.0,False,210.93350383631713,2.0,2.0,1939.0,4286.0,,38.5948742,-90.3029474,https://www.redfin.com/MO/Saint-Louis/6542-Lindenwood-Pl-63109/home/62733118
5461 Alabama Ave,Saint Louis,63111.0,Single Family Residential,March-17-2026,109900,990.0,False,111.01010101010101,2.0,1.5,1912.0,3497.0,,38.5663326,-90.2489532,https://www.redfin.com/MO/Saint-Louis/5461-Alabama-Ave-63111/home/93708507
3918 Wyoming St,Saint Louis,63116.0,Single Family Residential,April-30-2026,425000,1936.0,False,219.52479338842974,3.0,2.5,1907.0,3720.0,,38.5995559,-90.2509293,https://www.redfin.com/MO/Saint-Louis/3918-Wyoming-St-63116/home/93729571
5705 Lisette Ave,Saint Louis,63109.0,Single Family Residential,April-22-2026,255000,1721.0,False,148.16966879721093,2.0,1.0,1927.0,4900.0,,38.5761642,-90.2923394,https://www.redfin.com/MO/Saint-Louis/5705-Lisette-Ave-63109/home/93776704
1123 Graham St,Saint Louis,63139.0,Single Family Residential,May-8-2026,179900,1079.0,False,166.72845227062095,2.0,2.0,1915.0,4800.0,,38.6291585,-90.2914781,https://www.redfin.com/MO/Saint-Louis/1123-Graham-St-63139/home/93707578
6717 Bradley Ave,Saint Louis,63139.0,Single Family Residential,March-6-2026,350000,1495.0,False,234.11371237458195,3.0,2.0,1925.0,8280.0,,38.6048281,-90.3045172,https://www.redfin.com/MO/Saint-Louis/6717-Bradley-Ave-63139/home/93741900
2104 Robert Ruggeri Pl,Saint Louis,63110.0,Single Family Residential,March-30-2026,539500,2019.0,False,267.211490837048,3.0,3.5,2022.0,2456.0,,38.6150833,-90.269065,https://www.redfin.com/MO/Saint-Louis/2104-Robert-Ruggeri-Pl-63110/home/173620203
6112 Wanda Ave,Saint Louis,63116.0,Single Family Residential,March-24-2026,199000,1680.0,False,118.45238095238095,3.0,1.5,1930.0,3798.0,,38.5729336,-90.2747978,https://www.redfin.com/MO/Saint-Louis/6112-Wanda-Ave-63116/home/93779253
5238 Alabama Ave,Saint Louis,63111.0,Single Family Residential,March-2-2026,85000,1275.0,False,66.66666666666667,3.0,1.0,1908.0,3977.0,,38.5677271,-90.2471717,https://www.redfin.com/MO/Saint-Louis/5238-Alabama-Ave-63111/home/93707946
2630 Arkansas Ave,Saint Louis,63118.0,Single Family Residential,April-9-2026,350000,1728.0,False,202.5462962962963,3.0,2.0,1903.0,3811.0,,38.6068258,-90.2388452,https://www.redfin.com/MO/Saint-Louis/2630-Arkansas-Ave-63118/home/93692337
4609 Milentz Ave,Saint Louis,63116.0,Single Family Residential,May-1-2026,140000,768.0,False,182.29166666666666,1.0,1.0,1925.0,4081.0,,38.5734025,-90.278337,https://www.redfin.com/MO/Saint-Louis/4609-Milentz-Ave-63116/home/93756669
6223 W Park Ave,Saint Louis,63139.0,Single Family Residential,March-12-2026,298500,1064.0,False,280.5451127819549,3.0,1.5,1924.0,3075.0,,38.6272127,-90.2909073,https://www.redfin.com/MO/Saint-Louis/6223-W-Park-Ave-63139/home/93726398
6205 Odell St,Saint Louis,63139.0,Single Family Residential,March-19-2026,315000,1951.0,False,161.45566376217323,4.0,3.0,1923.0,5601.0,,38.6093627,-90.2931845,https://www.redfin.com/MO/Saint-Louis/6205-Odell-St-63139/home/93767678
4919 Tyrolean Ave,Saint Louis,63109.0,Single Family Residential,May-7-2026,189900,1105.0,False,171.8552036199095,2.0,2.0,1922.0,4295.0,,38.5711728,-90.284991,https://www.redfin.com/MO/Saint-Louis/4919-Tyrolean-Ave-63109/home/93764507
6160 Crescent Ave,Saint Louis,63139.0,Single Family Residential,March-26-2026,359750,2032.0,False,177.04232283464566,2.0,2.5,1899.0,8398.0,,38.6284758,-90.2897227,https://www.redfin.com/MO/Saint-Louis/6160-Crescent-Ave-63139/home/93707370
1470 Sproule Ave,Saint Louis,63139.0,Single Family Residential,April-10-2026,375000,1940.0,False,193.29896907216494,2.0,2.5,1928.0,9064.0,,38.6234339,-90.2900196,https://www.redfin.com/MO/Saint-Louis/1470-Sproule-Ave-63139/home/62760323
7313 Yates St,Saint Louis,63116.0,Single Family Residential,May-6-2026,255000,1240.0,False,205.6451612903226,3.0,2.0,1954.0,3192.0,,38.5609304,-90.2763427,https://www.redfin.com/MO/Saint-Louis/7313-Yates-St-63116/home/93784726
6442 Hoffman Ave,Saint Louis,63139.0,Single Family Residential,February-10-2026,166200,1200.0,False,138.5,2.0,1.5,1929.0,3659.0,,38.6085563,-90.2976658,https://www.redfin.com/MO/Saint-Louis/6442-Hoffman-Ave-63139/home/93741755
5348 Gilson Ave,Saint Louis,63116.0,Single Family Residential,April-8-2026,94900,1296.0,False,73.2253086419753,3.0,1.0,1910.0,3484.0,,38.5802008,-90.2715136,https://www.redfin.com/MO/Saint-Louis/5348-Gilson-Ave-63116/home/93761572
3229 Childress Ave,Saint Louis,63139.0,Single Family Residential,March-3-2026,275000,1118.0,False,245.97495527728086,2.0,1.0,1928.0,4373.0,,38.6038425,-90.2969492,https://www.redfin.com/MO/Saint-Louis/3229-Childress-Ave-63139/home/93776361
4611 Quincy St,Saint Louis,63116.0,Single Family Residential,March-6-2026,155000,952.0,False,162.81512605042016,2.0,1.0,1924.0,4800.0,,38.5682127,-90.2844316,https://www.redfin.com/MO/Saint-Louis/4611-Quincy-St-63116/home/93742154
5614 S Compton Ave,Saint Louis,63111.0,Single Family Residential,April-16-2026,149900,1364.0,False,109.89736070381231,3.0,1.0,1910.0,6067.0,,38.5636231,-90.2460847,https://www.redfin.com/MO/Saint-Louis/5614-S-Compton-Ave-63111/home/93708724
3216 Jasper Park,Saint Louis,63139.0,Single Family Residential,April-28-2026,194900,804.0,False,242.4129353233831,2.0,1.0,1950.0,4961.0,,38.6033534,-90.284882,https://www.redfin.com/MO/Saint-Louis/3216-Jasper-Park-63139/home/62731040
5510 Botanical Ave,Saint Louis,63110.0,Single Family Residential,May-6-2026,299000,982.0,False,304.4806517311609,2.0,1.5,1901.0,3005.0,,38.6122762,-90.2808852,https://www.redfin.com/MO/Saint-Louis/5510-Botanical-Ave-63110/home/93727094
3118 Magnolia Ave,Saint Louis,63118.0,Single Family Residential,March-20-2026,395000,2496.0,False,158.25320512820514,3.0,2.5,1896.0,5532.0,,38.6050771,-90.2331693,https://www.redfin.com/MO/Saint-Louis/3118-Magnolia-Ave-63118/home/85689546
4005 Mcdonald Ave,Saint Louis,63116.0,Single Family Residential,January-8-2026,219500,900.0,False,243.88888888888889,2.0,1.0,1952.0,4761.0,,38.5974069,-90.2536674,https://www.redfin.com/MO/Saint-Louis/4005-McDonald-Ave-63116/home/93729301
2262 Blendon Pl,Saint Louis,63143.0,Single Family Residential,March-4-2026,232000,1014.0,False,228.79684418145956,2.0,1.0,1924.0,4913.0,,38.6166074,-90.3111099,https://www.redfin.com/MO/Saint-Louis/2262-Blendon-Pl-63143/home/62731941
2724 Mcnair Ave,Saint Louis,63118.0,Single Family Residential,May-8-2026,338800,1756.0,False,192.93849658314352,3.0,2.0,1883.0,2326.0,,38.6024112,-90.2195331,https://www.redfin.com/MO/Saint-Louis/2724-McNair-Ave-63118/home/62761029
4337 Wyoming St,Saint Louis,63116.0,Single Family Residential,March-3-2026,235000,1132.0,False,207.59717314487634,2.0,1.0,1922.0,3841.0,,38.6010879,-90.2632337,https://www.redfin.com/MO/Saint-Louis/4337-Wyoming-St-63116/home/93751386
1519 Sanford Ave,Saint Louis,63139.0,Single Family Residential,March-4-2026,225000,840.0,False,267.85714285714283,2.0,2.0,1946.0,5235.0,,38.6234146,-90.2980917,https://www.redfin.com/MO/Saint-Louis/1519-Sanford-Ave-63139/home/93740917
2617 Alfred Ave,Saint Louis,63110.0,Single Family Residential,March-17-2026,375000,1944.0,False,192.90123456790124,4.0,2.0,1937.0,5423.0,,38.6100234,-90.2631892,https://www.redfin.com/MO/Saint-Louis/2617-Alfred-Ave-63110/home/93728283
3647 S Compton Ave,Saint Louis,63118.0,Single Family Residential,May-15-2026,144900,1355.0,False,106.93726937269372,2.0,1.0,1914.0,4090.0,,38.5898053,-90.238147,https://www.redfin.com/MO/Saint-Louis/3647-S-Compton-Ave-63118/home/93695674
4049 Humphrey St,Saint Louis,63116.0,Single Family Residential,March-3-2026,270000,1437.0,False,187.89144050104383,2.0,1.0,1917.0,3841.0,,38.5994267,-90.2549377,https://www.redfin.com/MO/Saint-Louis/4049-Humphrey-St-63116/home/93729530
3317 Indiana Ave,Saint Louis,63118.0,Single Family Residential,May-15-2026,345000,1872.0,False,184.2948717948718,2.0,2.5,1890.0,2935.0,,38.5944292,-90.2242309,https://www.redfin.com/MO/Saint-Louis/3317-Indiana-Ave-63118/home/109912645
5563 Devonshire Ave,Saint Louis,63109.0,Single Family Residential,April-10-2026,269900,1512.0,False,178.505291005291,2.0,1.0,1939.0,3750.0,,38.5883704,-90.2877384,https://www.redfin.com/MO/Saint-Louis/5563-Devonshire-Ave-63109/home/93753020
5041 Rosa Ave,Saint Louis,63109.0,Single Family Residential,March-12-2026,220000,1144.0,False,192.30769230769232,2.0,1.0,1916.0,3598.0,,38.580525,-90.2811655,https://www.redfin.com/MO/Saint-Louis/5041-Rosa-Ave-63109/home/93765459
2307 Sidney,Saint Louis,63104.0,Single Family Residential,February-10-2026,350000,2002.0,False,174.82517482517483,3.0,2.5,1885.0,,,38.6048997,-90.2215111,https://www.redfin.com/MO/Saint-Louis/2307-Sidney-St-63104/home/93691420
2429 Mcnair Ave,Saint Louis,63104.0,Townhouse,May-12-2026,350000,2222.0,False,157.5157515751575,3.0,2.5,1892.0,1921.0,,38.6054061,-90.2185244,https://www.redfin.com/MO/Saint-Louis/2429-McNair-Ave-63104/home/93683972
6111 Idaho Ave,Saint Louis,63111.0,Single Family Residential,February-12-2026,299900,1600.0,False,187.4375,3.0,2.0,2025.0,6250.0,,38.562584,-90.252974,https://www.redfin.com/MO/Saint-Louis/6111-Idaho-Ave-63111/home/93709409
5311 Blow St,Saint Louis,63109.0,Single Family Residential,April-21-2026,169900,822.0,False,206.69099756690997,1.0,1.0,1914.0,3240.0,,38.5715908,-90.2911447,https://www.redfin.com/MO/Saint-Louis/5311-Blow-St-63109/home/93758342
1457 Sproule Ave,Saint Louis,63139.0,Single Family Residential,February-24-2026,185000,1000.0,False,185.0,2.0,1.0,1930.0,4177.0,,38.6238498,-90.2905141,https://www.redfin.com/MO/Saint-Louis/1457-Sproule-Ave-63139/home/62757847
6554 Mitchell Ter,Saint Louis,63139.0,Single Family Residential,May-15-2026,194900,768.0,False,253.77604166666666,2.0,1.0,1953.0,6263.0,,38.6209765,-90.2997122,https://www.redfin.com/MO/Saint-Louis/6554-Mitchell-Ter-63139/home/93741165
5610 Leona St,Saint Louis,63116.0,Single Family Residential,February-20-2026,150000,840.0,False,178.57142857142858,2.0,1.0,1951.0,3323.0,,38.5731343,-90.2644039,https://www.redfin.com/MO/Saint-Louis/5610-Leona-St-63116/home/93771861
4215 Flad Ave,Saint Louis,63110.0,Single Family Residential,March-3-2026,419900,1763.0,False,238.17356778218945,3.0,2.5,1910.0,3567.0,,38.6128825,-90.2547581,https://www.redfin.com/MO/Saint-Louis/4215-Flad-Ave-63110/home/93746819
4126 Bates St,Saint Louis,63116.0,Single Family Residential,March-19-2026,200000,1064.0,False,187.9699248120301,3.0,1.0,1932.0,7108.0,,38.5743327,-90.2657471,https://www.redfin.com/MO/Saint-Louis/4126-Bates-St-63116/home/90713278
5308 Quincy St,Saint Louis,63109.0,Single Family Residential,February-25-2026,199000,900.0,False,221.11111111111111,2.0,1.0,1920.0,3301.0,,38.5719129,-90.2907069,https://www.redfin.com/MO/Saint-Louis/5308-Quincy-St-63109/home/93758213
4435 Miami St,Saint Louis,63116.0,Single Family Residential,May-1-2026,199900,1354.0,False,147.63663220088625,2.0,1.0,1929.0,3781.0,,38.5945907,-90.2667712,https://www.redfin.com/MO/Saint-Louis/4435-Miami-St-63116/home/62766805
5421 Odell St,Saint Louis,63139.0,Single Family Residential,March-25-2026,264900,1498.0,False,176.83578104138851,3.0,1.5,1892.0,4299.0,,38.60757,-90.2798414,https://www.redfin.com/MO/Saint-Louis/5421-Odell-St-63139/home/93727360
4253 Neosho St,Saint Louis,63116.0,Single Family Residential,May-14-2026,70000,1020.0,False,68.62745098039215,2.0,1.0,1928.0,4303.0,,38.5848803,-90.2654484,https://www.redfin.com/MO/Saint-Louis/4253-Neosho-St-63116/home/93772454
2146 Esther Ave,Saint Louis,63139.0,Single Family Residential,February-13-2026,199900,1080.0,False,185.09259259259258,2.0,1.0,1925.0,3415.0,,38.6164169,-90.2890271,https://www.redfin.com/MO/Saint-Louis/2146-Esther-Ave-63139/home/93761453
4056 Quincy St,Saint Louis,63116.0,Single Family Residential,April-14-2026,369900,2532.0,False,146.09004739336493,3.0,2.0,1928.0,4199.0,,38.5632687,-90.2741225,https://www.redfin.com/MO/Saint-Louis/4056-Quincy-St-63116/home/93777645
4753 Goethe Ave,Saint Louis,63116.0,Single Family Residential,May-13-2026,225000,1350.0,False,166.66666666666666,2.0,2.0,1909.0,3750.0,,38.5763795,-90.2794084,https://www.redfin.com/MO/Saint-Louis/4753-Goethe-Ave-63116/home/85615048
112 W Pine Pl,St. Louis,63108.0,Townhouse,March-5-2026,525000,2737.0,False,191.8158567774936,4.0,3.5,1979.0,,,38.6417447,-90.2599224,https://www.redfin.com/MO/St-Louis/112-W-Pine-Pl-63108/home/200348063
3855 Bingham Ave,Saint Louis,63116.0,Single Family Residential,May-12-2026,159900,1050.0,False,152.28571428571428,2.0,1.5,1928.0,4199.0,,38.5826616,-90.2509166,https://www.redfin.com/MO/Saint-Louis/3855-Bingham-Ave-63116/home/93780441
1115 Childress Ave,Saint Louis,63139.0,Single Family Residential,April-20-2026,299500,1251.0,False,239.40847322142287,2.0,2.0,1937.0,5610.0,,38.6297065,-90.29486,https://www.redfin.com/MO/Saint-Louis/1115-Childress-Ave-63139/home/93782134
4148 Federer St,Saint Louis,63116.0,Single Family Residential,April-30-2026,310000,1825.0,False,169.86301369863014,3.0,1.5,1929.0,4199.0,,38.5698574,-90.2719519,https://www.redfin.com/MO/Saint-Louis/4148-Federer-St-63116/home/79030504
6418 Oleatha Ave,Saint Louis,63139.0,Single Family Residential,May-7-2026,265000,936.0,False,283.11965811965814,2.0,1.0,1928.0,3750.0,,38.5980014,-90.2984955,https://www.redfin.com/MO/Saint-Louis/6418-Oleatha-Ave-63139/home/93775319
5832 Prince George Ct,Saint Louis,63139.0,Townhouse,March-18-2026,245000,1173.0,False,208.86615515771527,3.0,2.5,1988.0,1210.0,,38.6044805,-90.2873115,https://www.redfin.com/MO/Saint-Louis/5832-Prince-George-Ct-63139/home/93766066
4035 Fairview Ave,Saint Louis,63116.0,Single Family Residential,March-12-2026,250000,1104.0,False,226.44927536231884,3.0,1.5,1938.0,3271.0,,38.5958543,-90.2549438,https://www.redfin.com/MO/Saint-Louis/4035-Fairview-Ave-63116/home/93729082
4449 Shaw Blvd,Saint Louis,63110.0,Single Family Residential,April-14-2026,299000,1392.0,False,214.79885057471265,3.0,1.0,1919.0,3750.0,,38.6172431,-90.2601545,https://www.redfin.com/MO/Saint-Louis/4449-Shaw-Blvd-63110/home/62692063
5444 Eichelberger St,Saint Louis,63109.0,Single Family Residential,May-11-2026,269900,1080.0,False,249.90740740740742,2.0,1.0,1928.0,4303.0,,38.5815872,-90.2868438,https://www.redfin.com/MO/Saint-Louis/5444-Eichelberger-St-63109/home/93775620
7309 Esplanade St,Saint Louis,63143.0,Single Family Residential,April-24-2026,185000,1980.0,False,93.43434343434343,3.0,2.0,1892.0,7501.0,,38.6078314,-90.3134303,https://www.redfin.com/MO/Saint-Louis/7309-Esplanade-St-63143/home/93751272
6734 Plainview Ave,Saint Louis,63109.0,Single Family Residential,April-30-2026,429900,2200.0,False,195.4090909090909,4.0,2.0,1941.0,4199.0,,38.5901084,-90.3083824,https://www.redfin.com/MO/Saint-Louis/6734-Plainview-Ave-63109/home/93779508
6515 Devonshire Ave,Saint Louis,63109.0,Single Family Residential,March-26-2026,425000,1847.0,False,230.1028695181375,3.0,1.5,1936.0,3937.0,,38.5900574,-90.3040276,https://www.redfin.com/MO/Saint-Louis/6515-Devonshire-Ave-63109/home/93779039
2354 Louisiana Ave,Saint Louis,63104.0,Single Family Residential,March-10-2026,435000,2142.0,False,203.0812324929972,4.0,3.5,1896.0,3554.0,,38.6077413,-90.2363049,https://www.redfin.com/MO/Saint-Louis/2354-Louisiana-Ave-63104/home/93692058
5241 Lindenwood Ave,Saint Louis,63109.0,Single Family Residential,May-13-2026,310000,1664.0,False,186.29807692307693,4.0,3.0,1933.0,4199.0,,38.5931054,-90.2806034,https://www.redfin.com/MO/Saint-Louis/5241-Lindenwood-Ave-63109/home/93781788
6100 Garesche Ave,Saint Louis,63136.0,Single Family Residential,April-16-2026,52000,1456.0,False,35.714285714285715,3.0,2.5,1955.0,8359.0,,38.7037976,-90.2583685,https://www.redfin.com/MO/Saint-Louis/6100-Garesche-Ave-63136/home/93745631
2026 Allen Ave,Saint Louis,63104.0,Single Family Residential,May-1-2026,449900,2256.0,False,199.42375886524823,3.0,2.5,1904.0,3550.0,,38.6103016,-90.2159316,https://www.redfin.com/MO/Saint-Louis/2026-Allen-Ave-63104/home/93690474
4009 Delor St,Saint Louis,63116.0,Single Family Residential,February-24-2026,279900,1649.0,False,169.7392359005458,3.0,2.0,2022.0,3537.0,,38.5781885,-90.2602365,https://www.redfin.com/MO/Saint-Louis/4009-Delor-St-63116/home/93750360
2853 S 18th St,Saint Louis,63118.0,Single Family Residential,April-21-2026,395000,1884.0,False,209.66029723991508,2.0,2.0,1888.0,3175.0,,38.5994535,-90.2163154,https://www.redfin.com/MO/Saint-Louis/2853-S-18th-St-63118/home/93691520
5578 Lindenwood Ave,Saint Louis,63109.0,Single Family Residential,May-14-2026,474900,2759.0,False,172.1275824574121,3.0,2.0,1956.0,9147.0,,38.593538,-90.2886586,https://www.redfin.com/MO/Saint-Louis/5578-Lindenwood-Ave-63109/home/93782853
2625 Arkansas Ave,Saint Louis,63118.0,Single Family Residential,March-4-2026,370000,1870.0,False,197.86096256684493,3.0,1.0,1904.0,4874.0,,38.6070756,-90.2392453,https://www.redfin.com/MO/Saint-Louis/2625-Arkansas-Ave-63118/home/93692258
2336 Esther Ave,Saint Louis,63139.0,Single Family Residential,April-30-2026,199000,858.0,False,231.93473193473193,2.0,1.0,1952.0,7405.0,,38.6142471,-90.289667,https://www.redfin.com/MO/Saint-Louis/2336-Esther-Ave-63139/home/62764755
2650 Pennsylvania Ave,St. Louis,63118.0,Single Family Residential,May-8-2026,395000,2078.0,False,190.0866217516843,3.0,2.5,1909.0,6250.0,,38.6057785,-90.2308015,https://www.redfin.com/MO/St-Louis/2650-Pennsylvania-Ave-63118/home/62737617
1310 Mackay Pl,Saint Louis,63104.0,Single Family Residential,April-9-2026,550000,2204.0,False,249.54627949183302,3.0,2.5,2009.0,2047.0,,38.6185727,-90.2161368,https://www.redfin.com/MO/Saint-Louis/1310-Mackay-Pl-63104/home/93680153
6309 Marquette Ave,Saint Louis,63139.0,Single Family Residential,March-6-2026,249900,1470.0,False,170.0,2.0,2.0,1951.0,,,38.5998959,-90.2962696,https://www.redfin.com/MO/Saint-Louis/6309-Marquette-Ave-63139/home/80167785
6031 Lansdowne Ave,Saint Louis,63109.0,Single Family Residential,March-4-2026,375000,2162.0,False,173.4505087881591,2.0,2.0,1946.0,4373.0,,38.5901441,-90.2957879,https://www.redfin.com/MO/Saint-Louis/6031-Lansdowne-Ave-63109/home/93782411
3449 Utah St,Saint Louis,63118.0,Single Family Residential,April-28-2026,399900,2080.0,False,192.2596153846154,5.0,3.0,1921.0,3811.0,,38.5972011,-90.2405516,https://www.redfin.com/MO/Saint-Louis/3449-Utah-St-63118/home/93693058
3401 Halliday Ave,Saint Louis,63118.0,Single Family Residential,March-3-2026,375000,1800.0,False,208.33333333333334,3.0,2.5,1905.0,5601.0,,38.6049921,-90.2372898,https://www.redfin.com/MO/Saint-Louis/3401-Halliday-Ave-63118/home/93692499
6941 Hillsland Ave,Saint Louis,63109.0,Single Family Residential,May-14-2026,325000,2516.0,False,129.17329093799682,4.0,2.0,1940.0,4373.0,,38.5893642,-90.3110677,https://www.redfin.com/MO/Saint-Louis/6941-Hillsland-Ave-63109/home/93781330
3436 Tedmar Ave,Saint Louis,63139.0,Single Family Residential,May-7-2026,359000,1526.0,False,235.25557011795544,3.0,2.0,1952.0,4373.0,,38.5972393,-90.2831394,https://www.redfin.com/MO/Saint-Louis/3436-Tedmar-Ave-63139/home/93742311
4711 Ray Ave,Saint Louis,63116.0,Single Family Residential,March-20-2026,140000,1008.0,False,138.88888888888889,2.0,1.0,1925.0,3449.0,,38.5802505,-90.2619501,https://www.redfin.com/MO/Saint-Louis/4711-Ray-Ave-63116/home/93768312
6437 Brockschmidt Pl,Saint Louis,63139.0,Single Family Residential,January-7-2026,155000,1125.0,False,137.77777777777777,3.0,2.0,1962.0,3998.0,,38.6230622,-90.2952965,https://www.redfin.com/MO/Saint-Louis/6437-Brockschmidt-Pl-63139/home/93740845
6017 Juniata St,Saint Louis,63139.0,Single Family Residential,May-12-2026,175000,1050.0,False,166.66666666666666,2.0,1.0,1932.0,3550.0,,38.6055972,-90.2909422,https://www.redfin.com/MO/Saint-Louis/6017-Juniata-St-63139/home/93775760
5410 Lindenwood Ave,Saint Louis,63109.0,Single Family Residential,May-7-2026,289900,1221.0,False,237.42833742833741,3.0,1.5,1951.0,8999.0,,38.5930321,-90.2835937,https://www.redfin.com/MO/Saint-Louis/5410-Lindenwood-Ave-63109/home/93782849
5919 Scanlan Ave,Saint Louis,63139.0,Single Family Residential,March-23-2026,239900,1352.0,False,177.44082840236686,2.0,1.0,1947.0,4621.0,,38.6045167,-90.289089,https://www.redfin.com/MO/Saint-Louis/5919-Scanlan-Ave-63139/home/93775807
6409 Myrlette Ct,Saint Louis,63116.0,Single Family Residential,April-14-2026,325000,1707.0,False,190.3925014645577,3.0,2.0,1951.0,5998.0,,38.5717873,-90.2790342,https://www.redfin.com/MO/Saint-Louis/6409-Myrlette-Ct-63116/home/93783504
1518 Graham St,Saint Louis,63139.0,Single Family Residential,April-29-2026,225000,1283.0,False,175.3702260327358,2.0,1.0,1929.0,3750.0,,38.6227432,-90.291378,https://www.redfin.com/MO/Saint-Louis/1518-Graham-St-63139/home/93761908
4509 Holly Hills Ave,Saint Louis,63116.0,Single Family Residential,March-12-2026,160000,912.0,False,175.43859649122808,2.0,1.0,1955.0,4277.0,,38.5723861,-90.2783856,https://www.redfin.com/MO/Saint-Louis/4509-Holly-Hills-Ave-63116/home/93756699
8 Lawn Pl,Saint Louis,63110.0,Single Family Residential,March-27-2026,295000,1716.0,False,171.9114219114219,3.0,1.5,1915.0,3898.0,,38.6284944,-90.2655711,https://www.redfin.com/MO/Saint-Louis/8-Lawn-Pl-63110/home/93765846
5416 Neosho St,Saint Louis,63109.0,Single Family Residential,February-27-2026,264000,1599.0,False,165.1031894934334,3.0,2.0,1927.0,3746.0,,38.5850296,-90.2853097,https://www.redfin.com/MO/Saint-Louis/5416-Neosho-St-63109/home/93765137
2842 Knox Ct,Saint Louis,63139.0,Single Family Residential,March-25-2026,250000,1505.0,False,166.11295681063123,3.0,1.5,1925.0,3911.0,,38.6102026,-90.2913951,https://www.redfin.com/MO/Saint-Louis/2842-Knox-Ct-63139/home/93773963
4567 Arco Ave,Saint Louis,63110.0,Single Family Residential,May-13-2026,465000,2053.0,False,226.4978080857282,3.0,2.5,1906.0,4913.0,,38.6293891,-90.2635094,https://www.redfin.com/MO/Saint-Louis/4567-Arco-Ave-63110/home/93749294
6304 Wyoming St,Saint Louis,63139.0,Single Family Residential,March-30-2026,194900,960.0,False,203.02083333333334,2.0,1.0,1951.0,3750.0,,38.603883,-90.2952797,https://www.redfin.com/MO/Saint-Louis/6304-Wyoming-St-63139/home/93775921
2126 Franz Park Ln,Saint Louis,63139.0,Single Family Residential,March-27-2026,449000,1932.0,False,232.4016563146998,3.0,2.5,2006.0,3062.0,,38.6191471,-90.3052226,https://www.redfin.com/MO/Saint-Louis/2126-Franz-Park-Ln-63139/home/62752480
5347 Tholozan Ave,Saint Louis,63109.0,Single Family Residential,May-15-2026,265000,1050.0,False,252.38095238095238,2.0,1.5,1934.0,4212.0,,38.5950002,-90.28252,https://www.redfin.com/MO/Saint-Louis/5347-Tholozan-Ave-63109/home/93781812
4338 Oregon Ave,Saint Louis,63111.0,Single Family Residential,May-8-2026,115000,956.0,False,120.2928870292887,2.0,1.0,1921.0,5780.0,,38.5766926,-90.2344555,https://www.redfin.com/MO/Saint-Louis/4338-Oregon-Ave-63111/home/93705798
6413 Lloyd Ave,Saint Louis,63139.0,Single Family Residential,March-3-2026,535000,2270.0,False,235.68281938325993,3.0,2.5,1891.0,8999.0,,38.6239433,-90.2942457,https://www.redfin.com/MO/Saint-Louis/6413-Lloyd-Ave-63139/home/93740887
5742 Lansdowne Ave,Saint Louis,63109.0,Single Family Residential,May-13-2026,200000,1080.0,False,185.1851851851852,1.0,1.0,1929.0,3750.0,,38.5893271,-90.2916313,https://www.redfin.com/MO/Saint-Louis/5742-Lansdowne-Ave-63109/home/93753030
6424 Bradley Ave,Saint Louis,63139.0,Single Family Residential,April-28-2026,350000,1764.0,False,198.4126984126984,3.0,2.0,1928.0,6751.0,,38.6037626,-90.2991302,https://www.redfin.com/MO/Saint-Louis/6424-Bradley-Ave-63139/home/93742097
8464 Edna St,Saint Louis,63147.0,Single Family Residential,May-15-2026,95000,1296.0,False,73.30246913580247,3.0,2.5,1939.0,4800.0,,38.715364,-90.2357066,https://www.redfin.com/MO/Saint-Louis/8464-Edna-St-63147/home/93731349
5346 Tholozan Ave,Saint Louis,63109.0,Single Family Residential,January-9-2026,275000,1215.0,False,226.33744855967078,2.0,1.0,1933.0,4225.0,,38.5945768,-90.2825115,https://www.redfin.com/MO/Saint-Louis/5346-Tholozan-Ave-63109/home/62699125
5927 W Park Ave,Saint Louis,63110.0,Single Family Residential,April-6-2026,215000,923.0,False,232.93607800650054,2.0,1.0,1937.0,4451.0,,38.6265572,-90.28625,https://www.redfin.com/MO/Saint-Louis/5927-W-Park-Ave-63110/home/93672322
1220 Mackay Pl,Saint Louis,63104.0,Single Family Residential,February-6-2026,399900,1820.0,False,219.72527472527472,3.0,2.5,1897.0,2295.0,,38.6192283,-90.2158522,https://www.redfin.com/MO/Saint-Louis/1220-Mackay-Pl-63104/home/93701240
3326 Humphrey St,Saint Louis,63118.0,Single Family Residential,January-5-2026,175000,1768.0,False,98.98190045248869,4.0,1.5,1913.0,3811.0,,38.5974891,-90.238503,https://www.redfin.com/MO/Saint-Louis/3326-Humphrey-St-63118/home/93693023
6610 Alabama Ave,Saint Louis,63111.0,Single Family Residential,March-25-2026,145000,1172.0,False,123.72013651877133,2.0,1.0,1897.0,3990.0,,38.5579979,-90.2551648,https://www.redfin.com/MO/Saint-Louis/6610-Alabama-Ave-63111/home/93709856
5435 Christy Ave,Saint Louis,63116.0,Single Family Residential,February-26-2026,265000,1729.0,False,153.2677848467322,3.0,2.0,1932.0,7405.0,,38.5785153,-90.2761777,https://www.redfin.com/MO/Saint-Louis/5435-Christy-Ave-63116/home/93757974
5604 Itaska St,Saint Louis,63109.0,Single Family Residential,April-29-2026,359000,1584.0,False,226.64141414141415,3.0,3.0,1935.0,3750.0,,38.5845069,-90.2890301,https://www.redfin.com/MO/Saint-Louis/5604-Itaska-St-63109/home/68486186
4426 Beethoven Ave,Saint Louis,63116.0,Single Family Residential,March-11-2026,255000,1565.0,False,162.93929712460064,2.0,1.0,1921.0,6499.0,,38.588177,-90.2687999,https://www.redfin.com/MO/Saint-Louis/4426-Beethoven-Ave-63116/home/93764615
5610 Winona Ave,Saint Louis,63109.0,Single Family Residential,May-13-2026,290000,1716.0,False,168.997668997669,3.0,1.5,1947.0,7810.0,,38.5915982,-90.2879892,https://www.redfin.com/MO/Saint-Louis/5610-Winona-Ave-63109/home/93781633
3954 Russell Blvd,Saint Louis,63110.0,Single Family Residential,February-12-2026,550000,2994.0,False,183.70073480293922,4.0,3.5,1896.0,4024.0,,38.6139598,-90.2475661,https://www.redfin.com/MO/Saint-Louis/3954-Russell-Blvd-63110/home/93747570
6119 Archwood Ln,Saint Louis,63123.0,Single Family Residential,March-26-2026,265000,1802.0,False,147.05882352941177,3.0,2.0,1950.0,6799.0,,38.5775598,-90.3121454,https://www.redfin.com/MO/Saint-Louis/6119-Archwood-Ln-63123/home/93783414
4439 Grace Ave,Saint Louis,63116.0,Single Family Residential,April-15-2026,63000,1050.0,False,60.0,2.0,1.0,1925.0,4403.0,,38.5783345,-90.2480376,https://www.redfin.com/MO/Saint-Louis/4439-Grace-Ave-63116/home/93706398
7113 Coronado Ave,Saint Louis,63116.0,Single Family Residential,March-11-2026,205500,950.0,False,216.31578947368422,2.0,2.0,1951.0,4848.0,,38.5608288,-90.2721268,https://www.redfin.com/MO/Saint-Louis/7113-Coronado-Ave-63116/home/93784075
5722 Murdoch Ave,Saint Louis,63109.0,Single Family Residential,March-13-2026,269900,1008.0,False,267.7579365079365,2.0,1.0,1937.0,3750.0,,38.5874342,-90.2911845,https://www.redfin.com/MO/Saint-Louis/5722-Murdoch-Ave-63109/home/93753518
2921 Virginia Ave,Saint Louis,63118.0,Single Family Residential,May-7-2026,335000,1885.0,False,177.71883289124668,3.0,2.0,1897.0,3123.0,,38.6031527,-90.2365612,https://www.redfin.com/MO/Saint-Louis/2921-Virginia-Ave-63118/home/69299980
3974 Wyoming St,Saint Louis,63116.0,Single Family Residential,May-1-2026,265000,1412.0,False,187.67705382436262,3.0,1.0,1908.0,2975.0,,38.599763,-90.2528655,https://www.redfin.com/MO/Saint-Louis/3974-Wyoming-St-63116/home/62743551
6924 Bancroft Ave,Saint Louis,63109.0,Single Family Residential,May-12-2026,295000,2000.0,False,147.5,3.0,1.5,1949.0,6926.0,,38.5930454,-90.3105584,https://www.redfin.com/MO/Saint-Louis/6924-Bancroft-Ave-63109/home/93774172
6416 Pernod Ave,Saint Louis,63139.0,Single Family Residential,May-14-2026,340000,1574.0,False,216.01016518424396,4.0,2.0,1939.0,4199.0,,38.5970608,-90.2985951,https://www.redfin.com/MO/Saint-Louis/6416-Pernod-Ave-63139/home/62758642
4015 Magnolia Pl,Saint Louis,63110.0,Single Family Residential,March-13-2026,375000,1401.0,False,267.6659528907923,3.0,1.5,1920.0,3920.0,,38.6089013,-90.2496605,https://www.redfin.com/MO/Saint-Louis/4015-Magnolia-Pl-63110/home/93746706
4343 Hunt Ave,Saint Louis,63110.0,Single Family Residential,March-27-2026,548500,1826.0,False,300.38335158817085,3.0,2.5,2023.0,3123.0,,38.6234323,-90.2577095,https://www.redfin.com/MO/Saint-Louis/4343-Hunt-Ave-63110/home/93726066
4237 Wyoming St,Saint Louis,63116.0,Single Family Residential,April-30-2026,195000,788.0,False,247.46192893401016,2.0,1.0,1891.0,3101.0,,38.6007684,-90.2597802,https://www.redfin.com/MO/Saint-Louis/4237-Wyoming-St-63116/home/62719110
3319 Magnolia Ave,Saint Louis,63118.0,Single Family Residential,January-21-2026,295000,1496.0,False,197.19251336898395,2.0,2.5,1912.0,3123.0,,38.6058587,-90.2365621,https://www.redfin.com/MO/Saint-Louis/3319-Magnolia-Ave-63118/home/93692206
3915 Prather Ave,Saint Louis,63109.0,Single Family Residential,February-26-2026,379900,1710.0,False,222.16374269005848,4.0,2.0,1940.0,4930.0,,38.5950076,-90.3068691,https://www.redfin.com/MO/Saint-Louis/3915-Prather-Ave-63109/home/93769759
6639 Arsenal St,Saint Louis,63139.0,Single Family Residential,March-30-2026,240000,1990.0,False,120.60301507537689,3.0,2.0,1924.0,4878.0,,38.6085382,-90.3026013,https://www.redfin.com/MO/Saint-Louis/6639-Arsenal-St-63139/home/93741806
6221 Hancock Ave,Saint Louis,63139.0,Single Family Residential,May-15-2026,450000,1916.0,False,234.8643006263048,3.0,2.5,2014.0,6250.0,,38.6007168,-90.2954588,https://www.redfin.com/MO/Saint-Louis/6221-Hancock-Ave-63139/home/62694290
5989 N Cuba Ct,Saint Louis,63139.0,Single Family Residential,March-31-2026,219900,1160.0,False,189.56896551724137,3.0,3.0,1929.0,7479.0,,38.6087787,-90.289679,https://www.redfin.com/MO/Saint-Louis/5989-N-Cuba-Ct-63139/home/93775577
4467 Wilcox Ave,Saint Louis,63116.0,Single Family Residential,April-20-2026,109900,1172.0,False,93.77133105802048,2.0,1.0,1911.0,3750.0,,38.5820572,-90.2725039,https://www.redfin.com/MO/Saint-Louis/4467-Wilcox-Ave-63116/home/93764994
2316 Sulphur Ave,Saint Louis,63139.0,Single Family Residential,January-30-2026,200000,864.0,False,231.4814814814815,2.0,1.5,1926.0,3750.0,,38.6147165,-90.2885804,https://www.redfin.com/MO/Saint-Louis/2316-Sulphur-Ave-63139/home/93741631
3532 Arsenal St,Saint Louis,63118.0,Single Family Residential,March-31-2026,525000,2514.0,False,208.83054892601433,4.0,3.0,1909.0,3445.0,,38.6023771,-90.2412865,https://www.redfin.com/MO/Saint-Louis/3532-Arsenal-St-63118/home/93692738
3959 Keokuk St,Saint Louis,63116.0,Single Family Residential,March-25-2026,230000,2044.0,False,112.52446183953033,4.0,2.0,1929.0,5423.0,,38.5875085,-90.2542475,https://www.redfin.com/MO/Saint-Louis/3959-Keokuk-St-63116/home/93730133
4417 Itaska St,Saint Louis,63116.0,Single Family Residential,March-25-2026,140000,907.0,False,154.3550165380375,2.0,1.5,1909.0,3750.0,,38.5841893,-90.2698751,https://www.redfin.com/MO/Saint-Louis/4417-Itaska-St-63116/home/62734963
6652 Hancock Ave,Saint Louis,63139.0,Single Family Residential,March-19-2026,249900,1667.0,False,149.9100179964007,4.0,2.0,1917.0,7701.0,,38.6008438,-90.3040122,https://www.redfin.com/MO/Saint-Louis/6652-Hancock-Ave-63139/home/93748816
5548 Shaw Ave,Saint Louis,63110.0,Single Family Residential,April-16-2026,230000,1344.0,False,171.13095238095238,4.0,1.0,1952.0,5823.0,,38.6186647,-90.2806886,https://www.redfin.com/MO/Saint-Louis/5548-Shaw-Ave-63110/home/93726989
4044 Walsh St,Saint Louis,63116.0,Single Family Residential,April-16-2026,244900,1384.0,False,176.9508670520231,3.0,2.0,1911.0,7679.0,,38.5770865,-90.263056,https://www.redfin.com/MO/Saint-Louis/4044-Walsh-St-63116/home/93757560
2330 S 9th,Saint Louis,63104.0,Single Family Residential,January-8-2026,525000,3520.0,False,149.14772727272728,4.0,3.5,1885.0,,,38.6035635,-90.2065431,https://www.redfin.com/MO/Saint-Louis/2330-S-9th-St-63104/home/93686174
3315 Lemp Ave,Saint Louis,63118.0,Single Family Residential,April-1-2026,550000,3500.0,False,157.14285714285714,4.0,3.5,2026.0,3123.0,,38.5937589,-90.2186617,https://www.redfin.com/MO/Saint-Louis/3315-Lemp-Ave-63118/home/93694079
5904 Crane Cir,Saint Louis,63109.0,Single Family Residential,March-19-2026,569900,3462.0,False,164.6158290005777,3.0,2.5,1955.0,4238.0,,38.5788933,-90.2985119,https://www.redfin.com/MO/Saint-Louis/5904-Crane-Cir-63109/home/93783991
2133 Allen Ave,Saint Louis,63104.0,Single Family Residential,January-20-2026,449900,3400.0,False,132.3235294117647,3.0,2.5,1909.0,4112.0,,38.6114418,-90.2182397,https://www.redfin.com/MO/Saint-Louis/2133-Allen-Ave-63104/home/93690619
3932 Botanical Ave,Saint Louis,63110.0,Single Family Residential,February-26-2026,559000,3332.0,False,167.7671068427371,4.0,3.5,1907.0,4125.0,,38.60909,-90.2474938,https://www.redfin.com/MO/Saint-Louis/3932-Botanical-Ave-63110/home/93746151
2808 Russell Blvd,Saint Louis,63104.0,Single Family Residential,January-12-2026,450000,3102.0,False,145.0676982591876,4.0,3.5,1906.0,2626.0,,38.6115554,-90.2268905,https://www.redfin.com/MO/Saint-Louis/2808-Russell-Blvd-63104/home/93690787
2805 Wyoming St,Saint Louis,63118.0,Single Family Residential,April-16-2026,325000,3051.0,False,106.52245165519501,3.0,2.5,1892.0,2530.0,,38.5977284,-90.2294936,https://www.redfin.com/MO/Saint-Louis/2805-Wyoming-St-63118/home/93677487
5235 Oleatha Ave,Saint Louis,63139.0,Single Family Residential,April-9-2026,400000,3035.0,False,131.79571663920922,3.0,2.5,1934.0,3667.0,,38.5973249,-90.2798421,https://www.redfin.com/MO/Saint-Louis/5235-Oleatha-Ave-63139/home/93777466
4368 Evans Ave,Saint Louis,63113.0,Single Family Residential,February-26-2026,75000,3002.0,False,24.98334443704197,3.0,3.0,1894.0,3824.0,,38.6549842,-90.245663,https://www.redfin.com/MO/Saint-Louis/4368-Evans-Ave-63113/home/93718950
1301 Kentucky Ave,Saint Louis,63110.0,Single Family Residential,February-25-2026,499998,2926.0,False,170.88106630211894,3.0,2.5,2025.0,3920.0,,38.6262559,-90.2528822,https://www.redfin.com/MO/Saint-Louis/1301-Kentucky-Ave-63110/home/93726594
2024 Blendon Pl,Saint Louis,63143.0,Single Family Residential,January-30-2026,420000,2922.0,False,143.73716632443532,4.0,2.5,1891.0,8450.0,,38.6210198,-90.3098075,https://www.redfin.com/MO/Saint-Louis/2024-Blendon-Pl-63143/home/93744126
3216 Henrietta St,Saint Louis,63104.0,Single Family Residential,February-10-2026,379900,2905.0,False,130.77452667814114,3.0,3.0,2017.0,4543.0,,38.6169638,-90.2329494,https://www.redfin.com/MO/Saint-Louis/3216-Henrietta-St-63104/home/146873629
3808 Wyoming St,Saint Louis,63116.0,Single Family Residential,March-25-2026,525000,2900.0,False,181.0344827586207,3.0,2.5,1908.0,3833.0,,38.5993401,-90.2470664,https://www.redfin.com/MO/Saint-Louis/3808-Wyoming-St-63116/home/62699741
2870 Texas Ave,Saint Louis,63118.0,Single Family Residential,February-2-2026,298000,2856.0,False,104.34173669467788,3.0,2.5,1890.0,3049.0,,38.601428,-90.2247743,https://www.redfin.com/MO/Saint-Louis/2870-Texas-Ave-63118/home/62695693
2842 Victor St,Saint Louis,63104.0,Single Family Residential,March-24-2026,488000,2811.0,False,173.6036997509783,4.0,3.0,1901.0,3554.0,,38.6073397,-90.2288924,https://www.redfin.com/MO/Saint-Louis/2842-Victor-St-63104/home/93699882
2419 S 12th St,Saint Louis,63104.0,Single Family Residential,May-12-2026,465000,2787.0,False,166.84607104413348,4.0,2.5,1889.0,3911.0,,38.6034367,-90.2118822,https://www.redfin.com/MO/Saint-Louis/2419-S-12th-St-63104/home/93686776
6149 Marwinette Ave,Saint Louis,63116.0,Single Family Residential,April-29-2026,420000,2785.0,False,150.80789946140035,3.0,3.0,1940.0,5344.0,,38.5683468,-90.2679645,https://www.redfin.com/MO/Saint-Louis/6149-Marwinette-Ave-63116/home/62745727
3435 Oregon Ave,Saint Louis,63118.0,Townhouse,March-26-2026,370000,2730.0,False,135.53113553113553,4.0,3.0,1892.0,,,38.5929475,-90.2317457,https://www.redfin.com/MO/Saint-Louis/3435-Oregon-Ave-63118/home/93694771
3936 Mcree Ave,Saint Louis,63110.0,Single Family Residential,April-1-2026,535000,2720.0,False,196.69117647058823,3.0,3.0,2005.0,6699.0,,38.6185108,-90.246259,https://www.redfin.com/MO/Saint-Louis/3936-McRee-Ave-63110/home/93674086
2820 Accomac St,Saint Louis,63104.0,Single Family Residential,February-11-2026,569000,2650.0,False,214.71698113207546,4.0,3.5,1902.0,5623.0,,38.6098429,-90.2275258,https://www.redfin.com/MO/Saint-Louis/2820-Accomac-St-63104/home/93691155
1721 Carroll St,Saint Louis,63104.0,Single Family Residential,April-24-2026,569000,2625.0,False,216.76190476190476,3.0,2.5,1890.0,2160.0,,38.6152463,-90.2110743,https://www.redfin.com/MO/Saint-Louis/1721-Carroll-St-63104/home/93689729
3946 Juniata St,St. Louis,63116.0,Single Family Residential,April-30-2026,374900,2610.0,False,143.639846743295,5.0,3.0,1922.0,6198.0,,38.601385,-90.2516512,https://www.redfin.com/MO/St-Louis/3946-Juniata-St-63116/home/200782915
5755 Waterman Blvd,Saint Louis,63112.0,Single Family Residential,February-17-2026,345000,2600.0,False,132.69230769230768,5.0,3.0,1911.0,6899.0,,38.6503082,-90.2871165,https://www.redfin.com/MO/Saint-Louis/5755-Waterman-Blvd-63112/home/93762695
5817 Dressell Ave,Saint Louis,63120.0,Single Family Residential,February-23-2026,168000,2600.0,False,64.61538461538461,3.0,2.5,1940.0,8382.0,,38.6889833,-90.2706544,https://www.redfin.com/MO/Saint-Louis/5817-Dressell-Ave-63120/home/93768482
4120 Olive St,Saint Louis,63108.0,Single Family Residential,February-18-2026,475000,2548.0,False,186.42072213500785,3.0,3.5,2006.0,3963.0,,38.6434365,-90.2447643,https://www.redfin.com/MO/Saint-Louis/4120-Olive-St-63108/home/62747260
3712 S Jefferson Ave,Saint Louis,63118.0,Single Family Residential,May-7-2026,235000,2541.0,False,92.48327430145612,4.0,3.0,1897.0,4608.0,,38.5873981,-90.2263202,https://www.redfin.com/MO/Saint-Louis/3712-S-Jefferson-Ave-63118/home/93680198
1913 Hickory St,Saint Louis,63104.0,Single Family Residential,January-23-2026,559000,2538.0,False,220.2521670606777,3.0,2.5,1910.0,1655.0,,38.61920095425906,-90.2121608860753,https://www.redfin.com/MO/Saint-Louis/1913-Hickory-St-63104/home/62723713
1206 Lynch St,Saint Louis,63118.0,Single Family Residential,May-4-2026,550000,2511.0,False,219.03624054161688,3.0,3.5,2022.0,,,38.600207,-90.213962,https://www.redfin.com/MO/Saint-Louis/1206-Lynch-St-63118/home/177026261
5647 Chamberlain Ave,Saint Louis,63112.0,Single Family Residential,May-14-2026,265000,2502.0,False,105.91526778577138,5.0,2.5,1895.0,7548.0,,38.661853,-90.2826496,https://www.redfin.com/MO/Saint-Louis/5647-Chamberlain-Ave-63112/home/93722403
2623 S 11th St,Saint Louis,63118.0,Single Family Residential,March-13-2026,449900,2493.0,False,180.46530284797433,3.0,3.5,1890.0,2413.0,,38.6011592,-90.2116084,https://www.redfin.com/MO/Saint-Louis/2623-S-11th-St-63118/home/93684435
3935 Mccausland Ave,Saint Louis,63109.0,Single Family Residential,February-4-2026,365000,2488.0,False,146.70418006430867,3.0,3.0,1931.0,8001.0,,38.5946404,-90.3125441,https://www.redfin.com/MO/Saint-Louis/3935-McCausland-Ave-63109/home/92586581
6145 Colorado Ave,Saint Louis,63111.0,Single Family Residential,May-14-2026,375000,2466.0,False,152.06812652068126,4.0,3.5,2002.0,5500.0,,38.5621765,-90.2546377,https://www.redfin.com/MO/Saint-Louis/6145-Colorado-Ave-63111/home/103204458
2648 California Ave,Saint Louis,63118.0,Single Family Residential,January-9-2026,160000,2458.0,False,65.09357200976403,4.0,2.0,1895.0,3750.0,,38.6049228,-90.2274634,https://www.redfin.com/MO/Saint-Louis/2648-California-Ave-63118/home/93699469
3872 Humphrey St,Saint Louis,63116.0,Single Family Residential,March-12-2026,599000,2444.0,False,245.0900163666121,4.0,2.5,1909.0,3750.0,,38.5986486,-90.2495181,https://www.redfin.com/MO/Saint-Louis/3872-Humphrey-St-63116/home/93728445
3181 Portis Ave,Saint Louis,63116.0,Single Family Residential,February-12-2026,450000,2444.0,False,184.12438625204584,3.0,2.5,1910.0,4560.0,,38.6026257,-90.265092,https://www.redfin.com/MO/Saint-Louis/3181-Portis-Ave-63116/home/62766309
6522 Parkwood Pl,Saint Louis,63116.0,Single Family Residential,January-15-2026,275000,2435.0,False,112.93634496919918,3.0,1.5,1929.0,4373.0,,38.5690899,-90.2762133,https://www.redfin.com/MO/Saint-Louis/6522-Parkwood-Pl-63116/home/93771928
3204 Dakota St,Saint Louis,63111.0,Single Family Residential,February-13-2026,198900,2420.0,False,82.1900826446281,3.0,2.0,1907.0,3598.0,,38.5748845,-90.2412329,https://www.redfin.com/MO/Saint-Louis/3204-Dakota-St-63111/home/82405546
3138 Lafayette Ave,Saint Louis,63104.0,Single Family Residential,February-12-2026,294900,2400.0,False,122.875,4.0,2.5,1885.0,2243.0,,38.615861,-90.2318843,https://www.redfin.com/MO/Saint-Louis/3138-Lafayette-Ave-63104/home/93683664
4131 Shenandoah Ave,Saint Louis,63110.0,Single Family Residential,January-13-2026,325000,2400.0,False,135.41666666666666,3.0,3.5,1904.0,3075.0,,38.6108979,-90.2526299,https://www.redfin.com/MO/Saint-Louis/4131-Shenandoah-Ave-63110/home/93746480
3547 Nebraska Ave,Saint Louis,63118.0,Single Family Residential,February-11-2026,280000,2396.0,False,116.86143572621035,3.0,2.5,1892.0,6250.0,,38.5910233,-90.2332349,https://www.redfin.com/MO/Saint-Louis/3547-Nebraska-Ave-63118/home/93694802
2842 Shenandoah Ave,Saint Louis,63104.0,Single Family Residential,February-25-2026,399900,2385.0,False,167.67295597484278,4.0,2.0,1892.0,4700.0,,38.6081682,-90.2286994,https://www.redfin.com/MO/Saint-Louis/2842-Shenandoah-Ave-63104/home/93699596
1920 Senate St,Saint Louis,63118.0,Single Family Residential,April-17-2026,389000,2375.0,False,163.78947368421052,3.0,2.5,1890.0,2922.0,,38.6023025,-90.2166819,https://www.redfin.com/MO/Saint-Louis/1920-Senate-St-63118/home/93697297
3824 Michigan Ave,Saint Louis,63118.0,Single Family Residential,January-6-2026,209000,2340.0,False,89.31623931623932,3.0,2.0,1911.0,3920.0,,38.5866406,-90.237135,https://www.redfin.com/MO/Saint-Louis/3824-Michigan-Ave-63118/home/93695996
3211 Ohio Ave,Saint Louis,63118.0,Single Family Residential,February-19-2026,125000,2332.0,False,53.60205831903945,2.0,2.0,1887.0,2056.0,,38.5967789,-90.2272881,https://www.redfin.com/MO/Saint-Louis/3211-Ohio-Ave-63118/home/93694221
2329 Park Ave,St. Louis,63104.0,Townhouse,February-25-2026,285000,2328.0,False,122.42268041237114,3.0,2.0,1909.0,5140.0,,38.6183987,-90.2189402,https://www.redfin.com/MO/St-Louis/2329-Park-Ave-63104/home/200051543
3449 Tennessee Ave,Saint Louis,63118.0,Single Family Residential,April-15-2026,280000,2328.0,False,120.27491408934708,3.0,1.5,1907.0,3750.0,,38.5937881,-90.2408296,https://www.redfin.com/MO/Saint-Louis/3449-Tennessee-Ave-63118/home/62761889
3408 Hartford St,Saint Louis,63118.0,Single Family Residential,May-13-2026,450000,2312.0,False,194.63667820069205,3.0,3.0,1916.0,3750.0,,38.6011107,-90.2382818,https://www.redfin.com/MO/Saint-Louis/3408-Hartford-St-63118/home/93692686
5027 S Grand Blvd,Saint Louis,63111.0,Single Family Residential,April-23-2026,285000,2312.0,False,123.26989619377163,3.0,2.5,1922.0,4499.0,,38.5723943,-90.251521,https://www.redfin.com/MO/Saint-Louis/5027-S-Grand-Blvd-63111/home/62773763
5368 Odell St,Saint Louis,63139.0,Single Family Residential,April-10-2026,549900,2300.0,False,239.08695652173913,4.0,3.5,2022.0,4560.0,,38.606907,-90.2781898,https://www.redfin.com/MO/Saint-Louis/5368-Odell-St-63139/home/93727772
4509 Idaho Ave,Saint Louis,63111.0,Single Family Residential,February-16-2026,189900,2300.0,False,82.56521739130434,5.0,2.0,1914.0,4260.0,,38.5751879,-90.2429953,https://www.redfin.com/MO/Saint-Louis/4509-Idaho-Ave-63111/home/93706364
6568 Smiley Ave,Saint Louis,63139.0,Single Family Residential,March-18-2026,275000,2297.0,False,119.7213757074445,2.0,1.0,1925.0,7405.0,,38.6067627,-90.3019615,https://www.redfin.com/MO/Saint-Louis/6568-Smiley-Ave-63139/home/93742277
5745 Degiverville Ave,Saint Louis,63112.0,Single Family Residential,February-27-2026,249000,2296.0,False,108.44947735191637,4.0,1.5,1911.0,5614.0,,38.6491969,-90.2868884,https://www.redfin.com/MO/Saint-Louis/5745-De-Giverville-Ave-63112/home/93763218
1208 S 13th St,Saint Louis,63104.0,Single Family Residential,May-1-2026,296000,2292.0,False,129.14485165794068,3.0,2.5,2006.0,6838.0,,38.6166048,-90.204056,https://www.redfin.com/MO/Saint-Louis/1208-S-13th-St-63104/home/109007751
515 Loughborough Ave,Saint Louis,63111.0,Single Family Residential,April-24-2026,184900,2284.0,False,80.95446584938703,4.0,2.0,1911.0,4961.0,,38.5554918,-90.2563319,https://www.redfin.com/MO/Saint-Louis/515-Loughborough-Ave-63111/home/62692890
5500 Lindenwood,Saint Louis,63109.0,Single Family Residential,March-18-2026,399000,2275.0,False,175.3846153846154,3.0,2.0,1950.0,,,38.5932483,-90.2859387,https://www.redfin.com/MO/Saint-Louis/5500-Lindenwood-Ave-63109/home/93782525
5327 Itaska St,Saint Louis,63109.0,Single Family Residential,May-8-2026,350000,2270.0,False,154.1850220264317,3.0,1.5,1925.0,3750.0,,38.5845265,-90.2836336,https://www.redfin.com/MO/Saint-Louis/5327-Itaska-St-63109/home/93766997
3413 Oregon Ave,Saint Louis,63118.0,Single Family Residential,May-1-2026,349900,2268.0,False,154.2768959435626,3.0,2.5,1893.0,3049.0,,38.5935735,-90.231567,https://www.redfin.com/MO/Saint-Louis/3413-Oregon-Ave-63118/home/93694789
4169 Mcpherson Ave,Saint Louis,63108.0,Single Family Residential,March-31-2026,195000,2268.0,False,85.97883597883597,3.0,2.0,1893.0,4116.0,,38.6426745,-90.2472632,https://www.redfin.com/MO/Saint-Louis/4169-McPherson-Ave-63108/home/93725348
2748 Accomac St,Saint Louis,63104.0,Single Family Residential,March-26-2026,340000,2256.0,False,150.70921985815602,3.0,2.5,1908.0,3571.0,,38.6096748,-90.2263262,https://www.redfin.com/MO/Saint-Louis/2748-Accomac-St-63104/home/93691194
4211 Norfolk Ave,Saint Louis,63110.0,Single Family Residential,March-3-2026,400000,2254.0,False,177.4622892635315,4.0,3.0,1905.0,3123.0,,38.6257299,-90.2543711,https://www.redfin.com/MO/Saint-Louis/4211-Norfolk-Ave-63110/home/93725987
6968 Lansdowne Ave,Saint Louis,63109.0,Single Family Residential,March-3-2026,349900,2250.0,False,155.51111111111112,3.0,2.5,1966.0,4286.0,,38.5914247,-90.3124369,https://www.redfin.com/MO/Saint-Louis/6968-Lansdowne-Ave-63109/home/93774104
3215 Magnolia Ave,Saint Louis,63118.0,Single Family Residential,April-24-2026,365000,2250.0,False,162.22222222222223,3.0,2.0,1907.0,3123.0,,38.6056919,-90.2353402,https://www.redfin.com/MO/Saint-Louis/3215-Magnolia-Ave-63118/home/93691972
1831 Victor St,Saint Louis,63104.0,Single Family Residential,January-6-2026,265000,2240.0,False,118.30357142857143,5.0,2.0,1904.0,2021.0,,38.6042017,-90.2149829,https://www.redfin.com/MO/Saint-Louis/1831-Victor-St-63104/home/93691288
6054 Oleatha Ave,Saint Louis,63139.0,Single Family Residential,May-15-2026,400000,2226.0,False,179.69451931716083,4.0,2.0,1938.0,4373.0,,38.597603,-90.294728,https://www.redfin.com/MO/Saint-Louis/6054-Oleatha-Ave-63139/home/93775378
6210 Walsh St,Saint Louis,63109.0,Single Family Residential,March-6-2026,609900,2224.0,False,274.2356115107914,3.0,2.0,1936.0,5000.0,,38.5834935,-90.2966076,https://www.redfin.com/MO/Saint-Louis/6210-Walsh-St-63109/home/93780258
3139 Ivanhoe Ave,Saint Louis,63139.0,Single Family Residential,February-12-2026,230000,2220.0,False,103.6036036036036,4.0,2.0,1913.0,5075.0,,38.6072878,-90.3036667,https://www.redfin.com/MO/Saint-Louis/3139-Ivanhoe-Ave-63139/home/93741919
4627 Rosa Ave,Saint Louis,63116.0,Single Family Residential,February-6-2026,340000,2208.0,False,153.9855072463768,2.0,1.0,1927.0,3598.0,,38.5768104,-90.2773343,https://www.redfin.com/MO/Saint-Louis/4627-Rosa-Ave-63116/home/93759006
3419 California Ave,Saint Louis,63118.0,Single Family Residential,April-7-2026,245000,2202.0,False,111.26248864668483,3.0,1.5,1889.0,3175.0,,38.593308,-90.2303892,https://www.redfin.com/MO/Saint-Louis/3419-California-Ave-63118/home/93694324
4608 S Grand Blvd,Saint Louis,63111.0,Single Family Residential,February-26-2026,279000,2201.0,False,126.7605633802817,3.0,2.5,1911.0,4970.0,,38.5764034,-90.2474234,https://www.redfin.com/MO/Saint-Louis/4608-S-Grand-Blvd-63111/home/93706623
5784 Mcpherson Ave,Saint Louis,63112.0,Single Family Residential,February-12-2026,420000,2200.0,False,190.9090909090909,3.0,2.5,2005.0,4290.0,,38.6509486,-90.2883952,https://www.redfin.com/MO/Saint-Louis/5784-McPherson-Ave-63112/home/143294155
2911 Michigan Ave,Saint Louis,63118.0,Single Family Residential,January-30-2026,429900,2200.0,False,195.4090909090909,3.0,2.5,1915.0,3123.0,,38.6031697,-90.2342046,https://www.redfin.com/MO/Saint-Louis/2911-Michigan-Ave-63118/home/93692558
2010 Oregon Ave,Saint Louis,63104.0,Single Family Residential,March-23-2026,399900,2180.0,False,183.44036697247705,3.0,2.5,1890.0,3145.0,,38.6124412,-90.2270977,https://www.redfin.com/MO/Saint-Louis/2010-Oregon-Ave-63104/home/93690058
3434 Sidney St,Saint Louis,63104.0,Single Family Residential,February-5-2026,459000,2168.0,False,211.71586715867159,4.0,2.5,1904.0,3998.0,,38.6075145,-90.2379329,https://www.redfin.com/MO/Saint-Louis/3434-Sidney-St-63104/home/93692319
3285 Jasper Park,Saint Louis,63139.0,Single Family Residential,April-30-2026,356000,2161.0,False,164.73854696899585,3.0,3.5,1929.0,6699.0,,38.601686,-90.2857642,https://www.redfin.com/MO/Saint-Louis/3285-Jasper-Park-63139/home/62762693
919 Pendleton Ave,Saint Louis,63108.0,Single Family Residential,February-27-2026,174900,2160.0,False,80.97222222222223,4.0,2.5,1894.0,3781.0,,38.6493172,-90.2470994,https://www.redfin.com/MO/Saint-Louis/919-Pendleton-Ave-63108/home/93739849
3957 Shaw Blvd,Saint Louis,63110.0,Single Family Residential,March-13-2026,534999,2160.0,False,247.68472222222223,3.0,3.0,1914.0,5161.0,,38.616106,-90.2473402,https://www.redfin.com/MO/Saint-Louis/3957-Shaw-Blvd-63110/home/109007223
1111 Allen Ave,Saint Louis,63104.0,Single Family Residential,January-12-2026,395000,2149.0,False,183.80642159143787,3.0,2.5,1881.0,2827.0,,38.6086249,-90.2085467,https://www.redfin.com/MO/Saint-Louis/1111-Allen-Ave-63104/home/93672772
4731 Holly Hills Ave,Saint Louis,63116.0,Single Family Residential,January-7-2026,260000,2140.0,False,121.49532710280374,2.0,1.0,1951.0,4268.0,,38.5748479,-90.2808042,https://www.redfin.com/MO/Saint-Louis/4731-Holly-Hills-Ave-63116/home/93756713
6206 Victoria Ave,Saint Louis,63139.0,Single Family Residential,March-9-2026,498000,2140.0,False,232.71028037383178,4.0,2.5,1909.0,7318.0,,38.6276229,-90.2902389,https://www.redfin.com/MO/Saint-Louis/6206-Victoria-Ave-63139/home/93726369
3129 Maury Ave,Saint Louis,63116.0,Single Family Residential,March-10-2026,249000,2112.0,False,117.89772727272727,3.0,3.0,1922.0,3750.0,,38.6042449,-90.2672359,https://www.redfin.com/MO/Saint-Louis/3129-Maury-Ave-63116/home/93767069
6953 Arthur Ave,Saint Louis,63139.0,Single Family Residential,January-20-2026,391500,2112.0,False,185.3693181818182,3.0,2.0,1891.0,7849.0,,38.6028926,-90.3096315,https://www.redfin.com/MO/Saint-Louis/6953-Arthur-Ave-63139/home/93743537
3125 Morganford Rd,Saint Louis,63116.0,Single Family Residential,February-17-2026,387500,2112.0,False,183.47537878787878,3.0,2.0,1895.0,2748.0,,38.6037888,-90.2615325,https://www.redfin.com/MO/Saint-Louis/3125-Morganford-Rd-63116/home/93749581
3324 Wyoming St,Saint Louis,63118.0,Single Family Residential,March-19-2026,429900,2112.0,False,203.55113636363637,4.0,2.5,1922.0,3811.0,,38.5983609,-90.2383191,https://www.redfin.com/MO/Saint-Louis/3324-Wyoming-St-63118/home/93693085
4111 W Pine Blvd #12,Saint Louis,63108.0,Townhouse,April-28-2026,315000,2101.0,False,149.92860542598763,2.0,2.0,1989.0,,,38.639005,-90.2467187,https://www.redfin.com/MO/Saint-Louis/4111-W-Pine-Blvd-63108/unit-12/home/67330609
4046 Magnolia Pl,Saint Louis,63110.0,Single Family Residential,April-7-2026,399900,2095.0,False,190.88305489260142,2.0,2.5,1921.0,3920.0,,38.6086685,-90.2508068,https://www.redfin.com/MO/Saint-Louis/4046-Magnolia-Pl-63110/home/93746694
6718 Glades Ave,Saint Louis,63139.0,Single Family Residential,January-23-2026,549900,2094.0,False,262.6074498567335,3.0,2.5,2025.0,9051.0,,38.6207101,-90.3022139,https://www.redfin.com/MO/Saint-Louis/6718-Glades-Ave-63139/home/93741249
1507 Brock St,Saint Louis,63139.0,Single Family Residential,April-27-2026,575000,2094.0,False,274.5940783190067,3.0,2.5,2026.0,5218.0,,38.6245419,-90.3026208,https://www.redfin.com/MO/Saint-Louis/1507-Brock-St-63139/home/93740791
4390 Chouteau Ave,Saint Louis,63110.0,Single Family Residential,March-3-2026,439500,2090.0,False,210.28708133971293,3.0,2.5,1908.0,3323.0,,38.6295552,-90.2572733,https://www.redfin.com/MO/Saint-Louis/4390-Chouteau-Ave-63110/home/175305510
4371 W Belle Pl,Saint Louis,63108.0,Single Family Residential,April-24-2026,128000,2088.0,False,61.30268199233716,3.0,2.0,1892.0,3528.0,,38.6510677,-90.2485315,https://www.redfin.com/MO/Saint-Louis/4371-W-Belle-Pl-63108/home/93739744
1939 Senate St,Saint Louis,63118.0,Townhouse,February-27-2026,150000,2087.0,False,71.87350263536176,2.0,2.5,1886.0,2718.0,,38.6027656,-90.2170678,https://www.redfin.com/MO/Saint-Louis/1939-Senate-St-63118/home/93785617
6451 Devonshire Ave,Saint Louis,63109.0,Single Family Residential,January-15-2026,474900,2082.0,False,228.09798270893373,3.0,1.5,1935.0,4552.0,,38.589862,-90.302191,https://www.redfin.com/MO/Saint-Louis/6451-Devonshire-Ave-63109/home/62719364
1014 Bittner St,Saint Louis,63147.0,Single Family Residential,February-27-2026,79900,2080.0,False,38.41346153846154,4.0,2.0,1908.0,3750.0,,38.7097915,-90.2325736,https://www.redfin.com/MO/Saint-Louis/1014-Bittner-St-63147/home/93730724
4118 Russell Blvd,Saint Louis,63110.0,Single Family Residential,March-18-2026,414900,2072.0,False,200.24131274131275,3.0,2.5,1911.0,3049.0,,38.6143264,-90.2516645,https://www.redfin.com/MO/Saint-Louis/4118-Russell-Blvd-63110/home/93747036
6227 Oleatha Ave,Saint Louis,63139.0,Single Family Residential,March-31-2026,325000,2071.0,False,156.92901979719943,5.0,2.0,1937.0,4373.0,,38.5981235,-90.2961002,https://www.redfin.com/MO/Saint-Louis/6227-Oleatha-Ave-63139/home/93775308
4675 Tennessee Ave,Saint Louis,63111.0,Single Family Residential,January-23-2026,299000,2048.0,False,145.99609375,4.0,2.5,1912.0,3550.0,,38.5745832,-90.2480968,https://www.redfin.com/MO/Saint-Louis/4675-Tennessee-Ave-63111/home/93707155
4705 Virginia Ave,Saint Louis,63111.0,Single Family Residential,January-26-2026,230000,2044.0,False,112.52446183953033,4.0,3.0,1900.0,3171.0,,38.5716222,-90.2441455,https://www.redfin.com/MO/Saint-Louis/4705-Virginia-Ave-63111/home/62772531
5632 S Magnolia Ave,Saint Louis,63139.0,Single Family Residential,April-28-2026,565000,2041.0,False,276.8250857422832,3.0,2.5,1906.0,3175.0,,38.6098429,-90.2831701,https://www.redfin.com/MO/Saint-Louis/5632-S-Magnolia-Ave-63139/home/93727129
1913 Lasalle St,Saint Louis,63104.0,Single Family Residential,January-16-2026,399500,2036.0,False,196.2180746561886,3.0,3.0,1876.0,1921.0,,38.6200028,-90.2118922,https://www.redfin.com/MO/Saint-Louis/1913-Lasalle-St-63104/home/93701274
5510 Rhodes Ave,Saint Louis,63109.0,Single Family Residential,January-26-2026,299000,2006.0,False,149.05284147557327,4.0,2.5,1928.0,5192.0,,38.5783113,-90.2886669,https://www.redfin.com/MO/Saint-Louis/5510-Rhodes-Ave-63109/home/93771583
2238 Edwards,Saint Louis,63110.0,Single Family Residential,January-9-2026,349900,2004.0,False,174.6007984031936,2.0,3.0,1903.0,2983.0,,38.6136828,-90.2753051,https://www.redfin.com/MO/Saint-Louis/2238-Edwards-St-63110/home/93672324
6541 Lindenwood Pl,Saint Louis,63109.0,Single Family Residential,January-20-2026,320000,2000.0,False,160.0,2.0,2.0,1960.0,4268.0,,38.5953392,-90.3027567,https://www.redfin.com/MO/Saint-Louis/6541-Lindenwood-Pl-63109/home/93775147
5065 Miami St,Saint Louis,63139.0,Single Family Residential,January-9-2026,369900,2000.0,False,184.95,4.0,2.0,1936.0,4024.0,,38.5961616,-90.2780914,https://www.redfin.com/MO/Saint-Louis/5065-Miami-St-63139/home/93777375
5609 Oleatha Ave,Saint Louis,63139.0,Single Family Residential,January-8-2026,330000,2000.0,False,165.0,4.0,2.0,1951.0,4146.0,,38.5970977,-90.2856398,https://www.redfin.com/MO/Saint-Louis/5609-Oleatha-Ave-63139/home/90082902
2600 Tennessee Ave,Saint Louis,63118.0,Single Family Residential,February-6-2026,385000,2000.0,False,192.5,4.0,2.5,1903.0,3432.0,,38.6074971,-90.2374849,https://www.redfin.com/MO/Saint-Louis/2600-Tennessee-Ave-63118/home/93692196
5505 Milentz Ave,Saint Louis,63109.0,Single Family Residential,February-26-2026,369900,1997.0,False,185.22784176264398,4.0,2.0,1928.0,4373.0,,38.5794914,-90.288175,https://www.redfin.com/MO/Saint-Louis/5505-Milentz-Ave-63109/home/93771350
4106 Olive St,Saint Louis,63108.0,Townhouse,February-6-2026,485000,1996.0,False,242.98597194388776,3.0,2.5,2006.0,3963.0,,38.6432689,-90.2443906,https://www.redfin.com/MO/Saint-Louis/4106-Olive-St-63108/home/93673887
4223 Hartford St,Saint Louis,63116.0,Townhouse,April-22-2026,440000,1988.0,False,221.32796780684106,3.0,2.5,1909.0,3079.0,,38.6036485,-90.2589264,https://www.redfin.com/MO/Saint-Louis/4223-Hartford-St-63116/home/62771964
4118 Quincy St,Saint Louis,63116.0,Single Family Residential,January-20-2026,175000,1984.0,False,88.20564516129032,2.0,1.5,1928.0,3480.0,,38.5643323,-90.2762296,https://www.redfin.com/MO/Saint-Louis/4118-Quincy-St-63116/home/93772931
4140 Shaw Blvd,Saint Louis,63110.0,Single Family Residential,February-17-2026,349900,1978.0,False,176.8958543983822,3.0,2.5,1921.0,3023.0,,38.6160844,-90.2521885,https://www.redfin.com/MO/Saint-Louis/4140-Shaw-Blvd-63110/home/66529019
5505 S Kingshighway Blvd,Saint Louis,63109.0,Single Family Residential,March-31-2026,300000,1977.0,False,151.74506828528072,3.0,2.0,1919.0,4064.0,,38.579965,-90.2802548,https://www.redfin.com/MO/Saint-Louis/5505-S-Kingshighway-Blvd-63109/home/93765482
3113 Wyoming St,Saint Louis,63118.0,Single Family Residential,February-19-2026,269000,1972.0,False,136.40973630831644,3.0,2.5,1900.0,3123.0,,38.5982407,-90.2343299,https://www.redfin.com/MO/Saint-Louis/3113-Wyoming-St-63118/home/93693203
3500 California Ave,Saint Louis,63118.0,Single Family Residential,February-19-2026,314900,1964.0,False,160.33604887983708,3.0,2.5,1916.0,5915.0,,38.5919033,-90.2301763,https://www.redfin.com/MO/Saint-Louis/3500-California-Ave-63118/home/62744258
5854 Waterman Blvd,Saint Louis,63112.0,Single Family Residential,February-6-2026,300000,1960.0,False,153.0612244897959,5.0,2.0,1911.0,5850.0,,38.6498609,-90.2920141,https://www.redfin.com/MO/Saint-Louis/5854-Waterman-Blvd-63112/home/93762436
7062 Winona Ave,Saint Louis,63109.0,Single Family Residential,February-6-2026,349000,1952.0,False,178.79098360655738,4.0,2.0,1948.0,7405.0,,38.5944859,-90.314606,https://www.redfin.com/MO/Saint-Louis/7062-Winona-Ave-63109/home/62764318
2212 Indiana Ave,Saint Louis,63104.0,Townhouse,February-19-2026,294900,1951.0,False,151.15325474115838,3.0,3.0,1904.0,2705.0,,38.6092802,-90.2206571,https://www.redfin.com/MO/Saint-Louis/2212-Indiana-Ave-63104/home/93690892
3632 Hartford St,Saint Louis,63116.0,Single Family Residential,February-5-2026,425000,1942.0,False,218.8465499485067,4.0,2.5,1904.0,3898.0,,38.6017614,-90.2436842,https://www.redfin.com/MO/Saint-Louis/3632-Hartford-St-63116/home/93699752
1021 Lafayette Ave,Saint Louis,63104.0,Single Family Residential,March-12-2026,265000,1938.0,False,136.7389060887513,2.0,2.5,1890.0,2478.0,,38.611745,-90.2041788,https://www.redfin.com/MO/Saint-Louis/1021-Lafayette-Ave-63104/home/93685325
6721 Scanlan Ave,Saint Louis,63139.0,Single Family Residential,February-18-2026,560000,1824.0,False,307.0175438596491,3.0,2.0,1924.0,10402.0,,38.606165,-90.3045768,https://www.redfin.com/MO/Saint-Louis/6721-Scanlan-Ave-63139/home/93742242
3705 Illinois Ave,Saint Louis,63118.0,Single Family Residential,January-30-2026,175000,1692.0,False,103.42789598108747,4.0,2.0,1889.0,10258.0,,38.587293,-90.2234554,https://www.redfin.com/MO/Saint-Louis/3705-Illinois-Ave-63118/home/62736877
7120 Bancroft Ave,Saint Louis,63109.0,Single Family Residential,January-26-2026,109900,744.0,False,147.71505376344086,1.0,1.0,1926.0,9718.0,,38.5937248,-90.3169005,https://www.redfin.com/MO/Saint-Louis/7120-Bancroft-Ave-63109/home/93749073
905 Hornsby Ave,Saint Louis,63147.0,Single Family Residential,April-1-2026,115000,961.0,False,119.66701352757545,2.0,1.5,1949.0,9517.0,,38.7188249,-90.2320375,https://www.redfin.com/MO/Saint-Louis/905-Hornsby-Ave-63147/home/93761181
7856 Leona St,Saint Louis,63123.0,Single Family Residential,April-7-2026,235000,1404.0,False,167.37891737891738,3.0,2.0,1950.0,8955.0,,38.5553654,-90.2818964,https://www.redfin.com/MO/Saint-Louis/7856-Leona-St-63123/home/93784432
4921 S Compton Ave,Saint Louis,63111.0,Single Family Residential,March-2-2026,224900,1210.0,False,185.86776859504133,3.0,2.0,1883.0,8738.0,,38.5690476,-90.2427266,https://www.redfin.com/MO/Saint-Louis/4921-S-Compton-Ave-63111/home/93707740
6753 Oleatha Ave,Saint Louis,63139.0,Single Family Residential,January-30-2026,379900,1464.0,False,259.4945355191257,3.0,2.5,1936.0,8677.0,,38.5995753,-90.3078299,https://www.redfin.com/MO/Saint-Louis/6753-Oleatha-Ave-63139/home/93778987
1403 Montrose Ave,Saint Louis,63104.0,Single Family Residential,May-11-2026,299900,1630.0,False,183.98773006134968,4.0,3.0,1990.0,8267.0,,38.6204164,-90.2278189,https://www.redfin.com/MO/Saint-Louis/1403-Montrose-Ave-63104/home/93689825
6924 Fyler Ave,Saint Louis,63139.0,Single Family Residential,April-30-2026,175000,989.0,False,176.9464105156724,2.0,1.0,1892.0,8150.0,,38.6034582,-90.3084999,https://www.redfin.com/MO/Saint-Louis/6924-Fyler-Ave-63139/home/93743402
1324 Graham St,Saint Louis,63139.0,Single Family Residential,March-31-2026,220000,1640.0,False,134.14634146341464,4.0,3.0,1906.0,8110.0,,38.6263649,-90.2913131,https://www.redfin.com/MO/Saint-Louis/1324-Graham-St-63139/home/93726361
1348 Kraft St,Saint Louis,63139.0,Single Family Residential,February-13-2026,240000,936.0,False,256.4102564102564,3.0,2.0,1954.0,8102.0,,38.6265262,-90.3009271,https://www.redfin.com/MO/Saint-Louis/1348-Kraft-St-63139/home/65542487
6915 Hancock Ave,Saint Louis,63139.0,Single Family Residential,March-9-2026,299900,1260.0,False,238.015873015873,3.0,1.5,1890.0,8102.0,,38.6017022,-90.308463,https://www.redfin.com/MO/Saint-Louis/6915-Hancock-Ave-63139/home/93743525
5534 Winona Ave,Saint Louis,63109.0,Single Family Residential,January-7-2026,257000,1373.0,False,187.18135469774217,3.0,2.0,1947.0,8015.0,,38.5915596,-90.2871702,https://www.redfin.com/MO/Saint-Louis/5534-Winona-Ave-63109/home/62752123
6546 Arsenal St,Saint Louis,63139.0,Single Family Residential,February-26-2026,309900,1448.0,False,214.01933701657458,3.0,1.5,1922.0,8001.0,,38.6079945,-90.300928,https://www.redfin.com/MO/Saint-Louis/6546-Arsenal-St-63139/home/93742269
6615 Fyler Ave,Saint Louis,63139.0,Single Family Residential,January-30-2026,240000,1183.0,False,202.87404902789518,2.0,1.0,1928.0,7657.0,,38.6031912,-90.3018589,https://www.redfin.com/MO/Saint-Louis/6615-Fyler-Ave-63139/home/70413579
5201 Kingwood Dr,Saint Louis,63123.0,Single Family Residential,March-6-2026,344900,1729.0,False,199.47946790052052,2.0,1.5,1950.0,,,38.5835179,-90.3139068,https://www.redfin.com/MO/Saint-Louis/5201-Kingwood-Dr-63123/home/93783012
7068 Winona Ave,Saint Louis,63109.0,Single Family Residential,February-10-2026,324900,1604.0,False,202.5561097256858,3.0,2.5,1903.0,7501.0,,38.5945188,-90.3148255,https://www.redfin.com/MO/Saint-Louis/7068-Winona-Ave-63109/home/93747650
6431 Hancock Ave,Saint Louis,63139.0,Single Family Residential,April-16-2026,324900,1092.0,False,297.5274725274725,2.0,2.0,1926.0,7501.0,,38.6010408,-90.2983979,https://www.redfin.com/MO/Saint-Louis/6431-Hancock-Ave-63139/home/93743263
7047 Tholozan,Saint Louis,63139.0,Single Family Residential,January-7-2026,199900,1693.0,False,118.07442409923213,3.0,2.0,1954.0,,,38.5981955,-90.3134554,https://www.redfin.com/MO/Saint-Louis/7047-Tholozan-Ave-63109/home/93747958
7226 Virginia Ave,Saint Louis,63111.0,Single Family Residential,January-22-2026,64900,1860.0,False,34.89247311827957,3.0,1.5,1892.0,7418.0,,38.5521645,-90.2589419,https://www.redfin.com/MO/Saint-Louis/7226-Virginia-Ave-63111/home/93710435
7081 Winona Ave,Saint Louis,63109.0,Single Family Residential,March-9-2026,325500,1740.0,False,187.06896551724137,3.0,2.0,1951.0,7361.0,,38.5949673,-90.31524,https://www.redfin.com/MO/Saint-Louis/7081-Winona-Ave-63109/home/93747743
2661 Iowa Ave,Saint Louis,63118.0,Single Family Residential,February-23-2026,220000,1752.0,False,125.57077625570776,2.0,1.5,1890.0,7248.0,,38.6042933,-90.2268658,https://www.redfin.com/MO/Saint-Louis/2661-Iowa-Ave-63118/home/93699479
3914 Bates St,Saint Louis,63116.0,Single Family Residential,April-24-2026,209900,973.0,False,215.72456320657759,2.0,1.0,1910.0,7108.0,,38.5718791,-90.2610598,https://www.redfin.com/MO/Saint-Louis/3914-Bates-St-63116/home/93781586
1116 Mclaran Ave,Saint Louis,63147.0,Single Family Residential,February-13-2026,55000,1738.0,False,31.645569620253166,3.0,1.5,1899.0,7057.0,,38.7151919,-90.2344212,https://www.redfin.com/MO/Saint-Louis/1116-McLaran-Ave-63147/home/93731327
8578 Drury Ln,Saint Louis,63147.0,Single Family Residential,February-18-2026,83900,1234.0,False,67.9902755267423,4.0,2.0,1930.0,6969.0,,38.7153068,-90.2453752,https://www.redfin.com/MO/Saint-Louis/8578-Drury-Ln-63147/home/93732306
3832 Louis St,Saint Louis,63116.0,Single Family Residential,March-13-2026,249900,1434.0,False,174.26778242677824,3.0,1.0,1958.0,6934.0,,38.5572189,-90.273247,https://www.redfin.com/MO/Saint-Louis/3832-Louis-St-63116/home/93785292
919 Bates St,Saint Louis,63111.0,Single Family Residential,April-28-2026,109999,1632.0,False,67.40134803921569,3.0,1.5,1892.0,6851.0,,38.5673671,-90.251727,https://www.redfin.com/MO/Saint-Louis/919-Bates-St-63111/home/93708532
4556 Carter Ave,Saint Louis,63115.0,Single Family Residential,March-24-2026,67500,936.0,False,72.11538461538461,2.0,1.0,1939.0,6799.0,,38.6794698,-90.2354049,https://www.redfin.com/MO/Saint-Louis/4556-Carter-Ave-63115/home/93734106
5714 Park Ln,Saint Louis,63147.0,Single Family Residential,March-20-2026,70000,1374.0,False,50.946142649199416,2.0,1.0,1941.0,6799.0,,38.7092389,-90.2506914,https://www.redfin.com/MO/Saint-Louis/5714-Park-Ln-63147/home/93770313
4028 Blow St,Saint Louis,63116.0,Single Family Residential,May-4-2026,250000,1928.0,False,129.66804979253112,3.0,2.0,1950.0,6756.0,,38.5622483,-90.2741459,https://www.redfin.com/MO/Saint-Louis/4028-Blow-St-63116/home/93784131
5730 Park Ln,Saint Louis,63147.0,Single Family Residential,May-13-2026,105000,1174.0,False,89.43781942078364,4.0,1.0,1936.0,6699.0,,38.7096298,-90.2504443,https://www.redfin.com/MO/Saint-Louis/5730-Park-Ln-63147/home/63495459
6416 Brockschmidt Pl,Saint Louis,63139.0,Single Family Residential,March-6-2026,222500,1096.0,False,203.0109489051095,2.0,1.5,1904.0,6690.0,,38.622671,-90.2947141,https://www.redfin.com/MO/Saint-Louis/6416-Brockschmidt-Pl-63139/home/62697249
5938 Keith Pl,Saint Louis,63109.0,Single Family Residential,January-30-2026,285000,1914.0,False,148.90282131661442,2.0,1.5,1952.0,6599.0,,38.5749636,-90.297135,https://www.redfin.com/MO/Saint-Louis/5938-Keith-Pl-63109/home/93783975
8014 Morgan Ford Rd,Saint Louis,63123.0,Single Family Residential,February-10-2026,218000,1088.0,False,200.36764705882354,3.0,1.0,1950.0,6499.0,,38.5574129,-90.2848594,https://www.redfin.com/MO/Saint-Louis/8014-Morganford-Rd-63123/home/93784186
4116 Koeln Ave,Saint Louis,63116.0,Single Family Residential,January-7-2026,194999,1701.0,False,114.63786008230453,4.0,1.5,1952.0,6477.0,,38.5609306,-90.2803783,https://www.redfin.com/MO/Saint-Louis/4116-Koeln-Ave-63116/home/93784371
3633 Poepping St,Saint Louis,63125.0,Single Family Residential,February-27-2026,220000,1840.0,False,119.56521739130434,3.0,2.5,1977.0,6438.0,,38.5506531,-90.2729677,https://www.redfin.com/MO/Saint-Louis/3633-Poepping-St-63125/home/62716050
6759 Delor St,Saint Louis,63109.0,Single Family Residential,April-7-2026,425000,1700.0,False,250.0,3.0,2.5,1946.0,6433.0,,38.5848302,-90.3096092,https://www.redfin.com/MO/Saint-Louis/6759-Delor-St-63109/home/93781467
7401 Morganford Rd,Saint Louis,63116.0,Single Family Residential,January-28-2026,194900,1084.0,False,179.7970479704797,3.0,1.0,1950.0,6298.0,,38.5620816,-90.2811354,https://www.redfin.com/MO/Saint-Louis/7401-Morganford-Rd-63116/home/93783786
6411 Hancock Ave,Saint Louis,63139.0,Single Family Residential,January-23-2026,188000,1486.0,False,126.51413189771198,1.0,1.0,1904.0,6250.0,,38.6009725,-90.2977047,https://www.redfin.com/MO/Saint-Louis/6411-Hancock-Ave-63139/home/93743260
510 Holly Hills Ave,Saint Louis,63111.0,Single Family Residential,March-31-2026,194500,1304.0,False,149.1564417177914,3.0,1.5,1890.0,6250.0,,38.558537,-90.252488,https://www.redfin.com/MO/Saint-Louis/510-Holly-Hills-Ave-63111/home/93709675
7051 Nashville Ave,Saint Louis,63117.0,Single Family Residential,May-1-2026,335000,1542.0,False,217.25032425421531,3.0,2.0,1924.0,6242.0,,38.628157,-90.3089178,https://www.redfin.com/MO/Saint-Louis/7051-Nashville-Ave-63117/home/62733529
5701 Arthur Ave,Saint Louis,63139.0,Single Family Residential,April-3-2026,230000,924.0,False,248.91774891774892,2.0,1.0,1955.0,6198.0,,38.6005078,-90.2857538,https://www.redfin.com/MO/Saint-Louis/5701-Arthur-Ave-63139/home/93743048
5531 Arthur Ave,Saint Louis,63139.0,Single Family Residential,January-29-2026,239900,1486.0,False,161.44010767160162,4.0,1.0,1954.0,6176.0,,38.6000199,-90.2827867,https://www.redfin.com/MO/Saint-Louis/5531-Arthur-Ave-63139/home/93742850
5689 Pernod Ave,Saint Louis,63139.0,Single Family Residential,April-6-2026,393000,1303.0,False,301.61166538756714,3.0,2.0,1948.0,6172.0,,38.5964925,-90.2883934,https://www.redfin.com/MO/Saint-Louis/5689-Pernod-Ave-63139/home/93780762
3428 Indiana Ave,Saint Louis,63118.0,Single Family Residential,February-4-2026,224900,1642.0,False,136.96711327649209,3.0,2.0,1895.0,6150.0,,38.5920584,-90.2240448,https://www.redfin.com/MO/Saint-Louis/3428-Indiana-Ave-63118/home/93694556
6446 Virginia Ave,Saint Louis,63111.0,Single Family Residential,April-30-2026,160000,1408.0,False,113.63636363636364,2.0,1.5,1860.0,6098.0,,38.5574695,-90.252928,https://www.redfin.com/MO/Saint-Louis/6446-Virginia-Ave-63111/home/93709661
5458 Murdoch Ave,Saint Louis,63109.0,Single Family Residential,February-27-2026,309000,1032.0,False,299.4186046511628,2.0,1.0,1937.0,6054.0,,38.5869412,-90.2864748,https://www.redfin.com/MO/Saint-Louis/5458-Murdoch-Ave-63109/home/93753485
7305 Coronado Ave,Saint Louis,63116.0,Single Family Residential,May-11-2026,220000,1652.0,False,133.1719128329298,3.0,1.5,1957.0,6037.0,,38.559648,-90.2734867,https://www.redfin.com/MO/Saint-Louis/7305-Coronado-Ave-63116/home/93785089
7816 Wilmar Pl,Saint Louis,63123.0,Single Family Residential,April-22-2026,149900,1508.0,False,99.40318302387269,3.0,1.5,1950.0,5998.0,,38.5551404,-90.2797735,https://www.redfin.com/MO/Saint-Louis/7816-Wilmar-Pl-63123/home/93784777
7824 Decatur Dr,Saint Louis,63123.0,Single Family Residential,April-17-2026,239000,1040.0,False,229.80769230769232,2.0,2.0,1955.0,5998.0,,38.5544128,-90.2799483,https://www.redfin.com/MO/Saint-Louis/7824-Decatur-Dr-63123/home/93784929
4312 Steins St,Saint Louis,63116.0,Single Family Residential,February-23-2026,204500,864.0,False,236.6898148148148,2.0,1.0,1950.0,5998.0,,38.5617317,-90.2821892,https://www.redfin.com/MO/Saint-Louis/4312-Steins-St-63116/home/93783755
4267 Miami St,Saint Louis,63116.0,Single Family Residential,April-22-2026,149900,1368.0,False,109.57602339181287,2.0,2.0,1894.0,5998.0,,38.5939942,-90.2619247,https://www.redfin.com/MO/Saint-Louis/4267-Miami-St-63116/home/93728724
8770 Jordan Ave,Saint Louis,63147.0,Single Family Residential,March-19-2026,48000,884.0,False,54.29864253393665,2.0,1.0,1948.0,5967.0,,38.7231738,-90.2303723,https://www.redfin.com/MO/Saint-Louis/8770-Jordan-Ave-63147/home/93782959
2817 Knox Ct,Saint Louis,63139.0,Single Family Residential,January-30-2026,299900,1644.0,False,182.42092457420924,3.0,2.0,1925.0,5959.0,,38.6105786,-90.2917035,https://www.redfin.com/MO/Saint-Louis/2817-Knox-Ct-63139/home/62731523
6462 Villa Ave,Saint Louis,63139.0,Single Family Residential,April-24-2026,225000,936.0,False,240.3846153846154,2.0,1.5,1958.0,5915.0,,38.6245532,-90.29579,https://www.redfin.com/MO/Saint-Louis/6462-Villa-Ave-63139/home/93740899
4172 Parker Ave,Saint Louis,63116.0,Single Family Residential,March-31-2026,265000,1164.0,False,227.66323024054984,2.0,1.0,1952.0,5915.0,,38.5966697,-90.2588112,https://www.redfin.com/MO/Saint-Louis/4172-Parker-Ave-63116/home/93729136
4352 Steins St,Saint Louis,63116.0,Single Family Residential,March-10-2026,239000,1870.0,False,127.80748663101605,3.0,1.0,1950.0,5911.0,,38.5625597,-90.2836497,https://www.redfin.com/MO/Saint-Louis/4352-Steins-St-63116/home/93783782
3566 Bamberger Ave,Saint Louis,63116.0,Single Family Residential,May-11-2026,130000,950.0,False,136.8421052631579,3.0,1.0,1960.0,5906.0,,38.5923271,-90.2488272,https://www.redfin.com/MO/Saint-Louis/3566-Bamberger-Ave-63116/home/93730446
3183 Clifton Ave,Saint Louis,63139.0,Single Family Residential,March-18-2026,249900,1300.0,False,192.23076923076923,2.0,1.0,1948.0,5841.0,,38.6050278,-90.2940025,https://www.redfin.com/MO/Saint-Louis/3183-Clifton-Ave-63139/home/93775835
4336 Al Clare Dr,Saint Louis,63123.0,Single Family Residential,April-30-2026,254900,1000.0,False,254.9,3.0,2.0,1954.0,5828.0,,38.5563841,-90.2882541,https://www.redfin.com/MO/Saint-Louis/4336-Al-Clare-Dr-63123/home/93784696
3971 Juniata St,Saint Louis,63116.0,Single Family Residential,March-30-2026,395000,1536.0,False,257.1614583333333,3.0,2.5,1893.0,5797.0,,38.6018655,-90.2525387,https://www.redfin.com/MO/Saint-Louis/3971-Juniata-St-63116/home/93749833
4317 Alma Ave,Saint Louis,63116.0,Single Family Residential,April-14-2026,285000,1894.0,False,150.4751847940866,4.0,2.0,1924.0,5776.0,,38.5687804,-90.2755217,https://www.redfin.com/MO/Saint-Louis/4317-Alma-Ave-63116/home/93771930
1719 Veronica Ave,Saint Louis,63147.0,Single Family Residential,May-5-2026,94500,984.0,False,96.03658536585365,2.0,1.0,1936.0,5754.0,,38.719397,-90.246824,https://www.redfin.com/MO/Saint-Louis/1719-Veronica-Ave-63147/home/93778775
5634 Fyler Ave,Saint Louis,63139.0,Single Family Residential,April-23-2026,269900,980.0,False,275.40816326530614,2.0,1.0,1956.0,5736.0,,38.6011066,-90.2856854,https://www.redfin.com/MO/Saint-Louis/5634-Fyler-Ave-63139/home/93742905
4239 Eichelberger St,Saint Louis,63116.0,Single Family Residential,March-16-2026,249900,1866.0,False,133.92282958199357,3.0,2.0,1956.0,5702.0,,38.5785255,-90.2675646,https://www.redfin.com/MO/Saint-Louis/4239-Eichelberger-St-63116/home/93773996
6919 Marquette Ave,Saint Louis,63139.0,Single Family Residential,March-5-2026,284900,1104.0,False,258.06159420289856,3.0,1.5,1966.0,5636.0,,38.6007229,-90.3087103,https://www.redfin.com/MO/Saint-Louis/6919-Marquette-Ave-63139/home/62739915
4412 Pennsylvania Ave,Saint Louis,63111.0,Single Family Residential,February-18-2026,165000,1150.0,False,143.47826086956522,2.0,2.0,1895.0,5588.0,,38.5758876,-90.2369901,https://www.redfin.com/MO/Saint-Louis/4412-Pennsylvania-Ave-63111/home/62746968
5540 Arthur Ave,Saint Louis,63139.0,Single Family Residential,April-8-2026,180000,768.0,False,234.375,3.0,1.0,1954.0,5523.0,,38.5997201,-90.2831903,https://www.redfin.com/MO/Saint-Louis/5540-Arthur-Ave-63139/home/93742756
5549 Lindenwood Ave,Saint Louis,63109.0,Single Family Residential,January-9-2026,259900,1008.0,False,257.83730158730157,2.0,1.0,1952.0,5519.0,,38.593799,-90.2875019,https://www.redfin.com/MO/Saint-Louis/5549-Lindenwood-Ave-63109/home/93782495
8015 Parkwood Dr,Saint Louis,63123.0,Single Family Residential,February-20-2026,189900,839.0,False,226.34088200238378,2.0,1.0,1950.0,5501.0,,38.558122,-90.2861006,https://www.redfin.com/MO/Saint-Louis/8015-Parkwood-Dr-63123/home/93783874
324 Hurck St,Saint Louis,63111.0,Single Family Residential,January-15-2026,165900,1157.0,False,143.38807260155573,3.0,2.5,1966.0,5501.0,,38.5440692,-90.266502,https://www.redfin.com/MO/Saint-Louis/324-Hurck-St-63111/home/93711861
7700 Michigan Ave,Saint Louis,63111.0,Single Family Residential,March-11-2026,175000,1504.0,False,116.3563829787234,4.0,1.5,2012.0,5479.0,,38.5483819,-90.2614292,https://www.redfin.com/MO/Saint-Louis/7700-Michigan-Ave-63111/home/93684134
3728 Arkansas Ave,Saint Louis,63118.0,Single Family Residential,January-2-2026,249900,1646.0,False,151.82260024301337,3.0,2.5,2000.0,5449.0,,38.5889782,-90.2424355,https://www.redfin.com/MO/Saint-Louis/3728-Arkansas-Ave-63118/home/93785856
4375 Haven St,Saint Louis,63116.0,Single Family Residential,February-20-2026,149990,900.0,False,166.65555555555557,2.0,1.0,1950.0,5427.0,,38.5688727,-90.2780236,https://www.redfin.com/MO/Saint-Louis/4375-Haven-St-63116/home/93770778
2159 Mccausland Ave,Saint Louis,63143.0,Single Family Residential,May-7-2026,250000,1215.0,False,205.76131687242798,3.0,1.0,1923.0,5401.0,,38.6182727,-90.3091779,https://www.redfin.com/MO/Saint-Louis/2159-McCausland-Ave-63143/home/93744176
7417 Ray Ave,Saint Louis,63116.0,Single Family Residential,May-15-2026,158000,940.0,False,168.08510638297872,3.0,1.0,1955.0,5401.0,,38.5599706,-90.279956,https://www.redfin.com/MO/Saint-Louis/7417-Ray-Ave-63116/home/93784359
6136 Adkins Ave,Saint Louis,63116.0,Single Family Residential,April-3-2026,269900,1765.0,False,152.91784702549575,4.0,2.0,1936.0,5401.0,,38.5708483,-90.2711325,https://www.redfin.com/MO/Saint-Louis/6136-Adkins-Ave-63116/home/93776767
3145 Clifton Ave,Saint Louis,63139.0,Single Family Residential,May-15-2026,240000,1176.0,False,204.08163265306123,2.0,1.0,1926.0,5401.0,,38.6059285,-90.2931155,https://www.redfin.com/MO/Saint-Louis/3145-Clifton-Ave-63139/home/93775897
5614 Bancroft Ave,Saint Louis,63109.0,Single Family Residential,April-23-2026,299900,1285.0,False,233.3852140077821,2.0,1.5,1949.0,5375.0,,38.5907694,-90.2886951,https://www.redfin.com/MO/Saint-Louis/5614-Bancroft-Ave-63109/home/93753095
5060 Potomac St,Saint Louis,63139.0,Single Family Residential,May-7-2026,175000,983.0,False,178.0264496439471,3.0,1.0,1950.0,5357.0,,38.5975762,-90.2777395,https://www.redfin.com/MO/Saint-Louis/5060-Potomac-St-63139/home/62689742
1122 Grandview Pl,Saint Louis,63139.0,Single Family Residential,April-14-2026,199900,864.0,False,231.36574074074073,3.0,1.5,1958.0,5340.0,,38.6302722,-90.3018447,https://www.redfin.com/MO/Saint-Louis/1122-Grandview-Pl-63139/home/93765054
4359 Toenges Ave,Saint Louis,63116.0,Single Family Residential,April-16-2026,179900,768.0,False,234.24479166666666,2.0,1.0,1927.0,5336.0,,38.5701373,-90.2761535,https://www.redfin.com/MO/Saint-Louis/4359-Toenges-Ave-63116/home/88153802
6231 Archwood Ln,Saint Louis,63123.0,Single Family Residential,May-13-2026,285000,1064.0,False,267.85714285714283,2.0,2.0,1950.0,5292.0,,38.5759451,-90.3105977,https://www.redfin.com/MO/Saint-Louis/6231-Archwood-Ln-63123/home/93783440
5011 Lindenwood Ave,Saint Louis,63109.0,Single Family Residential,May-12-2026,285000,1391.0,False,204.88856937455068,3.0,1.5,1928.0,5279.0,,38.5926412,-90.2767898,https://www.redfin.com/MO/Saint-Louis/5011-Lindenwood-Ave-63109/home/93776237
3905 Cottage Ave,Saint Louis,63113.0,Single Family Residential,March-3-2026,159000,1339.0,False,118.74533233756534,3.0,2.0,2005.0,5257.0,,38.6555256,-90.2289682,https://www.redfin.com/MO/Saint-Louis/3905-Cottage-Ave-63113/home/103202894
3653 Taft Ave,Saint Louis,63116.0,Single Family Residential,January-6-2026,109900,741.0,False,148.31309041835357,1.0,2.0,1904.0,5248.0,,38.5778106,-90.2490323,https://www.redfin.com/MO/Saint-Louis/3653-Taft-Ave-63116/home/93706495
4475 N Taylor Ave,Saint Louis,63115.0,Single Family Residential,April-6-2026,80000,848.0,False,94.33962264150944,2.0,1.0,1954.0,5248.0,,38.6803589,-90.2315238,https://www.redfin.com/MO/Saint-Louis/4475-N-Taylor-Ave-63115/home/93734728
6511 Southwest Ave,Saint Louis,63139.0,Single Family Residential,March-18-2026,235000,1032.0,False,227.71317829457365,2.0,1.5,1948.0,5248.0,,38.612537,-90.2987884,https://www.redfin.com/MO/Saint-Louis/6511-Southwest-Ave-63139/home/93784493
7337 Sharp Ave,Saint Louis,63116.0,Single Family Residential,April-9-2026,190000,1056.0,False,179.92424242424244,2.0,1.0,1940.0,5201.0,,38.5599074,-90.2755505,https://www.redfin.com/MO/Saint-Louis/7337-Sharp-Ave-63116/home/93784838
4348 Chippewa St,Saint Louis,63116.0,Single Family Residential,March-27-2026,195000,1120.0,False,174.10714285714286,2.0,2.0,1930.0,5179.0,,38.5904332,-90.2659354,https://www.redfin.com/MO/Saint-Louis/4348-Chippewa-St-63116/home/93771871
7048 Lansdowne Ave,Saint Louis,63109.0,Single Family Residential,April-24-2026,179900,864.0,False,208.21759259259258,2.0,1.0,1922.0,5052.0,,38.5916236,-90.3144833,https://www.redfin.com/MO/Saint-Louis/7048-Lansdowne-Ave-63109/home/93774127
5533 S Kingshighway Blvd,Saint Louis,63109.0,Single Family Residential,April-23-2026,235000,1576.0,False,149.11167512690355,3.0,1.0,1919.0,5039.0,,38.5796026,-90.2809996,https://www.redfin.com/MO/Saint-Louis/5533-S-Kingshighway-Blvd-63109/home/93765488
4117 Oleatha Ave,Saint Louis,63116.0,Single Family Residential,March-13-2026,158900,867.0,False,183.27566320645906,2.0,1.0,1951.0,5039.0,,38.5944164,-90.2572499,https://www.redfin.com/MO/Saint-Louis/4117-Oleatha-Ave-63116/home/93728791
4989 Odell St,Saint Louis,63139.0,Single Family Residential,January-23-2026,264000,1283.0,False,205.76773187841,2.0,1.0,1926.0,,,38.606828,-90.2722682,https://www.redfin.com/MO/Saint-Louis/4989-Odell-St-63139/home/93727970
4818 Oleatha Ave,Saint Louis,63116.0,Single Family Residential,February-19-2026,234900,1466.0,False,160.2319236016371,2.0,2.0,1954.0,4983.0,,38.5953749,-90.2695436,https://www.redfin.com/MO/Saint-Louis/4818-Oleatha-Ave-63116/home/93756226
3892 Kingsland Ct,Saint Louis,63116.0,Single Family Residential,April-1-2026,224900,1700.0,False,132.2941176470588,3.0,1.0,1931.0,4970.0,,38.5835633,-90.2515472,https://www.redfin.com/MO/Saint-Louis/3892-Kingsland-Ct-63116/home/93780394
5339 Murdoch Ave,Saint Louis,63109.0,Single Family Residential,March-26-2026,338000,1560.0,False,216.66666666666666,3.0,1.0,1918.0,4965.0,,38.587064,-90.2836569,https://www.redfin.com/MO/Saint-Louis/5339-Murdoch-Ave-63109/home/93753350
6318 Bradley Ave,Saint Louis,63139.0,Single Family Residential,May-5-2026,319900,1600.0,False,199.9375,5.0,2.0,1939.0,4626.0,,38.6031195,-90.2960741,https://www.redfin.com/MO/Saint-Louis/6318-Bradley-Ave-63139/home/93776323
4250 Ellenwood Ave,Saint Louis,63116.0,Single Family Residential,April-9-2026,219000,1650.0,False,132.72727272727272,4.0,2.0,1925.0,4303.0,,38.585205,-90.2649065,https://www.redfin.com/MO/Saint-Louis/4250-Ellenwood-Ave-63116/home/93772441
4743 Maffitt Ave,Saint Louis,63113.0,Single Family Residential,January-30-2026,154900,1550.0,False,99.93548387096774,4.0,1.5,1914.0,4051.0,,38.6674967,-90.2501471,https://www.redfin.com/MO/Saint-Louis/4743-Maffitt-Ave-63113/home/93748635
4119 Castleman Ave,Saint Louis,63110.0,Single Family Residential,May-5-2026,475000,1910.0,False,248.6910994764398,4.0,3.5,1896.0,2848.0,,38.6155396,-90.2514793,https://www.redfin.com/MO/Saint-Louis/4119-Castleman-Ave-63110/home/93747063
5644 Murdoch Ave,Saint Louis,63109.0,Single Family Residential,March-27-2026,295000,1694.0,False,174.14403778040142,4.0,1.0,1931.0,3750.0,,38.5873088,-90.2900483,https://www.redfin.com/MO/Saint-Louis/5644-Murdoch-Ave-63109/home/93753509
6021 Leona St,Saint Louis,63116.0,Single Family Residential,April-3-2026,295000,1464.0,False,201.50273224043715,4.0,2.0,1928.0,3781.0,,38.5703228,-90.2674687,https://www.redfin.com/MO/Saint-Louis/6021-Leona-St-63116/home/93770843
5230 Gresham Ave,Saint Louis,63109.0,Single Family Residential,January-9-2026,325000,1567.0,False,207.40268028079132,4.0,2.5,1924.0,3598.0,,38.5742614,-90.2870746,https://www.redfin.com/MO/Saint-Louis/5230-Gresham-Ave-63109/home/93764460
6147 Adkins Ave,Saint Louis,63116.0,Single Family Residential,February-12-2026,245000,1336.0,False,183.38323353293413,4.0,1.5,1937.0,4199.0,,38.5707548,-90.2717999,https://www.redfin.com/MO/Saint-Louis/6147-Adkins-Ave-63116/home/93776831
3865 Hartford St,Saint Louis,63116.0,Single Family Residential,April-16-2026,299000,1646.0,False,181.65249088699878,4.0,1.5,1902.0,4369.0,,38.6026233,-90.2485363,https://www.redfin.com/MO/Saint-Louis/3865-Hartford-St-63116/home/93728262
938 Catalpa St,Saint Louis,63112.0,Single Family Residential,February-17-2026,199900,1820.0,False,109.83516483516483,4.0,2.0,1896.0,3959.0,,38.6607521,-90.2931493,https://www.redfin.com/MO/Saint-Louis/938-Catalpa-St-63112/home/79932477
5400 Itaska St,Saint Louis,63109.0,Single Family Residential,February-18-2026,315000,1803.0,False,174.70881863560732,4.0,2.0,1927.0,3750.0,,38.5840775,-90.2848983,https://www.redfin.com/MO/Saint-Louis/5400-Itaska-St-63109/home/93766590
1727 Veronica Ave,Saint Louis,63147.0,Single Family Residential,April-30-2026,179900,1898.0,False,94.78398314014753,4.0,2.5,1949.0,4865.0,,38.719449,-90.2471071,https://www.redfin.com/MO/Saint-Louis/1727-Veronica-Ave-63147/home/93778777
4261 Red Bud Ave,Saint Louis,63115.0,Single Family Residential,April-14-2026,89900,1734.0,False,51.845444059976934,4.0,1.0,1910.0,4647.0,,38.6748306,-90.2269628,https://www.redfin.com/MO/Saint-Louis/4261-Red-Bud-Ave-63115/home/93714723
8623 Partridge Ave,Saint Louis,63147.0,Single Family Residential,January-23-2026,159900,1461.0,False,109.44558521560575,4.0,1.5,1939.0,3598.0,,38.7145421,-90.2406967,https://www.redfin.com/MO/Saint-Louis/8623-Partridge-Ave-63147/home/93730784
8635 Partridge Ave,Saint Louis,63147.0,Single Family Residential,April-10-2026,109000,1170.0,False,93.16239316239316,4.0,2.0,1939.0,4199.0,,38.7148052,-90.2406294,https://www.redfin.com/MO/Saint-Louis/8635-Partridge-Ave-63147/home/93730787
4010 Schiller Pl,Saint Louis,63116.0,Single Family Residential,January-16-2026,205000,1681.0,False,121.95121951219512,4.0,2.0,1929.0,3267.0,,38.5749534,-90.262517,https://www.redfin.com/MO/Saint-Louis/4010-Schiller-Pl-63116/home/93781145
8622 Partridge Ave,Saint Louis,63147.0,Single Family Residential,May-15-2026,149900,1075.0,False,139.4418604651163,4.0,2.0,1939.0,3720.0,,38.7143631,-90.2401984,https://www.redfin.com/MO/Saint-Louis/8622-Partridge-Ave-63147/home/93731019
3316 Commonwealth Ave,Saint Louis,63143.0,Single Family Residential,March-11-2026,224900,1156.0,False,194.55017301038063,4.0,2.0,1903.0,3706.0,,38.605921,-90.3143017,https://www.redfin.com/MO/Saint-Louis/3316-Commonwealth-Ave-63143/home/62739229
5821 Oleatha Ave,Saint Louis,63139.0,Single Family Residential,May-7-2026,350000,1741.0,False,201.03388856978748,4.0,2.0,1947.0,4408.0,,38.5977025,-90.2916795,https://www.redfin.com/MO/Saint-Louis/5821-Oleatha-Ave-63139/home/93780599
6433 Woodbine Ct,Saint Louis,63109.0,Single Family Residential,January-7-2026,245000,1514.0,False,161.8229854689564,4.0,1.5,1931.0,2783.0,,38.5737464,-90.2903213,https://www.redfin.com/MO/Saint-Louis/6433-Woodbine-Ct-63109/home/93774330
5250 Highland Ave,Saint Louis,63113.0,Single Family Residential,April-17-2026,102000,1129.0,False,90.34543844109832,4.0,3.0,1908.0,4321.0,,38.670361,-90.2634163,https://www.redfin.com/MO/Saint-Louis/5250-Highland-Ave-63113/home/93737940
4417 Wallace St,Saint Louis,63116.0,Single Family Residential,May-8-2026,183000,1129.0,False,162.0903454384411,3.0,1.5,1910.0,3750.0,,38.5833511,-90.2701655,https://www.redfin.com/MO/Saint-Louis/4417-Wallace-St-63116/home/93764109
3840 S Compton Ave,Saint Louis,63118.0,Single Family Residential,March-4-2026,168000,1106.0,False,151.8987341772152,3.0,1.0,1907.0,3811.0,,38.5863198,-90.2383328,https://www.redfin.com/MO/Saint-Louis/3840-S-Compton-Ave-63118/home/93695741
3831 Oregon Ave,Saint Louis,63118.0,Single Family Residential,March-19-2026,249900,1636.0,False,152.75061124694378,3.0,2.5,1895.0,3101.0,,38.585942,-90.2330502,https://www.redfin.com/MO/Saint-Louis/3831-Oregon-Ave-63118/home/93696465
3120 Gurney Ave,Saint Louis,63116.0,Single Family Residential,January-23-2026,309000,1504.0,False,205.45212765957447,3.0,1.5,1921.0,4251.0,,38.6043738,-90.2678437,https://www.redfin.com/MO/Saint-Louis/3120-Gurney-Ave-63116/home/93767082
2840 Dalton Ave,Saint Louis,63139.0,Single Family Residential,January-30-2026,250000,1437.0,False,173.97355601948504,3.0,2.0,1903.0,4055.0,,38.6080947,-90.2850641,https://www.redfin.com/MO/Saint-Louis/2840-Dalton-Ave-63139/home/93727174
1234 Louisville Ave,Saint Louis,63139.0,Single Family Residential,April-27-2026,200000,950.0,False,210.52631578947367,3.0,1.0,1941.0,4691.0,,38.6277662,-90.2973737,https://www.redfin.com/MO/Saint-Louis/1234-Louisville-Ave-63139/home/93750110
4024 Wyoming St,Saint Louis,63116.0,Single Family Residential,February-12-2026,234900,1266.0,False,185.54502369668248,3.0,1.5,1913.0,3720.0,,38.5998453,-90.2540083,https://www.redfin.com/MO/Saint-Louis/4024-Wyoming-St-63116/home/93729612
3937 Humphrey St,Saint Louis,63116.0,Single Family Residential,March-11-2026,370000,1750.0,False,211.42857142857142,3.0,3.5,1907.0,3267.0,,38.599095,-90.2516447,https://www.redfin.com/MO/Saint-Louis/3937-Humphrey-St-63116/home/93729560
2932 Lemp Ave,Saint Louis,63118.0,Single Family Residential,March-3-2026,334900,1860.0,False,180.05376344086022,3.0,2.5,1887.0,1289.0,,38.5981803,-90.2172896,https://www.redfin.com/MO/Saint-Louis/2932-Lemp-Ave-63118/home/64357964
3833 Mcdonald Ave,Saint Louis,63116.0,Single Family Residential,January-14-2026,310000,1584.0,False,195.7070707070707,3.0,1.5,1908.0,4112.0,,38.5967263,-90.248323,https://www.redfin.com/MO/Saint-Louis/3833-McDonald-Ave-63116/home/93699973
3922 Burgen Ave,Saint Louis,63116.0,Single Family Residential,January-21-2026,296000,1681.0,False,176.08566329565735,3.0,2.0,1932.0,3388.0,,38.570995,-90.2619933,https://www.redfin.com/MO/Saint-Louis/3922-Burgen-Ave-63116/home/93774759
5531 Eichelberger St,Saint Louis,63109.0,Single Family Residential,January-15-2026,299900,1582.0,False,189.5701643489254,3.0,2.0,1935.0,3720.0,,38.5821723,-90.2886524,https://www.redfin.com/MO/Saint-Louis/5531-Eichelberger-St-63109/home/79022343
2917 S 18th St,Saint Louis,63118.0,Single Family Residential,February-20-2026,280000,1710.0,False,163.74269005847952,3.0,2.5,1890.0,3223.0,,38.5984037,-90.2164354,https://www.redfin.com/MO/Saint-Louis/2917-S-18th-St-63118/home/93698929
4346 Vista Ave,Saint Louis,63110.0,Single Family Residential,January-30-2026,177122,1664.0,False,106.44350961538461,3.0,2.5,1906.0,3123.0,,38.6238554,-90.2579897,https://www.redfin.com/MO/Saint-Louis/4346-Vista-Ave-63110/home/93726031
4326 Vista Ave,Saint Louis,63110.0,Single Family Residential,April-30-2026,490000,1808.0,False,271.01769911504425,3.0,2.5,2021.0,3123.0,,38.6239732,-90.2573127,https://www.redfin.com/MO/Saint-Louis/4326-Vista-Ave-63110/home/93726068
6614 Clayton Ave,Saint Louis,63139.0,Single Family Residential,February-17-2026,459000,1748.0,False,262.58581235697943,3.0,2.5,2020.0,3049.0,,38.6296811,-90.2992664,https://www.redfin.com/MO/Saint-Louis/6614-Clayton-Ave-63139/home/93740392
4836 Terrace Ave,Saint Louis,63116.0,Single Family Residential,April-3-2026,259000,1288.0,False,201.08695652173913,3.0,2.0,1914.0,3868.0,,38.5775385,-90.2793982,https://www.redfin.com/MO/Saint-Louis/4836-Terrace-Ave-63116/home/93763410
6019 Elizabeth Ave,Saint Louis,63139.0,Single Family Residential,February-3-2026,249900,1350.0,False,185.11111111111111,3.0,2.0,1925.0,3449.0,,38.6155272,-90.289077,https://www.redfin.com/MO/Saint-Louis/6019-Elizabeth-Ave-63139/home/62693720
1370 Mobile Ct,Saint Louis,63139.0,Single Family Residential,April-30-2026,244900,1440.0,False,170.06944444444446,3.0,1.0,1952.0,2626.0,,38.625518,-90.2966374,https://www.redfin.com/MO/Saint-Louis/1370-Mobile-Ct-63139/home/93740877
4345 Itaska St,Saint Louis,63116.0,Single Family Residential,March-13-2026,169400,884.0,False,191.6289592760181,3.0,1.0,1924.0,3750.0,,38.5838132,-90.2681626,https://www.redfin.com/MO/Saint-Louis/4345-Itaska-St-63116/home/93763647
5159 Kensington Ave,Saint Louis,63108.0,Single Family Residential,January-29-2026,105000,1612.0,False,65.136476426799,3.0,2.0,1894.0,3375.0,,38.6546431,-90.2689127,https://www.redfin.com/MO/Saint-Louis/5159-Kensington-Ave-63108/home/93744761
3539 Pennsylvania Ave,Saint Louis,63118.0,Single Family Residential,January-13-2026,245000,1760.0,False,139.20454545454547,3.0,2.5,1910.0,3123.0,,38.5913978,-90.2343113,https://www.redfin.com/MO/Saint-Louis/3539-Pennsylvania-Ave-63118/home/93694902
4116 Virginia Ave,Saint Louis,63118.0,Single Family Residential,May-14-2026,235000,1613.0,False,145.69125852448852,3.0,2.0,1924.0,4181.0,,38.5816988,-90.2404793,https://www.redfin.com/MO/Saint-Louis/4116-Virginia-Ave-63118/home/93705284
2324 Arkansas Ave,Saint Louis,63104.0,Single Family Residential,March-6-2026,250000,1584.0,False,157.82828282828282,3.0,1.5,1894.0,3123.0,,38.6087996,-90.2384421,https://www.redfin.com/MO/Saint-Louis/2324-Arkansas-Ave-63104/home/93692313
4230 Connecticut St,Saint Louis,63116.0,Single Family Residential,February-24-2026,370000,1760.0,False,210.22727272727272,3.0,2.5,1891.0,3223.0,,38.6012737,-90.2595296,https://www.redfin.com/MO/Saint-Louis/4230-Connecticut-St-63116/home/93729906
4250 E Kossuth Ave,Saint Louis,63115.0,Single Family Residential,February-11-2026,70000,1100.0,False,63.63636363636363,3.0,1.0,1923.0,2809.0,,38.6712875,-90.2295529,https://www.redfin.com/MO/Saint-Louis/4250-E-Kossuth-Ave-63115/home/93735044
4050 Quincy St,Saint Louis,63116.0,Single Family Residential,April-9-2026,334900,1312.0,False,255.2591463414634,3.0,2.0,1927.0,4948.0,,38.5631567,-90.2739208,https://www.redfin.com/MO/Saint-Louis/4050-Quincy-St-63116/home/93777639
4951 Blow St,Saint Louis,63109.0,Single Family Residential,March-13-2026,229900,1212.0,False,189.68646864686468,3.0,2.0,1914.0,3240.0,,38.569873,-90.2879883,https://www.redfin.com/MO/Saint-Louis/4951-Blow-St-63109/home/62723176
4609 S 38th St,Saint Louis,63116.0,Single Family Residential,March-10-2026,125000,1224.0,False,102.12418300653594,3.0,2.0,1928.0,4260.0,,38.5787677,-90.2521305,https://www.redfin.com/MO/Saint-Louis/4609-S-38th-St-63116/home/93767576
6038 Columbia Ave,Saint Louis,63139.0,Single Family Residential,January-20-2026,274900,1184.0,False,232.17905405405406,3.0,1.0,1924.0,3811.0,,38.6123413,-90.2906643,https://www.redfin.com/MO/Saint-Louis/6038-Columbia-Ave-63139/home/93757207
2643 Accomac,St. Louis,63104.0,Single Family Residential,May-13-2026,425000,1925.0,False,220.7792207792208,3.0,2.5,2025.0,,,38.6097545,-90.223747,https://www.redfin.com/MO/St-Louis/2643-Accomac-St-63104/home/197962286
4063 Wyoming St,Saint Louis,63116.0,Single Family Residential,April-23-2026,405000,1736.0,False,233.29493087557603,3.0,3.5,1913.0,3968.0,,38.6003577,-90.2553848,https://www.redfin.com/MO/Saint-Louis/4063-Wyoming-St-63116/home/93729811
2643 Ann Ave,Saint Louis,63104.0,Single Family Residential,February-25-2026,329900,1906.0,False,173.08499475341029,2.0,3.0,1887.0,3123.0,,38.6106397,-90.2236233,https://www.redfin.com/MO/Saint-Louis/2643-Ann-Ave-63104/home/93690633
3000 Louisiana Ave,Saint Louis,63118.0,Single Family Residential,April-27-2026,299900,1800.0,False,166.61111111111111,3.0,3.0,1906.0,3123.0,,38.6028891,-90.2372828,https://www.redfin.com/MO/Saint-Louis/3000-Louisiana-Ave-63118/home/93692647
4258 Swan Ave,Saint Louis,63110.0,Single Family Residential,February-25-2026,335000,1617.0,False,207.17377860235004,3.0,3.0,1895.0,3123.0,,38.6259422,-90.2561218,https://www.redfin.com/MO/Saint-Louis/4258-Swan-Ave-63110/home/93725992
3820 Mcdonald Ave,Saint Louis,63116.0,Single Family Residential,April-9-2026,289900,1512.0,False,191.73280423280423,2.0,3.0,1917.0,4173.0,,38.5962737,-90.2479465,https://www.redfin.com/MO/Saint-Louis/3820-McDonald-Ave-63116/home/93684198
4328 Maryland Ave #5,St. Louis,63108.0,Townhouse,May-13-2026,375000,1465.0,False,255.9726962457338,2.0,2.5,1986.0,1655.0,,38.642197,-90.251229,https://www.redfin.com/MO/St-Louis/4328-Maryland-Ave-63108/unit-5/home/171913370
5360 Delmar Blvd,Saint Louis,63112.0,Townhouse,January-8-2026,275000,1672.0,False,164.47368421052633,3.0,2.5,2006.0,2169.0,,38.652867,-90.275924,https://www.redfin.com/MO/Saint-Louis/5360-Delmar-Blvd-63112/home/143285734
4255 Lafayette Ave,Saint Louis,63110.0,Single Family Residential,January-5-2026,310000,1716.0,False,180.65268065268066,3.0,2.5,1915.0,4159.0,,38.6188316,-90.2552276,https://www.redfin.com/MO/Saint-Louis/4255-Lafayette-Ave-63110/home/91573025
3150 Nebraska Ave,Saint Louis,63118.0,Single Family Residential,April-13-2026,285000,1886.0,False,151.1134676564157,3.0,2.5,1885.0,3123.0,,38.5991628,-90.2310099,https://www.redfin.com/MO/Saint-Louis/3150-Nebraska-Ave-63118/home/73978472
2124 Withnell Ave,Saint Louis,63118.0,Townhouse,April-2-2026,277500,1802.0,False,153.99556048834629,2.0,2.5,1890.0,1568.0,,38.5955425,-90.2224488,https://www.redfin.com/MO/Saint-Louis/2124-Withnell-Ave-63118/home/93693915
2712 Allen Ave,Saint Louis,63104.0,Single Family Residential,February-26-2026,215000,1564.0,False,137.4680306905371,2.0,2.5,1892.0,2500.0,,38.6122259,-90.2245211,https://www.redfin.com/MO/Saint-Louis/2712-Allen-Ave-63104/home/93690158
2920 Sidney St,Saint Louis,63104.0,Single Family Residential,May-6-2026,279000,1728.0,False,161.45833333333334,3.0,2.5,1910.0,1960.0,,38.6065554,-90.2305714,https://www.redfin.com/MO/Saint-Louis/2920-Sidney-St-63104/home/93699574
3531 Cherokee St,Saint Louis,63118.0,Townhouse,January-22-2026,249000,1802.0,False,138.17980022197557,3.0,2.5,1909.0,2744.0,,38.5956391,-90.2426109,https://www.redfin.com/MO/Saint-Louis/3531-Cherokee-St-63118/home/173618682
4426 Vista Ave,Saint Louis,63110.0,Single Family Residential,March-5-2026,560000,1904.0,False,294.11764705882354,3.0,2.5,2020.0,3123.0,,38.6236967,-90.2600611,https://www.redfin.com/MO/Saint-Louis/4426-Vista-Ave-63110/home/169425121
5782 Kingsbury Pl,Saint Louis,63112.0,Townhouse,February-25-2026,294900,1524.0,False,193.50393700787401,2.0,2.5,1990.0,3454.0,,38.6517884,-90.2886971,https://www.redfin.com/MO/Saint-Louis/5782-Kingsbury-Pl-63112/home/93762707
10 Lawn Pl,Saint Louis,63110.0,Single Family Residential,February-26-2026,398500,1846.0,False,215.87215601300107,3.0,2.5,1915.0,3898.0,,38.6284103,-90.265588,https://www.redfin.com/MO/Saint-Louis/10-Lawn-Pl-63110/home/93765845
6059 Mcpherson Ave,Saint Louis,63112.0,Single Family Residential,March-27-2026,449900,1760.0,False,255.625,3.0,2.5,1909.0,4552.0,,38.6516631,-90.2962817,https://www.redfin.com/MO/Saint-Louis/6059-McPherson-Ave-63112/home/93760500
2029 Forest Ave,Saint Louis,63139.0,Single Family Residential,March-12-2026,379900,1570.0,False,241.97452229299364,3.0,2.5,1907.0,3711.0,,38.620479,-90.306577,https://www.redfin.com/MO/Saint-Louis/2029-Forest-Ave-63139/home/93671175
3928 Folsom Ave,Saint Louis,63110.0,Single Family Residential,February-26-2026,250000,1180.0,False,211.864406779661,2.0,2.5,2005.0,3201.0,,38.6202984,-90.2457052,https://www.redfin.com/MO/Saint-Louis/3928-Folsom-Ave-63110/home/103204110
423 N Sarah St,Saint Louis,63108.0,Townhouse,January-6-2026,175000,1292.0,False,135.44891640866874,2.0,2.5,1989.0,,,38.6421911,-90.2449386,https://www.redfin.com/MO/Saint-Louis/423-N-Sarah-St-63108/home/81982725
3002 California,St. Louis,63118.0,Single Family Residential,May-1-2026,250000,1851.0,False,135.06212857914642,3.0,2.5,1935.0,,,38.60105,-90.228194,https://www.redfin.com/MO/St-Louis/3002-California-63118/home/197714955
3214 California Ave,Saint Louis,63118.0,Single Family Residential,April-17-2026,279900,1900.0,False,147.31578947368422,2.0,2.5,1884.0,3375.0,,38.5969008,-90.2291346,https://www.redfin.com/MO/Saint-Louis/3214-California-Ave-63118/home/103203833
2106 Hereford St,Saint Louis,63110.0,Single Family Residential,April-28-2026,430000,1348.0,False,318.99109792284867,2.0,2.5,2020.0,2469.0,,38.6152393,-90.2708421,https://www.redfin.com/MO/Saint-Louis/2106-Hereford-St-63110/home/171139790
1902 Lasalle St,Saint Louis,63104.0,Single Family Residential,May-11-2026,415000,1896.0,False,218.88185654008439,3.0,2.5,1885.0,3358.0,,38.6195873,-90.2115695,https://www.redfin.com/MO/Saint-Louis/1902-Lasalle-St-63104/home/93701187
5849 Prince George Ct,Saint Louis,63139.0,Townhouse,March-17-2026,239900,1172.0,False,204.6928327645051,2.0,2.5,1988.0,1934.0,,38.6047202,-90.2878051,https://www.redfin.com/MO/Saint-Louis/5849-Prince-George-Ct-63139/home/93765880
906 Rutger St,Saint Louis,63104.0,Townhouse,March-18-2026,275000,1144.0,False,240.3846153846154,2.0,2.5,1982.0,1951.0,,38.6142123,-90.1996196,https://www.redfin.com/MO/Saint-Louis/906-Rutger-St-63104/home/93685426
6019 Potomac St,Saint Louis,63139.0,Single Family Residential,February-19-2026,359000,1591.0,False,225.64424890006285,3.0,2.5,1936.0,4373.0,,38.5987158,-90.2932804,https://www.redfin.com/MO/Saint-Louis/6019-Potomac-St-63139/home/93775445
6430 Sutherland Ave,Saint Louis,63109.0,Single Family Residential,April-6-2026,399900,1555.0,False,257.17041800643085,3.0,2.5,1940.0,4373.0,,38.5911547,-90.3012256,https://www.redfin.com/MO/Saint-Louis/6430-Sutherland-Ave-63109/home/93779819
6443 Alabama Ave,Saint Louis,63111.0,Single Family Residential,March-27-2026,119900,1019.0,False,117.66437684003925,1.0,1.0,1927.0,4813.0,,38.5585769,-90.2551282,https://www.redfin.com/MO/Saint-Louis/6443-Alabama-Ave-63111/home/93709700
3526 Bamberger Ave,Saint Louis,63116.0,Single Family Residential,March-5-2026,168000,1025.0,False,163.90243902439025,2.0,1.0,1913.0,4408.0,,38.5934536,-90.2486844,https://www.redfin.com/MO/Saint-Louis/3526-Bamberger-Ave-63116/home/93730429
3411 Itaska St,Saint Louis,63111.0,Single Family Residential,February-6-2026,123900,1006.0,False,123.1610337972167,1.0,1.0,1905.0,2626.0,,38.5727576,-90.2453887,https://www.redfin.com/MO/Saint-Louis/3411-Itaska-St-63111/home/93707217
4032 Wyoming St,Saint Louis,63116.0,Single Family Residential,March-24-2026,199900,1170.0,False,170.85470085470087,2.0,1.0,1918.0,3720.0,,38.5998716,-90.2542261,https://www.redfin.com/MO/Saint-Louis/4032-Wyoming-St-63116/home/93729606
4249 Utah St,Saint Louis,63116.0,Single Family Residential,April-8-2026,250000,1337.0,False,186.98578908002992,2.0,1.0,1941.0,4090.0,,38.5990708,-90.2604415,https://www.redfin.com/MO/Saint-Louis/4249-Utah-St-63116/home/62692343
4662 Tesson St,Saint Louis,63116.0,Single Family Residential,January-13-2026,155000,1073.0,False,144.45479962721342,3.0,1.0,1926.0,2783.0,,38.5619512,-90.2883268,https://www.redfin.com/MO/Saint-Louis/4662-Tesson-St-63116/home/93776481
5408 Magnolia Ave,Saint Louis,63139.0,Single Family Residential,April-1-2026,325000,901.0,False,360.7103218645949,1.0,1.0,1894.0,3179.0,,38.6097788,-90.2790045,https://www.redfin.com/MO/Saint-Louis/5408-Magnolia-Ave-63139/home/93727287
2121 Esther Ave,Saint Louis,63139.0,Single Family Residential,April-28-2026,225000,1344.0,False,167.41071428571428,2.0,1.0,1960.0,3659.0,,38.6170496,-90.2894008,https://www.redfin.com/MO/Saint-Louis/2121-Esther-Ave-63139/home/93761463
4642 Leona St,Saint Louis,63116.0,Single Family Residential,January-13-2026,169900,1198.0,False,141.81969949916527,3.0,1.0,1941.0,4373.0,,38.5794625,-90.2582546,https://www.redfin.com/MO/Saint-Louis/4642-Leona-St-63116/home/93769608
4533 Lexington Ave,Saint Louis,63115.0,Single Family Residential,March-30-2026,105900,1175.0,False,90.12765957446808,3.0,1.0,1922.0,4573.0,,38.6706307,-90.2410314,https://www.redfin.com/MO/Saint-Louis/4533-Lexington-Ave-63115/home/93735537
4547 Bessie Ave,Saint Louis,63115.0,Single Family Residential,March-6-2026,39500,906.0,False,43.59823399558499,2.0,1.0,1941.0,4212.0,,38.6782446,-90.2368996,https://www.redfin.com/MO/Saint-Louis/4547-Bessie-Ave-63115/home/93782164
6225 Juniata St,Saint Louis,63139.0,Single Family Residential,January-5-2026,225000,1094.0,False,205.6672760511883,2.0,1.0,1928.0,4447.0,,38.6068599,-90.2947271,https://www.redfin.com/MO/Saint-Louis/6225-Juniata-St-63139/home/93741660
6426 Odell St,Saint Louis,63139.0,Single Family Residential,March-12-2026,175000,777.0,False,225.22522522522522,2.0,1.0,1931.0,,,38.6093685,-90.2971112,https://www.redfin.com/MO/Saint-Louis/6426-Odell-St-63139/home/93741845
4853 Lee Ave,Saint Louis,63115.0,Single Family Residential,April-3-2026,29900,1092.0,False,27.38095238095238,2.0,1.0,1926.0,,,38.679339,-90.244025,https://www.redfin.com/MO/Saint-Louis/4853-Lee-Ave-63115/home/93733287
3406 Juniata St,Saint Louis,63118.0,Single Family Residential,March-31-2026,265000,1066.0,False,248.59287054409006,2.0,1.0,1921.0,3811.0,,38.6002175,-90.2383929,https://www.redfin.com/MO/Saint-Louis/3406-Juniata-St-63118/home/93693271
3540 S Spring Ave,Saint Louis,63116.0,Single Family Residential,February-9-2026,110000,870.0,False,126.4367816091954,2.0,1.0,1909.0,3750.0,,38.5929371,-90.2473775,https://www.redfin.com/MO/Saint-Louis/3540-S-Spring-Ave-63116/home/93730352
5664 Marquette Ave,Saint Louis,63139.0,Single Family Residential,February-18-2026,269900,1420.0,False,190.07042253521126,2.0,1.0,1952.0,4321.0,,38.5985843,-90.2873423,https://www.redfin.com/MO/Saint-Louis/5664-Marquette-Ave-63139/home/93780720
1067 Melvin Ave,Saint Louis,63137.0,Single Family Residential,February-23-2026,77900,1050.0,False,74.19047619047619,3.0,1.0,1941.0,3841.0,,38.7239479,-90.2361445,https://www.redfin.com/MO/Saint-Louis/1067-Melvin-Ave-63137/home/93782253
5412 Reber Pl,Saint Louis,63139.0,Single Family Residential,May-5-2026,225000,935.0,False,240.64171122994654,2.0,1.0,1896.0,3123.0,,38.6083374,-90.2795261,https://www.redfin.com/MO/Saint-Louis/5412-Reber-Pl-63139/home/93727371
6432 Wanda Ave,Saint Louis,63116.0,Single Family Residential,January-7-2026,194900,1132.0,False,172.1731448763251,2.0,1.0,1922.0,3449.0,,38.5701098,-90.2766387,https://www.redfin.com/MO/Saint-Louis/6432-Wanda-Ave-63116/home/93770660
4019 Meramec St,Saint Louis,63116.0,Single Family Residential,February-27-2026,165000,967.0,False,170.6308169596691,2.0,1.0,1949.0,4373.0,,38.5864644,-90.2545574,https://www.redfin.com/MO/Saint-Louis/4019-Meramec-St-63116/home/93778746
3808 Burgen Ave,Saint Louis,63116.0,Single Family Residential,May-13-2026,174900,1008.0,False,173.51190476190476,2.0,1.0,1932.0,3415.0,,38.5700653,-90.2601789,https://www.redfin.com/MO/Saint-Louis/3808-Burgen-Ave-63116/home/62699066
4076 Wilmington Ave,Saint Louis,63116.0,Single Family Residential,April-10-2026,239900,1035.0,False,231.78743961352657,2.0,1.0,1925.0,4051.0,,38.5717345,-90.2673309,https://www.redfin.com/MO/Saint-Louis/4076-Wilmington-Ave-63116/home/93770839
4843 Lee Ave,Saint Louis,63115.0,Single Family Residential,April-28-2026,71500,1170.0,False,61.111111111111114,3.0,1.0,1926.0,4464.0,,38.6791663,-90.2437256,https://www.redfin.com/MO/Saint-Louis/4843-Lee-Ave-63115/home/93732905
5511 Lansdowne Ave,Saint Louis,63109.0,Single Family Residential,February-4-2026,269900,1200.0,False,224.91666666666666,3.0,1.0,1913.0,3750.0,,38.588996,-90.285161,https://www.redfin.com/MO/Saint-Louis/5511-Lansdowne-Ave-63109/home/93752736
4745 Louisiana Ave,Saint Louis,63111.0,Single Family Residential,January-5-2026,140000,1049.0,False,133.4604385128694,2.0,1.0,1906.0,4260.0,,38.5724184,-90.2484088,https://www.redfin.com/MO/Saint-Louis/4745-Louisiana-Ave-63111/home/93707336
4848 Calvin Ave,Saint Louis,63115.0,Single Family Residential,February-20-2026,65000,1004.0,False,64.7410358565737,2.0,1.0,1932.0,3720.0,,38.6819358,-90.2419005,https://www.redfin.com/MO/Saint-Louis/4848-Calvin-Ave-63115/home/93733013
5332 Loughborough Ave,Saint Louis,63109.0,Single Family Residential,May-7-2026,219900,988.0,False,222.57085020242914,2.0,1.0,1925.0,4748.0,,38.572978,-90.2907318,https://www.redfin.com/MO/Saint-Louis/5332-Loughborough-Ave-63109/home/93771559
6007 Odell St,Saint Louis,63139.0,Single Family Residential,March-5-2026,225000,1360.0,False,165.44117647058823,2.0,1.0,1928.0,3811.0,,38.6091389,-90.2908404,https://www.redfin.com/MO/Saint-Louis/6007-Odell-St-63139/home/93768861
3445 Itaska St,Saint Louis,63111.0,Single Family Residential,February-24-2026,43096,996.0,False,43.269076305220885,3.0,1.0,1905.0,2574.0,,38.5732802,-90.2463592,https://www.redfin.com/MO/Saint-Louis/3445-Itaska-St-63111/home/93707239
4335 Beethoven Ave,Saint Louis,63116.0,Single Family Residential,February-27-2026,155000,980.0,False,158.16326530612244,2.0,1.0,1923.0,3898.0,,38.5880072,-90.2663419,https://www.redfin.com/MO/Saint-Louis/4335-Beethoven-Ave-63116/home/93764885
3333 Delor St,Saint Louis,63111.0,Single Family Residential,February-12-2026,169900,1166.0,False,145.71183533447683,3.0,1.0,1910.0,3219.0,,38.5704576,-90.2455012,https://www.redfin.com/MO/Saint-Louis/3333-Delor-St-63111/home/93707407
4437 S 37th St,Saint Louis,63116.0,Single Family Residential,May-5-2026,155000,1007.0,False,153.92254220456803,2.0,1.0,1928.0,4687.0,,38.5789213,-90.2490286,https://www.redfin.com/MO/Saint-Louis/4437-S-37th-St-63116/home/93706518
3740 Meramec St,Saint Louis,63116.0,Single Family Residential,May-8-2026,95000,1600.0,False,59.375,2.0,1.0,1911.0,3750.0,,38.5823199,-90.2475051,https://www.redfin.com/MO/Saint-Louis/3740-Meramec-St-63116/home/93705355
5343 Chippewa St,Saint Louis,63109.0,Single Family Residential,January-13-2026,105000,768.0,False,136.71875,1.0,1.0,1933.0,3628.0,,38.5924524,-90.2827613,https://www.redfin.com/MO/Saint-Louis/5343-Chippewa-St-63109/home/93781925
6414 West Ct,Saint Louis,63116.0,Single Family Residential,March-6-2026,199900,967.0,False,206.72182006204756,2.0,1.0,1931.0,3815.0,,38.5752479,-90.2824306,https://www.redfin.com/MO/Saint-Louis/6414-West-Ct-63116/home/93779276
4470 Bingham Ave,Saint Louis,63116.0,Single Family Residential,March-6-2026,129900,770.0,False,168.7012987012987,2.0,1.0,1932.0,3628.0,,38.5901777,-90.2697412,https://www.redfin.com/MO/Saint-Louis/4470-Bingham-Ave-63116/home/93772073
5452 Pernod Ave,Saint Louis,63139.0,Single Family Residential,April-1-2026,252000,1038.0,False,242.77456647398844,2.0,1.0,1932.0,3571.0,,38.5955457,-90.2836302,https://www.redfin.com/MO/Saint-Louis/5452-Pernod-Ave-63139/home/93782028
4733 Terrace Ave,Saint Louis,63116.0,Single Family Residential,February-12-2026,140900,891.0,False,158.13692480359148,2.0,1.0,1910.0,3750.0,,38.5787231,-90.2766776,https://www.redfin.com/MO/Saint-Louis/4733-Terrace-Ave-63116/home/93758044
6065 Wanda Ave,Saint Louis,63116.0,Single Family Residential,April-23-2026,185000,1118.0,False,165.47406082289802,2.0,1.0,1926.0,4064.0,,38.5739508,-90.2743951,https://www.redfin.com/MO/Saint-Louis/6065-Wanda-Ave-63116/home/93772661
5410 Emerson Ave,Saint Louis,63120.0,Single Family Residential,January-29-2026,45000,1150.0,False,39.130434782608695,2.0,1.0,1922.0,3750.0,,38.6956562,-90.2433482,https://www.redfin.com/MO/Saint-Louis/5410-Emerson-Ave-63120/home/93764892
5975 N Cuba Ct,Saint Louis,63139.0,Single Family Residential,January-23-2026,250000,1348.0,False,185.459940652819,2.0,1.0,1927.0,4373.0,,38.6084968,-90.2893282,https://www.redfin.com/MO/Saint-Louis/5975-N-Cuba-Ct-63139/home/93775580
5916 Alpha Ave,Saint Louis,63147.0,Single Family Residential,March-26-2026,74900,936.0,False,80.02136752136752,2.0,1.0,1948.0,3497.0,,38.7124722,-90.2505814,https://www.redfin.com/MO/Saint-Louis/5916-Alpha-Ave-63147/home/93770417
2501 Sublette Ave,Saint Louis,63110.0,Single Family Residential,January-23-2026,245000,800.0,False,306.25,2.0,1.0,1948.0,4774.0,,38.6122679,-90.2805992,https://www.redfin.com/MO/Saint-Louis/2501-Sublette-Ave-63110/home/93727092
4454 S Spring Ave,Saint Louis,63116.0,Single Family Residential,February-11-2026,129900,816.0,False,159.19117647058823,2.0,1.0,1924.0,3920.0,,38.5799103,-90.252153,https://www.redfin.com/MO/Saint-Louis/4454-S-Spring-Ave-63116/home/93730851
3355 Sublette Ave,Saint Louis,63139.0,Single Family Residential,May-15-2026,280000,936.0,False,299.14529914529913,2.0,1.0,1952.0,4538.0,,38.5993215,-90.2809809,https://www.redfin.com/MO/Saint-Louis/3355-Sublette-Ave-63139/home/93742748
2611 Brannon Ave,Saint Louis,63139.0,Single Family Residential,March-30-2026,119900,904.0,False,132.63274336283186,2.0,1.0,1900.0,1799.0,,38.6106321,-90.275329,https://www.redfin.com/MO/Saint-Louis/2611-Brannon-Ave-63139/home/93727386
4035 Schiller Pl,Saint Louis,63116.0,Single Family Residential,April-10-2026,114900,762.0,False,150.78740157480314,2.0,1.0,1905.0,3388.0,,38.5755623,-90.2630103,https://www.redfin.com/MO/Saint-Louis/4035-Schiller-Pl-63116/home/62697780
3279 Regal Pl,Saint Louis,63139.0,Single Family Residential,March-6-2026,205000,1124.0,False,182.38434163701066,2.0,1.0,1969.0,3275.0,,38.6016481,-90.2845553,https://www.redfin.com/MO/Saint-Louis/3279-Regal-Pl-63139/home/93742928
6613 Parkwood Pl,Saint Louis,63116.0,Single Family Residential,January-8-2026,145000,965.0,False,150.25906735751295,2.0,1.0,1923.0,4499.0,,38.5686851,-90.2771457,https://www.redfin.com/MO/Saint-Louis/6613-Parkwood-Pl-63116/home/93770653
6610 Parkwood Pl,Saint Louis,63116.0,Single Family Residential,February-13-2026,189000,936.0,False,201.92307692307693,2.0,1.0,1929.0,4373.0,,38.5685626,-90.2767249,https://www.redfin.com/MO/Saint-Louis/6610-Parkwood-Pl-63116/home/62755033
6564 Villa Ave,Saint Louis,63139.0,Single Family Residential,March-27-2026,230000,1008.0,False,228.17460317460316,3.0,1.0,1963.0,3750.0,,38.6253463,-90.2988693,https://www.redfin.com/MO/Saint-Louis/6564-Villa-Ave-63139/home/93740702
1361 Louisville Ave,Saint Louis,63139.0,Single Family Residential,February-13-2026,165000,1019.0,False,161.9234543670265,3.0,1.0,1946.0,4220.0,,38.6259624,-90.2982941,https://www.redfin.com/MO/Saint-Louis/1361-Louisville-Ave-63139/home/93750104
4334 Beethoven Ave,Saint Louis,63116.0,Single Family Residential,January-29-2026,155000,984.0,False,157.52032520325204,2.0,1.0,1959.0,3920.0,,38.5876054,-90.266363,https://www.redfin.com/MO/Saint-Louis/4334-Beethoven-Ave-63116/home/93764730
4412 Wallace St,Saint Louis,63116.0,Single Family Residential,February-19-2026,174900,900.0,False,194.33333333333334,2.0,1.0,1912.0,3750.0,,38.5830356,-90.2701804,https://www.redfin.com/MO/Saint-Louis/4412-Wallace-St-63116/home/93763768
4444 Gannett St,Saint Louis,63116.0,Single Family Residential,March-27-2026,149900,852.0,False,175.93896713615024,2.0,1.0,1953.0,3750.0,,38.5849581,-90.270687,https://www.redfin.com/MO/Saint-Louis/4444-Gannett-St-63116/home/93763663
1438 Central Ave,Saint Louis,63139.0,Single Family Residential,February-2-2026,240000,799.0,False,300.37546933667085,2.0,1.0,1941.0,4373.0,,38.6254118,-90.3041557,https://www.redfin.com/MO/Saint-Louis/1438-Central-Ave-63139/home/93740643
4421 Bingham Ave,Saint Louis,63116.0,Single Family Residential,April-1-2026,119500,975.0,False,122.56410256410257,2.0,1.0,1926.0,4321.0,,38.5901644,-90.2679957,https://www.redfin.com/MO/Saint-Louis/4421-Bingham-Ave-63116/home/93772040
4625 Adkins Ave,Saint Louis,63116.0,Single Family Residential,April-6-2026,130000,1066.0,False,121.95121951219512,2.0,1.0,1908.0,3219.0,,38.5823288,-90.2626119,https://www.redfin.com/MO/Saint-Louis/4625-Adkins-Ave-63116/home/93757024
4720 Goethe Ave,Saint Louis,63116.0,Single Family Residential,January-20-2026,109900,855.0,False,128.53801169590642,2.0,1.0,1911.0,3959.0,,38.5753773,-90.2794026,https://www.redfin.com/MO/Saint-Louis/4720-Goethe-Ave-63116/home/93757176
4311 Bates St,Saint Louis,63116.0,Single Family Residential,March-16-2026,100000,1223.0,False,81.76614881439085,2.0,1.0,1906.0,4726.0,,38.5766791,-90.2693676,https://www.redfin.com/MO/Saint-Louis/4311-Bates-St-63116/home/88383634
2409 Menard St,Saint Louis,63104.0,Single Family Residential,February-2-2026,250000,1524.0,False,164.04199475065616,2.0,1.0,1880.0,3075.0,,38.6031811,-90.2097285,https://www.redfin.com/MO/Saint-Louis/2409-Menard-St-63104/home/93686747
3627 Blow St,Saint Louis,63116.0,Single Family Residential,February-24-2026,183000,912.0,False,200.6578947368421,2.0,1.0,1953.0,3598.0,,38.5576782,-90.2644017,https://www.redfin.com/MO/Saint-Louis/3627-Blow-St-63116/home/93711827
4033 Blow St,Saint Louis,63116.0,Single Family Residential,February-25-2026,275000,1224.0,False,224.67320261437908,3.0,1.0,1925.0,3598.0,,38.5625135,-90.273873,https://www.redfin.com/MO/Saint-Louis/4033-Blow-St-63116/home/93777715
3800 Fairview Ave,Saint Louis,63116.0,Single Family Residential,February-12-2026,229000,1346.0,False,170.13372956909362,3.0,1.0,1908.0,2888.0,,38.595157,-90.2474743,https://www.redfin.com/MO/Saint-Louis/3800-Fairview-Ave-63116/home/93730413
5619 Arendes Dr,Saint Louis,63116.0,Single Family Residential,April-2-2026,205000,1822.0,False,112.51372118551043,2.0,1.0,1959.0,4312.0,,38.5706315,-90.2596112,https://www.redfin.com/MO/Saint-Louis/5619-Arendes-Dr-63116/home/93781569
3905 Itaska St,Saint Louis,63116.0,Single Family Residential,May-15-2026,135000,923.0,False,146.26218851570965,2.0,1.0,1948.0,4373.0,,38.5782141,-90.2568516,https://www.redfin.com/MO/Saint-Louis/3905-Itaska-St-63116/home/93769636
6135 Idaho Ave,Saint Louis,63111.0,Single Family Residential,February-10-2026,44130,875.0,False,50.434285714285714,2.0,1.0,1929.0,3998.0,,38.5620776,-90.2533101,https://www.redfin.com/MO/Saint-Louis/6135-Idaho-Ave-63111/home/93709441
125 Koeln Ave,Saint Louis,63111.0,Single Family Residential,April-30-2026,110000,833.0,False,132.05282112845137,2.0,1.0,1961.0,2500.0,,38.5487974,-90.2577343,https://www.redfin.com/MO/Saint-Louis/125-Koeln-Ave-63111/home/93710694
7320 Eugene Ave,Saint Louis,63116.0,Single Family Residential,April-6-2026,135000,762.0,False,177.16535433070865,1.0,1.0,1925.0,3998.0,,38.5563969,-90.2678735,https://www.redfin.com/MO/Saint-Louis/7320-Eugene-Ave-63116/home/93712053
5217 Loughborough Ave,Saint Louis,63109.0,Single Family Residential,February-18-2026,235000,964.0,False,243.7759336099585,2.0,1.0,1922.0,3598.0,,38.572116,-90.2882875,https://www.redfin.com/MO/Saint-Louis/5217-Loughborough-Ave-63109/home/93769539
4918 Gresham Ave,Saint Louis,63109.0,Single Family Residential,February-27-2026,160000,931.0,False,171.85821697099894,1.0,1.0,1911.0,3598.0,,38.5740559,-90.2854142,https://www.redfin.com/MO/Saint-Louis/4918-Gresham-Ave-63109/home/62732324
3161 Ohio Ave,Saint Louis,63118.0,Single Family Residential,April-20-2026,200000,1341.0,False,149.14243102162564,2.0,1.0,1955.0,4530.0,,38.5979713,-90.2270824,https://www.redfin.com/MO/Saint-Louis/3161-Ohio-Ave-63118/home/93697089
5705 Devonshire Ave,Saint Louis,63109.0,Single Family Residential,April-10-2026,189900,858.0,False,221.32867132867133,1.0,1.0,1925.0,3750.0,,38.588642,-90.2903551,https://www.redfin.com/MO/Saint-Louis/5705-Devonshire-Ave-63109/home/93753150
4644 Minnesota Ave,Saint Louis,63111.0,Single Family Residential,March-25-2026,95000,880.0,False,107.95454545454545,2.0,1.0,1925.0,3833.0,,38.571608,-90.2391068,https://www.redfin.com/MO/Saint-Louis/4644-Minnesota-Ave-63111/home/93706812
5613 Rhodes Ave,Saint Louis,63109.0,Single Family Residential,April-7-2026,310000,1331.0,False,232.90758827948912,2.0,1.0,1930.0,4268.0,,38.5788558,-90.2903098,https://www.redfin.com/MO/Saint-Louis/5613-Rhodes-Ave-63109/home/93771379
5412 Idaho Ave,Saint Louis,63111.0,Single Family Residential,April-17-2026,179900,1650.0,False,109.03030303030303,3.0,1.0,1907.0,4260.0,,38.5677435,-90.2486832,https://www.redfin.com/MO/Saint-Louis/5412-Idaho-Ave-63111/home/93708315
5920 Dressell Ave,Saint Louis,63120.0,Single Family Residential,March-31-2026,75000,912.0,False,82.23684210526316,2.0,1.0,1947.0,3746.0,,38.689574,-90.2717466,https://www.redfin.com/MO/Saint-Louis/5920-Dressell-Ave-63120/home/93768510
4250 Connecticut St,Saint Louis,63116.0,Single Family Residential,April-1-2026,219900,886.0,False,248.1941309255079,2.0,1.0,1909.0,3101.0,,38.6013432,-90.2602271,https://www.redfin.com/MO/Saint-Louis/4250-Connecticut-St-63116/home/62746666
5524 Lindenwood Ave,Saint Louis,63109.0,Single Family Residential,February-27-2026,269900,1318.0,False,204.77996965098635,2.0,1.0,1949.0,4560.0,,38.5933367,-90.2866878,https://www.redfin.com/MO/Saint-Louis/5524-Lindenwood-Ave-63109/home/93782528
5424 Bischoff Ave,Saint Louis,63110.0,Single Family Residential,April-29-2026,250000,939.0,False,266.2406815761448,2.0,1.0,1924.0,4373.0,,38.6150514,-90.2785641,https://www.redfin.com/MO/Saint-Louis/5424-Bischoff-Ave-63110/home/93772170
4630 Idaho Ave,Saint Louis,63111.0,Single Family Residential,May-1-2026,145000,880.0,False,164.77272727272728,2.0,1.0,1910.0,1951.0,,38.5736707,-90.2437475,https://www.redfin.com/MO/Saint-Louis/4630-Idaho-Ave-63111/home/93706674
6714 Bancroft Ave,Saint Louis,63109.0,Single Family Residential,May-14-2026,307000,1404.0,False,218.66096866096865,2.0,1.0,1941.0,4373.0,,38.5927538,-90.3075711,https://www.redfin.com/MO/Saint-Louis/6714-Bancroft-Ave-63109/home/93774164
4659 Tennessee Ave,Saint Louis,63111.0,Single Family Residential,May-15-2026,109000,1215.0,False,89.7119341563786,2.0,1.0,1914.0,4260.0,,38.5749119,-90.2477949,https://www.redfin.com/MO/Saint-Louis/4659-Tennessee-Ave-63111/home/93707145
4649 Louisiana Ave,Saint Louis,63111.0,Single Family Residential,January-30-2026,115000,743.0,False,154.7779273216689,2.0,1.0,1902.0,4260.0,,38.5746378,-90.2465026,https://www.redfin.com/MO/Saint-Louis/4649-Louisiana-Ave-63111/home/93706640
3618 Gasconade St,Saint Louis,63116.0,Single Family Residential,April-8-2026,107000,850.0,False,125.88235294117646,2.0,1.0,1925.0,4865.0,,38.5822996,-90.245298,https://www.redfin.com/MO/Saint-Louis/3618-Gasconade-St-63116/home/93705641
7408 Ray Ave,Saint Louis,63116.0,Single Family Residential,May-5-2026,170000,1575.0,False,107.93650793650794,2.0,1.0,1955.0,4717.0,,38.559994,-90.2793008,https://www.redfin.com/MO/Saint-Louis/7408-Ray-Ave-63116/home/93784867
5632 Devonshire Ave,Saint Louis,63109.0,Single Family Residential,May-7-2026,200000,1000.0,False,200.0,2.0,1.0,1917.0,3750.0,,38.5881731,-90.2893926,https://www.redfin.com/MO/Saint-Louis/5632-Devonshire-Ave-63109/home/93753157
5737 Devonshire Ave,Saint Louis,63109.0,Single Family Residential,February-9-2026,310000,1104.0,False,280.7971014492754,3.0,1.0,1935.0,3750.0,,38.5887819,-90.2915052,https://www.redfin.com/MO/Saint-Louis/5737-Devonshire-Ave-63109/home/62717891
4359 Tholozan Ave,Saint Louis,63116.0,Single Family Residential,May-4-2026,225000,1313.0,False,171.36329017517136,3.0,1.0,1939.0,4159.0,,38.5934902,-90.2649568,https://www.redfin.com/MO/Saint-Louis/4359-Tholozan-Ave-63116/home/93730112
4372 Ellenwood Ave,Saint Louis,63116.0,Single Family Residential,May-6-2026,105000,864.0,False,121.52777777777777,2.0,1.0,1911.0,4586.0,,38.5862094,-90.2683093,https://www.redfin.com/MO/Saint-Louis/4372-Ellenwood-Ave-63116/home/93762066
6818 Salzburger Ave,Saint Louis,63116.0,Single Family Residential,April-30-2026,39500,940.0,False,42.02127659574468,2.0,1.0,1913.0,3598.0,,38.5696024,-90.2817534,https://www.redfin.com/MO/Saint-Louis/6818-Salzburger-Ave-63116/home/93759295
6462 Wanda Ave,Saint Louis,63116.0,Single Family Residential,April-8-2026,99900,1056.0,False,94.60227272727273,2.0,1.0,1923.0,3449.0,,38.5694468,-90.277237,https://www.redfin.com/MO/Saint-Louis/6462-Wanda-Ave-63116/home/93770615
5115 Cologne Ave,Saint Louis,63116.0,Single Family Residential,January-6-2026,169500,820.0,False,206.70731707317074,2.0,1.0,1923.0,3388.0,,38.581312,-90.2738872,https://www.redfin.com/MO/Saint-Louis/5115-Cologne-Ave-63116/home/93763925
6339 Marquette Ave,Saint Louis,63139.0,Single Family Residential,March-20-2026,172500,920.0,False,187.5,2.0,1.0,1927.0,4373.0,,38.6000132,-90.2973208,https://www.redfin.com/MO/Saint-Louis/6339-Marquette-Ave-63139/home/93749113
2020 Ann Ave,Saint Louis,63104.0,Single Family Residential,February-10-2026,270000,1632.0,False,165.44117647058823,3.0,1.0,1915.0,3833.0,,38.6082689,-90.2162604,https://www.redfin.com/MO/Saint-Louis/2020-Ann-Ave-63104/home/93691274
5441 Bates St,Saint Louis,63116.0,Single Family Residential,January-29-2026,175000,1150.0,False,152.17391304347825,2.0,1.0,1924.0,3811.0,,38.5784956,-90.272557,https://www.redfin.com/MO/Saint-Louis/5441-Bates-St-63116/home/93767472
5203 Dewey Ave,Saint Louis,63116.0,Single Family Residential,March-3-2026,125000,900.0,False,138.88888888888889,2.0,1.0,1923.0,4878.0,,38.5731805,-90.2553834,https://www.redfin.com/MO/Saint-Louis/5203-Dewey-Ave-63116/home/93742514
3633 Fillmore St,Saint Louis,63116.0,Single Family Residential,April-28-2026,135000,1196.0,False,112.876254180602,3.0,1.0,1925.0,4900.0,,38.5659113,-90.2581891,https://www.redfin.com/MO/Saint-Louis/3633-Fillmore-St-63116/home/93772404
4981 Pernod Ave,Saint Louis,63139.0,Single Family Residential,April-21-2026,245000,1116.0,False,219.53405017921148,2.0,1.0,1947.0,4085.0,,38.5951095,-90.2755202,https://www.redfin.com/MO/Saint-Louis/4981-Pernod-Ave-63139/home/93776953
1216 Mccausland Ave,Saint Louis,63117.0,Single Family Residential,February-13-2026,222000,1066.0,False,208.25515947467167,3.0,1.0,1920.0,4173.0,,38.6288712,-90.3065089,https://www.redfin.com/MO/Saint-Louis/1216-McCausland-Ave-63117/home/93765628
6743 W Park Ave,Saint Louis,63139.0,Single Family Residential,April-29-2026,44900,1104.0,False,40.67028985507246,2.0,1.0,1908.0,3898.0,,38.6283186,-90.3024215,https://www.redfin.com/MO/Saint-Louis/6743-W-Park-Ave-63139/home/93765752
3349 Macklind Ave,Saint Louis,63139.0,Single Family Residential,May-7-2026,215000,808.0,False,266.08910891089107,2.0,1.0,1926.0,4586.0,,38.5995271,-90.2820483,https://www.redfin.com/MO/Saint-Louis/3349-Macklind-Ave-63139/home/93742830
4333 Ellenwood Ave,Saint Louis,63116.0,Single Family Residential,May-15-2026,165000,1172.0,False,140.78498293515358,2.0,1.0,1912.0,4774.0,,38.5862288,-90.2668641,https://www.redfin.com/MO/Saint-Louis/4333-Ellenwood-Ave-63116/home/93764787
4369 Evans Ave,Saint Louis,63113.0,Single Family Residential,February-13-2026,54900,1788.0,False,30.70469798657718,3.0,2.0,1890.0,2735.0,,38.6553534,-90.2453148,https://www.redfin.com/MO/Saint-Louis/4369-Evans-Ave-63113/home/93718901
3647 Wisconsin Ave,Saint Louis,63118.0,Single Family Residential,March-20-2026,49900,1632.0,False,30.57598039215686,3.0,1.5,1885.0,2848.0,,38.5878287,-90.2221304,https://www.redfin.com/MO/Saint-Louis/3647-Wisconsin-Ave-63118/home/93696919
5474 Queens Ave,Saint Louis,63115.0,Single Family Residential,March-24-2026,40000,1075.0,False,37.2093023255814,3.0,1.0,1922.0,3659.0,,38.6920557,-90.2374304,https://www.redfin.com/MO/Saint-Louis/5474-Queens-Ave-63115/home/62697755
5924 Michigan Ave,Saint Louis,63111.0,Single Family Residential,April-1-2026,44900,1012.0,False,44.36758893280632,3.0,2.0,1962.0,4565.0,,38.5608756,-90.2471084,https://www.redfin.com/MO/Saint-Louis/5924-Michigan-Ave-63111/home/93708988
5379 Wabada Ave,Saint Louis,63112.0,Single Family Residential,January-5-2026,65000,1400.0,False,46.42857142857143,3.0,1.5,1907.0,3123.0,,38.6713395,-90.2671775,https://www.redfin.com/MO/Saint-Louis/5379-Wabada-Ave-63112/home/93738313
4739 Bessie Ct,Saint Louis,63115.0,Single Family Residential,April-17-2026,84500,1851.0,False,45.65099945975149,3.0,1.5,1940.0,2927.0,,38.6797534,-90.2404296,https://www.redfin.com/MO/Saint-Louis/4739-Bessie-Ct-63115/home/93733490
4454 Holly Ave,Saint Louis,63115.0,Single Family Residential,February-24-2026,79900,1716.0,False,46.561771561771565,3.0,1.0,1914.0,4621.0,,38.6771817,-90.2266976,https://www.redfin.com/MO/Saint-Louis/4454-Holly-Ave-63115/home/93714645
3820 Greer Ave,Saint Louis,63107.0,Single Family Residential,April-20-2026,110000,1850.0,False,59.45945945945946,3.0,2.0,1898.0,4138.0,,38.6591012,-90.2239465,https://www.redfin.com/MO/Saint-Louis/3820-Greer-Ave-63107/home/93715936
4543 Michigan Ave,Saint Louis,63111.0,Single Family Residential,April-2-2026,54900,850.0,False,64.58823529411765,1.0,1.0,1910.0,2500.0,,38.5736254,-90.2403073,https://www.redfin.com/MO/Saint-Louis/4543-Michigan-Ave-63111/home/93706187
4552 Ray Ave,Saint Louis,63116.0,Single Family Residential,April-15-2026,85000,1304.0,False,65.1840490797546,2.0,1.5,1905.0,3219.0,,38.5823637,-90.2596016,https://www.redfin.com/MO/Saint-Louis/4552-Ray-Ave-63116/home/93755947
2719 Keokuk St,Saint Louis,63118.0,Single Family Residential,January-12-2026,55000,836.0,False,65.78947368421052,2.0,1.5,1964.0,3092.0,,38.5849118,-90.2304207,https://www.redfin.com/MO/Saint-Louis/2719-Keokuk-St-63118/home/93696287
4045 Walsh St,Saint Louis,63116.0,Single Family Residential,May-1-2026,55635,803.0,False,69.28393524283935,2.0,1.0,1921.0,4373.0,,38.5774271,-90.2627552,https://www.redfin.com/MO/Saint-Louis/4045-Walsh-St-63116/home/93767039
1545 Sells Ave,Saint Louis,63147.0,Single Family Residential,April-23-2026,75000,1075.0,False,69.76744186046511,2.0,1.0,1939.0,3571.0,,38.7159073,-90.2430691,https://www.redfin.com/MO/Saint-Louis/1545-Sells-Ave-63147/home/93732200
3018 Texas Ave,Saint Louis,63118.0,Single Family Residential,April-29-2026,130000,1734.0,False,74.97116493656286,3.0,2.0,1903.0,2539.0,,38.5997216,-90.2251301,https://www.redfin.com/MO/Saint-Louis/3018-Texas-Ave-63118/home/93699066
4540 Nebraska Ave,Saint Louis,63111.0,Single Family Residential,May-6-2026,129900,1712.0,False,75.87616822429906,2.0,2.0,1905.0,2173.0,,38.5732027,-90.2363854,https://www.redfin.com/MO/Saint-Louis/4540-Nebraska-Ave-63111/home/93706549
4610 Penrose St,Saint Louis,63115.0,Single Family Residential,March-19-2026,80000,1053.0,False,75.97340930674264,3.0,1.5,1940.0,4351.0,,38.6772083,-90.2376887,https://www.redfin.com/MO/Saint-Louis/4610-Penrose-St-63115/home/93734190
212 Espenschied St,Saint Louis,63111.0,Single Family Residential,January-22-2026,119900,1562.0,False,76.7605633802817,3.0,1.5,1915.0,2238.0,,38.5418494,-90.2666807,https://www.redfin.com/MO/Saint-Louis/212-Espenschied-St-63111/home/93711574
122 W Courtois St,Saint Louis,63111.0,Single Family Residential,April-3-2026,125000,1625.0,False,76.92307692307692,3.0,2.0,1897.0,2500.0,,38.5463926,-90.2604131,https://www.redfin.com/MO/Saint-Louis/122-W-Courtois-St-63111/home/93711186
4471 Dewey Ave,Saint Louis,63116.0,Single Family Residential,April-10-2026,153000,1831.0,False,83.5608956854178,2.0,1.5,1921.0,4260.0,,38.578651,-90.2507418,https://www.redfin.com/MO/Saint-Louis/4471-Dewey-Ave-63116/home/93730861
831 Hornsby,Saint Louis,63147.0,Single Family Residential,February-10-2026,90000,1008.0,False,89.28571428571429,3.0,1.5,1957.0,4356.0,,38.7186899,-90.2306063,https://www.redfin.com/MO/Saint-Louis/831-Hornsby-Ave-63147/home/93761174
3623 S Spring Ave,Saint Louis,63116.0,Single Family Residential,April-6-2026,105000,1107.0,False,94.8509485094851,3.0,2.0,1923.0,4795.0,,38.5910868,-90.2482959,https://www.redfin.com/MO/Saint-Louis/3623-S-Spring-Ave-63116/home/93766327
4431 Alaska,St Louis,63116.0,Single Family Residential,February-6-2026,109900,1138.0,False,96.57293497363796,3.0,2.0,1899.0,4260.0,,38.5744251,-90.24514692,https://www.redfin.com/MO/St-Louis/4431-Alaska-63116/home/194911825
3515 Itaska St,Saint Louis,63111.0,Single Family Residential,February-18-2026,107500,1104.0,False,97.3731884057971,2.0,2.0,1904.0,2526.0,,38.5738929,-90.2475535,https://www.redfin.com/MO/Saint-Louis/3515-Itaska-St-63111/home/93707165
6418 West Ct,Saint Louis,63116.0,Single Family Residential,January-29-2026,159900,1600.0,False,99.9375,3.0,2.0,1931.0,4281.0,,38.5752026,-90.2825298,https://www.redfin.com/MO/Saint-Louis/6418-West-Ct-63116/home/93779275
7721 Michigan Ave,Saint Louis,63111.0,Single Family Residential,March-31-2026,169900,1658.0,False,102.47285886610373,3.0,2.0,1885.0,3049.0,,38.5482868,-90.2623219,https://www.redfin.com/MO/Saint-Louis/7721-Michigan-Ave-63111/home/93711084
3729 S Spring Ave,Saint Louis,63116.0,Single Family Residential,February-27-2026,120000,1150.0,False,104.34782608695652,2.0,2.0,1915.0,3563.0,,38.5896209,-90.2485557,https://www.redfin.com/MO/Saint-Louis/3729-S-Spring-Ave-63116/home/93766361
3641 Hebert St,Saint Louis,63107.0,Single Family Residential,February-10-2026,107000,967.0,False,110.65149948293691,2.0,1.0,1908.0,4051.0,,38.6600445,-90.2194342,https://www.redfin.com/MO/Saint-Louis/3641-Hebert-St-63107/home/93702075
4823 Terrace Ave,Saint Louis,63116.0,Single Family Residential,February-2-2026,154000,1300.0,False,118.46153846153847,2.0,2.0,1908.0,3750.0,,38.5779667,-90.2791109,https://www.redfin.com/MO/Saint-Louis/4823-Terrace-Ave-63116/home/93759241
7725 Ivory Ave,Saint Louis,63111.0,Single Family Residential,April-29-2026,150000,1275.0,False,117.6470588235294,3.0,1.5,1893.0,2212.0,,38.5488523,-90.2634867,https://www.redfin.com/MO/Saint-Louis/7725-Ivory-Ave-63111/home/62750546
4762 Hamburg Ave,Saint Louis,63123.0,Single Family Residential,March-30-2026,99000,816.0,False,121.32352941176471,1.0,1.0,1928.0,3841.0,,38.5603608,-90.2938889,https://www.redfin.com/MO/Saint-Louis/4762-Hamburg-Ave-63123/home/93759443
3125 Michigan Ave,Saint Louis,63118.0,Single Family Residential,May-15-2026,179500,1428.0,False,125.70028011204482,2.0,2.0,1911.0,3497.0,,38.6008212,-90.2346444,https://www.redfin.com/MO/Saint-Louis/3125-Michigan-Ave-63118/home/93692807
5741 Itaska St,Saint Louis,63109.0,Single Family Residential,February-20-2026,349900,1072.0,False,326.39925373134326,3.0,2.0,1976.0,3750.0,,38.5851972,-90.2916947,https://www.redfin.com/MO/Saint-Louis/5741-Itaska-St-63109/home/93767952
5923 Scanlan Ave,Saint Louis,63139.0,Single Family Residential,March-5-2026,240000,816.0,False,294.11764705882354,2.0,2.0,1940.0,4621.0,,38.6045342,-90.2892174,https://www.redfin.com/MO/Saint-Louis/5923-Scanlan-Ave-63139/home/93775802
5447 Eichelberger St,Saint Louis,63109.0,Single Family Residential,April-30-2026,269900,931.0,False,289.9033297529538,2.0,2.0,1929.0,3628.0,,38.5819992,-90.2868968,https://www.redfin.com/MO/Saint-Louis/5447-Eichelberger-St-63109/home/62744530
4404 Taft Ave,Saint Louis,63116.0,Single Family Residential,May-1-2026,239900,884.0,False,271.38009049773757,2.0,2.0,1922.0,3898.0,,38.5871333,-90.268394,https://www.redfin.com/MO/Saint-Louis/4404-Taft-Ave-63116/home/93764695
4140 Cleveland Ave,Saint Louis,63110.0,Single Family Residential,April-15-2026,375000,1408.0,False,266.33522727272725,3.0,1.5,1908.0,3075.0,,38.6114157,-90.2528978,https://www.redfin.com/MO/Saint-Louis/4140-Cleveland-Ave-63110/home/62728310
3953 Eiler St,Saint Louis,63116.0,Single Family Residential,April-7-2026,234500,888.0,False,264.0765765765766,2.0,2.0,1935.0,3759.0,,38.5737659,-90.2612111,https://www.redfin.com/MO/Saint-Louis/3953-Eiler-St-63116/home/93770156
3445 Ivanhoe Ave,Saint Louis,63139.0,Single Family Residential,May-11-2026,252000,975.0,False,258.46153846153845,3.0,1.5,1963.0,4003.0,,38.6009069,-90.3046531,https://www.redfin.com/MO/Saint-Louis/3445-Ivanhoe-Ave-63139/home/93743437
5456 Pernod Ave,Saint Louis,63139.0,Single Family Residential,March-6-2026,265000,1038.0,False,255.2986512524085,2.0,2.0,1932.0,3571.0,,38.5955841,-90.2838227,https://www.redfin.com/MO/Saint-Louis/5456-Pernod-Ave-63139/home/93782048
5129 Cologne Ave,Saint Louis,63116.0,Single Family Residential,January-29-2026,194400,776.0,False,250.51546391752578,3.0,2.0,1911.0,3388.0,,38.5809129,-90.2738615,https://www.redfin.com/MO/Saint-Louis/5129-Cologne-Ave-63116/home/62730257
6817 W Park Ave,Saint Louis,63139.0,Single Family Residential,April-24-2026,190000,816.0,False,232.84313725490196,1.0,1.5,1923.0,3898.0,,38.6285508,-90.3040079,https://www.redfin.com/MO/Saint-Louis/6817-W-Park-Ave-63139/home/93765625
4000 Steffens Ave,Saint Louis,63116.0,Single Family Residential,January-15-2026,210000,907.0,False,231.53252480705623,2.0,2.0,1965.0,4016.0,,38.5816459,-90.2581729,https://www.redfin.com/MO/Saint-Louis/4000-Steffens-Ave-63116/home/93785705
6170 Mcpherson Ave,Saint Louis,63112.0,Single Family Residential,May-5-2026,439000,1920.0,False,228.64583333333334,3.0,1.5,1908.0,,,38.6515582,-90.2993031,https://www.redfin.com/MO/Saint-Louis/6170-McPherson-Ave-63112/home/77510184
6758 Wise Ave,Saint Louis,63139.0,Single Family Residential,April-3-2026,225000,981.0,False,229.3577981651376,3.0,2.0,1919.0,3898.0,,38.6289081,-90.3028434,https://www.redfin.com/MO/Saint-Louis/6758-Wise-Ave-63139/home/62694448
6815 Wise Ave,Saint Louis,63139.0,Single Family Residential,March-20-2026,300000,1320.0,False,227.27272727272728,3.0,1.5,1891.0,3092.0,,38.6293738,-90.3039142,https://www.redfin.com/MO/Saint-Louis/6815-Wise-Ave-63139/home/93759932
6732 Sutherland Ave,Saint Louis,63109.0,Single Family Residential,April-3-2026,299999,1325.0,False,226.4143396226415,2.0,1.5,1941.0,4146.0,,38.5919178,-90.3083459,https://www.redfin.com/MO/Saint-Louis/6732-Sutherland-Ave-63109/home/93774252
5747 Lansdowne Ave,Saint Louis,63109.0,Single Family Residential,March-30-2026,250000,1104.0,False,226.44927536231884,2.0,2.0,1965.0,4247.0,,38.589713,-90.2916811,https://www.redfin.com/MO/Saint-Louis/5747-Lansdowne-Ave-63109/home/93752710
2138 Knox Ave,Saint Louis,63139.0,Single Family Residential,May-11-2026,204000,912.0,False,223.68421052631578,3.0,2.0,1961.0,3419.0,,38.6167757,-90.2900515,https://www.redfin.com/MO/Saint-Louis/2138-Knox-Ave-63139/home/93761520
4242 Laclede Ave #203,Saint Louis,63108.0,Townhouse,February-5-2026,289000,1305.0,False,221.455938697318,2.0,2.0,1906.0,,,38.6377216,-90.2513697,https://www.redfin.com/MO/Saint-Louis/4242-Laclede-Ave-63108/unit-203/home/62769047
6925 Wanda Ct,Saint Louis,63116.0,Single Family Residential,January-14-2026,249900,1144.0,False,218.44405594405595,2.0,2.0,1960.0,4861.0,,38.5663045,-90.2803894,https://www.redfin.com/MO/Saint-Louis/6925-Wanda-Ct-63116/home/93784379
6709 Lansdowne Ave,Saint Louis,63109.0,Single Family Residential,March-13-2026,309900,1419.0,False,218.39323467230443,2.0,2.0,1945.0,4199.0,,38.591394,-90.3076778,https://www.redfin.com/MO/Saint-Louis/6709-Lansdowne-Ave-63109/home/93774225
3832 Connecticut St,Saint Louis,63116.0,Single Family Residential,May-15-2026,359900,1680.0,False,214.22619047619048,3.0,1.5,1910.0,3811.0,,38.6003401,-90.2478024,https://www.redfin.com/MO/Saint-Louis/3832-Connecticut-St-63116/home/62712114
5730 Pernod Ave,Saint Louis,63139.0,Single Family Residential,March-17-2026,350000,1638.0,False,213.67521367521368,3.0,1.5,1939.0,3611.0,,38.5962189,-90.2900164,https://www.redfin.com/MO/Saint-Louis/5730-Pernod-Ave-63139/home/62722488
4271 Russell Blvd,Saint Louis,63110.0,Townhouse,March-25-2026,369000,1742.0,False,211.82548794489094,3.0,2.0,1906.0,1829.0,,38.6151738,-90.2563662,https://www.redfin.com/MO/Saint-Louis/4271-Russell-Blvd-63110/home/93674346
5907 Leona St,Saint Louis,63116.0,Single Family Residential,February-6-2026,249999,1200.0,False,208.3325,2.0,2.0,1928.0,3750.0,,38.5711795,-90.2665092,https://www.redfin.com/MO/Saint-Louis/5907-Leona-St-63116/home/93770873
2421 S 13th St,Saint Louis,63104.0,Single Family Residential,December-16-2025,200000,1690.0,False,118.34319526627219,3.0,1.5,1887.0,2922.0,,38.6037656,-90.2130919,https://www.redfin.com/MO/Saint-Louis/2421-S-13th-St-63104/home/93686686
5818 Rhodes Ave,Saint Louis,63109.0,Single Family Residential,July-2-2025,215000,915.0,False,234.97267759562843,2.0,1.0,1942.0,5314.0,,38.5789347,-90.2948181,https://www.redfin.com/MO/Saint-Louis/5818-Rhodes-Ave-63109/home/93777685
14 Columbus Square Dr,Saint Louis,63101.0,Townhouse,August-22-2025,170000,1380.0,False,123.18840579710145,2.0,2.5,1985.0,2321.0,,38.636347,-90.192534,https://www.redfin.com/MO/Saint-Louis/14-Columbus-Square-Dr-63101/home/93684918
4068 Toenges Ave,Saint Louis,63116.0,Single Family Residential,October-2-2025,320000,1730.0,False,184.97109826589596,3.0,1.5,1929.0,5248.0,,38.5672603,-90.2716963,https://www.redfin.com/MO/Saint-Louis/4068-Toenges-Ave-63116/home/92224175
4164 Kettler Rd,Saint Louis,63123.0,Single Family Residential,July-24-2025,224900,2180.0,False,103.1651376146789,3.0,1.5,1955.0,4931.0,,38.5555138,-90.2866914,https://www.redfin.com/MO/Saint-Louis/4164-Kettler-Rd-63123/home/62737512
5157 Eichelberger St,Saint Louis,63109.0,Single Family Residential,July-16-2025,165000,864.0,False,190.97222222222223,1.0,1.0,1929.0,3484.0,,38.5816648,-90.2837825,https://www.redfin.com/MO/Saint-Louis/5157-Eichelberger-St-63109/home/93767755
5441 Nottingham Ave,Saint Louis,63109.0,Single Family Residential,September-25-2025,215000,832.0,False,258.41346153846155,1.0,1.5,1921.0,3751.0,,38.5863527,-90.2859064,https://www.redfin.com/MO/Saint-Louis/5441-Nottingham-Ave-63109/home/87279943
3436 Mckean Ave,Saint Louis,63118.0,Single Family Residential,December-4-2025,140000,2310.0,False,60.60606060606061,0.0,2.0,1905.0,3811.0,,38.5959709,-90.2411086,https://www.redfin.com/MO/Saint-Louis/3436-McKean-Ave-63118/home/93693082
4028 Quincy St,Saint Louis,63116.0,Single Family Residential,October-23-2025,250000,1468.0,False,170.29972752043597,2.0,2.0,1926.0,4199.0,,38.5628384,-90.2733204,https://www.redfin.com/MO/Saint-Louis/4028-Quincy-St-63116/home/93777719
532 Fassen,Saint Louis,63111.0,Single Family Residential,September-16-2025,145000,1112.0,False,130.3956834532374,3.0,2.0,1907.0,3484.0,,38.5659002,-90.2470816,https://www.redfin.com/MO/Saint-Louis/532-Fassen-St-63111/home/69444307
3400 Humphrey St,Saint Louis,63118.0,Single Family Residential,October-20-2025,299000,1722.0,False,173.63530778164923,3.0,2.5,1906.0,3811.0,,38.597516,-90.2388084,https://www.redfin.com/MO/Saint-Louis/3400-Humphrey-St-63118/home/93693356
2235 Edwards St,Saint Louis,63110.0,Single Family Residential,November-17-2025,255000,935.0,False,272.72727272727275,2.0,2.0,1921.0,4748.0,,38.6138498,-90.2757501,https://www.redfin.com/MO/Saint-Louis/2235-Edwards-St-63110/home/93727470
6326 Juniata St,Saint Louis,63139.0,Single Family Residential,September-17-2025,230000,1331.0,False,172.80240420736288,2.0,1.0,1928.0,4373.0,,38.6066229,-90.2958877,https://www.redfin.com/MO/Saint-Louis/6326-Juniata-St-63139/home/93741718
3712 Juniata St,Saint Louis,63116.0,Single Family Residential,September-25-2025,300000,1921.0,False,156.16866215512755,5.0,1.5,1905.0,4443.0,,38.6010166,-90.2454506,https://www.redfin.com/MO/Saint-Louis/3712-Juniata-St-63116/home/93699760
2613 Arkansas Ave,Saint Louis,63118.0,Single Family Residential,October-6-2025,475000,2500.0,False,190.0,3.0,2.5,1899.0,,,38.6073505,-90.2392028,https://www.redfin.com/MO/Saint-Louis/2613-Arkansas-Ave-63118/home/93692259
5974 Park Ln,Saint Louis,63147.0,Single Family Residential,December-9-2025,55000,1008.0,False,54.56349206349206,3.0,1.5,1941.0,3449.0,,38.7131946,-90.2480557,https://www.redfin.com/MO/Saint-Louis/5974-Park-Ln-63147/home/93770493
3221 Ivanhoe,St. Louis,63139.0,Single Family Residential,October-28-2025,325000,1625.0,False,200.0,1.0,1.0,1925.0,3750.0,,38.6051552,-90.3040101,https://www.redfin.com/MO/St-Louis/3221-Ivanhoe-Ave-63139/home/198198927
6631 Pernod Ave,Saint Louis,63139.0,Single Family Residential,November-18-2025,425000,1620.0,False,262.34567901234567,3.0,2.5,1947.0,6616.0,,38.5981795,-90.3048721,https://www.redfin.com/MO/Saint-Louis/6631-Pernod-Ave-63139/home/62757044
5319 Daggett Ave,Saint Louis,63110.0,Single Family Residential,August-28-2025,225000,1216.0,False,185.0328947368421,3.0,1.0,1904.0,4251.0,,38.6173552,-90.2755179,https://www.redfin.com/MO/Saint-Louis/5319-Daggett-Ave-63110/home/93726891
4941 Delor St,Saint Louis,63109.0,Single Family Residential,September-3-2025,249900,1000.0,False,249.9,2.0,1.0,1923.0,,,38.5829379,-90.2795123,https://www.redfin.com/MO/Saint-Louis/4941-Delor-St-63109/home/93766864
2415 Menard St,Saint Louis,63104.0,Single Family Residential,November-3-2025,360000,2412.0,False,149.2537313432836,3.0,2.0,1890.0,3319.0,,38.6029911,-90.209643,https://www.redfin.com/MO/Saint-Louis/2415-Menard-St-63104/home/93686791
2816 Oregon Ave,Saint Louis,63118.0,Single Family Residential,August-18-2025,335000,2200.0,False,152.27272727272728,3.0,2.5,1894.0,4826.0,,38.6035236,-90.2289891,https://www.redfin.com/MO/Saint-Louis/2816-Oregon-Ave-63118/home/62769364
5710 Walsh St,Saint Louis,63109.0,Single Family Residential,August-28-2025,249900,1056.0,False,236.64772727272728,2.0,1.0,1937.0,,,38.5829719,-90.2915579,https://www.redfin.com/MO/Saint-Louis/5710-Walsh-St-63109/home/93768205
6425 Alabama Ave,Saint Louis,63111.0,Single Family Residential,July-25-2025,75000,760.0,False,98.6842105263158,1.0,1.0,1954.0,3484.0,,38.5589781,-90.2547527,https://www.redfin.com/MO/Saint-Louis/6425-Alabama-Ave-63111/home/93709380
5733 Tholozan,Saint Louis,63109.0,Single Family Residential,July-24-2025,279900,1104.0,False,253.5326086956522,2.0,1.0,1939.0,3600.0,,38.5957866,-90.2900997,https://www.redfin.com/MO/Saint-Louis/5733-Tholozan-Ave-63109/home/93781059
5701 Goethe Ave,Saint Louis,63109.0,Single Family Residential,September-3-2025,405000,2218.0,False,182.59693417493236,4.0,2.0,1935.0,4321.0,,38.5806997,-90.291445,https://www.redfin.com/MO/Saint-Louis/5701-Goethe-Ave-63109/home/93779181
6388 Smiley Ave,Saint Louis,63139.0,Single Family Residential,September-9-2025,250000,981.0,False,254.841997961264,2.0,1.0,1929.0,7448.0,,38.6057674,-90.296063,https://www.redfin.com/MO/Saint-Louis/6388-Smiley-Ave-63139/home/93741709
6719 Nashville Ave,Saint Louis,63139.0,Single Family Residential,November-19-2025,185000,792.0,False,233.58585858585857,2.0,1.0,1946.0,4146.0,,38.627626,-90.3017261,https://www.redfin.com/MO/Saint-Louis/6719-Nashville-Ave-63139/home/93765597
2912 Virginia Ave,Saint Louis,63118.0,Single Family Residential,September-16-2025,120000,906.0,False,132.4503311258278,1.0,1.0,1890.0,3123.0,,38.6034361,-90.2359957,https://www.redfin.com/MO/Saint-Louis/2912-Virginia-Ave-63118/home/93692621
4462 Wilcox Ave,Saint Louis,63116.0,Single Family Residential,July-7-2025,219900,1173.0,False,187.4680306905371,2.0,1.5,1910.0,4996.0,,38.5817466,-90.2724399,https://www.redfin.com/MO/Saint-Louis/4462-Wilcox-Ave-63116/home/93761689
7813 Decatur Dr,Saint Louis,63123.0,Single Family Residential,December-23-2025,225000,1202.0,False,187.18801996672212,2.0,2.0,1950.0,5998.0,,38.5548465,-90.2794723,https://www.redfin.com/MO/Saint-Louis/7813-Decatur-Dr-63123/home/93784755
6605 Morganford Rd,Saint Louis,63116.0,Single Family Residential,September-30-2025,199000,1145.0,False,173.7991266375546,2.0,1.5,1923.0,4024.0,,38.5680727,-90.2756225,https://www.redfin.com/MO/Saint-Louis/6605-Morganford-Rd-63116/home/93771795
5636 Leona,Saint Louis,63116.0,Single Family Residential,July-30-2025,229000,1000.0,False,229.0,2.0,1.0,1925.0,,,38.5724633,-90.2649222,https://www.redfin.com/MO/Saint-Louis/5636-Leona-St-63116/home/93774786
4317 Duke St,Saint Louis,63116.0,Single Family Residential,September-19-2025,145000,903.0,False,160.57585825027687,2.0,1.0,1912.0,6098.0,,38.5804775,-90.2692376,https://www.redfin.com/MO/Saint-Louis/4317-Duke-St-63116/home/93765092
5670 Pernod Ave,Saint Louis,63139.0,Single Family Residential,July-11-2025,279900,1360.0,False,205.80882352941177,2.0,2.0,1953.0,4199.0,,38.5960057,-90.2878606,https://www.redfin.com/MO/Saint-Louis/5670-Pernod-Ave-63139/home/93781945
6627 Arsenal St,Saint Louis,63139.0,Single Family Residential,November-21-2025,176900,1207.0,False,146.56172328086163,2.0,1.0,1923.0,4878.0,,38.6084703,-90.3021809,https://www.redfin.com/MO/Saint-Louis/6627-Arsenal-St-63139/home/93741831
4333 Schirmer St,Saint Louis,63116.0,Single Family Residential,August-26-2025,162500,864.0,False,188.0787037037037,2.0,1.5,1950.0,,,38.5617991,-90.2832017,https://www.redfin.com/MO/Saint-Louis/4333-Schirmer-St-63116/home/93783775
3749 Roswell Ave,Saint Louis,63116.0,Single Family Residential,October-24-2025,147000,768.0,False,191.40625,2.0,1.0,1952.0,5715.0,,38.5587226,-90.268506,https://www.redfin.com/MO/Saint-Louis/3749-Roswell-Ave-63116/home/93711986
7015 Marquette Ave,Saint Louis,63139.0,Single Family Residential,October-6-2025,349900,2410.0,False,145.18672199170123,3.0,3.0,1921.0,8298.0,,38.6009546,-90.3117022,https://www.redfin.com/MO/Saint-Louis/7015-Marquette-Ave-63139/home/93743475
4108 Haven St,Saint Louis,63116.0,Single Family Residential,August-13-2025,255000,1927.0,False,132.33004670472238,2.0,2.0,1952.0,6054.0,,38.5664377,-90.2743075,https://www.redfin.com/MO/Saint-Louis/4108-Haven-St-63116/home/93778183
5441 Reber Pl,Saint Louis,63139.0,Single Family Residential,September-11-2025,329900,1453.0,False,227.0474879559532,4.0,2.0,1894.0,,,38.609018,-90.2803003,https://www.redfin.com/MO/Saint-Louis/5441-Reber-Pl-63139/home/93727326
6624 Neosho,Saint Louis,63109.0,Single Family Residential,July-15-2025,529900,2586.0,False,204.91105955143078,3.0,2.5,1949.0,,,38.5871589,-90.3071439,https://www.redfin.com/MO/Saint-Louis/6624-Neosho-St-63109/home/62768312
6457 Lloyd Ave,Saint Louis,63139.0,Single Family Residential,July-24-2025,229900,900.0,False,255.44444444444446,2.0,2.0,1958.0,,,38.6240351,-90.295779,https://www.redfin.com/MO/Saint-Louis/6457-Lloyd-Ave-63139/home/93740819
4477 Itaska St,Saint Louis,63116.0,Single Family Residential,October-16-2025,125000,1144.0,False,109.26573426573427,2.0,1.0,1925.0,3750.0,,38.5846491,-90.2719048,https://www.redfin.com/MO/Saint-Louis/4477-Itaska-St-63116/home/62691956
4642 Steffens Ave,Saint Louis,63116.0,Single Family Residential,October-23-2025,150000,988.0,False,151.82186234817814,2.0,2.0,1925.0,4159.0,,38.5804215,-90.2600421,https://www.redfin.com/MO/Saint-Louis/4642-Steffens-Ave-63116/home/93767187
4417 Shaw Blvd,Saint Louis,63110.0,Single Family Residential,November-20-2025,299900,1542.0,False,194.48767833981842,3.0,2.0,1919.0,3876.0,,38.6171417,-90.2590573,https://www.redfin.com/MO/Saint-Louis/4417-Shaw-Blvd-63110/home/93767508
3219 Regal Pl,Saint Louis,63139.0,Single Family Residential,August-28-2025,374900,2640.0,False,142.00757575757575,4.0,3.0,2015.0,6499.0,,38.6033107,-90.2842316,https://www.redfin.com/MO/Saint-Louis/3219-Regal-Pl-63139/home/143286862
4119 Haven St,Saint Louis,63116.0,Single Family Residential,July-24-2025,274900,1188.0,False,231.3973063973064,2.0,2.0,1928.0,4495.0,,38.5669082,-90.2743551,https://www.redfin.com/MO/Saint-Louis/4119-Haven-St-63116/home/62691743
6811 Marquette Ave,Saint Louis,63139.0,Single Family Residential,November-14-2025,265000,1552.0,False,170.74742268041237,2.0,2.0,1921.0,7849.0,,38.6004619,-90.3067645,https://www.redfin.com/MO/Saint-Louis/6811-Marquette-Ave-63139/home/93743425
6421 Hancock Ave,Saint Louis,63139.0,Single Family Residential,October-10-2025,183000,888.0,False,206.0810810810811,1.0,1.0,1932.0,6250.0,,38.6010171,-90.2981679,https://www.redfin.com/MO/Saint-Louis/6421-Hancock-Ave-63139/home/93743265
1503 Cutter Ave,Saint Louis,63139.0,Single Family Residential,October-14-2025,485000,2500.0,False,194.0,4.0,3.0,1931.0,4390.0,,38.624962,-90.3062015,https://www.redfin.com/MO/Saint-Louis/1503-Cutter-Ave-63139/home/93672436
3634 Childress Ave,Saint Louis,63109.0,Single Family Residential,October-17-2025,550000,2644.0,False,208.01815431164903,4.0,3.0,1927.0,6621.0,,38.5963593,-90.2994133,https://www.redfin.com/MO/Saint-Louis/3634-Childress-Ave-63109/home/93778339
6331 Henry Ave,Saint Louis,63116.0,Single Family Residential,August-26-2025,239900,1312.0,False,182.85060975609755,3.0,2.0,1906.0,5445.0,,38.5753915,-90.2816501,https://www.redfin.com/MO/Saint-Louis/6331-Henry-Ave-63116/home/93756828
4133 Lafayette Ave,Saint Louis,63110.0,Single Family Residential,July-23-2025,475000,2130.0,False,223.00469483568074,3.0,2.5,2022.0,5201.0,,38.6184828,-90.2515347,https://www.redfin.com/MO/Saint-Louis/4133-Lafayette-Ave-63110/home/93760825
3627 Louisiana Ave,Saint Louis,63118.0,Single Family Residential,August-21-2025,85000,1602.0,False,53.05867665418227,2.0,1.0,1908.0,3136.0,,38.5906682,-90.2403364,https://www.redfin.com/MO/Saint-Louis/3627-Louisiana-Ave-63118/home/93695220
6921 Blow,Crystal City,63019.0,Single Family Residential,July-3-2025,225000,1112.0,False,202.33812949640287,2.0,1.0,1938.0,4552.0,,38.57329681,-90.29393575,https://www.redfin.com/MO/Crystal-City/6921-Blow-63019/home/196000074
5261 Fairview Ave,Saint Louis,63139.0,Single Family Residential,September-30-2025,190000,784.0,False,242.3469387755102,2.0,1.0,1949.0,5118.0,,38.5990471,-90.2797429,https://www.redfin.com/MO/Saint-Louis/5261-Fairview-Ave-63139/home/62769464
4177 Walsh St,Saint Louis,63116.0,Single Family Residential,October-31-2025,159900,1058.0,False,151.13421550094517,2.0,1.0,1916.0,3750.0,,38.5787805,-90.2652807,https://www.redfin.com/MO/Saint-Louis/4177-Walsh-St-63116/home/93767022
3651 Blaine Ave,Saint Louis,63110.0,Single Family Residential,August-18-2025,325000,1748.0,False,185.92677345537757,3.0,1.5,1913.0,5118.0,,38.6193435,-90.2408338,https://www.redfin.com/MO/Saint-Louis/3651-Blaine-Ave-63110/home/93700364
7059 Sutherland Ave,Saint Louis,63109.0,Single Family Residential,July-31-2025,319000,1516.0,False,210.4221635883905,3.0,2.0,1927.0,4375.0,,38.5929758,-90.3147918,https://www.redfin.com/MO/Saint-Louis/7059-Sutherland-Ave-63109/home/93774599
1033 Fairmount Ave,Saint Louis,63139.0,Single Family Residential,September-25-2025,255000,1756.0,False,145.21640091116174,2.0,1.0,1916.0,,,38.6310262,-90.2980028,https://www.redfin.com/MO/Saint-Louis/1033-Fairmount-Ave-63139/home/62758934
5341 Lindenwood Ave,Saint Louis,63109.0,Single Family Residential,July-22-2025,279900,1104.0,False,253.5326086956522,2.0,2.0,1935.0,392.0,,38.593312,-90.2826167,https://www.redfin.com/MO/Saint-Louis/5341-Lindenwood-Ave-63109/home/93781777
6308 Lansdowne Ave,Saint Louis,63109.0,Single Family Residential,August-15-2025,415000,2138.0,False,194.1066417212348,4.0,2.0,1947.0,6499.0,,38.5898697,-90.2975675,https://www.redfin.com/MO/Saint-Louis/6308-Lansdowne-Ave-63109/home/62733221
4504 Eichelberger St,Saint Louis,63116.0,Single Family Residential,July-28-2025,197000,1388.0,False,141.93083573487033,2.0,1.5,1962.0,3598.0,,38.5795132,-90.271543,https://www.redfin.com/MO/Saint-Louis/4504-Eichelberger-St-63116/home/93767609
5041 Rhodes Ave,Saint Louis,63109.0,Single Family Residential,October-15-2025,299000,1306.0,False,228.94333843797855,3.0,2.0,1925.0,4234.0,,38.5782399,-90.2840766,https://www.redfin.com/MO/Saint-Louis/5041-Rhodes-Ave-63109/home/93771240
5091 Milentz Ave,Saint Louis,63109.0,Single Family Residential,December-29-2025,349500,1611.0,False,216.9459962756052,4.0,3.0,1925.0,9626.0,,38.5792225,-90.2854023,https://www.redfin.com/MO/Saint-Louis/5091-Milentz-Ave-63109/home/93771218
4258 Hartford St,Saint Louis,63116.0,Single Family Residential,July-9-2025,499999,2127.0,False,235.07240244475787,3.0,3.5,1898.0,5346.0,,38.6033231,-90.2602312,https://www.redfin.com/MO/Saint-Louis/4258-Hartford-St-63116/home/93749891
5000 Plover Ave,Saint Louis,63120.0,Single Family Residential,October-17-2025,34900,882.0,False,39.569160997732425,2.0,1.0,1952.0,4138.0,,38.6967083,-90.2535513,https://www.redfin.com/MO/Saint-Louis/5000-Plover-Ave-63120/home/93759738
2926 Salena St,Saint Louis,63118.0,Single Family Residential,October-7-2025,387000,2504.0,False,154.55271565495207,3.0,3.0,1900.0,3868.0,,38.5985995,-90.2182912,https://www.redfin.com/MO/Saint-Louis/2926-Salena-St-63118/home/93698920
6312 Bradley Ave,Saint Louis,63139.0,Single Family Residential,July-31-2025,220000,940.0,False,234.04255319148936,3.0,2.0,1948.0,3750.0,,38.6030853,-90.295923,https://www.redfin.com/MO/Saint-Louis/6312-Bradley-Ave-63139/home/93776324
4023 Walsh St,Saint Louis,63116.0,Single Family Residential,August-29-2025,175000,988.0,False,177.1255060728745,2.0,1.0,1926.0,3877.0,,38.5770196,-90.2619369,https://www.redfin.com/MO/Saint-Louis/4023-Walsh-St-63116/home/93777268
5300 Loughborough Ave,Saint Louis,63109.0,Single Family Residential,November-24-2025,230000,1344.0,False,171.13095238095238,3.0,1.0,1925.0,4617.0,,38.5726009,-90.289943,https://www.redfin.com/MO/Saint-Louis/5300-Loughborough-Ave-63109/home/62739203
6444 Murdoch Ave,Saint Louis,63109.0,Single Family Residential,July-3-2025,499900,1989.0,False,251.33232780291604,4.0,2.5,1953.0,4552.0,,38.5884992,-90.3021611,https://www.redfin.com/MO/Saint-Louis/6444-Murdoch-Ave-63109/home/93779853
5529 Murdoch Ave,Saint Louis,63109.0,Single Family Residential,December-16-2025,250000,1669.0,False,149.79029358897543,2.0,2.0,1937.0,3750.0,,38.5874511,-90.2875574,https://www.redfin.com/MO/Saint-Louis/5529-Murdoch-Ave-63109/home/93753275
4543 Varrelmann Ave,Saint Louis,63116.0,Single Family Residential,December-30-2025,149000,1176.0,False,126.70068027210884,3.0,2.0,1922.0,3219.0,,38.584189,-90.2622793,https://www.redfin.com/MO/Saint-Louis/4543-Varrelmann-Ave-63116/home/93756280
3521 Arsenal St,Saint Louis,63118.0,Single Family Residential,August-22-2025,400000,2416.0,False,165.56291390728478,4.0,2.5,1908.0,4007.0,,38.6027084,-90.2407719,https://www.redfin.com/MO/Saint-Louis/3521-Arsenal-St-63118/home/93692712
5225 Dewey Ave,Saint Louis,63116.0,Single Family Residential,July-25-2025,165000,1250.0,False,132.0,2.0,1.0,1931.0,4970.0,,38.5726655,-90.2557708,https://www.redfin.com/MO/Saint-Louis/5225-Dewey-Ave-63116/home/93742609
3904 Louis St,Saint Louis,63116.0,Single Family Residential,October-20-2025,220000,1026.0,False,214.42495126705654,3.0,2.0,1959.0,5501.0,,38.5574186,-90.2755583,https://www.redfin.com/MO/Saint-Louis/3904-Louis-St-63116/home/93785288
5233 Parker Ave,Saint Louis,63139.0,Single Family Residential,December-29-2025,235000,1302.0,False,180.4915514592934,2.0,2.0,1950.0,6669.0,,38.5998651,-90.2785885,https://www.redfin.com/MO/Saint-Louis/5233-Parker-Ave-63139/home/93742676
5234 Wilson Ave,Saint Louis,63110.0,Single Family Residential,November-17-2025,250000,1105.0,False,226.2443438914027,2.0,2.0,1888.0,4051.0,,38.6156655,-90.2742025,https://www.redfin.com/MO/Saint-Louis/5234-Wilson-Ave-63110/home/93727661
3541 Tennessee Ave,Saint Louis,63118.0,Single Family Residential,August-12-2025,215000,2110.0,False,101.89573459715639,3.0,2.0,1914.0,3123.0,,38.5921475,-90.2411595,https://www.redfin.com/MO/Saint-Louis/3541-Tennessee-Ave-63118/home/93695426
5533 Murdoch Ave,Saint Louis,63109.0,Single Family Residential,July-29-2025,230000,1044.0,False,220.3065134099617,2.0,1.0,1936.0,3750.0,,38.5874749,-90.2876527,https://www.redfin.com/MO/Saint-Louis/5533-Murdoch-Ave-63109/home/93753276
6203 Wade Ave,Saint Louis,63139.0,Single Family Residential,July-28-2025,365000,1275.0,False,286.27450980392155,3.0,2.0,1929.0,4552.0,,38.6248912,-90.290674,https://www.redfin.com/MO/Saint-Louis/6203-Wade-Ave-63139/home/93726346
6210 Reber Pl,Saint Louis,63139.0,Single Family Residential,August-1-2025,249900,936.0,False,266.9871794871795,2.0,1.0,1923.0,3663.0,,38.610839,-90.2930778,https://www.redfin.com/MO/Saint-Louis/6210-Reber-Pl-63139/home/93754695
4035 S Grand Blvd,Saint Louis,63118.0,Single Family Residential,September-12-2025,79000,2218.0,False,35.617673579801625,4.0,2.0,1924.0,,,38.5837635,-90.2450392,https://www.redfin.com/MO/Saint-Louis/4035-S-Grand-Blvd-63118/home/93704444
7808 Wanda Ave,Saint Louis,63123.0,Single Family Residential,September-29-2025,137000,864.0,False,158.5648148148148,3.0,1.0,1952.0,5248.0,,38.5595576,-90.2853593,https://www.redfin.com/MO/Saint-Louis/7808-Wanda-Ave-63123/home/62756526
5411 Pernod Ave,Saint Louis,63139.0,Single Family Residential,December-31-2025,299900,2088.0,False,143.6302681992337,4.0,2.0,1939.0,4591.0,,38.5958137,-90.2819094,https://www.redfin.com/MO/Saint-Louis/5411-Pernod-Ave-63139/home/93742325
7052 Tholozan Ave,Saint Louis,63109.0,Single Family Residential,August-6-2025,299900,1488.0,False,201.54569892473117,3.0,2.0,1925.0,7501.0,,38.5976748,-90.3137332,https://www.redfin.com/MO/Saint-Louis/7052-Tholozan-Ave-63109/home/93747886
5642 Winona Ave,Saint Louis,63109.0,Single Family Residential,October-2-2025,285000,1793.0,False,158.9514779698829,3.0,1.5,1948.0,4791.0,,38.5917441,-90.2891077,https://www.redfin.com/MO/Saint-Louis/5642-Winona-Ave-63109/home/62734706
4716 Alexander St,Saint Louis,63116.0,Single Family Residential,September-17-2025,214900,1693.0,False,126.93443591258122,3.0,2.0,1928.0,,,38.5790253,-90.2599956,https://www.redfin.com/MO/Saint-Louis/4716-Alexander-St-63116/home/93750205
1537 Vail Pl,Saint Louis,63104.0,Townhouse,July-21-2025,590000,2800.0,False,210.71428571428572,2.0,2.5,1885.0,3123.0,,38.6154855,-90.2128712,https://www.redfin.com/MO/Saint-Louis/1537-Vail-Pl-63104/home/93697420
4077 Holly Hills Blvd,Saint Louis,63116.0,Single Family Residential,September-22-2025,315000,2176.0,False,144.7610294117647,3.0,1.5,1956.0,7392.0,,38.5687181,-90.270747,https://www.redfin.com/MO/Saint-Louis/4077-Holly-Hills-Blvd-63116/home/93782076
5524 Devonshire Ave,Saint Louis,63109.0,Single Family Residential,July-10-2025,289900,2275.0,False,127.42857142857143,2.0,1.5,1925.0,5000.0,,38.5879042,-90.2867133,https://www.redfin.com/MO/Saint-Louis/5524-Devonshire-Ave-63109/home/62730905
6639 Marquette Ave,Saint Louis,63139.0,Single Family Residential,November-6-2025,254900,1275.0,False,199.92156862745097,3.0,2.0,1954.0,6520.0,,38.6002379,-90.3040236,https://www.redfin.com/MO/Saint-Louis/6639-Marquette-Ave-63139/home/93748836
3235 Hartford St,Saint Louis,63118.0,Single Family Residential,September-24-2025,339000,1500.0,False,226.0,3.0,3.0,1919.0,4199.0,,38.6013546,-90.2368188,https://www.redfin.com/MO/Saint-Louis/3235-Hartford-St-63118/home/93692775
2007 Lilly Ave,Saint Louis,63110.0,Single Family Residential,September-26-2025,280000,1447.0,False,193.503800967519,3.0,2.0,1949.0,4377.0,,38.6172539,-90.2795884,https://www.redfin.com/MO/Saint-Louis/2007-Lilly-Ave-63110/home/93726911
4932 Fairview Ave,Saint Louis,63139.0,Single Family Residential,July-22-2025,225000,1293.0,False,174.0139211136891,2.0,1.0,1933.0,4822.0,,38.5976353,-90.2725218,https://www.redfin.com/MO/Saint-Louis/4932-Fairview-Ave-63139/home/62737376
6265 Walsh St,Saint Louis,63109.0,Single Family Residential,August-29-2025,529000,2375.0,False,222.73684210526315,2.0,2.0,1935.0,4660.0,,38.5841241,-90.2984228,https://www.redfin.com/MO/Saint-Louis/6265-Walsh-St-63109/home/93780264
6562 Oleatha Ave,Saint Louis,63139.0,Single Family Residential,November-7-2025,289900,1176.0,False,246.51360544217687,3.0,2.0,1957.0,6616.0,,38.5984999,-90.3027216,https://www.redfin.com/MO/Saint-Louis/6562-Oleatha-Ave-63139/home/74295518
3845 Blow St,Saint Louis,63116.0,Single Family Residential,October-28-2025,215000,1066.0,False,201.68855534709192,2.0,1.0,1941.0,4264.0,,38.5604212,-90.269822,https://www.redfin.com/MO/Saint-Louis/3845-Blow-St-63116/home/93773591
1230 Missouri Ave,Saint Louis,63104.0,Single Family Residential,August-28-2025,369000,2250.0,False,164.0,3.0,3.5,2007.0,1219.0,,38.61907,-90.2174031,https://www.redfin.com/MO/Saint-Louis/1230-Missouri-Ave-63104/home/62758516
5211 Delor St,Saint Louis,63109.0,Single Family Residential,October-16-2025,247000,975.0,False,253.33333333333334,3.0,2.0,1923.0,3750.0,,38.5831227,-90.2812888,https://www.redfin.com/MO/Saint-Louis/5211-Delor-St-63109/home/93766848
2725 Macklind Ave,Saint Louis,63139.0,Single Family Residential,August-5-2025,209900,950.0,False,220.94736842105263,2.0,1.5,1902.0,3075.0,,38.6091307,-90.2789381,https://www.redfin.com/MO/Saint-Louis/2725-Macklind-Ave-63139/home/93727293
2258 Shenandoah Ave,Saint Louis,63104.0,Single Family Residential,August-25-2025,199000,1080.0,False,184.25925925925927,2.0,2.0,1894.0,3301.0,,38.607185,-90.22073,https://www.redfin.com/MO/Saint-Louis/2258-Shenandoah-Ave-63104/home/93682969
6634 Lindenwood Pl,Saint Louis,63109.0,Single Family Residential,October-17-2025,319900,1746.0,False,183.21878579610538,2.0,1.5,1940.0,4286.0,,38.5951348,-90.3054594,https://www.redfin.com/MO/Saint-Louis/6634-Lindenwood-Pl-63109/home/93774954
4939 Lansdowne Ave,Saint Louis,63109.0,Single Family Residential,August-4-2025,269900,1456.0,False,185.37087912087912,2.0,1.0,1923.0,4125.0,,38.5881583,-90.2773557,https://www.redfin.com/MO/Saint-Louis/4939-Lansdowne-Ave-63109/home/93752859
3124 Franke Ct,Saint Louis,63139.0,Single Family Residential,December-19-2025,205000,1825.0,False,112.32876712328768,3.0,2.0,1926.0,3720.0,,38.6070487,-90.2972745,https://www.redfin.com/MO/Saint-Louis/3124-Franke-Ct-63139/home/62729428
5701 Finkman St,Saint Louis,63109.0,Single Family Residential,October-7-2025,269900,1170.0,False,230.68376068376068,2.0,1.0,1920.0,4373.0,,38.5771075,-90.2920457,https://www.redfin.com/MO/Saint-Louis/5701-Finkman-St-63109/home/93777529
4528 Tholozan Ave,Saint Louis,63116.0,Single Family Residential,August-28-2025,249900,1551.0,False,161.1218568665377,3.0,1.0,1907.0,10628.0,,38.5935415,-90.2689744,https://www.redfin.com/MO/Saint-Louis/4528-Tholozan-Ave-63116/home/93730024
5210 Parker Ave,Saint Louis,63139.0,Single Family Residential,November-14-2025,225000,1330.0,False,169.17293233082708,2.0,2.0,1950.0,5201.0,,38.599373,-90.2779181,https://www.redfin.com/MO/Saint-Louis/5210-Parker-Ave-63139/home/93742702
4444 Taft Ave,Saint Louis,63116.0,Single Family Residential,July-7-2025,214900,1627.0,False,132.0835894283958,2.0,2.0,1921.0,3898.0,,38.5874434,-90.2697506,https://www.redfin.com/MO/Saint-Louis/4444-Taft-Ave-63116/home/93764662
4239 Botanical Ave,Saint Louis,63110.0,Single Family Residential,July-7-2025,349900,1440.0,False,242.98611111111111,3.0,1.5,1907.0,3049.0,,38.6103057,-90.2559726,https://www.redfin.com/MO/Saint-Louis/4239-Botanical-Ave-63110/home/62748652
6757 Eichelberger St,Saint Louis,63109.0,Single Family Residential,November-21-2025,339000,883.0,False,383.9184597961495,2.0,2.0,1942.0,6298.0,,38.583231,-90.3084812,https://www.redfin.com/MO/Saint-Louis/6757-Eichelberger-St-63109/home/93781552
4805 Allemania St,Saint Louis,63116.0,Single Family Residential,August-29-2025,185000,820.0,False,225.609756097561,2.0,2.0,1907.0,3750.0,,38.5636991,-90.290677,https://www.redfin.com/MO/Saint-Louis/4805-Allemania-St-63116/home/93756701
1505 Kraft St,Saint Louis,63139.0,Single Family Residential,September-24-2025,159900,862.0,False,185.49883990719258,2.0,1.0,1950.0,5227.0,,38.6249121,-90.3013128,https://www.redfin.com/MO/Saint-Louis/1505-Kraft-St-63139/home/93773124
6423 Arsenal St,Saint Louis,63139.0,Single Family Residential,July-16-2025,275000,1193.0,False,230.51131601005866,3.0,2.0,1923.0,5488.0,,38.6079971,-90.2970971,https://www.redfin.com/MO/Saint-Louis/6423-Arsenal-St-63139/home/93741802
4122 Federer St,Saint Louis,63116.0,Single Family Residential,November-17-2025,230000,1242.0,False,185.1851851851852,3.0,2.0,1936.0,4199.0,,38.5694877,-90.2712293,https://www.redfin.com/MO/Saint-Louis/4122-Federer-St-63116/home/93776671
5472 Nottingham Ave,Saint Louis,63109.0,Single Family Residential,September-16-2025,225000,1485.0,False,151.5151515151515,2.0,1.0,1929.0,,,38.5861401,-90.287117,https://www.redfin.com/MO/Saint-Louis/5472-Nottingham-Ave-63109/home/93765210
4898 Margaretta Ave,Saint Louis,63115.0,Single Family Residential,July-15-2025,100000,1530.0,False,65.359477124183,2.0,2.0,1917.0,3223.0,,38.6772616,-90.2474231,https://www.redfin.com/MO/Saint-Louis/4898-Margaretta-Ave-63115/home/93732586
6821 Minnesota Ave,Saint Louis,63111.0,Single Family Residential,October-14-2025,134900,1600.0,False,84.3125,3.0,2.0,1880.0,3502.0,,38.5541539,-90.2540322,https://www.redfin.com/MO/Saint-Louis/6821-Minnesota-Ave-63111/home/93710471
4450 Tholozan Ave,Saint Louis,63116.0,Single Family Residential,December-5-2025,109000,1008.0,False,108.13492063492063,3.0,2.0,1935.0,10750.0,,38.5933573,-90.2674557,https://www.redfin.com/MO/Saint-Louis/4450-Tholozan-Ave-63116/home/93730030
4226 Bates St,Saint Louis,63116.0,Single Family Residential,November-20-2025,184900,1176.0,False,157.2278911564626,2.0,1.0,1909.0,10663.0,,38.575374,-90.2677818,https://www.redfin.com/MO/Saint-Louis/4226-Bates-St-63116/home/93761876
2327 Esther Ave,Saint Louis,63139.0,Single Family Residential,September-25-2025,200000,960.0,False,208.33333333333334,3.0,1.0,1956.0,10554.0,,38.614728,-90.2897853,https://www.redfin.com/MO/Saint-Louis/2327-Esther-Ave-63139/home/93741590
6623 Fyler Ave,Saint Louis,63139.0,Single Family Residential,August-26-2025,244900,1369.0,False,178.88970051132213,2.0,1.5,1910.0,10349.0,,38.6032152,-90.3022317,https://www.redfin.com/MO/Saint-Louis/6623-Fyler-Ave-63139/home/93741962
4471 Beck Ave,Saint Louis,63116.0,Single Family Residential,September-2-2025,239000,1536.0,False,155.59895833333334,3.0,2.0,1887.0,10249.0,,38.5925325,-90.2688152,https://www.redfin.com/MO/Saint-Louis/4471-Beck-Ave-63116/home/93729771
6212 Michigan Ave,Saint Louis,63111.0,Single Family Residential,September-4-2025,217000,1515.0,False,143.23432343234325,3.0,1.5,1910.0,10019.0,,38.5590431,-90.2493095,https://www.redfin.com/MO/Saint-Louis/6212-Michigan-Ave-63111/home/93709637
7156 Mardel Ave,Saint Louis,63109.0,Single Family Residential,August-26-2025,325000,1755.0,False,185.1851851851852,3.0,2.0,2006.0,,,38.5969644,-90.3180827,https://www.redfin.com/MO/Saint-Louis/7156-Mardel-Ave-63109/home/62687152
1505 Tamm Ave,Saint Louis,63139.0,Single Family Residential,August-14-2025,575000,1852.0,False,310.475161987041,4.0,3.0,1902.0,9550.0,,38.6230147,-90.2941639,https://www.redfin.com/MO/Saint-Louis/1505-Tamm-Ave-63139/home/93740806
8627 Park Ln,Saint Louis,63147.0,Single Family Residential,August-1-2025,85000,2070.0,False,41.06280193236715,4.0,2.0,1921.0,9500.0,,38.7168159,-90.2470154,https://www.redfin.com/MO/Saint-Louis/8627-Park-Ln-63147/home/93732047
3136 Rutger St,Saint Louis,63104.0,Single Family Residential,October-14-2025,385000,3234.0,False,119.04761904761905,4.0,3.0,1894.0,9374.0,,38.6217953,-90.2301079,https://www.redfin.com/MO/Saint-Louis/3136-Rutger-St-63104/home/93689891
2964 Milton Blvd,Saint Louis,63104.0,Single Family Residential,December-29-2025,575000,1525.0,False,377.04918032786884,3.0,2.0,1963.0,9361.0,,38.6097817,-90.2316097,https://www.redfin.com/MO/Saint-Louis/2964-Milton-Blvd-63104/home/93691097
6403 Macklind Ave,Saint Louis,63109.0,Single Family Residential,August-8-2025,399900,2400.0,False,166.625,4.0,3.0,1857.0,9330.0,,38.5742898,-90.2876012,https://www.redfin.com/MO/Saint-Louis/6403-Macklind-Ave-63109/home/77306465
6214 Pershing Ave,Saint Louis,63130.0,Single Family Residential,September-2-2025,575000,2937.0,False,195.77800476676882,4.0,3.5,1909.0,9147.0,,38.6498404,-90.3013895,https://www.redfin.com/MO/Saint-Louis/6214-Pershing-Ave-63130/home/93760143
6752 Eichelberger St,Saint Louis,63109.0,Single Family Residential,October-10-2025,349900,1523.0,False,229.74392646093236,3.0,2.0,1950.0,9099.0,,38.5827201,-90.3082571,https://www.redfin.com/MO/Saint-Louis/6752-Eichelberger-St-63109/home/62728115
6425 Myrlette Ct,Saint Louis,63116.0,Single Family Residential,September-22-2025,299000,1700.0,False,175.88235294117646,2.0,1.5,1953.0,9060.0,,38.5713204,-90.279364,https://www.redfin.com/MO/Saint-Louis/6425-Myrlette-Ct-63116/home/66604230
6537 Marmaduke Ave,Saint Louis,63139.0,Single Family Residential,December-10-2025,212900,1140.0,False,186.75438596491227,2.0,1.0,1892.0,8951.0,,38.611098,-90.2993806,https://www.redfin.com/MO/Saint-Louis/6537-Marmaduke-Ave-63139/home/93743897
4639 Virginia Ave,Saint Louis,63111.0,Single Family Residential,September-19-2025,215000,1980.0,False,108.58585858585859,3.0,2.5,1907.0,8928.0,,38.5724728,-90.2438846,https://www.redfin.com/MO/Saint-Louis/4639-Virginia-Ave-63111/home/93673296
4558 Tower Grove Pl,Saint Louis,63110.0,Single Family Residential,August-5-2025,335000,1697.0,False,197.4071891573365,3.0,2.5,1915.0,8799.0,,38.6110821,-90.2648659,https://www.redfin.com/MO/Saint-Louis/4558-Tower-Grove-Pl-63110/home/93728244
3120 Eads Ave,Saint Louis,63104.0,Single Family Residential,July-14-2025,579900,3564.0,False,162.7104377104377,4.0,3.5,1897.0,8782.0,,38.6176273,-90.231318,https://www.redfin.com/MO/Saint-Louis/3120-Eads-Ave-63104/home/93700451
7401 Sharp Ave,Saint Louis,63116.0,Single Family Residential,August-28-2025,220000,1050.0,False,209.52380952380952,3.0,2.0,1950.0,,,38.5587335,-90.276852,https://www.redfin.com/MO/Saint-Louis/7401-Sharp-Ave-63116/home/93784844
6561 Bancroft Ave,Saint Louis,63109.0,Single Family Residential,December-10-2025,310000,1524.0,False,203.41207349081364,2.0,2.5,1956.0,,,38.5927864,-90.3040609,https://www.redfin.com/MO/Saint-Louis/6561-Bancroft-Ave-63109/home/93775540
6300 Juniata St,Saint Louis,63139.0,Single Family Residential,August-7-2025,236000,1617.0,False,145.94928880643167,3.0,2.0,1928.0,8659.0,,38.6065247,-90.2949505,https://www.redfin.com/MO/Saint-Louis/6300-Juniata-St-63139/home/62735992
6211 Odell St,Saint Louis,63139.0,Single Family Residential,October-9-2025,240000,962.0,False,249.48024948024948,3.0,1.0,1923.0,,,38.6094234,-90.2935084,https://www.redfin.com/MO/Saint-Louis/6211-Odell-St-63139/home/93767635
6523 Fyler Ave,Saint Louis,63139.0,Single Family Residential,November-25-2025,185000,1104.0,False,167.57246376811594,2.0,1.0,1940.0,8280.0,,38.6029775,-90.2997021,https://www.redfin.com/MO/Saint-Louis/6523-Fyler-Ave-63139/home/93742107
7120 Rabenberg Pl,Saint Louis,63143.0,Single Family Residential,September-19-2025,185000,820.0,False,225.609756097561,2.0,1.0,1962.0,8276.0,,38.6112898,-90.3114931,https://www.redfin.com/MO/Saint-Louis/7120-Rabenberg-Pl-63143/home/93743159
6750 Plateau Ave,Saint Louis,63139.0,Single Family Residential,December-18-2025,325000,2332.0,False,139.36535162950258,4.0,2.5,1955.0,8250.0,,38.6233377,-90.3033339,https://www.redfin.com/MO/Saint-Louis/6750-Plateau-Ave-63139/home/93740802
6151 Columbia Ave,Saint Louis,63139.0,Single Family Residential,July-22-2025,300000,1892.0,False,158.56236786469344,4.0,2.5,1901.0,8250.0,,38.6129176,-90.2924325,https://www.redfin.com/MO/Saint-Louis/6151-Columbia-Ave-63139/home/93743722
1516 Switzer,Saint Louis,63147.0,Single Family Residential,November-25-2025,75000,1150.0,False,65.21739130434783,4.0,1.5,1939.0,,,38.7145211,-90.2426696,https://www.redfin.com/MO/Saint-Louis/1516-Switzer-Ave-63147/home/93732297
4144 Davis St,Saint Louis,63123.0,Single Family Residential,July-22-2025,169000,960.0,False,176.04166666666666,3.0,1.0,1952.0,8194.0,,38.5561872,-90.2842559,https://www.redfin.com/MO/Saint-Louis/4144-Davis-St-63123/home/93783899
7128 Bancroft Ave,Saint Louis,63109.0,Single Family Residential,October-22-2025,225000,1472.0,False,152.85326086956522,2.0,2.0,1955.0,8102.0,,38.59378,-90.3173699,https://www.redfin.com/MO/Saint-Louis/7128-Bancroft-Ave-63109/home/93749069
6401 Clifton Hills Dr,Saint Louis,63139.0,Single Family Residential,August-29-2025,212000,1382.0,False,153.40086830680173,2.0,2.0,1954.0,,,38.6136278,-90.2962617,https://www.redfin.com/MO/Saint-Louis/6401-Clifton-Hills-Dr-63139/home/93784656
2733 Hermitage Ave,Saint Louis,63143.0,Single Family Residential,August-4-2025,250000,1400.0,False,178.57142857142858,2.0,2.0,1891.0,8001.0,,38.6121199,-90.3079443,https://www.redfin.com/MO/Saint-Louis/2733-Hermitage-Ave-63143/home/93743942
7054 Eichelberger,Saint Louis,63123.0,Single Family Residential,July-16-2025,235000,1092.0,False,215.2014652014652,2.0,1.0,1949.0,,,38.581762,-90.314938,https://www.redfin.com/MO/Saint-Louis/7054-Eichelberger-Dr-63123/home/93782468
6641 Pernod Ave,Saint Louis,63139.0,Single Family Residential,July-3-2025,260000,1277.0,False,203.60219263899765,3.0,2.0,1950.0,7850.0,,38.5982388,-90.3051506,https://www.redfin.com/MO/Saint-Louis/6641-Pernod-Ave-63139/home/93778932
6721 Itaska St,Saint Louis,63109.0,Single Family Residential,October-1-2025,279900,1180.0,False,237.20338983050848,2.0,2.0,1950.0,7849.0,,38.5861208,-90.3088007,https://www.redfin.com/MO/Saint-Louis/6721-Itaska-St-63109/home/93781447
6718 Marquette Ave,Saint Louis,63139.0,Single Family Residential,September-25-2025,300000,1358.0,False,220.91310751104567,3.0,2.0,1950.0,7849.0,,38.5999247,-90.3053497,https://www.redfin.com/MO/Saint-Louis/6718-Marquette-Ave-63139/home/93778808
5929 Cates Ave,Saint Louis,63112.0,Single Family Residential,July-17-2025,100000,1980.0,False,50.505050505050505,5.0,1.5,1893.0,7849.0,,38.6583997,-90.2910438,https://www.redfin.com/MO/Saint-Louis/5929-Cates-Ave-63112/home/93739608
5453 Bancroft Ave,Saint Louis,63109.0,Single Family Residential,November-12-2025,285000,1846.0,False,154.3878656554713,2.0,2.0,1942.0,7810.0,,38.5908708,-90.2856178,https://www.redfin.com/MO/Saint-Louis/5453-Bancroft-Ave-63109/home/62757066
6271 Kinsey Pl,Saint Louis,63109.0,Single Family Residential,August-14-2025,425000,1748.0,False,243.1350114416476,3.0,1.5,1950.0,7802.0,,38.5814346,-90.3004935,https://www.redfin.com/MO/Saint-Louis/6271-Kinsey-Pl-63109/home/93783593
6962 Plainview Ave,Saint Louis,63109.0,Single Family Residential,October-9-2025,325000,1849.0,False,175.77068685776095,3.0,2.5,1947.0,7801.0,,38.5905214,-90.3122369,https://www.redfin.com/MO/Saint-Louis/6962-Plainview-Ave-63109/home/62732880
2638 Dalton Ave,Saint Louis,63139.0,Single Family Residential,August-12-2025,389500,1765.0,False,220.67988668555242,3.0,1.5,1898.0,7801.0,,38.6107685,-90.2845657,https://www.redfin.com/MO/Saint-Louis/2638-Dalton-Ave-63139/home/93726796
3807 Tamm Ave,Saint Louis,63109.0,Single Family Residential,November-7-2025,425000,1386.0,False,306.63780663780665,4.0,2.0,1931.0,7788.0,,38.5952226,-90.2984335,https://www.redfin.com/MO/Saint-Louis/3807-Tamm-Ave-63109/home/62715461
6625 Hancock Ave,Saint Louis,63139.0,Single Family Residential,December-8-2025,358500,1832.0,False,195.6877729257642,2.0,2.0,1941.0,7701.0,,38.601206,-90.3030834,https://www.redfin.com/MO/Saint-Louis/6625-Hancock-Ave-63139/home/93743312
1231 Hornsby Ave,Saint Louis,63147.0,Single Family Residential,August-11-2025,169900,1080.0,False,157.3148148148148,4.0,2.0,1949.0,,,38.7193445,-90.239294,https://www.redfin.com/MO/Saint-Louis/1231-Hornsby-Ave-63147/home/93731557
6056 Childress Ave,Saint Louis,63109.0,Single Family Residential,August-18-2025,539000,2395.0,False,225.05219206680584,3.0,2.0,1951.0,,,38.5766672,-90.2991777,https://www.redfin.com/MO/Saint-Louis/6056-Childress-Ave-63109/home/93783870
5341 Reber Pl,Saint Louis,63139.0,Single Family Residential,August-20-2025,349900,1305.0,False,268.1226053639847,3.0,2.0,1927.0,7679.0,,38.6086878,-90.2769317,https://www.redfin.com/MO/Saint-Louis/5341-Reber-Pl-63139/home/93727504
5700 Arthur,Saint Louis,63139.0,Single Family Residential,August-28-2025,375000,1609.0,False,233.06401491609697,3.0,2.5,2005.0,7666.0,,38.600095,-90.2859532,https://www.redfin.com/MO/Saint-Louis/5700-Arthur-Ave-63139/home/93743028
6568 Odell St,Saint Louis,63139.0,Single Family Residential,December-31-2025,245000,1056.0,False,232.00757575757575,3.0,2.0,1896.0,7601.0,,38.6096081,-90.3006864,https://www.redfin.com/MO/Saint-Louis/6568-Odell-St-63139/home/62768107
4005 Eichelberger St,Saint Louis,63116.0,Single Family Residential,September-25-2025,165000,1000.0,False,165.0,3.0,2.0,1921.0,7601.0,,38.5754555,-90.2618759,https://www.redfin.com/MO/Saint-Louis/4005-Eichelberger-St-63116/home/93757720
6451 Odell St,Saint Louis,63139.0,Single Family Residential,October-14-2025,235000,1180.0,False,199.15254237288136,3.0,2.0,1920.0,7535.0,,38.6098474,-90.2979993,https://www.redfin.com/MO/Saint-Louis/6451-Odell-St-63139/home/93744977
1712 Belle Glade Ave,Saint Louis,63113.0,Single Family Residential,July-7-2025,55000,1000.0,False,55.0,3.0,1.0,1998.0,7532.0,,38.6543348,-90.2365833,https://www.redfin.com/MO/Saint-Louis/1712-Belle-Glade-Ave-63113/home/93786431
4023 Healy Ct,Saint Louis,63123.0,Single Family Residential,October-31-2025,175000,1184.0,False,147.80405405405406,2.0,1.5,1950.0,7531.0,,38.5544999,-90.2821799,https://www.redfin.com/MO/Saint-Louis/4023-Healy-Ct-63123/home/93783882
6445 Odell St,Saint Louis,63139.0,Single Family Residential,December-12-2025,325000,1532.0,False,212.1409921671018,3.0,2.0,1912.0,7501.0,,38.6098498,-90.297798,https://www.redfin.com/MO/Saint-Louis/6445-Odell-St-63139/home/62765346
6945 Lindenwood Pl,Saint Louis,63109.0,Single Family Residential,July-2-2025,269900,1200.0,False,224.91666666666666,3.0,1.5,1920.0,7501.0,,38.5956839,-90.3106219,https://www.redfin.com/MO/Saint-Louis/6945-Lindenwood-Pl-63109/home/93748050
6608 Oakland Ave,Saint Louis,63139.0,Single Family Residential,November-18-2025,345000,1716.0,False,201.04895104895104,3.0,1.0,1924.0,7501.0,,38.6317283,-90.2980727,https://www.redfin.com/MO/Saint-Louis/6608-Oakland-Ave-63139/home/93740545
6203 Tilden Ave,Saint Louis,63116.0,Single Family Residential,October-14-2025,150000,960.0,False,156.25,3.0,1.0,1922.0,7501.0,,38.5717583,-90.2751639,https://www.redfin.com/MO/Saint-Louis/6203-Tilden-Ave-63116/home/93765712
1501 Switzer Ave,Saint Louis,63147.0,Single Family Residential,November-12-2025,200000,1772.0,False,112.86681715575621,3.0,2.0,1955.0,7501.0,,38.7147602,-90.2420784,https://www.redfin.com/MO/Saint-Louis/1501-Switzer-Ave-63147/home/63685813
3838 Federer Pl,Saint Louis,63116.0,Single Family Residential,October-24-2025,399000,2072.0,False,192.56756756756758,3.0,2.5,1933.0,7501.0,,38.5651444,-90.2625643,https://www.redfin.com/MO/Saint-Louis/3838-Federer-Pl-63116/home/93773567
7026 Winona Ave,Saint Louis,63109.0,Single Family Residential,July-18-2025,220000,1026.0,False,214.42495126705654,3.0,1.0,1927.0,7501.0,,38.5943595,-90.3134038,https://www.redfin.com/MO/Saint-Louis/7026-Winona-Ave-63109/home/93747686
7105 S Grand Blvd,Saint Louis,63111.0,Single Family Residential,October-21-2025,219000,976.0,False,224.38524590163934,2.0,1.0,1939.0,,,38.5569601,-90.2642825,https://www.redfin.com/MO/Saint-Louis/7105-S-Grand-Ave-63111/home/93711751
6968 Winona Ave,Saint Louis,63109.0,Single Family Residential,October-23-2025,278000,1300.0,False,213.84615384615384,3.0,2.0,1904.0,7492.0,,38.5940317,-90.31164,https://www.redfin.com/MO/Saint-Louis/6968-Winona-Ave-63109/home/93747737
7217 Pennsylvania Ave,Saint Louis,63111.0,Single Family Residential,September-16-2025,54900,2130.0,False,25.774647887323944,3.0,2.0,1887.0,7448.0,,38.5507145,-90.2562325,https://www.redfin.com/MO/Saint-Louis/7217-Pennsylvania-Ave-63111/home/93710708
6682 W Park Ave,Saint Louis,63139.0,Single Family Residential,October-8-2025,279900,1597.0,False,175.26612398246712,3.0,2.0,1957.0,7405.0,,38.6277618,-90.3005859,https://www.redfin.com/MO/Saint-Louis/6682-W-Park-Ave-63139/home/93750063
3138 Illinois Ave,Saint Louis,63118.0,Single Family Residential,August-27-2025,530000,2636.0,False,201.06221547799697,5.0,3.0,1897.0,7405.0,,38.5967282,-90.2206276,https://www.redfin.com/MO/Saint-Louis/3138-Illinois-Ave-63118/home/93699278
4251 W Maffitt Ave W,Saint Louis,63113.0,Single Family Residential,July-7-2025,45000,1000.0,False,45.0,3.0,1.0,1996.0,7361.0,,38.6611577,-90.2357246,https://www.redfin.com/MO/Saint-Louis/4251-W-Maffitt-Ave-63113/home/93678024
7033 Pernod Ave,Saint Louis,63139.0,Single Family Residential,August-20-2025,259000,1255.0,False,206.37450199203187,2.0,1.5,1917.0,7348.0,,38.5989219,-90.3127658,https://www.redfin.com/MO/Saint-Louis/7033-Pernod-Ave-63139/home/93748475
913 Morrison Ave,Saint Louis,63104.0,Single Family Residential,October-27-2025,570000,2810.0,False,202.84697508896798,3.0,2.0,1885.0,7318.0,,38.6153819,-90.199256,https://www.redfin.com/MO/Saint-Louis/913-Morrison-Ave-63104/home/93685512
6509 Marquette Ave,Saint Louis,63139.0,Single Family Residential,September-15-2025,235000,832.0,False,282.4519230769231,2.0,1.0,1951.0,,,38.5998817,-90.3006615,https://www.redfin.com/MO/Saint-Louis/6509-Marquette-Ave-63139/home/93748834
4112 Poepping,Saint Louis,63123.0,Single Family Residential,September-26-2025,145000,1080.0,False,134.25925925925927,3.0,1.0,1950.0,7230.0,,38.5559255,-90.2824564,https://www.redfin.com/MO/Saint-Louis/4112-Poepping-St-63123/home/93784338
4950 Eichelberger St,Saint Louis,63109.0,Single Family Residential,September-18-2025,299900,2840.0,False,105.59859154929578,4.0,2.5,1919.0,7200.0,,38.5809605,-90.2808006,https://www.redfin.com/MO/Saint-Louis/4950-Eichelberger-St-63109/home/93765434
1648 Orchid Ave,Saint Louis,63147.0,Single Family Residential,December-16-2025,120000,1560.0,False,76.92307692307692,3.0,1.5,1952.0,7178.0,,38.7204649,-90.2443488,https://www.redfin.com/MO/Saint-Louis/1648-Orchid-Ave-63147/home/93731806
4101 Healy Ct,Saint Louis,63123.0,Single Family Residential,October-1-2025,236900,1600.0,False,148.0625,2.0,2.0,1950.0,7148.0,,38.5548136,-90.2831799,https://www.redfin.com/MO/Saint-Louis/4101-Healy-Ct-63123/home/62716808
5932 Finkman St,Saint Louis,63109.0,Single Family Residential,September-15-2025,395000,2148.0,False,183.89199255121042,2.0,2.0,1951.0,7139.0,,38.5771763,-90.296535,https://www.redfin.com/MO/Saint-Louis/5932-Finkman-St-63109/home/93784014
5972 Tara Ln,Saint Louis,63147.0,Single Family Residential,December-16-2025,98500,1032.0,False,95.44573643410853,3.0,1.5,1940.0,7126.0,,38.7121742,-90.2453478,https://www.redfin.com/MO/Saint-Louis/5972-Tara-Ln-63147/home/93770711
7018 Holly Hills Ave,Saint Louis,63123.0,Single Family Residential,November-25-2025,220000,1264.0,False,174.0506329113924,2.0,1.0,1943.0,7091.0,,38.5801292,-90.3138706,https://www.redfin.com/MO/Saint-Louis/7018-Holly-Hills-Ave-63123/home/93782471
6656 Oleatha Ave,Saint Louis,63139.0,Single Family Residential,November-14-2025,374900,2400.0,False,156.20833333333334,4.0,3.0,1939.0,7087.0,,38.5987768,-90.3057217,https://www.redfin.com/MO/Saint-Louis/6656-Oleatha-Ave-63139/home/93778993
5811 Finkman St,Saint Louis,63109.0,Single Family Residential,October-30-2025,300000,1036.0,False,289.57528957528956,2.0,1.5,1952.0,7061.0,,38.5774266,-90.2949812,https://www.redfin.com/MO/Saint-Louis/5811-Finkman-St-63109/home/93777660
3425 Halliday Ave,Saint Louis,63118.0,Single Family Residential,December-5-2025,505000,2510.0,False,201.19521912350598,3.0,2.5,1904.0,7000.0,,38.6051006,-90.2380734,https://www.redfin.com/MO/Saint-Louis/3425-Halliday-Ave-63118/home/93692504
5445 N Kingshighway Blvd,Saint Louis,63115.0,Single Family Residential,September-23-2025,72000,1288.0,False,55.900621118012424,3.0,1.0,1922.0,7000.0,,38.6910001,-90.2376839,https://www.redfin.com/MO/Saint-Louis/5445-N-Kingshighway-Blvd-63115/home/93752026
5536 Lisette Ave,Saint Louis,63109.0,Single Family Residential,December-16-2025,399900,1932.0,False,206.98757763975155,4.0,2.5,1928.0,6969.0,,38.5755661,-90.290522,https://www.redfin.com/MO/Saint-Louis/5536-Lisette-Ave-63109/home/93776618
6269 Kinsey Pl,Saint Louis,63109.0,Single Family Residential,September-4-2025,315000,2004.0,False,157.18562874251498,2.0,1.0,1955.0,6969.0,,38.5814123,-90.300276,https://www.redfin.com/MO/Saint-Louis/6269-Kinsey-Pl-63109/home/93783592
3915 Blow St,Saint Louis,63116.0,Single Family Residential,September-12-2025,265000,1938.0,False,136.7389060887513,3.0,2.0,1955.0,6917.0,,38.5610692,-90.2710866,https://www.redfin.com/MO/Saint-Louis/3915-Blow-St-63116/home/93773365
4815 Minnesota Ave,Saint Louis,63111.0,Single Family Residential,September-30-2025,159900,1426.0,False,112.13183730715288,3.0,2.0,1951.0,6909.0,,38.5687757,-90.2402798,https://www.redfin.com/MO/Saint-Louis/4815-Minnesota-Ave-63111/home/93707667
4916 W Florissant Ave,Saint Louis,63115.0,Single Family Residential,August-12-2025,135000,1235.0,False,109.31174089068826,3.0,1.5,2007.0,,,38.6896724,-90.2350509,https://www.redfin.com/MO/Saint-Louis/4916-W-Florissant-Ave-63115/home/62695103
5730 Bancroft Ave,Saint Louis,63109.0,Single Family Residential,September-30-2025,345000,1764.0,False,195.57823129251702,2.0,1.5,1946.0,6873.0,,38.5909567,-90.2907246,https://www.redfin.com/MO/Saint-Louis/5730-Bancroft-Ave-63109/home/93753092
2765 Tamm Ave,Saint Louis,63139.0,Single Family Residential,October-23-2025,349900,2122.0,False,164.89161168708765,3.0,2.0,1875.0,6860.0,,38.6108062,-90.2968614,https://www.redfin.com/MO/Saint-Louis/2765-Tamm-Ave-63139/home/93707792
5169 Vernon Ave,Saint Louis,63113.0,Single Family Residential,September-16-2025,375000,3405.0,False,110.13215859030836,5.0,3.5,1903.0,6852.0,,38.6587432,-90.2684768,https://www.redfin.com/MO/Saint-Louis/5169-Vernon-Ave-63113/home/62773850
6505 Michigan Ave,Saint Louis,63111.0,Single Family Residential,August-5-2025,269900,2112.0,False,127.79356060606061,3.0,1.5,1904.0,6851.0,,38.5573558,-90.2520846,https://www.redfin.com/MO/Saint-Louis/6505-Michigan-Ave-63111/home/93709683
6821 Garner Ave,Saint Louis,63139.0,Single Family Residential,July-1-2025,217500,1198.0,False,181.5525876460768,2.0,1.0,1955.0,6787.0,,38.6203286,-90.3051445,https://www.redfin.com/MO/Saint-Louis/6821-Garner-Ave-63139/home/93741066
6817 Garner Ave,Saint Louis,63139.0,Single Family Residential,December-12-2025,240000,1100.0,False,218.1818181818182,3.0,1.0,1955.0,6786.0,,38.6203196,-90.3050086,https://www.redfin.com/MO/Saint-Louis/6817-Garner-Ave-63139/home/93741059
8120 Parkridge Dr,Saint Louis,63123.0,Single Family Residential,November-7-2025,299990,1400.0,False,214.27857142857144,4.0,2.0,1954.0,6716.0,,38.5581341,-90.2896258,https://www.redfin.com/MO/Saint-Louis/8120-Parkridge-Dr-63123/home/93784253
3848 Eiler,Saint Louis,63116.0,Single Family Residential,August-26-2025,135000,1057.0,False,127.71996215704824,2.0,1.5,1911.0,6708.0,,38.5727716,-90.2594818,https://www.redfin.com/MO/Saint-Louis/3848-Eiler-St-63116/home/93761611
5273 Parker Ave,Saint Louis,63139.0,Single Family Residential,December-16-2025,219900,1144.0,False,192.22027972027973,3.0,1.0,1950.0,,,38.5998395,-90.2800065,https://www.redfin.com/MO/Saint-Louis/5273-Parker-Ave-63139/home/93742681
8954 Edna St,Saint Louis,63147.0,Single Family Residential,November-12-2025,160000,1812.0,False,88.30022075055187,3.0,2.0,1953.0,6603.0,,38.7207479,-90.2360097,https://www.redfin.com/MO/Saint-Louis/8954-Edna-St-63147/home/93731519
5467 Clifton Ave,Saint Louis,63109.0,Single Family Residential,August-6-2025,414900,2036.0,False,203.7819253438114,3.0,2.0,1950.0,6599.0,,38.5801959,-90.2978414,https://www.redfin.com/MO/Saint-Louis/5467-Clifton-Ave-63109/home/93783476
6580 Oleatha Ave,Saint Louis,63139.0,Single Family Residential,August-20-2025,430000,2498.0,False,172.1377101681345,4.0,2.0,1957.0,6594.0,,38.5985593,-90.3033009,https://www.redfin.com/MO/Saint-Louis/6580-Oleatha-Ave-63139/home/93778938
2747 Rutger St,Saint Louis,63104.0,Single Family Residential,September-30-2025,398000,2349.0,False,169.43380161770966,4.0,2.5,2020.0,6586.0,,38.6207989,-90.223298,https://www.redfin.com/MO/Saint-Louis/2747-Rutger-St-63104/home/173619015
7024 Stanley Ave,Saint Louis,63143.0,Single Family Residential,August-7-2025,385000,1914.0,False,201.1494252873563,3.0,2.0,1924.0,6577.0,,38.6198268,-90.3095247,https://www.redfin.com/MO/Saint-Louis/7024-Stanley-Ave-63143/home/93744193
2349 S 11th St,Saint Louis,63104.0,Single Family Residential,July-15-2025,400000,2008.0,False,199.20318725099602,3.0,2.5,1883.0,6554.0,,38.6041231,-90.2103553,https://www.redfin.com/MO/Saint-Louis/2349-S-11th-St-63104/home/62741473
4329 Alma Ave,Saint Louis,63116.0,Single Family Residential,November-19-2025,260000,1614.0,False,161.090458488228,3.0,2.0,1928.0,6534.0,,38.5687977,-90.275996,https://www.redfin.com/MO/Saint-Louis/4329-Alma-Ave-63116/home/93771926
4253 Holly Ave,Saint Louis,63115.0,Single Family Residential,November-26-2025,32800,1468.0,False,22.3433242506812,4.0,1.0,1912.0,,,38.6756459,-90.2294809,https://www.redfin.com/MO/Saint-Louis/4253-Holly-Ave-63115/home/93714413
5185 Enright Ave,Saint Louis,63108.0,Single Family Residential,August-1-2025,49000,2122.0,False,23.091423185673893,3.0,1.5,1902.0,4251.0,,38.6536461,-90.2699742,https://www.redfin.com/MO/Saint-Louis/5185-Enright-Ave-63108/home/93744914
1063 Hornsby Ave,Saint Louis,63147.0,Single Family Residential,September-12-2025,49900,2144.0,False,23.274253731343283,4.0,1.0,1909.0,6534.0,,38.7191744,-90.2351117,https://www.redfin.com/MO/Saint-Louis/1063-Hornsby-Ave-63147/home/93761150
7223 Pennsylvania Ave,Saint Louis,63111.0,Single Family Residential,October-14-2025,44900,1856.0,False,24.191810344827587,3.0,2.0,1890.0,3423.0,,38.5506049,-90.2563383,https://www.redfin.com/MO/Saint-Louis/7223-Pennsylvania-Ave-63111/home/93710707
5095 Raymond Ave,Saint Louis,63113.0,Single Family Residential,September-17-2025,80000,2844.0,False,28.129395218002813,5.0,2.0,1899.0,,,38.6575775,-90.2660205,https://www.redfin.com/MO/Saint-Louis/5095-Raymond-Ave-63113/home/93752500
3141 Potomac Ave,Saint Louis,63118.0,Single Family Residential,August-29-2025,49900,1800.0,False,27.72222222222222,4.0,2.0,1906.0,,,38.5930219,-90.236353,https://www.redfin.com/MO/Saint-Louis/3141-Potomac-St-63118/home/93695074
4725 Maffitt Ave,Saint Louis,63113.0,Single Family Residential,September-16-2025,45000,1508.0,False,29.840848806366047,3.0,1.5,1912.0,4081.0,,38.6672408,-90.2496102,https://www.redfin.com/MO/Saint-Louis/4725-Maffitt-Ave-63113/home/93748625
4246 Nebraska Ave,Saint Louis,63111.0,Single Family Residential,October-15-2025,49900,1642.0,False,30.389768574908647,2.0,1.5,1889.0,6298.0,,38.5784427,-90.2352611,https://www.redfin.com/MO/Saint-Louis/4246-Nebraska-Ave-63111/home/93705534
7307 Minnesota Ave,Saint Louis,63111.0,Single Family Residential,August-11-2025,49900,1675.0,False,29.791044776119403,3.0,1.5,1909.0,3424.0,,38.5508106,-90.2577498,https://www.redfin.com/MO/Saint-Louis/7307-Minnesota-Ave-63111/home/93710809
8226 Frederick St,Saint Louis,63147.0,Single Family Residential,July-14-2025,47000,1540.0,False,30.51948051948052,3.0,2.0,1907.0,2875.0,,38.71173,-90.2333892,https://www.redfin.com/MO/Saint-Louis/8226-Frederick-St-63147/home/93760550
4116 E Iowa Ave,Saint Louis,63118.0,Single Family Residential,August-29-2025,80000,2594.0,False,30.840400925212027,4.0,2.0,1907.0,5000.0,,38.5805229,-90.2308527,https://www.redfin.com/MO/Saint-Louis/4116-E-Iowa-Ave-63118/home/93705061
4339 Linton,Saint Louis,63107.0,Single Family Residential,September-16-2025,33333,1025.0,False,32.52,2.0,0.5,1902.0,3001.0,,38.6718073,-90.2170106,https://www.redfin.com/MO/Saint-Louis/4339-Linton-Ave-63107/home/93712881
6619 Vermont Ave,Saint Louis,63111.0,Single Family Residential,December-17-2025,45000,1322.0,False,34.039334341906205,1.0,2.0,1893.0,3990.0,,38.5575206,-90.2548907,https://www.redfin.com/MO/Saint-Louis/6619-Vermont-Ave-63111/home/93709861
3906 Bates,Saint Louis,63116.0,Single Family Residential,August-28-2025,75000,2070.0,False,36.231884057971016,3.0,1.5,1908.0,,,38.5717259,-90.2608123,https://www.redfin.com/MO/Saint-Louis/3906-Bates-St-63116/home/93781580
3841 Michigan Ave,Saint Louis,63118.0,Single Family Residential,October-17-2025,42000,1098.0,False,38.25136612021858,2.0,1.0,1894.0,3811.0,,38.5862498,-90.2377933,https://www.redfin.com/MO/Saint-Louis/3841-Michigan-Ave-63118/home/93695739
4419 Holly Ave,Saint Louis,63115.0,Single Family Residential,December-3-2025,65000,1700.0,False,38.23529411764706,4.0,1.5,1909.0,5423.0,,38.6769454,-90.228222,https://www.redfin.com/MO/Saint-Louis/4419-Holly-Ave-63115/home/93714503
6049 Shulte Ave,Saint Louis,63136.0,Single Family Residential,September-11-2025,75000,1938.0,False,38.69969040247678,3.0,1.5,1908.0,3498.0,,38.7078206,-90.254083,https://www.redfin.com/MO/Saint-Louis/6049-Shulte-Ave-63136/home/93758488
5653 Park Ln,Saint Louis,63136.0,Single Family Residential,December-1-2025,35900,880.0,False,40.79545454545455,2.0,1.0,1930.0,3088.0,,38.7083361,-90.251828,https://www.redfin.com/MO/Saint-Louis/5653-Park-Ln-63136/home/93769991
4871 Anderson Ave,Saint Louis,63115.0,Single Family Residential,,32500,768.0,False,42.317708333333336,3.0,1.0,1924.0,3720.0,,38.6818235,-90.2429328,https://www.redfin.com/MO/Saint-Louis/4871-Anderson-Ave-63115/home/93732968
4422 Pennsylvania Ave,Saint Louis,63111.0,Single Family Residential,August-26-2025,126900,3000.0,False,42.3,3.0,2.5,1896.0,3176.0,,38.5756246,-90.2369335,https://www.redfin.com/MO/Saint-Louis/4422-Pennsylvania-Ave-63111/home/93706067
4950 Labadie Ave,Saint Louis,63115.0,Single Family Residential,October-31-2025,143000,3300.0,False,43.333333333333336,4.0,1.5,1908.0,,,38.671678,-90.2538731,https://www.redfin.com/MO/Saint-Louis/4950-Labadie-Ave-63115/home/93755807
3417 Park Ave,Saint Louis,63104.0,Single Family Residential,September-30-2025,99900,2304.0,False,43.359375,3.0,2.0,1909.0,3563.0,,38.6204124,-90.2346454,https://www.redfin.com/MO/Saint-Louis/3417-Park-Ave-63104/home/93700999
3114 Clarence Ave,Saint Louis,63115.0,Single Family Residential,August-12-2025,39900,925.0,False,43.13513513513514,3.0,1.0,1958.0,,,38.6657755,-90.2363412,https://www.redfin.com/MO/Saint-Louis/3114-Clarence-Pl-63115/home/93736150
4341 Minnesota Ave,Saint Louis,63111.0,Single Family Residential,August-29-2025,46900,1094.0,False,42.87020109689214,0.0,2.0,1893.0,,,38.577139,-90.2383768,https://www.redfin.com/MO/Saint-Louis/4341-Minnesota-Ave-63111/home/93705880
6270 Gravois Ave,Saint Louis,63116.0,Single Family Residential,July-15-2025,49900,1100.0,False,45.36363636363637,0.0,2.0,1907.0,3049.0,,38.5738242,-90.2801722,https://www.redfin.com/MO/Saint-Louis/6270-Gravois-Ave-63116/home/62724793
3008 Chippewa St,Saint Louis,63118.0,Single Family Residential,October-20-2025,110000,2444.0,False,45.00818330605565,2.0,2.0,1920.0,,,38.5869932,-90.2353683,https://www.redfin.com/MO/Saint-Louis/3008-Chippewa-St-63118/home/93695956
4960 Thekla Ave,Saint Louis,63115.0,Single Family Residential,September-2-2025,90000,2000.0,False,45.0,2.0,1.0,1912.0,,,38.6878231,-90.2410143,https://www.redfin.com/MO/Saint-Louis/4960-Thekla-Ave-63115/home/93763161
4621 Evans Ave,Saint Louis,63113.0,Single Family Residential,November-19-2025,45000,945.0,False,47.61904761904762,2.0,1.0,1909.0,2604.0,,38.6585493,-90.2525247,https://www.redfin.com/MO/Saint-Louis/4621-Evans-Ave-63113/home/93721002
5276 Genevieve Ave,Saint Louis,63120.0,Single Family Residential,September-22-2025,50000,1012.0,False,49.40711462450593,2.0,1.0,1923.0,3123.0,,38.6974425,-90.2480493,https://www.redfin.com/MO/Saint-Louis/5276-Genevieve-Ave-63120/home/93763129
8460 Edna St,Saint Louis,63147.0,Single Family Residential,,64000,1288.0,False,49.68944099378882,3.0,1.0,1934.0,4800.0,,38.7152509,-90.2357294,https://www.redfin.com/MO/Saint-Louis/8460-Edna-St-63147/home/93731350
4859 Sacramento Ave,Saint Louis,63115.0,Single Family Residential,July-25-2025,54900,1104.0,False,49.72826086956522,2.0,1.0,1914.0,3598.0,,38.6755334,-90.2470025,https://www.redfin.com/MO/Saint-Louis/4859-Sacramento-Ave-63115/home/93732634
2912 Indiana Ave,Saint Louis,63118.0,Single Family Residential,August-28-2025,79900,1598.0,False,50.0,3.0,1.5,1890.0,3101.0,,38.6001888,-90.2225518,https://www.redfin.com/MO/Saint-Louis/2912-Indiana-Ave-63118/home/93699027
3030 Chippewa St,Saint Louis,63118.0,Single Family Residential,December-19-2025,79900,1588.0,False,50.31486146095718,3.0,2.0,1896.0,3123.0,,38.587015,-90.2358436,https://www.redfin.com/MO/Saint-Louis/3030-Chippewa-St-63118/home/93696023
5714 Maple Ave,Saint Louis,63112.0,Single Family Residential,October-8-2025,104500,2036.0,False,51.32612966601179,3.0,2.5,1893.0,4312.0,,38.660566,-90.2841077,https://www.redfin.com/MO/Saint-Louis/5714-Maple-Ave-63112/home/93709829
2012 Mallinckrodt St,Saint Louis,63107.0,Single Family Residential,October-24-2025,80000,1580.0,False,50.63291139240506,2.0,1.5,1898.0,,,38.6589264,-90.2026809,https://www.redfin.com/MO/Saint-Louis/2012-Mallinckrodt-St-63107/home/93688826
4844 Northland Ave,Saint Louis,63113.0,Single Family Residential,August-13-2025,58500,1128.0,False,51.861702127659576,3.0,1.0,1910.0,3920.0,,38.6673828,-90.2533702,https://www.redfin.com/MO/Saint-Louis/4844-Northland-Ave-63113/home/93737180
7027 Michigan Ave,Saint Louis,63111.0,Single Family Residential,December-18-2025,104900,2000.0,False,52.45,4.0,2.5,1895.0,5488.0,,38.5531949,-90.2567783,https://www.redfin.com/MO/Saint-Louis/7027-Michigan-Ave-63111/home/93710184
5447 Claxton Ave,Saint Louis,63120.0,Single Family Residential,August-22-2025,62000,1175.0,False,52.765957446808514,3.0,2.5,1922.0,3750.0,,38.6950967,-90.2413062,https://www.redfin.com/MO/Saint-Louis/5447-Claxton-Ave-63120/home/93764862
4430 Sexauer Ave,Saint Louis,63115.0,Single Family Residential,December-10-2025,64500,1212.0,False,53.21782178217822,2.0,1.0,1921.0,3959.0,,38.681931,-90.2381055,https://www.redfin.com/MO/Saint-Louis/4430-Sexauer-Ave-63115/home/93733135
6012 North Pointe Blvd,Saint Louis,63147.0,Single Family Residential,September-18-2025,110000,2066.0,False,53.24298160696999,3.0,2.0,1936.0,4373.0,,38.711434,-90.2501529,https://www.redfin.com/MO/Saint-Louis/6012-N-Pointe-Blvd-63147/home/93770348
5417 Pennsylvania Ave,Saint Louis,63111.0,Single Family Residential,December-23-2025,54900,1000.0,False,54.9,2.0,2.0,1951.0,5144.0,,38.5637674,-90.2422036,https://www.redfin.com/MO/Saint-Louis/5417-Pennsylvania-Ave-63111/home/93708189
4644 Michigan,Saint Louis,63111.0,Single Family Residential,October-7-2025,65000,1174.0,False,55.36626916524702,2.0,1.0,1900.0,3284.0,,38.5717288,-90.2402065,https://www.redfin.com/MO/Saint-Louis/4644-Michigan-Ave-63111/home/93706785
3125 Miami St,Saint Louis,63118.0,Single Family Residential,July-29-2025,119900,2188.0,False,54.79890310786106,4.0,2.0,1922.0,3528.0,,38.5911737,-90.2362949,https://www.redfin.com/MO/Saint-Louis/3125-Miami-St-63118/home/62745567
820 Elias Ave,Saint Louis,63147.0,Single Family Residential,October-23-2025,47500,832.0,False,57.09134615384615,3.0,2.0,1946.0,5079.0,,38.7209085,-90.2297256,https://www.redfin.com/MO/Saint-Louis/820-Elias-Ave-63147/home/93759941
4315 Lafayette Ave,Saint Louis,63110.0,Single Family Residential,October-6-2025,114900,2000.0,False,57.45,3.0,1.5,1920.0,4051.0,,38.618979,-90.2565915,https://www.redfin.com/MO/Saint-Louis/4315-Lafayette-Ave-63110/home/93753965
4526 Alice Ave,Saint Louis,63115.0,Single Family Residential,July-25-2025,85000,1472.0,False,57.744565217391305,3.0,1.0,1921.0,,,38.673002,-90.220802,https://www.redfin.com/MO/Saint-Louis/4526-Alice-Ave-63115/home/93713847
1412 Rowan Ave,Saint Louis,63112.0,Single Family Residential,December-19-2025,89000,1472.0,False,60.46195652173913,4.0,2.0,1905.0,3324.0,,38.6708181,-90.2827864,https://www.redfin.com/MO/Saint-Louis/1412-Rowan-Ave-63112/home/93678068
4312 Oregon Ave,Saint Louis,63111.0,Single Family Residential,October-29-2025,122000,2032.0,False,60.039370078740156,4.0,2.0,1914.0,4673.0,,38.5774308,-90.2343329,https://www.redfin.com/MO/Saint-Louis/4312-Oregon-Ave-63111/home/93705805
5226 Saint Louis Ave,Saint Louis,63115.0,Single Family Residential,August-1-2025,65000,1050.0,False,61.904761904761905,2.0,1.0,1924.0,5489.0,,38.6734405,-90.2603149,https://www.redfin.com/MO/Saint-Louis/5226-Saint-Louis-Ave-63115/home/93737349
5046 S 37th St,Saint Louis,63116.0,Single Family Residential,October-20-2025,115000,1850.0,False,62.16216216216216,3.0,2.0,1909.0,5680.0,,38.5728355,-90.2535524,https://www.redfin.com/MO/Saint-Louis/5046-S-37th-St-63116/home/93742425
7413 Michigan Ave,Saint Louis,63111.0,Single Family Residential,December-29-2025,150000,2394.0,False,62.65664160401003,4.0,2.0,1896.0,3698.0,,38.550645,-90.2596754,https://www.redfin.com/MO/Saint-Louis/7413-Michigan-Ave-63111/home/93710778
5232 Highland Ave,Saint Louis,63113.0,Single Family Residential,December-29-2025,65000,1030.0,False,63.10679611650485,3.0,1.5,1908.0,4173.0,,38.6700968,-90.2629098,https://www.redfin.com/MO/Saint-Louis/5232-Highland-Ave-63113/home/62739245
5756 Floy,Saint Louis,63136.0,Single Family Residential,October-17-2025,69000,1080.0,False,63.888888888888886,2.0,1.0,1927.0,,,38.7114811,-90.2547247,https://www.redfin.com/MO/Saint-Louis/5756-Floy-Ave-63136/home/93765411
3819 California Ave,Saint Louis,63118.0,Single Family Residential,November-7-2025,55000,864.0,False,63.657407407407405,2.0,1.0,1955.0,4216.0,,38.5861286,-90.231889,https://www.redfin.com/MO/Saint-Louis/3819-California-Ave-63118/home/93696136
1514 Grape Ave,Saint Louis,63147.0,Single Family Residential,August-28-2025,135000,2100.0,False,64.28571428571429,4.0,2.0,1934.0,5201.0,,38.7169822,-90.2419399,https://www.redfin.com/MO/Saint-Louis/1514-Grape-Ave-63147/home/93731739
5922 Lillian Ave,Saint Louis,63136.0,Single Family Residential,August-22-2025,58000,891.0,False,65.09539842873176,2.0,1.0,1949.0,4478.0,,38.6999372,-90.260418,https://www.redfin.com/MO/Saint-Louis/5922-Lillian-Ave-63136/home/93777938
2817 S Jefferson,Saint Louis,63118.0,Single Family Residential,October-31-2025,189900,2916.0,False,65.12345679012346,3.0,3.0,1882.0,,,38.6026874,-90.2239062,https://www.redfin.com/MO/Saint-Louis/2817-S-Jefferson-Ave-63118/home/93691732
4325 Morganford Rd,Saint Louis,63116.0,Single Family Residential,October-21-2025,119500,1778.0,False,67.2103487064117,4.0,2.0,1898.0,5797.0,,38.5889416,-90.2648299,https://www.redfin.com/MO/Saint-Louis/4325-Morganford-Rd-63116/home/93772026
4743 Louisiana Ave,Saint Louis,63111.0,Single Family Residential,September-29-2025,64950,954.0,False,68.08176100628931,1.0,1.0,1926.0,3484.0,,38.5724717,-90.2483467,https://www.redfin.com/MO/Saint-Louis/4743-Louisiana-Ave-63111/home/93707337
3931 Pennsylvania Ave,Saint Louis,63118.0,Single Family Residential,October-28-2025,69900,1009.0,False,69.27651139742319,4.0,1.0,1898.0,3811.0,,38.584441,-90.2357089,https://www.redfin.com/MO/Saint-Louis/3931-Pennsylvania-Ave-63118/home/93704347
4101 Lee Ave,Saint Louis,63115.0,Single Family Residential,September-25-2025,85000,1236.0,False,68.77022653721683,4.0,1.5,1971.0,3131.0,,38.6705229,-90.2232946,https://www.redfin.com/MO/Saint-Louis/4101-E-Lee-Ave-63115/home/93714956
5936 Theodore Ave,Saint Louis,63136.0,Single Family Residential,August-15-2025,70000,1008.0,False,69.44444444444444,3.0,2.0,1949.0,6251.0,,38.7022965,-90.2564459,https://www.redfin.com/MO/Saint-Louis/5936-Theodore-Ave-63136/home/93758717
3522 S Compton Ave,Saint Louis,63118.0,Single Family Residential,August-27-2025,159900,2306.0,False,69.34084995663487,3.0,2.0,1912.0,3938.0,,38.5921823,-90.2371205,https://www.redfin.com/MO/Saint-Louis/3522-S-Compton-Ave-63118/home/93695014
3757 Itaska St,Saint Louis,63116.0,Single Family Residential,September-30-2025,120000,1739.0,False,69.00517538815411,3.0,2.0,1960.0,4552.0,,38.5770337,-90.252818,https://www.redfin.com/MO/Saint-Louis/3757-Itaska-St-63116/home/93742464
1740 Grape Ave,Saint Louis,63147.0,Single Family Residential,September-15-2025,79900,1150.0,False,69.47826086956522,2.0,1.0,1941.0,4791.0,,38.7184891,-90.2480558,https://www.redfin.com/MO/Saint-Louis/1740-Grape-Ave-63147/home/93778782
4453 Morganford Rd,Saint Louis,63116.0,Single Family Residential,December-29-2025,60000,860.0,False,69.76744186046511,1.0,1.0,1923.0,3720.0,,38.5872572,-90.2653969,https://www.redfin.com/MO/Saint-Louis/4453-Morganford-Rd-63116/home/93764712
5968 Degiverville Ave,Saint Louis,63112.0,Single Family Residential,October-10-2025,120000,1684.0,False,71.25890736342043,3.0,1.0,1914.0,,,38.6540092,-90.2930654,https://www.redfin.com/MO/Saint-Louis/5968-De-Giverville-Ave-63112/home/93762540
4214 Bingham Ave,Saint Louis,63116.0,Single Family Residential,July-9-2025,99900,1408.0,False,70.95170454545455,2.0,2.0,1899.0,3676.0,,38.5885023,-90.2627747,https://www.redfin.com/MO/Saint-Louis/4214-Bingham-Ave-63116/home/93726563
2239 University St,Saint Louis,63107.0,Single Family Residential,August-11-2025,79900,1116.0,False,71.59498207885305,3.0,1.5,1972.0,3484.0,,38.6532619,-90.206268,https://www.redfin.com/MO/Saint-Louis/2239-University-St-63107/home/93687537
6336 Laura Ave,Saint Louis,63136.0,Single Family Residential,August-8-2025,62950,875.0,False,71.94285714285714,2.0,1.0,1926.0,3868.0,,38.7026486,-90.2639952,https://www.redfin.com/MO/Saint-Louis/6336-Laura-Ave-63136/home/93762169
3614 Iowa Ave,Saint Louis,63118.0,Single Family Residential,December-5-2025,149900,2064.0,False,72.62596899224806,4.0,2.5,1892.0,3175.0,,38.5896392,-90.2294771,https://www.redfin.com/MO/Saint-Louis/3614-Iowa-Ave-63118/home/93696177
3420 Alberta St,Saint Louis,63118.0,Single Family Residential,August-19-2025,100000,1365.0,False,73.26007326007326,3.0,1.0,1890.0,4626.0,,38.5850667,-90.2420256,https://www.redfin.com/MO/Saint-Louis/3420-Alberta-St-63118/home/93704826
4406 Gannett,Saint Louis,63116.0,Single Family Residential,September-26-2025,72800,1000.0,False,72.8,2.0,1.0,1940.0,,,38.584665,-90.2693951,https://www.redfin.com/MO/Saint-Louis/4406-Gannett-St-63116/home/93764136
4442 Morganford Rd,Saint Louis,63116.0,Single Family Residential,September-5-2025,175000,2370.0,False,73.83966244725738,3.0,3.0,1908.0,2186.0,,38.5872295,-90.2649468,https://www.redfin.com/MO/Saint-Louis/4442-Morganford-Rd-63116/home/62758278
5950 N Pointe Blvd,Saint Louis,63147.0,Single Family Residential,December-4-2025,90000,1215.0,False,74.07407407407408,3.0,1.0,1936.0,4373.0,,38.7105313,-90.2481517,https://www.redfin.com/MO/Saint-Louis/5950-N-Pointe-Blvd-63147/home/93769869
5613 Pennsylvania Ave,Saint Louis,63111.0,Single Family Residential,October-31-2025,69900,932.0,False,75.0,2.0,1.0,1888.0,3641.0,,38.562202,-90.2433003,https://www.redfin.com/MO/Saint-Louis/5613-Pennsylvania-Ave-63111/home/93708606
4023 Giles Ave,Saint Louis,63116.0,Single Family Residential,July-8-2025,89000,1188.0,False,74.91582491582491,2.0,1.5,1933.0,5401.0,,38.5848851,-90.2482048,https://www.redfin.com/MO/Saint-Louis/4023-Giles-Ave-63116/home/93772906
7505 Pennsylvania Ave,Saint Louis,63111.0,Single Family Residential,November-17-2025,135000,1788.0,False,75.50335570469798,4.0,1.5,1852.0,3497.0,,38.5487914,-90.258401,https://www.redfin.com/MO/Saint-Louis/7505-Pennsylvania-Ave-63111/home/93710919
5640 Hiller,Saint Louis,63136.0,Single Family Residential,October-14-2025,79900,1050.0,False,76.0952380952381,2.0,1.0,1930.0,,,38.7082938,-90.2524513,https://www.redfin.com/MO/Saint-Louis/5640-Hiller-Pl-63136/home/62719986
217 W Schirmer St,Saint Louis,63111.0,Single Family Residential,August-29-2025,59900,777.0,False,77.0913770913771,2.0,1.0,1964.0,3498.0,,38.5478645,-90.2601613,https://www.redfin.com/MO/Saint-Louis/217-Schirmer-St-63111/home/63496781
8648 Oriole Ave,Saint Louis,63147.0,Single Family Residential,August-1-2025,85000,1104.0,False,76.9927536231884,4.0,1.5,1921.0,,,38.7145645,-90.2390907,https://www.redfin.com/MO/Saint-Louis/8648-Oriole-Ave-63147/home/93731159
3240 Michigan Ave,Saint Louis,63118.0,Single Family Residential,December-11-2025,149900,1938.0,False,77.34778121775025,3.0,2.0,1912.0,3001.0,,38.596931,-90.2350071,https://www.redfin.com/MO/Saint-Louis/3240-Michigan-Ave-63118/home/93693468
1025 Hornsby Ave,Saint Louis,63147.0,Single Family Residential,December-17-2025,86000,1110.0,False,77.47747747747748,3.0,1.5,1924.0,5623.0,,38.7190136,-90.2338255,https://www.redfin.com/MO/Saint-Louis/1025-Hornsby-Ave-63147/home/93760931
5141 Dresden Ave,Saint Louis,63116.0,Single Family Residential,November-18-2025,89900,1148.0,False,78.31010452961672,1.0,2.5,1910.0,3267.0,,38.5806928,-90.2748134,https://www.redfin.com/MO/Saint-Louis/5141-Dresden-Ave-63116/home/93764014
6016 Minnesota Ave,Saint Louis,63111.0,Single Family Residential,December-15-2025,65000,829.0,False,78.40772014475272,1.0,2.0,1904.0,3423.0,,38.5596992,-90.2468319,https://www.redfin.com/MO/Saint-Louis/6016-Minnesota-Ave-63111/home/93709125
5713 Goodfellow Blvd,Saint Louis,63136.0,Single Family Residential,November-5-2025,75000,960.0,False,78.125,2.0,1.0,1952.0,3750.0,,38.7117411,-90.2563099,https://www.redfin.com/MO/Saint-Louis/5713-Goodfellow-Blvd-63136/home/93761214
887 Wall St,Saint Louis,63147.0,Single Family Residential,November-6-2025,84900,1080.0,False,78.61111111111111,2.0,1.0,1930.0,4971.0,,38.7197411,-90.2322826,https://www.redfin.com/MO/Saint-Louis/887-Wall-St-63147/home/77407593
5021 Davison,Saint Louis,63120.0,Single Family Residential,August-25-2025,70000,874.0,False,80.09153318077803,2.0,1.0,1948.0,3005.0,,38.6940976,-90.2510864,https://www.redfin.com/MO/Saint-Louis/5021-Davison-Ave-63120/home/93755100
3540 Michigan Ave,Saint Louis,63118.0,Single Family Residential,October-22-2025,140000,1758.0,False,79.63594994311718,4.0,2.0,1922.0,3811.0,,38.5915226,-90.2361362,https://www.redfin.com/MO/Saint-Louis/3540-Michigan-Ave-63118/home/93694890
3658 Salena St,Saint Louis,63118.0,Single Family Residential,October-29-2025,165000,2052.0,False,80.4093567251462,3.0,2.5,1903.0,1999.0,,38.5873272,-90.22097,https://www.redfin.com/MO/Saint-Louis/3658-Salena-St-63118/home/62687641
4740 Nebraska Ave,Saint Louis,63111.0,Single Family Residential,October-9-2025,99000,1197.0,False,82.70676691729324,2.0,1.0,1906.0,3798.0,,38.5694382,-90.2372009,https://www.redfin.com/MO/Saint-Louis/4740-Nebraska-Ave-63111/home/93706889
4300 Dewey Ave,Saint Louis,63116.0,Single Family Residential,July-28-2025,187000,2244.0,False,83.33333333333333,2.0,2.0,1922.0,5140.0,,38.5807753,-90.2480438,https://www.redfin.com/MO/Saint-Louis/4300-Dewey-Ave-63116/home/93706005
5636 Winona Ave,Saint Louis,63109.0,Single Family Residential,September-3-2025,420000,1283.0,False,327.3577552611068,4.0,2.5,1960.0,4399.0,,38.5916922,-90.2888418,https://www.redfin.com/MO/Saint-Louis/5636-Winona-Ave-63109/home/93781629
3841 Bowen St,Saint Louis,63116.0,Single Family Residential,July-8-2025,379000,1176.0,False,322.27891156462584,3.0,1.5,1928.0,5040.0,,38.5670055,-90.262536,https://www.redfin.com/MO/Saint-Louis/3841-Bowen-St-63116/home/93773632
2103 Boardman St,Saint Louis,63110.0,Single Family Residential,December-3-2025,425000,1346.0,False,315.75037147102523,2.0,2.5,2021.0,2495.0,,38.6152485,-90.2703315,https://www.redfin.com/MO/Saint-Louis/2103-Boardman-St-63110/home/173620164
2326 Hickory St,Saint Louis,63104.0,Townhouse,November-20-2025,275000,910.0,False,302.1978021978022,2.0,2.5,1986.0,3131.0,,38.6199651,-90.2183054,https://www.redfin.com/MO/Saint-Louis/2326-Hickory-St-63104/home/93700591
6297 Magnolia Ave,St. Louis,63139.0,Single Family Residential,November-4-2025,549900,1840.0,False,298.85869565217394,3.0,2.5,2025.0,5790.0,,38.612079,-90.2956772,https://www.redfin.com/MO/St-Louis/6297-Magnolia-Ave-63139/home/192669047
6543 Hancock Ave,Saint Louis,63139.0,Single Family Residential,August-22-2025,229000,768.0,False,298.1770833333333,3.0,3.0,1926.0,3123.0,,38.6008917,-90.3015184,https://www.redfin.com/MO/Saint-Louis/6543-Hancock-Ave-63139/home/90732000
4080 Burgen Ave,Saint Louis,63116.0,Single Family Residential,October-14-2025,265000,897.0,False,295.42920847268675,2.0,1.0,1928.0,3327.0,,38.5732327,-90.2662042,https://www.redfin.com/MO/Saint-Louis/4080-Burgen-Ave-63116/home/93761954
3119 Tamm Ave,Saint Louis,63139.0,Single Family Residential,July-23-2025,249000,845.0,False,294.67455621301775,3.0,1.0,1925.0,3750.0,,38.6071476,-90.2965866,https://www.redfin.com/MO/Saint-Louis/3119-Tamm-Ave-63139/home/93772162
6646 Mardel Ave,Saint Louis,63109.0,Single Family Residential,October-29-2025,295000,1000.0,False,295.0,3.0,1.0,1937.0,4199.0,,38.5961145,-90.305674,https://www.redfin.com/MO/Saint-Louis/6646-Mardel-Ave-63109/home/93774875
1508 Graham,Saint Louis,63139.0,Single Family Residential,August-6-2025,540000,1836.0,False,294.11764705882354,3.0,2.5,2025.0,,,38.6230432,-90.2913206,https://www.redfin.com/MO/Saint-Louis/1508-Graham-St-63139/home/93761918
6272 Magnolia Ave,Saint Louis,63139.0,Single Family Residential,August-27-2025,224900,770.0,False,292.0779220779221,2.0,2.0,1918.0,,,38.6116938,-90.2951671,https://www.redfin.com/MO/Saint-Louis/6272-Magnolia-Ave-63139/home/93754746
2323 Macklind Ave,Saint Louis,63110.0,Single Family Residential,September-19-2025,359900,1238.0,False,290.7108239095315,2.0,2.0,1925.0,4373.0,,38.6130636,-90.2781565,https://www.redfin.com/MO/Saint-Louis/2323-Macklind-Ave-63110/home/93771688
5872 Walsh St,Saint Louis,63109.0,Single Family Residential,October-22-2025,584900,2040.0,False,286.7156862745098,3.0,2.5,1951.0,4373.0,,38.5834242,-90.2956523,https://www.redfin.com/MO/Saint-Louis/5872-Walsh-St-63109/home/93768784
5425 Pernod Ave,Saint Louis,63139.0,Single Family Residential,November-12-2025,339000,1188.0,False,285.35353535353534,4.0,2.0,1939.0,4591.0,,38.5958459,-90.2823811,https://www.redfin.com/MO/Saint-Louis/5425-Pernod-Ave-63139/home/93742298
2123 Boardman St,Saint Louis,63110.0,Single Family Residential,July-31-2025,575000,2019.0,False,284.7944526993561,3.0,3.5,2021.0,2496.0,,38.6145576,-90.2704681,https://www.redfin.com/MO/Saint-Louis/2123-Boardman-St-63110/home/173620154
4216 Wyoming St,Saint Louis,63116.0,Single Family Residential,October-23-2025,269900,958.0,False,281.7327766179541,2.0,1.5,1905.0,3101.0,,38.6003367,-90.2591421,https://www.redfin.com/MO/Saint-Louis/4216-Wyoming-St-63116/home/93729443
5406 Reber Pl,Saint Louis,63139.0,Single Family Residential,November-25-2025,259900,935.0,False,277.96791443850265,2.0,2.0,1896.0,3123.0,,38.6083175,-90.2793431,https://www.redfin.com/MO/Saint-Louis/5406-Reber-Pl-63139/home/93727377
6309 Potomac St,Saint Louis,63139.0,Single Family Residential,October-7-2025,280000,1008.0,False,277.77777777777777,2.0,2.0,1946.0,4373.0,,38.5990336,-90.2964398,https://www.redfin.com/MO/Saint-Louis/6309-Potomac-St-63139/home/89124361
6365 Lansdowne Ave,Saint Louis,63109.0,Single Family Residential,September-4-2025,325000,1179.0,False,275.65733672603903,3.0,2.0,1950.0,5000.0,,38.5905169,-90.2994683,https://www.redfin.com/MO/Saint-Louis/6365-Lansdowne-Ave-63109/home/93780101
6312 Berthold Ave,Saint Louis,63139.0,Single Family Residential,December-16-2025,299900,1088.0,False,275.64338235294116,2.0,1.0,1947.0,4599.0,,38.6297412,-90.291668,https://www.redfin.com/MO/Saint-Louis/6312-Berthold-Ave-63139/home/93707617
5477 Marquette Ave,Saint Louis,63139.0,Single Family Residential,October-7-2025,289900,1056.0,False,274.5265151515151,2.0,1.0,1953.0,4791.0,,38.5986608,-90.2839547,https://www.redfin.com/MO/Saint-Louis/5477-Marquette-Ave-63139/home/62723051
5660 Pernod Ave,Saint Louis,63139.0,Single Family Residential,August-28-2025,270000,983.0,False,274.66937945066127,2.0,1.0,1951.0,5706.0,,38.5959525,-90.2874378,https://www.redfin.com/MO/Saint-Louis/5660-Pernod-Ave-63139/home/93781941
5504 Mardel Ave,Saint Louis,63109.0,Single Family Residential,November-21-2025,259900,948.0,False,274.15611814345993,2.0,2.0,1947.0,4438.0,,38.5941027,-90.2859194,https://www.redfin.com/MO/Saint-Louis/5504-Mardel-Ave-63109/home/62733343
5534 Devonshire Ave,Saint Louis,63109.0,Single Family Residential,October-15-2025,269000,985.0,False,273.0964467005076,2.0,1.0,1921.0,3750.0,,38.5879036,-90.2869514,https://www.redfin.com/MO/Saint-Louis/5534-Devonshire-Ave-63109/home/93753292
1943 Mccausland Ave,Saint Louis,63117.0,Single Family Residential,July-8-2025,219900,805.0,False,273.167701863354,2.0,1.5,1960.0,4918.0,,38.6217589,-90.3084603,https://www.redfin.com/MO/Saint-Louis/1943-McCausland-Ave-63117/home/93744119
2125 Boardman St,Saint Louis,63110.0,Single Family Residential,December-5-2025,550000,2019.0,False,272.41208519068846,3.0,3.5,2022.0,2495.0,,38.614496,-90.2704865,https://www.redfin.com/MO/Saint-Louis/2125-Boardman-St-63110/home/173620153
5616 Neosho St,Saint Louis,63109.0,Single Family Residential,December-4-2025,399900,1468.0,False,272.4114441416894,3.0,2.0,1933.0,3750.0,,38.5854523,-90.2893228,https://www.redfin.com/MO/Saint-Louis/5616-Neosho-St-63109/home/62718027
5708 Columbia Ave,Saint Louis,63139.0,Single Family Residential,December-10-2025,219900,814.0,False,270.1474201474201,2.0,2.0,1915.0,4125.0,,38.6116426,-90.2837429,https://www.redfin.com/MO/Saint-Louis/5708-Columbia-Ave-63139/home/93726781
6756 Dolan Pl,Saint Louis,63139.0,Single Family Residential,December-22-2025,229900,864.0,False,266.087962962963,2.0,1.0,1953.0,3397.0,,38.6296917,-90.3025611,https://www.redfin.com/MO/Saint-Louis/6756-Dolan-Pl-63139/home/93740474
1333 Ripple St,Saint Louis,63139.0,Single Family Residential,December-4-2025,239900,901.0,False,266.2597114317425,3.0,2.0,1994.0,6499.0,,38.6259745,-90.2904201,https://www.redfin.com/MO/Saint-Louis/1333-Ripple-St-63139/home/93726452
6023 Arsenal St,Saint Louis,63139.0,Single Family Residential,December-19-2025,245000,924.0,False,265.1515151515151,2.0,1.5,1924.0,3750.0,,38.6073765,-90.2912755,https://www.redfin.com/MO/Saint-Louis/6023-Arsenal-St-63139/home/93768866
6232 Devonshire Ave,Saint Louis,63109.0,Single Family Residential,September-12-2025,415000,1564.0,False,265.3452685421995,2.0,1.5,1937.0,,,38.5888936,-90.2967514,https://www.redfin.com/MO/Saint-Louis/6232-Devonshire-Ave-63109/home/81562910
1933 Blendon Pl,Saint Louis,63143.0,Single Family Residential,December-19-2025,200000,756.0,False,264.55026455026456,2.0,1.0,1926.0,5880.0,,38.6219491,-90.3101344,https://www.redfin.com/MO/Saint-Louis/1933-Blendon-Pl-63143/home/93744213
6044 Sutherland Ave,Saint Louis,63109.0,Single Family Residential,October-3-2025,379000,1440.0,False,263.19444444444446,4.0,2.0,1941.0,4373.0,,38.5906299,-90.2961909,https://www.redfin.com/MO/Saint-Louis/6044-Sutherland-Ave-63109/home/93782418
2016 Hereford St,Saint Louis,63110.0,Single Family Residential,October-21-2025,530000,2019.0,False,262.5061911837543,3.0,3.5,2021.0,2909.0,,38.6158725,-90.2707063,https://www.redfin.com/MO/Saint-Louis/2016-Hereford-St-63110/home/173620199
4064 Potomac St,Saint Louis,63116.0,Single Family Residential,October-15-2025,229900,876.0,False,262.4429223744292,2.0,1.0,1927.0,3598.0,,38.5947719,-90.2561678,https://www.redfin.com/MO/Saint-Louis/4064-Potomac-St-63116/home/77280528
4333 Laclede Ave Unit D,Saint Louis,63108.0,Townhouse,July-25-2025,327000,1248.0,False,262.0192307692308,2.0,2.5,1985.0,148.0,,38.6385796,-90.2525063,https://www.redfin.com/MO/Saint-Louis/4333-Laclede-Ave-63108/unit-D/home/62768283
5632 Bischoff Ave,Saint Louis,63110.0,Single Family Residential,November-20-2025,359000,1375.0,False,261.09090909090907,3.0,1.0,1950.0,,,38.6159444,-90.2818811,https://www.redfin.com/MO/Saint-Louis/5632-Bischoff-Ave-63110/home/93727065
7022 Ethel Ave,Saint Louis,63117.0,Single Family Residential,November-4-2025,375000,1440.0,False,260.4166666666667,3.0,1.5,1913.0,4112.0,,38.6317526,-90.3066909,https://www.redfin.com/MO/Saint-Louis/7022-Ethel-Ave-63117/home/93740189
7365 Marwinette Ave,Saint Louis,63116.0,Single Family Residential,August-29-2025,249900,969.0,False,257.89473684210526,3.0,2.0,1956.0,5501.0,,38.5583238,-90.2761613,https://www.redfin.com/MO/Saint-Louis/7365-Marwinette-Ave-63116/home/93785094
3734 Arsenal St,Saint Louis,63116.0,Single Family Residential,September-10-2025,420000,1636.0,False,256.7237163814181,4.0,2.0,1905.0,4456.0,,38.6029515,-90.2459453,https://www.redfin.com/MO/Saint-Louis/3734-Arsenal-St-63116/home/93675401
6619 Dale Ave,Saint Louis,63139.0,Single Family Residential,July-29-2025,200000,780.0,False,256.4102564102564,2.0,1.5,1978.0,5458.0,,38.624994,-90.2996005,https://www.redfin.com/MO/Saint-Louis/6619-Dale-Ave-63139/home/93740747
5541 Columbia Ave,Saint Louis,63139.0,Single Family Residential,July-16-2025,265000,1040.0,False,254.80769230769232,2.0,1.5,1906.0,3354.0,,38.611831,-90.2818402,https://www.redfin.com/MO/Saint-Louis/5541-Columbia-Ave-63139/home/93727027
4819 Milentz Ave,Saint Louis,63116.0,Single Family Residential,October-8-2025,290000,1139.0,False,254.60930640913082,3.0,2.0,1923.0,,,38.5769509,-90.2808531,https://www.redfin.com/MO/Saint-Louis/4819-Milentz-Ave-63116/home/62767027
2235 Cuggiono Ct,Saint Louis,63110.0,Single Family Residential,November-10-2025,380000,1488.0,False,255.3763440860215,3.0,2.5,1992.0,,,38.6132311,-90.2721089,https://www.redfin.com/MO/Saint-Louis/2235-Cuggiono-Ct-63110/home/93769430
6659 Tholozan Ave,Saint Louis,63109.0,Single Family Residential,November-17-2025,299900,1178.0,False,254.58404074702887,3.0,1.0,1951.0,4809.0,,38.597408,-90.305957,https://www.redfin.com/MO/Saint-Louis/6659-Tholozan-Ave-63109/home/93775056
5337 Winona Ave,Saint Louis,63109.0,Single Family Residential,October-20-2025,325000,1274.0,False,255.10204081632654,3.0,2.5,1933.0,,,38.5914119,-90.2827197,https://www.redfin.com/MO/Saint-Louis/5337-Winona-Ave-63109/home/62749403
3271 Alfred Ave,Saint Louis,63116.0,Single Family Residential,July-11-2025,219000,864.0,False,253.47222222222223,3.0,1.0,1929.0,4965.0,,38.5995252,-90.2642101,https://www.redfin.com/MO/Saint-Louis/3271-Alfred-Ave-63116/home/93785791
4357 Miami St,Saint Louis,63116.0,Single Family Residential,August-22-2025,209900,830.0,False,252.89156626506025,2.0,1.0,1926.0,3528.0,,38.5943529,-90.2648017,https://www.redfin.com/MO/Saint-Louis/4357-Miami-St-63116/home/93730044
5736 Lindenwood Ave,Saint Louis,63109.0,Single Family Residential,December-9-2025,263999,1044.0,False,252.87260536398466,2.0,1.0,1940.0,3841.0,,38.5937349,-90.2905794,https://www.redfin.com/MO/Saint-Louis/5736-Lindenwood-Ave-63109/home/93780954
5236 Lansdowne Ave,Saint Louis,63109.0,Single Family Residential,November-6-2025,399000,1578.0,False,252.85171102661596,3.0,2.0,1910.0,6250.0,,38.5882041,-90.2813556,https://www.redfin.com/MO/Saint-Louis/5236-Lansdowne-Ave-63109/home/93753006
5460 Walsh St,Saint Louis,63109.0,Single Family Residential,September-8-2025,260000,1032.0,False,251.93798449612405,2.0,1.0,1940.0,3659.0,,38.5825084,-90.2872217,https://www.redfin.com/MO/Saint-Louis/5460-Walsh-St-63109/home/93767778
4016 Parker Ave,Saint Louis,63116.0,Single Family Residential,July-25-2025,274900,1091.0,False,251.97066911090744,2.0,1.0,1936.0,3271.0,,38.5961759,-90.2542614,https://www.redfin.com/MO/Saint-Louis/4016-Parker-Ave-63116/home/93729098
1612 Mississippi Ave,Saint Louis,63104.0,Single Family Residential,August-7-2025,525000,2090.0,False,251.19617224880383,2.0,3.0,2010.0,2078.0,,38.6145731,-90.2137383,https://www.redfin.com/MO/Saint-Louis/1612-Mississippi-Ave-63104/home/93672856
1424 Louisville Ave,Saint Louis,63139.0,Single Family Residential,October-6-2025,239900,960.0,False,249.89583333333334,2.0,1.0,1931.0,3571.0,,38.6246456,-90.2980796,https://www.redfin.com/MO/Saint-Louis/1424-Louisville-Ave-63139/home/93740864
4940 Walsh St,Saint Louis,63109.0,Single Family Residential,December-9-2025,250000,1002.0,False,249.500998003992,3.0,2.0,1924.0,3885.0,,38.5817616,-90.2801167,https://www.redfin.com/MO/Saint-Louis/4940-Walsh-St-63109/home/62724238
5340 Tholozan Ave,Saint Louis,63109.0,Single Family Residential,November-20-2025,350000,1402.0,False,249.64336661911554,3.0,2.0,1932.0,4199.0,,38.594556,-90.2822436,https://www.redfin.com/MO/Saint-Louis/5340-Tholozan-Ave-63109/home/93781817
6550 Walsh St,Saint Louis,63109.0,Single Family Residential,September-19-2025,465000,1868.0,False,248.92933618843682,3.0,1.5,1935.0,5688.0,,38.5843168,-90.3061644,https://www.redfin.com/MO/Saint-Louis/6550-Walsh-St-63109/home/93779692
6429 Southwest Ave,Saint Louis,63139.0,Single Family Residential,August-25-2025,249900,1005.0,False,248.65671641791045,2.0,1.0,1938.0,4181.0,,38.6128186,-90.2966482,https://www.redfin.com/MO/Saint-Louis/6429-Southwest-Ave-63139/home/93784630
5858 Kingwood Dr,Saint Louis,63123.0,Single Family Residential,July-2-2025,215000,864.0,False,248.84259259259258,2.0,1.0,1943.0,5092.0,,38.5804255,-90.3130814,https://www.redfin.com/MO/Saint-Louis/5858-Kingwood-Dr-63123/home/93782482
2910 Missouri,Saint Louis,63118.0,Single Family Residential,November-21-2025,550000,2214.0,False,248.41915085817524,3.0,2.5,1886.0,,,38.5999502,-90.2214445,https://www.redfin.com/MO/Saint-Louis/2910-Missouri-Ave-63118/home/93699035
6532 Southwest Ave,Saint Louis,63139.0,Single Family Residential,September-30-2025,205000,825.0,False,248.4848484848485,2.0,1.0,1951.0,4268.0,,38.6121415,-90.299193,https://www.redfin.com/MO/Saint-Louis/6532-Southwest-Ave-63139/home/93743732
5911 Scanlan Ave,Saint Louis,63139.0,Single Family Residential,October-27-2025,238999,972.0,False,245.88374485596708,2.0,1.0,1929.0,4617.0,,38.6044966,-90.2888482,https://www.redfin.com/MO/Saint-Louis/5911-Scanlan-Ave-63139/home/93775805
5733 Delor Dr,Saint Louis,63109.0,Single Family Residential,November-25-2025,275000,1116.0,False,246.415770609319,2.0,1.0,1936.0,3750.0,,38.5842438,-90.2912276,https://www.redfin.com/MO/Saint-Louis/5733-Delor-St-63109/home/93768114
3932 Humphrey St,Saint Louis,63116.0,Single Family Residential,December-30-2025,262500,1070.0,False,245.3271028037383,2.0,1.0,1919.0,3720.0,,38.5987058,-90.2515953,https://www.redfin.com/MO/Saint-Louis/3932-Humphrey-St-63116/home/93729416
4020 Neosho St,Saint Louis,63116.0,Single Family Residential,July-25-2025,219900,897.0,False,245.1505016722408,2.0,1.0,1925.0,4665.0,,38.5813514,-90.2593266,https://www.redfin.com/MO/Saint-Louis/4020-Neosho-St-63116/home/93767225
3123 Alfred Ave,Saint Louis,63116.0,Single Family Residential,September-17-2025,349900,1426.0,False,245.37166900420758,3.0,2.0,1910.0,3920.0,,38.6040627,-90.2634829,https://www.redfin.com/MO/Saint-Louis/3123-Alfred-Ave-63116/home/93748603
5114 Rosa Ave,Saint Louis,63109.0,Single Family Residential,August-28-2025,195000,800.0,False,243.75,2.0,1.0,1921.0,3811.0,,38.5802874,-90.2826032,https://www.redfin.com/MO/Saint-Louis/5114-Rosa-Ave-63109/home/93769455
4130 Fillmore St,Saint Louis,63116.0,Single Family Residential,July-3-2025,187500,768.0,False,244.140625,2.0,1.0,1926.0,3314.0,,38.5720313,-90.2694423,https://www.redfin.com/MO/Saint-Louis/4130-Fillmore-St-63116/home/93776339
6039 Oleatha Ave,Saint Louis,63139.0,Single Family Residential,October-24-2025,350000,1432.0,False,244.41340782122904,3.0,1.5,1940.0,4356.0,,38.5979052,-90.2941563,https://www.redfin.com/MO/Saint-Louis/6039-Oleatha-Ave-63139/home/93775370
4328 Laclede Ave,Saint Louis,63108.0,Single Family Residential,July-17-2025,550000,2264.0,False,242.93286219081273,3.0,2.5,1895.0,3484.0,,38.6380591,-90.2527304,https://www.redfin.com/MO/Saint-Louis/4328-Laclede-Ave-63108/home/62694008
7114 Bancroft Ave,Saint Louis,63109.0,Single Family Residential,December-4-2025,190000,783.0,False,242.65644955300127,2.0,1.0,1929.0,5401.0,,38.5937148,-90.3166672,https://www.redfin.com/MO/Saint-Louis/7114-Bancroft-Ave-63109/home/93749072
4034 Parker Ave,Saint Louis,63116.0,Single Family Residential,July-18-2025,319900,1318.0,False,242.71623672230652,3.0,2.0,1936.0,3271.0,,38.5962575,-90.2548791,https://www.redfin.com/MO/Saint-Louis/4034-Parker-Ave-63116/home/93729061
4080 Fillmore St. St,Saint Louis,63116.0,Single Family Residential,August-6-2025,250000,1030.0,False,242.71844660194174,3.0,1.0,1925.0,5401.0,,38.5710193,-90.2680093,https://www.redfin.com/MO/Saint-Louis/4080-Fillmore-St-63116/home/93770887
4068 Utah St,Saint Louis,63116.0,Single Family Residential,September-16-2025,259900,1071.0,False,242.6704014939309,2.0,1.0,1923.0,4761.0,,38.598213,-90.2558179,https://www.redfin.com/MO/Saint-Louis/4068-Utah-St-63116/home/62842554
5421 Itaska St,Saint Louis,63109.0,Single Family Residential,November-26-2025,325000,1340.0,False,242.53731343283582,3.0,1.5,1910.0,3750.0,,38.5845548,-90.2854927,https://www.redfin.com/MO/Saint-Louis/5421-Itaska-St-63109/home/93765288
4721 Prague Ave,Saint Louis,63109.0,Single Family Residential,August-14-2025,550000,2273.0,False,241.97096348438188,4.0,2.5,1932.0,4800.0,,38.5875059,-90.2978139,https://www.redfin.com/MO/Saint-Louis/4721-Prague-Ave-63109/home/93780248
5525 Magnolia Ave,Saint Louis,63139.0,Single Family Residential,August-5-2025,199900,826.0,False,242.00968523002422,1.0,1.0,1894.0,3049.0,,38.610428,-90.2814971,https://www.redfin.com/MO/Saint-Louis/5525-Magnolia-Ave-63139/home/93727273
5579 Lansdowne Ave,Saint Louis,63109.0,Single Family Residential,December-4-2025,269900,1116.0,False,241.84587813620072,3.0,2.0,1916.0,3750.0,,38.5892373,-90.2874778,https://www.redfin.com/MO/Saint-Louis/5579-Lansdowne-Ave-63109/home/62756753
29 Benton Pl,Saint Louis,63104.0,Single Family Residential,November-21-2025,400000,1650.0,False,242.42424242424244,2.0,2.5,1900.0,3698.0,,38.6192861,-90.215276,https://www.redfin.com/MO/Saint-Louis/29-Benton-Pl-63104/home/93701232
5520 Nottingham Ave,Saint Louis,63109.0,Single Family Residential,September-24-2025,265000,1100.0,False,240.9090909090909,2.0,1.0,1931.0,3750.0,,38.5862406,-90.2883145,https://www.redfin.com/MO/Saint-Louis/5520-Nottingham-Ave-63109/home/93765278
4939 Nottingham Ave,Saint Louis,63109.0,Single Family Residential,December-22-2025,399900,1656.0,False,241.4855072463768,3.0,1.5,1924.0,3624.0,,38.5856693,-90.278142,https://www.redfin.com/MO/Saint-Louis/4939-Nottingham-Ave-63109/home/93753326
6517 Tholozan Ave,Saint Louis,63109.0,Single Family Residential,December-15-2025,310000,1290.0,False,240.31007751937983,2.0,2.0,1941.0,4373.0,,38.5968777,-90.3013861,https://www.redfin.com/MO/Saint-Louis/6517-Tholozan-Ave-63109/home/93775003
4421 Rosa Ave,Saint Louis,63116.0,Single Family Residential,September-23-2025,200000,832.0,False,240.3846153846154,2.0,1.5,1927.0,,,38.5746114,-90.2757397,https://www.redfin.com/MO/Saint-Louis/4421-Rosa-Ave-63116/home/93772830
4388 Maryland Ave,Saint Louis,63108.0,Single Family Residential,July-31-2025,499000,2081.0,False,239.78856319077366,3.0,2.0,1895.0,5323.0,,38.6427566,-90.253294,https://www.redfin.com/MO/Saint-Louis/4388-Maryland-Ave-63108/home/93725224
5864 Walsh St,Saint Louis,63109.0,Single Family Residential,December-3-2025,474900,1980.0,False,239.84848484848484,3.0,1.5,1933.0,4720.0,,38.5833723,-90.295412,https://www.redfin.com/MO/Saint-Louis/5864-Walsh-St-63109/home/93768814
1126 Art Hill Pl,Saint Louis,63139.0,Single Family Residential,November-13-2025,255000,1061.0,False,240.33930254476908,2.0,1.0,1939.0,4360.0,,38.6292909,-90.2934531,https://www.redfin.com/MO/Saint-Louis/1126-Art-Hill-Pl-63139/home/93782284
4169 Parker Ave,Saint Louis,63116.0,Single Family Residential,November-7-2025,249900,1040.0,False,240.28846153846155,2.0,1.0,1953.0,3998.0,,38.5970849,-90.2587912,https://www.redfin.com/MO/Saint-Louis/4169-Parker-Ave-63116/home/93728877
4109 Upton Ct,Saint Louis,63116.0,Single Family Residential,December-5-2025,225000,940.0,False,239.36170212765958,2.0,2.0,1953.0,5401.0,,38.5620412,-90.2786924,https://www.redfin.com/MO/Saint-Louis/4109-Upton-Ct-63116/home/93784287
1037 Louisville Ave,Saint Louis,63139.0,Single Family Residential,July-16-2025,335000,1400.0,False,239.28571428571428,3.0,1.5,1920.0,4064.0,,38.6307256,-90.2969114,https://www.redfin.com/MO/Saint-Louis/1037-Louisville-Ave-63139/home/93740404
6821 W Park Ave,Saint Louis,63139.0,Single Family Residential,December-5-2025,199900,836.0,False,239.11483253588517,2.0,1.0,1925.0,3659.0,,38.6285267,-90.3042326,https://www.redfin.com/MO/Saint-Louis/6821-W-Park-Ave-63139/home/93765627
4151 Hartford St,Saint Louis,63116.0,Single Family Residential,October-28-2025,399000,1668.0,False,239.20863309352518,3.0,2.5,1909.0,3484.0,,38.6034239,-90.2571081,https://www.redfin.com/MO/Saint-Louis/4151-Hartford-St-63116/home/93751066
6027 Arsenal St,Saint Louis,63139.0,Single Family Residential,July-10-2025,269900,1132.0,False,238.42756183745584,2.0,1.5,1927.0,,,38.6073632,-90.2912983,https://www.redfin.com/MO/Saint-Louis/6027-Arsenal-St-63139/home/93768867
4170 Utah St,Saint Louis,63116.0,Single Family Residential,September-25-2025,249900,1054.0,False,237.09677419354838,2.0,1.0,1945.0,5458.0,,38.5984837,-90.2585687,https://www.redfin.com/MO/Saint-Louis/4170-Utah-St-63116/home/86088363
3880 Hartford St,Saint Louis,63116.0,Single Family Residential,August-15-2025,449900,1898.0,False,237.03898840885142,4.0,2.5,1901.0,3998.0,,38.6022823,-90.2491312,https://www.redfin.com/MO/Saint-Louis/3880-Hartford-St-63116/home/62729843
5225 Quincy St,Saint Louis,63109.0,Single Family Residential,July-1-2025,248900,1050.0,False,237.04761904761904,2.0,1.5,1925.0,4657.0,,38.5717092,-90.2895577,https://www.redfin.com/MO/Saint-Louis/5225-Quincy-St-63109/home/93771485
2002 Rutger St,Saint Louis,63104.0,Townhouse,October-30-2025,599000,2526.0,False,237.13380839271576,3.0,2.5,1874.0,2526.0,,38.6182071,-90.2134203,https://www.redfin.com/MO/Saint-Louis/2002-Rutger-St-63104/home/93674521
5454 Lisette Ave,Saint Louis,63109.0,Single Family Residential,November-5-2025,415000,1748.0,False,237.4141876430206,3.0,2.5,1927.0,5179.0,,38.5753443,-90.2890354,https://www.redfin.com/MO/Saint-Louis/5454-Lisette-Ave-63109/home/93776621
2715 Watson Rd,Saint Louis,63139.0,Single Family Residential,November-26-2025,250000,1056.0,False,236.74242424242425,2.0,1.0,1936.0,4373.0,,38.610487,-90.2888052,https://www.redfin.com/MO/Saint-Louis/2715-Watson-Rd-63139/home/93773032
6211 Hoffman Ave,Saint Louis,63139.0,Single Family Residential,August-21-2025,189000,800.0,False,236.25,2.0,1.0,1923.0,4748.0,,38.6084973,-90.293538,https://www.redfin.com/MO/Saint-Louis/6211-Hoffman-Ave-63139/home/93767970
6016 Scanlan Ave,Saint Louis,63139.0,Single Family Residential,August-15-2025,240000,1018.0,False,235.75638506876228,2.0,1.0,1929.0,4900.0,,38.6044093,-90.2917365,https://www.redfin.com/MO/Saint-Louis/6016-Scanlan-Ave-63139/home/93742885
4251 Mcpherson Ave,Saint Louis,63108.0,Single Family Residential,December-9-2025,475000,2012.0,False,236.08349900596423,4.0,3.5,2004.0,4268.0,,38.6434827,-90.2490414,https://www.redfin.com/MO/Saint-Louis/4251-McPherson-Ave-63108/home/93673842
5329 Murdoch Ave,Saint Louis,63109.0,Single Family Residential,August-8-2025,265000,1125.0,False,235.55555555555554,2.0,1.5,1917.0,3750.0,,38.5869743,-90.2832283,https://www.redfin.com/MO/Saint-Louis/5329-Murdoch-Ave-63109/home/93753348
2222 Shenandoah Ave,Saint Louis,63104.0,Single Family Residential,August-21-2025,375000,1587.0,False,236.29489603024575,3.0,2.5,2016.0,4179.0,,38.6071117,-90.2196116,https://www.redfin.com/MO/Saint-Louis/2222-Shenandoah-Ave-63104/home/146873668
1597 Fairmount Ave,Saint Louis,63139.0,Single Family Residential,December-2-2025,425000,1812.0,False,234.54746136865342,3.0,2.5,2008.0,4425.0,,38.6222708,-90.3005297,https://www.redfin.com/MO/Saint-Louis/1597-Fairmount-Ave-63139/home/93681881
5748 Delor St,Saint Louis,63109.0,Single Family Residential,December-2-2025,259900,1104.0,False,235.41666666666666,2.0,1.0,1936.0,3750.0,,38.5839292,-90.291927,https://www.redfin.com/MO/Saint-Louis/5748-Delor-St-63109/home/93768137
5701 Woodland Ave,Saint Louis,63120.0,Single Family Residential,April-15-2025,130000,1560.0,False,83.33333333333333,3.0,3.0,2000.0,4700.0,,38.6966364,-90.2566375,https://www.redfin.com/MO/Saint-Louis/5701-Woodland-Ave-63120/home/93787342
6420 Pennsylvania Ave,Saint Louis,63111.0,Single Family Residential,December-3-2024,125000,1092.0,False,114.46886446886447,3.0,2.0,1955.0,3920.0,,38.5562958,-90.2492283,https://www.redfin.com/MO/Saint-Louis/6420-Pennsylvania-Ave-63111/home/93709804
4065 Fairview Ave,Saint Louis,63116.0,Single Family Residential,December-27-2024,210000,1104.0,False,190.2173913043478,2.0,1.0,1936.0,2910.0,,38.5959536,-90.2559846,https://www.redfin.com/MO/Saint-Louis/4065-Fairview-Ave-63116/home/62764807
4948 Davison Ave,Saint Louis,63120.0,Single Family Residential,March-6-2025,40000,768.0,False,52.083333333333336,2.0,1.0,1950.0,3751.0,,38.6929324,-90.2524199,https://www.redfin.com/MO/Saint-Louis/4948-Davison-Ave-63120/home/93756776
2839 Osage St,Saint Louis,63118.0,Single Family Residential,March-20-2025,64900,836.0,False,77.63157894736842,2.0,1.0,1959.0,3123.0,,38.5834803,-90.2337825,https://www.redfin.com/MO/Saint-Louis/2839-Osage-St-63118/home/93704376
5448 Bancroft Ave,Saint Louis,63109.0,Single Family Residential,April-24-2025,249900,1018.0,False,245.48133595284872,2.0,1.0,1942.0,6865.0,,38.5904453,-90.2855015,https://www.redfin.com/MO/Saint-Louis/5448-Bancroft-Ave-63109/home/93753065
4427 Arco Ave,Saint Louis,63110.0,Single Family Residential,March-14-2025,214000,960.0,False,222.91666666666666,2.0,2.5,1902.0,2361.0,,38.6285199,-90.2594983,https://www.redfin.com/MO/Saint-Louis/4427-Arco-Ave-63110/home/93750940
4123 Schiller Pl,Saint Louis,63116.0,Single Family Residential,December-23-2024,109900,891.0,False,123.34455667789001,2.0,1.0,1907.0,3267.0,,38.5766572,-90.2651089,https://www.redfin.com/MO/Saint-Louis/4123-Schiller-Pl-63116/home/93770307
5141 Pattison Ave,Saint Louis,63110.0,Single Family Residential,June-6-2025,165000,2422.0,False,68.12551610239471,4.0,2.0,1892.0,6556.0,,38.6191753,-90.2718163,https://www.redfin.com/MO/Saint-Louis/5141-Pattison-Ave-63110/home/93728076
4037 Parker Ave,Saint Louis,63116.0,Single Family Residential,July-9-2024,265000,1044.0,False,253.83141762452107,2.0,1.0,1930.0,3437.0,,38.5966533,-90.2549271,https://www.redfin.com/MO/Saint-Louis/4037-Parker-Ave-63116/home/93729189
6421 Lansdowne Ave,Saint Louis,63109.0,Single Family Residential,August-16-2024,315000,1230.0,False,256.0975609756098,3.0,1.5,1941.0,4657.0,,38.5906818,-90.3009951,https://www.redfin.com/MO/Saint-Louis/6421-Lansdowne-Ave-63109/home/93779914
5726 Sutherland Ave,Saint Louis,63109.0,Single Family Residential,October-17-2024,230000,1125.0,False,204.44444444444446,2.0,1.0,1949.0,6625.0,,38.5900992,-90.2908511,https://www.redfin.com/MO/Saint-Louis/5726-Sutherland-Ave-63109/home/93752768
4704 Prague Ave,Saint Louis,63109.0,Single Family Residential,June-9-2025,449900,1696.0,False,265.27122641509436,3.0,1.5,1937.0,4321.0,,38.5879768,-90.2972988,https://www.redfin.com/MO/Saint-Louis/4704-Prague-Ave-63109/home/93780230
4233 Shenandoah Ave,Saint Louis,63110.0,Single Family Residential,February-11-2025,169900,1540.0,False,110.32467532467533,5.0,1.5,1905.0,3075.0,,38.611163,-90.2555752,https://www.redfin.com/MO/Saint-Louis/4233-Shenandoah-Ave-63110/home/93746885
4975 Schollmeyer Ave,Saint Louis,63109.0,Single Family Residential,February-28-2025,225000,750.0,False,300.0,2.0,1.5,1923.0,3598.0,,38.5728952,-90.2869863,https://www.redfin.com/MO/Saint-Louis/4975-Schollmeyer-Ave-63109/home/93764454
4864 Carter Ave,Saint Louis,63115.0,Single Family Residential,July-8-2024,47000,864.0,False,54.398148148148145,2.0,2.0,1962.0,3502.0,,38.682841,-90.241715,https://www.redfin.com/MO/Saint-Louis/4864-Carter-Ave-63115/home/93733317
4087 Wilmington Ave,Saint Louis,63116.0,Single Family Residential,August-27-2024,90000,792.0,False,113.63636363636364,1.0,1.0,1928.0,3920.0,,38.5721564,-90.2673439,https://www.redfin.com/MO/Saint-Louis/4087-Wilmington-Ave-63116/home/93770936
2714 Saint Vincent Ave,Saint Louis,63104.0,Single Family Residential,September-16-2024,135000,984.0,False,137.1951219512195,3.0,2.0,1979.0,5184.0,,38.6176088,-90.2234068,https://www.redfin.com/MO/Saint-Louis/2714-Saint-Vincent-Ave-63104/home/93700637
6105 Louisiana Ave,Saint Louis,63111.0,Single Family Residential,June-3-2025,140000,900.0,False,155.55555555555554,3.0,1.0,1893.0,2918.0,,38.564282,-90.255636,https://www.redfin.com/MO/Saint-Louis/6105-Louisiana-Ave-63111/home/93709451
6440 Marquette Ave,Saint Louis,63139.0,Single Family Residential,June-2-2025,185000,784.0,False,235.96938775510205,2.0,2.0,1925.0,4373.0,,38.599804,-90.2989622,https://www.redfin.com/MO/Saint-Louis/6440-Marquette-Ave-63139/home/93775174
4112 Humphrey St,Saint Louis,63116.0,Single Family Residential,May-22-2025,259900,1280.0,False,203.046875,2.0,1.0,1916.0,3472.0,,38.5991754,-90.2564264,https://www.redfin.com/MO/Saint-Louis/4112-Humphrey-St-63116/home/93729494
2342 Michigan Ave,Saint Louis,63104.0,Single Family Residential,July-23-2024,269000,1460.0,False,184.24657534246575,3.0,2.0,1891.0,3136.0,,38.6075927,-90.2327986,https://www.redfin.com/MO/Saint-Louis/2342-Michigan-Ave-63104/home/93691906
5208 Tholozan Ave,Saint Louis,63109.0,Single Family Residential,August-27-2024,270000,1250.0,False,216.0,2.0,1.0,1930.0,3999.0,,38.5942265,-90.2792923,https://www.redfin.com/MO/Saint-Louis/5208-Tholozan-Ave-63109/home/62725780
3640 Alberta St,Saint Louis,63116.0,Single Family Residential,June-26-2025,149900,1178.0,False,127.24957555178268,2.0,1.0,1907.0,4770.0,,38.5851743,-90.2466093,https://www.redfin.com/MO/Saint-Louis/3640-Alberta-St-63116/home/93704590
3221 Harper St,Saint Louis,63107.0,Single Family Residential,August-28-2024,170000,1500.0,False,113.33333333333333,3.0,3.5,1884.0,5985.0,,38.6614174,-90.2146175,https://www.redfin.com/MO/Saint-Louis/3221-Harper-St-63107/home/93698738
4957 Robert Ave,Saint Louis,63109.0,Single Family Residential,December-30-2024,178900,884.0,False,202.37556561085972,2.0,1.5,1924.0,4190.0,,38.5688991,-90.2899938,https://www.redfin.com/MO/Saint-Louis/4957-Robert-Ave-63109/home/93771058
4259 Maryland Ave,Saint Louis,63108.0,Single Family Residential,June-6-2025,498000,2813.0,False,177.03519374333453,3.0,2.5,1907.0,2309.0,,38.6421705,-90.2499016,https://www.redfin.com/MO/Saint-Louis/4259-Maryland-Ave-63108/home/93684088
3107 Harlequin Ln,Saint Louis,63139.0,Single Family Residential,August-12-2024,450000,2790.0,False,161.29032258064515,3.0,3.0,1991.0,4273.0,,38.6060648,-90.2833393,https://www.redfin.com/MO/Saint-Louis/3107-Harlequin-Ln-63139/home/62753667
5322 Loughborough Ave,Saint Louis,63109.0,Single Family Residential,August-30-2024,169900,1200.0,False,141.58333333333334,2.0,1.0,1925.0,4273.0,,38.5728457,-90.2904568,https://www.redfin.com/MO/Saint-Louis/5322-Loughborough-Ave-63109/home/93771555
8112 Carlsbad Dr,Saint Louis,63123.0,Single Family Residential,June-26-2025,204900,1205.0,False,170.04149377593362,2.0,2.0,1954.0,5565.0,,38.5579275,-90.2880042,https://www.redfin.com/MO/Saint-Louis/8112-Carlsbad-Dr-63123/home/93784316
3183 Alfred Ave,Saint Louis,63116.0,Single Family Residential,June-25-2025,319900,1458.0,False,219.41015089163238,2.0,2.0,1907.0,7405.0,,38.6023581,-90.2637739,https://www.redfin.com/MO/Saint-Louis/3183-Alfred-Ave-63116/home/62756456
3318 Michigan Ave,Saint Louis,63118.0,Single Family Residential,December-19-2024,165000,901.0,False,183.12985571587126,2.0,1.0,1893.0,3001.0,,38.5957408,-90.2352744,https://www.redfin.com/MO/Saint-Louis/3318-Michigan-Ave-63118/home/93693458
5014 Daggett Ave,Saint Louis,63110.0,Townhouse,June-25-2025,345000,1380.0,False,250.0,2.0,1.5,2024.0,845.0,,38.6162803,-90.2693266,https://www.redfin.com/MO/Saint-Louis/5014-Daggett-Ave-63110/home/185740446
5312 Shaw Ave,Saint Louis,63110.0,Single Family Residential,September-6-2024,195000,797.0,False,244.66750313676286,1.0,1.0,1892.0,4147.0,,38.6180383,-90.2752135,https://www.redfin.com/MO/Saint-Louis/5312-Shaw-Ave-63110/home/93726857
5523 Davison Ave,Saint Louis,63120.0,Single Family Residential,August-2-2024,41000,876.0,False,46.80365296803653,2.0,1.0,1922.0,2696.0,,38.6981794,-90.2435852,https://www.redfin.com/MO/Saint-Louis/5523-Davison-Ave-63120/home/93762865
4750 Milentz Ave,Saint Louis,63116.0,Single Family Residential,May-1-2025,177500,1035.0,False,171.4975845410628,2.0,1.0,1909.0,5249.0,,38.5756107,-90.2807179,https://www.redfin.com/MO/Saint-Louis/4750-Milentz-Ave-63116/home/93756736
5944 Era,Saint Louis,63147.0,Single Family Residential,April-11-2025,78000,1032.0,False,75.5813953488372,2.0,2.0,1954.0,3450.0,,38.7139193,-90.2517698,https://www.redfin.com/MO/Saint-Louis/5944-Era-Ave-63147/home/93768899
4227 Connecticut St,Saint Louis,63116.0,Single Family Residential,March-31-2025,380000,1320.0,False,287.8787878787879,3.0,2.5,1891.0,2980.0,,38.6016139,-90.2593013,https://www.redfin.com/MO/Saint-Louis/4227-Connecticut-St-63116/home/93729845
6449 W Park Ave,Saint Louis,63139.0,Single Family Residential,August-29-2024,105000,809.0,False,129.78986402966626,2.0,1.0,1951.0,7331.0,,38.6275667,-90.2949454,https://www.redfin.com/MO/Saint-Louis/6449-W-Park-Ave-63139/home/93749952
3642 Hebert St,Saint Louis,63107.0,Single Family Residential,July-11-2024,134000,1100.0,False,121.81818181818181,3.0,2.0,1898.0,3920.0,,38.6597213,-90.2196483,https://www.redfin.com/MO/Saint-Louis/3642-Hebert-St-63107/home/93702165
5521 Lindenwood Ave,Saint Louis,63109.0,Single Family Residential,July-8-2024,239900,1008.0,False,237.99603174603175,2.0,1.0,1950.0,4635.0,,38.5936969,-90.2864215,https://www.redfin.com/MO/Saint-Louis/5521-Lindenwood-Ave-63109/home/93782536
7143 Mardel Ave,Saint Louis,63109.0,Single Family Residential,April-2-2025,235000,1230.0,False,191.0569105691057,2.0,1.0,1990.0,7501.0,,38.5974184,-90.3171602,https://www.redfin.com/MO/Saint-Louis/7143-Mardel-Ave-63109/home/93747880
4318 Bingham Ave,Saint Louis,63116.0,Single Family Residential,July-17-2024,180000,816.0,False,220.58823529411765,2.0,1.0,1924.0,5432.0,,38.5892605,-90.2652591,https://www.redfin.com/MO/Saint-Louis/4318-Bingham-Ave-63116/home/93772023
3998 Bowen St,Saint Louis,63116.0,Single Family Residential,June-18-2025,329900,1910.0,False,172.72251308900525,2.0,2.5,1929.0,9300.0,,38.5691485,-90.2667012,https://www.redfin.com/MO/Saint-Louis/3998-Bowen-St-63116/home/62734767
4105 Louisiana Ave,Saint Louis,63118.0,Single Family Residential,May-12-2025,159900,1376.0,False,116.2063953488372,2.0,2.0,1902.0,3572.0,,38.5822615,-90.2420251,https://www.redfin.com/MO/Saint-Louis/4105-Louisiana-Ave-63118/home/93705716
5519 Lisette Ave,Saint Louis,63109.0,Single Family Residential,June-30-2025,265000,1051.0,False,252.14081826831588,2.0,1.0,1927.0,4199.0,,38.5758959,-90.2897668,https://www.redfin.com/MO/Saint-Louis/5519-Lisette-Ave-63109/home/93776635
5937 West Park,Saint Louis,63110.0,Single Family Residential,August-12-2024,179000,832.0,False,215.14423076923077,2.0,1.0,1930.0,1.0,,38.6266299,-90.2865328,https://www.redfin.com/MO/Saint-Louis/5937-W-Park-Ave-63110/home/93726367
3730 Palm St,Saint Louis,63107.0,Single Family Residential,November-21-2024,170000,1600.0,False,106.25,3.0,2.5,1901.0,4648.0,,38.6612469,-90.2204055,https://www.redfin.com/MO/Saint-Louis/3730-Palm-St-63107/home/93702082
6921 Vermont Ave,Saint Louis,63111.0,Single Family Residential,July-1-2024,329900,2016.0,False,163.640873015873,3.0,2.0,1927.0,,,38.555142,-90.2576078,https://www.redfin.com/MO/Saint-Louis/6921-Vermont-Ave-63111/home/93710177
4353 Evans Ave,Saint Louis,63113.0,Single Family Residential,October-4-2024,180000,1630.0,False,110.42944785276073,3.0,2.0,1921.0,7527.0,,38.6552324,-90.244723,https://www.redfin.com/MO/Saint-Louis/4353-Evans-Ave-63113/home/93718921
4439 Arco Ave,Saint Louis,63110.0,Single Family Residential,November-14-2024,199900,1312.0,False,152.3628048780488,2.0,2.0,1904.0,2374.0,,38.6286506,-90.2599043,https://www.redfin.com/MO/Saint-Louis/4439-Arco-Ave-63110/home/93750925
1007 Wall St,Saint Louis,63147.0,Single Family Residential,November-19-2024,40000,975.0,False,41.02564102564103,3.0,1.0,1927.0,4914.0,,38.7198055,-90.2328684,https://www.redfin.com/MO/Saint-Louis/1007-Wall-St-63147/home/93756077
2865 Texas Ave,Saint Louis,63118.0,Single Family Residential,May-29-2025,189000,1323.0,False,142.85714285714286,2.0,1.0,1905.0,3833.0,,38.6016494,-90.225144,https://www.redfin.com/MO/Saint-Louis/2865-Texas-Ave-63118/home/93691687
4309 Jamieson Ave,Saint Louis,63109.0,Single Family Residential,March-21-2025,225000,922.0,False,244.0347071583514,2.0,2.0,1928.0,4373.0,,38.5928272,-90.3098023,https://www.redfin.com/MO/Saint-Louis/4309-Jamieson-Ave-63109/home/93774169
6518 Hoffman Ave,Saint Louis,63139.0,Single Family Residential,July-24-2024,190000,800.0,False,237.5,2.0,1.0,1929.0,3746.0,,38.6086712,-90.2990247,https://www.redfin.com/MO/Saint-Louis/6518-Hoffman-Ave-63139/home/93741774
4636 Idaho Ave,Saint Louis,63111.0,Single Family Residential,April-30-2025,146000,880.0,False,165.9090909090909,2.0,1.0,1910.0,2100.0,,38.5735421,-90.2438515,https://www.redfin.com/MO/Saint-Louis/4636-Idaho-Ave-63111/home/93706676
1134 Childress Ave,Saint Louis,63139.0,Single Family Residential,March-10-2025,225000,975.0,False,230.76923076923077,2.0,1.0,1939.0,4304.0,,38.6291272,-90.2944644,https://www.redfin.com/MO/Saint-Louis/1134-Childress-Ave-63139/home/93782288
6630 Vermont Ave,Saint Louis,63111.0,Single Family Residential,September-30-2024,145000,1605.0,False,90.34267912772586,2.0,1.5,1925.0,4678.0,,38.5569938,-90.2548553,https://www.redfin.com/MO/Saint-Louis/6630-Vermont-Ave-63111/home/93709866
5721 Rhodes Ave,Saint Louis,63109.0,Single Family Residential,March-19-2025,280000,1750.0,False,160.0,4.0,2.0,1931.0,4373.0,,38.5790846,-90.2923799,https://www.redfin.com/MO/Saint-Louis/5721-Rhodes-Ave-63109/home/93771409
3625 Koeln Ave,Saint Louis,63116.0,Single Family Residential,April-7-2025,279000,2369.0,False,117.77121148163782,4.0,3.0,1925.0,4700.0,,38.554837,-90.2677739,https://www.redfin.com/MO/Saint-Louis/3625-Koeln-Ave-63116/home/93712067
5376 Magnolia Ave,Saint Louis,63139.0,Single Family Residential,August-15-2024,414900,2582.0,False,160.68938807126258,3.0,2.5,2013.0,1311.0,,38.6096855,-90.2780715,https://www.redfin.com/MO/Saint-Louis/5376-Magnolia-Ave-63139/home/62719588
4921 Loughborough Ave,Saint Louis,63109.0,Single Family Residential,July-22-2024,209900,1053.0,False,199.335232668566,2.0,1.0,1911.0,3833.0,,38.5706441,-90.2856103,https://www.redfin.com/MO/Saint-Louis/4921-Loughborough-Ave-63109/home/93764346
3828 Missouri Ave,Saint Louis,63118.0,Single Family Residential,March-7-2025,89000,777.0,False,114.54311454311454,2.0,1.0,1960.0,3123.0,,38.5849538,-90.2246402,https://www.redfin.com/MO/Saint-Louis/3828-Missouri-Ave-63118/home/93696810
3624 Winnebago,Saint Louis,63116.0,Single Family Residential,August-16-2024,105000,1296.0,False,81.01851851851852,3.0,1.5,1939.0,4709.0,,38.5900828,-90.2452544,https://www.redfin.com/MO/Saint-Louis/3624-Winnebago-St-63116/home/93695593
5640 Finkman St,Saint Louis,63109.0,Single Family Residential,October-4-2024,339999,2536.0,False,134.06900630914828,4.0,2.0,1939.0,4870.0,,38.5766673,-90.2916861,https://www.redfin.com/MO/Saint-Louis/5640-Finkman-St-63109/home/93776711
3944 S Compton Ave,Saint Louis,63118.0,Single Family Residential,September-17-2024,120000,1175.0,False,102.12765957446808,2.0,1.0,1911.0,3485.0,,38.5844303,-90.2387229,https://www.redfin.com/MO/Saint-Louis/3944-S-Compton-Ave-63118/home/93704728
3443 Keokuk St,Saint Louis,63118.0,Single Family Residential,July-17-2024,228000,1900.0,False,120.0,3.0,2.0,1911.0,2962.0,,38.5864284,-90.2425289,https://www.redfin.com/MO/Saint-Louis/3443-Keokuk-St-63118/home/93695279
8001 Church Rd,Saint Louis,63147.0,Single Family Residential,July-11-2024,35700,1064.0,False,33.55263157894737,3.0,1.0,1954.0,9818.0,,38.7085269,-90.2314324,https://www.redfin.com/MO/Saint-Louis/8001-Church-Rd-63147/home/93730701
5508 Sutherland Ave,Saint Louis,63109.0,Single Family Residential,April-4-2025,385000,1692.0,False,227.54137115839242,4.0,2.0,1939.0,3751.0,,38.5896086,-90.2861433,https://www.redfin.com/MO/Saint-Louis/5508-Sutherland-Ave-63109/home/93752749
4622 Minnesota Ave,Saint Louis,63111.0,Single Family Residential,July-19-2024,65000,1986.0,False,32.72910372608258,4.0,2.0,1923.0,4008.0,,38.572196,-90.2389579,https://www.redfin.com/MO/Saint-Louis/4622-Minnesota-Ave-63111/home/76808767
5721 Acme Ave,Saint Louis,63136.0,Single Family Residential,April-25-2025,45900,925.0,False,49.62162162162162,2.0,2.0,1950.0,9060.0,,38.712442,-90.2570456,https://www.redfin.com/MO/Saint-Louis/5721-Acme-Ave-63136/home/93421442
4830 Goethe Ave,Saint Louis,63116.0,Single Family Residential,March-19-2025,194599,1063.0,False,183.06585136406397,3.0,2.5,1909.0,3751.0,,38.5774337,-90.2805219,https://www.redfin.com/MO/Saint-Louis/4830-Goethe-Ave-63116/home/93763260
4943 Laclede Ave Unit 3W,St. Louis,63108.0,Townhouse,May-15-2025,349900,1470.0,False,238.02721088435374,2.0,1.5,1909.0,,,38.6408699,-90.2636363,https://www.redfin.com/MO/St-Louis/4943-Laclede-Ave-63108/unit-3W/home/148622780
4977 Fairview Ave,Saint Louis,63139.0,Single Family Residential,June-24-2025,229900,954.0,False,240.9853249475891,2.0,1.0,1949.0,5118.0,,38.5985027,-90.2742449,https://www.redfin.com/MO/Saint-Louis/4977-Fairview-Ave-63139/home/62751175
4335 Loughborough Ave,Saint Louis,63116.0,Single Family Residential,May-7-2025,239900,1254.0,False,191.30781499202553,3.0,2.5,1939.0,4373.0,,38.5667075,-90.2782769,https://www.redfin.com/MO/Saint-Louis/4335-Loughborough-Ave-63116/home/62710816
5249 Delor St,Saint Louis,63109.0,Single Family Residential,September-10-2024,264900,1104.0,False,239.94565217391303,2.0,1.0,1929.0,3798.0,,38.5833265,-90.2826502,https://www.redfin.com/MO/Saint-Louis/5249-Delor-St-63109/home/93766790
4213 Dardenne Dr,Saint Louis,63120.0,Single Family Residential,December-18-2024,64900,1102.0,False,58.8929219600726,3.0,1.0,1935.0,3920.0,,38.6915464,-90.2736139,https://www.redfin.com/MO/Saint-Louis/4213-Dardenne-Dr-63120/home/93431457
3954 Mcree Ave,Saint Louis,63110.0,Single Family Residential,August-2-2024,425000,2620.0,False,162.21374045801528,4.0,2.5,2005.0,7431.0,,38.6185699,-90.2468118,https://www.redfin.com/MO/Saint-Louis/3954-McRee-Ave-63110/home/103204046
5227 Saint Louis Ave,Saint Louis,63115.0,Single Family Residential,May-29-2025,75000,2090.0,False,35.88516746411483,3.0,2.0,1965.0,6665.0,,38.6738505,-90.2599861,https://www.redfin.com/MO/Saint-Louis/5227-Saint-Louis-Ave-63115/home/93737681
4777 Milentz Ave,Saint Louis,63116.0,Single Family Residential,April-4-2025,264900,2356.0,False,112.43633276740238,2.0,1.5,1911.0,3751.0,,38.5763278,-90.2806093,https://www.redfin.com/MO/Saint-Louis/4777-Milentz-Ave-63116/home/93757151
6538 West Park Ave,Saint Louis,63139.0,Single Family Residential,June-13-2025,240000,1475.0,False,162.71186440677965,3.0,1.5,1923.0,,,38.6273931,-90.2970419,https://www.redfin.com/MO/Saint-Louis/6538-W-Park-Ave-63139/home/62768386
4500 West Pine Blvd,Saint Louis,63108.0,Single Family Residential,,1550000,7277.0,False,212.99986258073383,13.0,3.0,1908.0,21344.0,131.0,38.6408063,-90.2588684,https://www.redfin.com/MO/Saint-Louis/4500-W-Pine-Blvd-63108/home/93673660
4512 West Pine Blvd,St. Louis,63108.0,Single Family Residential,,1550000,5438.0,False,285.03126149319604,7.0,4.0,1896.0,14026.0,131.0,38.6408556,-90.2590901,https://www.redfin.com/MO/St-Louis/4512-W-Pine-Blvd-63108/home/200563323
3117 Russell Blvd,Saint Louis,63104.0,Single Family Residential,,1295000,5603.0,False,231.12618240228448,5.0,3.5,1892.0,12148.0,13.0,38.6125833,-90.2312135,https://www.redfin.com/MO/Saint-Louis/3117-Russell-Blvd-63104/home/93690015
2205 Hickory,Saint Louis,63104.0,Single Family Residential,,1275000,4229.0,False,301.48971388034994,5.0,4.5,1921.0,3920.0,299.0,38.619921,-90.216022,https://www.redfin.com/MO/Saint-Louis/2205-Hickory-St-63104/home/181866114
2612 S 12th St,Saint Louis,63118.0,Single Family Residential,,1250000,7781.0,False,160.64773165402906,5.0,6.0,1885.0,8119.0,34.0,38.601644,-90.2122317,https://www.redfin.com/MO/Saint-Louis/2612-S-12th-St-63118/home/93686350
6906 Bruno Ave,Saint Louis,63139.0,Single Family Residential,,1250000,3424.0,False,365.0700934579439,5.0,2.5,2019.0,11874.0,61.0,38.617702,-90.307115,https://www.redfin.com/MO/Saint-Louis/6906-Bruno-Ave-63139/home/146874014
4917 Pershing Pl,Saint Louis,63108.0,Single Family Residential,,1200000,5405.0,False,222.01665124884366,6.0,3.5,1901.0,12301.0,26.0,38.6465652,-90.2619792,https://www.redfin.com/MO/Saint-Louis/4917-Pershing-Pl-63108/home/93724402
5257 Westminster Pl,Saint Louis,63108.0,Single Family Residential,,1150000,5859.0,False,196.27922853729305,7.0,5.0,1901.0,7082.0,13.0,38.650718,-90.2720496,https://www.redfin.com/MO/Saint-Louis/5257-Westminster-Pl-63108/home/93749525
3500 Russell Blvd,Saint Louis,63104.0,Single Family Residential,,1095000,7223.0,False,151.599058562924,8.0,8.5,1913.0,22097.0,94.0,38.6128761,-90.2380433,https://www.redfin.com/MO/Saint-Louis/3500-Russell-Blvd-63104/home/62734477
5095 Westminster Pl,Saint Louis,63108.0,Single Family Residential,,1075000,4740.0,False,226.79324894514767,5.0,3.5,1902.0,7749.0,4.0,38.6499853,-90.2672759,https://www.redfin.com/MO/Saint-Louis/5095-Westminster-Pl-63108/home/62751909
2211 Hickory,Saint Louis,63104.0,Single Family Residential,,1025000,3386.0,False,302.71707028942706,4.0,4.5,1921.0,3484.0,124.0,38.619957,-90.216196,https://www.redfin.com/MO/Saint-Louis/2211-Hickory-St-63104/home/181866116
5137 Washington Pl,Saint Louis,63108.0,Single Family Residential,,999000,4501.0,False,221.95067762719395,5.0,3.5,1900.0,8990.0,58.0,38.6512228,-90.2686248,https://www.redfin.com/MO/Saint-Louis/5137-Washington-Pl-63108/home/93749488
1819 Lafayette Ave,Saint Louis,63104.0,Single Family Residential,,974900,3585.0,False,271.9386331938633,4.0,3.5,1886.0,4024.0,70.0,38.614081,-90.2125466,https://www.redfin.com/MO/Saint-Louis/1819-Lafayette-Ave-63104/home/93697464
215 N Sarah St #8,Saint Louis,63108.0,Townhouse,,950000,3153.0,False,301.3003488740882,3.0,3.5,2023.0,1454.0,67.0,38.638859,-90.2463284,https://www.redfin.com/MO/Saint-Louis/215-N-Sarah-St-63108/unit-8/home/181866738
4410 Westminster Pl,Saint Louis,63108.0,Single Family Residential,,915000,6104.0,False,149.90170380078638,6.0,4.5,1893.0,8698.0,67.0,38.6459726,-90.253258,https://www.redfin.com/MO/Saint-Louis/4410-Westminster-Pl-63108/home/93740237
1804 Hickory St,Saint Louis,63104.0,Single Family Residential,,900000,3438.0,False,261.78010471204186,4.0,2.5,1874.0,3415.0,62.0,38.6184501,-90.2109024,https://www.redfin.com/MO/Saint-Louis/1804-Hickory-St-63104/home/93685596
34 Waterman Pl,Saint Louis,63112.0,Single Family Residential,,850000,3886.0,False,218.73391662377767,5.0,3.5,1911.0,15049.0,49.0,38.6486379,-90.27544,https://www.redfin.com/MO/Saint-Louis/34-Waterman-Pl-63112/home/93724336
4361 Westminster Pl,Saint Louis,63108.0,Single Family Residential,,850000,6879.0,False,123.56447158017154,5.0,4.5,1894.0,8668.0,48.0,38.645467,-90.2507982,https://www.redfin.com/MO/Saint-Louis/4361-Westminster-Pl-63108/home/64816053
2012 Lafayette Ave,Saint Louis,63104.0,Single Family Residential,,849000,5389.0,False,157.54314344034142,4.0,5.0,1880.0,4726.0,22.0,38.6137228,-90.2147078,https://www.redfin.com/MO/Saint-Louis/2012-Lafayette-Ave-63104/home/93690812
4321 Maryland Ave,Saint Louis,63108.0,Single Family Residential,,819000,2700.0,False,303.3333333333333,4.0,2.5,2014.0,7426.0,7.0,38.6427273,-90.2509248,https://www.redfin.com/MO/Saint-Louis/4321-Maryland-Ave-63108/home/62779526
2731 Lafayette Ave,Saint Louis,63104.0,Single Family Residential,,819000,2846.0,False,287.7723120168658,3.0,3.0,2026.0,5662.0,40.0,38.6154717,-90.2246428,https://www.redfin.com/MO/Saint-Louis/2731-Lafayette-Ave-63104/home/77299603
2346 Albion Pl,Saint Louis,63104.0,Single Family Residential,,800000,4375.0,False,182.85714285714286,4.0,3.5,1891.0,5941.0,26.0,38.6167579,-90.2200765,https://www.redfin.com/MO/Saint-Louis/2346-Albion-Pl-63104/home/93700569
5849 De Giverville Ave,Saint Louis,63112.0,Single Family Residential,,799900,3623.0,False,220.78388076179962,5.0,4.5,1911.0,4125.0,146.0,38.652009,-90.2904975,https://www.redfin.com/MO/Saint-Louis/5849-De-Giverville-Ave-63112/home/93762610
6203 Washington Ave,University City,63130.0,Single Family Residential,,779900,3510.0,False,222.1937321937322,5.0,2.5,1910.0,9456.0,83.0,38.6547715,-90.3001291,https://www.redfin.com/MO/University-City/6203-Washington-Ave-63130/home/93760161
1816 Hickory St,Saint Louis,63104.0,Single Family Residential,,775000,3438.0,False,225.4217568353694,3.0,3.0,1875.0,3415.0,45.0,38.618558,-90.2112795,https://www.redfin.com/MO/Saint-Louis/1816-Hickory-St-63104/home/93685593
215 N Sarah St #7,Saint Louis,63108.0,Townhouse,,775000,2270.0,False,341.40969162995594,3.0,3.5,2023.0,1075.0,95.0,38.638859,-90.2463284,https://www.redfin.com/MO/Saint-Louis/215-N-Sarah-St-63108/unit-7/home/183612323
2024 Rutger St,Saint Louis,63104.0,Single Family Residential,,750000,3144.0,False,238.54961832061068,3.0,2.5,1885.0,3049.0,26.0,38.6183847,-90.2141849,https://www.redfin.com/MO/Saint-Louis/2024-Rutger-St-63104/home/93701233
1225 Dolman St,Saint Louis,63104.0,Single Family Residential,,749900,4063.0,False,184.56805316268768,4.0,3.0,1882.0,4809.0,26.0,38.6175471,-90.2099829,https://www.redfin.com/MO/Saint-Louis/1225-Dolman-St-63104/home/93685993
5250 Wilson Ave,Saint Louis,63110.0,Single Family Residential,,749900,2826.0,False,265.3573956121727,3.0,2.5,1909.0,4051.0,76.0,38.6156944,-90.2748204,https://www.redfin.com/MO/Saint-Louis/5250-Wilson-Ave-63110/home/93727654
3445 Juniata St,Saint Louis,63118.0,Single Family Residential,,739900,1850.0,False,399.94594594594594,2.0,2.0,2018.0,7501.0,39.0,38.6007544,-90.239833,https://www.redfin.com/MO/Saint-Louis/3445-Juniata-St-63118/home/169424315
4225 Maryland Ave,Saint Louis,63108.0,Single Family Residential,,719000,2715.0,False,264.82504604051564,4.0,3.5,1900.0,10693.0,3.0,38.6419514,-90.2487828,https://www.redfin.com/MO/Saint-Louis/4225-Maryland-Ave-63108/home/93725336
30 Kingsbury Pl,Saint Louis,63112.0,Single Family Residential,,700000,4175.0,False,167.66467065868264,6.0,4.0,1912.0,16500.0,1.0,38.6503595,-90.2787531,https://www.redfin.com/MO/Saint-Louis/30-Kingsbury-Pl-63112/home/93724138
4608 Mcpherson Ave,Saint Louis,63108.0,Single Family Residential,,699900,3350.0,False,208.92537313432837,5.0,2.5,1905.0,3828.0,131.0,38.6471488,-90.2586485,https://www.redfin.com/MO/Saint-Louis/4608-McPherson-Ave-63108/home/93754475
2834 Lafayette Ave,Saint Louis,63104.0,Townhouse,,675000,2742.0,False,246.1706783369803,3.0,2.5,2014.0,6878.0,21.0,38.6153155,-90.2270367,https://www.redfin.com/MO/Saint-Louis/2834-Lafayette-Ave-63104/home/103203671
6120 Victoria Ave,Saint Louis,63139.0,Single Family Residential,,675000,3536.0,False,190.89366515837105,5.0,4.5,1901.0,9748.0,69.0,38.6274241,-90.2882907,https://www.redfin.com/MO/Saint-Louis/6120-Victoria-Ave-63139/home/93726407
6980 Tholozan Ave,Saint Louis,63109.0,Single Family Residential,,650000,3351.0,False,193.9719486720382,4.0,3.5,2019.0,3998.0,5.0,38.5973989,-90.3113652,https://www.redfin.com/MO/Saint-Louis/6980-Tholozan-Ave-63109/home/145288681
3738 Olive St,Saint Louis,63108.0,Single Family Residential,,650000,2460.0,False,264.2276422764228,3.0,3.0,2023.0,2674.0,74.0,38.6397915,-90.2367071,https://www.redfin.com/MO/Saint-Louis/3738-Olive-St-63108/home/176875154
4441 Gibson Ave,St. Louis,63110.0,Single Family Residential,,645000,2629.0,False,245.34043362495245,4.0,3.5,2026.0,3325.0,11.0,38.629555,-90.25958,https://www.redfin.com/MO/St-Louis/4439-4441-Gibson-Ave-63110/home/202328837
310 N Newstead Ave,Saint Louis,63108.0,Single Family Residential,,639000,3620.0,False,176.51933701657458,4.0,2.5,1907.0,2430.0,96.0,38.6434897,-90.2534432,https://www.redfin.com/MO/Saint-Louis/310-N-Newstead-Ave-63108/home/62763590
3850 Arsenal St,Saint Louis,63116.0,Single Family Residential,,635000,2644.0,False,240.16641452344933,4.0,3.5,1896.0,5401.0,49.0,38.6031136,-90.2479536,https://www.redfin.com/MO/Saint-Louis/3850-Arsenal-St-63116/home/93728235
1919 Hickory St,Saint Louis,63104.0,Single Family Residential,,630000,3501.0,False,179.94858611825194,3.0,3.5,1885.0,3001.0,33.0,38.6192491,-90.2123198,https://www.redfin.com/MO/Saint-Louis/1919-Hickory-St-63104/home/93701209
6157 Kingsbury Ave,Saint Louis,63112.0,Single Family Residential,,624900,3795.0,False,164.66403162055337,6.0,2.5,1907.0,5458.0,18.0,38.6528098,-90.2984404,https://www.redfin.com/MO/Saint-Louis/6157-Kingsbury-Ave-63112/home/93760352
4937 Washington Blvd,Saint Louis,63108.0,Single Family Residential,,600000,3365.0,False,178.30609212481426,3.0,2.5,1899.0,5248.0,55.0,38.6505822,-90.2620592,https://www.redfin.com/MO/Saint-Louis/4937-Washington-Blvd-63108/home/93724414
4251 Maryland Ave,Saint Louis,63108.0,Single Family Residential,,599900,2904.0,False,206.5771349862259,4.0,3.5,1904.0,3497.0,9.0,38.6421326,-90.2496502,https://www.redfin.com/MO/Saint-Louis/4251-Maryland-Ave-63108/home/62735920
5089 Waterman Blvd,Saint Louis,63108.0,Single Family Residential,,599000,3879.0,False,154.42124258829594,3.0,3.0,1989.0,10175.0,158.0,38.6488465,-90.2672634,https://www.redfin.com/MO/Saint-Louis/5089-Waterman-Blvd-63108/home/93745949
2745 Armand Pl,Saint Louis,63104.0,Single Family Residential,,575000,3422.0,False,168.0303915838691,4.0,3.5,1892.0,4125.0,47.0,38.6091619,-90.2262136,https://www.redfin.com/MO/Saint-Louis/2745-Armand-Pl-63104/home/93690846
4257 Maryland Ave,Saint Louis,63108.0,Single Family Residential,,574900,2970.0,False,193.56902356902356,5.0,3.5,1904.0,3358.0,206.0,38.6421609,-90.2498275,https://www.redfin.com/MO/Saint-Louis/4257-Maryland-Ave-63108/home/93682381
4214 Arsenal St,St. Louis,63116.0,Townhouse,,550000,2544.0,False,216.19496855345912,3.0,3.5,1909.0,3049.0,29.0,38.6041132,-90.2584682,https://www.redfin.com/MO/St-Louis/4212-4214-Arsenal-St-63116/home/200487468
5782 Mcpherson Ave,Saint Louis,63112.0,Single Family Residential,,550000,3024.0,False,181.8783068783069,5.0,3.0,1913.0,4290.0,4.0,38.6509,-90.28814,https://www.redfin.com/MO/Saint-Louis/5782-McPherson-Ave-63112/home/93674546
1845 S 9th St,Saint Louis,63104.0,Single Family Residential,,539900,2860.0,False,188.7762237762238,3.0,2.5,1880.0,2225.0,67.0,38.6088693,-90.204551,https://www.redfin.com/MO/Saint-Louis/1845-S-9th-St-63104/home/93685162
3662 Humphrey St,Saint Louis,63116.0,Single Family Residential,,535000,2450.0,False,218.3673469387755,4.0,2.5,1905.0,4125.0,48.0,38.598268,-90.2453203,https://www.redfin.com/MO/Saint-Louis/3662-Humphrey-St-63116/home/109919824
4328 Vista Ave,Saint Louis,63110.0,Single Family Residential,,534900,2106.0,False,253.98860398860398,3.0,2.5,2021.0,3123.0,19.0,38.6239556,-90.2574492,https://www.redfin.com/MO/Saint-Louis/4328-Vista-Ave-63110/home/93726069
5843 Enright Ave,Saint Louis,63112.0,Single Family Residential,,530999,3224.0,False,164.70192307692307,7.0,4.0,1908.0,5924.0,67.0,38.6557847,-90.2880895,https://www.redfin.com/MO/Saint-Louis/5843-Enright-Ave-63112/home/93739333
2406 S 13th St,Saint Louis,63104.0,Single Family Residential,,529900,3252.0,False,162.9458794587946,3.0,2.0,1890.0,3550.0,199.0,38.6039669,-90.2122394,https://www.redfin.com/MO/Saint-Louis/2406-S-13th-St-63104/home/93686678
3865 Connecticut St,Saint Louis,63116.0,Single Family Residential,,525000,2512.0,False,208.9968152866242,4.0,2.5,1907.0,3811.0,32.0,38.6008555,-90.2488384,https://www.redfin.com/MO/Saint-Louis/3865-Connecticut-St-63116/home/89320742
4546 Washington Blvd,Saint Louis,63108.0,Single Family Residential,,524900,2885.0,False,181.94107452339688,5.0,4.0,1906.0,4194.0,19.0,38.6495811,-90.2558848,https://www.redfin.com/MO/Saint-Louis/4546-Washington-Blvd-63108/home/77289222
1936 Arsenal St,Saint Louis,63118.0,Single Family Residential,,519000,3476.0,False,149.3095512082854,5.0,3.0,1896.0,3123.0,88.0,38.5972659,-90.2190417,https://www.redfin.com/MO/Saint-Louis/1936-Arsenal-St-63118/home/93699323
5816 Reber Pl,Saint Louis,63139.0,Single Family Residential,,499900,1800.0,False,277.72222222222223,4.0,3.5,1895.0,3750.0,38.0,38.6092468,-90.2858977,https://www.redfin.com/MO/Saint-Louis/5816-Reber-Pl-63139/home/93726683
1123 Kentucky Ave,Saint Louis,63110.0,Single Family Residential,,499900,2200.0,False,227.22727272727272,3.0,2.5,2019.0,3750.0,17.0,38.6267819,-90.2530261,https://www.redfin.com/MO/Saint-Louis/1123-Kentucky-Ave-63110/home/146873929
4452 Gibson Ave,Saint Louis,63110.0,Single Family Residential,,499900,2536.0,False,197.12145110410094,4.0,3.0,1901.0,3149.0,5.0,38.6292415,-90.2601888,https://www.redfin.com/MO/Saint-Louis/4452-Gibson-Ave-63110/home/93750912
902-904 Geyer Ave,Saint Louis,63104.0,Single Family Residential,,499000,1965.0,False,253.9440203562341,3.0,1.5,1885.0,6969.0,26.0,38.608378,-90.2048243,https://www.redfin.com/MO/Saint-Louis/902-Geyer-Ave-63104/home/93685732
4161 Flad Ave,Saint Louis,63110.0,Single Family Residential,,491500,2700.0,False,182.03703703703704,4.0,3.0,1903.0,3750.0,47.0,38.6127408,-90.253478,https://www.redfin.com/MO/Saint-Louis/4161-Flad-Ave-63110/home/93746539
6259 Magnolia Ave,Saint Louis,63139.0,Single Family Residential,,489900,2200.0,False,222.6818181818182,4.0,3.0,1926.0,3419.0,5.0,38.612182,-90.2945863,https://www.redfin.com/MO/Saint-Louis/6259-Magnolia-Ave-63139/home/93743641
4033 Cleveland Ave,Saint Louis,63110.0,Single Family Residential,,489700,2780.0,False,176.15107913669064,3.0,2.5,1895.0,3084.0,12.0,38.6115863,-90.2499182,https://www.redfin.com/MO/Saint-Louis/4033-Cleveland-Ave-63110/home/93786133
3401 Pestalozzi St,Saint Louis,63118.0,Single Family Residential,,489000,2352.0,False,207.90816326530611,4.0,2.0,1906.0,4112.0,282.0,38.6041392,-90.2374664,https://www.redfin.com/MO/Saint-Louis/3401-Pestalozzi-St-63118/home/93692366
1000 Barton St,Saint Louis,63104.0,Single Family Residential,,485900,2378.0,False,204.3313708999159,3.0,3.5,2025.0,1498.0,28.0,38.6029932,-90.2084753,https://www.redfin.com/MO/Saint-Louis/1000-Barton-St-63104/home/187271178
2117 S 13th St,Saint Louis,63104.0,Single Family Residential,,484999,2928.0,False,165.6417349726776,3.0,2.5,1894.0,2709.0,14.0,38.6075605,-90.2113001,https://www.redfin.com/MO/Saint-Louis/2117-S-13th-St-63104/home/93686274
2922 S Compton Ave,Saint Louis,63118.0,Single Family Residential,,480000,3328.0,False,144.23076923076923,6.0,3.5,1900.0,4090.0,86.0,38.6028875,-90.234923,https://www.redfin.com/MO/Saint-Louis/2922-S-Compton-Ave-63118/home/93785831
4140 Burgen Ave,Saint Louis,63116.0,Single Family Residential,,479000,2422.0,False,197.77043765483072,4.0,3.5,2026.0,3327.0,103.0,38.5740151,-90.2680404,https://www.redfin.com/MO/Saint-Louis/4140-Burgen-Ave-63116/home/93762021
4037 Mcree Ave,Saint Louis,63110.0,Single Family Residential,,479000,2550.0,False,187.84313725490196,4.0,3.5,2006.0,4473.0,55.0,38.6192355,-90.2488688,https://www.redfin.com/MO/Saint-Louis/4037-McRee-Ave-63110/home/109914637
3940 Shaw Blvd,Saint Louis,63110.0,Single Family Residential,,479000,2377.0,False,201.51451409339504,3.0,3.5,1895.0,5985.0,92.0,38.6155271,-90.2468559,https://www.redfin.com/MO/Saint-Louis/3940-Shaw-Blvd-63110/home/109919797
4116 Flad Ave,Saint Louis,63110.0,Single Family Residential,,475000,1824.0,False,260.4166666666667,3.0,2.5,1912.0,3075.0,55.0,38.6122434,-90.2518834,https://www.redfin.com/MO/Saint-Louis/4116-Flad-Ave-63110/home/93746440
6623 Leona St,Saint Louis,63116.0,Single Family Residential,,474900,2594.0,False,183.0763299922899,4.0,1.5,1930.0,5401.0,151.0,38.5656081,-90.2720057,https://www.redfin.com/MO/Saint-Louis/6623-Leona-St-63116/home/93777945
4209 Norfolk Ave,Saint Louis,63110.0,Single Family Residential,,469900,2100.0,False,223.76190476190476,3.0,2.5,2025.0,3123.0,28.0,38.6257752,-90.2542925,https://www.redfin.com/MO/Saint-Louis/4209-Norfolk-Ave-63110/home/93725977
6609 Pernod Ave,Saint Louis,63139.0,Single Family Residential,,469900,1456.0,False,322.7335164835165,3.0,2.0,1940.0,5492.0,41.0,38.5981062,-90.3041225,https://www.redfin.com/MO/Saint-Louis/6609-Pernod-Ave-63139/home/93778999
5931 Clifton Ave,Saint Louis,63109.0,Single Family Residential,,469000,2103.0,False,223.0147408464099,3.0,1.5,1951.0,6908.0,14.0,38.5783283,-90.2981418,https://www.redfin.com/MO/Saint-Louis/5931-Clifton-Ave-63109/home/62758309
4272 Hartford St,Saint Louis,63116.0,Single Family Residential,,465000,2489.0,False,186.82201687424669,5.0,3.0,1897.0,5344.0,40.0,38.6033612,-90.2607017,https://www.redfin.com/MO/Saint-Louis/4272-Hartford-St-63116/home/93749882
5323 Bischoff Ave,Saint Louis,63110.0,Single Family Residential,,460000,1567.0,False,293.55456285896616,4.0,2.5,1926.0,6155.0,100.0,38.6151642,-90.276269,https://www.redfin.com/MO/Saint-Louis/5323-Bischoff-Ave-63110/home/93726845
11 Portland Ct,Saint Louis,63108.0,Townhouse,,460000,1957.0,False,235.0536535513541,2.0,3.0,1989.0,7161.0,29.0,38.648502,-90.2721261,https://www.redfin.com/MO/Saint-Louis/11-Portland-Ct-63108/home/93745879
1524 Mccausland Ave,Saint Louis,63117.0,Single Family Residential,,460000,2556.0,False,179.96870109546165,3.0,2.0,1889.0,25870.0,228.0,38.624566,-90.3072253,https://www.redfin.com/MO/Saint-Louis/1524-McCausland-Ave-63117/home/93740584
3434 Humphrey St,Saint Louis,63118.0,Single Family Residential,,455000,2394.0,False,190.05847953216374,4.0,3.0,1908.0,3833.0,56.0,38.5976566,-90.2399677,https://www.redfin.com/MO/Saint-Louis/3434-Humphrey-St-63118/home/93683397
5622 Murdoch Ave,Saint Louis,63109.0,Single Family Residential,,450000,2600.0,False,173.07692307692307,4.0,3.0,1929.0,3750.0,5.0,38.5872296,-90.2892184,https://www.redfin.com/MO/Saint-Louis/5622-Murdoch-Ave-63109/home/93753508
1404 Monroe St,Saint Louis,63106.0,Single Family Residential,,450000,2280.0,False,197.3684210526316,5.0,3.5,2026.0,3920.0,83.0,38.6471064,-90.1959154,https://www.redfin.com/MO/Saint-Louis/1404-Monroe-St-63106/home/93685866
2633 Allen Ave,Saint Louis,63104.0,Single Family Residential,,450000,2458.0,False,183.07567127746134,3.0,2.5,1900.0,3123.0,228.0,38.612427,-90.2229605,https://www.redfin.com/MO/Saint-Louis/2633-Allen-Ave-63104/home/93690348
4445 Olive St,Saint Louis,63108.0,Townhouse,,450000,2000.0,False,225.0,3.0,2.5,2008.0,3889.0,137.0,38.6477423,-90.2532808,https://www.redfin.com/MO/Saint-Louis/4445-Olive-St-63108/home/62736814
2312 Pestalozzi St,Saint Louis,63118.0,Townhouse,,450000,2400.0,False,187.5,3.0,3.5,1891.0,4356.0,12.0,38.6006001,-90.2232274,https://www.redfin.com/MO/Saint-Louis/2312-Pestalozzi-St-63118/home/171370149
1926 Allen,St. Louis,63104.0,Single Family Residential,,450000,5570.0,False,80.78994614003591,2.0,2.0,1917.0,5593.0,129.0,38.6099478,-90.2148151,https://www.redfin.com/MO/St-Louis/1926-Allen-Ave-63104/home/201509855
1916 S 12th St,Saint Louis,63104.0,Single Family Residential,,450000,2750.0,False,163.63636363636363,5.0,3.0,1881.0,2273.0,82.0,38.6090668,-90.2088228,https://www.redfin.com/MO/Saint-Louis/1916-S-12th-St-63104/home/93685699
4213 Washington Blvd,Saint Louis,63108.0,Single Family Residential,,449900,3417.0,False,131.66520339479075,6.0,3.5,1892.0,5488.0,27.0,38.6462215,-90.2464829,https://www.redfin.com/MO/Saint-Louis/4213-Washington-Blvd-63108/home/93719932
2432 Mcnair Ave,Saint Louis,63104.0,Single Family Residential,,449000,2375.0,False,189.05263157894737,3.0,2.0,1893.0,3123.0,53.0,38.6052513,-90.2180925,https://www.redfin.com/MO/Saint-Louis/2432-McNair-Ave-63104/home/93691374
5911 Pershing Ave,Saint Louis,63112.0,Single Family Residential,,445000,1624.0,False,274.01477832512313,3.0,2.5,1919.0,4029.0,14.0,38.6493887,-90.2925824,https://www.redfin.com/MO/Saint-Louis/5911-Pershing-Ave-63112/home/93762461
3305 Pestalozzi St,Saint Louis,63118.0,Single Family Residential,,442500,2690.0,False,164.4981412639405,4.0,2.5,1914.0,4477.0,82.0,38.6040108,-90.2364577,https://www.redfin.com/MO/Saint-Louis/3305-Pestalozzi-St-63118/home/62720084
1623 Forest Ave,Saint Louis,63139.0,Single Family Residential,,439900,1603.0,False,274.42295695570806,3.0,2.5,2024.0,2038.0,165.0,38.6229805,-90.3060542,https://www.redfin.com/MO/Saint-Louis/1623-Forest-Ave-63139/home/93674027
2816 Magnolia Ave,Saint Louis,63118.0,Townhouse,,439900,2174.0,False,202.34590616375345,3.0,3.0,1884.0,3201.0,64.0,38.6038973,-90.2286693,https://www.redfin.com/MO/Saint-Louis/2816-Magnolia-Ave-63118/home/93683226
2869 Missouri Ave,Saint Louis,63118.0,Single Family Residential,,439900,2511.0,False,175.18916766228594,3.0,2.5,1875.0,2748.0,70.0,38.6005937,-90.2218636,https://www.redfin.com/MO/Saint-Louis/2869-Missouri-Ave-63118/home/93671848
3417 Humphrey St,Saint Louis,63118.0,Single Family Residential,,435000,2040.0,False,213.23529411764707,3.0,2.5,1911.0,3811.0,7.0,38.5979771,-90.2392539,https://www.redfin.com/MO/Saint-Louis/3417-Humphrey-St-63118/home/62717086
1941 Congress St,Saint Louis,63118.0,Single Family Residential,,434900,2222.0,False,195.72457245724573,3.0,2.5,1889.0,5532.0,7.0,38.602049,-90.2175092,https://www.redfin.com/MO/Saint-Louis/1941-Congress-St-63118/home/93785616
4273 Juniata St,Saint Louis,63116.0,Single Family Residential,,430000,1836.0,False,234.20479302832243,4.0,2.5,1911.0,6481.0,17.0,38.602662,-90.2607939,https://www.redfin.com/MO/Saint-Louis/4273-Juniata-St-63116/home/93750032
2827 Oregon Ave,Saint Louis,63118.0,Single Family Residential,,430000,2605.0,False,165.06717850287907,3.0,3.5,1884.0,2731.0,2.0,38.6032807,-90.2294679,https://www.redfin.com/MO/Saint-Louis/2827-Oregon-Ave-63118/home/193545590
7071 Mardel Ave,Saint Louis,63109.0,Single Family Residential,,430000,2400.0,False,179.16666666666666,4.0,3.0,1926.0,7501.0,6.0,38.5971335,-90.3143476,https://www.redfin.com/MO/Saint-Louis/7071-Mardel-Ave-63109/home/93747903
5938 Clemens Ave,Saint Louis,63112.0,Single Family Residential,,425000,3600.0,False,118.05555555555556,5.0,4.5,1909.0,8851.0,129.0,38.6568068,-90.2916648,https://www.redfin.com/MO/Saint-Louis/5938-Clemens-Ave-63112/home/93739287
4038 Juniata St,Saint Louis,63116.0,Single Family Residential,,425000,1632.0,False,260.4166666666667,4.0,2.5,1899.0,3720.0,34.0,38.601674,-90.2542478,https://www.redfin.com/MO/Saint-Louis/4038-Juniata-St-63116/home/93730004
7032 Lansdowne Ave,Saint Louis,63109.0,Single Family Residential,,425000,2564.0,False,165.75663026521062,4.0,3.0,1964.0,6342.0,13.0,38.5915584,-90.3138625,https://www.redfin.com/MO/Saint-Louis/7032-Lansdowne-Ave-63109/home/93774136
4008 Botanical Ave,Saint Louis,63110.0,Single Family Residential,,425000,2200.0,False,193.1818181818182,4.0,3.0,1904.0,3101.0,7.0,38.6093094,-90.2493881,https://www.redfin.com/MO/Saint-Louis/4008-Botanical-Ave-63110/home/109007321
2843 January Ave,Saint Louis,63139.0,Single Family Residential,,425000,1443.0,False,294.5252945252945,3.0,2.0,1925.0,4678.0,18.0,38.6079471,-90.2842821,https://www.redfin.com/MO/Saint-Louis/2843-January-Ave-63139/home/62724656
5800 Pershing Ave,Saint Louis,63112.0,Single Family Residential,,425000,2044.0,False,207.9256360078278,4.0,1.5,1930.0,4112.0,5.0,38.6485712,-90.2903206,https://www.redfin.com/MO/Saint-Louis/5800-Pershing-Ave-63112/home/93762442
4101 Laclede Ave #108,Saint Louis,63108.0,Townhouse,,425000,1300.0,False,326.9230769230769,2.0,2.5,2019.0,,13.0,38.6373554,-90.2468337,https://www.redfin.com/MO/Saint-Louis/4101-Laclede-Ave-63108/unit-108/home/169424944
3006 Virginia Ave,Saint Louis,63118.0,Single Family Residential,,419900,1624.0,False,258.5591133004926,3.0,3.0,1892.0,2626.0,43.0,38.6025682,-90.2362061,https://www.redfin.com/MO/Saint-Louis/3006-Virginia-Ave-63118/home/93692637
3423 Giles Ave,Saint Louis,63116.0,Single Family Residential,,415000,2334.0,False,177.8063410454156,4.0,2.0,1910.0,3820.0,18.0,38.595678,-90.2461862,https://www.redfin.com/MO/Saint-Louis/3423-Giles-Ave-63116/home/93730339
2316 S 9th St,Saint Louis,63104.0,Single Family Residential,,415000,2508.0,False,165.47049441786285,3.0,2.5,1889.0,2500.0,75.0,38.6041264,-90.2063087,https://www.redfin.com/MO/Saint-Louis/2316-S-9th-St-63104/home/93686366
4349 Gibson Ave,Saint Louis,63110.0,Single Family Residential,,414900,1972.0,False,210.39553752535497,3.0,2.0,1910.0,6359.0,43.0,38.6287113,-90.256038,https://www.redfin.com/MO/Saint-Louis/4349-Gibson-Ave-63110/home/93751305
5621 Pernod Ave,Saint Louis,63139.0,Single Family Residential,,410000,2621.0,False,156.42884395268982,4.0,2.0,1948.0,4517.0,6.0,38.5962461,-90.286139,https://www.redfin.com/MO/Saint-Louis/5621-Pernod-Ave-63139/home/63125819
6413-6415 Bradley Ave,St. Louis,63139.0,Single Family Residential,,410000,2080.0,False,197.1153846153846,3.0,2.0,1900.0,13559.0,18.0,38.6043003,-90.2985616,https://www.redfin.com/MO/St-Louis/6413-6415-Bradley-Ave-63139/home/202233805
3433 Texas Ave,Saint Louis,63116.0,Single Family Residential,,400000,1976.0,False,202.42914979757086,3.0,2.5,2022.0,3267.0,83.0,38.592529,-90.227151,https://www.redfin.com/MO/Saint-Louis/3433-Texas-Ave-63118/home/179021915
4249 Arco Ave,Saint Louis,63110.0,Single Family Residential,,399999,2460.0,False,162.60121951219512,4.0,2.0,1901.0,3149.0,13.0,38.6278572,-90.256432,https://www.redfin.com/MO/Saint-Louis/4249-Arco-Ave-63110/home/93750950
7038 Pernod Ave,Saint Louis,63139.0,Single Family Residential,,399900,1810.0,False,220.939226519337,3.0,1.5,1890.0,7448.0,99.0,38.598564,-90.3130243,https://www.redfin.com/MO/Saint-Louis/7038-Pernod-Ave-63139/home/93747939
4062 Arsenal St,Saint Louis,63116.0,Single Family Residential,,399900,1824.0,False,219.2434210526316,3.0,1.5,1913.0,3036.0,12.0,38.6037615,-90.2547614,https://www.redfin.com/MO/Saint-Louis/4062-Arsenal-St-63116/home/93786324
4444 Arco Ave,Saint Louis,63110.0,Single Family Residential,,399000,2336.0,False,170.80479452054794,3.0,2.0,1898.0,3249.0,11.0,38.6282868,-90.2602544,https://www.redfin.com/MO/Saint-Louis/4444-Arco-Ave-63110/home/93751242
4939 Lisette Ave,Saint Louis,63109.0,Single Family Residential,,395000,2400.0,False,164.58333333333334,5.0,2.0,1941.0,4199.0,7.0,38.5756804,-90.285524,https://www.redfin.com/MO/Saint-Louis/4939-Lisette-Ave-63109/home/93742177
2010 Blendon Pl,Saint Louis,63143.0,Single Family Residential,,394000,1975.0,False,199.49367088607596,3.0,1.5,1895.0,9870.0,47.0,38.6212795,-90.3096674,https://www.redfin.com/MO/Saint-Louis/2010-Blendon-Pl-63143/home/93744131
2414 S 11th St,Saint Louis,63104.0,Single Family Residential,,389900,2607.0,False,149.55887993862677,3.0,2.0,1884.0,3075.0,68.0,38.6031796,-90.2103596,https://www.redfin.com/MO/Saint-Louis/2414-S-11th-St-63104/home/93686734
1829 Oregon Ave,Saint Louis,63104.0,Single Family Residential,,389900,2604.0,False,149.7311827956989,3.0,2.5,1900.0,2962.0,27.0,38.6138191,-90.2272693,https://www.redfin.com/MO/Saint-Louis/1829-Oregon-Ave-63104/home/93690103
4935 Cote Brilliante Ave,Saint Louis,63113.0,Single Family Residential,,389000,3324.0,False,117.02767749699157,5.0,4.0,1924.0,5758.0,42.0,38.6650461,-90.2579779,https://www.redfin.com/MO/Saint-Louis/4935-Cote-Brilliante-Ave-63113/home/93737212
4142 Cleveland Ave,Saint Louis,63110.0,Single Family Residential,,385000,1435.0,False,268.2926829268293,3.0,1.5,1908.0,3075.0,7.0,38.6114289,-90.2529802,https://www.redfin.com/MO/Saint-Louis/4142-Cleveland-Ave-63110/home/93746488
6125 Marwinette Ave,Saint Louis,63116.0,Single Family Residential,,385000,1642.0,False,234.47015834348355,3.0,2.0,1936.0,4835.0,1.0,38.5689189,-90.2674742,https://www.redfin.com/MO/Saint-Louis/6125-Marwinette-Ave-63116/home/62744072
4557 Arco Ave,Saint Louis,63110.0,Single Family Residential,,385000,3174.0,False,121.29804662885948,4.0,2.0,1899.0,4281.0,20.0,38.6293461,-90.2631023,https://www.redfin.com/MO/Saint-Louis/4557-Arco-Ave-63110/home/93749289
2739 Utah St,Saint Louis,63118.0,Single Family Residential,,384975,2515.0,False,153.07157057654075,3.0,2.5,1908.0,3201.0,73.0,38.5957041,-90.2288526,https://www.redfin.com/MO/Saint-Louis/2739-Utah-St-63118/home/93693788
3307 Wisconsin Ave,Saint Louis,63118.0,Single Family Residential,,384900,2607.0,False,147.6409666283084,3.0,2.5,1890.0,3075.0,74.0,38.5942065,-90.2208,https://www.redfin.com/MO/Saint-Louis/3307-Wisconsin-Ave-63118/home/62747963
3467 Giles Ave,Saint Louis,63116.0,Single Family Residential,,379999,2112.0,False,179.92376893939394,4.0,2.5,1909.0,3750.0,154.0,38.5944604,-90.2463823,https://www.redfin.com/MO/Saint-Louis/3467-Giles-Ave-63116/home/93730302
5239 Oleatha Ave,Saint Louis,63139.0,Single Family Residential,,379900,1742.0,False,218.08266360505166,4.0,2.0,1934.0,3663.0,6.0,38.597335,-90.279955,https://www.redfin.com/MO/Saint-Louis/5239-Oleatha-Ave-63139/home/62721572
7119 Trainor Pl,Saint Louis,63116.0,Single Family Residential,,377500,1937.0,False,194.88900361383583,3.0,2.5,2025.0,2831.0,27.0,38.560243,-90.271493,https://www.redfin.com/MO/Saint-Louis/7119-Trainor-Pl-63116/home/93679204
7123 Trainor Pl,Saint Louis,63116.0,Townhouse,,375000,1937.0,False,193.59834796076407,3.0,2.5,1921.0,,509.0,38.5600959,-90.2716414,https://www.redfin.com/MO/Saint-Louis/7123-Trainor-Pl-63116/home/93679206
6059 Clemens Ave,Saint Louis,63112.0,Single Family Residential,,369900,2700.0,False,137.0,5.0,2.5,1909.0,8751.0,141.0,38.6576054,-90.2948597,https://www.redfin.com/MO/Saint-Louis/6059-Clemens-Ave-63112/home/91490586
5972 Cates Ave,Saint Louis,63112.0,Single Family Residential,,360000,2795.0,False,128.80143112701253,5.0,3.5,2002.0,9099.0,14.0,38.6580949,-90.2926723,https://www.redfin.com/MO/Saint-Louis/5972-Cates-Ave-63112/home/71335714
6523 Odell St,Saint Louis,63139.0,Single Family Residential,,360000,1710.0,False,210.52631578947367,3.0,2.0,1895.0,7601.0,33.0,38.6099975,-90.2990623,https://www.redfin.com/MO/Saint-Louis/6523-Odell-St-63139/home/93743840
5588 Bartmer Ave,Saint Louis,63112.0,Single Family Residential,,359900,1860.0,False,193.49462365591398,4.0,2.5,1889.0,9422.0,8.0,38.6622142,-90.2799612,https://www.redfin.com/MO/Saint-Louis/5588-Bartmer-Ave-63112/home/93722455
6533 Tholozan Ave,Saint Louis,63109.0,Single Family Residential,,359900,2233.0,False,161.1733094491715,3.0,2.5,1937.0,4373.0,12.0,38.5969344,-90.3019923,https://www.redfin.com/MO/Saint-Louis/6533-Tholozan-Ave-63109/home/93774987
4253 Washington Blvd Unit D,St. Louis,63108.0,Single Family Residential,,355000,2489.0,False,142.62756126958618,4.0,3.0,1891.0,,32.0,38.6468243,-90.247707,https://www.redfin.com/MO/St-Louis/4253-Washington-Ave-63108/unit-D/home/190928999
3302 Ohio Ave,Saint Louis,63118.0,Single Family Residential,,350000,2182.0,False,160.40329972502292,3.0,2.5,1902.0,2452.0,7.0,38.5951723,-90.2271801,https://www.redfin.com/MO/Saint-Louis/3302-Ohio-Ave-63118/home/93694284
3332 Wisconsin Ave,Saint Louis,63118.0,Single Family Residential,,350000,2140.0,False,163.55140186915887,3.0,2.5,1890.0,2543.0,8.0,38.5935517,-90.2205447,https://www.redfin.com/MO/Saint-Louis/3332-Wisconsin-Ave-63118/home/173618772
6014 Potomac St,Saint Louis,63139.0,Single Family Residential,,350000,1596.0,False,219.2982456140351,3.0,1.5,1939.0,4373.0,25.0,38.5983489,-90.293213,https://www.redfin.com/MO/Saint-Louis/6014-Potomac-St-63139/home/93775389
2318 Louisiana Ave,Saint Louis,63104.0,Single Family Residential,,349900,1700.0,False,205.8235294117647,3.0,2.5,1911.0,2613.0,55.0,38.6086487,-90.2361045,https://www.redfin.com/MO/Saint-Louis/2318-Louisiana-Ave-63104/home/104434520
5665 Oleatha Ave,Saint Louis,63139.0,Single Family Residential,,349900,1056.0,False,331.344696969697,4.0,1.5,1950.0,3920.0,3.0,38.5972805,-90.2875269,https://www.redfin.com/MO/Saint-Louis/5665-Oleatha-Ave-63139/home/93780690
2143 Hickory St,Saint Louis,63104.0,Single Family Residential,,349900,1875.0,False,186.61333333333334,3.0,1.5,1879.0,1785.0,102.0,38.6200051,-90.2154491,https://www.redfin.com/MO/Saint-Louis/2143-Hickory-St-63104/home/62696165
1810 Utah St,Saint Louis,63118.0,Single Family Residential,,349900,2055.0,False,170.2676399026764,4.0,2.5,1890.0,3123.0,1.0,38.5940181,-90.2176351,https://www.redfin.com/MO/Saint-Louis/1810-Utah-St-63118/home/93694151
1901 Allen Ave,Saint Louis,63104.0,Single Family Residential,,349900,1496.0,False,233.8903743315508,2.0,1.5,1912.0,3550.0,27.0,38.610164,-90.2138328,https://www.redfin.com/MO/Saint-Louis/1901-Allen-Ave-63104/home/93690378
5230 Bancroft Ave,Saint Louis,63109.0,Single Family Residential,,349000,2000.0,False,174.5,3.0,2.0,1925.0,5000.0,39.0,38.5899379,-90.2808134,https://www.redfin.com/MO/Saint-Louis/5230-Bancroft-Ave-63109/home/93752671
1500 E Linton Ave,Saint Louis,63107.0,Single Family Residential,,348000,3330.0,False,104.50450450450451,5.0,2.0,1911.0,8150.0,135.0,38.6757765,-90.2105525,https://www.redfin.com/MO/Saint-Louis/1500-E-Linton-Ave-63107/home/93713259
3130 Nebraska Ave,Saint Louis,63118.0,Townhouse,,345000,2514.0,False,137.23150357995226,4.0,3.5,1888.0,3131.0,89.0,38.5998065,-90.2309174,https://www.redfin.com/MO/Saint-Louis/3130-Nebraska-Ave-63118/home/93692944
5622 Pernod Ave,Saint Louis,63139.0,Single Family Residential,,340000,1870.0,False,181.8181818181818,4.0,2.0,1940.0,4186.0,4.0,38.5958111,-90.2861942,https://www.redfin.com/MO/Saint-Louis/5622-Pernod-Ave-63139/home/93781950
2113 Dogtown Walk,Saint Louis,63139.0,Townhouse,,340000,1800.0,False,188.88888888888889,3.0,2.5,2005.0,3005.0,42.0,38.6192853,-90.3076563,https://www.redfin.com/MO/Saint-Louis/2113-Dogtown-Walk-63139/home/103203025
4465 Greer Ave,Saint Louis,63115.0,Single Family Residential,,339999,2127.0,False,159.8490832157969,5.0,3.5,1894.0,4290.0,18.0,38.667065,-90.2411361,https://www.redfin.com/MO/Saint-Louis/4465-Greer-Ave-63115/home/93715389
3503 Wisconsin Ave,Saint Louis,63118.0,Single Family Residential,,339900,1928.0,False,176.2966804979253,3.0,2.5,1892.0,3471.0,238.0,38.5907583,-90.2215164,https://www.redfin.com/MO/Saint-Louis/3503-Wisconsin-Ave-63118/home/93694499
4036 Shaw Blvd,Saint Louis,63110.0,Townhouse,,339900,2288.0,False,148.55769230769232,3.0,2.5,1914.0,2861.0,10.0,38.6158175,-90.2494534,https://www.redfin.com/MO/Saint-Louis/4036-Shaw-Blvd-63110/home/93747136
1323 Shenandoah Ave,Saint Louis,63104.0,Single Family Residential,,335000,2144.0,False,156.25,3.0,2.5,1917.0,2099.0,26.0,38.6066351,-90.2125248,https://www.redfin.com/MO/Saint-Louis/1323-Shenandoah-Ave-63104/home/62714065
1924 Withnell Ave,Saint Louis,63118.0,Single Family Residential,,335000,1871.0,False,179.04863709246393,2.0,2.5,1897.0,3175.0,12.0,38.5949506,-90.2191046,https://www.redfin.com/MO/Saint-Louis/1924-Withnell-Ave-63118/home/62722013
3445 Michigan Ave,Saint Louis,63118.0,Single Family Residential,,330000,2548.0,False,129.51334379905808,3.0,2.5,1895.0,,104.0,38.593325,-90.2361507,https://www.redfin.com/MO/Saint-Louis/3445-Michigan-Ave-63118/home/184672079
5449 Mardel Ave,Saint Louis,63109.0,Single Family Residential,,329900,1925.0,False,171.37662337662337,2.0,2.0,1950.0,4199.0,27.0,38.5943943,-90.2847793,https://www.redfin.com/MO/Saint-Louis/5449-Mardel-Ave-63109/home/93782003
2248 Jules St,Saint Louis,63104.0,Single Family Residential,,329000,1962.0,False,167.68603465851172,2.0,3.0,1880.0,3149.0,145.0,38.6076955,-90.2187555,https://www.redfin.com/MO/Saint-Louis/2248-Jules-St-63104/home/62735438
4238 Mcree Ave,Saint Louis,63110.0,Townhouse,,325000,1800.0,False,180.55555555555554,3.0,2.5,1916.0,2526.0,5.0,38.6192347,-90.2545971,https://www.redfin.com/MO/Saint-Louis/4238-McRee-Ave-63110/home/93684845
5810 S Kingshighway Blvd,Saint Louis,63109.0,Single Family Residential,,325000,1091.0,False,297.89184234647115,4.0,1.5,1920.0,5127.0,3.0,38.5779732,-90.2821492,https://www.redfin.com/MO/Saint-Louis/5810-S-Kingshighway-Blvd-63109/home/63691768
5477 Loughborough Ave,Saint Louis,63109.0,Single Family Residential,,324900,1680.0,False,193.39285714285714,2.0,2.0,1945.0,3676.0,102.0,38.5742316,-90.2938703,https://www.redfin.com/MO/Saint-Louis/5477-Loughborough-Ave-63109/home/93774312
3725 N 20th St,Saint Louis,63107.0,Single Family Residential,,324900,3671.0,False,88.50449468809589,5.0,4.5,1882.0,6185.0,116.0,38.6609173,-90.2032946,https://www.redfin.com/MO/Saint-Louis/3725-N-20th-St-63107/home/93671267
7016 Michigan Ave,Saint Louis,63111.0,Single Family Residential,,322250,2976.0,False,108.28293010752688,4.0,2.5,1892.0,7000.0,170.0,38.5531551,-90.2561915,https://www.redfin.com/MO/Saint-Louis/7016-Michigan-Ave-63111/home/143285890
1725 Oregon Pl,Saint Louis,63104.0,Single Family Residential,,320000,3620.0,False,88.39779005524862,5.0,4.0,1885.0,3123.0,47.0,38.6146965,-90.2271174,https://www.redfin.com/MO/Saint-Louis/1725-Oregon-Pl-63104/home/93690072
4361 Enright Ave,Saint Louis,63108.0,Single Family Residential,,319900,3248.0,False,98.49137931034483,5.0,3.5,1892.0,6242.0,38.0,38.6497845,-90.248988,https://www.redfin.com/MO/Saint-Louis/4361-Enright-Ave-63108/home/93739837
2758 Rutger St,Saint Louis,63104.0,Single Family Residential,,319900,2124.0,False,150.6120527306968,3.0,2.5,1892.0,3001.0,39.0,38.6204941,-90.2238921,https://www.redfin.com/MO/Saint-Louis/2758-Rutger-St-63104/home/93697600
2732 Accomac St,Saint Louis,63104.0,Townhouse,,319000,1960.0,False,162.75510204081633,3.0,2.5,1907.0,2661.0,62.0,38.6096025,-90.2257173,https://www.redfin.com/MO/Saint-Louis/2732-Accomac-St-63104/home/144284525
5363 Reber Pl,Saint Louis,63139.0,Single Family Residential,,319000,2105.0,False,151.54394299287412,5.0,1.5,1949.0,6860.0,18.0,38.6087489,-90.2776856,https://www.redfin.com/MO/Saint-Louis/5363-Reber-Pl-63139/home/93727529
5530 Magnolia Ave,Saint Louis,63139.0,Single Family Residential,,314900,1500.0,False,209.93333333333334,2.0,1.0,1896.0,3123.0,18.0,38.6099431,-90.2817893,https://www.redfin.com/MO/Saint-Louis/5530-Magnolia-Ave-63139/home/93727165
1464 Sproule Ave,Saint Louis,63139.0,Single Family Residential,,309000,1735.0,False,178.09798270893373,2.0,2.0,1929.0,4534.0,20.0,38.6236129,-90.2900711,https://www.redfin.com/MO/Saint-Louis/1464-Sproule-Ave-63139/home/93778573
3509 Park Ave,Saint Louis,63104.0,Single Family Residential,,308000,1602.0,False,192.25967540574283,4.0,2.0,2020.0,4678.0,47.0,38.6206859,-90.2366144,https://www.redfin.com/MO/Saint-Louis/3509-Park-Ave-63104/home/93689866
20 Lawn Pl,Saint Louis,63110.0,Single Family Residential,,303500,1170.0,False,259.4017094017094,3.0,1.0,1914.0,3963.0,33.0,38.6281718,-90.2656401,https://www.redfin.com/MO/Saint-Louis/20-Lawn-Pl-63110/home/93765850
4253 Swan Ave,Saint Louis,63110.0,Single Family Residential,,300000,1596.0,False,187.9699248120301,3.0,2.0,1884.0,6250.0,4.0,38.6263732,-90.2559589,https://www.redfin.com/MO/Saint-Louis/4253-Swan-Ave-63110/home/67379319
1544 St. Vincent Ct,Saint Louis,63104.0,Single Family Residential,,300000,1539.0,False,194.9317738791423,3.0,2.5,1986.0,4268.0,33.0,38.6172099,-90.2243228,https://www.redfin.com/MO/Saint-Louis/1544-Saint-Vincent-Ct-63104/home/93700600
3131 Ohio Ave,Saint Louis,63118.0,Townhouse,,299900,2289.0,False,131.0179117518567,3.0,2.5,1887.0,2125.0,70.0,38.5987868,-90.2268571,https://www.redfin.com/MO/Saint-Louis/3131-Ohio-Ave-63118/home/64124143
6816 Wise Ave,Saint Louis,63139.0,Single Family Residential,,299900,1200.0,False,249.91666666666666,3.0,2.0,1910.0,3659.0,12.0,38.629019,-90.3040454,https://www.redfin.com/MO/Saint-Louis/6816-Wise-Ave-63139/home/93765619
4058 Botanical Ave,Saint Louis,63110.0,Single Family Residential,,299900,1834.0,False,163.52235550708832,3.0,2.0,1906.0,2966.0,10.0,38.6094892,-90.2511194,https://www.redfin.com/MO/Saint-Louis/4058-Botanical-Ave-63110/home/76771316
2925 Macklind Ave,Saint Louis,63139.0,Single Family Residential,,299000,1218.0,False,245.48440065681444,2.0,1.0,1898.0,,2.0,38.6064827,-90.2794847,https://www.redfin.com/MO/Saint-Louis/2925-Macklind-Ave-63139/home/93727350
3516 Illinois Ave,Saint Louis,63118.0,Single Family Residential,,295000,2820.0,False,104.60992907801419,4.0,3.5,1897.0,3101.0,5.0,38.59052,-90.2223048,https://www.redfin.com/MO/Saint-Louis/3516-Illinois-Ave-63118/home/109007317
4100 Potomac St,Saint Louis,63116.0,Single Family Residential,,290000,1780.0,False,162.92134831460675,3.0,1.5,1962.0,,90.0,38.5948215,-90.2566765,https://www.redfin.com/MO/Saint-Louis/4100-Potomac-St-63116/home/93728788
905 Russell Blvd,Saint Louis,63104.0,Single Family Residential,,289999,912.0,False,317.9813596491228,2.0,2.0,1953.0,5397.0,18.0,38.6069026,-90.2056553,https://www.redfin.com/MO/Saint-Louis/905-Russell-Blvd-63104/home/93686208
3706 Iowa Ave,Saint Louis,63118.0,Single Family Residential,,289999,2174.0,False,133.3942042318307,3.0,3.5,1889.0,3005.0,78.0,38.5880704,-90.2298247,https://www.redfin.com/MO/Saint-Louis/3706-Iowa-Ave-63118/home/93696181
7153 Whaley Pl,Saint Louis,63116.0,Single Family Residential,,289999,1333.0,False,217.5536384096024,3.0,2.0,1957.0,4556.0,14.0,38.5626641,-90.2781518,https://www.redfin.com/MO/Saint-Louis/7153-Whaley-Pl-63116/home/93785432
4120 Loughborough Ave,Saint Louis,63116.0,Single Family Residential,,289900,1434.0,False,202.16178521617852,4.0,2.0,1926.0,5000.0,9.0,38.5647993,-90.2752501,https://www.redfin.com/MO/Saint-Louis/4120-Loughborough-Ave-63116/home/93772837
1911 Lynch St,Saint Louis,63118.0,Single Family Residential,,289000,1972.0,False,146.55172413793105,4.0,1.5,1887.0,1215.0,83.0,38.601352,-90.2167403,https://www.redfin.com/MO/Saint-Louis/1911-Lynch-St-63118/home/93697264
2830 Hampton Ave,Saint Louis,63139.0,Single Family Residential,,289000,1159.0,False,249.35289042277824,3.0,2.0,1925.0,5375.0,57.0,38.6077692,-90.288373,https://www.redfin.com/MO/Saint-Louis/2830-Hampton-Ave-63139/home/69131459
5439 Vernon Ave,Saint Louis,63112.0,Single Family Residential,,288000,2112.0,False,136.36363636363637,4.0,2.5,2000.0,7919.0,110.0,38.6593292,-90.2769868,https://www.redfin.com/MO/Saint-Louis/5439-Vernon-Ave-63112/home/93786376
3878 Marine Ave,Saint Louis,63118.0,Single Family Residential,,285000,3234.0,False,88.12615955473099,6.0,3.5,1908.0,4621.0,106.0,38.5833288,-90.2220297,https://www.redfin.com/MO/Saint-Louis/3878-Marine-Ave-63118/home/93697250
7146 Mardel Ave,Saint Louis,63109.0,Single Family Residential,,285000,1178.0,False,241.93548387096774,2.0,1.5,1894.0,8999.0,12.0,38.5969811,-90.3173739,https://www.redfin.com/MO/Saint-Louis/7146-Mardel-Ave-63109/home/93747995
5238 Botanical Ave,Saint Louis,63110.0,Single Family Residential,,284900,1088.0,False,261.85661764705884,2.0,1.0,1912.0,3423.0,20.0,38.6120973,-90.2750302,https://www.redfin.com/MO/Saint-Louis/5238-Botanical-Ave-63110/home/93727570
3024 Caroline St,Saint Louis,63104.0,Single Family Residential,,280000,1788.0,False,156.59955257270693,4.0,3.0,1995.0,6490.0,7.0,38.6205291,-90.2285391,https://www.redfin.com/MO/Saint-Louis/3024-Caroline-St-63104/home/93672743
5829 Bartmer Ave,Saint Louis,63112.0,Single Family Residential,,280000,2860.0,False,97.9020979020979,5.0,2.5,1891.0,8102.0,53.0,38.6632641,-90.286508,https://www.redfin.com/MO/Saint-Louis/5829-Bartmer-Ave-63112/home/93680377
2320 S 9th St,Saint Louis,63104.0,Single Family Residential,,280000,1844.0,False,151.84381778741866,3.0,1.5,1884.0,1873.0,166.0,38.6040042,-90.2064268,https://www.redfin.com/MO/Saint-Louis/2320-S-9th-St-63104/home/92954023
6217 Marmaduke Ave,Saint Louis,63139.0,Single Family Residential,,279000,1344.0,False,207.58928571428572,3.0,1.0,1925.0,3885.0,4.0,38.6103735,-90.2933755,https://www.redfin.com/MO/Saint-Louis/6217-Marmaduke-Ave-63139/home/93754701
4729 Adkins Ave,Saint Louis,63116.0,Single Family Residential,,278000,1927.0,False,144.2656979761287,3.0,3.0,1907.0,3680.0,83.0,38.5807442,-90.2640281,https://www.redfin.com/MO/Saint-Louis/4729-Adkins-Ave-63116/home/93758982
3337 Michigan Ave,Saint Louis,63118.0,Single Family Residential,,275000,1920.0,False,143.22916666666666,3.0,3.0,1911.0,3489.0,393.0,38.5953084,-90.235801,https://www.redfin.com/MO/Saint-Louis/3337-Michigan-Ave-63118/home/93693546
4014 Miami St,Saint Louis,63116.0,Single Family Residential,,275000,1236.0,False,222.49190938511327,4.0,1.5,1941.0,3841.0,4.0,38.592875,-90.2547158,https://www.redfin.com/MO/Saint-Louis/4014-Miami-St-63116/home/93728662
6557 Odell St,Saint Louis,63139.0,Single Family Residential,,275000,1328.0,False,207.07831325301206,2.0,2.0,1893.0,7501.0,1.0,38.6100856,-90.3002356,https://www.redfin.com/MO/Saint-Louis/6557-Odell-St-63139/home/93743819
3637 S Compton Ave,St. Louis,63118.0,Townhouse,,275000,1927.0,False,142.70887389724962,3.0,3.0,1904.0,2613.0,26.0,38.5900731,-90.2380561,https://www.redfin.com/MO/St-Louis/3637-S-Compton-Ave-63118/home/183369602
4045 Cleveland Ave,Saint Louis,63110.0,Townhouse,,275000,1836.0,False,149.78213507625273,2.0,1.5,1905.0,2090.0,14.0,38.6116173,-90.250417,https://www.redfin.com/MO/Saint-Louis/4045-Cleveland-Ave-63110/home/93671355
1417 Dodier St,St. Louis,63107.0,Townhouse,,274900,1620.0,False,169.69135802469137,3.0,2.5,2026.0,5580.0,84.0,38.6525074,-90.1989386,https://www.redfin.com/MO/St-Louis/1415-1417-Dodier-St-63107/home/201214061
1415 Dodier St,Saint Louis,63107.0,Townhouse,,274900,1620.0,False,169.69135802469137,3.0,2.5,2026.0,5580.0,91.0,38.6524507,-90.198816,https://www.redfin.com/MO/Saint-Louis/1415-Dodier-St-63107/home/93688956
3112 Wyoming St,Saint Louis,63118.0,Single Family Residential,,269900,2596.0,False,103.96764252696457,3.0,2.0,1900.0,3123.0,19.0,38.5978992,-90.2345261,https://www.redfin.com/MO/Saint-Louis/3112-Wyoming-St-63118/home/93693478
4963 Sutherland Ave,Saint Louis,63109.0,Single Family Residential,,269900,1220.0,False,221.2295081967213,2.0,1.0,1920.0,3998.0,13.0,38.5891014,-90.2776114,https://www.redfin.com/MO/Saint-Louis/4963-Sutherland-Ave-63109/home/89324264
3223 Utah St,Saint Louis,63118.0,Single Family Residential,,269900,1988.0,False,135.76458752515092,3.0,2.5,1913.0,9879.0,5.0,38.5967848,-90.2374068,https://www.redfin.com/MO/Saint-Louis/3223-Utah-St-63118/home/104237048
6531 Bancroft Ave,Saint Louis,63109.0,Single Family Residential,,269000,1242.0,False,216.58615136876006,3.0,1.5,1959.0,4190.0,65.0,38.5926968,-90.3030627,https://www.redfin.com/MO/Saint-Louis/6531-Bancroft-Ave-63109/home/93775558
3324 Louisiana Ave,Saint Louis,63118.0,Single Family Residential,,269000,2028.0,False,132.6429980276134,3.0,3.0,1912.0,3123.0,11.0,38.5956372,-90.2387835,https://www.redfin.com/MO/Saint-Louis/3324-Louisiana-Ave-63118/home/93693130
,Saint Louis,63106.0,Single Family Residential,,265000,1960.0,False,135.20408163265307,3.0,2.5,2021.0,5614.0,60.0,38.6503101,-90.2029673,https://www.redfin.com/MO/Saint-Louis/Undisclosed-address-63106/home/169424163
3325 Minnesota Ave,Saint Louis,63118.0,Single Family Residential,,264900,1944.0,False,136.26543209876544,3.0,2.5,1901.0,2962.0,68.0,38.5955246,-90.2346386,https://www.redfin.com/MO/Saint-Louis/3325-Minnesota-Ave-63118/home/93693448
5414 Lindenwood Ave,Saint Louis,63109.0,Single Family Residential,,260000,1008.0,False,257.93650793650795,2.0,1.0,1951.0,4800.0,20.0,38.5930437,-90.2838003,https://www.redfin.com/MO/Saint-Louis/5414-Lindenwood-Ave-63109/home/93782848
7321 Coronado Ave,Saint Louis,63116.0,Single Family Residential,,260000,2021.0,False,128.64918357248888,3.0,2.0,1957.0,6202.0,4.0,38.5591559,-90.2740305,https://www.redfin.com/MO/Saint-Louis/7321-Coronado-Ave-63116/home/93785043
4948 Neosho St,Saint Louis,63109.0,Single Family Residential,,260000,1248.0,False,208.33333333333334,2.0,1.0,1921.0,5201.0,70.0,38.5843042,-90.2790615,https://www.redfin.com/MO/Saint-Louis/4948-Neosho-St-63109/home/62764377
5325 Quincy St,Saint Louis,63109.0,Single Family Residential,,259900,1514.0,False,171.66446499339497,3.0,2.0,1922.0,4373.0,13.0,38.5724754,-90.2909339,https://www.redfin.com/MO/Saint-Louis/5325-Quincy-St-63109/home/93771490
2234 Hickory St,Saint Louis,63104.0,Townhouse,,259900,1292.0,False,201.1609907120743,2.0,1.5,1984.0,1206.0,92.0,38.6196348,-90.2168247,https://www.redfin.com/MO/Saint-Louis/2234-Hickory-St-63104/home/93701158
5008 Sutherland Ave,Saint Louis,63109.0,Single Family Residential,,259900,1232.0,False,210.9577922077922,2.0,1.5,1915.0,3750.0,25.0,38.5887855,-90.2782734,https://www.redfin.com/MO/Saint-Louis/5008-Sutherland-Ave-63109/home/93752833
4844 Sigel Ave,Saint Louis,63116.0,Single Family Residential,,259000,1404.0,False,184.47293447293447,3.0,2.0,1910.0,3628.0,10.0,38.578968,-90.2798903,https://www.redfin.com/MO/Saint-Louis/4844-Sigel-Ave-63116/home/93763288
2845 Wyoming St,Saint Louis,63118.0,Townhouse,,259000,2428.0,False,106.67215815485997,3.0,2.5,1885.0,,8.0,38.5978698,-90.231043,https://www.redfin.com/MO/Saint-Louis/2845-Wyoming-St-63118/home/93692960
4224 California Ave,Saint Louis,63111.0,Single Family Residential,,258400,2008.0,False,128.68525896414343,3.0,2.5,1924.0,3123.0,12.0,38.5787107,-90.2328905,https://www.redfin.com/MO/Saint-Louis/4224-California-Ave-63111/home/93705491
5507 Vermont Ave,Saint Louis,63111.0,Single Family Residential,,255900,1902.0,False,134.54258675078864,3.0,2.0,1911.0,4621.0,90.0,38.5658702,-90.2478278,https://www.redfin.com/MO/Saint-Louis/5507-Vermont-Ave-63111/home/93708496
2847 Wyoming St,St. Louis,63118.0,Townhouse,,254900,2369.0,False,107.5981426762347,4.0,2.5,1885.0,,59.0,38.5977942,-90.2310783,https://www.redfin.com/MO/St-Louis/2847-Wyoming-St-63118/home/197804415
3911 Sullivan Ave,Saint Louis,63107.0,Single Family Residential,,250000,2684.0,False,93.14456035767512,5.0,3.0,1912.0,4726.0,4.0,38.6611771,-90.2251259,https://www.redfin.com/MO/Saint-Louis/3911-Sullivan-Ave-63107/home/93753728
6019 Hartford St,Saint Louis,63139.0,Single Family Residential,,250000,1040.0,False,240.3846153846154,2.0,1.0,1926.0,4373.0,18.0,38.6063967,-90.2902383,https://www.redfin.com/MO/Saint-Louis/6019-Hartford-St-63139/home/93775873
3832 Iowa Ave,Saint Louis,63107.0,Single Family Residential,,250000,1936.0,False,129.13223140495867,4.0,2.0,1902.0,4826.0,1.0,38.5855312,-90.2303403,https://www.redfin.com/MO/Saint-Louis/3832-Iowa-Ave-63118/home/93696263
5477 Oleatha Ave,Saint Louis,63139.0,Single Family Residential,,250000,1008.0,False,248.015873015873,2.0,1.0,1951.0,4512.0,5.0,38.5969419,-90.2842927,https://www.redfin.com/MO/Saint-Louis/5477-Oleatha-Ave-63139/home/93780849
4936 Delor St,Saint Louis,63109.0,Single Family Residential,,249900,1477.0,False,169.19431279620852,3.0,1.0,1922.0,4125.0,28.0,38.582591,-90.2795576,https://www.redfin.com/MO/Saint-Louis/4936-Delor-St-63109/home/69445400
3440 Potomac St,Saint Louis,63118.0,Single Family Residential,,249900,2070.0,False,120.72463768115942,5.0,2.0,1906.0,3497.0,74.0,38.5932101,-90.2411564,https://www.redfin.com/MO/Saint-Louis/3440-Potomac-St-63118/home/93695417
4337 Loughborough Ave,Saint Louis,63116.0,Single Family Residential,,249900,931.0,False,268.42105263157896,2.0,1.0,1957.0,7000.0,62.0,38.5667951,-90.2783523,https://www.redfin.com/MO/Saint-Louis/4337-Loughborough-Ave-63116/home/93771767
3308 Jamieson Ave,St. Louis,63139.0,Townhouse,,249000,1830.0,True,136.0655737704918,0.0,2.0,1921.0,11413.0,357.0,38.6032431,-90.307506,https://www.redfin.com/MO/St-Louis/3308-Jamieson-Ave-63139/home/195613030
2218 Wyoming St,St. Louis,63118.0,Townhouse,,249000,1900.0,False,131.05263157894737,2.0,2.5,1884.0,,61.0,38.5965368,-90.223314,https://www.redfin.com/MO/St-Louis/2218-Wyoming-St-63118/home/201645348
5341 Neosho St,Saint Louis,63109.0,Single Family Residential,,249000,1032.0,False,241.27906976744185,2.0,1.0,1921.0,3750.0,6.0,38.58525,-90.2839032,https://www.redfin.com/MO/Saint-Louis/5341-Neosho-St-63109/home/93755145
3759 Kosciusko St,Saint Louis,63118.0,Single Family Residential,,249000,1830.0,False,136.0655737704918,2.0,1.5,1875.0,7000.0,167.0,38.5852532,-90.2197406,https://www.redfin.com/MO/Saint-Louis/3759-Kosciusko-St-63118/home/93697209
11 Cabanne Townhome Dr,Saint Louis,63112.0,Townhouse,,245000,2040.0,False,120.09803921568627,3.0,2.5,2010.0,2082.0,4.0,38.6584959,-90.2882596,https://www.redfin.com/MO/Saint-Louis/11-Cabanne-Townhome-Dr-63112/home/93681435
5444 Sunshine Dr,Saint Louis,63109.0,Single Family Residential,,245000,927.0,False,264.2934196332255,2.0,1.0,1952.0,8633.0,1.0,38.5707086,-90.2956157,https://www.redfin.com/MO/Saint-Louis/5444-Sunshine-Dr-63109/home/93775861
5453 Nottingham Ave,Saint Louis,63109.0,Single Family Residential,,245000,1213.0,False,201.97856553998352,3.0,1.0,1924.0,3750.0,20.0,38.5864239,-90.2863102,https://www.redfin.com/MO/Saint-Louis/5453-Nottingham-Ave-63109/home/93753441
6916 Hampton Ave,Saint Louis,63109.0,Single Family Residential,,244900,1026.0,False,238.69395711500974,2.0,1.0,1953.0,4604.0,26.0,38.5734469,-90.2946058,https://www.redfin.com/MO/Saint-Louis/6916-Hampton-Ave-63109/home/93758074
5612 Arthur Ave,Saint Louis,63139.0,Single Family Residential,,240000,1398.0,False,171.67381974248926,3.0,1.0,1890.0,7701.0,119.0,38.6000203,-90.2851612,https://www.redfin.com/MO/Saint-Louis/5612-Arthur-Ave-63139/home/93743063
4739 Hummel Ave,Saint Louis,63116.0,Single Family Residential,,240000,1587.0,False,151.22873345935727,3.0,2.0,1911.0,3598.0,35.0,38.5794384,-90.2773036,https://www.redfin.com/MO/Saint-Louis/4739-Hummel-Ave-63116/home/93763387
5186 Vernon Ave,Saint Louis,63113.0,Single Family Residential,,240000,3311.0,False,72.48565388100272,6.0,2.0,1906.0,4700.0,40.0,38.6584343,-90.2691589,https://www.redfin.com/MO/Saint-Louis/5186-Vernon-Ave-63113/home/93752405
5946 Julian Ave,Saint Louis,63112.0,Single Family Residential,,239900,1944.0,False,123.40534979423869,6.0,2.5,1906.0,5850.0,74.0,38.6676396,-90.2887685,https://www.redfin.com/MO/Saint-Louis/5946-Julian-Ave-63112/home/109924547
4122 Westminster Pl,St. Louis,63108.0,Townhouse,,239900,1216.0,False,197.28618421052633,2.0,2.5,1989.0,,1.0,38.6425523,-90.2455151,https://www.redfin.com/MO/St-Louis/4122-Westminster-Pl-63108/home/182673075
3662 Minnesota Ave,Saint Louis,63118.0,Single Family Residential,,239900,2086.0,False,115.00479386385426,4.0,2.0,1922.0,2413.0,39.0,38.5891294,-90.2354259,https://www.redfin.com/MO/Saint-Louis/3662-Minnesota-Ave-63118/home/93695976
1907 Lynch St,Saint Louis,63118.0,Single Family Residential,,239900,2286.0,False,104.94313210848644,3.0,2.0,1887.0,2347.0,7.0,38.6012939,-90.2165754,https://www.redfin.com/MO/Saint-Louis/1907-Lynch-St-63118/home/93671871
5218 Lisette Ave,Saint Louis,63109.0,Single Family Residential,,239000,1083.0,False,220.68328716528163,2.0,1.0,1923.0,4199.0,5.0,38.5751423,-90.2864336,https://www.redfin.com/MO/Saint-Louis/5218-Lisette-Ave-63109/home/62693805
4259 W Cote Brilliante Ave,Saint Louis,63113.0,Single Family Residential,,235000,2630.0,False,89.35361216730038,5.0,2.5,1904.0,3563.0,18.0,38.6571389,-90.2411668,https://www.redfin.com/MO/Saint-Louis/4259-W-Cote-Brilliante-Ave-63113/home/62759429
4405 Alaska Ave,Saint Louis,63111.0,Single Family Residential,,235000,1522.0,False,154.40210249671486,2.0,2.0,1897.0,4260.0,26.0,38.5769004,-90.2430932,https://www.redfin.com/MO/Saint-Louis/4405-Alaska-Ave-63111/home/62743886
5453 Robert Ave,Saint Louis,63109.0,Single Family Residential,,234000,1291.0,False,181.2548412083656,3.0,1.0,1930.0,4199.0,14.0,38.5717529,-90.2951557,https://www.redfin.com/MO/Saint-Louis/5453-Robert-Ave-63109/home/93775968
4319 Eichelberger St,Saint Louis,63116.0,Single Family Residential,,230000,1080.0,False,212.96296296296296,4.0,2.0,1912.0,3615.0,5.0,38.5791088,-90.2687741,https://www.redfin.com/MO/Saint-Louis/4319-Eichelberger-St-63116/home/93757142
3523 Pennsylvania Ave,Saint Louis,63118.0,Single Family Residential,,230000,1760.0,False,130.6818181818182,3.0,2.0,1910.0,3149.0,127.0,38.5918033,-90.2342263,https://www.redfin.com/MO/Saint-Louis/3523-Pennsylvania-Ave-63118/home/87395007
3708 Bamberger Ave,St. Louis,63116.0,Single Family Residential,,229900,1768.0,False,130.0339366515837,3.0,2.5,1915.0,2739.0,159.0,38.5899269,-90.2492339,https://www.redfin.com/MO/St-Louis/3708-Bamberger-Ave-63116/home/193769352
3946 Folsom Ave,Saint Louis,63110.0,Townhouse,,229900,1180.0,False,194.83050847457628,2.0,2.5,2005.0,3201.0,131.0,38.6203233,-90.2464522,https://www.redfin.com/MO/Saint-Louis/3946-Folsom-Ave-63110/home/103204070
3340 Bendick Ave,Saint Louis,63139.0,Single Family Residential,,229900,1210.0,False,190.0,2.0,1.0,1925.0,5445.0,20.0,38.6018797,-90.302898,https://www.redfin.com/MO/Saint-Louis/3340-Bendick-Ave-63139/home/62755741
5411 Tennessee Ave,Saint Louis,63111.0,Single Family Residential,,229900,1210.0,False,190.0,3.0,1.0,1923.0,4970.0,165.0,38.569697,-90.2521778,https://www.redfin.com/MO/Saint-Louis/5411-Tennessee-Ave-63111/home/93708247
2214 Mccausland Ave,Saint Louis,63143.0,Single Family Residential,,229900,2244.0,False,102.45098039215686,4.0,2.0,1913.0,10358.0,13.0,38.6176115,-90.3084637,https://www.redfin.com/MO/Saint-Louis/2214-McCausland-Ave-63143/home/93741105
5300 Chippewa St,Saint Louis,63109.0,Single Family Residential,,227900,960.0,False,237.39583333333334,2.0,1.0,1932.0,3659.0,3.0,38.5918125,-90.2813617,https://www.redfin.com/MO/Saint-Louis/5300-Chippewa-St-63109/home/93781862
3414 Cherokee St,Saint Louis,63118.0,Single Family Residential,,225000,1667.0,False,134.9730053989202,3.0,2.0,1894.0,3123.0,82.0,38.594897,-90.2398266,https://www.redfin.com/MO/Saint-Louis/3414-Cherokee-St-63118/home/62734586
4401 Wilcox Ave,Saint Louis,63116.0,Single Family Residential,,225000,1173.0,False,191.8158567774936,3.0,1.5,1911.0,3876.0,4.0,38.581568,-90.2702737,https://www.redfin.com/MO/Saint-Louis/4401-Wilcox-Ave-63116/home/93764968
4139 Tholozan Ave,Saint Louis,63116.0,Single Family Residential,,225000,990.0,False,227.27272727272728,3.0,2.0,1927.0,5118.0,10.0,38.5927765,-90.2582472,https://www.redfin.com/MO/Saint-Louis/4139-Tholozan-Ave-63116/home/93728549
5608 S Kingshighway Blvd,Saint Louis,63109.0,Single Family Residential,,225000,1415.0,False,159.01060070671377,3.0,1.0,1922.0,3397.0,74.0,38.5789081,-90.2812376,https://www.redfin.com/MO/Saint-Louis/5608-S-Kingshighway-Blvd-63109/home/64095996
2015 Schaeffer Pl,Saint Louis,63139.0,Single Family Residential,,225000,848.0,False,265.3301886792453,2.0,1.0,1915.0,3598.0,13.0,38.6204271,-90.3005238,https://www.redfin.com/MO/Saint-Louis/2015-Schaeffer-Pl-63139/home/93741323
3999 Dover Pl,Saint Louis,63116.0,Single Family Residential,,225000,1080.0,False,208.33333333333334,2.0,1.0,1927.0,5209.0,2.0,38.5715603,-90.2642308,https://www.redfin.com/MO/Saint-Louis/3999-Dover-Pl-63116/home/93774790
4117 Louis St,Saint Louis,63116.0,Single Family Residential,,225000,971.0,False,231.71987641606592,3.0,1.0,1952.0,6477.0,5.0,38.560397,-90.280852,https://www.redfin.com/MO/Saint-Louis/4117-Louis-St-63116/home/93784352
4348 Schirmer St,Saint Louis,63116.0,Single Family Residential,,225000,1510.0,False,149.0066225165563,2.0,1.0,1950.0,5998.0,14.0,38.5618311,-90.284071,https://www.redfin.com/MO/Saint-Louis/4348-Schirmer-St-63116/home/93783610
4059 Phillips Ave,Saint Louis,63116.0,Single Family Residential,,225000,922.0,False,244.0347071583514,2.0,2.0,1908.0,4626.0,4.0,38.5907635,-90.2563982,https://www.redfin.com/MO/Saint-Louis/4059-Phillips-Ave-63116/home/93748976
6109 Newport Ave,Saint Louis,63116.0,Single Family Residential,,225000,1184.0,False,190.03378378378378,2.0,1.0,1931.0,3598.0,8.0,38.5712326,-90.2700631,https://www.redfin.com/MO/Saint-Louis/6109-Newport-Ave-63116/home/93776760
4418 Louisiana Ave,Saint Louis,63111.0,Single Family Residential,,224900,1613.0,False,139.42963422194669,3.0,2.0,1921.0,4260.0,82.0,38.5769394,-90.2439572,https://www.redfin.com/MO/Saint-Louis/4418-Louisiana-Ave-63111/home/93706038
2913 Gasconade St,Saint Louis,63118.0,Single Family Residential,,224900,1990.0,False,113.01507537688443,3.0,2.0,1890.0,4626.0,49.0,38.5818689,-90.2354392,https://www.redfin.com/MO/Saint-Louis/2913-Gasconade-St-63118/home/93704871
5120 Wicklow Pl,Saint Louis,63111.0,Single Family Residential,,224900,1613.0,False,139.42963422194669,3.0,2.0,1921.0,41817.0,49.0,38.567153,-90.242739,https://www.redfin.com/MO/Saint-Louis/5120-Wicklow-Pl-63111/home/93707651
6736 Wise Ave,Saint Louis,63139.0,Single Family Residential,,222000,1294.0,False,171.5610510046368,2.0,1.0,1946.0,4146.0,111.0,38.6288174,-90.3020966,https://www.redfin.com/MO/Saint-Louis/6736-Wise-Ave-63139/home/93765724
4550 Enright Ave,Saint Louis,63108.0,Single Family Residential,,220000,1720.0,False,127.90697674418605,3.0,1.5,1890.0,3550.0,54.0,38.651678,-90.2545382,https://www.redfin.com/MO/Saint-Louis/4550-Enright-Ave-63108/home/93720014
5933 Arsenal St,Saint Louis,63139.0,Single Family Residential,,220000,884.0,False,248.86877828054298,2.0,1.0,1921.0,3876.0,31.0,38.6071065,-90.2883831,https://www.redfin.com/MO/Saint-Louis/5933-Arsenal-St-63139/home/93768701
3147 Michigan Ave,Saint Louis,63118.0,Townhouse,,220000,1650.0,False,133.33333333333334,3.0,2.0,1911.0,2374.0,113.0,38.6002264,-90.2348094,https://www.redfin.com/MO/Saint-Louis/3147-Michigan-Ave-63118/home/168306394
6300 Potomac St,Saint Louis,63139.0,Single Family Residential,,220000,1008.0,False,218.25396825396825,2.0,1.0,1938.0,4373.0,5.0,38.5986514,-90.296258,https://www.redfin.com/MO/Saint-Louis/6300-Potomac-St-63139/home/62699120
3702 Garnier St,Saint Louis,63116.0,Single Family Residential,,220000,1587.0,False,138.62633900441085,4.0,2.0,1893.0,7200.0,39.0,38.5913297,-90.2609795,https://www.redfin.com/MO/Saint-Louis/3702-Garnier-St-63116/home/93747398
2720 Mcnair Ave,Saint Louis,63118.0,Single Family Residential,,220000,812.0,False,270.935960591133,2.0,1.0,1885.0,2426.0,20.0,38.6024735,-90.2195005,https://www.redfin.com/MO/Saint-Louis/2720-McNair-Ave-63118/home/93697739
5342 Loughborough Ave,Saint Louis,63109.0,Single Family Residential,,220000,988.0,False,222.67206477732793,2.0,2.0,1925.0,3044.0,6.0,38.5729991,-90.2911306,https://www.redfin.com/MO/Saint-Louis/5342-Loughborough-Ave-63109/home/62692085
3667 Steins St,Saint Louis,63116.0,Single Family Residential,,219900,1248.0,False,176.20192307692307,2.0,1.0,1900.0,5641.0,6.0,38.5548284,-90.2698378,https://www.redfin.com/MO/Saint-Louis/3667-Steins-St-63116/home/93757111
2700 Arsenal St,Saint Louis,63118.0,Single Family Residential,,219900,1236.0,False,177.9126213592233,4.0,1.5,1973.0,3476.0,27.0,38.5994419,-90.2267011,https://www.redfin.com/MO/Saint-Louis/2700-Arsenal-St-63118/home/93697155
6301 Marquette Ave,Saint Louis,63139.0,Single Family Residential,,219900,1198.0,False,183.5559265442404,2.0,1.5,1924.0,4626.0,127.0,38.5998512,-90.2960097,https://www.redfin.com/MO/Saint-Louis/6301-Marquette-Ave-63139/home/93749021
7316 Sharp Ave,Saint Louis,63116.0,Single Family Residential,,219900,1500.0,False,146.6,3.0,2.0,1956.0,5501.0,4.0,38.5599874,-90.2747708,https://www.redfin.com/MO/Saint-Louis/7316-Sharp-Ave-63116/home/93785055
5418 Virginia Ave,Saint Louis,63111.0,Single Family Residential,,219900,1880.0,False,116.96808510638297,3.0,2.0,1908.0,2522.0,47.0,38.5655453,-90.2456559,https://www.redfin.com/MO/Saint-Louis/5418-Virginia-Ave-63111/home/93708154
3524 Grace Ave,Saint Louis,63116.0,Single Family Residential,,219000,1056.0,False,207.38636363636363,2.0,1.0,1907.0,3497.0,5.0,38.5931449,-90.2448055,https://www.redfin.com/MO/Saint-Louis/3524-Grace-Ave-63116/home/93695414
3144 Potomac St,Saint Louis,63118.0,Townhouse,,215000,1702.0,False,126.3219741480611,3.0,2.5,1917.0,2731.0,84.0,38.5926885,-90.2366981,https://www.redfin.com/MO/Saint-Louis/3144-Potomac-St-63118/home/62773077
3930 Pennsylvania Ave,Saint Louis,63118.0,Single Family Residential,,215000,2330.0,False,92.27467811158799,4.0,2.0,1911.0,4190.0,67.0,38.5843756,-90.235239,https://www.redfin.com/MO/Saint-Louis/3930-Pennsylvania-Ave-63118/home/93704421
4120 Nebraska Ave,Saint Louis,63118.0,Single Family Residential,,215000,1612.0,False,133.37468982630273,3.0,2.0,1901.0,6150.0,4.0,38.580886,-90.2347524,https://www.redfin.com/MO/Saint-Louis/4120-Nebraska-Ave-63118/home/93705202
4724 Hummel Ave,Saint Louis,63116.0,Single Family Residential,,215000,900.0,False,238.88888888888889,2.0,1.0,1924.0,3598.0,28.0,38.5792723,-90.276714,https://www.redfin.com/MO/Saint-Louis/4724-Hummel-Ave-63116/home/93758065
4122 Nebraska Ave,St. Louis,63118.0,Single Family Residential,,215000,1612.0,False,133.37468982630273,3.0,2.0,1901.0,6150.0,4.0,38.5808771,-90.2348313,https://www.redfin.com/MO/St-Louis/4122-Nebraska-Ave-63118/home/202385139
612 Holly Hills Ave,Saint Louis,63111.0,Single Family Residential,,215000,2032.0,False,105.80708661417323,3.0,1.5,1894.0,6442.0,95.0,38.5590114,-90.2534358,https://www.redfin.com/MO/Saint-Louis/612-Holly-Hills-Ave-63111/home/93709701
6559 Marmaduke Ave,Saint Louis,63139.0,Single Family Residential,,215000,900.0,False,238.88888888888889,2.0,1.0,1923.0,4473.0,36.0,38.6112375,-90.3000741,https://www.redfin.com/MO/Saint-Louis/6559-Marmaduke-Ave-63139/home/93743876
4233 Delor St,Saint Louis,63116.0,Single Family Residential,,214900,960.0,False,223.85416666666666,3.0,1.0,1961.0,4726.0,21.0,38.5806977,-90.2649201,https://www.redfin.com/MO/Saint-Louis/4233-Delor-St-63116/home/93759008
7137 Marwinette Ave,Saint Louis,63116.0,Single Family Residential,,214900,816.0,False,263.3578431372549,2.0,2.0,1951.0,5401.0,1.0,38.5607489,-90.2733776,https://www.redfin.com/MO/Saint-Louis/7137-Marwinette-Ave-63116/home/62734965
3450 Minnesota Ave,Saint Louis,63118.0,Single Family Residential,,210000,1531.0,False,137.1652514696277,3.0,1.5,1916.0,2853.0,19.0,38.5929414,-90.2346599,https://www.redfin.com/MO/Saint-Louis/3450-Minnesota-Ave-63118/home/93694821
3533 Illinois Ave,Saint Louis,63118.0,Single Family Residential,,210000,1788.0,False,117.4496644295302,2.0,1.5,1888.0,3101.0,5.0,38.5900923,-90.2228352,https://www.redfin.com/MO/Saint-Louis/3533-Illinois-Ave-63118/home/93694536
4052 Nebraska Ave,Saint Louis,63118.0,Single Family Residential,,210000,2028.0,False,103.55029585798816,3.0,2.0,1924.0,3349.0,21.0,38.5818477,-90.234569,https://www.redfin.com/MO/Saint-Louis/4052-Nebraska-Ave-63118/home/93704879
6033 Carlsbad Ave,Saint Louis,63116.0,Single Family Residential,,209900,1275.0,False,164.62745098039215,3.0,1.0,1926.0,3571.0,25.0,38.5751379,-90.2745399,https://www.redfin.com/MO/Saint-Louis/6033-Carlsbad-Ave-63116/home/93772781
329 Boyle Ave Unit A,Saint Louis,63108.0,Townhouse,,209900,1373.0,False,152.87691187181355,3.0,1.5,1901.0,,320.0,38.6417803,-90.2504837,https://www.redfin.com/MO/Saint-Louis/329-N-Boyle-Ave-63108/unit-A/home/93725298
4601 Ray Ave,Saint Louis,63116.0,Single Family Residential,,209900,875.0,False,239.88571428571427,3.0,1.0,1925.0,3449.0,35.0,38.5820506,-90.2604836,https://www.redfin.com/MO/Saint-Louis/4601-Ray-Ave-63116/home/93757345
1802 Switzer Ave,Saint Louis,63147.0,Single Family Residential,,209900,1755.0,False,119.60113960113961,4.0,2.0,1948.0,4351.0,20.0,38.7165307,-90.2501256,https://www.redfin.com/MO/Saint-Louis/1802-Switzer-Ave-63147/home/93781515
7857 Wanda Ave,Saint Louis,63123.0,Single Family Residential,,209000,864.0,False,241.89814814814815,3.0,1.0,1952.0,5248.0,4.0,38.5588907,-90.2865119,https://www.redfin.com/MO/Saint-Louis/7857-Wanda-Ave-63123/home/93784474
4434 Enright Ave,Saint Louis,63108.0,Single Family Residential,,209000,1107.0,False,188.7985546522132,3.0,2.0,1980.0,2700.0,83.0,38.6502346,-90.2511134,https://www.redfin.com/MO/Saint-Louis/4434-Enright-Ave-63108/home/93739815
5827 W Park Ave,Saint Louis,63110.0,Single Family Residential,,205000,926.0,False,221.38228941684665,2.0,1.0,1928.0,3049.0,19.0,38.6263393,-90.2848961,https://www.redfin.com/MO/Saint-Louis/5827-W-Park-Ave-63110/home/93769204
4047-4049 Cottage Ave,Saint Louis,63113.0,Single Family Residential,,200000,1363.0,False,146.7351430667645,3.0,2.0,2016.0,,201.0,38.6570603,-90.232593,https://www.redfin.com/MO/Saint-Louis/4049-Cottage-Ave-63113/home/143286700
5366 Southwest Ave,Saint Louis,63139.0,Single Family Residential,,200000,800.0,False,250.0,1.0,1.0,1894.0,4356.0,74.0,38.6104889,-90.2774538,https://www.redfin.com/MO/Saint-Louis/5366-Southwest-Ave-63139/home/93727390
1440 Central Ave,Saint Louis,63139.0,Single Family Residential,,200000,799.0,False,250.31289111389236,2.0,1.0,1941.0,4373.0,4.0,38.6253042,-90.3041504,https://www.redfin.com/MO/Saint-Louis/1440-Central-Ave-63139/home/93740644
7328 Parkwood Dr,Saint Louis,63116.0,Single Family Residential,,200000,1364.0,False,146.6275659824047,2.0,1.0,1950.0,6459.0,5.0,38.5636778,-90.2826032,https://www.redfin.com/MO/Saint-Louis/7328-Parkwood-Dr-63116/home/93783715
6300 Fyler Ave,Saint Louis,63139.0,Single Family Residential,,199999,904.0,False,221.23783185840708,1.0,1.0,1909.0,3149.0,26.0,38.6021217,-90.29564,https://www.redfin.com/MO/Saint-Louis/6300-Fyler-Ave-63139/home/93743111
2303 Arsenal St,Saint Louis,63118.0,Single Family Residential,,199900,2745.0,False,72.82331511839709,2.0,1.5,1886.0,3023.0,54.0,38.5989352,-90.2235415,https://www.redfin.com/MO/Saint-Louis/2303-Arsenal-St-63118/home/93699058
4177 Itaska St,Saint Louis,63116.0,Single Family Residential,,199900,1628.0,False,122.78869778869779,2.0,1.5,1935.0,3537.0,32.0,38.5823795,-90.2646633,https://www.redfin.com/MO/Saint-Louis/4177-Itaska-St-63116/home/93757084
4228 Schiller Pl,Saint Louis,63116.0,Single Family Residential,,199900,1443.0,False,138.53083853083854,2.0,2.5,1922.0,3419.0,42.0,38.5775714,-90.2675052,https://www.redfin.com/MO/Saint-Louis/4228-Schiller-Pl-63116/home/67986625
6717 Minnesota Ave,Saint Louis,63111.0,Single Family Residential,,197000,1410.0,False,139.7163120567376,2.0,1.5,1891.0,3676.0,93.0,38.5549684,-90.2530982,https://www.redfin.com/MO/Saint-Louis/6717-Minnesota-Ave-63111/home/93710454
5132 Dresden Ave,Saint Louis,63116.0,Single Family Residential,,196000,1474.0,False,132.97150610583446,2.0,1.0,1922.0,3388.0,10.0,38.5809502,-90.2744384,https://www.redfin.com/MO/Saint-Louis/5132-Dresden-Ave-63116/home/93763928
4629 Alaska Ave,Saint Louis,63111.0,Single Family Residential,,196000,1350.0,False,145.1851851851852,3.0,1.5,1909.0,,1.0,38.574522,-90.2451163,https://www.redfin.com/MO/Saint-Louis/4629-Alaska-Ave-63111/home/93706713
6228 Fyler Ave,Saint Louis,63139.0,Single Family Residential,,195000,733.0,False,266.0300136425648,2.0,1.0,1912.0,3149.0,21.0,38.6021009,-90.2954626,https://www.redfin.com/MO/Saint-Louis/6228-Fyler-Ave-63139/home/93743109
3831 S Grand Blvd,St. Louis,63118.0,Single Family Residential,,195000,2624.0,False,74.3140243902439,4.0,2.0,1909.0,5314.0,149.0,38.5875475,-90.2450086,https://www.redfin.com/MO/St-Louis/3831-S-Grand-Blvd-63118/home/176874415
3820 Iowa Ave,Saint Louis,63118.0,Single Family Residential,,194900,2244.0,False,86.85383244206774,3.0,2.0,1909.0,3123.0,15.0,38.5858819,-90.2302795,https://www.redfin.com/MO/Saint-Louis/3820-Iowa-Ave-63118/home/93696268
3825 Missouri Ave,Saint Louis,63118.0,Single Family Residential,,190000,2313.0,False,82.14440121054908,5.0,2.5,1884.0,2299.0,125.0,38.5850975,-90.2250985,https://www.redfin.com/MO/Saint-Louis/3825-Missouri-Ave-63118/home/93696784
4916 Blow St,Saint Louis,63109.0,Single Family Residential,,189900,720.0,False,263.75,2.0,1.0,1923.0,3301.0,7.0,38.5690926,-90.2872771,https://www.redfin.com/MO/Saint-Louis/4916-Blow-St-63109/home/93758301
2311 Rutger Unit C,St. Louis,63104.0,Single Family Residential,,189900,980.0,False,193.77551020408163,2.0,1.5,1983.0,923.0,255.0,38.6192628,-90.2180702,https://www.redfin.com/MO/St-Louis/2311-Rutger-St-63104/unit-C/home/191941959
7342 Vermont Ave,Saint Louis,63111.0,Single Family Residential,,189000,920.0,False,205.43478260869566,2.0,1.0,1893.0,7000.0,1.0,38.551942,-90.2608413,https://www.redfin.com/MO/Saint-Louis/7342-Vermont-Ave-63111/home/93710767
7507 Virginia Ave,Saint Louis,63111.0,Single Family Residential,,188888,2184.0,False,86.48717948717949,3.0,3.0,1908.0,3423.0,54.0,38.5505816,-90.2613946,https://www.redfin.com/MO/Saint-Louis/7507-Virginia-Ave-63111/home/93710942
5018 Leona St,Saint Louis,63116.0,Single Family Residential,,188000,1248.0,False,150.64102564102564,3.0,1.0,1928.0,3841.0,25.0,38.5773146,-90.2603228,https://www.redfin.com/MO/Saint-Louis/5018-Leona-St-63116/home/93777294
4500 Miami St,Saint Louis,63116.0,Single Family Residential,,187000,924.0,False,202.38095238095238,2.0,1.0,1936.0,3781.0,6.0,38.5943023,-90.2678944,https://www.redfin.com/MO/Saint-Louis/4500-Miami-St-63116/home/93756217
721 Dickson St,Saint Louis,63106.0,Townhouse,,185999,1640.0,False,113.4140243902439,3.0,2.5,2009.0,105371640.0,1.0,38.6392205,-90.1883575,https://www.redfin.com/MO/Saint-Louis/721-Dickson-St-63106/home/103203991
3943 Ohio Ave,Saint Louis,63118.0,Single Family Residential,,185000,1700.0,False,108.82352941176471,3.0,2.0,1903.0,3249.0,61.0,38.5833953,-90.2300909,https://www.redfin.com/MO/Saint-Louis/3943-Ohio-Ave-63118/home/62736783
940 Maple Pl,Saint Louis,63112.0,Single Family Residential,,185000,1140.0,False,162.28070175438597,3.0,1.5,1972.0,5549.0,17.0,38.6606635,-90.2918757,https://www.redfin.com/MO/Saint-Louis/940-Maple-Pl-63112/home/93723863
6011 Michigan Ave,Saint Louis,63111.0,Single Family Residential,,185000,1460.0,False,126.71232876712328,3.0,1.5,1906.0,4443.0,81.0,38.5608873,-90.2478031,https://www.redfin.com/MO/Saint-Louis/6011-Michigan-Ave-63111/home/93709031
4827 Miami St,Saint Louis,63116.0,Single Family Residential,,184999,960.0,False,192.70729166666666,2.0,1.0,1938.0,3811.0,74.0,38.5949297,-90.2701861,https://www.redfin.com/MO/Saint-Louis/4827-Miami-St-63116/home/93756229
2335 Louisiana Ave,Saint Louis,63104.0,Single Family Residential,,184300,1156.0,False,159.42906574394465,2.0,1.0,1885.0,5000.0,153.0,38.6083352,-90.236732,https://www.redfin.com/MO/Saint-Louis/2335-Louisiana-Ave-63104/home/67655211
4725 Terrace Ave,Saint Louis,63116.0,Single Family Residential,,179900,1200.0,False,149.91666666666666,2.0,1.5,1910.0,3746.0,4.0,38.5787636,-90.276477,https://www.redfin.com/MO/Saint-Louis/4725-Terrace-Ave-63116/home/93758042
6452 Southwest Ave,Saint Louis,63139.0,Single Family Residential,,179900,896.0,False,200.78125,2.0,1.5,1909.0,3001.0,230.0,38.6123088,-90.297435,https://www.redfin.com/MO/Saint-Louis/6452-Southwest-Ave-63139/home/62716251
4140 Tesson St,Saint Louis,63123.0,Single Family Residential,,175000,1378.0,False,126.99564586357039,3.0,2.0,1950.0,6599.0,365.0,38.5572634,-90.282787,https://www.redfin.com/MO/Saint-Louis/4140-Tesson-St-63123/home/93784152
4342 Frieda Ave,Saint Louis,63116.0,Single Family Residential,,175000,1300.0,False,134.6153846153846,3.0,2.0,1906.0,2099.0,28.0,38.578401,-90.2699523,https://www.redfin.com/MO/Saint-Louis/4342-Frieda-Ave-63116/home/93757236
2630 Geyer Ave,Saint Louis,63104.0,Single Family Residential,,170525,1262.0,False,135.12282091917592,2.0,1.5,1885.0,2252.0,34.0,38.6128849,-90.2226414,https://www.redfin.com/MO/Saint-Louis/2630-Geyer-Ave-63104/home/93690340
8321 Minnesota Ave,Saint Louis,63111.0,Single Family Residential,,170000,1260.0,False,134.9206349206349,2.0,1.0,1900.0,5201.0,6.0,38.5433449,-90.2662596,https://www.redfin.com/MO/Saint-Louis/8321-Minnesota-Ave-63111/home/93711868
4128 Michigan,Saint Louis,63118.0,Single Family Residential,,170000,2224.0,False,76.43884892086331,3.0,1.5,1885.0,,202.0,38.5811239,-90.238199,https://www.redfin.com/MO/Saint-Louis/4128-Michigan-Ave-63118/home/93705171
1211 Clara Ave. Ave,Saint Louis,63112.0,Single Family Residential,,170000,2340.0,False,72.64957264957265,5.0,2.0,1908.0,2975.0,52.0,38.6640145,-90.2806584,https://www.redfin.com/MO/Saint-Louis/1211-Clara-Ave-63112/home/93722542
28 Columbus Square Dr,Saint Louis,63101.0,Townhouse,,169900,1122.0,False,151.42602495543673,2.0,1.5,1985.0,1842.0,13.0,38.6358748,-90.192412,https://www.redfin.com/MO/Saint-Louis/28-Columbus-Square-Dr-63101/home/93684956
5462 Christy Ave,Saint Louis,63116.0,Single Family Residential,,169900,1239.0,False,137.1267150928168,3.0,1.0,1907.0,3358.0,19.0,38.5779368,-90.275219,https://www.redfin.com/MO/Saint-Louis/5462-Christy-Ave-63116/home/93757910
4147 Beethoven Ave,Saint Louis,63116.0,Single Family Residential,,169900,1320.0,False,128.71212121212122,3.0,1.0,1909.0,3598.0,68.0,38.5866892,-90.2627194,https://www.redfin.com/MO/Saint-Louis/4147-Beethoven-Ave-63116/home/93758119
4651 Tennessee Ave,Saint Louis,63111.0,Single Family Residential,,169000,1377.0,False,122.73057371096587,3.0,1.0,1912.0,4260.0,14.0,38.5751303,-90.2476324,https://www.redfin.com/MO/Saint-Louis/4651-Tennessee-Ave-63111/home/64459744
3471 Morganford Rd,Saint Louis,63116.0,Single Family Residential,,169000,875.0,False,193.14285714285714,1.0,1.0,1924.0,3598.0,26.0,38.5952618,-90.262806,https://www.redfin.com/MO/Saint-Louis/3471-Morganford-Rd-63116/home/93774387
7101 Virginia Ave,Saint Louis,63111.0,Single Family Residential,,166000,1456.0,False,114.01098901098901,3.0,1.0,1890.0,3990.0,123.0,38.5537548,-90.2577275,https://www.redfin.com/MO/Saint-Louis/7101-Virginia-Ave-63111/home/93710438
3616 Louisiana Ave,Saint Louis,63118.0,Single Family Residential,,165000,1806.0,False,91.36212624584718,3.0,1.5,1929.0,3471.0,1.0,38.5908794,-90.2397666,https://www.redfin.com/MO/Saint-Louis/3616-Louisiana-Ave-63118/home/91489867
6027 Etzel Ave,Saint Louis,63112.0,Single Family Residential,,165000,2800.0,False,58.92857142857143,6.0,3.5,1911.0,14901.0,25.0,38.6654321,-90.2913666,https://www.redfin.com/MO/Saint-Louis/6027-Etzel-Ave-63112/home/93723128
6437 Colletta Dr,Saint Louis,63139.0,Single Family Residential,,165000,720.0,False,229.16666666666666,2.0,1.0,1955.0,6451.0,83.0,38.6143359,-90.2975463,https://www.redfin.com/MO/Saint-Louis/6437-Colletta-Dr-63139/home/93784611
5343 Conde St,Saint Louis,63107.0,Single Family Residential,,165000,1272.0,False,129.71698113207546,3.0,1.5,1988.0,3145.0,5.0,38.6772296,-90.2139519,https://www.redfin.com/MO/Saint-Louis/5343-Conde-St-63107/home/93713437
5649 Roosevelt Pl,Saint Louis,63120.0,Single Family Residential,,19000,790.0,False,24.050632911392405,0.0,2.0,1905.0,2901.0,41.0,38.6782052,-90.2719123,https://www.redfin.com/MO/Saint-Louis/5649-Roosevelt-Pl-63120/home/93755010
2518 Whittier St,Saint Louis,63113.0,Single Family Residential,,20000,905.0,False,22.099447513812155,3.0,1.0,1884.0,3349.0,54.0,38.6581346,-90.235295,https://www.redfin.com/MO/Saint-Louis/2518-Whittier-St-63113/home/93717082
5204 Saint Louis Ave,Saint Louis,63115.0,Single Family Residential,,20000,968.0,False,20.66115702479339,0.0,2.0,1909.0,4112.0,41.0,38.6731169,-90.2596018,https://www.redfin.com/MO/Saint-Louis/5204-Saint-Louis-Ave-63115/home/67369281
5275 Alcott Ave,Saint Louis,63120.0,Single Family Residential,,24900,1008.0,False,24.702380952380953,2.0,1.0,1953.0,3876.0,144.0,38.6955368,-90.2464387,https://www.redfin.com/MO/Saint-Louis/5275-Alcott-Ave-63120/home/93765029
4130 Oregon Ave,Saint Louis,63118.0,Single Family Residential,,24900,1050.0,False,23.714285714285715,2.0,1.0,1901.0,3075.0,70.0,38.5804967,-90.2337277,https://www.redfin.com/MO/Saint-Louis/4130-Oregon-Ave-63118/home/93705090
5530 Partridge Ave,Saint Louis,63120.0,Single Family Residential,,24900,1068.0,False,23.314606741573034,1.0,1.0,1900.0,7000.0,85.0,38.7049921,-90.2491948,https://www.redfin.com/MO/Saint-Louis/5530-Partridge-Ave-63120/home/93751796
357 Adrian Dr,Saint Louis,63137.0,Single Family Residential,,25900,966.0,False,26.81159420289855,2.0,1.0,1948.0,26571.0,72.0,38.7402142,-90.2078972,https://www.redfin.com/MO/Saint-Louis/357-Adrian-Dr-63137/home/93394124
3901 Sherman Pl,Saint Louis,63107.0,Single Family Residential,,26000,880.0,False,29.545454545454547,2.0,1.0,1925.0,2748.0,108.0,38.6680764,-90.2199081,https://www.redfin.com/MO/Saint-Louis/3901-Sherman-Pl-63107/home/62725207
5338 Wabada Ave,Saint Louis,63112.0,Single Family Residential,,26000,935.0,False,27.807486631016044,2.0,1.0,1908.0,3641.0,85.0,38.6703958,-90.2661672,https://www.redfin.com/MO/Saint-Louis/5338-Wabada-Ave-63112/home/93738689
4936 Harney Ave,Saint Louis,63115.0,Single Family Residential,,26900,760.0,False,35.39473684210526,1.0,1.0,1940.0,2800.0,21.0,38.6886271,-90.238173,https://www.redfin.com/MO/Saint-Louis/4936-Harney-Ave-63115/home/93756145
5636 Acme Ave,Saint Louis,63136.0,Single Family Residential,,29900,864.0,False,34.60648148148148,2.0,1.0,1950.0,3449.0,55.0,38.7108608,-90.2576584,https://www.redfin.com/MO/Saint-Louis/5636-Acme-Ave-63136/home/93761373
4808 Cupples Pl,Saint Louis,63113.0,Single Family Residential,,30000,920.0,False,32.608695652173914,2.0,1.0,1908.0,2988.0,90.0,38.6663898,-90.253156,https://www.redfin.com/MO/Saint-Louis/4808-Cupples-Pl-63113/home/93736337
4224 N Florissant Ave,Saint Louis,63107.0,Single Family Residential,,32000,943.0,False,33.93425238600212,3.0,1.0,1908.0,3628.0,42.0,38.6657304,-90.2078914,https://www.redfin.com/MO/Saint-Louis/4224-N-Florissant-Ave-63107/home/93703140
3981 Schiller Pl,Saint Louis,63116.0,Single Family Residential,,33000,1312.0,False,25.152439024390244,2.0,2.0,1918.0,2191.0,60.0,38.575097,-90.2617383,https://www.redfin.com/MO/Saint-Louis/3981-Schiller-Pl-63116/home/93770282
4314 Penrose St,Saint Louis,63115.0,Single Family Residential,,34900,1426.0,False,24.474053295932677,0.0,2.0,1908.0,3031.0,4.0,38.6739982,-90.2301704,https://www.redfin.com/MO/Saint-Louis/4314-Penrose-St-63115/home/93714837
210 N 17th St #1409,Saint Louis,63103.0,Single Family Residential,,34900,427.0,False,81.73302107728337,1.0,1.0,1959.0,,29.0,38.6307247,-90.2042825,https://www.redfin.com/MO/Saint-Louis/210-N-17th-St-63103/unit-1409/home/93680867
5918 Dressell Ave,Saint Louis,63120.0,Single Family Residential,,34900,1390.0,False,25.107913669064747,4.0,2.0,1939.0,3441.0,117.0,38.6894938,-90.2716787,https://www.redfin.com/MO/Saint-Louis/5918-Dressell-Ave-63120/home/93768511
3850 Kennerly Ave,Saint Louis,63113.0,Single Family Residential,,34900,1408.0,False,24.786931818181817,3.0,1.0,1910.0,2500.0,41.0,38.6562138,-90.2272075,https://www.redfin.com/MO/Saint-Louis/3850-Kennerly-Ave-63113/home/93716085
4426 Carter Ave,Saint Louis,63115.0,Single Family Residential,,35000,1104.0,False,31.702898550724637,3.0,1.5,1961.0,7000.0,20.0,38.677881,-90.231873,https://www.redfin.com/MO/Saint-Louis/4426-Carter-Ave-63115/home/93734211
6000 Thekla Ave,Saint Louis,63136.0,Single Family Residential,,35000,840.0,False,41.666666666666664,2.0,1.0,1928.0,3123.0,20.0,38.7037504,-90.2551085,https://www.redfin.com/MO/Saint-Louis/6000-Thekla-Ave-63136/home/93759084
5119 Terry Ave,Saint Louis,63115.0,Single Family Residential,,35000,1090.0,False,32.11009174311926,3.0,1.0,1915.0,3550.0,508.0,38.6720167,-90.2585418,https://www.redfin.com/MO/Saint-Louis/5119-Terry-Ave-63115/home/64451660
5929 Lucille Ave,Saint Louis,63136.0,Single Family Residential,,35400,912.0,False,38.81578947368421,1.0,1.0,1927.0,3123.0,101.0,38.7043056,-90.2531749,https://www.redfin.com/MO/Saint-Louis/5929-Lucille-Ave-63136/home/93758811
5345 N Kingshighway Blvd,Saint Louis,63115.0,Single Family Residential,,37500,1550.0,False,24.193548387096776,3.0,1.0,1919.0,7122.0,73.0,38.6894492,-90.2404997,https://www.redfin.com/MO/Saint-Louis/5345-N-Kingshighway-Blvd-63115/home/93752050
4778 Highland Ave,Saint Louis,63113.0,Single Family Residential,,37950,768.0,False,49.4140625,2.0,1.0,1924.0,3179.0,52.0,38.6657804,-90.2528469,https://www.redfin.com/MO/Saint-Louis/4778-Highland-Ave-63113/home/93736696
5420 Queens Ave,Saint Louis,63115.0,Single Family Residential,,38000,1248.0,False,30.44871794871795,4.0,1.5,1915.0,7052.0,6.0,38.6912292,-90.2389203,https://www.redfin.com/MO/Saint-Louis/5420-Queens-Ave-63115/home/93752006
7719 Minnesota Ave,Saint Louis,63111.0,Single Family Residential,,38500,1510.0,False,25.496688741721854,2.0,1.0,1892.0,3423.0,32.0,38.5476569,-90.2612615,https://www.redfin.com/MO/Saint-Louis/7719-Minnesota-Ave-63111/home/93711110
3753 Marine Ave,Saint Louis,63118.0,Single Family Residential,,38800,1200.0,False,32.333333333333336,3.0,2.0,1920.0,5401.0,19.0,38.5856602,-90.2210115,https://www.redfin.com/MO/Saint-Louis/3753-Marine-Ave-63118/home/93697380
4409 Virginia Ave,Saint Louis,63111.0,Single Family Residential,,39000,799.0,False,48.81101376720901,1.0,1.0,1908.0,2378.0,7.0,38.5764829,-90.2424782,https://www.redfin.com/MO/Saint-Louis/4409-Virginia-Ave-63111/home/93705955
5628 Hiller Pl,Saint Louis,63136.0,Single Family Residential,,39000,1030.0,False,37.86407766990291,2.0,1.0,1930.0,3088.0,11.0,38.7079659,-90.2526713,https://www.redfin.com/MO/Saint-Louis/5628-Hiller-Pl-63136/home/93769961
4210 E Carter Ave,Saint Louis,63115.0,Single Family Residential,,39900,1150.0,False,34.69565217391305,2.0,1.0,1910.0,3388.0,130.0,38.6745654,-90.225875,https://www.redfin.com/MO/Saint-Louis/4210-E-Carter-Ave-63115/home/93714763
4470 Bessie Ave,Saint Louis,63115.0,Single Family Residential,,40000,903.0,False,44.29678848283499,2.0,1.0,1926.0,5401.0,82.0,38.6767692,-90.2345253,https://www.redfin.com/MO/Saint-Louis/4470-Bessie-Ave-63115/home/93734404
5322 Michigan Ave,Saint Louis,63111.0,Single Family Residential,,40000,1540.0,True,25.974025974025974,0.0,2.0,1887.0,8398.0,30.0,38.565324,-90.2434323,https://www.redfin.com/MO/Saint-Louis/5322-Michigan-Ave-63111/home/93708061
889 Gustav Ave,Saint Louis,63147.0,Single Family Residential,,40000,768.0,False,52.083333333333336,2.0,1.0,1949.0,5000.0,48.0,38.7237096,-90.232176,https://www.redfin.com/MO/Saint-Louis/889-Gustav-Ave-63147/home/62758221
5825 Romaine Pl,Saint Louis,63112.0,Single Family Residential,,42000,1070.0,False,39.25233644859813,2.0,1.0,1910.0,3210.0,53.0,38.6694419,-90.2824192,https://www.redfin.com/MO/Saint-Louis/5825-Romaine-Pl-63112/home/93722849
4003 Lexington Ave,Saint Louis,63107.0,Single Family Residential,,44000,1504.0,False,29.25531914893617,3.0,1.0,1908.0,3358.0,26.0,38.6635723,-90.2260945,https://www.redfin.com/MO/Saint-Louis/4003-Lexington-Ave-63107/home/93753780
4429 Pennsylvania Ave,Saint Louis,63111.0,Single Family Residential,,44900,1422.0,False,31.575246132208157,2.0,1.0,1898.0,3175.0,41.0,38.5755539,-90.2375476,https://www.redfin.com/MO/Saint-Louis/4429-Pennsylvania-Ave-63111/home/93706050
1005 Switzer Ave,Saint Louis,63147.0,Single Family Residential,,45000,720.0,False,62.5,1.0,1.0,1922.0,3584.0,47.0,38.7085376,-90.2335358,https://www.redfin.com/MO/Saint-Louis/1005-Switzer-Ave-63147/home/93730648
3020 Mount Pleasant St,Saint Louis,63111.0,Single Family Residential,,45000,1300.0,False,34.61538461538461,3.0,1.5,1894.0,3123.0,139.0,38.5727312,-90.2387117,https://www.redfin.com/MO/Saint-Louis/3020-Mount-Pleasant-St-63111/home/93706798
1219 Sullivan Ave,Saint Louis,63107.0,Single Family Residential,,45000,1292.0,False,34.8297213622291,3.0,1.5,1972.0,5928.0,160.0,38.652929,-90.196383,https://www.redfin.com/MO/Saint-Louis/1219-Sullivan-Ave-63107/home/93688458
5806 Woodland Ave,Saint Louis,63120.0,Single Family Residential,,47500,888.0,False,53.490990990990994,2.0,1.0,1950.0,4826.0,8.0,38.6972111,-90.258964,https://www.redfin.com/MO/Saint-Louis/5806-Woodland-Ave-63120/home/93759544
4724 Kossuth Ave,Saint Louis,63115.0,Single Family Residential,,48000,1284.0,False,37.38317757009346,3.0,1.0,1925.0,4199.0,160.0,38.6771411,-90.2424614,https://www.redfin.com/MO/Saint-Louis/4724-Kossuth-Ave-63115/home/93733445
4412 Clarence Ave,Saint Louis,63115.0,Single Family Residential,,49900,2410.0,False,20.70539419087137,3.0,3.0,1914.0,4168.0,7.0,38.6771892,-90.2290464,https://www.redfin.com/MO/Saint-Louis/4412-Clarence-Ave-63115/home/68482572
5917 Harney Ave,Saint Louis,63136.0,Single Family Residential,,50000,608.0,False,82.23684210526316,2.0,1.0,1925.0,3123.0,34.0,38.7055967,-90.2514338,https://www.redfin.com/MO/Saint-Louis/5917-Harney-Ave-63136/home/93758957
1727 N Leffingwell Ave,Saint Louis,63106.0,Single Family Residential,,50000,2184.0,False,22.893772893772894,3.0,2.0,1903.0,5941.0,169.0,38.6484165,-90.2156039,https://www.redfin.com/MO/Saint-Louis/1727-N-Leffingwell-Ave-63106/home/93697705
1040 Sells Ave,Saint Louis,63147.0,Single Family Residential,,50000,832.0,False,60.09615384615385,1.0,1.0,1926.0,3828.0,47.0,38.7142348,-90.2344336,https://www.redfin.com/MO/Saint-Louis/1040-Sells-Ave-63147/home/93731358
405 Christian Ave,Saint Louis,63147.0,Single Family Residential,,50000,672.0,False,74.4047619047619,2.0,1.0,1950.0,3088.0,152.0,38.7083053,-90.2289225,https://www.redfin.com/MO/Saint-Louis/405-Christian-Ave-63147/home/88156373
8455 Concord Pl,Saint Louis,63147.0,Single Family Residential,,50000,768.0,False,65.10416666666667,2.0,1.0,1955.0,4103.0,89.0,38.7167409,-90.2308875,https://www.redfin.com/MO/Saint-Louis/8455-Concord-Pl-63147/home/93766440
4028 E Grove St,Saint Louis,63107.0,Single Family Residential,,51000,869.0,False,58.68814729574223,2.0,1.0,1907.0,2221.0,38.0,38.662856,-90.2116148,https://www.redfin.com/MO/Saint-Louis/4028-Grove-St-63107/home/93698367
4204 N Euclid Ave,Saint Louis,63115.0,Single Family Residential,,51900,1181.0,False,43.94580863674852,2.0,1.0,1925.0,5401.0,8.0,38.6807278,-90.2448925,https://www.redfin.com/MO/Saint-Louis/4204-N-Euclid-Ave-63115/home/93733369
7118 Vermont Ave,Saint Louis,63111.0,Single Family Residential,,54900,1501.0,False,36.575616255829445,1.0,1.0,1890.0,2775.0,333.0,38.5536836,-90.2586582,https://www.redfin.com/MO/Saint-Louis/7118-Vermont-Ave-63111/home/93710413
743 N Euclid Ave,Saint Louis,63108.0,Single Family Residential,,55000,2730.0,False,20.146520146520146,6.0,2.0,1898.0,5100.0,293.0,38.6527557,-90.2606492,https://www.redfin.com/MO/Saint-Louis/743-N-Euclid-Ave-63108/home/93720198
1514 N Leffingwell Ave,Saint Louis,63106.0,Single Family Residential,,55000,2356.0,False,23.3446519524618,2.0,3.0,1893.0,3023.0,286.0,38.6462379,-90.215666,https://www.redfin.com/MO/Saint-Louis/1514-N-Leffingwell-Ave-63106/home/93697610
4453 Athlone Ave,Saint Louis,63115.0,Single Family Residential,,55000,1522.0,False,36.136662286465175,3.0,2.0,1908.0,4168.0,79.0,38.6768371,-90.2260143,https://www.redfin.com/MO/Saint-Louis/4453-Athlone-Ave-63115/home/93714647
8539 Robin Ave,Saint Louis,63147.0,Single Family Residential,,57900,650.0,False,89.07692307692308,2.0,1.5,1910.0,9600.0,133.0,38.7118052,-90.2386688,https://www.redfin.com/MO/Saint-Louis/8539-Robin-Ave-63147/home/93730809
5901 Mcarthur Ave,Saint Louis,63120.0,Single Family Residential,,58500,912.0,False,64.14473684210526,2.0,1.0,1953.0,,18.0,38.6887773,-90.2717175,https://www.redfin.com/MO/Saint-Louis/5901-McArthur-Ave-63120/home/93768494
4876 Calvin Ave,Saint Louis,63115.0,Single Family Residential,,58500,864.0,False,67.70833333333333,2.0,1.5,1928.0,3720.0,7.0,38.6823038,-90.2427354,https://www.redfin.com/MO/Saint-Louis/4876-Calvin-Ave-63115/home/93733007
4849 Anderson Ave,Saint Louis,63115.0,Single Family Residential,,59000,1056.0,False,55.871212121212125,2.0,1.0,1927.0,3720.0,43.0,38.6815175,-90.2421953,https://www.redfin.com/MO/Saint-Louis/4849-Anderson-Ave-63115/home/93732936
8659 Oriole Ave,Saint Louis,63147.0,Single Family Residential,,59500,1038.0,False,57.321772639691716,2.0,1.0,1932.0,3598.0,26.0,38.7149753,-90.2395404,https://www.redfin.com/MO/Saint-Louis/8659-Oriole-Ave-63147/home/93731086
1734 N Euclid Ave,Saint Louis,63113.0,Single Family Residential,,59900,1734.0,False,34.5444059976932,4.0,1.0,1911.0,4552.0,153.0,38.664288,-90.2567409,https://www.redfin.com/MO/Saint-Louis/1734-N-Euclid-Ave-63113/home/93737110
887 Gustav Ave,Saint Louis,63147.0,Single Family Residential,,60000,768.0,False,78.125,2.0,1.0,1949.0,5000.0,48.0,38.723772,-90.2320254,https://www.redfin.com/MO/Saint-Louis/887-Gustav-Ave-63147/home/93783315
1139 Canaan Ave,Saint Louis,63147.0,Single Family Residential,,60000,920.0,False,65.21739130434783,2.0,1.0,1956.0,4125.0,47.0,38.7209853,-90.2375947,https://www.redfin.com/MO/Saint-Louis/1139-Canaan-Ave-63147/home/93760672
3067 Marcus Ave,Saint Louis,63115.0,Single Family Residential,,60000,2134.0,False,28.116213683223993,4.0,2.0,1891.0,4125.0,1.0,38.6702304,-90.2465695,https://www.redfin.com/MO/Saint-Louis/3067-Marcus-Ave-63115/home/62705237
882 Gustav Ave,Saint Louis,63147.0,Single Family Residential,,60000,768.0,False,78.125,1.0,2.0,1949.0,4403.0,49.0,38.7235163,-90.2316804,https://www.redfin.com/MO/Saint-Louis/882-Gustav-Ave-63147/home/93783363
863 Gustav Ave,Saint Louis,63147.0,Single Family Residential,,60000,768.0,False,78.125,2.0,2.0,1949.0,4913.0,48.0,38.7242027,-90.2311829,https://www.redfin.com/MO/Saint-Louis/863-Gustav-Ave-63147/home/93783338
886 Gustav Ave,Saint Louis,63147.0,Single Family Residential,,60000,768.0,False,78.125,2.0,1.0,1949.0,4495.0,49.0,38.7234383,-90.2318317,https://www.redfin.com/MO/Saint-Louis/886-Gustav-Ave-63147/home/93783362
5960 Minerva Ave,Saint Louis,63112.0,Single Family Residential,,60000,1464.0,False,40.98360655737705,3.0,2.0,1905.0,3031.0,4.0,38.6706204,-90.2871737,https://www.redfin.com/MO/Saint-Louis/5960-Minerva-Ave-63112/home/93723243
4636 Saint Ferdinand Ave,Saint Louis,63113.0,Single Family Residential,,60900,880.0,False,69.20454545454545,2.0,2.0,1908.0,3898.0,76.0,38.6634516,-90.249562,https://www.redfin.com/MO/Saint-Louis/4636-Saint-Ferdinand-Ave-63113/home/93736768
3726 Oregon Ave,Saint Louis,63118.0,Single Family Residential,,63049,932.0,False,67.64914163090128,2.0,1.0,1920.0,,300.0,38.5877594,-90.232029,https://www.redfin.com/MO/Saint-Louis/3726-Oregon-Ave-63118/home/93696123
753 Aubert Ave,Saint Louis,63108.0,Single Family Residential,,64000,1702.0,False,37.60282021151586,3.0,2.0,1886.0,8494.0,232.0,38.6530487,-90.2621219,https://www.redfin.com/MO/Saint-Louis/753-Aubert-Ave-63108/home/62692051
5414 S Kingshighway Blvd,Saint Louis,63109.0,Single Family Residential,,64900,1150.0,False,56.43478260869565,2.0,2.0,1924.0,5279.0,47.0,38.5803694,-90.2788614,https://www.redfin.com/MO/Saint-Louis/5414-S-Kingshighway-Blvd-63109/home/93759258
3726 Osceola St,Saint Louis,63116.0,Single Family Residential,,64900,1156.0,False,56.141868512110726,3.0,2.0,1896.0,7501.0,115.0,38.5800253,-90.2490529,https://www.redfin.com/MO/Saint-Louis/3726-Osceola-St-63116/home/93706486
5516 Acme Ave,Saint Louis,63136.0,Single Family Residential,,65000,888.0,False,73.1981981981982,3.0,1.5,1941.0,3449.0,4.0,38.7088114,-90.2590886,https://www.redfin.com/MO/Saint-Louis/5516-Acme-Ave-63136/home/93761405
1389 Hamilton Ave,Saint Louis,63112.0,Single Family Residential,,65000,1586.0,False,40.98360655737705,3.0,1.0,1908.0,2674.0,60.0,38.6708526,-90.2846456,https://www.redfin.com/MO/Saint-Louis/1389-Hamilton-Ave-63112/home/93723355
3502 Cora Ave,Saint Louis,63115.0,Single Family Residential,,66000,1035.0,False,63.768115942028984,2.0,1.0,1917.0,2840.0,55.0,38.6703611,-90.2437049,https://www.redfin.com/MO/Saint-Louis/3502-Cora-Ave-63115/home/93735719
5475 Gilmore Ave,Saint Louis,63120.0,Single Family Residential,,67000,816.0,False,82.1078431372549,1.0,1.0,1917.0,5105.0,5.0,38.7030107,-90.2492523,https://www.redfin.com/MO/Saint-Louis/5475-Gilmore-Ave-63120/home/93752204
8447 Concord Pl,Saint Louis,63147.0,Single Family Residential,,67500,768.0,False,87.890625,2.0,1.0,1955.0,4917.0,76.0,38.716431,-90.2308147,https://www.redfin.com/MO/Saint-Louis/8447-Concord-Pl-63147/home/93766442
7819 Vermont Ave,Saint Louis,63111.0,Single Family Residential,,67900,1134.0,False,59.876543209876544,1.0,1.0,1893.0,7000.0,8.0,38.5487656,-90.2651165,https://www.redfin.com/MO/Saint-Louis/7819-Vermont-Ave-63111/home/93711268
4538 San Francisco Ave,Saint Louis,63115.0,Single Family Residential,,67950,1280.0,False,53.0859375,2.0,1.5,1880.0,4011.0,28.0,38.6725991,-90.2400552,https://www.redfin.com/MO/Saint-Louis/4538-San-Francisco-Ave-63115/home/93733765
1761 Grape Ave,Saint Louis,63147.0,Single Family Residential,,68000,1150.0,False,59.130434782608695,2.0,1.0,1937.0,5262.0,18.0,38.7190566,-90.2484078,https://www.redfin.com/MO/Saint-Louis/1761-Grape-Ave-63147/home/93778791
3846 Virginia Ave,Saint Louis,63118.0,Single Family Residential,,69000,720.0,False,95.83333333333333,1.0,1.0,1895.0,3123.0,94.0,38.5862775,-90.2395192,https://www.redfin.com/MO/Saint-Louis/3846-Virginia-Ave-63118/home/93695792
8838 Park Ln,Saint Louis,63147.0,Single Family Residential,,69900,1144.0,False,61.1013986013986,2.0,1.0,1941.0,6825.0,21.0,38.7200532,-90.2455586,https://www.redfin.com/MO/Saint-Louis/8838-Park-Ln-63147/home/93778678
5381 Queens Ave,Saint Louis,63115.0,Single Family Residential,,69900,1456.0,False,48.00824175824176,3.0,3.0,1918.0,8598.0,13.0,38.6910159,-90.2402457,https://www.redfin.com/MO/Saint-Louis/5381-Queens-Ave-63115/home/93752085
5977 Lalite Ave,Saint Louis,63136.0,Single Family Residential,,69900,644.0,False,108.54037267080746,2.0,1.0,1917.0,3750.0,69.0,38.7025394,-90.2584223,https://www.redfin.com/MO/Saint-Louis/5977-Lalite-Ave-63136/home/93758705
3710 S Broadway,Saint Louis,63118.0,Single Family Residential,,70000,1930.0,False,36.26943005181347,3.0,2.0,1911.0,2491.0,19.0,38.5873828,-90.2248509,https://www.redfin.com/MO/Saint-Louis/3710-S-Broadway-63118/home/93696730
4000 N Grand Blvd,Saint Louis,63107.0,Single Family Residential,,70000,1938.0,False,36.119711042311664,3.0,2.0,1887.0,,75.0,38.6634973,-90.2148577,https://www.redfin.com/MO/Saint-Louis/4000-N-Grand-Blvd-63107/home/93698853
6343 Sherry Ave,Saint Louis,63136.0,Single Family Residential,,70000,811.0,False,86.31319358816276,2.0,1.0,1947.0,4499.0,13.0,38.7038855,-90.2636051,https://www.redfin.com/MO/Saint-Louis/6343-Sherry-Ave-63136/home/93762085
4502 Harris Ave,Saint Louis,63115.0,Single Family Residential,,70000,1688.0,False,41.46919431279621,3.0,2.0,1912.0,6246.0,39.0,38.6750705,-90.2237517,https://www.redfin.com/MO/Saint-Louis/4502-Harris-Ave-63115/home/93713905
4615 Newport Ave,Saint Louis,63116.0,Single Family Residential,,72700,1010.0,False,71.98019801980197,3.0,1.5,1907.0,3219.0,27.0,38.5821918,-90.2614816,https://www.redfin.com/MO/Saint-Louis/4615-Newport-Ave-63116/home/93757281
4176 Newport Ct,Saint Louis,63116.0,Single Family Residential,,73000,888.0,False,82.2072072072072,1.0,1.0,1906.0,2626.0,26.0,38.5829449,-90.2639206,https://www.redfin.com/MO/Saint-Louis/4176-Newport-Ct-63116/home/93757068
5994 Theodore Ave,Saint Louis,63136.0,Single Family Residential,,74900,772.0,False,97.02072538860104,2.0,1.0,1930.0,3123.0,113.0,38.7031242,-90.2582818,https://www.redfin.com/MO/Saint-Louis/5994-Theodore-Ave-63136/home/93759063
5520 Louisiana Ave,Saint Louis,63111.0,Single Family Residential,,74900,575.0,False,130.2608695652174,1.0,1.0,1928.0,4260.0,151.0,38.5680243,-90.2514888,https://www.redfin.com/MO/Saint-Louis/5520-Louisiana-Ave-63111/home/93708521
9006 Edna St,Saint Louis,63147.0,Single Family Residential,,74900,1016.0,False,73.72047244094489,2.0,1.0,1929.0,3811.0,1.0,38.7220093,-90.2357707,https://www.redfin.com/MO/Saint-Louis/9006-Edna-St-63147/home/93760692
3437 Keokuk St,Saint Louis,63118.0,Single Family Residential,,74900,893.0,False,83.87458006718926,1.0,1.0,1906.0,3175.0,76.0,38.5864127,-90.2423774,https://www.redfin.com/MO/Saint-Louis/3437-Keokuk-St-63118/home/93695281
4431 Virginia Anx,Saint Louis,63111.0,Single Family Residential,,75000,1452.0,False,51.65289256198347,1.0,1.0,1897.0,1681.0,68.0,38.5759581,-90.242635,https://www.redfin.com/MO/Saint-Louis/4431-Virginia-Ave-63111/home/93705930
4222 Osceola St,Saint Louis,63116.0,Single Family Residential,,76000,1858.0,False,40.90419806243273,3.0,1.0,1908.0,3598.0,39.0,38.5877806,-90.2635469,https://www.redfin.com/MO/Saint-Louis/4222-Osceola-St-63116/home/93758162
5344 Northland Ave,Saint Louis,63112.0,Single Family Residential,,76900,925.0,False,83.13513513513513,3.0,1.0,2003.0,,130.0,38.6718705,-90.2654641,https://www.redfin.com/MO/Saint-Louis/5344-Northland-Ave-63112/home/93738295
7116 S Broadway,Saint Louis,63111.0,Townhouse,,77000,2200.0,False,35.0,3.0,1.5,1885.0,2570.0,6.0,38.5505614,-90.2541053,https://www.redfin.com/MO/Saint-Louis/7116-S-Broadway-63111/home/93710677
3307 Winnebago St,Saint Louis,63118.0,Single Family Residential,,79000,953.0,False,82.89611752360966,2.0,1.0,1907.0,3201.0,138.0,38.5896911,-90.2394001,https://www.redfin.com/MO/Saint-Louis/3307-Winnebago-St-63118/home/93695645
3814 Greer Ave,Saint Louis,63107.0,Single Family Residential,,79900,2376.0,False,33.627946127946124,4.0,2.0,1900.0,4138.0,6.0,38.659001,-90.2237684,https://www.redfin.com/MO/Saint-Louis/3814-Greer-Ave-63107/home/93715934
4502 Adelaide Ave,Saint Louis,63115.0,Single Family Residential,,79900,1504.0,False,53.125,3.0,1.0,1911.0,3693.0,92.0,38.6735024,-90.2222916,https://www.redfin.com/MO/Saint-Louis/4502-Adelaide-Ave-63115/home/93713857
4823 San Francisco Ave,Saint Louis,63115.0,Single Family Residential,,79999,1157.0,False,69.14347450302506,3.0,2.0,1923.0,4800.0,51.0,38.6758002,-90.2453515,https://www.redfin.com/MO/Saint-Louis/4823-San-Francisco-Ave-63115/home/93732689
5923 Mimika Ave,Saint Louis,63147.0,Single Family Residential,,80000,774.0,False,103.35917312661499,2.0,1.0,1934.0,3449.0,139.0,38.7131847,-90.2515844,https://www.redfin.com/MO/Saint-Louis/5923-Mimika-Ave-63147/home/93768928
8422 Pennsylvania Ave,Saint Louis,63111.0,Single Family Residential,,80000,1520.0,False,52.63157894736842,3.0,2.0,1864.0,6851.0,20.0,38.5417796,-90.2657912,https://www.redfin.com/MO/Saint-Louis/8422-Pennsylvania-Ave-63111/home/169424599
4635 Oregon Ave,Saint Louis,63111.0,Single Family Residential,,80000,2048.0,False,39.0625,3.0,2.0,1913.0,3101.0,45.0,38.571491,-90.2361013,https://www.redfin.com/MO/Saint-Louis/4635-Oregon-Ave-63111/home/93706944
815 Portland Ter,Saint Louis,63147.0,Single Family Residential,,80000,936.0,False,85.47008547008546,2.0,1.0,1948.0,4399.0,168.0,38.7255957,-90.2287027,https://www.redfin.com/MO/Saint-Louis/815-Portland-Ter-63147/home/93783297
858 Canaan Ave,Saint Louis,63147.0,Single Family Residential,,82000,960.0,False,85.41666666666667,3.0,1.0,1956.0,4138.0,95.0,38.7202244,-90.2312942,https://www.redfin.com/MO/Saint-Louis/858-Canaan-Ave-63147/home/93756093
9123 Church,Saint Louis,63137.0,Single Family Residential,,85000,830.0,False,102.40963855421687,2.0,1.0,1945.0,6403.0,74.0,38.7252306,-90.2322243,https://www.redfin.com/MO/Saint-Louis/9123-Church-Rd-63137/home/93783212
1215 Oakley Pl,Saint Louis,63112.0,Single Family Residential,,85000,1920.0,False,44.270833333333336,4.0,2.0,1906.0,7318.0,41.0,38.6665337,-90.2888419,https://www.redfin.com/MO/Saint-Louis/1215-Oakley-Pl-63112/home/93723252
8937 Edna St,Saint Louis,63147.0,Single Family Residential,,85000,1008.0,False,84.32539682539682,3.0,1.0,1931.0,4255.0,103.0,38.7201866,-90.2365349,https://www.redfin.com/MO/Saint-Louis/8937-Edna-St-63147/home/93731511
5958 Park Ln,Saint Louis,63147.0,Single Family Residential,,85000,1092.0,False,77.83882783882784,2.0,1.0,1928.0,3449.0,138.0,38.7127757,-90.248375,https://www.redfin.com/MO/Saint-Louis/5958-Park-Ln-63147/home/93770519
854 Canaan Ave,Saint Louis,63147.0,Single Family Residential,,85000,1033.0,False,82.28460793804453,8.0,1.0,1912.0,4112.0,13.0,38.7201882,-90.2311267,https://www.redfin.com/MO/Saint-Louis/854-Canaan-Ave-63147/home/93756094
3719 Marine Ave,Saint Louis,63118.0,Single Family Residential,,89500,590.0,False,151.6949152542373,2.0,1.0,1882.0,4081.0,27.0,38.5865953,-90.2207545,https://www.redfin.com/MO/Saint-Louis/3719-Marine-Ave-63118/home/93697328
6318 Lalite Ave,Saint Louis,63136.0,Single Family Residential,,89900,1215.0,False,73.9917695473251,4.0,1.0,1948.0,4499.0,6.0,38.7041021,-90.2624375,https://www.redfin.com/MO/Saint-Louis/6318-Lalite-Ave-63136/home/93762104
6429 Idaho Ave,Saint Louis,63111.0,Single Family Residential,,89900,1460.0,False,61.57534246575342,3.0,2.0,1896.0,1986.0,88.0,38.5593576,-90.2556352,https://www.redfin.com/MO/Saint-Louis/6429-Idaho-Ave-63111/home/93709392
5941 Park Ln,Saint Louis,63147.0,Single Family Residential,,89900,1510.0,False,59.5364238410596,2.0,2.0,1936.0,3698.0,54.0,38.7126025,-90.2490228,https://www.redfin.com/MO/Saint-Louis/5941-Park-Ln-63147/home/93770586
2642 Geyer Ave,Saint Louis,63104.0,Single Family Residential,,89900,750.0,False,119.86666666666666,1.0,1.0,1885.0,3123.0,26.0,38.6129153,-90.2231509,https://www.redfin.com/MO/Saint-Louis/2642-Geyer-Ave-63104/home/93690217
4556 Elmbank Ave,Saint Louis,63115.0,Single Family Residential,,89900,1014.0,False,88.65877712031558,3.0,1.0,1955.0,5536.0,48.0,38.6687103,-90.2434856,https://www.redfin.com/MO/Saint-Louis/4556-Elmbank-Ave-63115/home/93736010
4534 Margaretta Ave,Saint Louis,63115.0,Single Family Residential,,89999,1918.0,False,46.92335766423358,3.0,1.5,1910.0,5972.0,51.0,38.6736482,-90.2390335,https://www.redfin.com/MO/Saint-Louis/4534-Margaretta-Ave-63115/home/93734323
7353 Virginia Ave,Saint Louis,63111.0,Single Family Residential,,89999,1147.0,False,78.46469049694856,3.0,1.0,1893.0,4486.0,43.0,38.5514412,-90.2604952,https://www.redfin.com/MO/Saint-Louis/7353-Virginia-Ave-63111/home/62715500
4260 Bates St,Saint Louis,63116.0,Single Family Residential,,90000,768.0,False,117.1875,3.0,1.0,1925.0,3641.0,29.0,38.5758888,-90.2687136,https://www.redfin.com/MO/Saint-Louis/4260-Bates-St-63116/home/93761870
5718 Etzel Ave,Saint Louis,63112.0,Single Family Residential,,90000,2496.0,False,36.05769230769231,6.0,2.5,1906.0,4621.0,63.0,38.663542,-90.283669,https://www.redfin.com/MO/Saint-Louis/5718-Etzel-Ave-63112/home/93722423
5636 Columbia Ave,Saint Louis,63139.0,Single Family Residential,,90000,936.0,False,96.15384615384616,0.0,2.0,1893.0,3175.0,64.0,38.6115609,-90.2830486,https://www.redfin.com/MO/Saint-Louis/5636-Columbia-Ave-63139/home/93727248
3123 Rutger St,Saint Louis,63104.0,Single Family Residential,,90000,1572.0,False,57.25190839694657,3.0,1.0,1888.0,3123.0,168.0,38.6220175,-90.2295205,https://www.redfin.com/MO/Saint-Louis/3123-Rutger-St-63104/home/93689899
3719 Minnesota Ave,Saint Louis,63118.0,Single Family Residential,,90000,684.0,False,131.57894736842104,1.0,1.0,1905.0,3175.0,155.0,38.5884801,-90.2360438,https://www.redfin.com/MO/Saint-Louis/3719-Minnesota-Ave-63118/home/62699628
5122 Aubert Ave,Saint Louis,63115.0,Single Family Residential,,90000,1020.0,False,88.23529411764706,2.0,1.0,1941.0,4669.0,1.0,38.6872164,-90.2415814,https://www.redfin.com/MO/Saint-Louis/5122-Aubert-Ave-63115/home/93765261
4807 Milentz Ave,Saint Louis,63116.0,Single Family Residential,,94000,658.0,False,142.85714285714286,1.0,1.0,1925.0,2243.0,73.0,38.576673,-90.2807226,https://www.redfin.com/MO/Saint-Louis/4807-Milentz-Ave-63116/home/93763328
4463 Bessie Ave,Saint Louis,63115.0,Single Family Residential,,94000,680.0,False,138.23529411764707,2.0,1.5,1894.0,2700.0,17.0,38.6769342,-90.2339023,https://www.redfin.com/MO/Saint-Louis/4463-Bessie-Ave-63115/home/93734479
3412 Alberta St,Saint Louis,63118.0,Single Family Residential,,94900,987.0,False,96.1499493414387,2.0,1.5,1904.0,3123.0,1.0,38.5850385,-90.2418099,https://www.redfin.com/MO/Saint-Louis/3412-Alberta-St-63118/home/93704824
1823 Eton Ln,Saint Louis,63147.0,Single Family Residential,,94900,936.0,False,101.38888888888889,2.0,1.0,1946.0,4900.0,53.0,38.7155776,-90.2512972,https://www.redfin.com/MO/Saint-Louis/1823-Eton-Ln-63147/home/93781587
3904 Walsh St,Saint Louis,63116.0,Single Family Residential,,95000,1015.0,False,93.5960591133005,3.0,1.0,1921.0,4791.0,280.0,38.5750623,-90.2592946,https://www.redfin.com/MO/Saint-Louis/3904-Walsh-St-63116/home/93757690
6016 Garesche Ave,Saint Louis,63136.0,Single Family Residential,,95000,583.0,False,162.95025728987994,4.0,2.0,1925.0,6250.0,21.0,38.7032107,-90.2561915,https://www.redfin.com/MO/Saint-Louis/6016-Garesche-Ave-63136/home/93759096
837 Wall St,Saint Louis,63147.0,Single Family Residential,,96500,952.0,False,101.3655462184874,2.0,1.5,1950.0,5963.0,26.0,38.7195628,-90.2305527,https://www.redfin.com/MO/Saint-Louis/837-Wall-St-63147/home/93755977
4429 Greer Ave,Saint Louis,63115.0,Single Family Residential,,98000,1650.0,False,59.39393939393939,4.0,2.5,1894.0,4051.0,25.0,38.6665611,-90.2400307,https://www.redfin.com/MO/Saint-Louis/4429-Greer-Ave-63115/home/62714620
2906 Park Ave,Saint Louis,63104.0,Single Family Residential,,99500,1672.0,False,59.50956937799043,3.0,2.0,1891.0,3123.0,77.0,38.6189663,-90.2267899,https://www.redfin.com/MO/Saint-Louis/2906-Park-Ave-63104/home/93700773
3923 Gravois Ave,Saint Louis,63116.0,Single Family Residential,,100000,712.0,False,140.4494382022472,2.0,2.5,1921.0,3123.0,179.0,38.5912954,-90.2520667,https://www.redfin.com/MO/Saint-Louis/3923-Gravois-Ave-63116/home/93749000
536 Eiler,Saint Louis,63111.0,Single Family Residential,,102000,2014.0,False,50.6454816285998,4.0,2.0,1914.0,2178.0,73.0,38.5667221,-90.2469844,https://www.redfin.com/MO/Saint-Louis/536-Eiler-St-63111/home/93708307
4820 Potomac Anx,Saint Louis,63116.0,Single Family Residential,,104900,720.0,False,145.69444444444446,3.0,1.0,1926.0,4020.0,65.0,38.5963496,-90.2694507,https://www.redfin.com/MO/Saint-Louis/4820-Potomac-St-63116/home/93756239
2027 Destrehan St,Saint Louis,63107.0,Single Family Residential,,104900,1435.0,False,73.10104529616724,3.0,1.0,1893.0,2613.0,61.0,38.6581542,-90.2027993,https://www.redfin.com/MO/Saint-Louis/2027-Destrehan-St-63107/home/93688764
1412 Bremen Ave,St. Louis,63107.0,Single Family Residential,,105000,1994.0,False,52.6579739217653,4.0,2.0,1875.0,12310.0,342.0,38.6631959,-90.2004557,https://www.redfin.com/MO/St-Louis/1412-Bremen-Ave-63107/home/196160641
3930 Itaska St,Saint Louis,63116.0,Single Family Residential,,109000,768.0,False,141.92708333333334,1.0,1.0,1927.0,3031.0,22.0,38.5783003,-90.2578497,https://www.redfin.com/MO/Saint-Louis/3930-Itaska-St-63116/home/62731693
4834 Margaretta Ave,Saint Louis,63115.0,Single Family Residential,,109000,1084.0,False,100.55350553505535,2.0,1.0,1923.0,3841.0,12.0,38.6763785,-90.2453752,https://www.redfin.com/MO/Saint-Louis/4834-Margaretta-Ave-63115/home/93732704
2813 Meramec St,Saint Louis,63118.0,Single Family Residential,,109900,2146.0,False,51.211556383970176,4.0,2.0,1885.0,4874.0,33.0,38.5798315,-90.2334565,https://www.redfin.com/MO/Saint-Louis/2813-Meramec-St-63118/home/93705218
5936 Pamplin Ave,Saint Louis,63147.0,Single Family Residential,,110000,1184.0,False,92.9054054054054,3.0,1.5,1939.0,3044.0,18.0,38.7126537,-90.249522,https://www.redfin.com/MO/Saint-Louis/5936-Pamplin-Ave-63147/home/93770558
4713-4715 Natural Bridge Ave,St. Louis,63115.0,Single Family Residential,,110000,3652.0,False,30.120481927710845,4.0,3.0,1914.0,,279.0,38.673571,-90.2446329,https://www.redfin.com/MO/St-Louis/4713-4715-Natural-Bridge-Ave-63115/home/197635329
3308 Miami St,Saint Louis,63118.0,Single Family Residential,,110000,1056.0,False,104.16666666666667,2.0,1.0,1910.0,3123.0,87.0,38.5911535,-90.2392295,https://www.redfin.com/MO/Saint-Louis/3308-Miami-St-63118/home/93695710
5518 Maffitt Ave,Saint Louis,63112.0,Single Family Residential,,110000,1109.0,False,99.18845807033364,2.0,1.0,1923.0,2800.0,18.0,38.6744819,-90.2698201,https://www.redfin.com/MO/Saint-Louis/5518-Maffitt-Ave-63112/home/62728841
1439 Mclaran Ave,Saint Louis,63147.0,Single Family Residential,,112500,1017.0,False,110.61946902654867,2.0,1.0,1948.0,3781.0,149.0,38.7161903,-90.240576,https://www.redfin.com/MO/Saint-Louis/1439-McLaran-Ave-63147/home/93779444
3721 S Compton Ave,Saint Louis,63118.0,Single Family Residential,,114500,1400.0,False,81.78571428571429,2.0,2.0,1895.0,3123.0,118.0,38.5887118,-90.2383227,https://www.redfin.com/MO/Saint-Louis/3721-S-Compton-Ave-63118/home/93695800
1403 Walton Ave,Saint Louis,63113.0,Single Family Residential,,114900,966.0,False,118.94409937888199,1.0,2.0,1911.0,4591.0,6.0,38.6601156,-90.2563118,https://www.redfin.com/MO/Saint-Louis/1403-Walton-Ave-63113/home/62721616
3716 Minnesota Ave,Saint Louis,63118.0,Single Family Residential,,114900,880.0,False,130.5681818181818,2.0,1.0,1923.0,3175.0,34.0,38.5884851,-90.2355872,https://www.redfin.com/MO/Saint-Louis/3716-Minnesota-Ave-63118/home/93695953
3712 Phillips Pl,Saint Louis,63116.0,Single Family Residential,,115000,1072.0,False,107.27611940298507,2.0,1.5,1890.0,6098.0,62.0,38.5894403,-90.2472799,https://www.redfin.com/MO/Saint-Louis/3712-Phillips-Pl-63116/home/93730201
4650 Michigan Ave,Saint Louis,63111.0,Single Family Residential,,115000,2072.0,False,55.5019305019305,4.0,2.0,1923.0,3123.0,47.0,38.5715955,-90.240234,https://www.redfin.com/MO/Saint-Louis/4650-Michigan-Ave-63111/home/93706780
3814 Illinois Ave,Saint Louis,63118.0,Single Family Residential,,115000,779.0,False,147.62516046213094,2.0,1.0,1958.0,3375.0,14.0,38.58517,-90.2233784,https://www.redfin.com/MO/Saint-Louis/3814-Illinois-Ave-63118/home/93696832
5218 Lotus Ave,Saint Louis,63113.0,Single Family Residential,,115000,1588.0,False,72.41813602015114,3.0,2.5,1908.0,3994.0,34.0,38.6681077,-90.2637216,https://www.redfin.com/MO/Saint-Louis/5218-Lotus-Ave-63113/home/93737974
4649 Oregon Ave,Saint Louis,63111.0,Single Family Residential,,117000,779.0,False,150.1925545571245,2.0,1.0,1959.0,3101.0,18.0,38.5710809,-90.2361593,https://www.redfin.com/MO/Saint-Louis/4649-Oregon-Ave-63111/home/93706946
5919 Summit Pl,Saint Louis,63147.0,Single Family Residential,,119900,1275.0,False,94.03921568627452,3.0,1.0,1928.0,3850.0,68.0,38.7116737,-90.2484908,https://www.redfin.com/MO/Saint-Louis/5919-Summit-Pl-63147/home/93770535
3926 Tholozan Ave,Saint Louis,63116.0,Single Family Residential,,120000,988.0,False,121.4574898785425,2.0,1.0,1914.0,4159.0,122.0,38.5917554,-90.252158,https://www.redfin.com/MO/Saint-Louis/3926-Tholozan-Ave-63116/home/62728630
8636 Riverview Blvd,Saint Louis,63147.0,Single Family Residential,,120000,1757.0,False,68.29823562891292,4.0,1.5,1939.0,4199.0,19.0,38.7154383,-90.2410789,https://www.redfin.com/MO/Saint-Louis/8636-Riverview-Blvd-63147/home/93730752
8425 Halls Ferry Rd,Saint Louis,63147.0,Single Family Residential,,120000,946.0,False,126.84989429175475,5.0,2.0,1891.0,2953.0,89.0,38.7143008,-90.2326118,https://www.redfin.com/MO/Saint-Louis/8425-Halls-Ferry-Rd-63147/home/93731413
1217 N 11th St #1217,Saint Louis,63106.0,Townhouse,,120000,1152.0,False,104.16666666666667,2.0,1.5,1988.0,3127.0,1.0,38.637421,-90.19301,https://www.redfin.com/MO/Saint-Louis/1217-N-11th-St-63106/home/73701399
8516 Pennsylvania Ave,Saint Louis,63111.0,Single Family Residential,,120000,1536.0,False,78.125,3.0,1.5,1897.0,3423.0,136.0,38.5411871,-90.266419,https://www.redfin.com/MO/Saint-Louis/8516-Pennsylvania-Ave-63111/home/93711612
4544 Elmbank Ave,Saint Louis,63115.0,Single Family Residential,,120000,1014.0,False,118.34319526627219,3.0,1.5,1955.0,5536.0,100.0,38.6685479,-90.2431078,https://www.redfin.com/MO/Saint-Louis/4544-Elmbank-Ave-63115/home/93736015
5030 Grace Ave,Saint Louis,63116.0,Single Family Residential,,124900,780.0,False,160.12820512820514,2.0,1.0,1910.0,4051.0,26.0,38.5726572,-90.2522038,https://www.redfin.com/MO/Saint-Louis/5030-Grace-Ave-63116/home/93742544
8644 Church Rd,Saint Louis,63147.0,Single Family Residential,,124900,1440.0,False,86.73611111111111,3.0,1.0,1928.0,5623.0,43.0,38.7182487,-90.232821,https://www.redfin.com/MO/Saint-Louis/8644-Church-Rd-63147/home/93755735
6204 Vermont Ave,Saint Louis,63111.0,Single Family Residential,,125000,1422.0,False,87.9043600562588,3.0,1.0,1890.0,4094.0,60.0,38.5604352,-90.2513368,https://www.redfin.com/MO/Saint-Louis/6204-Vermont-Ave-63111/home/93709642
4335 California Ave,Saint Louis,63111.0,Single Family Residential,,125000,760.0,False,164.47368421052633,2.0,1.0,1958.0,3567.0,36.0,38.5768269,-90.233829,https://www.redfin.com/MO/Saint-Louis/4335-California-Ave-63111/home/62719559
8622 Goodfellow Blvd,Saint Louis,63147.0,Single Family Residential,,129900,864.0,False,150.34722222222223,4.0,2.0,1922.0,7300.0,20.0,38.7180018,-90.251875,https://www.redfin.com/MO/Saint-Louis/8622-Goodfellow-Blvd-63147/home/93731956
3860 Neosho St,Saint Louis,63116.0,Single Family Residential,,129900,1016.0,False,127.85433070866142,3.0,1.0,1926.0,3872.0,68.0,38.5788754,-90.2544681,https://www.redfin.com/MO/Saint-Louis/3860-Neosho-St-63116/home/93730901
3342 Iowa Ave,Saint Louis,63118.0,Single Family Residential,,129900,872.0,False,148.9678899082569,3.0,1.5,1890.0,3375.0,15.0,38.5941949,-90.2285967,https://www.redfin.com/MO/Saint-Louis/3342-Iowa-Ave-63118/home/93693855
7915 S Broadway,Saint Louis,63111.0,Single Family Residential,,130000,960.0,False,135.41666666666666,1.0,1.0,1914.0,3349.0,127.0,38.5450503,-90.2610245,https://www.redfin.com/MO/Saint-Louis/7915-S-Broadway-63111/home/93711225
4925 Schollmeyer Ave,Saint Louis,63109.0,Single Family Residential,,130000,1152.0,False,112.84722222222223,1.0,1.0,1910.0,3598.0,72.0,38.5727409,-90.2852095,https://www.redfin.com/MO/Saint-Louis/4925-Schollmeyer-Ave-63109/home/93764464
3710 Bamberger Ave,Saint Louis,63116.0,Single Family Residential,,130000,2050.0,False,63.41463414634146,4.0,2.0,1915.0,3423.0,6.0,38.5898733,-90.2492371,https://www.redfin.com/MO/Saint-Louis/3710-Bamberger-Ave-63116/home/93766213
3645 Dunnica Ave,Saint Louis,63116.0,Single Family Residential,,130000,1760.0,False,73.86363636363636,3.0,2.0,1928.0,4647.0,11.0,38.5877384,-90.2463408,https://www.redfin.com/MO/Saint-Louis/3645-Dunnica-Ave-63116/home/93695571
5088 Minerva Ave,Saint Louis,63113.0,Single Family Residential,,130000,1598.0,False,81.35168961201502,5.0,1.5,1892.0,3746.0,139.0,38.6611011,-90.2654703,https://www.redfin.com/MO/Saint-Louis/5088-Minerva-Ave-63113/home/56546583
3829 Primm St,Saint Louis,63123.0,Single Family Residential,,134900,845.0,False,159.6449704142012,3.0,1.0,1950.0,5998.0,4.0,38.5546923,-90.2757917,https://www.redfin.com/MO/Saint-Louis/3829-Primm-St-63123/home/93712258
4447 Gannett St,Saint Louis,63116.0,Single Family Residential,,134999,1064.0,False,126.87875939849624,2.0,1.0,1923.0,3750.0,12.0,38.5852406,-90.2705915,https://www.redfin.com/MO/Saint-Louis/4447-Gannett-St-63116/home/93763672
1124 Blendon Pl,Saint Louis,63117.0,Single Family Residential,,135000,1340.0,False,100.74626865671642,1.0,1.0,1911.0,6651.0,1.0,38.6308975,-90.3080953,https://www.redfin.com/MO/Saint-Louis/1124-Blendon-Pl-63117/home/93740221
2202 Osage St,Saint Louis,63118.0,Single Family Residential,,135000,1536.0,False,87.890625,3.0,2.0,1890.0,3510.0,16.0,38.5820982,-90.2257566,https://www.redfin.com/MO/Saint-Louis/2202-Osage-St-63118/home/93704987
3708 Neosho St,Saint Louis,63116.0,Single Family Residential,,135000,936.0,False,144.23076923076923,3.0,1.0,1919.0,3876.0,25.0,38.5769969,-90.250838,https://www.redfin.com/MO/Saint-Louis/3708-Neosho-St-63116/home/62741894
915 Bates St,Saint Louis,63111.0,Single Family Residential,,138000,1632.0,False,84.55882352941177,3.0,1.0,1892.0,3698.0,68.0,38.5672925,-90.2515958,https://www.redfin.com/MO/Saint-Louis/915-Bates-St-63111/home/62714322
4140 Virginia Ave,Saint Louis,63118.0,Single Family Residential,,139000,1200.0,False,115.83333333333333,3.0,1.5,1890.0,3750.0,20.0,38.5811649,-90.2406435,https://www.redfin.com/MO/Saint-Louis/4140-Virginia-Ave-63118/home/93705277
6728 Alabama Ave,Saint Louis,63111.0,Single Family Residential,,139800,1348.0,False,103.70919881305637,3.0,2.0,1899.0,5702.0,4.0,38.5564896,-90.2568809,https://www.redfin.com/MO/Saint-Louis/6728-Alabama-Ave-63111/home/93710020
3745 Primm St,Saint Louis,63123.0,Single Family Residential,,139900,845.0,False,165.5621301775148,3.0,1.0,1954.0,5998.0,98.0,38.5540453,-90.274673,https://www.redfin.com/MO/Saint-Louis/3745-Primm-St-63123/home/62765121
4404 Floriss Pl,Saint Louis,63115.0,Single Family Residential,,139900,1636.0,False,85.51344743276283,4.0,2.0,1925.0,1899.0,47.0,38.6804655,-90.2261374,https://www.redfin.com/MO/Saint-Louis/4404-Floriss-Pl-63115/home/93672078
3019 Chippewa St,Saint Louis,63118.0,Single Family Residential,,139900,1304.0,False,107.28527607361963,3.0,1.0,1889.0,4626.0,145.0,38.5874026,-90.2356615,https://www.redfin.com/MO/Saint-Louis/3019-Chippewa-St-63118/home/93680322
4709 Lewis Pl,Saint Louis,63113.0,Single Family Residential,,139999,1677.0,False,83.48181276088253,5.0,2.5,1924.0,7000.0,232.0,38.6551849,-90.2552381,https://www.redfin.com/MO/Saint-Louis/4709-Lewis-Pl-63113/home/93739454
5331 Ridge Ave,Saint Louis,63112.0,Single Family Residential,,140000,2671.0,False,52.41482590789966,4.0,2.0,1897.0,11960.0,109.0,38.6640574,-90.2707668,https://www.redfin.com/MO/Saint-Louis/5331-Ridge-Ave-63112/home/93721149
1434 Cutter Ave,Saint Louis,63139.0,Single Family Residential,,140000,747.0,False,187.41633199464525,2.0,1.0,1950.0,10345.0,46.0,38.6256388,-90.3056031,https://www.redfin.com/MO/Saint-Louis/1434-Cutter-Ave-63139/home/93740657
24 Columbus Square Dr,Saint Louis,63101.0,Townhouse,,140000,1122.0,False,124.77718360071302,2.0,1.5,1985.0,1698.0,8.0,38.6361464,-90.1923223,https://www.redfin.com/MO/Saint-Louis/24-Columbus-Square-Dr-63101/home/93684949
4707 Ray Ave,Saint Louis,63116.0,Single Family Residential,,142000,1180.0,False,120.33898305084746,2.0,2.0,1922.0,3449.0,5.0,38.5803095,-90.2618682,https://www.redfin.com/MO/Saint-Louis/4707-Ray-Ave-63116/home/93768311
1215 N Euclid Ave,Saint Louis,63113.0,Single Family Residential,,142550,1350.0,False,105.5925925925926,3.0,2.5,1895.0,5270.0,155.0,38.6578506,-90.2597578,https://www.redfin.com/MO/Saint-Louis/1215-N-Euclid-Ave-63113/home/93720422
3517 Pennsylvania Ave,Saint Louis,63118.0,Single Family Residential,,144500,1760.0,False,82.10227272727273,3.0,1.5,1910.0,3149.0,120.0,38.5920092,-90.2341736,https://www.redfin.com/MO/Saint-Louis/3517-Pennsylvania-Ave-63118/home/93694969
4172 Concordia Ave,Saint Louis,63116.0,Single Family Residential,,144900,960.0,False,150.9375,3.0,2.0,1908.0,3641.0,1.0,38.574136,-90.2696061,https://www.redfin.com/MO/Saint-Louis/4172-Concordia-Ave-63116/home/66745676
3455 Alberta St,Saint Louis,63118.0,Single Family Residential,,144900,1470.0,False,98.57142857142857,2.0,1.5,1915.0,3249.0,39.0,38.5856052,-90.2431844,https://www.redfin.com/MO/Saint-Louis/3455-Alberta-St-63118/home/93704771
4428 Dewey Ave,Saint Louis,63116.0,Single Family Residential,,145000,864.0,False,167.82407407407408,2.0,1.0,1926.0,4260.0,112.0,38.5793781,-90.2495547,https://www.redfin.com/MO/Saint-Louis/4428-Dewey-Ave-63116/home/80170339
2107 Stansbury St,Saint Louis,63118.0,Single Family Residential,,145000,757.0,False,191.5455746367239,2.0,1.0,1884.0,2922.0,9.0,38.586864,-90.2236165,https://www.redfin.com/MO/Saint-Louis/2107-Stansbury-St-63118/home/93696772
4816 Sacramento Ave,Saint Louis,63115.0,Single Family Residential,,145000,970.0,False,149.48453608247422,3.0,1.0,1919.0,3598.0,15.0,38.6746347,-90.2459691,https://www.redfin.com/MO/Saint-Louis/4816-Sacramento-Ave-63115/home/93766118
4441 Minnesota Ave,Saint Louis,63111.0,Single Family Residential,,148000,1540.0,False,96.1038961038961,3.0,1.0,1912.0,3149.0,83.0,38.5753817,-90.2387403,https://www.redfin.com/MO/Saint-Louis/4441-Minnesota-Ave-63111/home/93706133
10 Columbus Square Dr,Saint Louis,63101.0,Townhouse,,148900,1178.0,False,126.4006791171477,2.0,1.5,1985.0,1537.0,76.0,38.6364198,-90.1922176,https://www.redfin.com/MO/Saint-Louis/10-Columbus-Square-Dr-63101/home/93684950
3169 Pennsylvania Ave,Saint Louis,63118.0,Single Family Residential,,149000,772.0,False,193.00518134715026,2.0,1.0,1901.0,3497.0,101.0,38.5989478,-90.2326698,https://www.redfin.com/MO/Saint-Louis/3169-Pennsylvania-Ave-63118/home/93693166
3150 Mount Pleasant St,Saint Louis,63111.0,Single Family Residential,,149000,754.0,False,197.6127320954907,1.0,1.0,1890.0,3123.0,162.0,38.5729984,-90.2410862,https://www.redfin.com/MO/Saint-Louis/3150-Mount-Pleasant-St-63111/home/62705042
6025 W Cabanne Pl,Saint Louis,63112.0,Single Family Residential,,149900,1836.0,False,81.64488017429194,4.0,3.0,1925.0,12671.0,123.0,38.659835,-90.2931431,https://www.redfin.com/MO/Saint-Louis/6025-W-Cabanne-Pl-63112/home/93728753
2618 Missouri Ave,Saint Louis,63118.0,Single Family Residential,,149900,744.0,False,201.4784946236559,1.0,1.0,1879.0,3963.0,21.0,38.6037404,-90.2202202,https://www.redfin.com/MO/Saint-Louis/2618-Missouri-Ave-63118/home/93697820
7075 Lansdowne Ave,Saint Louis,63109.0,Single Family Residential,,149900,748.0,False,200.40106951871658,2.0,1.0,1924.0,4199.0,68.0,38.5921981,-90.3154187,https://www.redfin.com/MO/Saint-Louis/7075-Lansdowne-Ave-63109/home/93774074
6540 Mccune Ave,Saint Louis,63139.0,Single Family Residential,,150000,684.0,False,219.2982456140351,2.0,1.0,1916.0,4199.0,140.0,38.6117786,-90.2995259,https://www.redfin.com/MO/Saint-Louis/6540-McCune-Ave-63139/home/93743884
1871 Madison St,Saint Louis,63106.0,Single Family Residential,,150000,800.0,False,187.5,3.0,1.0,1890.0,3001.0,73.0,38.6459456,-90.2022981,https://www.redfin.com/MO/Saint-Louis/1871-Madison-St-63106/home/93701693
3713 Ohio Ave,Saint Louis,63118.0,Townhouse,,150000,1302.0,False,115.2073732718894,2.0,1.5,1892.0,2374.0,25.0,38.5878066,-90.2292528,https://www.redfin.com/MO/Saint-Louis/3713-Ohio-Ave-63118/home/62711577
3706 Taft Ave,Saint Louis,63116.0,Single Family Residential,,153000,943.0,False,162.24814422057264,2.0,1.0,1927.0,3449.0,5.0,38.577882,-90.2500336,https://www.redfin.com/MO/Saint-Louis/3706-Taft-Ave-63116/home/93767622
3521 Michigan Ave,Saint Louis,63118.0,Single Family Residential,,154900,915.0,False,169.28961748633878,3.0,2.0,1910.0,2853.0,39.0,38.5921949,-90.2364695,https://www.redfin.com/MO/Saint-Louis/3521-Michigan-Ave-63118/home/93694997
1424 Sulphur Ave,Saint Louis,63110.0,Single Family Residential,,154950,611.0,False,253.60065466448444,1.0,1.0,1892.0,3079.0,20.0,38.6251283,-90.2873618,https://www.redfin.com/MO/Saint-Louis/1424-Sulphur-Ave-63110/home/93726235
5531 Maple Ave,Saint Louis,63112.0,Single Family Residential,,155000,980.0,False,158.16326530612244,3.0,1.5,1962.0,5270.0,82.0,38.6605069,-90.2792592,https://www.redfin.com/MO/Saint-Louis/5531-Maple-Ave-63112/home/93745118
3841 California Ave,Saint Louis,63118.0,Single Family Residential,,155000,1990.0,False,77.8894472361809,3.0,1.5,1911.0,3349.0,166.0,38.585543,-90.2320017,https://www.redfin.com/MO/Saint-Louis/3841-California-Ave-63118/home/93696062
3635 S Spring Ave,Saint Louis,63116.0,Single Family Residential,,155000,1088.0,False,142.46323529411765,2.0,1.0,1920.0,4094.0,74.0,38.5907018,-90.2483523,https://www.redfin.com/MO/Saint-Louis/3635-S-Spring-Ave-63116/home/93766356
4163 Walsh St,Saint Louis,63116.0,Single Family Residential,,159000,1200.0,False,132.5,3.0,1.0,1916.0,5248.0,300.0,38.5785666,-90.2648382,https://www.redfin.com/MO/Saint-Louis/4163-Walsh-St-63116/home/93767019
3425 Alberta,Saint Louis,63118.0,Single Family Residential,,159500,2024.0,False,78.80434782608695,4.0,1.5,1909.0,,98.0,38.5854625,-90.242076,https://www.redfin.com/MO/Saint-Louis/3425-Alberta-St-63118/home/93704837
4460 Itaska St,Saint Louis,63116.0,Single Family Residential,,159900,833.0,False,191.95678271308523,2.0,1.0,1922.0,3750.0,7.0,38.5842023,-90.2715029,https://www.redfin.com/MO/Saint-Louis/4460-Itaska-St-63116/home/93764082
4605 Ray Ave,Saint Louis,63116.0,Single Family Residential,,159900,1608.0,False,99.44029850746269,4.0,2.0,1894.0,7980.0,74.0,38.5819375,-90.2605922,https://www.redfin.com/MO/Saint-Louis/4605-Ray-Ave-63116/home/66774137
2164 Knox Ave,Saint Louis,63139.0,Single Family Residential,,159900,919.0,False,173.99347116430903,2.0,1.0,1932.0,3807.0,130.0,38.616077,-90.290158,https://www.redfin.com/MO/Saint-Louis/2164-Knox-Ave-63139/home/93761540
4338 Humphrey St,Saint Louis,63116.0,Single Family Residential,,159999,623.0,False,256.82022471910113,2.0,1.0,1892.0,2949.0,129.0,38.5995149,-90.2633901,https://www.redfin.com/MO/Saint-Louis/4338-Humphrey-St-63116/home/93751336
617 Loughborough Ave,Saint Louis,63111.0,Single Family Residential,,160000,1216.0,False,131.57894736842104,3.0,1.0,1885.0,3624.0,10.0,38.5560023,-90.2573289,https://www.redfin.com/MO/Saint-Louis/617-Loughborough-Ave-63111/home/93710520
5930 Wanda Ave,Saint Louis,63116.0,Single Family Residential,,160000,1050.0,False,152.38095238095238,2.0,1.0,1925.0,3977.0,7.0,38.5767341,-90.2721289,https://www.redfin.com/MO/Saint-Louis/5930-Wanda-Ave-63116/home/93772716
