url,address,lat,lon,ndvi_50m,ndvi_100m,ndvi_200m
https://www.redfin.com/MO/Saint-Louis/10-Portland-Pl-63108/home/93745965,10 Portland Pl,38.6466335,-90.2661303,0.6113245001758174,0.5834163682445052,0.533154271950708
https://www.redfin.com/MO/Saint-Louis/2007-Park-Ave-63104/home/93701262,2007 Park Ave,38.6177538,-90.2137285,0.30243140810140395,0.36204534512857545,0.3976335955237938
https://www.redfin.com/MO/Saint-Louis/2501-Clifton-Ave-63139/home/93743222,2501 Clifton Ave,38.615648,-90.293477,0.4822459288492505,0.5496242073088977,0.49739276402565086
https://www.redfin.com/MO/Saint-Louis/6755-Itaska-St-63109/home/93781433,6755 Itaska St,38.5857282,-90.3098812,0.5842890717280161,0.48879316112477383,0.4368162976333552
https://www.redfin.com/MO/Saint-Louis/8-Kingsbury-Pl-63112/home/93724307,8 Kingsbury Pl,38.6500351,-90.275257,0.45920215518899676,0.467990690694669,0.45930971396612186
https://www.redfin.com/MO/Saint-Louis/2817-S-Kingshighway-Blvd-63139/home/93727955,2817 S Kingshighway,38.6069586,-90.2692566,0.27797273989126964,0.37220977802028804,0.48996931191669085
https://www.redfin.com/MO/Saint-Louis/53-Portland-Pl-63108/home/93745915,53 Portland Pl,38.6481637,-90.2736689,0.45049224737289933,0.4280944654273773,0.4048809028520573
https://www.redfin.com/MO/Saint-Louis/2101-Sidney-St-63104/home/93691406,2101 Sidney St,38.6041604,-90.2189083,0.2482589100287206,0.2983582722709414,0.30148528250740575
https://www.redfin.com/MO/Saint-Louis/27-Waterman-Pl-63112/home/93724315,27 Waterman Pl,38.6492191,-90.2750768,0.46472771086147485,0.4750917147485829,0.4284445850015065
https://www.redfin.com/MO/Saint-Louis/4949-Pershing-Pl-63108/home/93724387,4949 Pershing Pl,38.6467918,-90.2630297,0.47094538212615944,0.4793092885661615,0.43336010709565875
https://www.redfin.com/MO/Saint-Louis/4700-Gravois-Ave-63116/home/93766619,4700 Gravois Ave,38.582365,-90.2653719,0.20050076787367466,0.20294311968855983,0.23189034679929657
https://www.redfin.com/MO/Saint-Louis/5095-Waterman-Blvd-63108/home/93745955,5095 Waterman Blvd,38.6487964,-90.2674665,0.39714441727563954,0.4616772179097345,0.48685813974693465
https://www.redfin.com/MO/Saint-Louis/37-Kingsbury-Pl-63112/home/93763722,37 Kingsbury Pl,38.65116,-90.2795389,0.44754327902752045,0.49534175422507143,0.4792425936390412
https://www.redfin.com/MO/Saint-Louis/6170-Colorado-Ave-63111/home/93787116,6170 Colorado Ave,38.5616991,-90.2544718,0.4242282476027888,0.48672935075646045,0.458590162941363
https://www.redfin.com/MO/Saint-Louis/7-Portland-Pl-63108/home/62731987,7 Portland Pl,38.6473201,-90.2656593,0.5857870109853863,0.5382917502398663,0.5004781952554783
https://www.redfin.com/MO/Saint-Louis/42-Westmoreland-Pl-63108/home/93745420,42 Westmoreland Pl,38.6458084,-90.2720954,0.5567978253495067,0.5332260471170642,0.5380178506597094
https://www.redfin.com/MO/Saint-Louis/1100-Dolman-St-63104/home/143286329,1100 Dolman St,38.6192219,-90.2089886,0.257441697688596,0.26223796663763127,0.275816062747431
https://www.redfin.com/MO/Saint-Louis/33-Westmoreland-Pl-63108/home/93746100,33 Westmoreland Pl,38.6463227,-90.2704175,0.6060401568504344,0.5574797534172404,0.5378226144368128
https://www.redfin.com/MO/Saint-Louis/4509-Pershing-Pl-63108/home/93724700,4509 Pershing Pl,38.64559,-90.2573101,0.5179063560430007,0.4064546694039833,0.3973707094156282
https://www.redfin.com/MO/Saint-Louis/3733-Washington-Blvd-63108/home/93701266,3733 Washington Blvd,38.6409025,-90.2342969,0.3529394489213788,0.27477311410535427,0.2012053910324382
https://www.redfin.com/MO/Saint-Louis/3726-Wyoming-St-63116/home/93700097,3726 Wyoming St,38.5992622,-90.2462399,0.2954282599882947,0.31438078886813126,0.32366807003003006
https://www.redfin.com/MO/Saint-Louis/81-Waterman-Pl-63112/home/93724343,81 Waterman Pl,38.6493831,-90.2771095,0.544825458859212,0.5126304001201787,0.46400739119024165
https://www.redfin.com/MO/Saint-Louis/5211-Ridge-Ave-63113/home/93721444,5211 Ridge,38.6630852,-90.2679223,0.5197224008159166,0.5446384207655941,0.48919221623062514
https://www.redfin.com/MO/Saint-Louis/5373-Lindell-Blvd-63112/home/93723621,5373 Lindell Blvd,38.6459573,-90.2775433,0.6448183278213448,0.6021221025542011,0.5232569574015584
https://www.redfin.com/MO/Saint-Louis/3406-Hawthorne-Blvd-63104/home/93691070,3406 Hawthorne Blvd,38.6101689,-90.2362898,0.5842245136177939,0.555050405480581,0.47078161239428773
https://www.redfin.com/MO/Saint-Louis/5257-Lindell-Blvd-63108/home/93745458,5257 Lindell Blvd,38.6451936,-90.2729065,0.558832660272864,0.5414631792188883,0.48526736433152867
https://www.redfin.com/MO/Saint-Louis/1304-S-18th-St-63104/home/93685995,1304 S 18th St,38.6174976,-90.2106735,0.2124013935517923,0.2712607774020708,0.2670164474449457
https://www.redfin.com/MO/Saint-Louis/5211-Westminster-Pl-63108/home/62725740,5211 Westminster Pl,38.6503702,-90.2705051,0.3998432078507353,0.40383030250427865,0.3889085980860091
https://www.redfin.com/MO/Saint-Louis/38-Kingsbury-Pl-63112/home/62749213,38 Kingsbury Pl,38.6504296,-90.2795815,0.4892409859692954,0.43911695525973693,0.4595733957086278
https://www.redfin.com/MO/Saint-Louis/43-Portland-Pl-63108/home/93745534,43 Portland Pl,38.6480402,-90.2720914,0.5271365765053699,0.4811916276637651,0.4546614523359794
https://www.redfin.com/MO/Saint-Louis/1611-Missouri-Ave-63104/home/93700584,1611 Missouri Ave,38.6154449,-90.2188026,0.4109830744622424,0.4558892789699343,0.45079063889969123
https://www.redfin.com/MO/Saint-Louis/11-Washington-Ter-63112/home/93766103,11 Washington Ter,38.6521104,-90.2756696,0.45853384262095426,0.45522352683103356,0.3966686170213139
https://www.redfin.com/MO/Saint-Louis/5959-W-Cabanne-Pl-63112/home/93728625,5959 W Cabanne Pl,38.6597537,-90.2919688,0.5282095609386858,0.5102938464957115,0.5162771372796353
https://www.redfin.com/MO/Saint-Louis/15-Thornby-Pl-63112/home/93723567,15 Thornby,38.6619747,-90.2872213,0.49814254354872234,0.5533723393283733,0.45821205819470623
https://www.redfin.com/MO/Saint-Louis/4549-Westminster-Pl-63108/home/93739874,4549 Westminster Pl,38.648166,-90.2570184,0.3650590237724954,0.3493519779040698,0.3128400816487199
https://www.redfin.com/MO/Saint-Louis/4330-W-Pine-Blvd-63108/home/93725149,4330 W Pine Blvd,38.6394609,-90.2523047,0.45411417606293675,0.40229761466068514,0.33064930110178664
https://www.redfin.com/MO/Saint-Louis/4327-W-Belle-Pl-63108/home/93740086,4327 W Belle,38.6505185,-90.2470828,0.502096587259639,0.45564662735706246,0.390733506165915
https://www.redfin.com/MO/Saint-Louis/3635-S-Compton-Ave-63118/home/62773758,3635 S Compton Ave,38.5900627,-90.2381172,0.3648119376664893,0.4152297009334224,0.4325800560243881
https://www.redfin.com/MO/Saint-Louis/3522-Arsenal-St-63118/home/62694250,3522 Arsenal,38.6022945,-90.2409213,0.25293748411735395,0.26781597472478347,0.28640205577769734
https://www.redfin.com/MO/Saint-Louis/5715-Chippewa-St-63109/home/93780996,5715 Chippewa St,38.5932266,-90.2897961,0.27178092814896887,0.2858253808957575,0.3138210813991022
https://www.redfin.com/MO/Saint-Louis/3810-Botanical-Ave-63110/home/93699823,3810 Botanical Ave,38.6088323,-90.2441402,0.2978504645638773,0.2892348236411382,0.31946265990121425
https://www.redfin.com/MO/Saint-Louis/3029-Saint-Vincent-Ave-63104/home/103204941,3029 Saint Vincent Ave,38.6188664,-90.2299303,0.328309223633883,0.29809951657604145,0.3473110267641756
https://www.redfin.com/MO/Saint-Louis/4468-Maryland-Ave-63108/home/93724880,4468 Maryland Ave,38.6433851,-90.2563015,0.41080058725604485,0.3515232378682716,0.33086917909636016
https://www.redfin.com/MO/Saint-Louis/5076-Westminster-Pl-63108/home/93746017,5076 Westminster Pl,38.6494678,-90.2667756,0.5529463502138692,0.5185821057935999,0.475021929381814
https://www.redfin.com/MO/Saint-Louis/2331-Albion-Pl-63104/home/93700534,2331 Albion Pl,38.6170632,-90.2193544,0.3618606826696677,0.3369235850723758,0.3955556288549148
https://www.redfin.com/MO/Saint-Louis/5519-Bartmer-Ave-63112/home/93722354,5519 Bartmer Ave,38.662346,-90.2773178,0.524489423122555,0.4748959629239314,0.4602060619130953
https://www.redfin.com/MO/Saint-Louis/6145-Lindell-Blvd-63112/home/93763512,6145 Lindell Blvd,38.6478744,-90.2986716,0.5126371591259328,0.5494326930055459,0.5494774249178948
https://www.redfin.com/MO/Saint-Louis/4220-Botanical-Ave-63110/home/78372176,4220 Botanical Ave,38.6098843,-90.2555066,0.2823041715304561,0.32658046184678863,0.3570423666340723
https://www.redfin.com/MO/Saint-Louis/2822-Victor-St-63104/home/93699935,2822 Victor St,38.6071809,-90.228155,0.3508618673491588,0.33144138243064997,0.3287396369473802
https://www.redfin.com/MO/Saint-Louis/5103-Waterman-Blvd-63108/home/93745953,5103 Waterman Blvd,38.6488855,-90.2678089,0.4542486080583312,0.4528081821927496,0.471616698123779
https://www.redfin.com/MO/Saint-Louis/2107-Park-Ave-63104/home/93701253,2107 Park Ave,38.6180303,-90.2157599,0.425261055797765,0.4895216430761813,0.5140211280434925
https://www.redfin.com/MO/Saint-Louis/3630-Flad-Ave-63110/home/93700186,3630 Flad Ave,38.6112491,-90.2417094,0.3897923974208728,0.34373386006573997,0.37520549231680816
https://www.redfin.com/MO/Saint-Louis/2112-S-11th-St-63104/home/62775653,2112 S 11th St,38.6068828,-90.2086918,0.2862194140336939,0.24108599665129707,0.23138410308220958
https://www.redfin.com/MO/Saint-Louis/5225-Lindell-Blvd-63108/home/93745428,5225 Lindell Blvd,38.6450408,-90.2718563,0.49250531157447863,0.5474341180027212,0.5424444578673622
https://www.redfin.com/MO/Saint-Louis/4251-Connecticut-St-63116/home/93729851,4251 Connecticut St,38.6017153,-90.2601685,0.3655187630944001,0.3595177933932742,0.32717059186743613
https://www.redfin.com/MO/Saint-Louis/3964-Arsenal-St-63116/home/93749655,3964 Arsenal St,38.6035247,-90.251906,0.538491403037868,0.5277208020011669,0.5403307258248863
https://www.redfin.com/MO/Saint-Louis/5277-Lindell-Blvd-63108/home/93745464,5277 Lindell Blvd,38.6452756,-90.2735825,0.5252438052209163,0.4700094227313645,0.45443721515383156
https://www.redfin.com/MO/Saint-Louis/5501-Cates-Ave-63112/home/143291150,5501 Cates Ave,38.6571895,-90.2786965,0.509508126955293,0.5689071006793053,0.5178301653809309
https://www.redfin.com/MO/Saint-Louis/2241-Hickory-St-63104/home/181866125,2241 Hickory,38.620107,-90.216923,0.1760467440256121,0.19079428625349512,0.2526793361531539
https://www.redfin.com/MO/Saint-Louis/2305-Saint-Louis-Ave-63106/home/62766774,2305 Saint Louis Ave,38.6525214,-90.2073725,0.47422310271451645,0.4096103249695418,0.36272629314250526
https://www.redfin.com/MO/Saint-Louis/8-Hortense-Pl-63108/home/93724401,8 Hortense Pl,38.6474882,-90.2626277,0.6149050473774111,0.49456783294724577,0.4112540008558091
https://www.redfin.com/MO/Saint-Louis/4101-W-Pine-Blvd-63108/unit-4/home/169424934,4101 W Pine Blvd #4,38.6389383,-90.2466334,0.3318642363511328,0.29813963637419255,0.2418674530882343
https://www.redfin.com/MO/Saint-Louis/3023-Bailey-Ave-63107/home/93698431,3023 Bailey,38.6626637,-90.213017,0.3412475435287768,0.39020170052838044,0.41223518477278714
https://www.redfin.com/MO/Saint-Louis/4506-Pershing-Pl-63108/home/93724627,4506 Pershing Pl,38.64514,-90.257392,0.38214722838887916,0.44114304023951945,0.4027771508663162
https://www.redfin.com/MO/Saint-Louis/3801-Hartford-St-63116/home/93728270,3801 Hartford St,38.6024249,-90.2463647,0.42725978878517534,0.41834921179262613,0.4673841853510407
https://www.redfin.com/MO/Saint-Louis/1000-Russell-Blvd-63104/home/93686257,1000 Russell,38.6067266,-90.2067801,0.22124626662303687,0.23277640859222623,0.2752396628674575
https://www.redfin.com/MO/Saint-Louis/4552-Westminster-Pl-63108/home/93739869,4552 Westminster Pl,38.6478112,-90.2574848,0.3975547947881692,0.3850828282645504,0.3189467001120838
https://www.redfin.com/MO/Saint-Louis/11-Lenox-Pl-63108/home/93754474,11 Lenox Pl,38.6469724,-90.2594057,0.37634752919216263,0.41411913248799037,0.4031421645027931
https://www.redfin.com/MO/Saint-Louis/3-Beverly-Pl-63112/home/93753998,3 Beverly Pl,38.6537786,-90.2777868,0.3767939162000037,0.31476001830485484,0.30789410383562543
https://www.redfin.com/MO/Saint-Louis/6966-Sutherland-Ave-63109/home/93774076,6966 Sutherland Ave,38.5921443,-90.3121908,0.4097161982885845,0.3919735202670029,0.3990304693576858
https://www.redfin.com/MO/Saint-Louis/46-Kingsbury-Pl-63112/home/62768129,46 Kingsbury Pl,38.6504986,-90.2805116,0.48922437046201755,0.4823880263935689,0.45111573259102933
https://www.redfin.com/MO/Saint-Louis/5280-Westminster-Pl-63108/home/93745880,5280 Westminster Pl,38.6500897,-90.2729511,0.4601730012418049,0.36683416977883004,0.40271897395732587
https://www.redfin.com/MO/Saint-Louis/1833-S-8th-St-63104/home/93685148,1833 S 8th,38.6086012,-90.2033541,0.3055948879379879,0.26421039461798873,0.21962010211984612
https://www.redfin.com/MO/Saint-Louis/1401-Missouri-Ave-63104/home/93700547,1401 Missouri Ave,38.6178186,-90.2182251,0.38388185796133556,0.46338693404562464,0.43139249957129194
https://www.redfin.com/MO/Saint-Louis/4350-McPherson-Ave-63108/home/93725552,4350 Mcpherson Ave,38.6439689,-90.2515713,0.507287932380319,0.47579260461236783,0.41792621136584146
https://www.redfin.com/MO/Saint-Louis/1424-Mississippi-Ave-63104/home/93697505,1424 Mississippi Ave,38.6166386,-90.213289,0.2746514577472734,0.31075514263437143,0.3680834978625524
https://www.redfin.com/MO/Saint-Louis/4616-McPherson-Ave-63108/home/65207091,4616 Mcpherson Ave,38.6472287,-90.2588461,0.3499109049970042,0.3756934303431907,0.3911658762190615
https://www.redfin.com/MO/Saint-Louis/3614-California-Ave-63118/home/93696248,3614 California Ave,38.5897388,-90.2306256,0.3613570474509495,0.39169584837705895,0.3792976184355906
https://www.redfin.com/MO/Saint-Louis/4318-Laclede-Ave-63108/home/93725206,4318 Laclede Ave,38.6380067,-90.2523677,0.34864374717133534,0.3214792177492067,0.3088099801918374
https://www.redfin.com/MO/Saint-Louis/3801-Utah-Pl-63116/home/93682376,3801 Utah Pl,38.597887,-90.247093,0.3532132752755823,0.400069487591928,0.3816454520503868
https://www.redfin.com/MO/St-Louis/3209-Shenandoah-Ave-63104/home/198866717,3209 Shenandoah Ave,38.6092435,-90.2343096,0.3944026165333576,0.39017118995493083,0.4426683274772329
https://www.redfin.com/MO/Saint-Louis/4254-Arsenal-St-63116/home/93750753,4254 Arsenal St,38.6042512,-90.2599638,0.41533558788328145,0.45467825038595894,0.47644583712041644
https://www.redfin.com/MO/Saint-Louis/2712-S-Compton-Ave-63118/home/93692010,2712 S Compton Ave,38.6059116,-90.2342215,0.33946427795560186,0.3316782778472272,0.3096777818430135
https://www.redfin.com/MO/Saint-Louis/5105-Cabanne-Ave-63113/home/93752273,5105 Cabanne Ave,38.6567262,-90.2666319,0.3759323474091556,0.40455574060448024,0.4358430143134942
https://www.redfin.com/MO/Saint-Louis/2319-Whittemore-Pl-63104/home/93700522,2319 Whittemore Pl,38.6160877,-90.2190927,0.29985791212895074,0.4003417855793321,0.4241733228120586
https://www.redfin.com/MO/Saint-Louis/2625-Ohio-Ave-63118/home/178428436,2625 Ohio Ave,38.6051325,-90.225518,0.260102219719112,0.20806901807536143,0.2095471319263276
https://www.redfin.com/MO/Saint-Louis/5245-Washington-Pl-63108/home/93749456,5245 Washington Pl,38.6515419,-90.2714291,0.35634324294612013,0.2956630232330197,0.292721009943352
https://www.redfin.com/MO/Saint-Louis/3524-Victor-St-63104/home/93692412,3524 Victor St,38.608595,-90.2396655,0.41654140140476875,0.3713608792280346,0.30426831781530417
https://www.redfin.com/MO/Saint-Louis/2317-Park-Ave-63104/home/93701057,2317 Park Ave,38.6184063,-90.2185839,0.4516984843475806,0.37073146746040864,0.3799857780985552
https://www.redfin.com/MO/St-Louis/2147-College-Ave-63107/home/194354353,2147 E College Ave,38.6742547,-90.2158624,0.4331904735144911,0.49975607144209927,0.48524540657868737
https://www.redfin.com/MO/Saint-Louis/4467-McPherson-Ave-63108/home/93740227,4467 Mcpherson Ave,38.64628,-90.2552965,0.4478098473292346,0.38765224528523634,0.3378015351983411
https://www.redfin.com/MO/Saint-Louis/30-Portland-Pl-63108/home/93745960,30 Portland Pl,38.6470138,-90.2696284,0.5825079903894236,0.5282441934358041,0.5110523921475607
https://www.redfin.com/MO/Saint-Louis/32-Washington-Ter-63112/home/93763739,32 Washington Ter,38.651855,-90.2792711,0.591652012473032,0.4908091176062416,0.45246245501854443
https://www.redfin.com/MO/Saint-Louis/2912-Iowa-Ave-63118/home/143288513,2912 Iowa Ave,38.6011056,-90.2270427,0.40768546726312166,0.37007708895358665,0.3457143090871276
https://www.redfin.com/MO/Saint-Louis/4448-Maryland-Ave-63108/home/62754057,4448 Maryland Ave,38.643222,-90.2556237,0.35352691583771706,0.3410906859019206,0.33735602946745846
https://www.redfin.com/MO/Saint-Louis/3536-Victor-St-63104/home/93692413,3536 Victor St,38.6086402,-90.2400932,0.3857186998296929,0.32852917947160587,0.29133789305910557
https://www.redfin.com/MO/Saint-Louis/3859-Flora-Pl-63110/home/109920094,3859 Flora Pl,38.6131216,-90.2451612,0.5031895524524002,0.4812519681775193,0.41348373855366394
https://www.redfin.com/MO/Saint-Louis/4312-Washington-Blvd-63108/home/93683779,4312 Washington Blvd,38.6468619,-90.2492798,0.44482527238686104,0.3911836033409692,0.35879226659211033
https://www.redfin.com/MO/Saint-Louis/5231-Westminster-Pl-63108/home/62725318,5231 Westminster Pl,38.6504467,-90.2711869,0.4513862935653617,0.42340045197534726,0.3784529981517968
https://www.redfin.com/MO/Saint-Louis/5901-Highfield-Rd-63109/home/93782887,5901 Highfield Rd,38.5792123,-90.3021037,0.49390878956936735,0.5167633356015867,0.5263846900527155
https://www.redfin.com/MO/Saint-Louis/3634-Flad-Ave-63110/home/93700189,3634 Flad Ave,38.6112932,-90.2418922,0.4041511577209997,0.3646292495116752,0.3799681342938792
https://www.redfin.com/MO/Saint-Louis/4167-Enright-Ave-63108/home/93745176,4167 Enright Ave,38.6475013,-90.2437585,0.43985052587516116,0.4084518766639864,0.43013876840471976
https://www.redfin.com/MO/Saint-Louis/2118-Lafayette-Ave-63104/home/62739077,2118 Lafayette Ave,38.6140427,-90.2173769,0.44359280954450697,0.5229008201553211,0.4693196205123016
https://www.redfin.com/MO/Saint-Louis/4550-Pershing-Pl-63108/home/93724616,4550 Pershing Pl,38.6453149,-90.258918,0.46038558952998915,0.4806289310674159,0.43296999624611465
https://www.redfin.com/MO/Saint-Louis/2656-January-Ave-63139/home/84307902,2656 January Ave,38.610165,-90.2833439,0.27161766098628404,0.3247331776180443,0.36808597876062765
https://www.redfin.com/MO/Saint-Louis/3846-Flad-Ave-63110/home/93700319,3846 Flad Ave,38.6115551,-90.2450336,0.29718309447463925,0.3308004101689276,0.3742332482683603
https://www.redfin.com/MO/Saint-Louis/4137-McDonald-Ave-63116/home/93728835,4137 Mcdonald Ave,38.5978281,-90.2573505,0.43044873374785075,0.4270315337354909,0.40439058303525577
https://www.redfin.com/MO/St-Louis/4101-W-Pine-Blvd-63108/unit-1-Benton/home/167145579,4101 West Pine Blvd Unit 1 - Benton,38.638865,-90.246407,0.27615568636544585,0.28936715843620747,0.23071018142462812
https://www.redfin.com/MO/St-Louis/215-N-Sarah-St-63108/unit-10-Monet/home/184905662,215 N Sarah St Unit 10 - Monet,38.6391045,-90.2463703,0.182952228743857,0.25556643251398997,0.2233744633743685
https://www.redfin.com/MO/Saint-Louis/53-Westmoreland-Pl-63108/home/93745453,53 Westmoreland Pl,38.6467741,-90.2740563,0.33270689087447447,0.3411240100322684,0.39384975375232417
https://www.redfin.com/MO/Saint-Louis/2404-S-11th-St-63104/home/93686741,2404 S 11th St,38.6034499,-90.2102614,0.35803459509848157,0.2961693808797465,0.3120012632716354
https://www.redfin.com/MO/St-Louis/1027-Lami-St-63104/home/195978952,1027 Lami,38.6044751,-90.2086977,0.3498835620016579,0.3227321174024741,0.33262218031313096
https://www.redfin.com/MO/Saint-Louis/5847-Holly-Hills-Ave-63109/home/93777677,5847 Holly Hills Ave,38.578504,-90.29622,0.4580343572967047,0.45445039307340657,0.4619123462192064
https://www.redfin.com/MO/Saint-Louis/1010-Russell-Blvd-63104/home/93686253,1010 Russell Blvd,38.606842,-90.2071118,0.17943347349498284,0.23526952997174932,0.26552098277387054
https://www.redfin.com/MO/Saint-Louis/2819-Lafayette-Ave-63104/home/93700511,2819 Lafayette Ave,38.6156874,-90.2263409,0.2897372952609381,0.2928536471197733,0.31014333222161383
https://www.redfin.com/MO/Saint-Louis/4050-Shreve-Ave-63115/home/93733577,4050 Shreve Ave,38.677347,-90.242827,0.2993744558999256,0.31961254583380727,0.3340312504931565
https://www.redfin.com/MO/Saint-Louis/4009-Burgen-Ave-63116/home/93771883,4009 Burgen Ave,38.5724446,-90.2639592,0.4069804553467664,0.41002537264072486,0.41853029533310027
https://www.redfin.com/MO/Saint-Louis/5307-Shaw-Ave-63110/home/93726501,5307 Shaw Ave,38.6183755,-90.2749034,0.19291035190458689,0.20920808953706332,0.2514560220918877
https://www.redfin.com/MO/Saint-Louis/4365-Forest-Park-Ave-63108/home/62735044,4365 Forest Park Ave,38.6376941,-90.2541295,0.4059201540732505,0.37689687640274083,0.2947906468340681
https://www.redfin.com/MO/Saint-Louis/1010-Allen-Ave-63104/home/169424102,1008-1010 Allen Ave,38.6077519,-90.2066069,0.2522055010302678,0.22471257382371002,0.24943537040020208
https://www.redfin.com/MO/Saint-Louis/3137-Parc-Ridge-Ln-63139/home/93674343,3137 Parc Ridge Ln,38.6053341,-90.2847496,0.3527167834347616,0.3591616895182951,0.3919370523099086
https://www.redfin.com/MO/Saint-Louis/2848-McNair-Ave-63118/home/93691569,2848 Mcnair Ave,38.6007387,-90.220218,0.34424408722414024,0.3521524194705145,0.36129101115768114
https://www.redfin.com/MO/Saint-Louis/3507-McKean-Ave-63118/home/93693020,3507 Mckean Ave,38.5964509,-90.2415156,0.28401305176809766,0.25026573684178355,0.23043220382553117
https://www.redfin.com/MO/Saint-Louis/5099-Waterman-Blvd-63108/home/93745954,5099 Waterman Blvd,38.6488478,-90.2676157,0.40964162542626276,0.4574335017550673,0.48103794621517304
https://www.redfin.com/MO/Saint-Louis/8-Lewis-Pl-63113/home/62716012,8 Lewis Pl,38.6537586,-90.251828,0.477157749630129,0.409196486747785,0.34902367535327417
https://www.redfin.com/MO/Saint-Louis/2342-Albion-Pl-63104/home/70078076,2342 Albion Pl,38.616743,-90.2199413,0.2957344981955617,0.3126999036688584,0.3314177677563402
https://www.redfin.com/MO/Saint-Louis/1723-Waverly-Pl-63104/home/93690358,1723 Waverly Pl,38.6135268,-90.2171112,0.524176371471886,0.4124082233170549,0.45090633651865897
https://www.redfin.com/MO/Saint-Louis/2613-S-11th-St-63118/home/93686370,2613 S 11th St,38.6014517,-90.2115458,0.2035851295041536,0.26476641291526287,0.27394569633215743
https://www.redfin.com/MO/Saint-Louis/2714-S-Jefferson-Ave-63118/home/93697448,2714 S Jefferson Ave,38.6036525,-90.2229914,0.30036254260174705,0.27254157292078524,0.2742381176203693
https://www.redfin.com/MO/Saint-Louis/5156-Maple-Ave-63113/home/93752434,5156 Maple Ave,38.6592523,-90.2679645,0.47119635626988143,0.4667933775527067,0.4250661050640718
https://www.redfin.com/MO/Saint-Louis/210-Woodbourne-Dr-63105/home/93771918,210 Woodbourne,38.6433148,-90.3032549,0.5148499670309843,0.47460281455716286,0.49856540644316427
https://www.redfin.com/MO/Saint-Louis/6025-Lindell-Blvd-63112/home/93763504,6025 Lindell Blvd,38.647563,-90.295524,0.5581068243184669,0.5719612744915111,0.5626632194057297
https://www.redfin.com/MO/Saint-Louis/3501-Victor-St-63104/home/62702344,3501 Victor St,38.6089466,-90.2388283,0.33564781336178456,0.33053732723762563,0.3388949701423719
https://www.redfin.com/MO/Saint-Louis/3904-Botanical-Ave-63110/home/62693530,3904 Botanical Ave,38.6090864,-90.246525,0.27376627168310697,0.2565056174163211,0.3160325292306216
https://www.redfin.com/MO/Saint-Louis/3802-Olive-St-63108/unit-12/home/176875148,3802 Olive St,38.6402372,-90.2376803,0.12970606182267205,0.25026907671239584,0.1952487664178268
https://www.redfin.com/MO/Saint-Louis/8460-Lowell-St-63147/home/93776011,8460 Lowell St,38.7175414,-90.2278014,0.5536032939163307,0.473505997384597,0.36825156960126415
https://www.redfin.com/MO/Saint-Louis/5335-Botanical-Ave-63110/home/93768175,5335 Botanical Ave,38.6126815,-90.2771143,0.2710157825484902,0.2935421199374313,0.3008489350990068
https://www.redfin.com/MO/Saint-Louis/6141-McPherson-Ave-63112/home/93760398,6141 Mcpherson Ave,38.6518548,-90.2981341,0.460862731130539,0.45438926975450816,0.39168665707752226
https://www.redfin.com/MO/Saint-Louis/2703-Keokuk-St-63118/home/93696285,2703 Keokuk St,38.5848638,-90.2297353,0.38633521137727417,0.3936203489469387,0.3361269304179029
https://www.redfin.com/MO/Saint-Louis/2704-Utah-St-63118/home/93693846,2704 Utah,38.5952267,-90.2276488,0.27227887436928855,0.31285670649634795,0.2837909959416912
https://www.redfin.com/MO/Saint-Louis/3448-Longfellow-Blvd-63104/home/93748649,3448 Longfellow Blvd,38.6113651,-90.2374754,0.5057245111554656,0.5105912378992695,0.520666174027224
https://www.redfin.com/MO/Saint-Louis/4668-Pershing-Pl-63108/home/93724629,4668 Pershing,38.6458091,-90.2611535,0.364614053192984,0.3425192141890908,0.37770834037676176
https://www.redfin.com/MO/Saint-Louis/1216-S-Boyle-Ave-63110/home/93726645,1216 S Boyle Ave,38.6259425,-90.2535939,0.2846109394696056,0.28341774913755724,0.2554757647535975
https://www.redfin.com/MO/Saint-Louis/3809-Cleveland-Ave-63110/home/93700310,3809 Cleveland Ave,38.6109581,-90.2437256,0.4250978934792614,0.3969941939091721,0.3785621045834558
https://www.redfin.com/MO/Saint-Louis/22-Benton-Pl-63104/home/93701242,22 Benton Pl,38.6188426,-90.2147566,0.45321849702150807,0.4432440106350551,0.3654780648876387
https://www.redfin.com/MO/Saint-Louis/3670-Flora-Pl-63110/home/93700277,3670 Flora Pl,38.6122819,-90.2429526,0.49416982939204546,0.4868229154735996,0.43192626222926683
https://www.redfin.com/MO/Saint-Louis/4416-Westminster-Pl-63108/home/93740238,4416 Westminster Pl,38.6460483,-90.2534483,0.4631302158925114,0.40629964425652243,0.3486031102613882
https://www.redfin.com/MO/Saint-Louis/919-S-Skinker-Blvd-63105/home/93787385,919 S Skinker Blvd S,38.634808,-90.3043814,0.44591610521919534,0.46370508318233605,0.47390644419646466
https://www.redfin.com/MO/Saint-Louis/4660-Pershing-Pl-63108/home/62716690,4660 Pershing Pl,38.6457629,-90.2608562,0.4433866341521734,0.354287919464084,0.37977616386109564
https://www.redfin.com/MO/Saint-Louis/3217-Lafayette-Ave-63104/unit-3217/home/62745668,3217 Lafayette Ave,38.6164961,-90.2329991,0.3001940606999028,0.3603138518276358,0.384744932559481
https://www.redfin.com/MO/Saint-Louis/3530-Magnolia-Ave-63118/home/93692362,3530 Magnolia Ave,38.6059275,-90.2404742,0.2829411143722828,0.2945415972583684,0.37263755736235116
https://www.redfin.com/MO/St-Louis/4101-W-Pine-Blvd-63108/unit-3-Picasso/home/167145581,4101 West Pine Blvd Unit 3 - Picasso,38.638865,-90.246407,0.27615568636544585,0.28936715843620747,0.23071018142462812
https://www.redfin.com/MO/Saint-Louis/3306-S-9th-St-63118/home/109007348,3306 S 9th St,38.5935935,-90.2142998,0.3568470834890023,0.29445088797705693,0.2776604234475375
https://www.redfin.com/MO/Saint-Louis/4925-Pershing-Pl-63108/home/93724384,4925 Pershing Pl,38.6466055,-90.2621612,0.42326100528417926,0.4483945245892082,0.416602015028687
https://www.redfin.com/MO/Saint-Louis/805-Allen-Ave-63104/home/93685716,805 Allen Ave,38.6073723,-90.2039597,0.20176048117023454,0.1946660484298883,0.20945210300087996
https://www.redfin.com/MO/Saint-Louis/2336-Macklind-Ave-63110/home/93768176,2336 Macklind Ave,38.6126424,-90.2777465,0.30742233759678494,0.3094004955963918,0.3094858945074957
https://www.redfin.com/MO/Saint-Louis/2910-Milton-Blvd-63104/home/93691197,2910 Milton Blvd,38.6091591,-90.2296144,0.5158353610650709,0.4149162746367346,0.4191806243209955
https://www.redfin.com/MO/Saint-Louis/4246-Cleveland-Ave-63110/home/93746803,4246 Cleveland Ave,38.6117125,-90.2561148,0.3365612974045647,0.34951484307118347,0.37979755424466294
https://www.redfin.com/MO/Saint-Louis/4136-W-Pine-Blvd-63108/home/93725498,4136 W Pine Blvd,38.6385387,-90.2477038,0.5472497898213892,0.4845058623386307,0.29731228766955936
https://www.redfin.com/MO/Saint-Louis/2012-Saint-Louis-Ave-63106/home/93688191,2012 Saint Louis Ave,38.6511004,-90.2035028,0.3935943162473172,0.4399185928854663,0.4699602610141204
https://www.redfin.com/MO/Saint-Louis/4349-Washington-Blvd-63108/home/103203274,4349 Washington Blvd,38.6477854,-90.2499307,0.39317995498895203,0.3968025350253775,0.3810817934000143
https://www.redfin.com/MO/Saint-Louis/6317-Mardel-Ave-63109/home/62721277,6317 Mardel Ave,38.5956632,-90.2972504,0.3473087499257163,0.3442166515092925,0.33073998936503785
https://www.redfin.com/MO/Saint-Louis/4363-McPherson-Ave-63108/home/93740332,4363 Mcpherson Ave,38.6446031,-90.2515368,0.47883555812726253,0.4934807515547448,0.4217205771055314
https://www.redfin.com/MO/Saint-Louis/1-Lenox-Pl-63108/home/93754478,1 Lenox Pl,38.6467353,-90.2587475,0.398307841242474,0.4154198376537845,0.41083502513744924
https://www.redfin.com/MO/Saint-Louis/1202-Sidney-St-63104/home/62757286,1202 Sidney St,38.6019927,-90.2124931,0.27021088860510906,0.2790536747232873,0.29609563611995393
https://www.redfin.com/MO/Saint-Louis/3235-S-Jefferson-Ave-63118/home/93694229,3235 S Jefferson Ave,38.5958688,-90.2252906,0.4008748999325834,0.2979984970994508,0.3294985129183235
https://www.redfin.com/MO/Saint-Louis/6142-Kingsbury-Ave-63112/home/93760370,6142 Kingsbury Ave,38.6523517,-90.29805,0.45108679436083426,0.4685997258477721,0.4183125465522488
https://www.redfin.com/MO/Saint-Louis/6151-Westminster-Pl-63112/home/93760453,6151 Westminster Pl,38.6537145,-90.2981909,0.461644707657551,0.45996839107904447,0.3756024736985691
https://www.redfin.com/MO/Saint-Louis/1727-Lafayette-Ave-63104/home/161387920,1727 Lafayette Ave,38.6138738,-90.211637,0.21021382940437486,0.27037066080074773,0.3237609491182304
https://www.redfin.com/MO/Saint-Louis/4013-Castleman-Ave-63110/home/93747130,4013 Castleman Ave,38.6152768,-90.2486431,0.2564795797180942,0.2965587691920916,0.3476687506461219
https://www.redfin.com/MO/Saint-Louis/3830-Olive-St-63108/home/176875144,3830 Olive St,38.6404951,-90.2383792,0.147322877156491,0.24003008402783058,0.21216386992887654
https://www.redfin.com/MO/Saint-Louis/3407-Hartford-St-63118/home/93692818,3407 Hartford St,38.6015064,-90.2381959,0.3527474936957547,0.3760384897845659,0.33819845376488905
https://www.redfin.com/MO/Saint-Louis/3500-Humphrey-St-63118/home/93693329,3500 Humphrey St,38.5977951,-90.2410975,0.2699077015345638,0.26960732700052964,0.2632859994626327
https://www.redfin.com/MO/Saint-Louis/3500-Halliday-Ave-63118/home/93692424,3500 Halliday,38.6048729,-90.2396472,0.3878697471628574,0.3778426160447377,0.35853131137613425
https://www.redfin.com/MO/Saint-Louis/6364-Murdoch-Ave-63109/home/93780200,6364 Murdoch Ave,38.5882516,-90.2998601,0.37637210561270174,0.34797588755185244,0.4328276797066202
https://www.redfin.com/MO/Saint-Louis/121-W-Steins-St-63111/home/103203734,121 W Steins St,38.5479412,-90.2585075,0.291505652850631,0.3119175090589849,0.2991888703033095
https://www.redfin.com/MO/Saint-Louis/6377-Murdoch-Ave-63109/home/93780202,6377 Murdoch Ave,38.5887445,-90.3001711,0.4147685392459063,0.4189450239849804,0.42514769042929296
https://www.redfin.com/MO/Saint-Louis/3145-Hawthorne-Blvd-63104/home/93691043,3145 Hawthorne Blvd,38.6102156,-90.2330775,0.6203713709547373,0.5646490182629359,0.5096871274147898
https://www.redfin.com/MO/Saint-Louis/14-Aberdeen-Pl-63105/home/93766508,14 Aberdeen Pl,38.6404226,-90.3046082,0.501468791966462,0.49602746235315187,0.4882556121592384
https://www.redfin.com/MO/Saint-Louis/3854-Shenandoah-Ave-63110/home/143286604,3854 Shenandoah Ave,38.6098563,-90.2455647,0.2271429834138188,0.24365169667738354,0.28926846712455334
https://www.redfin.com/MO/Saint-Louis/6-Arundel-Pl-63105/home/93769341,6 Arundel Pl,38.6392756,-90.3040267,0.4906253374780209,0.41585532710493844,0.4398038920000311
https://www.redfin.com/MO/Saint-Louis/4270-Delmar-Blvd-63108/home/103203752,4270 Delmar,38.6474994,-90.2479092,0.2835956379155493,0.3337068024302506,0.38996165178346015
https://www.redfin.com/MO/Saint-Louis/1224-S-9th-St-63104/home/93685451,1224 S 9th,38.6150819,-90.1986839,0.2936453286156465,0.27926877473339407,0.264143055996755
https://www.redfin.com/MO/Saint-Louis/2115-Arsenal-St-63118/home/93699049,2115 Arsenal St,38.5984009,-90.2215777,0.39399182636016084,0.4201546175554617,0.4447183649470769
https://www.redfin.com/MO/Saint-Louis/3125-Russell-Blvd-63104/home/93690016,3125 Russell Blvd,38.6126564,-90.2315327,0.4857873797430653,0.5192220170676889,0.4966426287099152
https://www.redfin.com/MO/Saint-Louis/3710-Utah-Pl-63116/home/93699899,3710 Utah Pl,38.597066,-90.245947,0.5351222811931492,0.46979568313296766,0.4051444238881222
https://www.redfin.com/MO/Saint-Louis/2326-Albion-Pl-63104/home/70101019,2326 Albion Pl,38.6166543,-90.2192949,0.29704329980292693,0.3537678661662372,0.40472044529008777
https://www.redfin.com/MO/Saint-Louis/5492-Pernod-Ave-63139/home/80168569,5492 Pernod Ave,38.5957249,-90.2851576,0.3480556661976856,0.35409023786530214,0.3803700489031515
https://www.redfin.com/MO/Saint-Louis/4617-Westminster-Pl-63108/home/93739880,4617 Westminster Pl,38.6484899,-90.2577775,0.42225875159936266,0.38622072950201064,0.32113354823015455
https://www.redfin.com/MO/Saint-Louis/6154-Kingsbury-Ave-63112/home/66186996,6154 Kingsbury Ave,38.652393,-90.2984829,0.4758056702002561,0.4662411382338764,0.4227623842729869
https://www.redfin.com/MO/Saint-Louis/5715-Walsh-St-63109/home/93768210,5715 Walsh St,38.5833955,-90.2914866,0.4191854343298685,0.3782179170918665,0.3482239000540191
https://www.redfin.com/MO/Saint-Louis/2628-Lafayette-Ave-63104/home/109314191,2628 Lafayette Ave,38.6145122,-90.2223089,0.28415151877140576,0.24046023999249802,0.23500769162838345
https://www.redfin.com/MO/Saint-Louis/2037-Geyer-Ave-63104/home/93690315,2037 Geyer Ave,38.6118347,-90.2159619,0.4943602221965295,0.38310325926936434,0.34938787281930217
https://www.redfin.com/MO/Saint-Louis/4101-W-Pine-Blvd-63108/unit-5/home/188992885,4101 W Pine Blvd #5,38.6390223,-90.2462712,0.17512878929970022,0.2564820763988125,0.220877598484209
https://www.redfin.com/MO/Saint-Louis/5072-Cates-Ave-63108/home/85688089,5072 Cates Ave,38.6551587,-90.2656752,0.514452289654406,0.48924660845169726,0.46791839541846675
https://www.redfin.com/MO/Saint-Louis/3451-Halliday-Ave-63118/home/93692530,3451 Halliday Ave,38.6052388,-90.2389492,0.39235145322085474,0.3738380719667122,0.3556436617732906
https://www.redfin.com/MO/Saint-Louis/3656-Russell-Blvd-63110/unit-B/home/93680520,3656 Russell Unit B,38.6134079,-90.2422581,0.32933050061996444,0.39009118130085435,0.40593468233988705
https://www.redfin.com/MO/Saint-Louis/1-Arundel-Pl-63105/home/93766512,1 Arundel Pl,38.6397347,-90.303504,0.453114547335781,0.4956325078024899,0.5150332333589519
https://www.redfin.com/MO/Saint-Louis/5893-Nina-Pl-63112/home/62721241,5893 Nina Pl,38.651699,-90.2922186,0.3556706965022969,0.38493584052115903,0.37228959138450357
https://www.redfin.com/MO/Saint-Louis/4352-Westminster-Pl-63108/home/93740318,4352 Westminster Pl,38.64495,-90.2509327,0.5098779172902719,0.44549614634721757,0.41396482468597184
https://www.redfin.com/MO/Saint-Louis/3522-Crittenden-St-63118/home/93692725,3522 Crittenden St,38.6032007,-90.2407306,0.5626023006785379,0.42500952606451076,0.33831506289473784
https://www.redfin.com/MO/Saint-Louis/1317-Shenandoah-Ave-63104/home/93686294,1317 Shenandoah Ave,38.6065338,-90.2123975,0.2602405979910357,0.28052762122156616,0.2833757439838123
https://www.redfin.com/MO/Saint-Louis/4263-Maryland-Ave-63108/home/109925963,4263 Maryland Ave,38.6422107,-90.2499947,0.2522381925478909,0.26851873529560205,0.2917631400351777
https://www.redfin.com/MO/Saint-Louis/6075-W-Cabanne-Pl-63112/home/93746082,6075 W Cabanne Pl,38.6600559,-90.2950403,0.44833785416815486,0.44168192756488256,0.39192946798501893
https://www.redfin.com/MO/Saint-Louis/2224-S-11th-St-63104/home/93686396,2224 S 11th St,38.6057248,-90.209229,0.3187509812292226,0.3120010221621477,0.2737427431258706
https://www.redfin.com/MO/Saint-Louis/2819-S-Kingshighway-Blvd-63139/home/93727935,2819 S Kingshighway Blvd,38.6068886,-90.2692624,0.28106197035735364,0.37509249637635944,0.4877988605880276
https://www.redfin.com/MO/Saint-Louis/7406-Virginia-Ave-63111/home/93710763,7406 Virginia Ave,38.5511007,-90.2601789,0.43411178139026224,0.35325633704096016,0.32999920960997914
https://www.redfin.com/MO/Saint-Louis/5112-Cabanne-Ave-63113/home/93744797,5112 Cabanne Ave,38.656357,-90.2669756,0.4412689316482018,0.45017868922201,0.44753779715710623
https://www.redfin.com/MO/Saint-Louis/6240-McPherson-Ave-63130/home/93760188,6240 Mcpherson Ave,38.6519614,-90.3018363,0.4861461241271888,0.5403287663671495,0.5160319298435265
https://www.redfin.com/MO/Saint-Louis/5872-Cabanne-Ave-63112/home/93723926,5872 Cabanne Ave,38.6588071,-90.2887558,0.4755322747317016,0.417736765310696,0.4255503628947113
https://www.redfin.com/MO/Saint-Louis/6202-Westminster-Pl-63130/home/93760179,6202 Westminster Pl,38.6531674,-90.3004069,0.49328430722888067,0.49092436187497407,0.4810933989719206
https://www.redfin.com/MO/Saint-Louis/4483-Laclede-Ave-63108/home/93725038,4483 Laclede Ave,38.6398001,-90.257999,0.44299136988346943,0.34730394127041103,0.30292009454506313
https://www.redfin.com/MO/Saint-Louis/2918-Accomac-St-63104/home/93691012,2918 Accomac St,38.61016,-90.2297888,0.5184703850214338,0.5136704316211199,0.46346168811135463
https://www.redfin.com/MO/Saint-Louis/4469-Westminster-Pl-63108/home/62742627,4469 Westminster Pl,38.6471421,-90.2546553,0.3060761507823835,0.2712798168800265,0.281595585451221
https://www.redfin.com/MO/Saint-Louis/4618-Maryland-Ave-63108/home/93724575,4618 Maryland Ave,38.6441555,-90.2599321,0.4709720004472599,0.3618673160981223,0.303813342400213
https://www.redfin.com/MO/Saint-Louis/4257-McPherson-Ave-63108/home/93725679,4257 Mcpherson Ave,38.6435575,-90.2492341,0.3606384965013205,0.40434609465908694,0.3794470512312413
https://www.redfin.com/MO/Saint-Louis/4731-Westminster-Pl-63108/home/173619560,4731 Westminster Pl,38.6492363,-90.2594187,0.4498331761222528,0.3715309474567381,0.2959055550646484
https://www.redfin.com/MO/Saint-Louis/4918-Tamm-Ave-63109/home/93780327,4918 Tamm Ave,38.586337,-90.2985873,0.3664511934352737,0.4647334827267677,0.4931433651480893
https://www.redfin.com/MO/Saint-Louis/6002-W-Cabanne-Pl-63112/home/93739649,6002 W Cabanne,38.6592324,-90.292511,0.46329461017043455,0.5483424652816659,0.5161745151983396
https://www.redfin.com/MO/Saint-Louis/4222-Hartford-St-63116/home/93749851,4222 Hartford St,38.6031973,-90.2589052,0.37979639472024274,0.38046587097109347,0.3843161511539936
https://www.redfin.com/MO/Saint-Louis/6234-Pershing-Ave-63130/home/93760148,6234 Pershing Ave,38.6498612,-90.3020006,0.46690322576317755,0.43628382133606175,0.4108461929205673
https://www.redfin.com/MO/Saint-Louis/6142-Westminster-Pl-63112/home/93760333,6142 Westminster Pl,38.6532515,-90.2980312,0.487858833258197,0.4668408623208247,0.42100746380792387
https://www.redfin.com/MO/Saint-Louis/6515-Odell-St-63139/home/93743834,6515 Odell St,38.6099774,-90.2987246,0.5019683147560476,0.5339454635757502,0.4917889824801425
https://www.redfin.com/MO/Saint-Louis/4373-McPherson-Ave-63108/home/93740336,4373 Mcpherson Ave,38.6447305,-90.25186,0.46673730463464413,0.4740923452707789,0.4281761664039974
https://www.redfin.com/MO/Saint-Louis/4534-Pershing-Pl-63108/home/93724621,4534 Pershing Pl,38.6452049,-90.2583919,0.5054573062870752,0.4689828093726586,0.4300105848631989
https://www.redfin.com/MO/Saint-Louis/3407-Giles-Ave-63116/home/93730338,3407 Giles,38.5960486,-90.2462166,0.34592607247282237,0.3026644232051939,0.38129577493914757
https://www.redfin.com/MO/Saint-Louis/5605-Chamberlain-Ave-63112/home/93681462,5605 Chamberlain Ave,38.6617137,-90.2811971,0.49877065926727826,0.5041541522038591,0.4794414806328518
https://www.redfin.com/MO/Saint-Louis/5089-Westminster-Pl-63108/home/93749498,5089 Westminster Pl,38.6499795,-90.2671047,0.579371010504609,0.5173902009677999,0.47013677813508753
https://www.redfin.com/MO/Saint-Louis/6643-Villa-Ave-63139/home/93750136,6643 Villa Ave,38.625903,-90.3000456,0.42563736825150833,0.4834404060897144,0.45529623782456147
https://www.redfin.com/MO/Saint-Louis/6424-Southland-Ave-63109/home/93774316,6424 Southland Ave,38.5743712,-90.2954303,0.27575185684126696,0.2682679532892599,0.3377843246079224
https://www.redfin.com/MO/Saint-Louis/1835-Lafayette-Ave-63104/home/93697465,1835 Lafayette Ave,38.6141736,-90.213091,0.26572035990913456,0.2577799441012978,0.34885557311405596
https://www.redfin.com/MO/Saint-Louis/4617-Maryland-Ave-63108/home/93672243,4617 Maryland Ave,38.6446263,-90.2596859,0.4949076749715623,0.4044593562768676,0.3516267806929467
https://www.redfin.com/MO/Saint-Louis/2713-Utah-St-63118/home/93694189,2713 Utah St,38.5956015,-90.2278812,0.35297947543809194,0.314304159115632,0.3035476545077359
https://www.redfin.com/MO/Saint-Louis/3716-Arsenal-St-63116/home/93699835,3716 Arsenal St,38.6028643,-90.2452647,0.40032991171382304,0.47246289179656065,0.5236715382071766
https://www.redfin.com/MO/Saint-Louis/6229-San-Bonita-Ave-63105/home/62724448,6229 San Bonita Ave,38.6356485,-90.3049938,0.4612678241598628,0.3936112212153013,0.4042859476560967
https://www.redfin.com/MO/Saint-Louis/2017-Allen-Ave-63104/home/109919979,2017 Allen Ave,38.6106954,-90.2155078,0.29193659108788383,0.2921167696782243,0.3207927621267916
https://www.redfin.com/MO/Saint-Louis/4622-Tower-Grove-Pl-63110/home/62757152,4622 Tower Grove Pl,38.6111723,-90.2663011,0.5255460998935602,0.5056560406071952,0.42029155760123094
https://www.redfin.com/MO/Saint-Louis/2810-Park-Ave-63104/home/93682320,2810 Park Ave,38.6187723,-90.2254343,0.34496678382952745,0.31324581384258143,0.3499847422543422
https://www.redfin.com/MO/Saint-Louis/3953-Lafayette-Ave-63110/home/103204037,3953 Lafayette Ave,38.6180976,-90.2468748,0.43154455901403965,0.3881579329333794,0.36950489694732064
https://www.redfin.com/MO/Saint-Louis/4410-Louisiana-Ave-63111/home/93706036,4410 Louisiana Ave,38.5771118,-90.243853,0.3663319023371877,0.35006812507165525,0.3636892234421294
https://www.redfin.com/MO/Saint-Louis/605-Fassen-St-63111/home/93708324,605 Fassen St,38.5664504,-90.2473872,0.3436751038409169,0.3577450856144879,0.33483849992937953
https://www.redfin.com/MO/Saint-Louis/5357-Lindell-Blvd-63112/home/93723615,5357 Lindell Blvd,38.6457396,-90.2771619,0.5801099864969391,0.5782242287019294,0.5342403763602267
https://www.redfin.com/MO/Saint-Louis/40-Waterman-Pl-63112/home/93724354,40 Waterman Pl,38.6486808,-90.2756618,0.5040846495146142,0.4533638169494017,0.41895481380021016
https://www.redfin.com/MO/Saint-Louis/2705-Lemp-Ave-63118/home/93697303,2705 Lemp Ave,38.6017635,-90.2161965,0.24521486660334454,0.29714171467402545,0.3442199007480338
https://www.redfin.com/MO/Saint-Louis/1926-Withnell-Ave-63118/home/93693991,1926 Withnell Ave,38.5950712,-90.2190841,0.33240328177285844,0.3582127799266695,0.3955522555298484
https://www.redfin.com/MO/Saint-Louis/4210-Wyoming-St-63116/home/80167991,4210 Wyoming St,38.6003091,-90.2588686,0.43405139175440216,0.4175877573630428,0.38449000966984453
https://www.redfin.com/MO/Saint-Louis/4012-Hartford-St-63116/home/93749776,4012 Hartford St,38.6026667,-90.2531463,0.33955248425904866,0.35610825012032343,0.43148059537024497
https://www.redfin.com/MO/Saint-Louis/3814-Fairview-Ave-63116/home/93730411,3814 Fairview Ave,38.5952077,-90.2479609,0.37045649615768445,0.353291393344484,0.35138071696940776
https://www.redfin.com/MO/Saint-Louis/3402-Longfellow-Blvd-63104/home/93748658,3402 Longfellow Blvd,38.6111943,-90.2357632,0.5469892584634495,0.5280015783851723,0.5022318503272692
https://www.redfin.com/MO/Saint-Louis/2805-Russell-Blvd-63104/home/93671782,2805 Russell,38.6120315,-90.2265321,0.28761838153999425,0.2944226556563941,0.33058329930353864
https://www.redfin.com/MO/Saint-Louis/4040-Hartford-St-63116/home/62688221,4040 Hartford,38.6027257,-90.2540951,0.41654574452253756,0.3702437822577223,0.41275471208057724
https://www.redfin.com/MO/Saint-Louis/1040-Lami-St-63104/home/93686072,1040 Lami St,38.6043672,-90.2095325,0.31775522638369896,0.32033305040637616,0.30958267401068756
https://www.redfin.com/MO/University-City/6208-Washington-Ave-63130/home/93760194,6208 Washington Ave,38.6542624,-90.3004071,0.5230069285715323,0.4678402346877445,0.3864060143777403
https://www.redfin.com/MO/Saint-Louis/6405-Hancock-Ave-63139/home/93743262,6405 Hancock Ave,38.6009623,-90.297494,0.4780750668374366,0.4478935422431956,0.3772863685974488
https://www.redfin.com/MO/Saint-Louis/3147-Garden-Hill-Ln-63139/home/93674318,3147 Garden Hl,38.605132,-90.2855884,0.30903124807941557,0.33150723297910006,0.37459245220268894
https://www.redfin.com/MO/Saint-Louis/1415-S-Cardinal-Ave-63104/home/103202863,1415 S Cardinal Ave,38.6204133,-90.2293947,0.3995047343364933,0.37860118986076635,0.36799802585950203
https://www.redfin.com/MO/Saint-Louis/4504-Pershing-Pl-63108/home/93724626,4504 Pershing Pl,38.6451262,-90.2573162,0.3764952035215997,0.4317714506101306,0.4008306313748228
https://www.redfin.com/MO/St-Louis/1615-Carroll-St-63104/home/62747707,1615 Carroll St,38.6151399,-90.209812,0.2869854332834658,0.2723169547370137,0.23029451639855608
https://www.redfin.com/MO/Saint-Louis/4118-S-Compton-Ave-63118/home/93705255,4118 S Compton Ave,38.5815554,-90.2392947,0.3559929042789655,0.41232509846017185,0.3982921242169492
https://www.redfin.com/MO/Saint-Louis/2135-S-Jefferson-Ave-63104/home/93690706,2135 S Jefferson Ave,38.6100794,-90.2222789,0.29352594368740004,0.2709520903434292,0.2907015414999082
https://www.redfin.com/MO/Saint-Louis/1919-Pestalozzi-St-63118/home/187272116,1919 Pestalozzi Ave,38.5995257,-90.2178991,0.21927311224357335,0.27310565279618015,0.3531271309783533
https://www.redfin.com/MO/Saint-Louis/4626-Maryland-Ave-63108/home/93724533,4626 Maryland Ave,38.6442367,-90.2602622,0.3898233087342391,0.3154984758957153,0.28700335730061144
https://www.redfin.com/MO/Saint-Louis/1045-S-Taylor-Ave-63110/home/93749265,1045 S Taylor Ave,38.6292492,-90.2613166,0.29189297997486024,0.28745955986981936,0.30130980353475917
https://www.redfin.com/MO/Saint-Louis/2101-Lynch-St-63118/home/103204412,2101 Lynch St,38.6023257,-90.2199655,0.2579144914812233,0.31276513240025694,0.36851163505045503
https://www.redfin.com/MO/Saint-Louis/6639-Villa-Ave-63139/home/173620407,6639 Villa Ave,38.6257509,-90.2998411,0.42020914667869186,0.4823083025888558,0.45381622110109576
https://www.redfin.com/MO/Saint-Louis/711-Geyer-Ave-63104/home/62758507,711 Geyer Ave,38.6080477,-90.2025778,0.25181078171307597,0.2518734672782168,0.18368553475372357
https://www.redfin.com/MO/Saint-Louis/5900-W-Cabanne-Pl-63112/home/169426501,5900 W Cabanne,38.6589947,-90.2901999,0.4110382302565608,0.42239904543216056,0.4448076387620476
https://www.redfin.com/MO/Saint-Louis/4161-Olive-St-63108/home/103204152,4161 Olive St,38.6443587,-90.2457378,0.23538998522102275,0.23639032368063845,0.33148207470093316
https://www.redfin.com/MO/Saint-Louis/7332-Yates-St-63116/home/93784853,7332 Yates St,38.5598741,-90.2763503,0.49715655621276805,0.49645216393587294,0.4813958153977186
https://www.redfin.com/MO/Saint-Louis/2227-S-11th-St-63104/home/93686398,2227 S 11th St,38.6057379,-90.2096607,0.32571642347939034,0.29287632810269587,0.2733923543609669
https://www.redfin.com/MO/Saint-Louis/2956-Milton-Blvd-63104/home/93691101,2956 Milton Blvd,38.6093847,-90.2312636,0.5091236722301634,0.491030348645437,0.4725111624423412
https://www.redfin.com/MO/Saint-Louis/6559-Itaska-St-63109/home/93779608,6559 Itaska St,38.586581,-90.3061916,0.4773179069543829,0.45940281796532173,0.4240116190621372
https://www.redfin.com/MO/Saint-Louis/4211-McPherson-Ave-63108/home/93786186,4211 Mcpherson Ave,38.6429282,-90.2478191,0.3950901488323938,0.36751984293875223,0.3342985159921575
https://www.redfin.com/MO/Saint-Louis/5036-Cabanne-Ave-63113/home/93744622,5036 Cabanne Ave,38.6560886,-90.2642278,0.47154283146693216,0.47550245673015845,0.40004337362252645
https://www.redfin.com/MO/Saint-Louis/5526-Dugan-Ave-63110/home/93727051,5526 Dugan Ave,38.6132173,-90.2815987,0.40951101759788755,0.3551451310617151,0.3444150030256002
https://www.redfin.com/MO/Saint-Louis/6658-Bancroft-Ave-63109/home/62779592,6658 Bancroft Ave,38.5926597,-90.3067227,0.42523671672536933,0.4528847282155014,0.42910469534118806
https://www.redfin.com/MO/Saint-Louis/2138-Nebraska-Ave-63104/home/80260873,2138 Nebraska Ave,38.6107938,-90.2285793,0.38270194962345505,0.3860619036301749,0.41488324514214386
https://www.redfin.com/MO/Saint-Louis/2209-S-11th-St-63104/home/69753536,2209 S 11th St,38.6062561,-90.209386,0.2846275789968577,0.25193257786727385,0.2554642155986264
https://www.redfin.com/MO/Saint-Louis/3219-Iowa-Ave-63118/home/143287833,3219 Iowa Ave,38.5967412,-90.2285013,0.35659964885617934,0.32877104623648723,0.32734185998425475
https://www.redfin.com/MO/Saint-Louis/6252-Westminster-Pl-63130/home/93760181,6252 Westminster Pl,38.6534763,-90.3020933,0.5594771900061302,0.5435982262412029,0.5521242058251697
https://www.redfin.com/MO/St-Louis/1835-S-9th-St-63104/home/93676007,1835 S 9th St,38.6091051,-90.204412,0.26781593564917483,0.24269279640670952,0.2828457932881001
https://www.redfin.com/MO/Saint-Louis/1224-Kraft-St-63139/home/93750262,1224 Kraft St,38.6284697,-90.3004635,0.3805509209722268,0.43847960689280446,0.4247245414752897
https://www.redfin.com/MO/Saint-Louis/4425-McPherson-Ave-63108/home/93740223,4425 Mcpherson Ave,38.6457252,-90.254028,0.4993788054547679,0.45791747533937893,0.3617402500499493
https://www.redfin.com/MO/Saint-Louis/3638-Russell-Blvd-63110/home/93747356,3638 Russell Blvd,38.6134001,-90.2415577,0.35921051859640835,0.3652215826649371,0.38171815103051004
https://www.redfin.com/MO/Saint-Louis/4732-Westminster-Pl-63108/home/93709310,4732 Westminster Pl,38.6488438,-90.2597964,0.3948501165551108,0.3310483086989541,0.3013603213638145
https://www.redfin.com/MO/Saint-Louis/3010-Geyer-Ave-63104/home/69350823,3010 Geyer Ave,38.6137739,-90.2298528,0.5512293123654788,0.4586674737332828,0.4462055329153893
https://www.redfin.com/MO/Saint-Louis/3631-Utah-Pl-63116/home/93700110,3631 Utah Pl,38.5977019,-90.2442915,0.44297090673919665,0.41678886921182007,0.35419259223587923
https://www.redfin.com/MO/Saint-Louis/6049-Tholozan-Ave-63109/home/93780484,6049 Tholozan Ave- Comps Only,38.596275,-90.2948127,0.3563114686909074,0.363264433521066,0.331175926025927
https://www.redfin.com/MO/Saint-Louis/1034-Geyer-Ave-63104/home/93685668,1034 Geyer Ave,38.6088539,-90.2070905,0.26359466046527713,0.3047405825765842,0.2833202625130265
https://www.redfin.com/MO/Saint-Louis/3815-Robert-Ave-63116/home/93679219,3815 Robert Ave,38.5586901,-90.2704332,0.3542645010119652,0.39809040588087086,0.3967564542895736
https://www.redfin.com/MO/St-Louis/1919-Geyer-Ave-63104/home/160565074,1919 Geyer Ave,38.6113011,-90.2142152,0.3590789895178911,0.36341300880121025,0.39112949428106386
https://www.redfin.com/MO/Saint-Louis/3244-Michigan-Ave-63118/home/62773908,3244 Michigan Ave,38.5968069,-90.235037,0.3175560945996802,0.3187021891001536,0.2970197048148483
https://www.redfin.com/MO/Saint-Louis/3624-Cleveland-Ave-63110/home/93700167,3624 Cleveland Ave,38.6103854,-90.2416613,0.34829373173277467,0.2954974794071275,0.2986883574735081
https://www.redfin.com/MO/Saint-Louis/4208-Delmar-Blvd-63108/home/103203048,4208 Delmar Blvd,38.6466537,-90.2459876,0.32230111478499407,0.3964198115104861,0.4132663065643301
https://www.redfin.com/MO/Saint-Louis/1226-Dolman-St-63104/home/143286333,1226 Dolman St,38.6175412,-90.2095135,0.25365800738689126,0.2730057295959469,0.2734928171631362
https://www.redfin.com/MO/Saint-Louis/5882-Delor-St-63109/home/93768886,5882 Delor St,38.5843229,-90.2958653,0.413389484836289,0.43227830371035825,0.43573263318064276
https://www.redfin.com/MO/Saint-Louis/1800-S-13th-St-63104/home/93671092,1800 S 13th St,38.6122269,-90.2077363,0.24729588539720768,0.2982472700023999,0.2952371829661575
https://www.redfin.com/MO/Saint-Louis/3223-Geyer-Ave-63104/home/93689594,3223 Geyer Ave,38.6147062,-90.2336614,0.3702815705244501,0.3791345771055557,0.4182994334533317
https://www.redfin.com/MO/Saint-Louis/1552-Fairmount-Ave-63139/home/103203130,1552 Fairmount Ave,38.6232464,-90.2997804,0.31977995630356076,0.3867075087958477,0.4517493917007651
https://www.redfin.com/MO/Saint-Louis/5733-Waterman-Blvd-63112/home/143294201,5733 Waterman Blvd,38.65022,-90.2863493,0.40768296558144207,0.3396163007653542,0.29509518654233774
https://www.redfin.com/MO/Saint-Louis/3834-Flad-Ave-63110/home/68294038,3834 Flad Ave,38.6115321,-90.2445731,0.3246628234381163,0.3703827768848347,0.3893634855935591
https://www.redfin.com/MO/Saint-Louis/5366-Odell-St-63139/home/176875227,5366 Odell St,38.6067899,-90.2781676,0.41829158941587674,0.37972172561232365,0.3974208750030552
https://www.redfin.com/MO/Saint-Louis/24-Lewis-Pl-63113/home/93749621,24 Lewis Pl,38.6542618,-90.2530991,0.4680039202142938,0.43355783642723006,0.4159066167294538
https://www.redfin.com/MO/Saint-Louis/5257-Washington-Pl-63108/home/62730993,5257 Washington Pl,38.6515553,-90.271714,0.315845944291123,0.2875928746646123,0.296666025791842
https://www.redfin.com/MO/Saint-Louis/7327-Pennsylvania-Ave-63111/home/62774153,7327 Pennsylvania Ave,38.5497952,-90.2572934,0.32688278695519246,0.3383053704494363,0.3190233651032436
https://www.redfin.com/MO/Saint-Louis/1906-Wyoming-St-63118/home/62697998,1906 Wyoming St,38.5959324,-90.218176,0.3402627074676369,0.36761020593196053,0.3740916022821253
https://www.redfin.com/MO/Saint-Louis/2601-Louisiana-Ave-63118/home/62707327,2601 Louisiana Ave,38.6074145,-90.2368813,0.45764798932756845,0.38807687121942497,0.3310326699414215
https://www.redfin.com/MO/Saint-Louis/1231-Kraft-St-63139/home/93765763,1231 Kraft St,38.6282967,-90.3009218,0.3248404934713522,0.42517910936350234,0.4300103858684282
https://www.redfin.com/MO/Saint-Louis/4228-Walsh-St-63116/home/93774010,4228 Walsh St,38.5789638,-90.2668057,0.44407861545817157,0.37764614252227713,0.3157055859459229
https://www.redfin.com/MO/Saint-Louis/2018-Geyer-Ave-63104/home/93690492,2018 Geyer Ave,38.611201,-90.215614,0.31127353865894436,0.3400076647293861,0.33023060137671995
https://www.redfin.com/MO/Saint-Louis/4059-Blaine-Ave-63110/home/143285861,4059 Blaine Ave,38.620168,-90.2494891,0.4266912692886294,0.3780789068785736,0.29558103868044283
https://www.redfin.com/MO/Saint-Louis/3854-Shenandoah-Ave-63110/home/143286603,3854 Shenandoah Ave,38.6098563,-90.2455647,0.2271429834138188,0.24365169667738354,0.28926846712455334
https://www.redfin.com/MO/Saint-Louis/4233-Maryland-Ave-63108/home/93673900,4233 Maryland,38.642155,-90.248964,0.3855502584405301,0.3254177933378011,0.2764735907759857
https://www.redfin.com/MO/Saint-Louis/3904-Olive-St-63108/home/143285862,3904 Olive St,38.641129,-90.239717,0.2883571984159439,0.27183716097012955,0.2682764318658213
https://www.redfin.com/MO/Saint-Louis/4417-McPherson-Ave-63108/home/93740240,4417 Mcpherson Ave,38.645562,-90.253698,0.4675598793176888,0.43368508137335476,0.38034606461567194
https://www.redfin.com/MO/Saint-Louis/6507-Murdoch-Ave-63109/home/93779546,6507 Murdoch Ave,38.5891143,-90.3039329,0.4612816979451559,0.45348992893867557,0.395216956384834
https://www.redfin.com/MO/Saint-Louis/215-N-Sarah-St-63108/unit-9/home/181866739,215 N Sarah St #9,38.638859,-90.2463284,0.2530092085693838,0.28010028488275,0.2267093478907731
https://www.redfin.com/MO/St-Louis/6293-Magnolia-Ave-63139/home/191523885,6293 Magnolia Ave,38.6121289,-90.2942161,0.41579266574372925,0.35906588807554424,0.4234258104427003
https://www.redfin.com/MO/Saint-Louis/4022-Flora-Pl-63110/home/93746618,4022 Flora Pl,38.6128808,-90.2493335,0.5627191056924244,0.49701260295419575,0.4074050297529538
https://www.redfin.com/MO/Saint-Louis/4166-Westminster-Pl-63108/home/93725349,4166 Westminster Pl,38.6431252,-90.246881,0.39097201788185,0.4029031992986677,0.33072806851134295
https://www.redfin.com/MO/Saint-Louis/6246-Magnolia-Ave-63139/home/62745929,6246 Magnolia,38.6117568,-90.2941442,0.3813297939682088,0.3808734261587242,0.4068367277265917
https://www.redfin.com/MO/Saint-Louis/3800-Connecticut-St-63116/home/93728467,3800 Connecticut St,38.6002231,-90.2466744,0.35240138509988783,0.3391071071108776,0.329187255739314
https://www.redfin.com/MO/University-City/6219-Washington-Ave-63130/home/93760158,6219 Washington Ave,38.6547639,-90.3004586,0.45768016013517077,0.35471310585366234,0.32509575452625006
https://www.redfin.com/MO/Saint-Louis/4177-Shenandoah-Ave-63110/home/93746513,4177 Shenandoah Ave,38.6110366,-90.2541868,0.32641600608225496,0.3436635192636696,0.32964688405606807
https://www.redfin.com/MO/Saint-Louis/5008-Raymond-Ave-63113/home/93752553,5008 Raymond Ave,38.6568893,-90.2631291,0.3691220191984528,0.3477469340652469,0.3808704338947936
https://www.redfin.com/MO/Saint-Louis/5244-Westminster-Pl-63108/home/93745889,5244 Westminster Pl,38.6499602,-90.2717056,0.4518603213631138,0.45802510556178194,0.386365739261199
https://www.redfin.com/MO/Saint-Louis/5130-Washington-Pl-63108/home/93749475,5130 Washington Pl,38.6507352,-90.2684477,0.417022062740138,0.46989072977076446,0.3974999443458831
https://www.redfin.com/MO/Saint-Louis/17-Windermere-Pl-63112/home/93723969,17 Windermere Pl,38.6568044,-90.2748343,0.5502704148990535,0.5276949285626374,0.5258549453483116
https://www.redfin.com/MO/Saint-Louis/5541-Chamberlain-Ave-63112/home/93722443,5541 Chamberlain Ave,38.6615056,-90.2787616,0.5534226979445478,0.48873699812237287,0.46963151790111474
https://www.redfin.com/MO/Saint-Louis/1917-Hebert-St-63107/home/93688586,1917 Hebert St,38.6548242,-90.200332,0.4609700095311255,0.4854067404325855,0.44085356318149194
https://www.redfin.com/MO/Saint-Louis/5057-Westminster-Pl-63108/home/93749500,5057 Westminster Pl,38.6498512,-90.2660201,0.48983061813554457,0.5090012727089411,0.447673135754085
https://www.redfin.com/MO/Saint-Louis/3757-Westminster-Pl-63108/home/93726138,3757 Westminster Pl,38.639556,-90.2375412,0.32706068407586636,0.21826662373104244,0.2040714491101223
https://www.redfin.com/MO/Saint-Louis/5209-Cabanne-Ave-63113/home/93752322,5209 Cabanne Ave,38.6571524,-90.2702511,0.3804995509849073,0.3784736755926676,0.3740204439174555
https://www.redfin.com/MO/Saint-Louis/4405-Westminster-Pl-63108/home/93739936,4405 Westminster Pl,38.6463148,-90.2527403,0.2921015855095065,0.34028811313020574,0.3352751234742014
https://www.redfin.com/MO/Saint-Louis/5031-Wells-Ave-63113/home/93720951,5031 Wells Ave,38.6628274,-90.2627194,0.2925630863859753,0.3464235414161701,0.3637389779957719
https://www.redfin.com/MO/Saint-Louis/3628-Castleman-Ave-63110/home/62694408,3628 Castleman Ave,38.6141882,-90.2410775,0.28216318004474,0.2984010878385127,0.36297650332107223
https://www.redfin.com/MO/Saint-Louis/3463-Longfellow-Blvd-63104/home/93691006,3463 Longfellow Blvd,38.6118685,-90.2379454,0.5148300230078467,0.46504629881922194,0.5132242497418772
https://www.redfin.com/MO/Saint-Louis/3137-Longfellow-Blvd-63104/home/93690977,3137 Longfellow Blvd,38.6112718,-90.2326308,0.49695466828752155,0.5303191994666194,0.5218743078688037
https://www.redfin.com/MO/Saint-Louis/2327-S-12th-St-63104/home/93686449,2327 S 12th St,38.605143,-90.2111358,0.31426496842053064,0.32456034627341995,0.34262449221470803
https://www.redfin.com/MO/Saint-Louis/1827-S-Compton-Ave-63104/home/93689585,1827 S Compton Ave,38.6146069,-90.2330777,0.4266609040475859,0.3630959093473246,0.3982812334349037
https://www.redfin.com/MO/Saint-Louis/5226-Washington-Pl-63108/home/93749449,5226 Washington Pl,38.6509781,-90.2709227,0.4514717102064649,0.40935893781948235,0.332400848996226
https://www.redfin.com/MO/Saint-Louis/5086-Westminster-Pl-63108/home/93746019,5086 Westminster Pl,38.6495267,-90.2671506,0.5718325896303728,0.510070210274,0.4729976677686632
https://www.redfin.com/MO/Saint-Louis/8-Beverly-Pl-63112/home/93753987,8 Beverly Pl,38.653938,-90.2771498,0.4074410713675545,0.3580165392960027,0.32982088419036265
https://www.redfin.com/MO/Saint-Louis/2715-Osage-St-63118/home/93704334,2715 Osage St,38.5831074,-90.2305673,0.34843354666123405,0.3359249667992698,0.3378260186827999
https://www.redfin.com/MO/Saint-Louis/6155-McPherson-Ave-63112/home/93760384,6155 Mcpherson Ave,38.6518946,-90.2986157,0.4971381906425241,0.43472570315894105,0.3973352666428389
https://www.redfin.com/MO/Saint-Louis/4970-Wabada-Ave-63113/home/93737190,4970 Wabada Ave,38.6668406,-90.2580747,0.39768560265578073,0.4203732205079305,0.38165524202015605
https://www.redfin.com/MO/Saint-Louis/6014-W-Cabanne-Pl-63112/home/93739664,6014 W Cabanne Pl,38.6592773,-90.2929644,0.5301355674542813,0.5410271027960509,0.5207990191728653
https://www.redfin.com/MO/Saint-Louis/3215-Hawthorne-Blvd-63104/home/93748588,3215 Hawthorne Blvd,38.6103573,-90.2342937,0.582399172130588,0.550256956310637,0.492930414986955
https://www.redfin.com/MO/Saint-Louis/7217-Minnesota-Ave-63111/home/93710397,7217 Minnesota Ave,38.5513546,-90.2572441,0.3535220926748268,0.3479699422533907,0.3512504803994641
https://www.redfin.com/MO/Saint-Louis/5-Lenox-Pl-63108/home/62720102,5 Lenox Pl,38.6468066,-90.2589042,0.3804024637251848,0.41609519532325173,0.41205419654049985
https://www.redfin.com/MO/Saint-Louis/5093-Washington-Pl-63108/home/93749544,5093 Washington,38.6510426,-90.2670838,0.36630339719843164,0.3968859527426637,0.4157397559465498
https://www.redfin.com/MO/Saint-Louis/3604-Loughborough-Ave-63116/home/76779016,3604 Loughborough Ave,38.5582273,-90.2627928,0.47404203914664056,0.4406539164970597,0.43686350061945545
https://www.redfin.com/MO/Saint-Louis/4532-Newberry-Ter-63113/home/93739434,4532 Newberry Ter,38.6549296,-90.25159,0.4687036714734169,0.456518295212158,0.40157962170752776
https://www.redfin.com/MO/Saint-Louis/5129-Vernon-Ave-63113/home/62699509,5129 Vernon Ave,38.6586195,-90.2671025,0.4807033361176985,0.4395059776996304,0.431356661425459
https://www.redfin.com/MO/Saint-Louis/4009-Labadie-Ave-63107/home/93716364,4009 Labadie Ave,38.6604164,-90.2286305,0.37584043140111556,0.3382681008663725,0.37882005171233796
https://www.redfin.com/MO/Saint-Louis/5020-Creighton-Dr-63123/home/93783033,5020 Creighton Dr,38.5846791,-90.315046,0.37384731401655613,0.3546516392152043,0.35008416537574466
https://www.redfin.com/MO/Saint-Louis/6221-Nottingham-Ave-63109/home/93780188,6221 Nottingham Ave,38.5869062,-90.2964673,0.4575212464936886,0.4487440105766855,0.42445637494127064
https://www.redfin.com/MO/Saint-Louis/88-Waterman-Pl-63112/home/93724346,88 Waterman Pl,38.6488782,-90.2776256,0.5591471449468156,0.46179327601171904,0.4209015712440996
https://www.redfin.com/MO/Saint-Louis/4438-Enright-Ave-63108/home/93739817,4438 Enright Ave,38.6502815,-90.2512937,0.44150672399725477,0.5035256532004758,0.438441428853547
https://www.redfin.com/MO/Saint-Louis/44-Kingsbury-Pl-63112/home/93724168,44 Kingsbury Pl,38.6504992,-90.2802915,0.47009863428820553,0.4685301053931062,0.45571944477128157
https://www.redfin.com/MO/Saint-Louis/7628-Pennsylvania-Ave-63111/home/93710626,7628 Pennsylvania Ave,38.5473635,-90.2594187,0.36494030813459727,0.34615616668152616,0.3104322951232196
https://www.redfin.com/MO/St-Louis/2038-Fair-Ave-63107/home/192431937,2038 E Fair Ave,38.676821,-90.2182312,0.3368933490327165,0.3697173857107354,0.4536327709783603
https://www.redfin.com/MO/Saint-Louis/4724-Westminster-Pl-63108/home/93709314,4724 Westminster Pl,38.6487372,-90.259554,0.39359373416683285,0.34321713347912225,0.31074249102467727
https://www.redfin.com/MO/Saint-Louis/6106-McPherson-Ave-63112/home/93760248,6106 Mcpherson Ave,38.6512964,-90.296984,0.4344165492650065,0.4048817245667552,0.3673529635108473
https://www.redfin.com/MO/Saint-Louis/3716-Hartford-St-63116/home/93699712,3716 Hartford,38.6019194,-90.2454095,0.38134810455623275,0.42032887753497183,0.4174125499790007
https://www.redfin.com/MO/Saint-Louis/3825-Hartford-St-63116/home/93728277,3825 Hartford St,38.60252,-90.247175,0.42388694599176363,0.40989652593013454,0.47359670007339427
https://www.redfin.com/MO/Saint-Louis/5121-Washington-Pl-63108/home/93749490,5121 Washington Pl,38.6511504,-90.268134,0.4978957882066347,0.4222015192392606,0.38789230352643356
https://www.redfin.com/MO/Saint-Louis/4329-Gravois-Ave-63116/home/93726574,4329 Gravois Ave,38.5866674,-90.2608321,0.3623660628424471,0.3028726033958396,0.32778358118664147
https://www.redfin.com/MO/Saint-Louis/3456-Alberta-St-63118/home/93704689,3456 Alberta,38.5852085,-90.2432614,0.3539364089305561,0.34191009001279865,0.29378622868035476
https://www.redfin.com/MO/Saint-Louis/6123-Kingsbury-Ave-63112/home/63700685,6123 Kingsbury Ave,38.6526903,-90.2972956,0.4350829060976989,0.4775089509517114,0.43853369893214533
https://www.redfin.com/MO/Saint-Louis/2323-Lafayette-Ave-63104/home/93700585,2323 Lafayette Ave,38.6149979,-90.2196109,0.39041374419344693,0.31847600275253835,0.32090387947236426
https://www.redfin.com/MO/Saint-Louis/3646-Hartford-St-63116/home/62758849,3646 Hartford St,38.6018068,-90.2442407,0.40653664459454514,0.4012190356141642,0.3662997011466298
https://www.redfin.com/MO/Saint-Louis/3932-Missouri-Ave-63118/home/93704194,3932 Missouri Ave,38.58299,-90.2249488,0.4292776440792468,0.4516227156608198,0.4102406522064021
https://www.redfin.com/MO/Saint-Louis/5617-Vernon-Ave-63112/home/93709981,5617 Vernon Ave,38.6598337,-90.2820424,0.44246559055318,0.4213910344026919,0.4482151901745127
https://www.redfin.com/MO/Saint-Louis/3509-Sidney-St-63104/home/93692391,3509 Sidney St,38.6080394,-90.2392236,0.416577864019553,0.3775149677417861,0.3223290040744683
https://www.redfin.com/MO/Saint-Louis/5013-Maple-Ave-63113/home/93752638,5013 Maple Ave,38.6591504,-90.2628599,0.3751045629213059,0.3303000837225322,0.3770712134085543
https://www.redfin.com/MO/Saint-Louis/4397-Westminster-Pl-63108/home/93740311,4397 Westminster Pl,38.6461102,-90.2523187,0.41587386176607255,0.36114261132179726,0.3545434588513697
https://www.redfin.com/MO/Saint-Louis/5135-Cabanne-Ave-63113/home/93752279,5135 Cabanne Ave,38.6568738,-90.2676412,0.5269877544904623,0.43287359594313407,0.4258460072039862
https://www.redfin.com/MO/Saint-Louis/5098-Westminster-Pl-63108/home/62691391,5098 Westminster Pl,38.6496194,-90.2675028,0.5569715936695202,0.5159923343513625,0.4629030163040474
https://www.redfin.com/MO/Saint-Louis/6253-Westminster-Pl-63130/home/93760202,6253 Westminster Pl,38.653927,-90.3020198,0.5290236248864362,0.5355222216593105,0.5086816701740504
https://www.redfin.com/MO/Saint-Louis/1727-Carroll-St-63104/home/68327984,1727 Carroll,38.6152753,-90.2113774,0.25373535466196817,0.26009127156466266,0.24505015757895057
https://www.redfin.com/MO/Saint-Louis/11-Thornby-Pl-63112/home/93723566,11 Thornby Pl,38.6617451,-90.2872824,0.5434051598429134,0.5165621521821684,0.4511129433609007
https://www.redfin.com/MO/Saint-Louis/5123-Westminster-Pl-63108/home/93749504,5123 Westminster Pl,38.6501075,-90.2682984,0.5025091682311059,0.4918570270716712,0.44168439393236003
https://www.redfin.com/MO/Saint-Louis/4033-Russell-Blvd-63110/home/93747106,4033 Russell,38.6145377,-90.2494678,0.3460138607328344,0.36424248953276406,0.37308667141436835
https://www.redfin.com/MO/Saint-Louis/5828-Julian-Ave-63112/home/93723086,5828 Julian Ave,38.6657087,-90.285272,0.4979934663573055,0.5258974342956242,0.48475424724960653
https://www.redfin.com/MO/Saint-Louis/4925-Fountain-Ave-63113/home/93787071,4925 Fountain Ave,38.6560324,-90.2608123,0.4156905013635901,0.4482742915959628,0.3671716466658866
https://www.redfin.com/MO/Saint-Louis/5750-Waterman-Blvd-63112/home/93762753,5750 Waterman Blvd,38.6499102,-90.287066,0.395814996838674,0.3907101023699019,0.3307907394518971
https://www.redfin.com/MO/Saint-Louis/2933-Dodier-St-63107/home/93754633,2933 Dodier St,38.655808,-90.217384,0.35881390285869685,0.3517322882781997,0.3817825263165811
https://www.redfin.com/MO/Saint-Louis/4537-Maryland-Ave-63108/home/93724735,4537 Maryland Ave,38.644458,-90.2587082,0.46442814027364665,0.46289142823769647,0.3816899480722616
https://www.redfin.com/MO/Saint-Louis/4407-S-Grand-Blvd-63111/home/62706849,4407 S Grand Blvd,38.5784827,-90.2463284,0.4217863874462975,0.4055107262964136,0.4152034986569743
https://www.redfin.com/MO/Saint-Louis/4931-Pershing-Pl-63108/home/62739141,4931 Pershing Pl,38.6466609,-90.2624035,0.43731040184965686,0.4617959306387003,0.4221032770351696
https://www.redfin.com/MO/Saint-Louis/35-Kingsbury-Pl-63112/home/93763721,35 Kingsbury,38.6511298,-90.2793413,0.4375958193590069,0.4882879612259579,0.47775388717304323
https://www.redfin.com/MO/Saint-Louis/2-Arundel-Pl-63105/home/93769343,2 Arundel Pl,38.6391889,-90.3036089,0.47860157043494284,0.4411975651477123,0.4747829431660996
https://www.redfin.com/MO/Saint-Louis/6185-Westminster-Pl-63112/home/93760455,6185 Westminster Pl,38.6538034,-90.2993927,0.43947351344821045,0.41536661775535805,0.4125332427995784
https://www.redfin.com/MO/Saint-Louis/3200-Arsenal-St-63118/home/93692846,3200 Arsenal St,38.6016701,-90.2356102,0.3504471065607059,0.36059944278424616,0.3542378639126591
https://www.redfin.com/MO/Saint-Louis/4324-McPherson-Ave-63108/home/93725562,4324 Mcpherson Ave,38.6436545,-90.2506804,0.4963164854540131,0.4448078689457821,0.3982420896759555
https://www.redfin.com/MO/Saint-Louis/2633-Clifton-Ave-63139/home/93743593,2633 Clifton Ave,38.6136519,-90.2940586,0.6460348015121464,0.613917990888365,0.5031126161580917
https://www.redfin.com/MO/Saint-Louis/3209-Utah-St-63118/home/93693103,3209 Utah St,38.5967358,-90.2368524,0.31563466781502925,0.2731995901058257,0.2952779006215676
https://www.redfin.com/MO/Saint-Louis/1550-Grape-Ave-63147/home/93731732,1550 Grape Ave,38.717295,-90.2431257,0.34518850363265186,0.36523159848652775,0.3653946195500796
https://www.redfin.com/MO/Saint-Louis/3915-Greer-Ave-63107/home/93753580,3915 Greer Ave,38.6604058,-90.2258402,0.419214426042196,0.3755068540938173,0.4006289265361359
https://www.redfin.com/MO/Saint-Louis/4554-Holly-Ave-63115/home/93714053,4554 Holly Ave,38.6783368,-90.2244774,0.38302802045950535,0.37880075844651045,0.4054987557108046
https://www.redfin.com/MO/Saint-Louis/5530-Etzel-Ave-63112/home/93722349,5530 Etzel Ave,38.6630119,-90.2776192,0.5049069026190177,0.47323062567751306,0.428961514547292
https://www.redfin.com/MO/Saint-Louis/2918-Geyer-Ave-63104/home/93690003,2918 Geyer Ave,38.6136666,-90.2289824,0.5022302113866988,0.4132505826672538,0.41860088649971344
https://www.redfin.com/MO/Saint-Louis/3134-Longfellow-Blvd-63104/home/93691049,3134 Longfellow Blvd,38.6108173,-90.2322897,0.5325114004930943,0.5540774741478749,0.5407261594947215
https://www.redfin.com/MO/Saint-Louis/4102-Concordia-Ave-63116/home/93770968,4102 Concordia Ave,38.5730717,-90.2675631,0.4123261940932418,0.41742526096619625,0.4187544834438769
https://www.redfin.com/MO/Saint-Louis/4404-Washington-Blvd-63108/home/62685591,4404 Washington Blvd,38.6479016,-90.2515713,0.3550549981308972,0.36051986447012874,0.33882430772686706
https://www.redfin.com/MO/Saint-Louis/5959-Clemens-Ave-63112/home/93739257,5959 Clemens Ave,38.6573486,-90.2922825,0.4558660965756151,0.4661424809842577,0.4664163366759102
https://www.redfin.com/MO/Saint-Louis/5958-Plymouth-Ave-63112/home/93723095,5958 Plymouth Ave,38.6663977,-90.2900686,0.5266886834835363,0.5544321852006006,0.43888539315319025
https://www.redfin.com/MO/Saint-Louis/3506-Hawthorne-Blvd-63104/home/93691151,3506 Hawthorne Blvd,38.6103126,-90.238667,0.5248033827036962,0.4763369881719298,0.4171949197896535
https://www.redfin.com/MO/Saint-Louis/6220-Westminster-Pl-63130/home/81949289,6220 Westminster Pl,38.6532153,-90.3009507,0.6038019156129005,0.5299631509357413,0.4953639684906533
https://www.redfin.com/MO/Saint-Louis/2206-Saint-Louis-Ave-63106/home/93687692,2206 Saint Louis Ave,38.6515557,-90.2057173,0.30149353485122143,0.3025381873970469,0.37636503311874236
https://www.redfin.com/MO/Saint-Louis/4315-Delmar-Blvd-63108/home/93739771,4315 Delmar Blvd,38.6482195,-90.2482564,0.4035076390546509,0.3422261017381108,0.3833173191698442
https://www.redfin.com/MO/Saint-Louis/3518-Crittenden-St-63118/home/93692726,3518 Crittenden St,38.603201,-90.240584,0.5380318581356704,0.4226235082665766,0.335110415415887
https://www.redfin.com/MO/Saint-Louis/4152-Delmar-Blvd-63108/home/93745280,4152 Delmar Blvd,38.6459416,-90.2442528,0.523372903135036,0.49605081779855775,0.38730349932044184
https://www.redfin.com/MO/Saint-Louis/4126-S-Grand-Blvd-63118/home/93705703,4126 S Grand Blvd,38.5820161,-90.2441311,0.27057947432403484,0.26272859196566317,0.27995445850487344
https://www.redfin.com/MO/Saint-Louis/5842-Clemens-Ave-63112/home/93739320,5842 Clemens Ave,38.6564294,-90.2880284,0.35860637924245076,0.4307565384566886,0.40252708337320015
https://www.redfin.com/MO/Saint-Louis/3800-Flora-Pl-63110/home/93700330,3800 Flora Pl,38.6122987,-90.2433179,0.5058088368487828,0.48633608575699205,0.43527606028265364
https://www.redfin.com/MO/Saint-Louis/2116-S-Grand-Blvd-63104/home/93691111,2116 S Grand Blvd,38.6128296,-90.2398684,0.35776535774842505,0.39483503546561355,0.4265410345357223
https://www.redfin.com/MO/Saint-Louis/4358-McPherson-Ave-63108/home/93725554,4358 Mcpherson Ave,38.6441014,-90.2517717,0.5159651626050809,0.48342279211691525,0.4267440068529929
https://www.redfin.com/MO/Saint-Louis/3501-Park-Ave-63104/home/93689867,3501 Park Ave,38.6206274,-90.2363201,0.33257935012244,0.2838404353856246,0.2690986830638673
https://www.redfin.com/MO/Saint-Louis/4266-Washington-Blvd-63108/home/93740291,4266 Washington Blvd,38.6461777,-90.247708,0.40869846507171437,0.36112994624404776,0.3521003316369286
https://www.redfin.com/MO/Saint-Louis/4001-Lafayette-Ave-63110/home/143286973,4001 Lafayette Ave,38.6181553,-90.24781,0.44496699044069116,0.39117415223875357,0.38073120693816376
https://www.redfin.com/MO/Saint-Louis/5473-Enright-Ave-63112/home/93761761,5473 Enright Ave,38.6549786,-90.2785401,0.3422586683482809,0.32979802656190094,0.35121053091960663
https://www.redfin.com/MO/Saint-Louis/94-Waterman-Pl-63112/home/93724347,94 Waterman Pl,38.6488867,-90.2778521,0.5459931739184181,0.4374454031425571,0.41017686069729503
https://www.redfin.com/MO/Saint-Louis/3632-Cook-Ave-63113/home/93701333,3632 Cook Ave,38.6450709,-90.2292293,0.39180923999149025,0.3841768933809279,0.30204391262399005
https://www.redfin.com/MO/Saint-Louis/5614-Etzel-Ave-63112/home/93722431,5614 Etzel Ave,38.6633576,-90.2813189,0.5390385090450289,0.4716346692385501,0.4553431766999765
https://www.redfin.com/MO/Saint-Louis/4484-Westminster-Pl-63108/home/62753064,4484 Westminster Pl,38.6469408,-90.2555129,0.3933956784258274,0.31329252969822574,0.3060274194638574
https://www.redfin.com/MO/Saint-Louis/2249-Saint-Louis-Ave-63106/home/93687647,2249 Saint Louis Ave,38.652322,-90.206952,0.3138776437836377,0.3696221415677677,0.3699216723889089
https://www.redfin.com/MO/Saint-Louis/48-Kingsbury-Pl-63112/home/93724162,48 Kingsbury Pl,38.6505595,-90.2807501,0.5223387409484176,0.49460690873686974,0.44759642808893507
https://www.redfin.com/MO/Saint-Louis/4023-Russell-Blvd-63110/home/93747124,4023 Russell Blvd,38.6144848,-90.2491162,0.32601000178318634,0.34810725152676075,0.3768626273539899
https://www.redfin.com/MO/Saint-Louis/3880-Utah-Pl-63116/home/93700036,3880 Utah Pl,38.5975656,-90.2499257,0.44312064885387226,0.35942369622738557,0.35695641325352395
https://www.redfin.com/MO/Saint-Louis/4232-E-Labadie-Ave-63115/home/93716843,4232 E Labadie Ave,38.6623674,-90.234042,0.4514557513093258,0.5036165036696423,0.4853575862774341
https://www.redfin.com/MO/Saint-Louis/5535-Maple-Ave-63112/home/93745117,5535 Maple Ave,38.6605005,-90.279354,0.4543538486921344,0.442971712486181,0.43887558203125265
https://www.redfin.com/MO/Saint-Louis/3400-Magnolia-Ave-63118/home/93692502,3400 Magnolia Ave,38.6055261,-90.2371775,0.31620287085039844,0.33423670548737155,0.33107983537839125
https://www.redfin.com/MO/Saint-Louis/3911-Greer-Ave-63107/home/62699419,3911 Greer Ave,38.6603459,-90.2257011,0.4037586767564174,0.37006022287887835,0.4065952770397279
https://www.redfin.com/MO/Saint-Louis/14-Lenox-Pl-63108/home/93754355,14 Lenox Pl,38.6467131,-90.2601604,0.5363952884183895,0.46281962950474936,0.38666140679667116
https://www.redfin.com/MO/Saint-Louis/2709-Accomac-St-63104/home/93690668,2709 Accomac,38.6098567,-90.2247628,0.29018181666052156,0.3023522346757289,0.3114560291319183
https://www.redfin.com/MO/Saint-Louis/5644-Bartmer-Ave-63112/home/93722467,5644 Bartmer Ave,38.6624685,-90.282542,0.5053717166596151,0.5035975923423108,0.4851126717037421
https://www.redfin.com/MO/Saint-Louis/4210-Cleveland-Ave-63110/home/93746788,4210 Cleveland Ave,38.6116239,-90.2548539,0.2778211100340854,0.33301888469711416,0.33939863710622986
https://www.redfin.com/MO/Saint-Louis/5019-Raymond-Ave-63113/home/93752461,5019 Raymond Ave,38.6573198,-90.2634069,0.49917682912854877,0.40631573950294714,0.38859367425063795
https://www.redfin.com/MO/Saint-Louis/1851-Menard-St-63104/home/93682366,1851 Menard St,38.6097503,-90.2066142,0.3641573828408905,0.363807220481206,0.33614867825629846
https://www.redfin.com/MO/Saint-Louis/5020-Enright-Ave-63108/home/93744617,5020 Enright Ave,38.6526254,-90.2642599,0.3648309671355362,0.32552855836409084,0.3397636029857273
https://www.redfin.com/MO/Saint-Louis/4242-Oregon-Ave-63111/home/93705557,4242 Oregon Ave,38.5783915,-90.2341438,0.4126295805880793,0.4017957379682834,0.364402523749263
https://www.redfin.com/MO/Saint-Louis/33-Waterman-Pl-63112/home/93724314,33 Waterman Pl,38.6492293,-90.2753143,0.4848258590063155,0.4788558210106662,0.4345852082996168
https://www.redfin.com/MO/Saint-Louis/2110-Lafayette-Ave-63104/home/93690357,2110 Lafayette Ave,38.6140369,-90.2171452,0.3973800833315785,0.5276238337399494,0.4809408112434876
https://www.redfin.com/MO/Saint-Louis/4531-Washington-Blvd-63108/home/143292581,4531 Washington Blvd,38.6499548,-90.2550549,0.4081225114577778,0.38582855561094137,0.3542156737575629
https://www.redfin.com/MO/Saint-Louis/4957-Holly-Hills-Ave-63109/home/93770801,4957 Holly Hills Ave,38.5773188,-90.2851958,0.3357294298946659,0.30764335254379094,0.3186909616931476
https://www.redfin.com/MO/Saint-Louis/4912-Clifton-Ave-63109/home/93769164,4912 Clifton Ave,38.5862042,-90.2954144,0.3206610034478563,0.401551141950709,0.4252813136743143
https://www.redfin.com/MO/Saint-Louis/5554-Chamberlain-Ave-63112/home/93745112,5554 Chamberlain Ave,38.6610255,-90.2792475,0.52883913533582,0.4929535770204951,0.4430340122853482
https://www.redfin.com/MO/Saint-Louis/3451-Sidney-St-63104/home/80842841,3451 Sidney St,38.6079055,-90.2384087,0.3756362690505778,0.36512627168555517,0.34855136022345706
https://www.redfin.com/MO/Saint-Louis/4929-Holly-Hills-Ave-63109/home/93770802,4929 Holly Hills Ave,38.5772106,-90.2841938,0.3310981331044378,0.28677975533242495,0.31409195658306654
https://www.redfin.com/MO/Saint-Louis/1936-McCausland-Ave-63117/home/93741335,1936 Mccausland Ave,38.6217785,-90.3078709,0.39614582212900357,0.4521744542655418,0.4874979445555376
https://www.redfin.com/MO/Saint-Louis/1286-Oak-Ct-63112/home/93723207,1286 Oak Ct,38.6684894,-90.2874144,0.4596387330930208,0.530985993865339,0.43704040712017145
https://www.redfin.com/MO/Saint-Louis/2919-Accomac-St-63104/home/93691013,2919 Accomac St,38.6105563,-90.229647,0.5295936399704764,0.4957790597646794,0.46534456160487314
https://www.redfin.com/MO/Saint-Louis/4260-Flora-Pl-63110/home/93746834,4260 Flora Pl,38.6135393,-90.2562526,0.5728600355702718,0.4976793957988794,0.4722856354824926
https://www.redfin.com/MO/Saint-Louis/4739-Westminster-Pl-63108/home/93709315,4739 Westminster Pl,38.6493491,-90.2596819,0.42569520705727826,0.3582395599010017,0.2802743558976932
https://www.redfin.com/MO/Saint-Louis/3538-Illinois-Ave-63118/home/93694509,3538 Illinois Ave,38.5898987,-90.2224637,0.3553487607108271,0.3322625526250341,0.286468708988814
https://www.redfin.com/MO/Saint-Louis/5112-Westminster-Pl-63108/home/93746011,5112 Westminster Pl,38.649608,-90.2680241,0.5673384264326329,0.4955211361707754,0.4481899460227869
https://www.redfin.com/MO/Saint-Louis/1553-Grape-Ave-63147/home/93731756,1553 Grape Ave,38.7177474,-90.2430386,0.34919652392147527,0.3612696924796862,0.3716865040561379
https://www.redfin.com/MO/Saint-Louis/4564-Shenandoah-Ave-63110/home/93728323,4564 Shenandoah Ave,38.6121266,-90.2649272,0.36233741253413393,0.433974738501265,0.4084241798015061
https://www.redfin.com/MO/Saint-Louis/3803-Ashland-Ave-63107/home/93754005,3803 Ashland Ave,38.6608728,-90.221978,0.2689564078485125,0.41239197432667063,0.36750951315685676
https://www.redfin.com/MO/Saint-Louis/5950-Enright-Ave-63112/home/62720272,5950 Enright Ave,38.6556923,-90.2923958,0.35308821541791274,0.3616231810910921,0.32670040174360726
https://www.redfin.com/MO/Saint-Louis/4404-Enright-Ave-63108/home/93739802,4404 Enright Ave,38.6498127,-90.2502664,0.34918464852508607,0.409275708994286,0.4209446592395134
https://www.redfin.com/MO/Saint-Louis/11152-Lookaway-Dr-63137/home/85689802,11152 Lookaway Dr,38.76521,-90.1853629,0.6497822286758246,0.7146505329303319,0.7440668029268959
https://www.redfin.com/MO/Saint-Louis/3651-Lafayette-Ave-63110/home/93700374,3651 Lafayette Ave,38.6175027,-90.2411588,0.3764118785838776,0.3478093574449216,0.32720401349208506
https://www.redfin.com/MO/St-Louis/3425-Pestalozzi-St-63118/home/182673840,3425 Pestalozzi,38.6042577,-90.2382583,0.359894080998475,0.39458582942790454,0.33578665876750796
https://www.redfin.com/MO/Saint-Louis/2-Lawn-Pl-63110/home/93765825,2 Lawn Pl,38.6286887,-90.2655361,0.4301821135541262,0.42146280889776166,0.3721991265955406
https://www.redfin.com/MO/Saint-Louis/3046-Hawthorne-Blvd-63104/home/93690744,3046 Hawthorne Blvd,38.610699,-90.2299077,0.5597615238065977,0.5214317427179661,0.48133423308195267
https://www.redfin.com/MO/Saint-Louis/3915-California-Ave-63118/home/93704245,3915 California Ave,38.5844292,-90.2322158,0.3494390128008333,0.36414745469418364,0.34229023384735774
https://www.redfin.com/MO/Saint-Louis/1800-S-8th-St-63104/home/93685080,1800 South 8th St,38.6091317,-90.2022954,0.23412186662193665,0.2150930403752364,0.21634870850061802
https://www.redfin.com/MO/Saint-Louis/4315-Washington-Blvd-63108/home/93719946,4315 Washington Blvd,38.6473336,-90.2489681,0.31661804468106663,0.3638911666566368,0.37741476035624444
https://www.redfin.com/MO/Saint-Louis/4540-McPherson-Ave-63108/home/93724716,4540 Mcpherson Ave,38.6467053,-90.2577684,0.41501585466672697,0.3855547229766577,0.38764187091822605
https://www.redfin.com/MO/Saint-Louis/4736-Labadie-Ave-63115/home/93736819,4736 Labadie Ave,38.6688089,-90.2489155,0.5276410502628464,0.5288218709163,0.453477694287458
https://www.redfin.com/MO/Saint-Louis/4630-Korte-Ave-63115/home/93734518,4630 Korte Ave,38.6802533,-90.2348049,0.3505130286002369,0.3603195154124208,0.3944842964390521
https://www.redfin.com/MO/St-Louis/5062-Waterman-Blvd-63108/home/195603925,5062 Waterman Blvd,38.6481526,-90.2665068,0.5473277853924167,0.5026328541345336,0.500683336187917
https://www.redfin.com/MO/Saint-Louis/2817-Miami-St-63118/home/93694343,2817 Miami St,38.5905272,-90.2313735,0.36539971571116686,0.36922293001703516,0.3640272272893584
https://www.redfin.com/MO/Unknown/4234-Wyoming-St-Unknown/home/193546374,4234 Wyoming,38.600319,-90.259751,0.3578784392592736,0.3739131374084634,0.35914659003000016
https://www.redfin.com/MO/Saint-Louis/6604-Vermont-Ave-63111/home/93709868,6604 Vermont Ave,38.5575742,-90.2542059,0.40159500391544367,0.430501431314592,0.4051409159283844
https://www.redfin.com/MO/Saint-Louis/4750-Westminster-Pl-63108/home/62697374,4750 Westminster Pl,38.6490759,-90.2602662,0.4103470734693105,0.27975382671602744,0.28267142819937
https://www.redfin.com/MO/Saint-Louis/3952-Utah-St-63116/home/87280485,3952 Utah St,38.5978824,-90.2523933,0.40184962874529,0.38191389408560344,0.33922519385797295
https://www.redfin.com/MO/Saint-Louis/3678-Liermann-Ave-63116/home/93704446,3678 Liermann Ave,38.5843504,-90.2478665,0.396476638065486,0.38529887820232644,0.37267437150078575
https://www.redfin.com/MO/Saint-Louis/6412-Blow-St-63109/home/93774283,6412 Blow St,38.5746592,-90.2932494,0.373507285916589,0.36040826524083586,0.3375520565041335
https://www.redfin.com/MO/Saint-Louis/1002-Barton-St-63104/home/93686764,1002 Barton St,38.6030293,-90.20851,0.26138291987943385,0.2932629619929728,0.32540919028708953
https://www.redfin.com/MO/Saint-Louis/3634-Russell-Blvd-63110/home/93747355,3634 Russell Blvd,38.6133886,-90.2414493,0.35107189438818753,0.362101221496224,0.3821391029214983
https://www.redfin.com/MO/Saint-Louis/4960-Magnolia-Ave-63139/home/83588157,4960 Magnolia Ave,38.6088595,-90.2706923,0.4688745277771868,0.49735250187708613,0.42826273338579285
https://www.redfin.com/MO/Saint-Louis/3730-Utah-Pl-63116/home/93699916,3730 Utah Pl,38.5972317,-90.2466848,0.48700349186447006,0.44655881642285294,0.4007278500919829
https://www.redfin.com/MO/Saint-Louis/4969-Reber-Pl-63139/home/93727896,4969 Reber Pl,38.6081286,-90.2711672,0.4613007965736865,0.44868655255421486,0.40801288913214445
https://www.redfin.com/MO/Saint-Louis/3109-Allen-Ave-63104/home/93689564,3109 Allen Ave,38.6134634,-90.2310254,0.5028569283417127,0.5138964429981759,0.4761315016859362
https://www.redfin.com/MO/Saint-Louis/3224-Lafayette-Ave-63104/home/93689524,3224 Lafayette Ave,38.6160818,-90.2333709,0.4240916146396734,0.318646519752862,0.38458846748980724
https://www.redfin.com/MO/St-Louis/6300-Alexander-Dr-63105/home/182625180,6300 Alexander Dr,38.6433734,-90.3041677,0.5953767970687193,0.5670161365291092,0.5064117668340063
https://www.redfin.com/MO/Saint-Louis/3677-McRee-Ave-63110/home/93700349,3677 Mcree Ave,38.6185366,-90.2418835,0.35960051163757584,0.3565980744913462,0.3431084025149607
https://www.redfin.com/MO/Saint-Louis/4505-Tower-Grove-Pl-63110/home/93728306,4505 Tower Grove Pl,38.6112856,-90.2629851,0.6215751806878121,0.5941435452589219,0.5365671753501452
https://www.redfin.com/MO/Saint-Louis/3530-Shenandoah-Ave-63104/home/93692275,3530 Shenandoah Ave,38.6095178,-90.2397745,0.2693833493961212,0.2623009549786436,0.3160790970846267
https://www.redfin.com/MO/Saint-Louis/6931-Sutherland-Ave-63109/home/93774176,6931 Sutherland Ave,38.5927146,-90.3107691,0.3997628416174247,0.4198608631982736,0.37927954330625896
https://www.redfin.com/MO/Saint-Louis/3427-Chippewa-St-63118/home/62718941,3427 Chippewa St,38.5881473,-90.2415637,0.3353685045020862,0.32642406267584395,0.3074929319672229
https://www.redfin.com/MO/Saint-Louis/3830-Cleveland-Ave-63110/home/93700229,3830 Cleveland Ave,38.6106328,-90.2445216,0.4232209717915586,0.3787623425614427,0.3308169463341404
https://www.redfin.com/MO/Saint-Louis/4915-Gresham-Ave-63109/home/93742056,4915 Gresham Ave,38.5744246,-90.2851742,0.27016816946925853,0.32768049082197476,0.3480360567217306
https://www.redfin.com/MO/Saint-Louis/6046-Westminster-Pl-63112/home/62735277,6046 Westminster Pl,38.653007,-90.2956796,0.38934254650638467,0.4048014229707081,0.3915705616689535
https://www.redfin.com/MO/Saint-Louis/5119-Maple-Ave-63113/home/93752380,5119 Maple Ave,38.6595321,-90.2665901,0.4634209023353653,0.42541247120397363,0.43535521195712046
https://www.redfin.com/MO/Saint-Louis/7022-Marquette-Ave-63139/home/62702141,7022 Marquette Ave,38.6006164,-90.3121078,0.49276768511630403,0.4181008227304434,0.37003006482278367
https://www.redfin.com/MO/Saint-Louis/4158-Shaw-Blvd-63110/home/93746947,4158 Shaw Blvd,38.6161144,-90.2527124,0.3553757347799897,0.32000678517059433,0.31553613981609824
https://www.redfin.com/MO/Saint-Louis/4473-McPherson-Ave-63108/home/62756843,4473 Mcpherson Ave,38.6463565,-90.2554541,0.427232473242611,0.3731296168880202,0.338946909220916
https://www.redfin.com/MO/Saint-Louis/2144-S-Grand-Blvd-63104/home/93691142,2144 S Grand Blvd,38.612085,-90.2400327,0.45286771745772764,0.45333034643080006,0.42430998789914737
https://www.redfin.com/MO/Saint-Louis/3228-Lafayette-Ave-63104/home/93689527,3228 Lafayette Ave,38.6161101,-90.2335066,0.4145158043350103,0.32514299612829295,0.38803438512492044
https://www.redfin.com/MO/Saint-Louis/5408-Maple-Ave-63112/home/93709907,5408 Maple Ave,38.6596699,-90.2754987,0.4710059421398511,0.46250873577987944,0.46534184315421745
https://www.redfin.com/MO/Saint-Louis/5256-Westminster-Pl-63108/home/93745884,5256 Westminster Pl,38.6499667,-90.2721389,0.4491244644881316,0.462141388181166,0.3879500840244396
https://www.redfin.com/MO/Saint-Louis/6148-McPherson-Ave-63112/home/93760258,6148 Mcpherson Ave,38.6514568,-90.2984346,0.4113521570936641,0.41060573171783626,0.36247546935145686
https://www.redfin.com/MO/Saint-Louis/3650-Juniata-St-63116/home/93699765,3650 Juniata St,38.6009332,-90.2445088,0.4200227377260967,0.39089208354109883,0.3203823740743403
https://www.redfin.com/MO/Saint-Louis/4431-McPherson-Ave-63108/home/93740226,4431 Mcpherson Ave,38.6458059,-90.2541769,0.49701371153252505,0.45532586948598824,0.35526942194332295
https://www.redfin.com/MO/Saint-Louis/4215-Maryland-Ave-63108/home/93725346,4215 Maryland Ave,38.6418872,-90.2484848,0.3557706565029835,0.2907301559015878,0.24585566458775196
https://www.redfin.com/MO/Saint-Louis/5237-Enright-Ave-63108/home/93744949,5237 Enright Ave,38.6538144,-90.2717924,0.40957167889306756,0.34809056364011903,0.29814132519229963
https://www.redfin.com/MO/Saint-Louis/1718-Missouri-Ave-63104/home/93690361,1718 Missouri Ave,38.6139414,-90.2190413,0.3725882309439218,0.3106757999215009,0.3366972936164375
https://www.redfin.com/MO/Saint-Louis/3914-Meramec-St-63116/home/93769554,3914 Meramec St,38.5846624,-90.2520847,0.4404321189036488,0.3899988982214306,0.35146828455022366
https://www.redfin.com/MO/Saint-Louis/6766-Devonshire-Ave-63109/home/93781307,6766 Devonshire Ave,38.5868711,-90.3108244,0.5489790018312459,0.46945185994411615,0.3708654863367066
https://www.redfin.com/MO/Saint-Louis/3826-Arsenal-St-63116/home/93786215,3826 Arsenal St,38.6030457,-90.2470734,0.4493277800825121,0.510176582158681,0.5407706932808978
https://www.redfin.com/MO/Saint-Louis/4550-Newberry-Ter-63113/home/93739431,4550 Newberry Ter,38.6551658,-90.2521243,0.478706531955074,0.4507084063933217,0.4262780823273005
https://www.redfin.com/MO/Saint-Louis/4460-Maryland-Ave-63108/home/93724884,4460 Maryland Ave,38.6433144,-90.2559558,0.42942389024519584,0.3414338559737924,0.3352827250981508
https://www.redfin.com/MO/Saint-Louis/6188-Westminster-Pl-63112/home/93760391,6188 Westminster Pl,38.6534007,-90.2995968,0.3833405495085931,0.430176861873317,0.4523468852357389
https://www.redfin.com/MO/Saint-Louis/4548-McPherson-Ave-63108/home/93724712,4548 Mcpherson Ave,38.6468157,-90.2579316,0.4094674423113182,0.39069591537769727,0.38739594460425314
https://www.redfin.com/MO/Saint-Louis/4457-Enright-Ave-63108/home/93739697,4457 Enright Ave,38.6508784,-90.2515218,0.47841773487829553,0.4805657319590988,0.44193308810161636
https://www.redfin.com/MO/Saint-Louis/4719-Westminster-Pl-63108/home/93709332,4719 Westminster Pl,38.6490495,-90.2590112,0.43723316301377363,0.3755200430339404,0.3122619513709057
https://www.redfin.com/MO/Saint-Louis/3452-Sidney-St-63104/home/62720598,3452 Sidney St,38.6075385,-90.2386188,0.3390216078205762,0.380533696686972,0.34584493756625845
https://www.redfin.com/MO/Saint-Louis/2707-Keokuk-St-63118/home/93696286,2707 Keokuk St,38.584862,-90.2298941,0.3912955759499496,0.3856597733611981,0.3396945693874433
https://www.redfin.com/MO/Saint-Louis/4256-Shenandoah-Ave-63110/home/93746811,4256 Shenandoah Ave,38.6108211,-90.2565839,0.4027727426856666,0.35535871642880723,0.3724938087903243
https://www.redfin.com/MO/Saint-Louis/3510-Shenandoah-Ave-63104/home/93692277,3510 Shenandoah Ave,38.6094808,-90.2389074,0.3107898783575261,0.36064006174022,0.3584567281693983
https://www.redfin.com/MO/Saint-Louis/3709-Hartford-St-63116/home/93699869,3709 Hartford St,38.6022723,-90.2450162,0.37103182926677064,0.3910139263893744,0.453647166358643
https://www.redfin.com/MO/Saint-Louis/4528-Westminster-Pl-63108/home/93739893,4528 Westminster Pl,38.6475298,-90.2567098,0.33900986418040835,0.298753833327895,0.31770904500435826
https://www.redfin.com/MO/Saint-Louis/6229-Columbia-Ave-63139/home/93743581,6229 Columbia Ave,38.6131112,-90.2942805,0.5574615025602077,0.5067057147700244,0.47628616840553023
https://www.redfin.com/MO/Saint-Louis/1640-Grape-Ave-63147/home/93731906,1640 Grape Ave,38.7177924,-90.2449825,0.37545050417675585,0.34124741071659354,0.3931644262519551
https://www.redfin.com/MO/Saint-Louis/4712-Westminster-Pl-63108/home/93709300,4712 Westminster Pl,38.6486118,-90.2591571,0.3992833716182237,0.3474813030995369,0.3170311360066536
https://www.redfin.com/MO/Saint-Louis/4441-McPherson-Ave-63108/home/62736517,4441 Mcpherson Ave,38.6459532,-90.2544826,0.4692596683655789,0.44448957652501614,0.3410222119906823
https://www.redfin.com/MO/Saint-Louis/1412-Wright-St-63107/home/93688380,1412 Wright St,38.6519355,-90.1986249,0.3789801576303336,0.3986256593909936,0.3615501361246701
https://www.redfin.com/MO/Saint-Louis/2057-Blendon-Pl-63143/home/93744113,2057 Blendon Pl,38.6201567,-90.3105165,0.5199571310752826,0.45888023513094883,0.46942351049411085
https://www.redfin.com/MO/Saint-Louis/4753-Westminster-Pl-63108/home/93709319,4753 Westminster Pl,38.6494925,-90.2600542,0.36960366901647296,0.3140367580243961,0.26435739338726905
https://www.redfin.com/MO/Saint-Louis/3141-Parc-Ridge-Ln-63139/home/93674332,3141 Parc Ridge Ln,38.6051877,-90.2847717,0.350718727241205,0.3730954388764011,0.3935138533469801
https://www.redfin.com/MO/Saint-Louis/4208-Beethoven-Ave-63116/home/93757825,4208 Beethoven Ave,38.5867517,-90.2635629,0.3924932053439233,0.39509070841280863,0.3616766767828043
https://www.redfin.com/MO/Saint-Louis/5727-S-Grand-Blvd-63111/home/93772222,5727 S Grand Blvd S,38.567123,-90.2560212,0.3763659550124604,0.3847173984567721,0.3837484298516875
https://www.redfin.com/MO/Saint-Louis/3345-Oregon-Ave-63118/home/93693689,3345 Oregon Ave,38.594511,-90.2312708,0.2312240854828429,0.21306157215563137,0.2506653663938134
https://www.redfin.com/MO/Saint-Louis/4542-Gibson-Ave-63110/home/93786340,4542 Gibson Ave,38.6297434,-90.2625765,0.3218871569565245,0.337038396658259,0.31081383165371046
https://www.redfin.com/MO/Saint-Louis/6063-Westminster-Pl-63112/home/93760429,6063 Westminster Pl,38.6535225,-90.296089,0.42255750159093375,0.4030183346869944,0.3679884702870009
https://www.redfin.com/MO/Saint-Louis/2636-Russell-Blvd-63104/home/93690644,2636 Russell Blvd,38.6110813,-90.2233654,0.3294377942904328,0.3069060339480156,0.30314789705046713
https://www.redfin.com/MO/Saint-Louis/3117-Longfellow-Blvd-63104/home/93690972,3117 Longfellow Blvd,38.6114365,-90.2319743,0.5793264267985715,0.5331083478468353,0.5306967750710527
https://www.redfin.com/MO/Saint-Louis/6655-Pernod-Ave-63139/home/93778943,6655 Pernod Ave,38.598296,-90.3056893,0.3863992464487689,0.4601585167348789,0.4823385273613334
https://www.redfin.com/MO/Saint-Louis/5150-Page-Blvd-63113/home/93752399,5150 Page,38.6602009,-90.267619,0.4903355062360276,0.47532654986374745,0.44259010966799434
https://www.redfin.com/MO/Saint-Louis/3844-French-Ct-63116/home/93773391,3844 French Ct,38.5608137,-90.2695502,0.3475379529087046,0.3410404298097418,0.40923529458189994
https://www.redfin.com/MO/Saint-Louis/5031-Sutherland-Ave-63109/home/93752677,5031 Sutherland Ave,38.5892758,-90.2790072,0.44614140882983844,0.43074195008026495,0.41134929896616507
https://www.redfin.com/MO/Saint-Louis/5171-Eichelberger-St-63109/home/93767752,5171 Eichelberger St,38.5817267,-90.2842804,0.32838814903166386,0.3228682286421192,0.34365389634695137
https://www.redfin.com/MO/Saint-Louis/3156-Geyer-Ave-63104/home/93689568,3156 Geyer Ave,38.6141327,-90.2326338,0.390689549829578,0.4240289122255548,0.418959788101369
https://www.redfin.com/MO/Saint-Louis/5101-Dresden-Ave-63116/home/93764009,5101 Dresden Ave,38.5817934,-90.2751177,0.37678526202518936,0.42942997825428647,0.4439101643029489
https://www.redfin.com/MO/Saint-Louis/6419-Devonshire-Ave-63109/home/93779789,6419 Devonshire Ave,38.5897483,-90.3011263,0.491707511538059,0.4661385330193239,0.4361915958361316
https://www.redfin.com/MO/Saint-Louis/7133-Lindenwood-Pl-63109/home/93747983,7133 Lindenwood Pl,38.5963587,-90.3169811,0.5469561099636978,0.5115771558448823,0.46770414764808416
https://www.redfin.com/MO/Saint-Louis/2134-Nebraska-Ave-63104/home/93690716,2134 Nebraska Ave,38.6108656,-90.2285518,0.3792389850310833,0.3843225790638798,0.41187708540201656
https://www.redfin.com/MO/Saint-Louis/4421-Tholozan-Ave-63116/home/93756331,4421 Tholozan Ave,38.5936233,-90.266442,0.33874485943183114,0.3801125635080897,0.41219621657900685
https://www.redfin.com/MO/Saint-Louis/3421-Halliday-Ave-63118/home/93692503,3421 Halliday Ave,38.6050751,-90.2378997,0.48663345506425504,0.4021379429961611,0.33401608631247093
https://www.redfin.com/MO/Saint-Louis/5117-Pattison-Ave-63110/home/93728092,5117 Pattison Ave,38.6190748,-90.2709176,0.2288219581464813,0.179635245312506,0.20083435973115848
https://www.redfin.com/MO/Saint-Louis/6182-Kingsbury-Ave-63112/home/90908062,6182 Kingsbury Ave,38.6524658,-90.2994986,0.37345432423804603,0.4050850064551497,0.44157090443517927
https://www.redfin.com/MO/Saint-Louis/6943-Lansdowne-Ave-63109/home/93774208,6943 Lansdowne Ave,38.5917664,-90.3113546,0.35682931755930253,0.3522848272184666,0.37714960996563046
https://www.redfin.com/MO/Saint-Louis/5111-Pattison-Ave-63110/home/93728094,5111 Pattison Ave,38.6190548,-90.2707524,0.23165225585784643,0.1777137731886655,0.20115656356445372
https://www.redfin.com/MO/Saint-Louis/7083-Lindenwood-Pl-63109/home/62723520,7083 Lindenwood Pl,38.5961526,-90.315214,0.5027712245392513,0.47527244675961755,0.4821554565626607
https://www.redfin.com/MO/Saint-Louis/7036-Bancroft-Ave-63109/home/93774589,7036 Bancroft Ave,38.5932343,-90.3138338,0.4715135857805523,0.4878559197465501,0.4554385056649894
https://www.redfin.com/MO/Saint-Louis/6911-Garner-Ave-63139/home/93671187,6911 Garner St,38.620492,-90.306783,0.5420864087579611,0.5263696960133339,0.46557208657742244
https://www.redfin.com/MO/Saint-Louis/6420-Wise-Ave-63139/home/93672447,6420 Wise Ave,38.6284043,-90.2937495,0.32298384151027737,0.2964447488186188,0.33421111526680897
https://www.redfin.com/MO/Saint-Louis/6605-Lindenwood-Pl-63109/home/62693826,6605 Lindenwood Pl,38.595481,-90.3044114,0.3961316320196138,0.3903104561498621,0.38024387061943665
https://www.redfin.com/MO/Saint-Louis/5384-Reber-Pl-63139/home/93727521,5384 Reber Pl,38.6081722,-90.2785785,0.4376602548152353,0.4469962067981652,0.4188765868777547
https://www.redfin.com/MO/Saint-Louis/6482-Lloyd-Ave-63139/home/93774434,6482 Lloyd Ave,38.6237779,-90.2969937,0.3958609017675861,0.4411225889243419,0.4557675244501962
https://www.redfin.com/MO/Saint-Louis/3-Shaw-Pl-63110/home/93700285,3 Shaw Pl,38.615783,-90.2422674,0.5756121096226823,0.4636610493052047,0.36620182360454606
https://www.redfin.com/MO/Saint-Louis/3945-Comstock-Dr-63123/home/93784974,3945 Comstock Dr,38.5541702,-90.2804181,0.5066754420071484,0.526512773408967,0.5149597008949993
https://www.redfin.com/MO/Saint-Louis/4920-Walsh-St-63109/home/62747831,4920 Walsh St,38.5817165,-90.2793925,0.3500106810918478,0.3317719310583491,0.3257674071523119
https://www.redfin.com/MO/Saint-Louis/4421-Oakland-Ave-63110/home/93751251,4421 Oakland Ave,38.6275726,-90.2595085,0.2613286137992341,0.277671168280434,0.24644462507841874
https://www.redfin.com/MO/Saint-Louis/4217-Connecticut-St-63116/home/93729842,4217 Connecticut St,38.6015666,-90.2589504,0.3626424790078242,0.37977664561830704,0.3894004093740661
https://www.redfin.com/MO/Saint-Louis/5575-Lansdowne-Ave-63109/home/93752892,5575 Lansdowne Ave,38.5892539,-90.2873712,0.4203673019664396,0.4125749400106422,0.41799868729436274
https://www.redfin.com/MO/Saint-Louis/4009-Flad-Ave-63110/home/93746652,4009 Flad Ave,38.6123545,-90.248932,0.3686681514287233,0.40527098514256144,0.3890566828547588
https://www.redfin.com/MO/Saint-Louis/5321-Nottingham-Ave-63109/home/93753478,5321 Nottingham Ave,38.5860847,-90.2830983,0.4031572707963995,0.39525833596772475,0.35733944586995986
https://www.redfin.com/MO/Saint-Louis/6558-Arsenal-St-63139/home/93742267,6558 Arsenal St,38.6080365,-90.301344,0.35505374076639995,0.40870588829578663,0.3903812172349192
https://www.redfin.com/MO/Saint-Louis/4418-Arco-Ave-63110/home/62718448,4418 Arco Ave,38.6280968,-90.2594081,0.2788037933993143,0.3014416339413885,0.27751342125383655
https://www.redfin.com/MO/Saint-Louis/2366-Sulphur-Ave-63139/home/62747725,2366 Sulphur Ave,38.6134081,-90.2888164,0.38657608427291773,0.4048168251040783,0.3859379372586658
https://www.redfin.com/MO/Saint-Louis/6407-Lindenwood-Pl-63109/home/93778349,6407 Lindenwood Pl,38.5943217,-90.2983757,0.26651258868759164,0.28076060156974686,0.29736371670928136
https://www.redfin.com/MO/Saint-Louis/6478-Lloyd-Ave-63139/home/93774435,6478 Lloyd Ave,38.6237487,-90.2968933,0.3989374092967339,0.43848506361555034,0.4569522871808545
https://www.redfin.com/MO/Saint-Louis/2651-Ann-Ave-63104/home/93690631,2651 Ann Ave,38.6106387,-90.2238433,0.3665761100722756,0.3424814450911751,0.3057361114875039
https://www.redfin.com/MO/Saint-Louis/4544-Arco-Ave-63110/home/62740877,4544 Arco Ave,38.6288259,-90.2627928,0.3363955551255302,0.32606497490432734,0.31072152497708483
https://www.redfin.com/MO/Saint-Louis/5410-Reber-Pl-63139/home/93727378,5410 Reber Pl,38.6083373,-90.2794475,0.44379290525145637,0.43602294094985644,0.4090595141935787
https://www.redfin.com/MO/Saint-Louis/6149-Washington-Blvd-63112/home/93760476,6149 Washington Blvd,38.6545724,-90.2979425,0.3990690654763901,0.29808330895374424,0.272440122015743
https://www.redfin.com/MO/Saint-Louis/4320-Itaska-St-63116/home/62694128,4320 Itaska St,38.5833573,-90.267451,0.3090911447303412,0.2907569138356486,0.2660086587406272
https://www.redfin.com/MO/Saint-Louis/6204-Rhodes-Ave-63109/home/70324171,6204 Rhodes Ave,38.5792724,-90.2980634,0.41821018230860135,0.44594464500025044,0.4483348832316007
https://www.redfin.com/MO/Saint-Louis/3628-Russell-Blvd-63110/home/93747361,3628 Russell Blvd,38.6133527,-90.2412498,0.3205763884298346,0.35955643950156996,0.3851441888461327
https://www.redfin.com/MO/Saint-Louis/4148-Shaw-Blvd-63110/home/93747066,4148 Shaw Blvd,38.6161038,-90.2524513,0.35404050831757755,0.3400693640222009,0.3141742196072469
https://www.redfin.com/MO/Saint-Louis/3535-Hartford-St-63118/home/93692665,3535 Hartford St,38.6019027,-90.2414371,0.2317898696719799,0.19339125583129735,0.2669339465960327
https://www.redfin.com/MO/Saint-Louis/3841-Juniata-St-63116/home/77520287,3841 Juniata St,38.6016566,-90.2478432,0.3243684528592451,0.35581720816525736,0.37788375149768655
https://www.redfin.com/MO/Saint-Louis/5408-Winona-Ave-63109/home/93782454,5408 Winona Ave,38.5911978,-90.2839393,0.46772418599475674,0.44032471463544415,0.3947845668399314
https://www.redfin.com/MO/Saint-Louis/3337-Minnesota-Ave-63118/home/93693482,3337 Minnesota Ave,38.5951867,-90.23471,0.35339290404824913,0.3328949185611328,0.3135377721870368
https://www.redfin.com/MO/Saint-Louis/5241-Nottingham-Ave-63109/home/93753505,5241 Nottingham Ave,38.5859478,-90.2818693,0.3962993996805415,0.4321027275011492,0.40100044618975994
https://www.redfin.com/MO/Saint-Louis/6015-Arsenal-St-63139/home/93768830,6015 Arsenal St,38.607356,-90.290834,0.32573139284234215,0.3254475739532475,0.29618038668373275
https://www.redfin.com/MO/Saint-Louis/3500-Connecticut-St-63118/home/92907663,3500 Connecticut St,38.5996214,-90.2407221,0.2969249196085713,0.2822055251302839,0.2714739719865401
https://www.redfin.com/MO/Saint-Louis/5725-Lansdowne-Ave-63109/home/62738753,5725 Lansdowne Ave,38.5897769,-90.2908016,0.4058701196285003,0.4261906676727122,0.4301288847481112
https://www.redfin.com/MO/Saint-Louis/4409-Gibson-Ave-63110/home/93750856,4409 Gibson Ave,38.6292821,-90.2585399,0.3321615283106388,0.30214254841513183,0.30041343334651227
https://www.redfin.com/MO/Saint-Louis/1425-Brock-St-63139/home/93740765,1425 Brock St,38.6256275,-90.3023972,0.5682604258346723,0.4769352624084248,0.45995574496817787
https://www.redfin.com/MO/Saint-Louis/4222-Red-Bud-Ave-63115/home/93714778,4222 Red Bud Ave,38.6736717,-90.2271594,0.5147991235591255,0.501163704701622,0.4761565218231155
https://www.redfin.com/MO/Saint-Louis/5660-Oleatha-Ave-63139/home/93780676,5660 Oleatha Ave,38.5968157,-90.2873733,0.3493294445544058,0.3491065652345725,0.36619802299141646
https://www.redfin.com/MO/Saint-Louis/5743-Westminster-Pl-63112/home/93767313,5743 Westminster Pl,38.6525923,-90.2870619,0.33819776179813105,0.2827058022239199,0.22515855325316642
https://www.redfin.com/MO/Saint-Louis/3820-Wisconsin-Ave-63118/home/93696867,3820 Wisconsin Ave,38.5849378,-90.2222587,0.38391683005653826,0.40650896368972256,0.4271864136986108
https://www.redfin.com/MO/Saint-Louis/4028-Pennsylvania-Ave-63118/home/93704947,4028 Pennsylvania Ave,38.5826127,-90.2356221,0.3988698916309448,0.4013554068694119,0.36826370807232295
https://www.redfin.com/MO/Saint-Louis/4938-Lansdowne-Ave-63109/home/93752989,4938 Lansdowne Ave,38.5877958,-90.2774473,0.417267653338752,0.37566401869260085,0.3389394632502714
https://www.redfin.com/MO/Saint-Louis/2816-McNair-Ave-63118/home/63588065,2816 Mcnair Ave,38.6015669,-90.2199871,0.28316839604773975,0.3685236381804522,0.3649608340016163
https://www.redfin.com/MO/Saint-Louis/3309-Commonwealth-Ave-63143/home/93751140,3309 Commonwealth Ave,38.606223,-90.3145887,0.5458491189919815,0.4965425599388886,0.4841074270475236
https://www.redfin.com/MO/Saint-Louis/3002-Geyer-Ave-63104/home/93690000,3002 Geyer Ave,38.6137705,-90.2295999,0.5603374009738106,0.44142966234165804,0.44096427755721157
https://www.redfin.com/MO/Saint-Louis/3335-Pennsylvania-Ave-63118/home/93693565,3335 Pennsylvania Ave,38.5950258,-90.2335406,0.36366409767481866,0.3410842832465276,0.31045165569476135
https://www.redfin.com/MO/Saint-Louis/3936-Oregon-Ave-63118/home/93704260,3936 Oregon Ave,38.5839199,-90.2330066,0.39370452176220083,0.3609309058734453,0.3385022979212493
https://www.redfin.com/MO/Saint-Louis/4111-California-Ave-63118/home/93705077,4111 California Ave,38.5809407,-90.2329038,0.38044383477862237,0.3836525769649854,0.376288662668808
https://www.redfin.com/MO/Saint-Louis/1226-Russell-Blvd-63104/home/62759209,1226 Russell Blvd,38.6078244,-90.2107681,0.19665956189122283,0.17848144242639274,0.18163780138429847
https://www.redfin.com/MO/Saint-Louis/5715-Enright-Ave-63112/home/93739395,5715 Enright Ave,38.6554686,-90.2852997,0.41998535111259927,0.40266902718171255,0.3485587549181435
https://www.redfin.com/MO/Saint-Louis/4738-Ray-Ave-63116/home/93778424,4738 Ray Ave,38.579484,-90.2621051,0.4085853322617488,0.3756993876395703,0.36926869736972645
https://www.redfin.com/MO/Saint-Louis/2018-Senate-St-63118/unit-R/home/103204411,2018 Senate St Unit R,38.6028817,-90.2186238,0.3311912615756803,0.2965231416900292,0.3273863761216036
https://www.redfin.com/MO/Saint-Louis/4998-Fairview-Ave-63139/home/93777053,4998 Fairview Ave,38.5982249,-90.2752252,0.38908139871924996,0.3655111618347285,0.3425872903079209
https://www.redfin.com/MO/Saint-Louis/3939-Botanical-Ave-63110/home/103203297,3939 Botanical Ave,38.6095561,-90.2477216,0.2990876423177056,0.30666588000027817,0.3106399251553197
https://www.redfin.com/MO/Saint-Louis/4152-Flad-Ave-63110/home/93746497,4152 Flad Ave,38.6123526,-90.2531714,0.25462143500180484,0.32899649270368975,0.377247362009523
https://www.redfin.com/MO/Saint-Louis/4934-Murdoch-Ave-63109/home/93753338,4934 Murdoch Ave,38.5860513,-90.277848,0.36010938547032595,0.36273799388085676,0.3119460644145699
https://www.redfin.com/MO/Saint-Louis/2856-Russell-Blvd-63104/home/93690722,2856 Russell,38.6117695,-90.2285006,0.3228033206037227,0.38733381777620457,0.40498504779385647
https://www.redfin.com/MO/Saint-Louis/1535-Gregg-Ave-63139/home/93762232,1535 Gregg Ave,38.6225256,-90.2930995,0.4352077425385642,0.33757399866643306,0.3629991514082729
https://www.redfin.com/MO/Saint-Louis/6375-Devonshire-Ave-63109/home/93780137,6375 Devonshire Ave,38.5897213,-90.2999651,0.4269335533026792,0.4586419065443908,0.43637208637316904
https://www.redfin.com/MO/Saint-Louis/6128-Marwinette-Ave-63116/home/93773761,6128 Marwinette Ave,38.5686044,-90.2671489,0.4896166882155874,0.4655308576418079,0.43029891361100125
https://www.redfin.com/MO/Saint-Louis/4124-S-Compton-Ave-63118/home/93705257,4124 S Compton Ave,38.5813658,-90.2393806,0.3376271408063265,0.37712367524429896,0.37653759870609654
https://www.redfin.com/MO/Saint-Louis/3251-Missouri-Ave-63118/home/93693898,3251 Missouri Ave,38.5951451,-90.2230813,0.38162321891963913,0.3909967671450915,0.34742491385501945
https://www.redfin.com/MO/Saint-Louis/3756-Olive-St-63108/unit-15/home/176875150,3756 Olive St,38.6400783,-90.2373737,0.1924526114337789,0.25162307976096554,0.19644570965784441
https://www.redfin.com/MO/Saint-Louis/4634-Steffens-Ave-63116/home/93767189,4634 Steffens Ave,38.5805859,-90.2598954,0.4526002201243955,0.4035800323484412,0.3694477417089842
https://www.redfin.com/MO/Saint-Louis/5700-Lansdowne-Ave-63109/home/93753048,5700 Lansdowne Ave,38.5891785,-90.2901528,0.3908698474682599,0.413026422942998,0.4129025173884409
https://www.redfin.com/MO/Saint-Louis/5473-Oleatha-Ave-63139/home/93780891,5473 Oleatha Ave,38.5969323,-90.28416,0.4637692863163835,0.4615478425845701,0.3936247664576905
https://www.redfin.com/MO/Saint-Louis/5980-Astra-Ave-63147/home/93770366,5980 Astra,38.7099777,-90.2496647,0.4021651159972901,0.46424013335307285,0.40150374304046743
https://www.redfin.com/MO/Saint-Louis/2000-Senate-St-63118/home/93697757,2000 Senate,38.6027388,-90.2181058,0.2973766350638434,0.28865796108199754,0.3308687584516395
https://www.redfin.com/MO/Saint-Louis/5203-Windsor-Pkwy-63116/home/93765296,5203 Windsor Pkwy,38.5820115,-90.2775121,0.465195276413193,0.4797942212986502,0.43214315371425255
https://www.redfin.com/MO/Saint-Louis/6312-Lucille-Ave-63136/home/93745615,6312 Lucille Ave,38.7066254,-90.2603532,0.4589509371874575,0.4701186293485166,0.5217512894446906
https://www.redfin.com/MO/Saint-Louis/6928-Garner-Ave-63139/home/93741053,6928 Garner Ave,38.6200787,-90.3075033,0.46317269292453295,0.4946962914914236,0.47645119727056967
https://www.redfin.com/MO/Saint-Louis/1131-Childress-Ave-63139/home/88995356,1131 Childress Ave,38.6292413,-90.2949348,0.4061583892769078,0.3973436878998381,0.4042369203333584
https://www.redfin.com/MO/Saint-Louis/3915-Russell-Blvd-63110/home/93747573,3915 Russell Blvd,38.6142398,-90.2461134,0.33476867311037456,0.3466855909995299,0.38968131090813674
https://www.redfin.com/MO/Saint-Louis/3907-Burgen-Ave-63116/home/93781486,3907 Burgen Ave,38.5710687,-90.2612524,0.3957999587906277,0.4035306034531479,0.39811228691790995
https://www.redfin.com/MO/Saint-Louis/3117-Mount-Pleasant-St-63111/home/93706244,3117 Mount Pleasant St,38.5732275,-90.2396978,0.3441755815087297,0.3532438031953977,0.3726880347052778
https://www.redfin.com/MO/Saint-Louis/6434-Wanda-Ave-63116/home/93770659,6434 Wanda Ave,38.5699624,-90.2765057,0.359569700280974,0.3829200297325118,0.43458239331771337
https://www.redfin.com/MO/Saint-Louis/5621-Southwest-Ave-63139/home/93727233,5621 Southwest Ave,38.608435,-90.28285,0.3756190513906989,0.4592574906459109,0.4567356725191165
https://www.redfin.com/MO/Saint-Louis/5415-Childress-Ave-63109/home/93782736,5415 Childress Ave,38.5816753,-90.3016527,0.5906395245555984,0.5196998074054698,0.558336355085366
https://www.redfin.com/MO/Saint-Louis/6719-Dolan-Pl-63139/home/93765058,6719 Dolan Pl,38.629938,-90.3014715,0.4292735384379721,0.3310936520075295,0.3444587621621064
https://www.redfin.com/MO/Saint-Louis/3410-Halliday-Ave-63118/home/62694309,3410 Halliday Ave,38.6046525,-90.2376465,0.4679945228668986,0.3892125977227102,0.32088026923766233
https://www.redfin.com/MO/Saint-Louis/4557-Wabash-Ave-63109/home/93780799,4557 Wabash Ave,38.5902298,-90.3149485,0.416881093545438,0.3893529470324895,0.41088911122388616
https://www.redfin.com/MO/Saint-Louis/4636-S-Compton-Ave-63111/home/93706850,4636 S Compton Ave,38.5721478,-90.2413106,0.4198600966185163,0.4065273681667479,0.3610229513573907
https://www.redfin.com/MO/Saint-Louis/5721-Floy-Ave-63136/home/93765363,5721 Floy Ave,38.7107358,-90.255801,0.42248143574234837,0.4196654921122426,0.42090465363922425
https://www.redfin.com/MO/Saint-Louis/2657-Oregon-Ave-63118/home/62748288,2657 Oregon Ave,38.6049335,-90.2291553,0.3399939211094834,0.32118487975121035,0.32588638946435305
https://www.redfin.com/MO/Saint-Louis/4445-Tholozan-Ave-63116/home/93756361,4445 Tholozan Ave,38.5936957,-90.2672831,0.34658181595323057,0.3876595026564657,0.4117035927268495
https://www.redfin.com/MO/Saint-Louis/4219-Louisiana-Ave-63111/home/93705455,4219 Louisiana Ave,38.5800845,-90.2424366,0.36421075948236364,0.28019508364758006,0.2700203006741255
https://www.redfin.com/MO/Saint-Louis/5207-Gresham-Ave-63109/home/62723050,5207 Gresham Ave,38.5745499,-90.2863816,0.34360759892736137,0.34089583955069,0.36479541507008917
https://www.redfin.com/MO/Saint-Louis/2837-Wisconsin-Ave-63118/home/93691590,2837 Wisconsin Ave,38.6007981,-90.2193616,0.38636685318275005,0.4156304867920595,0.36320372825436315
https://www.redfin.com/MO/Saint-Louis/4708-Vienna-Ave-63109/home/93780144,4708 Vienna Ave,38.5877886,-90.2962704,0.459697301118103,0.45210406765592365,0.41124614646539326
https://www.redfin.com/MO/Saint-Louis/4215-Utah-St-63116/home/93729436,4215 Utah St,38.5989863,-90.2593492,0.4879325201354372,0.42345494551937507,0.34815024981310805
https://www.redfin.com/MO/Saint-Louis/1955-Wyoming-St-63118/home/93681647,1955 Wyoming St,38.596456,-90.2198427,0.44618847901426856,0.4039527156507836,0.37604257113950673
https://www.redfin.com/MO/Saint-Louis/1912-Lasalle-St-63104/home/62768969,1912 Lasalle St,38.6196655,-90.2119652,0.2975635432921553,0.29104176632301093,0.2875307302474047
https://www.redfin.com/MO/Saint-Louis/6122-Southwest-Ave-63139/home/93774019,6122 Southwest Ave,38.6113029,-90.2918979,0.37304349622969596,0.3896990030175422,0.3770518188293973
https://www.redfin.com/MO/Saint-Louis/1207-Sidney-St-63104/home/93686969,1207 Sidney St,38.602418,-90.2125204,0.27666295209598735,0.2885605612108197,0.28821168115848866
https://www.redfin.com/MO/Saint-Louis/6256-Marmaduke-Ave-63139/home/93767690,6256 Marmaduke Ave,38.6101524,-90.2948616,0.4100921733379747,0.41645985730742985,0.4300570468754676
https://www.redfin.com/MO/Saint-Louis/4246-Schiller-Pl-63116/home/93781162,4246 Schiller Pl,38.5778347,-90.2680094,0.3052249542398295,0.31460016331187485,0.3529279543254436
https://www.redfin.com/MO/Saint-Louis/4108-Oregon-Ave-63118/home/93705074,4108 Oregon Ave,38.5811024,-90.2335816,0.4043684989690887,0.3852586616378976,0.36794305253327614
https://www.redfin.com/MO/Saint-Louis/4312-Wabash-Ave-63109/home/93774601,4312 Wabash Ave,38.5933338,-90.3158755,0.4106785010394252,0.43176930782561806,0.4385617805602634
https://www.redfin.com/MO/Saint-Louis/3947-Bowen-St-63116/home/93773835,3947 Bowen St,38.5682085,-90.2648326,0.41762721983060047,0.4072618220560591,0.39510248061931386
https://www.redfin.com/MO/Saint-Louis/5021-S-Kingshighway-Blvd-63109/home/93766943,5021 S Kingshighway Blvd,38.5837735,-90.2777097,0.2939775634582246,0.3304863998719704,0.3449557279297215
https://www.redfin.com/MO/Saint-Louis/3719-Ohio-Ave-63118/home/93696190,3719 Ohio Ave,38.5876261,-90.2291953,0.3323170313759298,0.34695099811392016,0.3494535841241887
https://www.redfin.com/MO/Saint-Louis/5600-Rhodes-Ave-63109/home/93777545,5600 Rhodes Ave,38.5781779,-90.2900389,0.4018772431182816,0.37595627638503337,0.37250653447894577
https://www.redfin.com/MO/Saint-Louis/4032-Schiller-Pl-63116/home/93781112,4032 Schiller Pl,38.5752887,-90.2631229,0.38120653239659563,0.47666372977936594,0.5362942019970212
https://www.redfin.com/MO/Saint-Louis/3507-Hawthorne-Blvd-63104/home/93748598,3507 Hawthorne,38.6108417,-90.2385048,0.6117241105715205,0.5596772528554885,0.45163859382890886
https://www.redfin.com/MO/Saint-Louis/4063-Magnolia-Ave-63110/home/93746397,4063 Magnolia Ave,38.6083902,-90.2514234,0.45492191155663514,0.49801643728502826,0.5237400812259456
https://www.redfin.com/MO/Saint-Louis/6709-Leona-St-63116/home/93779057,6709 Leona,38.5652382,-90.2723072,0.5395801992855523,0.5326121825870344,0.49011195896023874
https://www.redfin.com/MO/Saint-Louis/5222-Parker-Ave-63139/home/62696267,5222 Parker Ave,38.5993874,-90.2783243,0.4617827717547911,0.4552264543145351,0.4176979660920799
https://www.redfin.com/MO/Saint-Louis/4041-Parker-Ave-63116/home/93729188,4041 Parker Ave,38.596666,-90.2550267,0.4390307928262882,0.4179732705491002,0.39510772512212955
https://www.redfin.com/MO/Saint-Louis/3120-S-Compton-Ave-63118/home/93692763,3120 S Compton Ave,38.6010869,-90.235274,0.35004115086971216,0.37242337350923305,0.31931695723649994
https://www.redfin.com/MO/Saint-Louis/6541-Winnebago-St-63109/home/93775095,6541 Winnebago St,38.5944368,-90.3030348,0.33327854531578577,0.3576712332203519,0.3166717158436451
https://www.redfin.com/MO/Saint-Louis/5758-Gresham-Ave-63109/home/93774280,5758 Gresham Ave,38.5750265,-90.2943531,0.19955477573634478,0.2701937149168564,0.3359320163444345
https://www.redfin.com/MO/Saint-Louis/6257-Hoffman-Ave-63139/home/93768062,6257 Hoffman Ave,38.6086778,-90.2951283,0.4248560505424265,0.3942448360129716,0.36839551258596265
https://www.redfin.com/MO/Saint-Louis/5224-Tamm-Ave-63109/home/93780274,5224 Tamm Ave,38.5841677,-90.2987785,0.42911969433422975,0.47547537454884004,0.5348350250298431
https://www.redfin.com/MO/Saint-Louis/3651-Blow-St-63116/home/93711808,3651 Blow St,38.5580328,-90.2652765,0.3600742801550574,0.36525682801408355,0.3892926139812535
https://www.redfin.com/MO/Saint-Louis/5422-Odell-St-63139/home/93727341,5422 Odell St,38.6070915,-90.2799661,0.37035572917435094,0.37062819046217904,0.4345194119976277
https://www.redfin.com/MO/Saint-Louis/5263-Parker-Ave-63139/home/62748407,5263 Parker Ave,38.5999632,-90.2796662,0.4363389541636761,0.39546481191546756,0.40705109028149783
https://www.redfin.com/MO/Saint-Louis/5211-Nagel-Ave-63109/home/93758204,5211 Nagel Ave,38.5701545,-90.2902479,0.3150450280563814,0.34532984548030926,0.35642971433213505
https://www.redfin.com/MO/Saint-Louis/5704-Lansdowne-Ave-63109/home/93753055,5704 Lansdowne Ave,38.5891665,-90.2902733,0.3993432013187536,0.41015464287957615,0.4133288408260143
https://www.redfin.com/MO/Saint-Louis/3834-Bingham-Ave-63116/home/93767384,3834 Bingham Ave,38.581938,-90.2504397,0.35196424817678984,0.33593213993543086,0.3479572390992557
https://www.redfin.com/MO/Saint-Louis/4444-Bingham-Ave-63116/home/93772053,4444 Bingham Ave,38.5900129,-90.2689342,0.35526622917394457,0.3161760987469421,0.28897816839171875
https://www.redfin.com/MO/Saint-Louis/3967-Holly-Hills-Blvd-63116/home/93773772,3967 Holly Hills Blvd,38.5667648,-90.2670138,0.5075599398138765,0.5028282093192615,0.5305595952876242
https://www.redfin.com/MO/Saint-Louis/5650-Leona-St-63116/home/62762329,5650 Leona,38.5721768,-90.265145,0.40941157560888786,0.3841515239884336,0.4021200670931933
https://www.redfin.com/MO/Saint-Louis/3800-Olive-St-63108/home/181866747,3800 Olive St,38.6402199,-90.237528,0.14213689192314835,0.24958473047960447,0.19668647604469466
https://www.redfin.com/MO/Saint-Louis/6412-Colletta-Dr-63139/home/93784650,6412 Colletta Dr,38.614079,-90.2968247,0.5137722412507408,0.5001578889101302,0.4723053867580709
https://www.redfin.com/MO/Saint-Louis/6759-W-Park-Ave-63139/home/62761874,6759 W Park Ave,38.6284006,-90.302927,0.4671026296049172,0.39651817669337763,0.3989852573775154
https://www.redfin.com/MO/St-Louis/3820-Olive-St-63108/unit-8/home/193424225,3820 Olive St Lot 8,38.6404584,-90.2381704,0.13839825829843236,0.24080654520788544,0.20585879691908343
https://www.redfin.com/MO/Saint-Louis/1234-Dolman-St-63104/home/143286255,1234 Dolman St,38.6173581,-90.2096118,0.23182670659534488,0.2670020861955462,0.27185336713889546
https://www.redfin.com/MO/Saint-Louis/4030-Saint-Louis-Ave-63107/home/93716538,4030 Saint Louis Ave,38.6594554,-90.2301642,0.303845586552425,0.3640896584968707,0.35700542763059917
https://www.redfin.com/MO/Saint-Louis/252-Woodbourne-Dr-63105/home/62705469,252 Woodbourne Dr,38.6424206,-90.3036636,0.4922117786822267,0.4989112317748324,0.5171560897083073
https://www.redfin.com/MO/Saint-Louis/2306-Sulphur-Ave-63139/home/93741634,2306 Sulphur Ave,38.6150407,-90.288518,0.2952643669357818,0.31157773076279494,0.3266954774810813
https://www.redfin.com/MO/Saint-Louis/4339-Potomac-St-63116/home/93774397,4339 Potomac St,38.5959716,-90.263933,0.3108175159794277,0.3025200503378803,0.27836500694814
https://www.redfin.com/MO/Saint-Louis/2631-January-Ave-63139/home/93726782,2631 January Ave,38.6109068,-90.2837193,0.39648124488461745,0.3515546776569987,0.3675382659586282
https://www.redfin.com/MO/Saint-Louis/8531-Lowell-St-63147/home/93731605,8531 Lowell St,38.718646,-90.2281213,0.5213107973064024,0.5035701110077301,0.40969017736532826
https://www.redfin.com/MO/Saint-Louis/3438-Russell-Blvd-63104/unit-303/home/93690987,3438 Russell Blvd #303,38.6125353,-90.2370616,0.49401705510683375,0.48005088109885075,0.48137408336892984
https://www.redfin.com/MO/Saint-Louis/5962-Maple-Ave-63112/home/93723866,5962 Maple Ave,38.6612779,-90.2917962,0.3855931821008209,0.477870125362829,0.477052739058185
https://www.redfin.com/MO/Saint-Louis/6223-Potomac-St-63139/home/93775397,6223 Potomac St,38.5989785,-90.2958383,0.3489988388373324,0.36337861822185347,0.37870156841984054
https://www.redfin.com/MO/Saint-Louis/6053-Bishops-Pl-63109/home/84228056,6053 Bishops Pl,38.5759235,-90.3014088,0.4865411963555867,0.4666655913897166,0.42012382992630004
https://www.redfin.com/MO/Saint-Louis/7016-Horner-Ave-63117/home/93786067,7016 Horner Ave,38.6252062,-90.3082831,0.542396863308246,0.5346923100867826,0.49619698765189674
https://www.redfin.com/MO/Saint-Louis/4003-Shreve-Ave-63115/home/93732828,4003 Shreve Ave,38.6763261,-90.2442133,0.31774276507113264,0.34231564872959086,0.35642210669501606
https://www.redfin.com/MO/St-Louis/3826-Olive-St-63108/unit-7/home/194935156,3826 Olive St Lot 7,38.640621,-90.2380476,0.1936509667047148,0.22721052252007562,0.20771185438802509
https://www.redfin.com/MO/Saint-Louis/6739-Wise-Ave-63139/home/93740518,6739 Wise Ave,38.6291821,-90.30213,0.3841479575997519,0.3939610155621323,0.36856433028141616
https://www.redfin.com/MO/Saint-Louis/6542-Hoffman-Ave-63139/home/93741675,6542 Hoffman Ave,38.6088038,-90.2999173,0.4615986120885281,0.42662491154072046,0.4384262722973377
https://www.redfin.com/MO/Saint-Louis/4128-Tesson-St-63123/home/93784162,4128 Tesson St,38.5569629,-90.2823878,0.4326878628758312,0.4547086942031641,0.4238941051436836
https://www.redfin.com/MO/Saint-Louis/5512-Finkman-St-63109/home/93776605,5512 Finkman St,38.5764345,-90.2895123,0.3437384877799734,0.40574755278232283,0.3903397375762805
https://www.redfin.com/MO/Saint-Louis/3704-Ohio-Ave-63118/home/93696540,3704 Ohio Ave,38.58797,-90.2286628,0.3458530011069193,0.36117926677710405,0.359692582848967
https://www.redfin.com/MO/Saint-Louis/6801-Arthur-Ave-63139/home/93743408,6801 Arthur Ave,38.602547,-90.3060929,0.4772552697262586,0.4346675399697758,0.41265957502578704
https://www.redfin.com/MO/Saint-Louis/4729-Prague-Ave-63109/home/93780243,4729 Prague Ave,38.5873739,-90.2978917,0.40742793833947893,0.39505119131062455,0.4177798082636862
https://www.redfin.com/MO/St-Louis/4941-Fairview-Ave-63139/home/182673086,4941 Fairview Ave,38.5981101,-90.2726924,0.3219060876137637,0.32191221714281726,0.30947512557896495
https://www.redfin.com/MO/Saint-Louis/4556-Athlone-Ave-63115/home/93714019,4556 Athlone Ave,38.677599,-90.2236876,0.3628975517166522,0.38217029979875533,0.3984226237796198
https://www.redfin.com/MO/Saint-Louis/4118-Botanical-Ave-63110/home/62733923,4118 Botanical Ave,38.609581,-90.252409,0.2997244563267909,0.3005309993131326,0.3605735839441832
https://www.redfin.com/MO/Saint-Louis/4343-Delmar-Blvd-63108/home/146874005,4343 Delmar Blvd,38.6486442,-90.2491148,0.427577637360662,0.41403619445438816,0.3722033554552978
https://www.redfin.com/MO/Saint-Louis/5435-Eichelberger-St-63109/home/93767698,5435 Eichelberger St,38.5819436,-90.2864741,0.3158285697594553,0.33353723292169196,0.34477828820034806
https://www.redfin.com/MO/Saint-Louis/4002-Bates-St-63116/home/93771943,4002 Bates,38.5727913,-90.2630153,0.40262309475326574,0.41143875404870817,0.45084980128828667
https://www.redfin.com/MO/Saint-Louis/4333-Connecticut-St-63116/home/93749724,4333 Connecticut St,38.6019537,-90.262856,0.4179480865952412,0.3605830371689109,0.3375776670119539
https://www.redfin.com/MO/Saint-Louis/5231-Potomac-St-63139/home/93742667,5231 Potomac St,38.5981349,-90.279144,0.5007619162517764,0.4348104550285863,0.40556543953690966
https://www.redfin.com/MO/Saint-Louis/6604-Mardel-Ave-63109/home/93774884,6604 Mardel Ave,38.5959613,-90.3043468,0.3691353919971471,0.3805515494777918,0.3906881699296117
https://www.redfin.com/MO/Saint-Louis/3865-Bowen-St-63116/home/93773630,3865 Bowen St,38.5673731,-90.2632329,0.4239417864435645,0.3932087585964676,0.4007033815386008
https://www.redfin.com/MO/Saint-Louis/6271-Goener-Ave-63116/home/93756547,6271 Goener Ave,38.5734458,-90.2797411,0.25531108217911247,0.2626328986698597,0.3240259905796081
https://www.redfin.com/MO/Saint-Louis/5600-Tholozan-Ave-63109/home/93781642,5600 Tholozan Ave,38.5949155,-90.2856253,0.3507863620879813,0.3582223310257736,0.37133008016292507
https://www.redfin.com/MO/Saint-Louis/4581-Wabash-Ave-63109/home/93780806,4581 Wabash Ave,38.5894781,-90.3142727,0.38891118691303717,0.37646251593836244,0.42528375992635964
https://www.redfin.com/MO/Saint-Louis/2920-Eads-Ave-63104/home/93787264,2920 Eads Ave,38.6172833,-90.2284201,0.40202672553291846,0.401964132423942,0.361645542213144
https://www.redfin.com/MO/Saint-Louis/3700-January-Ave-63109/home/93781974,3700 January Ave,38.5951924,-90.2885965,0.27814871449305895,0.33146169444158957,0.33917265253944595
https://www.redfin.com/MO/Saint-Louis/4323-Hunt-Ave-63110/home/93726054,4323 Hunt Ave,38.6235406,-90.2570275,0.3028538852538756,0.2848693507064901,0.26536135088996776
https://www.redfin.com/MO/St-Louis/4153-Loughborough-62116/home/186481145,4153 Loughborough,38.565687,-90.275909,0.31414021373040873,0.30279370526976107,0.2919370767262753
https://www.redfin.com/MO/Saint-Louis/7804-Clymer-Dr-63123/home/93784951,7804 Clymer Dr,38.5539031,-90.2786114,0.4400099990265835,0.49731063165970796,0.5021794860277721
https://www.redfin.com/MO/Saint-Louis/3534-Pestalozzi-St-63118/home/93692740,3534 Pestalozzi St,38.6041446,-90.2409477,0.36336067783287723,0.40024744514312194,0.42491324928593155
https://www.redfin.com/MO/Saint-Louis/6416-Colletta-Dr-63139/home/62695677,6416 Colletta Dr,38.6140594,-90.2969693,0.511981485120106,0.5006500778970028,0.4678581573663789
https://www.redfin.com/MO/Saint-Louis/3822-Cleveland-Ave-63110/home/93700235,3822 Cleveland Ave,38.6106138,-90.2442832,0.4568155046916341,0.3875373333928149,0.33744003090140634
https://www.redfin.com/MO/Saint-Louis/3729-Ohio-Ave-63118/home/62691644,3729 Ohio,38.5873736,-90.2292778,0.3481954001011293,0.35258927714596355,0.3417989887957069
https://www.redfin.com/MO/Saint-Louis/3815-Pennsylvania-Ave-63118/home/93695954,3815 Pennsylvania Ave,38.5866627,-90.2352864,0.380416173711921,0.37643072288389345,0.3345072412765349
https://www.redfin.com/MO/Saint-Louis/7051-Lansdowne-Ave-63109/home/62689082,7051 Lansdowne,38.5920904,-90.3145677,0.38107198510608237,0.41242086470749995,0.40187820108284766
https://www.redfin.com/MO/Saint-Louis/4327-Connecticut-St-63116/home/173620403,4327 Connecticut St,38.601924,-90.2625623,0.38030082568576734,0.3268864573513263,0.3318533579192623
https://www.redfin.com/MO/Saint-Louis/3720-Humphrey-St-63116/home/93699991,3720 Humphrey St,38.5983672,-90.2462424,0.42328003090194805,0.3947710493813162,0.37193616523997897
https://www.redfin.com/MO/Saint-Louis/946-Bates-St-63111/home/93708411,946 Bates St,38.5671615,-90.2522038,0.3777237046618528,0.4177330938432282,0.4238254950913575
https://www.redfin.com/MO/Saint-Louis/1820-Lasalle-St-63104/home/93701191,1820 Lasalle,38.6195112,-90.2111947,0.37247846791816885,0.3246511400488365,0.2821799719258741
https://www.redfin.com/MO/Saint-Louis/2732-Utah-St-63118/home/93693777,2732 Utah,38.5953507,-90.2287749,0.3329009796804901,0.32255671348351467,0.28005109668770817
https://www.redfin.com/MO/Saint-Louis/7512-Virginia-Ave-63111/home/93710970,7512 Virginia Ave,38.5502812,-90.2610698,0.2949669822220739,0.3133827230265674,0.3116906775828593
https://www.redfin.com/MO/Saint-Louis/2811-Hickory-St-63104/home/93683240,2811 Hickory St,38.6218685,-90.2243998,0.4216489580503297,0.37102765034050683,0.2623007258057411
https://www.redfin.com/MO/Saint-Louis/2345-Rutger-St-63104/home/93700627,2345 Rutger St,38.6195531,-90.2191556,0.19731426803083454,0.27765259354103544,0.3085177518329589
https://www.redfin.com/MO/Saint-Louis/1538-Eton-Ln-63147/home/93732092,1538 Eton Ln,38.7133296,-90.2446785,0.3726193507520638,0.4128908087081662,0.4040868164891523
https://www.redfin.com/MO/Saint-Louis/3821-Regal-Pl-63109/home/93782538,3821 Regal Pl,38.5936872,-90.2858692,0.44994003510764746,0.4006694499920738,0.3570788428609371
https://www.redfin.com/MO/St-Louis/6291-Magnolia-Ave-63139/home/189846870,6291 Magnolia Ave,38.6122674,-90.2956655,0.30989664264224187,0.37473050789784484,0.44772916835225635
https://www.redfin.com/MO/Saint-Louis/5720-Murdoch-Ave-63109/home/62701032,5720 Murdoch Ave,38.5874174,-90.2910834,0.3936222403554455,0.4060448688292392,0.33477958611475994
https://www.redfin.com/MO/Saint-Louis/5932-Wise-Ave-63110/home/93726262,5932 Wise Ave,38.6276747,-90.2863915,0.36680828935353865,0.26514582188226876,0.24986371844288227
https://www.redfin.com/MO/Saint-Louis/2353-S-11th-St-63104/home/93686136,2353 S 11th St,38.6039818,-90.2104852,0.3981599536964889,0.3180037263604821,0.3053434908640196
https://www.redfin.com/MO/Saint-Louis/4357-Evans-Ave-63113/home/187276175,4357 Evans Ave,38.655237,-90.2450057,0.30312258115894924,0.3284366060834337,0.2879739154388331
https://www.redfin.com/MO/Saint-Louis/5771-Pershing-Ave-63112/home/93763162,5771 Pershing Ave,38.6490614,-90.2890793,0.4122868453802232,0.3877474522385293,0.41487675260202445
https://www.redfin.com/MO/Saint-Louis/2932-Hereford-St-63139/home/86870687,2932 Hereford St,38.6056386,-90.2729886,0.294935108027287,0.26840280620869705,0.2896901432374084
https://www.redfin.com/MO/Saint-Louis/2120-Boardman-St-63110/home/173620173,2120 Boardman St,38.6145789,-90.2700829,0.21941534370565868,0.20271156442539193,0.16577054904292787
https://www.redfin.com/MO/St-Louis/3536-Vista-63104/home/175982283,3536 Vista,38.621264,-90.236841,0.21264651358320444,0.22792330905693317,0.2742841866107947
https://www.redfin.com/MO/Saint-Louis/164-Cahokia-St-63118/home/93697165,164 Cahokia St,38.5843496,-90.2209592,0.39403361944327076,0.4468177746122578,0.42710544880901763
https://www.redfin.com/MO/Saint-Louis/2918-S-Compton-Ave-63118/unit-2918/home/109911639,2918 S Compton Ave,38.602975,-90.2349553,0.3211644066717241,0.3244607557826784,0.31132132220781605
https://www.redfin.com/MO/Saint-Louis/3708-Gustine-Ave-63116/home/93766232,3708 Gustine Ave,38.5899532,-90.2513513,0.33099919853628684,0.2714548814398957,0.2694584793324074
https://www.redfin.com/MO/Saint-Louis/5505-Wyoming-St-63139/home/93742781,5505 Wyoming St,38.6022872,-90.2814718,0.4176085345832445,0.44043824173403995,0.4264261777509151
https://www.redfin.com/MO/Saint-Louis/5811-De-Giverville-Ave-63112/home/62756462,5811 Degiverville Ave,38.6512957,-90.2896493,0.3966517972729038,0.34252084148417855,0.341012406004978
https://www.redfin.com/MO/Saint-Louis/3242-Regal-Pl-63139/home/93742813,3242 Regal Pl,38.6026317,-90.2838583,0.4498596433537702,0.4776736058623957,0.47626179006650615
https://www.redfin.com/MO/Saint-Louis/5410-Delmar-Blvd-63112/home/109911647,5410 Delmar Blvd,38.6529334,-90.2766034,0.2844301410628363,0.35031439734040776,0.3524812747324589
https://www.redfin.com/MO/Saint-Louis/3900-Randall-St-63116/home/93750332,3900 Randall,38.5772079,-90.2575206,0.3273466220696573,0.2770510512054504,0.31564644095211203
https://www.redfin.com/MO/Saint-Louis/5351-Mardel-Ave-63109/home/62741226,5351 Mardel Ave,38.5941584,-90.2827097,0.33444591872130974,0.34311300496772923,0.3435422372143613
https://www.redfin.com/MO/Saint-Louis/6002-Leona-St-63116/home/93773454,6002 Leona St,38.570237,-90.2666177,0.4029470027372166,0.4326204405893945,0.40313673358039037
https://www.redfin.com/MO/Saint-Louis/4322-Haven-St-63116/home/93771773,4322 Haven Street St,38.5677158,-90.2767835,0.2957540772044049,0.30086378743226255,0.33466037006234456
https://www.redfin.com/MO/Saint-Louis/1504-Sproule-Ave-63139/home/93761938,1504 Sproule Ave,38.623015,-90.2901733,0.33720304630103853,0.2866950798865745,0.3018857718428126
https://www.redfin.com/MO/Saint-Louis/7042-Mitchell-Ave-63117/home/93744207,7042 Mitchell Ave,38.6229038,-90.3096675,0.48838666635901173,0.5135963357079051,0.45312621809225423
https://www.redfin.com/MO/Saint-Louis/2147-Sulphur-Ave-63139/home/62721462,2147 Sulphur Ave,38.616356,-90.2884937,0.2526626407903943,0.24271749982387542,0.25267770131730094
https://www.redfin.com/MO/Saint-Louis/7845-Decatur-Dr-63123/home/62753994,7845 Decatur Dr,38.5545934,-90.2811505,0.5243746469909562,0.5335742693129383,0.4976534316369061
https://www.redfin.com/MO/Saint-Louis/7360-Yates-St-63116/home/93784818,7360 Yates,38.5590935,-90.2772354,0.4779435971082002,0.465117402706485,0.4876675613083408
https://www.redfin.com/MO/Saint-Louis/7332-Rainor-Ct-63116/home/93785345,7332 Rainor Ct,38.5577945,-90.2726967,0.44794426813955823,0.4522505116409643,0.4289461620331591
https://www.redfin.com/MO/Saint-Louis/3333-Michigan-Ave-63118/home/62773995,3333 Michigan Ave,38.5954509,-90.2358119,0.32057532172681164,0.31391064900289706,0.3086662641030618
https://www.redfin.com/MO/Saint-Louis/4415-Vista-Ave-63110/home/169425110,4415 Vista Ave,38.6240894,-90.2595827,0.2745204694710499,0.3115077895455269,0.3009881905857645
https://www.redfin.com/MO/Saint-Louis/1256-Gimblin-St-63147/home/76422730,1256 Gimblin St,38.7137727,-90.2372614,0.4582792357334565,0.4752788921831858,0.45017948959041537
https://www.redfin.com/MO/Saint-Louis/5631-Botanical-Ave-63110/home/173620136,5631 Botanical Ave,38.6128732,-90.2829165,0.32973611806164355,0.30930896896518467,0.30241547421201154
https://www.redfin.com/MO/Saint-Louis/406-Fassen-St-63111/home/93708656,406 Fassen St,38.5643612,-90.2446948,0.34144513477845007,0.34846466759843514,0.3325114689219822
https://www.redfin.com/MO/Saint-Louis/2233-Hickory-St-63104/home/181866123,2233 Hickory,38.6199999,-90.2167965,0.18603934314649612,0.20710657372497626,0.26760721150615285
https://www.redfin.com/MO/Saint-Louis/3131-Keokuk-St-63118/unit-3131/home/93672823,3131 Keokuk St,38.5858366,-90.2376764,0.26870705889580276,0.3029604287669057,0.33224228925323296
https://www.redfin.com/MO/Saint-Louis/4129-Cleveland-Ave-63110/home/109920100,4129 Cleveland Ave,38.6117595,-90.252378,0.3478358466213322,0.32789266775087056,0.33908352247146734
https://www.redfin.com/MO/Saint-Louis/3835-Hartford-St-63116/home/93728256,3835 Hartford St,38.6025225,-90.2475372,0.42929803120017895,0.4045181378141056,0.4720735024839567
https://www.redfin.com/MO/Saint-Louis/4313-S-37th-St-63116/home/93706009,4313 S 37th St,38.5802937,-90.247732,0.4082147342105757,0.3943206150851773,0.3896410651148087
https://www.redfin.com/MO/Saint-Louis/5406-S-Kingshighway-Blvd-63109/home/93759260,5406 S Kingshighway,38.5805683,-90.2787214,0.2588561574494051,0.2950164169288665,0.3525443460540039
https://www.redfin.com/MO/Saint-Louis/8310-S-Broadway-63111/home/93711900,8310 S Broadway,38.5419932,-90.2636924,0.2831013666325231,0.3242544381386288,0.3897110580114157
https://www.redfin.com/MO/Saint-Louis/6568-Mardel-Ave-63109/home/93775120,6568 Mardel Ave,38.5958762,-90.30353,0.3404155688385954,0.3814354884368382,0.36264638545733513
https://www.redfin.com/MO/Saint-Louis/1036-Sells-Ave-63147/home/93731357,1036 Sells Ave,38.7142205,-90.234331,0.4711611274007733,0.49100101384977585,0.43601101076185594
https://www.redfin.com/MO/Saint-Louis/5334-Elizabeth-Ave-63110/home/93768182,5334 Elizabeth Ave,38.6134843,-90.2769231,0.3507829860927337,0.3349169536551605,0.279272085149618
https://www.redfin.com/MO/Saint-Louis/3900-Wyoming-St-63116/home/93729555,3900 Wyoming,38.599482,-90.2503249,0.3094586817404114,0.3126749619692665,0.33354724123645735
https://www.redfin.com/MO/Saint-Louis/3865-McDonald-Ave-63116/home/93699962,3865 Mcdonald Ave,38.5968794,-90.2494721,0.36878268513518064,0.37561962864697357,0.37190524735560937
https://www.redfin.com/MO/Saint-Louis/5735-Arthur-Ave-63139/home/88662587,5735 Arthur Ave,38.6005996,-90.2867749,0.5544946558166752,0.5690883753313802,0.547127332346158
https://www.redfin.com/MO/Saint-Louis/4063-Potomac-St-63116/home/93729125,4063 Potomac St,38.5951496,-90.2560057,0.36685449181257457,0.37758805775397913,0.3996374344420448
https://www.redfin.com/MO/St-Louis/7027-Plateau-Ave-63117/home/194342618,7027 Plateau Ave,38.6242064,-90.3088492,0.44906483391518387,0.48043007947589295,0.46884374070901214
https://www.redfin.com/MO/Saint-Louis/5505-Cates-Ave-63112/home/93724003,5505 Cates Ave,38.6572228,-90.2789821,0.5285491456784918,0.5603643709414354,0.5169219436676126
https://www.redfin.com/MO/Saint-Louis/3025-Ohio-Ave-63118/home/93699151,3025 Ohio Ave,38.5999351,-90.2266189,0.26782289214146976,0.3467084262967127,0.33635331170742466
https://www.redfin.com/MO/Saint-Louis/3924-Potomac-St-63116/home/93728923,3924 Potomac,38.5943246,-90.2520138,0.36048226254510324,0.35777852113133946,0.3107589441055371
https://www.redfin.com/MO/Saint-Louis/6827-Minnesota-Ave-63111/home/93710475,6827 Minnesota Ave Unit A,38.5540245,-90.2541804,0.3336369578276432,0.35046597334815444,0.36326657331511336
https://www.redfin.com/MO/Saint-Louis/5721-Lisette-Ave-63109/home/62718415,5721 Lisette Ave,38.5762473,-90.292943,0.36081955998560544,0.3444771728112911,0.33564475946558125
https://www.redfin.com/MO/Saint-Louis/3459-Itaska-St-63111/home/93707221,3459 Itaska St,38.573516,-90.246756,0.30831217582578074,0.3235410845625801,0.3530345444096179
https://www.redfin.com/MO/Saint-Louis/4330-Chippewa-St-63116/home/93771903,4330 Chippewa St,38.590409,-90.2653333,0.33822842283496457,0.32348842286568236,0.3353067671459978
https://www.redfin.com/MO/Saint-Louis/5639-Eichelberger-St-63109/home/93767861,5639 Eichelberger,38.5823798,-90.2906013,0.3593269577151735,0.36151360021207873,0.36354430690481715
https://www.redfin.com/MO/Saint-Louis/5301-Blow-St-63109/home/77289299,5301 Blow St,38.5714919,-90.290854,0.36248631859366787,0.37131858561763564,0.3652982237549915
https://www.redfin.com/MO/Saint-Louis/3722-Keokuk-St-63116/home/93777693,3722 Keokuk St,38.586448,-90.2481857,0.44462399206911546,0.3865197742487353,0.385099047353975
https://www.redfin.com/MO/Saint-Louis/3407-Manhattan-Ave-63143/home/93751192,3407 Manhattan Ave,38.6040359,-90.3157347,0.4551037884110524,0.4701401885073892,0.46013427241569854
https://www.redfin.com/MO/Saint-Louis/6325-Winona-Ave-63109/home/88629084,6325 Winona Ave,38.5930836,-90.297798,0.34467458875408646,0.2977627889654284,0.25867538511737254
https://www.redfin.com/MO/Saint-Louis/2002-Victor-St-63104/home/101771222,2002 Victor St,38.6042877,-90.2167824,0.2761828118189462,0.25534004142036265,0.26396462876113375
https://www.redfin.com/MO/Saint-Louis/3943-Juniata-St-63116/home/93749827,3943 Juniata St,38.601777,-90.2515393,0.4819348200001181,0.4314544708021159,0.4018197409371865
https://www.redfin.com/MO/Saint-Louis/4038-Fairview-Ave-63116/home/93728989,4038 Fairview Ave,38.5954805,-90.2551101,0.34717849115505517,0.35055225087270775,0.38410928548175965
https://www.redfin.com/MO/Saint-Louis/6148-Tennessee-Ave-63111/home/93709466,6148 Tennessee Ave,38.5635417,-90.25706,0.42941587751139776,0.36220313350079353,0.354248913546321
https://www.redfin.com/MO/Saint-Louis/2909-Wyoming-St-63118/home/87395010,2909 Wyoming St,38.5979689,-90.231985,0.30846655102870774,0.2917828765109317,0.30125561006669793
https://www.redfin.com/MO/Saint-Louis/5643-Pernod-Ave-63139/home/93780758,5643 Pernod Ave,38.5963154,-90.2868429,0.35902361476055794,0.34841342464264724,0.36491041370207317
https://www.redfin.com/MO/Saint-Louis/6641-Villa-Ave-63139/home/173620408,6641 Villa Ave,38.625902,-90.299919,0.43185764544518884,0.48820820862603476,0.45179333596981386
https://www.redfin.com/MO/Saint-Louis/3841-Rainor-Ct-63116/home/93785251,3841 Rainor,38.5584622,-90.2732885,0.47249255473312723,0.4650919927633174,0.4534326571381118
https://www.redfin.com/MO/Saint-Louis/3327-Illinois-Ave-63118/home/93694036,3327 Illinois Ave,38.5938968,-90.2220938,0.329014353308624,0.34293152876125677,0.3435907739911173
https://www.redfin.com/MO/Saint-Louis/3511-Connecticut-St-63118/home/93693300,3511 Connecticut St,38.6000046,-90.240989,0.28592000644059906,0.2651712439263541,0.25537089173792266
https://www.redfin.com/MO/Saint-Louis/6409-Lansdowne-Ave-63109/home/93779904,6409 Lansdowne Ave,38.5906387,-90.3006097,0.4575199810557941,0.4581771803749717,0.40589789373775054
https://www.redfin.com/MO/Saint-Louis/2706-Saint-Vincent-Ave-63104/home/93700646,2706 Saint Vincent Ave,38.6174337,-90.2230922,0.47570919301666637,0.44115998625223407,0.3602217222231441
https://www.redfin.com/MO/Saint-Louis/3324-Vista-Ave-63104/home/93700908,3324 Vista Ave,38.6207326,-90.233719,0.20331091761069411,0.2952640915022732,0.3555968169560061
https://www.redfin.com/MO/St-Louis/3301-Eads-Ave-63104/unit-6A/home/175626342,3301 Eads Unit 6A,38.6183776,-90.2333146,0.4198539503313416,0.43799320766604216,0.3947993487379388
https://www.redfin.com/MO/Saint-Louis/3505-Illinois-Ave-63118/home/62758185,3505 Illinois Ave,38.5909028,-90.2226617,0.3185101055684942,0.3358537233458186,0.31023018335584285
https://www.redfin.com/MO/Saint-Louis/3829-Flad-Ave-63110/home/93700268,3829 Flad Ave,38.6118996,-90.2442755,0.4107911971729491,0.41973471530146095,0.411085570210389
https://www.redfin.com/MO/Saint-Louis/1508-Tamm-Ave-63139/home/93762236,1508 Tamm Ave,38.6233496,-90.2935769,0.373068556057796,0.39476174330588626,0.3984596278093932
https://www.redfin.com/MO/Saint-Louis/4200-Westminster-Pl-63108/home/62769117,4200 Westminster Pl,38.6433318,-90.2471977,0.4037857483747418,0.38702511582899934,0.34075139776635505
https://www.redfin.com/MO/Saint-Louis/7123-Rabenberg-Pl-63143/home/62759942,7123 Rabenberg Pl,38.6117245,-90.3115586,0.6086670678043219,0.5144784790496406,0.46821707693018716
https://www.redfin.com/MO/Saint-Louis/3221-Taft-Ave-63111/home/93706209,3221 Taft Ave,38.5744465,-90.2418803,0.32096107673485486,0.3118726954363882,0.32895684567930494
https://www.redfin.com/MO/Saint-Louis/4961-Schollmeyer-Ave-63109/home/93764457,4961 Schollmeyer Ave,38.5728661,-90.2864687,0.3697449702314546,0.38708487627273064,0.34871261265756337
https://www.redfin.com/MO/Saint-Louis/3204-Henrietta-St-63104/home/76312337,3204 Henrietta St,38.6168989,-90.232531,0.3220411411806319,0.36859392490437604,0.3803343136574156
https://www.redfin.com/MO/Saint-Louis/3705-Blow-St-63116/home/93712025,3705 Blow St,38.5586841,-90.2664833,0.2979662586101903,0.34849636626220704,0.3851049584587523
https://www.redfin.com/MO/Saint-Louis/4046-Holly-Hills-Blvd-63116/home/81971252,4046 Holly Hills Blvd,38.5676969,-90.2703982,0.4637370227047516,0.4767886874426771,0.45764306046798897
https://www.redfin.com/MO/Saint-Louis/4700-Penrose-St-63115/home/93733149,4700 Penrose St,38.6780275,-90.2399866,0.31970712284123953,0.32598486912135394,0.33804747287546605
https://www.redfin.com/MO/Saint-Louis/5734-Itaska-St-63109/home/93767934,5734 Itaska St,38.5847696,-90.2915451,0.47279697688028016,0.3874804880349588,0.3362794088707019
https://www.redfin.com/MO/Saint-Louis/5461-Goethe-Ave-63109/home/93775700,5461 Goethe Ave,38.5803163,-90.2875941,0.40852452418502516,0.39452941390452606,0.3530475212766664
https://www.redfin.com/MO/Saint-Louis/3131-Ivanhoe-Ave-63139/home/93741916,3131 Ivanhoe Ave,38.6075508,-90.3036051,0.4025336347765185,0.41426011020582487,0.3465800603177792
https://www.redfin.com/MO/Saint-Louis/6361-Devonshire-Ave-63109/home/93780127,6361 Devonshire Ave,38.5895943,-90.2995234,0.4021431004871886,0.4392983407526305,0.4282475043710872
https://www.redfin.com/MO/Saint-Louis/1448-Graham-St-63139/home/93778537,1448 Graham St,38.6242077,-90.2910913,0.43623988724154467,0.4252842921729605,0.3931500122671318
https://www.redfin.com/MO/Saint-Louis/4366-Osceola-St-63116/home/93764748,4366 Osceola St,38.5887228,-90.2671452,0.3334650446569681,0.36560796638900267,0.3759299745840258
https://www.redfin.com/MO/Saint-Louis/3943-Tholozan-Ave-63116/home/93728608,3943 Tholozan Ave,38.5922042,-90.2531847,0.31472066317031444,0.32160946528445844,0.30444014286025967
https://www.redfin.com/MO/Saint-Louis/4249-Botanical-Ave-63110/home/93746771,4249 Botanical Ave,38.6103337,-90.2563248,0.3688775150505887,0.34607342169033906,0.36087948918354484
https://www.redfin.com/MO/Saint-Louis/7137-Virginia-Ave-63111/home/93680054,7137 Virginia Ave,38.55306,-90.2585587,0.40960733739111094,0.4006651669164413,0.38351635877572254
https://www.redfin.com/MO/Saint-Louis/5476-Bischoff-Ave-63110/home/93772184,5476 Bischoff Ave,38.6151869,-90.2802814,0.3381753502399835,0.357846346632582,0.35735880951536836
https://www.redfin.com/MO/Saint-Louis/5887-Cates-Ave-63112/home/93723948,5887 Cates Ave,38.6582186,-90.2893557,0.2988864004272181,0.34157340781187595,0.41170259518940144
https://www.redfin.com/MO/Saint-Louis/5609-Pennsylvania-Ave-63111/home/93708607,5609 Pennsylvania Ave,38.5622666,-90.2432802,0.41177301510692177,0.3949056529238004,0.40576647013430883
https://www.redfin.com/MO/Saint-Louis/5219-Dewey-Ave-63116/home/93742517,5219 Dewey Ave,38.5728379,-90.2556605,0.48844397451489474,0.3571002446674946,0.36204513165439633
https://www.redfin.com/MO/Saint-Louis/4609-S-Broadway-63111/home/93706938,4609 S Broadway,38.5720839,-90.235072,0.30824641037614353,0.34208921392908626,0.4082846664658279
https://www.redfin.com/MO/Saint-Louis/3816-Flora-Pl-63110/home/93700327,3816 Flora Pl,38.6123531,-90.2438384,0.5458894175585459,0.4885493532974386,0.41886088701365504
https://www.redfin.com/MO/Saint-Louis/5016-Gerritt-Ave-63116/home/93766657,5016 Gerritt Ave,38.5763653,-90.2584285,0.41489954519274114,0.3798214948472879,0.3349543058869285
https://www.redfin.com/MO/St-Louis/2741-Lafayette-Ave-63104/home/194345320,2741 Lafayette Ave,38.6154652,-90.2248587,0.23342102658054792,0.22688325949832286,0.3037819121064684
https://www.redfin.com/MO/Saint-Louis/3428-Vista-Ave-63104/home/93700873,3428 Vista Ave,38.6209702,-90.2349779,0.3230792594208976,0.31418870729231635,0.3054787181348464
https://www.redfin.com/MO/Saint-Louis/6419-Woodbine-Ct-63109/home/93774318,6419 Woodbine Ct,38.5742032,-90.2902546,0.3856663745168341,0.36542322283937134,0.3784176859205297
https://www.redfin.com/MO/Saint-Louis/6423-Murdoch-Ave-63109/home/93779868,6423 Murdoch Ave,38.5888516,-90.301359,0.46458829430480547,0.4536352873968256,0.4514597173085888
https://www.redfin.com/MO/Saint-Louis/2826-Oregon-Ave-63118/home/93691817,2826 Oregon Ave,38.6032821,-90.2289878,0.3137551623843568,0.27105658857163295,0.27007392347678144
https://www.redfin.com/MO/Saint-Louis/5030-Lotus-Ave-63113/home/93738145,5030 Lotus Ave,38.6666537,-90.2604035,0.4029216010641649,0.3699743211325875,0.4385901857536771
https://www.redfin.com/MO/Saint-Louis/8100-Southpark-Ct-63125/home/62731698,8100 Southpark Ct,38.5505987,-90.273582,0.3572719152331346,0.4256700482624945,0.402459973691128
https://www.redfin.com/MO/Saint-Louis/2125-Macklind-Ave-63110/home/93726972,2125 Macklind Ave,38.6154496,-90.2776662,0.2562080411243676,0.2944908138258201,0.32699695486572133
https://www.redfin.com/MO/Saint-Louis/4435-Tholozan-Ave-63116/home/63731720,4435 Tholozan Ave,38.5936746,-90.2669597,0.36949735737276257,0.3872308847826364,0.410687786498197
https://www.redfin.com/MO/Saint-Louis/5813-Minnesota-Ave-63111/home/93708446,5813 Minnesota Ave,38.5611456,-90.245806,0.4577743876036855,0.40249203812867956,0.4087838672811275
https://www.redfin.com/MO/Saint-Louis/2005-Hereford-St-63110/home/93728066,2005 Hereford St,38.6162531,-90.2709954,0.2240559662190153,0.22527913069624528,0.17632831032190732
https://www.redfin.com/MO/Saint-Louis/3154-Garden-Hill-Ln-63139/home/93674337,3154 Garden Hill Ln,38.6048254,-90.2851472,0.30847463536122055,0.35941426840131724,0.4039582637612098
https://www.redfin.com/MO/Saint-Louis/1807-Cambridge-Ln-63147/home/93781517,1807 Cambridge Ln,38.7161555,-90.2504347,0.39952618750080304,0.42936950083636133,0.4309134857222542
https://www.redfin.com/MO/Saint-Louis/7136-Bancroft-Ave-63109/home/62693489,7136 Bancroft Ave,38.593776,-90.317627,0.5316512577310409,0.5013158143163263,0.3978940789813142
https://www.redfin.com/MO/Saint-Louis/7227-Pennsylvania-Ave-63111/home/93710712,7227 Pennsylvania Ave,38.5504974,-90.256458,0.37978133203132114,0.35094286817392184,0.3209584567218152
https://www.redfin.com/MO/Saint-Louis/7121-Yates-St-63116/home/93784129,7121 Yates Ave,38.5616868,-90.2746926,0.5124811892440978,0.4676559168539984,0.4188739929879461
https://www.redfin.com/MO/Saint-Louis/6949-Hancock-Ave-63139/home/93743562,6949 Hancock Ave,38.6018298,-90.3096702,0.5325896070985862,0.5203548966944787,0.45717072628948924
https://www.redfin.com/MO/Saint-Louis/5451-Tedmar-Ct-63139/home/93742842,5451 Tedmar Ct,38.5993079,-90.2828942,0.4545016997855756,0.4333723857546351,0.41487496663164636
https://www.redfin.com/MO/Saint-Louis/3328-Norma-Ct-63139/home/93743346,3328 Norma Ct,38.6019854,-90.3004104,0.42542331086715796,0.37713275074513464,0.36321332664412476
https://www.redfin.com/MO/Saint-Louis/4237-Botanical-Ave-63110/home/93746763,4237 Botanical Ave,38.6103018,-90.2558861,0.35448743385293385,0.3492487583617089,0.33370419035759186
https://www.redfin.com/MO/Saint-Louis/4351-Bingham-Ave-63116/home/93771900,4351 Bingham Ave,38.5897975,-90.2662039,0.4033810835891725,0.3988844516138699,0.3367154986847654
https://www.redfin.com/MO/Saint-Louis/3829-Upton-St-63116/home/93785265,3829 Upton St,38.5586562,-90.2719796,0.39243115992076394,0.3875602220882206,0.42823606000607306
https://www.redfin.com/MO/Saint-Louis/6551-Winona-Ave-63109/home/93775458,6551 Winona Ave,38.5935892,-90.3036601,0.3485306602423036,0.35381147633451465,0.3369044480792894
https://www.redfin.com/MO/Saint-Louis/5542-Mardel-Ave-63109/home/93782549,5542 Mardel Ave,38.5942418,-90.2872403,0.3536056330136148,0.3815344473439309,0.34927804491492703
https://www.redfin.com/MO/Saint-Louis/3833-Humphrey-St-63116/home/93728449,3833 Humphrey,38.5989314,-90.2479869,0.34166153867273674,0.28752322102080635,0.33378555706408436
https://www.redfin.com/MO/Saint-Louis/4261-Swan-Ave-63110/home/93725772,4261 Swan Ave,38.6263485,-90.2562277,0.28504687252122063,0.22350704289985932,0.26289512767648054
https://www.redfin.com/MO/Saint-Louis/6042-Oleatha-Ave-63139/home/93775374,6042 Oleatha Ave,38.5975746,-90.2943483,0.34618768834748004,0.3552366764875885,0.30445506391123567
https://www.redfin.com/MO/Saint-Louis/1313-S-Boyle-Ave-63110/home/93725927,1313 S Boyle Ave,38.6250494,-90.253922,0.2747565779614591,0.2736945298846316,0.26829320541730994
https://www.redfin.com/MO/Saint-Louis/3957-Cleveland-Ave-63110/home/93746275,3957 Cleveland Ave,38.6113731,-90.2480366,0.27101866405496866,0.2699679654809555,0.3161283636120697
https://www.redfin.com/MO/Saint-Louis/3117-Portis-Ave-63116/home/93748765,3117 Portis Ave,38.6044146,-90.2647635,0.36281558735774466,0.4388220111880643,0.4905523284241898
https://www.redfin.com/MO/Saint-Louis/3721-Hebert-St-63107/home/93702095,3721 Hebert St,38.6605097,-90.2205107,0.34066653389068047,0.32816922316630415,0.331977327176041
https://www.redfin.com/MO/Saint-Louis/5705-Lindenwood-Ave-63109/home/93780916,5705 Lindenwood Ave,38.5940365,-90.2894779,0.30314851821985217,0.3085434967946266,0.3074729323832218
https://www.redfin.com/MO/Saint-Louis/7403-Commonwealth-Ave-63143/home/93751164,7403 Commonwealth Ave,38.6075401,-90.3150829,0.540199209067552,0.5540204511576944,0.48962925040877775
https://www.redfin.com/MO/Saint-Louis/4745-Sigel-Ave-63116/home/93759127,4745 Sigel Ave,38.5765463,-90.278366,0.38695133446472685,0.38646532135866124,0.3743386287494756
https://www.redfin.com/MO/Saint-Louis/5623-Milentz-Ave-63109/home/93771456,5623 Milentz Ave,38.5797458,-90.2905315,0.388660202376993,0.3752382859865071,0.3747839990319384
https://www.redfin.com/MO/Saint-Louis/4934-Rosalie-St-63115/home/93760988,4934 Rosalie St,38.6895025,-90.2364376,0.46254304688029446,0.4744916784908986,0.4367655022227301
https://www.redfin.com/MO/Saint-Louis/6222-Marmaduke-Ave-63139/home/93767672,6222 Marmaduke Ave,38.6100622,-90.2936143,0.47158282253051115,0.4539903089455889,0.41546020220655494
https://www.redfin.com/MO/Saint-Louis/5318-Michigan-Ave-63111/home/62739357,5318 Michigan Ave,38.5654762,-90.2432738,0.3500837938435585,0.3745955515638448,0.35054002870400364
https://www.redfin.com/MO/Saint-Louis/5110-Page-Blvd-63113/home/93752372,5110 Page Blvd,38.6600753,-90.2662772,0.3486428013792069,0.4236392407197541,0.44254324876461726
https://www.redfin.com/MO/Saint-Louis/2902-Michigan-Ave-63118/home/93692123,2902 Michigan Ave,38.603268,-90.233591,0.2795598397854721,0.30706849122417174,0.33478013567296055
https://www.redfin.com/MO/Saint-Louis/6722-Dolan-Pl-63139/home/93740481,6722 Dolan Pl,38.6296106,-90.3016451,0.40929583845638856,0.36774488996755733,0.3481221416548172
https://www.redfin.com/MO/Saint-Louis/3530-Wyoming-St-63118/home/93693425,3530 Wyoming St,38.5988289,-90.2419318,0.2682069269340317,0.249157309954135,0.24480389586018356
https://www.redfin.com/MO/Saint-Louis/6923-Hillsland-Ave-63109/home/93781333,6923 Hillsland Ave,38.5896131,-90.3105536,0.37714508170080735,0.3641009598184262,0.3238327063925193
https://www.redfin.com/MO/Saint-Louis/5338-Northrup-Ave-63110/home/93726493,5338 Northrup Ave,38.6203576,-90.275674,0.3055024875995073,0.2789862874257132,0.22308807215960766
https://www.redfin.com/MO/Saint-Louis/5908-Victoria-Ave-63110/home/93726382,5908 Victoria Ave,38.6268271,-90.2855881,0.43134206807782405,0.4331018403897889,0.2995903766642524
https://www.redfin.com/MO/Saint-Louis/719-Lami-St-63104/home/62767433,719 Lami St,38.603708,-90.2060053,0.21375094546895537,0.22374107503544008,0.24525190582073048
https://www.redfin.com/MO/Saint-Louis/6601-Lindenwood-Pl-63109/home/93774920,6601 Lindenwood Pl,38.5954911,-90.3043036,0.40681287982853653,0.3871240214449185,0.37748671621563057
https://www.redfin.com/MO/St-Louis/3868-Blvd-Heights-Ct-63116/unit-67/home/177018858,3868 Boulevard Heights Ct Lot 67,38.559694,-90.27152,0.3110627336803416,0.3463517999474418,0.39834029393331766
https://www.redfin.com/MO/Saint-Louis/6600-Nottingham-Ave-63109/home/93779654,6600 Nottingham Ave,38.587927,-90.3062789,0.5175737492659104,0.49697846293572606,0.4121430269107734
https://www.redfin.com/MO/Saint-Louis/4221-Wyoming-St-63116/home/89184043,4221 Wyoming St,38.6007183,-90.2592353,0.39267087943213125,0.41568296698985885,0.37314399495148587
https://www.redfin.com/MO/Saint-Louis/5522-Lisette-Ave-63109/home/93776615,5522 Lisette Ave,38.57553,-90.2900375,0.48343048061137395,0.4328967195833645,0.3860259158518345
https://www.redfin.com/MO/Saint-Louis/2008-Crittenden-St-63118/home/93699104,2008 Crittenden St,38.5986717,-90.2201313,0.3933150668631838,0.3809571841838717,0.3673485436975691
https://www.redfin.com/MO/Saint-Louis/1530-Gregg-Ave-63139/home/93761924,1530 Gregg Ave,38.6225269,-90.2925856,0.3841900990171261,0.33513092968139657,0.34255095169113337
https://www.redfin.com/MO/Saint-Louis/4674-Rosa-Ave-63116/home/62732768,4674 Rosa Ave,38.577895,-90.2782978,0.36201392560600953,0.39565360283864404,0.37841884283834554
https://www.redfin.com/MO/Saint-Louis/1526-E-Linton-Ave-63107/home/93713250,1526 E Linton Ave,38.6753555,-90.2112433,0.43704223362204975,0.4766367253364564,0.46618630937601857
https://www.redfin.com/MO/Saint-Louis/3718-Humphrey-St-63116/home/93699992,3718 Humphrey St,38.5983483,-90.2461268,0.4357162627100267,0.4033110261212671,0.37358758869378234
https://www.redfin.com/MO/Saint-Louis/6726-Dolan-Pl-63139/home/93740482,6726 Dolan Pl,38.6296338,-90.3017629,0.3871181329948966,0.36128164161072795,0.3495126329570728
https://www.redfin.com/MO/Saint-Louis/4731-Rosa-Ave-63116/home/93759271,4731 Rosa Ave,38.5789893,-90.2783305,0.3553121337014819,0.3859148585429272,0.3625610979069608
https://www.redfin.com/MO/Saint-Louis/5308-Nottingham-Ave-63109/home/93755143,5308 Nottingham Ave,38.5856415,-90.2827782,0.37148921736838747,0.3921604477912356,0.37499384979492206
https://www.redfin.com/MO/Saint-Louis/6830-Lansdowne-Ave-63109/home/93773943,6830 Lansdowne Ave,38.5911276,-90.3090695,0.24611907526199264,0.2830924353917528,0.3189500362151552
https://www.redfin.com/MO/Saint-Louis/3415-Missouri-Ave-63118/home/93694542,3415 Missouri Ave,38.5925206,-90.2235338,0.33129537301016937,0.32379164548307987,0.3016574896867344
https://www.redfin.com/MO/Saint-Louis/3911-Potomac-St-63116/home/93729002,3911 Potomac St,38.5946642,-90.2514545,0.3702158398527815,0.3659808007853032,0.3126773691214235
https://www.redfin.com/MO/Saint-Louis/6910-Glades-Ave-63139/home/93741360,6910 Glades Ave,38.6212408,-90.306756,0.5470545035042985,0.4992031037239419,0.4503887987891501
https://www.redfin.com/MO/Saint-Louis/1443-Graham-St-63139/home/93778433,1443 Graham,38.6243587,-90.2915802,0.3942569921810655,0.3966904756659223,0.39504927324618194
https://www.redfin.com/MO/Saint-Louis/3944-Keokuk-St-63116/home/93778738,3944 Keokuk,38.5870304,-90.2538248,0.32900714726174624,0.35798896557230986,0.3668236505591921
https://www.redfin.com/MO/Saint-Louis/416-Fassen-St-63111/home/93708653,416 Fassen St,38.5645427,-90.2450716,0.2892319286082621,0.322173993117061,0.3203336171977503
https://www.redfin.com/MO/Saint-Louis/5322-Daggett-Ave-63110/home/93726884,5322 Daggett Ave,38.6168979,-90.2757578,0.2735857009132767,0.26689593239653703,0.28146978021842156
https://www.redfin.com/MO/Saint-Louis/6263-Odell-St-63139/home/93767966,6263 Odell St,38.6095675,-90.2951667,0.3445860905650415,0.3990011678772904,0.42013004651963554
https://www.redfin.com/MO/Saint-Louis/4141-Utah-St-63116/home/93729514,4141 Utah St,38.5987839,-90.2574242,0.37901205729714754,0.37671032856588693,0.396398808076136
https://www.redfin.com/MO/Saint-Louis/3418-Wisconsin-Ave-63118/home/93680298,3418 Wisconsin Ave,38.5921615,-90.2207798,0.287089033083666,0.29131465485889235,0.3174801931744422
https://www.redfin.com/MO/Saint-Louis/2221-Richert-Pl-63143/home/93741444,2221 Richert,38.6175885,-90.3103021,0.3881345219706409,0.40624553652106227,0.35922956024916314
https://www.redfin.com/MO/Saint-Louis/1730-S-10th-St-63104/home/93683838,1730 S 10th St,38.6104436,-90.2040879,0.372508612766769,0.2951824363618798,0.2753956780746605
https://www.redfin.com/MO/Saint-Louis/3716-N-25th-St-63107/home/93697062,3716 N 25th,38.6589356,-90.2083855,0.3126937194649676,0.34481121882279364,0.33663335085921386
https://www.redfin.com/MO/Saint-Louis/3313-Vista-Ave-63104/home/93700928,3313 Vista Ave,38.6209845,-90.2331811,0.3254134450278028,0.36752855136457085,0.38909952934699493
https://www.redfin.com/MO/Saint-Louis/1729-Nicholson-Pl-63104/home/93690284,1729 Nicholson Pl,38.613271,-90.21566,0.4447854147117353,0.3951518504526261,0.4217259826030008
https://www.redfin.com/MO/Saint-Louis/1319-Lami-St-63104/home/93686447,1319 Lami,38.6056696,-90.2127835,0.4776127237229568,0.4393858463585372,0.3422822929817422
https://www.redfin.com/MO/Saint-Louis/2516-Tamm-Ave-63139/home/93743586,2516 Tamm Ave,38.6152287,-90.2955293,0.569312538530218,0.5444520924880447,0.47267421014099836
https://www.redfin.com/MO/Saint-Louis/6064-Hancock-Ave-63139/home/93748787,6064 Hancock Ave,38.6002387,-90.2945732,0.4443929283878542,0.4119296600810722,0.388509338682896
https://www.redfin.com/MO/Saint-Louis/6024-Columbia-Ave-63139/home/93757210,6024 Columbia Ave,38.6122908,-90.2902086,0.4288277412785578,0.45517897544483527,0.4180866643891595
https://www.redfin.com/MO/Saint-Louis/7301-Pennsylvania-Ave-63111/home/93710800,7301 Pennsylvania Ave,38.5504195,-90.2569361,0.3612406825577689,0.3463964579864948,0.3294393073938473
https://www.redfin.com/MO/Saint-Louis/5721-Devonshire-Ave-63109/home/93753128,5721 Devonshire Ave,38.5887137,-90.2909706,0.3740615558134502,0.38091855322419593,0.3885385856558202
https://www.redfin.com/MO/Saint-Louis/3830-Juniata-St-63116/home/93728336,3830 Juniata,38.6012039,-90.2475579,0.31314137179238233,0.3367000238042625,0.3617731237484723
https://www.redfin.com/MO/Saint-Louis/2609-N-Sarah-St-63113/home/93717240,2609 N Sarah St,38.6577208,-90.2335284,0.46859949462674966,0.4153819328389564,0.4030488431915576
https://www.redfin.com/MO/Saint-Louis/7025-Ethel-Ave-63117/home/93760633,7025 Ethel Ave,38.632102,-90.3064379,0.3526419132325773,0.33988684860712776,0.30265160663195056
https://www.redfin.com/MO/Saint-Louis/5627-Milentz-Ave-63109/home/93771457,5627 Milentz Ave,38.5797678,-90.2906663,0.3819151333596531,0.3722887466248275,0.3766814305219746
https://www.redfin.com/MO/Saint-Louis/3948-Dover-Pl-63116/home/93774750,3948 Dover Pl,38.5704232,-90.2631029,0.38906350870934436,0.34092765107731143,0.3485289570557272
https://www.redfin.com/MO/Saint-Louis/6551-Smiley-Ave-63139/home/93742291,6551 Smiley Ave,38.6071374,-90.3012161,0.428000487210978,0.4225311346286732,0.39677253792450157
https://www.redfin.com/MO/Saint-Louis/2929-Dodier-St-63107/home/93754632,2929 Dodier St,38.6557401,-90.2172452,0.3680651395937311,0.36036834324979455,0.39029287575929505
https://www.redfin.com/MO/Saint-Louis/625-Walsh-St-63111/home/62743719,625 Walsh,38.5688145,-90.2463009,0.3764678777067906,0.3753604279769558,0.3514092136308408
https://www.redfin.com/MO/Saint-Louis/2631-Nebraska-Ave-63118/home/79074333,2631 Nebraska Ave,38.6061152,-90.230075,0.3465773218456206,0.34016507136722385,0.33651962833327326
https://www.redfin.com/MO/Saint-Louis/6519-Devonshire-Ave-63109/home/93779040,6519 Devonshire Ave,38.5900872,-90.3041384,0.289204372770908,0.32047690000956197,0.3249148636065302
https://www.redfin.com/MO/Saint-Louis/6308-Winona-Ave-63109/home/93782109,6308 Winona Ave,38.5925566,-90.2973687,0.3227191338462774,0.3148577376031271,0.26070528763769973
https://www.redfin.com/MO/Saint-Louis/4422-Vista-Ave-63110/home/169425125,4422 Vista Ave,38.6237314,-90.2598915,0.23211112849363716,0.22459463009008704,0.2856898855823128
https://www.redfin.com/MO/Saint-Louis/3834-Rainor-Ct-63116/home/93785343,3834 Rainor Ct,38.5579075,-90.2731439,0.415214464692144,0.4722559504365348,0.4389705494158588
https://www.redfin.com/MO/Saint-Louis/7375-Sharp-Ave-63116/home/93784841,7375 Sharp Ave,38.5591389,-90.2764172,0.4543939890741013,0.48042835779334786,0.4838165330928366
https://www.redfin.com/MO/Saint-Louis/3927-Federer-Pl-63116/home/62740476,3927 Federer Pl,38.5671113,-90.2649347,0.4067998321441781,0.4193598209888875,0.4484162838888095
https://www.redfin.com/MO/St-Louis/5809-Park-63147/home/177024550,5809 Park,38.710944,-90.250189,0.4485066235023561,0.38555064821314683,0.3562505568440281
https://www.redfin.com/MO/Saint-Louis/21-Willmore-Rd-63109/home/93782583,21 Willmore Rd,38.5818028,-90.30891,0.5553418765559593,0.6005032020415244,0.5117222314202018
https://www.redfin.com/MO/Saint-Louis/3327-Park-Ave-63104/home/93700901,3327 Park Ave,38.6203236,-90.2338338,0.1441050448161009,0.24698718048162122,0.33029860303942454
https://www.redfin.com/MO/Saint-Louis/3912-Bates-St-63116/home/93781579,3912 Bates St,38.5718249,-90.2609995,0.41319568707962995,0.42261493461477123,0.3965815511536094
https://www.redfin.com/MO/Saint-Louis/2332-S-Compton-Ave-63104/home/93671850,2332 S Compton Ave,38.608027,-90.2338656,0.37447809644391716,0.35448441628301514,0.35291196131634567
https://www.redfin.com/MO/Saint-Louis/4715-Rosa-Ave-63116/home/62717755,4715 Rosa Ave,38.5785871,-90.278266,0.37143142647707417,0.37096577699757594,0.3818283276417948
https://www.redfin.com/MO/Saint-Louis/5230-Fairview-Ave-63139/home/93742629,5230 Fairview Ave,38.5985931,-90.2787596,0.4947594026150603,0.4713186044974469,0.40713694783774024
https://www.redfin.com/MO/Saint-Louis/5217-Fairview-Ave-63139/home/62735421,5217 Fairview Ave,38.5988971,-90.2782692,0.4439157116411584,0.4559034819569561,0.40936893204125896
https://www.redfin.com/MO/Saint-Louis/3923-Prather-Ave-63109/home/62752555,3923 Prather Ave,38.5948141,-90.3069065,0.4602018735773075,0.4740961504698245,0.47621205538665223
https://www.redfin.com/MO/Saint-Louis/6137-Colorado-Ave-63111/home/93709529,6137 Colorado Ave,38.5625245,-90.254286,0.4370965011403041,0.48883974329343577,0.44597847346154007
https://www.redfin.com/MO/Saint-Louis/5533-Winona-Ave-63109/home/93782360,5533 Winona Ave,38.5919268,-90.2868697,0.4404022039474971,0.4185531497362625,0.4157767102318104
https://www.redfin.com/MO/Saint-Louis/5833-Delor-St-63109/home/62759578,5833 Delor St,38.5845645,-90.2942006,0.4065017710182054,0.42859641532279963,0.3678308339513232
https://www.redfin.com/MO/Saint-Louis/6323-Alaska-Ave-63111/home/93709337,6323 Alaska Ave,38.561557,-90.2564955,0.4526834924909526,0.42972017633986687,0.4483822349937883
https://www.redfin.com/MO/Saint-Louis/4325-Koeln-Ave-63116/home/62765538,4325 Koeln Ave,38.5629036,-90.2817083,0.4509160586256274,0.4587674972014637,0.44843139086337863
https://www.redfin.com/MO/Saint-Louis/3526-Nebraska-Ave-63118/home/93694855,3526 Nebraska Ave,38.5915147,-90.2326156,0.3400681900897745,0.3918923748420774,0.35908514102353006
https://www.redfin.com/MO/St-Louis/3201-Eads-Ave-63104/unit-1/home/177082425,3201 Eads #1,38.61828,-90.232173,0.35301144057918454,0.3985988280524423,0.38203623322113467
https://www.redfin.com/MO/Saint-Louis/4321-Quincy-St-63116/home/93784481,4321 Quincy St,38.5658936,-90.2788438,0.29989554973180366,0.32331840049995725,0.3525728910482373
https://www.redfin.com/MO/Saint-Louis/5736-Winona-Ave-63109/home/93780872,5736 Winona Ave,38.5918984,-90.2906281,0.41883520867910934,0.3967994275624274,0.335372445301622
https://www.redfin.com/MO/Saint-Louis/5250-Sutherland-Ave-63109/home/93752869,5250 Sutherland Ave,38.5891464,-90.2816858,0.38738920220901335,0.3632525912814877,0.3728268956992006
https://www.redfin.com/MO/Saint-Louis/6039-Juniata-St-63139/home/62767316,6039 Juniata St,38.6056668,-90.2916653,0.4065926453617218,0.3788527771633923,0.3004304994007507
https://www.redfin.com/MO/Saint-Louis/5101-McCausland-Ave-63109/home/93781547,5101 Mccausland Ave,38.5851164,-90.3106916,0.40947857228854745,0.4154906161272173,0.4388282611088211
https://www.redfin.com/MO/Saint-Louis/2106-S-11th-St-63104/home/93686332,2106 S 11th,38.6071874,-90.2085572,0.25846579445117,0.2407472932338345,0.22671343637896202
https://www.redfin.com/MO/Saint-Louis/6309-Murdoch-Ave-63109/home/93780213,6309 Murdoch Ave,38.5885484,-90.2978676,0.39366729102123554,0.4289995450352584,0.40522001333571656
https://www.redfin.com/MO/Saint-Louis/7714-Vermont-Ave-63111/home/93711101,7714 Vermont Ave,38.5493526,-90.2637928,0.314012297571976,0.32814179262774257,0.31357143346990696
https://www.redfin.com/MO/Saint-Louis/6632-Winnebago-St-63109/home/62711231,6632 Winnebago St,38.5942936,-90.3055812,0.35385365094624055,0.3694936434824688,0.4230414925873283
https://www.redfin.com/MO/Saint-Louis/8725-Annetta-Ave-63147/home/93779397,8725 Annetta Ave,38.7165493,-90.2381538,0.33616865773061716,0.31703571982349577,0.3356280202501055
https://www.redfin.com/MO/Saint-Louis/1923-Sublette-Ave-63110/home/93726535,1923 Sublette Ave,38.6181287,-90.2812088,0.37460801499410334,0.3887949527129614,0.3685765406760252
https://www.redfin.com/MO/Saint-Louis/2311-Arsenal-St-63118/home/62740985,2311 Arsenal St,38.5989874,-90.2237883,0.3224184834446335,0.38052705304254414,0.37407869359413803
https://www.redfin.com/MO/Saint-Louis/4817-Rhodes-Ave-63116/home/93766553,4817 Rhodes Ave,38.5766428,-90.2819185,0.39690878880759195,0.38824135465660436,0.35435050501068016
https://www.redfin.com/MO/Saint-Louis/6823-Minnesota-Ave-63111/home/93710470,6823 Minnesota Ave,38.5540996,-90.2541007,0.33373946808052646,0.34403321978382984,0.3615035920081161
https://www.redfin.com/MO/Saint-Louis/6249-Marmaduke-Ave-63139/home/93754730,6249 Marmaduke Ave,38.6105055,-90.2945287,0.44870568971124586,0.4444192602666648,0.4266933827690723
https://www.redfin.com/MO/Saint-Louis/2701-McNair-Ave-63118/home/93697833,2701 Mcnair Ave,38.6030459,-90.2196938,0.3277912233248345,0.3308642433083751,0.32474222372297723
https://www.redfin.com/MO/Saint-Louis/7005-Trainor-Ct-63116/home/93773352,7005 Trainor Ct,38.561229,-90.2704155,0.37933065129009125,0.373113987022446,0.4182058550798678
https://www.redfin.com/MO/Saint-Louis/4558-Cote-Brilliante-Ave-63113/home/93718835,4558 Cote Brilliante Ave,38.6600995,-90.2489898,0.5596280851242522,0.5776689075544493,0.503872018227062
https://www.redfin.com/MO/Saint-Louis/3841-Fairview-Ave-63116/home/70323341,3841 Fairview Ave,38.5956771,-90.2488458,0.42073702449856554,0.40922911236505916,0.3639566921667545
https://www.redfin.com/MO/Saint-Louis/5717-Bartmer-Ave-63112/home/93722564,5717 Bartmer Ave,38.6630145,-90.2836971,0.4918557669787087,0.4794082071540578,0.4637188651639838
https://www.redfin.com/MO/Saint-Louis/4502-Tholozan-Ave-63116/home/93730026,4502 Tholozan Ave,38.5934216,-90.2681411,0.3943681492727631,0.47473562600220154,0.4140456322452489
https://www.redfin.com/MO/Saint-Louis/5557-Elizabeth-Ave-63110/home/93772554,5557 Elizabeth Ave,38.6144251,-90.2826438,0.42698924238776315,0.35539166656529314,0.2838501787953335
https://www.redfin.com/MO/Saint-Louis/6353-Murdoch-Ave-63109/home/93780222,6353 Murdoch Ave,38.5886516,-90.2993766,0.4121283193162358,0.3809943877730316,0.4115510033327531
https://www.redfin.com/MO/Saint-Louis/3743-Sullivan-Ave-63107/home/93702135,3743 Sullivan Ave,38.6598945,-90.2218486,0.35668938333883643,0.31787182912716244,0.3461503400982992
https://www.redfin.com/MO/Saint-Louis/3410-McCausland-Ave-63139/home/62695577,3410 Mccausland Ave,38.6024642,-90.310579,0.39554799923120126,0.3862883319194075,0.34679685408884914
https://www.redfin.com/MO/Saint-Louis/8748-Jordan-Ave-63147/home/93782973,8748 Jordan Ave,38.7225326,-90.2300306,0.586208531127777,0.5197823189036557,0.4735742326573033
https://www.redfin.com/MO/Saint-Louis/3143-Ohio-Ave-63118/home/93697079,3143 Ohio Ave,38.5984484,-90.2269395,0.3387268148163855,0.36386266809888446,0.32601247384838444
https://www.redfin.com/MO/Saint-Louis/6301-Potomac-St-63139/home/62708008,6301 Potomac St,38.5990106,-90.2961981,0.33442601874376227,0.36462859224740185,0.384664356130442
https://www.redfin.com/MO/Saint-Louis/3442-Potomac-St-63118/home/93695418,3442 Potomac St,38.5932199,-90.2412429,0.24153133178187083,0.2514178467099721,0.2671380517599899
https://www.redfin.com/MO/Saint-Louis/6518-Parkwood-Pl-63116/home/62708481,6518 Parkwood Pl,38.5691831,-90.2761524,0.3766320884544611,0.3602554226486098,0.3691056235934761
https://www.redfin.com/MO/Saint-Louis/4149-Humphrey-St-63116/unit-4149/home/93679024,4149 Humphrey,38.5996529,-90.2576362,0.35819003815998346,0.35279585704940264,0.3945105576125245
https://www.redfin.com/MO/Saint-Louis/4645-Adkins-Ave-63116/home/93757030,4645 Adkins Ave,38.5819218,-90.262997,0.3896575135200282,0.3637931168921826,0.3420950866134576
https://www.redfin.com/MO/Saint-Louis/3937-Russell-Blvd-63110/home/93747580,3937 Russell Blvd,38.6143001,-90.246915,0.3375935044982399,0.33662479037192944,0.3737649765829436
https://www.redfin.com/MO/Saint-Louis/1035-Central-Ave-63139/home/93759988,1035 Central Ave,38.6307028,-90.3033558,0.3836625906433851,0.27834922327841066,0.3016676183006854
https://www.redfin.com/MO/Saint-Louis/3808-Olive-St-63108/home/181866746,3808 Olive St,38.6403511,-90.2376128,0.1239007240372543,0.24493257534571253,0.19984307315114508
https://www.redfin.com/MO/Saint-Louis/1917-S-Compton-Ave-63104/home/62762825,1917 S Compton Ave,38.6139307,-90.2331813,0.31541969171507156,0.372610461154301,0.42147421182866734
https://www.redfin.com/MO/Saint-Louis/4607-S-Spring-Ave-63116/home/62727936,4607 S Spring Ave,38.579391,-90.2531097,0.37409641759263895,0.4203468569982828,0.3881812716063806
https://www.redfin.com/MO/Saint-Louis/8601-Tara-Ln-63147/home/93732062,8601 Tara Ln,38.7153749,-90.2444949,0.3332004323341636,0.40004470598894853,0.3961118086746699
https://www.redfin.com/MO/Saint-Louis/5713-Acme-Ave-63136/home/93421445,5713 Acme Ave,38.7122025,-90.2572159,0.5660892147860879,0.49515423011379317,0.44265878054245256
https://www.redfin.com/MO/Saint-Louis/5852-Clemens-Ave-63112/home/93680626,5852 Clemens Ave,38.656387,-90.288469,0.35875388959987176,0.4068412412768194,0.3950854227080283
https://www.redfin.com/MO/Saint-Louis/5431-Elizabeth-Ave-63110/home/93772092,5431 Elizabeth Ave,38.6136872,-90.2789889,0.3259922334436041,0.33541758677742356,0.31700077291215845
https://www.redfin.com/MO/Saint-Louis/6456-Wade-Ave-63139/home/93740751,6456 Wade Ave,38.6254493,-90.2955681,0.3836552657938929,0.4752200173673969,0.4577205568015755
https://www.redfin.com/MO/Saint-Louis/5236-Daggett-Ave-63110/home/62689692,5236 Daggett Ave,38.6167221,-90.2740343,0.2534112514806803,0.22239220760150746,0.20917146226961691
https://www.redfin.com/MO/Saint-Louis/4120-Haven-St-63116/home/62716855,4120 Haven St,38.5665981,-90.274691,0.34990421658222876,0.35358422388768235,0.3359070347015949
https://www.redfin.com/MO/Saint-Louis/4865-Bessie-Ave-63115/home/93733388,4865 Bessie,38.6810285,-90.2434101,0.43324266545875456,0.42073899145262317,0.42921624663642116
https://www.redfin.com/MO/Saint-Louis/5958-Floy-Ave-63147/home/79024620,5958 Floy Ave,38.7146691,-90.2524081,0.38329115038206985,0.3851853005239735,0.325063907691467
https://www.redfin.com/MO/Saint-Louis/4566-Washington-Blvd-63108/home/93676136,4566 Washington,38.6496313,-90.256528,0.321993668886386,0.319590513198424,0.3133152983131636
https://www.redfin.com/MO/Saint-Louis/3623-Oregon-Ave-63118/home/93696399,3623 Oregon Ave,38.5897566,-90.2323355,0.46287227848739926,0.40483265906575305,0.3786130217536819
https://www.redfin.com/MO/Saint-Louis/4108-De-Tonty-St-63110/home/143286953,4108 Detonty St,38.6170017,-90.2509055,0.3450439019288807,0.31041365638127455,0.3534897920234032
https://www.redfin.com/MO/Saint-Louis/4128-De-Tonty-St-63110/home/143286956,4128 Detonty St,38.6170585,-90.2516658,0.3214969153243294,0.32938862262421037,0.33215724865960156
https://www.redfin.com/MO/St-Louis/4201-W-Pine-Blvd-63108/unit-106/home/175152249,4201 West Pine Blvd #106,38.6394304,-90.2486053,0.3400306887202196,0.33088665590646527,0.30217626773565126
https://www.redfin.com/MO/Saint-Louis/1505-W-Billon-Ave-63139/home/93741494,1505 W Billon Ave,38.6241224,-90.2889269,0.42957162795772086,0.3072735322018359,0.273624748692304
https://www.redfin.com/MO/Saint-Louis/3411-Vista-Ave-63104/home/93700939,3411 Vista Ave,38.621275,-90.2343772,0.4316814945881887,0.37178702408129916,0.3393657513831519
https://www.redfin.com/MO/Saint-Louis/6927-Sutherland-Ave-63109/home/181867591,6927 Sutherland Ave,38.5926029,-90.310658,0.37885870686453926,0.3999759652078445,0.3778014140110511
https://www.redfin.com/MO/Saint-Louis/3253-Texas-Ave-63118/home/62699239,3253 Texas Ave,38.5955935,-90.2264201,0.3171959504866313,0.30517696491586244,0.29227799690591505
https://www.redfin.com/MO/Saint-Louis/2208-Chippewa-St-63118/home/93696777,2208 Chippewa,38.585745,-90.2250924,0.4457789770177431,0.4335833667867469,0.3514443122140197
https://www.redfin.com/MO/Saint-Louis/7344-Sharp-Ave-63116/home/93785078,7344 Sharp Ave,38.5594366,-90.2753948,0.47581666371559045,0.47949912115431886,0.4853193491262947
https://www.redfin.com/MO/Saint-Louis/2223-Sublette-Ave-63110/home/93772621,2223 Sublette Ave,38.6146442,-90.2809039,0.3812705443125132,0.3405876513329539,0.35478600784205233
https://www.redfin.com/MO/Saint-Louis/3506-Pennsylvania-Ave-63118/home/93694885,3506 Pennsylvania Ave,38.5921504,-90.2336084,0.4059112532477205,0.3679844895201508,0.3739160048504466
https://www.redfin.com/MO/Saint-Louis/4424-Randall-Pl-63107/home/93703512,4424 Randall Pl,38.6703379,-90.203477,0.6272993905822318,0.4811739674498653,0.4395590748340566
https://www.redfin.com/MO/Saint-Louis/4866-Carter-Ave-63115/home/93733318,4866 Carter Ave,38.6829096,-90.2418316,0.37728177106393623,0.3810295914318186,0.3788931768596256
https://www.redfin.com/MO/Saint-Louis/1524-Deer-St-63113/home/93718743,1524 Deer St,38.6590181,-90.2487532,0.37155034995272695,0.48240390894291507,0.451644765356182
https://www.redfin.com/MO/Saint-Louis/4319-California-Ave-63111/home/93705736,4319 California Ave,38.5771552,-90.233719,0.3712046555754949,0.3637340652982774,0.35800112082188174
https://www.redfin.com/MO/Saint-Louis/4737-Beacon-Ave-63120/home/62724376,4737 Beacon Ave,38.6924149,-90.2560724,0.49469219270245374,0.4978028397602759,0.464526199001685
https://www.redfin.com/MO/Saint-Louis/3819-Kossuth-Ave-63107/home/93715026,3819 Kossuth Ave,38.6670462,-90.2189194,0.4858687060172221,0.44714690208014807,0.4976116499433001
https://www.redfin.com/MO/Saint-Louis/5168-Vernon-Ave-63113/home/93752401,5168 Vernon Ave,38.6583585,-90.2685694,0.44095719229055413,0.40931062009069236,0.43163478936478755
https://www.redfin.com/MO/Saint-Louis/2028-Destrehan-St-63107/home/93688743,2028 Destrehan,38.6578919,-90.2026249,0.35042435907844394,0.3424223829060024,0.3386066306715031
https://www.redfin.com/MO/Saint-Louis/3615-Virginia-Ave-63118/home/93695713,3615 Virginia Ave,38.590792,-90.239087,0.3646684187326468,0.4360145093495435,0.44200016151910465
https://www.redfin.com/MO/Saint-Louis/2349-S-Compton-Ave-63104/home/93691981,2349 S Compton Ave,38.6076711,-90.2344517,0.43210664212957756,0.37446071958859917,0.34043741098508673
https://www.redfin.com/MO/Saint-Louis/4728-Primm-St-63116/home/93775511,4728 Primm St,38.5640772,-90.2892944,0.4705258882347096,0.5243058064548909,0.5337388524689745
https://www.redfin.com/MO/Saint-Louis/1131-Angelica-St-63107/home/93702897,1131 Angelica St,38.6662377,-90.2015777,0.42911685989856624,0.4430247662607528,0.4093249496079155
https://www.redfin.com/MO/Saint-Louis/215-N-Sarah-St-63108/unit-11/home/182774033,215 N Sarah St #11,38.638859,-90.2463284,0.2530092085693838,0.28010028488275,0.2267093478907731
https://www.redfin.com/MO/St-Louis/2231-Hickory-63104/home/173772914,2231 Hickory,38.620034,-90.216454,0.14811419825741695,0.21564276376385866,0.26894756332087055
https://www.redfin.com/MO/Saint-Louis/2630-S-11th-St-63118/home/93686926,2630 S 11th St,38.6008687,-90.2114154,0.29069659998311925,0.2653151852994606,0.24065382819943884
https://www.redfin.com/MO/Saint-Louis/5306-Wilson-Ave-63110/home/178545804,5306 Wilson Ave,38.6157909,-90.2754443,0.20122773239854772,0.2522469494202096,0.27313174930163725
https://www.redfin.com/MO/Saint-Louis/4461-Dewey-Ave-63116/home/93730857,4461 Dewey Ave,38.5788735,-90.2505905,0.44198648881429126,0.39829732348271324,0.4187241899019626
https://www.redfin.com/MO/Saint-Louis/4501-Oregon-Ave-63111/home/93706556,4501 Oregon Ave,38.5742399,-90.2355515,0.5472746896038865,0.4807035840926095,0.3838561907872083
https://www.redfin.com/MO/Saint-Louis/5204-Cabanne-Ave-63113/home/93745396,5204 Cabanne,38.6566595,-90.2703029,0.37991456610173163,0.3514641434982707,0.3699086953788463
https://www.redfin.com/MO/Saint-Louis/9139-Edna-St-63137/home/93782309,9139 Edna St,38.7238836,-90.2373357,0.5796081690212335,0.5603311612232955,0.5047225696922301
https://www.redfin.com/MO/Saint-Louis/5054-Fyler-Ave-63139/home/93777184,5054 Fyler Ave,38.6002266,-90.2770993,0.32929437645821175,0.36673944422179855,0.3718851694462676
https://www.redfin.com/MO/Saint-Louis/5304-Wilson-Ave-63110/home/178545736,5304 Wilson Ave,38.6157839,-90.2753573,0.1916421775421062,0.2502609275350531,0.2721044683761518
https://www.redfin.com/MO/Saint-Louis/2113-Boardman-St-63110/home/173620159,2113 Boardman St,38.6148896,-90.2703945,0.18593849272465332,0.18577505164553174,0.18287418565289715
https://www.redfin.com/MO/Saint-Louis/6119-Alabama-Ave-63111/home/93709140,6119 Alabama Ave,38.5619358,-90.2520783,0.4909951051671542,0.4120174928307202,0.39489672622033534
https://www.redfin.com/MO/Saint-Louis/10102-Lookaway-Dr-63137/home/93785916,10102 Lookaway Dr,38.7473993,-90.1972116,0.4920222289797931,0.5573798519660851,0.5758332415602058
https://www.redfin.com/MO/Saint-Louis/6603-Villa-Ave-63139/home/93750101,6603 Villa Ave,38.6257277,-90.2988014,0.5110352330409025,0.470653559039446,0.4711727757861356
https://www.redfin.com/MO/Saint-Louis/4107-Oleatha-Ave-63116/home/93728793,4107 Oleatha Ave,38.5943867,-90.2569203,0.4638760880059789,0.41297363065421466,0.389222426358822
https://www.redfin.com/MO/Saint-Louis/3325-Itaska-St-63111/home/93707074,3325 Itaska St,38.5723443,-90.2446353,0.3278774746195639,0.31112124565567395,0.31627561093222173
https://www.redfin.com/MO/Saint-Louis/5206-Morganford-Rd-63116/home/93773998,5206 Morgan Ford Rd,38.5795592,-90.2676762,0.3038094019431762,0.2759228837988111,0.25301274480204683
https://www.redfin.com/MO/Saint-Louis/3005-Lemp-Ave-63118/home/93698988,3005 Lemp Ave,38.5979431,-90.2177524,0.31511068394007824,0.2987139051873066,0.2998491220022471
https://www.redfin.com/MO/Saint-Louis/5327-West-Ave-63116/home/93761672,5327 West Ave,38.5811303,-90.272681,0.3316669885794063,0.34857946508265936,0.36883831827787444
https://www.redfin.com/MO/Saint-Louis/6832-Dale-Ave-63139/home/93740616,6832 Dale Ave,38.6262673,-90.3044289,0.4811309139585811,0.48861672417760305,0.5019045339545014
https://www.redfin.com/MO/Saint-Louis/2704-Stoddard-St-63106/home/93686858,2704 Stoddard St,38.6402325,-90.2144463,0.44515126504542063,0.44394101687474874,0.3418557439869716
https://www.redfin.com/MO/Saint-Louis/4316-Alma-Ave-63116/home/62709511,4316 Alma Ave,38.5683283,-90.2759252,0.3508273059971262,0.30820706057002323,0.33713188532678495
https://www.redfin.com/MO/Saint-Louis/4610-Lexington-Ave-63115/home/93735673,4610 Lexington Ave,38.6708386,-90.24273,0.5571627031772786,0.5022690639808595,0.4509008396249665
https://www.redfin.com/MO/Saint-Louis/5249-Vernon-Ave-63113/home/93710058,5249 Vernon Ave,38.659061,-90.2713674,0.43605775339051184,0.4027570041599438,0.37640764935218923
https://www.redfin.com/MO/Saint-Louis/3963-Palm-St-63107/home/93753891,3963 Palm St,38.6640411,-90.2250966,0.27717616685377516,0.31891131585662197,0.39447241685574097
https://www.redfin.com/MO/Saint-Louis/5658-Maffitt-Ave-63112/home/93754248,5658 Maffitt Ave,38.6764104,-90.2734955,0.5466490771038497,0.5375652013902578,0.5161641873723182
https://www.redfin.com/MO/Saint-Louis/3616-Osceola-St-63116/home/93706464,3616 Osceola St,38.5788252,-90.2466488,0.43246333944477094,0.385817033175503,0.4112881149003705
https://www.redfin.com/MO/Saint-Louis/4129-Enright-Ave-63108/home/93745145,4129 Enright Ave,38.6469783,-90.2425892,0.40690573959130594,0.38054403920959123,0.42537501697692903
https://www.redfin.com/MO/Saint-Louis/4606-Wherry-Ave-63109/home/93753230,4606 Wherry Ave,38.5876377,-90.2856544,0.3058184459920183,0.3421055068953134,0.34760691533505683
https://www.redfin.com/MO/Saint-Louis/2235-Missouri-Ave-63104/home/93690901,2235 Missouri Ave,38.6084402,-90.2201911,0.35514538530972395,0.3493645733378238,0.3072216469222782
https://www.redfin.com/MO/Saint-Louis/2023-Sidney-St-63104/home/93671861,2023 Sidney St,38.6038798,-90.2175459,0.3285397999337659,0.27561060926210795,0.27509301863927776
https://www.redfin.com/MO/Saint-Louis/5109-Cote-Brilliante-Ave-63113/home/93738127,5109 Cote Brilliante Ave,38.66676,-90.2622426,0.5426936211111703,0.5408774947656072,0.5281492887714468
https://www.redfin.com/MO/Saint-Louis/5052-Plover-Ave-63120/home/93759787,5052 Plover Ave,38.697475,-90.2521147,0.5693615865894264,0.5696797707386084,0.5517985029708935
https://www.redfin.com/MO/Saint-Louis/8528-Riverview-Blvd-63147/home/62717280,8528 Riverview Blvd,38.7128272,-90.2429995,0.3876149012500187,0.4130796857267635,0.45148355536744983
https://www.redfin.com/MO/Saint-Louis/8508-Drury-Ln-63147/home/93732315,8508 Drury Ln,38.7134789,-90.2461386,0.4789358892571656,0.46031237899619765,0.40945484765885315
https://www.redfin.com/MO/Saint-Louis/8050-Morganford-Rd-63123/home/93784188,8050 Morganford,38.5567387,-90.2854655,0.3440440004642816,0.3900679957810404,0.4158372276329005
https://www.redfin.com/MO/Saint-Louis/1827-Kennett-Pl-63104/home/62712447,1827 Kennett Pl,38.6150173,-90.2127242,0.3202321314145035,0.26535616749150975,0.2984761401943941
https://www.redfin.com/MO/Saint-Louis/11-Henrietta-Pl-63104/home/93700466,11 Henrietta Pl,38.6165156,-90.2256875,0.3465115207164396,0.32954933810575376,0.32603139643641005
https://www.redfin.com/MO/Saint-Louis/4146-Concordia-Ave-63116/home/93770979,4146 Concordia Ave,38.5737588,-90.2688859,0.3748831896390386,0.38915346968614867,0.4352821089305388
https://www.redfin.com/MO/Saint-Louis/4481-Vista-Ave-63110/home/93726085,4481 Vista Ave,38.6237876,-90.2619492,0.3028471260928478,0.2448092302893249,0.22715952466648498
https://www.redfin.com/MO/Saint-Louis/4025-Tholozan-Ave-63116/home/93728643,4025 Tholozan Ave,38.5924329,-90.2551588,0.3460802197235619,0.34190575010128843,0.3681579216467843
https://www.redfin.com/MO/Saint-Louis/4095-Concordia-Ave-63116/home/93761979,4095 Concordia Ave,38.5732148,-90.2671426,0.428497252071308,0.4135616149717938,0.42161310436118715
https://www.redfin.com/MO/Saint-Louis/5046-Enright-Ave-63108/home/93744589,5046 Enright Ave,38.6527619,-90.2651627,0.5166742820610148,0.4963527179251441,0.37250181739124594
https://www.redfin.com/MO/Saint-Louis/4275-E-Ashland-Ave-63115/home/93735095,4275 E Ashland Ave,38.6658383,-90.2332426,0.428609127090949,0.47460908614718744,0.46807724342524837
https://www.redfin.com/MO/Saint-Louis/6609-Pennsylvania-Ave-63111/home/93681591,6609 Pennsylvania Ave,38.5552755,-90.2510665,0.44896304614063226,0.37997952359277565,0.3131183898546649
https://www.redfin.com/MO/Saint-Louis/3743-Palm-St-63107/home/93702207,3743 Palm St,38.6617495,-90.2205713,0.3427287016597778,0.3794562835424374,0.388769890399295
https://www.redfin.com/MO/Saint-Louis/4315-Oregon-Ave-63111/home/93705764,4315 Oregon Ave,38.5774292,-90.2347615,0.3601201145798894,0.37242322294259156,0.40165679500282464
https://www.redfin.com/MO/Saint-Louis/3725-Minnesota-Ave-63118/home/93695864,3725 Minnesota Ave,38.5883413,-90.2360848,0.40326405688426,0.3723007653449375,0.352854716720991
https://www.redfin.com/MO/Saint-Louis/4101-W-Pine-Blvd-63108/unit-2/home/187671438,4101 W Pine Blvd #2,38.6390223,-90.2462712,0.17512878929970022,0.2564820763988125,0.220877598484209
https://www.redfin.com/MO/Saint-Louis/5716-Minnesota-Ave-63111/home/93708383,5716 Minnesota Ave,38.5615958,-90.2446231,0.486544333716484,0.408167226862799,0.3955943762324367
https://www.redfin.com/MO/Saint-Louis/1440-S-18th-St-63104/home/93689711,1440 S 18th St,38.6155717,-90.2112159,0.2657085233424432,0.27556423650397344,0.24026843716848065
https://www.redfin.com/MO/Saint-Louis/4528-Pennsylvania-Ave-63111/home/93706541,4528 Pennsylvania Ave,38.5736891,-90.2374526,0.3906873533114943,0.3649618906040558,0.3650916453739869
https://www.redfin.com/MO/Saint-Louis/2633-Wyoming-St-63118/home/79160574,2633 Wyoming St,38.59724,-90.2262359,0.23999565730610245,0.3372489994066205,0.3573470766038585
https://www.redfin.com/MO/Saint-Louis/2625-Armand-Pl-63104/home/93690833,2625 Armand Pl,38.6087941,-90.2232591,0.33998513771912653,0.30681728961180643,0.287566948148754
https://www.redfin.com/MO/Saint-Louis/8784-N-Broadway-63147/home/93766301,8784 N Broadway N,38.7234436,-90.2281487,0.294165966724281,0.36306839330009577,0.45142616395328605
https://www.redfin.com/MO/Saint-Louis/4862-San-Francisco-Ave-63115/home/93732725,4862 San Francisco Ave,38.6760071,-90.2467684,0.3382320059090473,0.3459349883825233,0.3872013453451901
https://www.redfin.com/MO/Saint-Louis/1212-Dolman-St-63104/home/62779976,1212 Dolman St,38.6178867,-90.2093173,0.34658129033315094,0.28294585690602864,0.2799981826521571
https://www.redfin.com/MO/Saint-Louis/6214-Fyler-Ave-63139/home/93743114,6214 Fyler Ave,38.6020951,-90.2950273,0.33893871193280356,0.37005899235728534,0.3610343751792088
https://www.redfin.com/MO/Saint-Louis/3125-Potomac-St-63118/home/93695053,3125 Potomac St,38.5929106,-90.2359282,0.37923816568895297,0.38528745320612173,0.391254115859832
https://www.redfin.com/MO/Saint-Louis/4903-Michigan-Ave-63111/home/93707643,4903 Michigan Ave,38.5693451,-90.241231,0.4555755207688246,0.46496470894491265,0.4697141486745747
https://www.redfin.com/MO/Saint-Louis/2129-E-Gano-Ave-63107/home/93712548,2129 E Gano Ave,38.671449,-90.2130486,0.46037258473435283,0.35076232018109343,0.4238595753720511
https://www.redfin.com/MO/Saint-Louis/3834-De-Tonty-St-63110/home/93760785,3834 De Tonty St,38.6163823,-90.2438442,0.4621304324085214,0.3634327136006152,0.3832743451401155
https://www.redfin.com/MO/Saint-Louis/3716-Carondelet-Blvd-63123/home/93712317,3716 Carondelet Blvd,38.5545129,-90.27266,0.3950858209465924,0.37479258899969076,0.3355205242511257
https://www.redfin.com/MO/Saint-Louis/8117-Reilly-Ave-63111/home/93711411,8117 Reilly Ave,38.541682,-90.2597466,0.2692088603464449,0.2186367317237339,0.24784949803060152
https://www.redfin.com/MO/Saint-Louis/6448-Clifton-Hills-Dr-63139/home/92910361,6448 Clifton Hills Dr,38.6130773,-90.2982126,0.4591476543391942,0.4396259138885803,0.4457598653897463
https://www.redfin.com/MO/Saint-Louis/3916-Nebraska-Ave-63118/home/93704270,3916 Nebraska Ave,38.5846587,-90.2340122,0.34018363909291005,0.32426817588008666,0.34825172496948925
https://www.redfin.com/MO/Saint-Louis/1422-McCausland-Ave-63117/home/93740571,1422 Mccausland Ave,38.626158,-90.3068847,0.5672364936323804,0.5191643814190531,0.5214247148917842
https://www.redfin.com/MO/Saint-Louis/5915-Era-Ave-63147/home/93768913,5915 Era Ave,38.7133769,-90.252677,0.315652471830159,0.30484802848698156,0.2993456367828597
https://www.redfin.com/MO/Saint-Louis/5909-Hampton-Ave-63109/home/169429165,5909 Hampton Ave,38.5777579,-90.2943738,0.2311137772861112,0.3284050142498733,0.37369246360540004
https://www.redfin.com/MO/Saint-Louis/8516-Church-Rd-63147/home/93754422,8516 Church Rd,38.7157004,-90.2328432,0.3777413100858863,0.39871890554540024,0.42930371938198597
https://www.redfin.com/MO/Saint-Louis/8922-Edna-St-63147/home/93731544,8922 Edna St,38.7197687,-90.2361575,0.529362822306873,0.4834966687642369,0.43670787343263673
https://www.redfin.com/MO/Saint-Louis/3966-Lexington-Ave-63107/home/93753754,3966 Lexington Ave,38.6631495,-90.2259868,0.2672795294763099,0.30084491783684975,0.3124169448448629
https://www.redfin.com/MO/Saint-Louis/4035-California-Ave-63118/home/93705019,4035 California Ave,38.5820838,-90.2326773,0.4013637256982491,0.38089677382676507,0.390520994032345
https://www.redfin.com/MO/Saint-Louis/7617-Ivory-Ave-63111/home/93673560,7617 Ivory Ave,38.5493349,-90.2615863,0.31676356895356594,0.28927375871611705,0.29881358051641715
https://www.redfin.com/MO/Saint-Louis/4627-Adkins-Ave-63116/home/93757025,4627 Adkins Ave,38.5823429,-90.2626827,0.3574084734855939,0.3766561008838701,0.3250053185586707
https://www.redfin.com/MO/Saint-Louis/4822-Milentz-Ave-63116/home/93766469,4822 Milentz Ave,38.5769688,-90.2813556,0.4426400547006068,0.3971719379867287,0.35826039564906714
https://www.redfin.com/MO/Saint-Louis/7426-S-Grand-Ave-63111/home/93710837,7426 S Grand Ave,38.5541775,-90.266814,0.43414535642842816,0.3889370357794547,0.3785011882033017
https://www.redfin.com/MO/Saint-Louis/5639-Bancroft-Ave-63109/home/62757593,5639 Bancroft Ave,38.5912359,-90.2890822,0.44069477079642955,0.4815353550854807,0.4393443242238004
https://www.redfin.com/MO/Saint-Louis/1387-Temple-Pl-63112/home/93722303,1387 Temple Pl,38.6677783,-90.2791161,0.34965083357852117,0.3187387734269152,0.38543498464555137
https://www.redfin.com/MO/Saint-Louis/1111-Forest-Ave-63139/home/93759915,1111 Forest Ave,38.6302724,-90.3045985,0.4395743629687961,0.37578571946298606,0.34121174737541454
https://www.redfin.com/MO/Saint-Louis/3208-N-Dakota-St-63111/home/93705940,3208 N Dakota St,38.5758139,-90.2413193,0.3054109023448718,0.3524934672471159,0.36063501238704376
https://www.redfin.com/MO/Saint-Louis/4311-Loughborough-Ave-63116/home/93771844,4311 Loughborough Ave,38.5664204,-90.2775137,0.2206527193404841,0.1938666834302142,0.2954893385703835
https://www.redfin.com/MO/Saint-Louis/5741-Floy-Ave-63136/home/93765383,5741 Floy Ave,38.7112158,-90.2554555,0.3947340830593332,0.40306210848987506,0.3720106987038469
https://www.redfin.com/MO/Saint-Louis/5254-Maple-Ave-63113/home/93710061,5254 Maple Ave,38.6596412,-90.2714532,0.373239832361765,0.3499384315911111,0.3720596464039847
https://www.redfin.com/MO/Saint-Louis/4143-Peck-St-63107/home/93702871,4143 Peck,38.6656216,-90.212514,0.3682724740146053,0.33906865271451614,0.3264535750772473
https://www.redfin.com/MO/Saint-Louis/5542-Era-Ave-63136/home/93770051,5542 Era Ave,38.7080507,-90.2560357,0.4584040321416193,0.4620570238985459,0.4685235101702304
https://www.redfin.com/MO/Saint-Louis/1312-Sullivan-Ave-63107/home/169424164,1312 Sullivan Ave,38.6526373,-90.1974117,0.34815261700200667,0.3939907885772734,0.36956589623054525
https://www.redfin.com/MO/Saint-Louis/5532-Lansdowne-Ave-63109/home/93752944,5532 Lansdowne Ave,38.5887166,-90.2860628,0.3609852644813047,0.37301948396106843,0.3969473624453497
https://www.redfin.com/MO/Saint-Louis/3447-Dunnica-Ave-63118/home/62700025,3447 Dunnica,38.5873749,-90.2425043,0.34510031902220195,0.2812910857310411,0.26032875677368894
https://www.redfin.com/MO/Saint-Louis/4604-Varrelmann-Ave-63116/home/62755287,4604 Varrelmann Ave,38.5831029,-90.2626951,0.32869826949406994,0.31179813544692486,0.28534553712247934
https://www.redfin.com/MO/Saint-Louis/3119-Iowa-Ave-63118/home/93697147,3119 Iowa Ave,38.5993102,-90.2279344,0.25119867885966113,0.25876977763442455,0.3248739563718303
https://www.redfin.com/MO/Saint-Louis/2907-Salena-St-63118/home/62747655,2907 Salena St,38.5992861,-90.218635,0.2811564636935927,0.327465112394631,0.33231500238791595
https://www.redfin.com/MO/Saint-Louis/2909-Minnesota-Ave-63118/home/93692124,2909 Minnesota,38.6030688,-90.2329861,0.2969971054569913,0.3410801033445432,0.33956322765865105
https://www.redfin.com/MO/Saint-Louis/1405-Missouri-Ave-63104/home/93700552,1405 Missouri Ave,38.6177398,-90.2183202,0.40179809851757936,0.4661369522725025,0.43179557171151184
https://www.redfin.com/MO/Saint-Louis/2715-Meramec-St-63118/home/93705047,2715 Meramec St,38.5795244,-90.2313114,0.328229661544283,0.40515838031902573,0.3980001162141826
https://www.redfin.com/MO/Saint-Louis/2350-Hickory-St-63104/home/93700618,2350 Hickory St,38.6200994,-90.219173,0.2565328198380382,0.2820504064149471,0.26291223999643576
https://www.redfin.com/MO/Saint-Louis/4634-Tyrolean-Ave-63116/home/93759225,4634 Tyrolean Ave,38.5698308,-90.2834208,0.29834501246344225,0.3199548182683775,0.32423164968283996
https://www.redfin.com/MO/Saint-Louis/7204-Emilie-St-63143/home/93743144,7204 Emilie St,38.6103694,-90.3125552,0.5251617417573152,0.5542310302538582,0.4823727249442104
https://www.redfin.com/MO/Saint-Louis/5807-Columbia-Ave-63139/home/93741629,5807 Columbia Ave,38.6121432,-90.2848872,0.40092794561965944,0.3154227284666095,0.3086814456398355
https://www.redfin.com/MO/Saint-Louis/4735-Tennessee-Ave-63111/home/93707179,4735 Tennessee Ave,38.5732163,-90.2491868,0.4178973739585021,0.3813291190092406,0.387312382716736
https://www.redfin.com/MO/Saint-Louis/3159-Nebraska-Ave-63118/home/93693209,3159 Nebraska Ave,38.5990061,-90.2315131,0.3394876989194192,0.33210188328475926,0.2878323467571282
https://www.redfin.com/MO/Saint-Louis/6481-Westway-Rd-63109/home/93782718,6481 Westway Rd,38.5805614,-90.3042594,0.5056349004617168,0.4997572888908568,0.5108854427588035
https://www.redfin.com/MO/Saint-Louis/3862-Neosho-St-63116/home/93730902,3862 Neosho St,38.5789162,-90.2545781,0.41513991521077775,0.31707762296780917,0.3206892207419548
https://www.redfin.com/MO/Saint-Louis/1225-Mackay-Pl-63104/home/93701075,1225 Mackay Pl,38.6189289,-90.2165058,0.4095313495023678,0.3845826162315378,0.3762984702850589
https://www.redfin.com/MO/Saint-Louis/5309-Lindenwood-Ave-63109/home/93781770,5309 Lindenwood Ave,38.5931756,-90.2814046,0.3832440107311039,0.36624785881667193,0.34314561264204824
https://www.redfin.com/MO/Saint-Louis/4610-Leona-St-63116/home/93769637,4610 Leona St,38.5802109,-90.2576287,0.4426351818700829,0.43372197876046936,0.332971441320647
https://www.redfin.com/MO/Saint-Louis/4317-Enright-Ave-63108/home/93739851,4317 Enright Ave,38.6491958,-90.2476418,0.4024993325115881,0.37519816356231206,0.4065730782000831
https://www.redfin.com/MO/Saint-Louis/7036-Canterbury-Ave-63143/home/169427487,7036 Canterbury Ave,38.607964,-90.3112079,0.43625216738939576,0.41009132811415794,0.40235367258509563
https://www.redfin.com/MO/Saint-Louis/4717-Hannover-Ave-63123/home/93557427,4717 Hannover Ave,38.5592221,-90.2930995,0.47895310832501164,0.4439879909849708,0.4815674338214333
https://www.redfin.com/MO/Saint-Louis/4946-Margaretta-Ave-63115/home/93761329,4946 Margaretta Ave,38.6781966,-90.2489362,0.4454719603057829,0.4384760893580866,0.4008283345757618
https://www.redfin.com/MO/Saint-Louis/4616-S-38th-St-63116/home/93767578,4616 S 38th St,38.5783755,-90.2518917,0.42149896361868155,0.4096984995571241,0.4043913867385652
https://www.redfin.com/MO/Saint-Louis/4238-Cleveland-Ave-63110/home/93746805,4238 Cleveland Ave,38.611695,-90.2557878,0.3715489348460872,0.3509734678960908,0.36212101297303856
https://www.redfin.com/MO/Saint-Louis/6279-Magnolia-Ave-63139/home/93743624,6279 Magnolia Ave,38.6122246,-90.2953089,0.33545847121692546,0.3698150144200374,0.4374668389321377
https://www.redfin.com/MO/Saint-Louis/4069-Germania-St-63116/home/93784832,4069 Germania St,38.5589551,-90.280479,0.40955600880944193,0.37926210174787817,0.3771080444281763
https://www.redfin.com/MO/Saint-Louis/2706-Osage-St-63118/home/63473643,2706 Osage St,38.5827009,-90.2303672,0.3827777891930544,0.36361421530961907,0.34306241569788043
https://www.redfin.com/MO/Saint-Louis/8946-Halls-Ferry-Rd-63147/home/93731503,8946 Halls Fry,38.7205835,-90.2387014,0.37170656476921216,0.3796510569626864,0.3930780530552835
https://www.redfin.com/MO/Saint-Louis/3100-Rolla-Pl-63115/home/93736126,3100 Rolla Pl,38.6635819,-90.2324543,0.46777415684204243,0.5100849282954509,0.4823100174707031
https://www.redfin.com/MO/Saint-Louis/5601-Vernon-Ave-63112/home/93709977,5601 Vernon Ave,38.6597852,-90.2816154,0.40490153058744993,0.3815481089969158,0.4418452211577063
https://www.redfin.com/MO/Saint-Louis/4669-Allemania-St-63116/home/93776458,4669 Allemania St,38.5619372,-90.2889997,0.3411110245973371,0.3171252554937354,0.3470808980349712
https://www.redfin.com/MO/St-Louis/1920-Park-Ave-63104/home/186511117,1920 Park Ave,38.6171423,-90.2127736,0.1630041442723326,0.25034675579729065,0.3144763356130649
https://www.redfin.com/MO/Saint-Louis/7136-Mardel-Ave-63109/home/93748002,7136 Mardel Ave,38.5969645,-90.3172155,0.4870582134254888,0.5132127760294835,0.47175299540239407
https://www.redfin.com/MO/Saint-Louis/3618-Hydraulic-Ave-63116/home/93766185,3618 Hydraulic Ave,38.5909627,-90.250138,0.25858662788183545,0.2492026434931866,0.26325588919188997
https://www.redfin.com/MO/Saint-Louis/3238-Tennyson-Sq-63143/home/93751158,3238 Tennyson,38.607455,-90.3145969,0.5837668795860937,0.5495769456957865,0.49410023844034234
https://www.redfin.com/MO/Saint-Louis/853-Nassau-Dr-63147/home/93783366,853 Nassau Dr,38.7231926,-90.2309704,0.5249281598924103,0.515275188511754,0.4897934419768692
https://www.redfin.com/MO/Saint-Louis/3732-Blair-Ave-63107/home/182003302,3732 Blair Ave,38.6619086,-90.2005744,0.3617706682846083,0.47766444662414526,0.46094282478002246
https://www.redfin.com/MO/Saint-Louis/4247-Cleveland-Ave-63110/home/93746897,4247 Cleveland Ave,38.61215,-90.25589,0.33632699153127243,0.3194360299321155,0.4010102506647212
https://www.redfin.com/MO/Saint-Louis/5638-Murdoch-Ave-63109/home/93753511,5638 Murdoch Ave,38.5872905,-90.2897535,0.42201155894002745,0.4069485016365585,0.39515654830875635
https://www.redfin.com/MO/Saint-Louis/3730-Blair-Ave-63107/home/93689327,3730 Blair Ave,38.6619093,-90.2003987,0.3282589872252997,0.458156473981436,0.4486022572833417
https://www.redfin.com/MO/Saint-Louis/5022-Daggett-Ave-63110/home/185740444,5022 Daggett Ave,38.6163177,-90.2696143,0.11899808729105253,0.173928487725781,0.1927495346224576
https://www.redfin.com/MO/Saint-Louis/4066-Bates-St-63116/home/93761900,4066 Bates St,38.5738471,-90.2648441,0.507810803838094,0.49986654972508926,0.517960526524925
https://www.redfin.com/MO/St-Louis/2247-Gravois-Ave-63104/home/195989609,2247 Gravois Ave,38.6061681,-90.2211469,0.21649584646295966,0.21461848707269168,0.21537536502924406
https://www.redfin.com/MO/Saint-Louis/6214-Oleatha-Ave-63139/home/93775350,6214 Oleatha Ave,38.5977143,-90.2957963,0.316939046825189,0.3520764144656606,0.35607977859186063
https://www.redfin.com/MO/Saint-Louis/4202-E-Carter-Ave-63115/home/93714767,4202 E Carter Ave,38.6744166,-90.2255985,0.3790967837299857,0.46482982639919745,0.4372917343784137
https://www.redfin.com/MO/Saint-Louis/5234-Morganford-Rd-63116/home/62743619,5234 Morganford Rd,38.578761,-90.2679633,0.34956185551867625,0.3588252873807589,0.2891170101918148
https://www.redfin.com/MO/Saint-Louis/4471-S-Spring-Ave-63116/home/93730980,4471 S Spring Ave,38.5797494,-90.2528604,0.41731728947205926,0.43521961945075155,0.40618728384803227
https://www.redfin.com/MO/Saint-Louis/6608-Idaho-Ave-63111/home/93709882,6608 Idaho Ave,38.5585808,-90.255944,0.39444139714236665,0.4188096918197785,0.4098174778968231
https://www.redfin.com/MO/Saint-Louis/3808-Primm-St-63123/home/93785180,3808 Primm,38.5539962,-90.2754243,0.5451846458528281,0.5343014658332843,0.466415726479133
https://www.redfin.com/MO/Saint-Louis/2021-Boardman-St-63110/home/173620190,2021 Boardman St,38.61569,-90.270285,0.1803400925528428,0.15030090827963088,0.19424470780407635
https://www.redfin.com/MO/Saint-Louis/4025-Lexington-Ave-63107/home/93753787,4025 Lexington Ave,38.663941,-90.226788,0.30307173787443187,0.3347283810975761,0.338250319964546
https://www.redfin.com/MO/Saint-Louis/1946-Arlington-Ave-63112/home/93738636,1946 Arlington Ave,38.6706884,-90.2680287,0.461580309799561,0.4789480592657433,0.4671170306469352
https://www.redfin.com/MO/Saint-Louis/2209-Edwards-St-63110/home/93727459,2209 Edwards,38.6145564,-90.275559,0.245289202481188,0.27525970818565637,0.2760060947176819
https://www.redfin.com/MO/Saint-Louis/5227-Ulena-Ave-63116/home/93757700,5227 Ulena Ave,38.5742718,-90.2593453,0.5229234031262334,0.4333894175613985,0.40093484170864163
https://www.redfin.com/MO/Saint-Louis/2609-Macklind-Ave-63139/home/93727445,2609 Macklind Ave,38.6109495,-90.2785765,0.23880167957333803,0.23375529596602465,0.2655307123273099
https://www.redfin.com/MO/Saint-Louis/5809-Pershing-Ave-63112/home/93762478,5809 Pershing Ave,38.6491811,-90.2905334,0.43625460811808725,0.3888383905620088,0.4219334287472372
https://www.redfin.com/MO/Saint-Louis/7100-Idaho-Ave-63111/home/93710286,7100 Idaho Ave,38.5549496,-90.2600643,0.3935837702968374,0.34776809048353047,0.3499600479395952
https://www.redfin.com/MO/Saint-Louis/3130-Russell-Blvd-63104/home/93690970,3130 Russell Blvd,38.6121665,-90.2319981,0.5221156541305269,0.5319557443687242,0.49245445367896445
https://www.redfin.com/MO/Saint-Louis/3820-Shaw-Blvd-63110/home/93747197,3820 Shaw Blvd,38.6152671,-90.2434695,0.40333379469178415,0.36867009034840403,0.3968988460016124
https://www.redfin.com/MO/Saint-Louis/4246-N-Taylor-Ave-63115/home/93734461,4246 N Taylor Ave,38.6777224,-90.2347415,0.35347618758153637,0.38919246549289505,0.45153600402599486
https://www.redfin.com/MO/Saint-Louis/4112-W-Belle-Pl-63108/home/93745157,4112 W Belle Pl,38.6475189,-90.2416222,0.3798548354836216,0.4024216284611196,0.3636112206355506
https://www.redfin.com/MO/Saint-Louis/7509-S-Grand-Ave-63111/home/93712219,7509 S Grand Ave,38.5540418,-90.2676607,0.3592073845117801,0.34493524308117285,0.40675011162063657
https://www.redfin.com/MO/Saint-Louis/4845-Fountain-Ave-63113/home/93720369,4845 Fountain Ave,38.6557436,-90.2585164,0.3690089920121287,0.3790088773117229,0.4152446388988634
https://www.redfin.com/MO/Saint-Louis/2810-Arlington-Ave-63120/home/93738400,2810 Arlington Ave,38.6740606,-90.2655967,0.5538605614969297,0.5314073920006294,0.512688436487262
https://www.redfin.com/MO/Saint-Louis/2222-S-12th-St-63104/home/62726504,2222 S 12th St,38.6059563,-90.2101487,0.25484188500747557,0.24810174148434275,0.26795125282490007
https://www.redfin.com/MO/Saint-Louis/7826-Carlsbad-Dr-63123/home/64336757,7826 Carlsbad,38.5596648,-90.2863646,0.5412590925107977,0.506379203029182,0.44088957080800434
https://www.redfin.com/MO/Saint-Louis/4525-Page-Blvd-63113/home/66080626,4525 Page Blvd,38.6562707,-90.2502972,0.4417033692626681,0.4637076863280416,0.41847453019617736
https://www.redfin.com/MO/Saint-Louis/4985-Loughborough-Ave-63109/home/62748010,4985 Loughborough Ave,38.5716263,-90.2874378,0.33493817374759577,0.3664615439447256,0.34606135010065686
https://www.redfin.com/MO/Saint-Louis/6922-Magnolia-Ave-63143/home/93743673,6922 Magnolia Ave,38.6138337,-90.3078,0.4600661852650195,0.4205597421438059,0.3938199548423374
https://www.redfin.com/MO/Saint-Louis/1347-Graham-St-63139/home/62738008,1347 Graham St,38.6257625,-90.2915992,0.4627068274890243,0.48318521557803,0.382018677442623
https://www.redfin.com/MO/Saint-Louis/4413-Olive-St-63108/home/93739919,4413 Olive St,38.6472855,-90.2523413,0.2560653764498978,0.20361711407158845,0.32249228470345714
https://www.redfin.com/MO/Saint-Louis/3208-Henrietta-St-63104/home/169424254,3208 Henrietta St,38.6169458,-90.2326683,0.3436460399477519,0.3877086001241317,0.38155168790166744
https://www.redfin.com/MO/Saint-Louis/5730-Clemens-Ave-63112/home/93672371,5730 Clemens Ave,38.6561329,-90.285736,0.3848608693947327,0.4293551658688486,0.42605850878942225
https://www.redfin.com/MO/Saint-Louis/3649-Wisconsin-Ave-63118/home/103204410,3649 Wisconsin Ave,38.5877111,-90.2222613,0.276626419584016,0.30549573054976303,0.3473294394119207
https://www.redfin.com/MO/Saint-Louis/2034-Ann-Ave-63104/home/93691275,2034 Ann Ave,38.6083896,-90.2166296,0.35355748559833566,0.2952957077147321,0.2609863425346245
https://www.redfin.com/MO/Saint-Louis/2115-Cherokee-St-63118/home/93694018,2115 Cherokee St,38.5930637,-90.2226447,0.323651084243044,0.3162929680988586,0.3213617767062843
https://www.redfin.com/MO/Saint-Louis/1113-Washington-Ave-63101/unit-607/home/93676722,1113 Washington Ave #607,38.6318771,-90.1956351,0.04521353232517571,0.04979827195623983,0.06266570309528441
https://www.redfin.com/MO/Saint-Louis/6928-Minnesota-Ave-63111/home/93710123,6928 Minnesota Ave,38.5530234,-90.254698,0.33118427543610435,0.3529475290904752,0.3460362494386767
https://www.redfin.com/MO/Saint-Louis/2326-Park-Ave-63104/home/93700520,2326 Park Ave,38.6178467,-90.2190838,0.44935830867579535,0.3979099023451907,0.3836375883720131
https://www.redfin.com/MO/Saint-Louis/5530-Columbia-Ave-63139/home/93727282,5530 Columbia Ave,38.6114477,-90.2813923,0.34528803715434314,0.3572146233012261,0.3147616777036938
https://www.redfin.com/MO/Saint-Louis/4615-Maryland-Ave-63108/home/93724743,4615 Maryland Ave,38.6445934,-90.2595647,0.5002036797684538,0.41771058370146746,0.3568194975038827
https://www.redfin.com/MO/Saint-Louis/2806-Keokuk-St-63118/home/93704247,2806 Keokuk St,38.5847726,-90.2323733,0.33266559778861443,0.35419851394622176,0.33132022447952836
https://www.redfin.com/MO/Saint-Louis/1925-Pestalozzi-St-63118/home/93691642,1925 Pestalozzi Ave,38.599587,-90.218084,0.20104865848160672,0.28370305126182194,0.35925990186088763
https://www.redfin.com/MO/Saint-Louis/8738-Partridge-Ave-63147/home/93779453,8738 Partridge Ave,38.7170782,-90.2396933,0.3795443458914927,0.36187578785297714,0.32844441985530315
https://www.redfin.com/MO/Saint-Louis/3939-Itaska-St-63116/home/93769642,3939 Itaska St,38.5786887,-90.257734,0.38508862021129164,0.38172254084181406,0.34213528750274314
https://www.redfin.com/MO/Saint-Louis/2721-Watson-Rd-63139/home/93773015,2721 Watson,38.6103421,-90.2889778,0.2509512826117951,0.20550280541965946,0.24811275977208663
https://www.redfin.com/MO/Saint-Louis/2139-Sidney-St-63104/home/103204375,2139 Sidney St,38.6045774,-90.220058,0.3119012458760639,0.2978621726094369,0.2743409443994866
https://www.redfin.com/MO/Saint-Louis/4762-Plover-Ave-63120/home/93761810,4762 Plover Ave,38.6947664,-90.2571175,0.4570360030496024,0.4893433730622184,0.4818350591101906
https://www.redfin.com/MO/Saint-Louis/10211-Lookaway-Dr-63137/home/93779439,10211 Lookaway Dr,38.7504188,-90.1956554,0.5733803700471437,0.627361603069821,0.6472856363036996
https://www.redfin.com/MO/Saint-Louis/948-Harlan-Ave-63147/home/93759860,948 Harlan Ave,38.7221726,-90.2335996,0.5532094931008299,0.5466603765180579,0.5071677996552891
https://www.redfin.com/MO/Saint-Louis/3325-Park-Ave-63104/home/93700900,3325 Park Ave,38.6203173,-90.2337977,0.14114009403145383,0.24757501420436842,0.33121668513915636
https://www.redfin.com/MO/Saint-Louis/2862-Indiana-Ave-63118/home/143286489,2862 Indiana Ave,38.6009329,-90.2224054,0.27803829813495085,0.2817796406918276,0.28688615514158644
https://www.redfin.com/MO/Saint-Louis/6201-Winona-Ave-63109/home/93782126,6201 Winona Ave,38.592944,-90.2964555,0.21014571782626068,0.1720891721551397,0.20178111763637369
https://www.redfin.com/MO/Saint-Louis/2300-Saint-Louis-Ave-63106/home/93687965,2300 Saint Louis Ave,38.6519406,-90.2074183,0.26183434505110625,0.28779913327843076,0.3166129809068678
https://www.redfin.com/MO/Saint-Louis/4486-Laclede-Ave-63108/unit-4486/home/93671100,4486 Laclede Ave #4486,38.6392107,-90.2584541,0.37137587648920983,0.31206972240397707,0.28079550678732845
https://www.redfin.com/MO/Saint-Louis/3204-Liberty-St-63111/home/93707108,3204 Liberty St,38.5703333,-90.2422109,0.3754051349729137,0.3782831783148653,0.3965758592029024
https://www.redfin.com/MO/Saint-Louis/5339-Shaw-Ave-63110/home/93726863,5339 Shaw Ave,38.6184892,-90.2760764,0.32561898081727664,0.29573967201061724,0.28756466011028775
https://www.redfin.com/MO/Saint-Louis/6165-Laura-Ave-63136/home/93762305,6165 Laura Ave,38.7021069,-90.2620979,0.43390117447343496,0.3793316040845066,0.39586633494850637
https://www.redfin.com/MO/Saint-Louis/4246-Botanical-Ave-63110/home/93672487,4246 Botanical Ave,38.6099556,-90.2562884,0.28503936851709616,0.303098049091541,0.38181871435255604
https://www.redfin.com/MO/Saint-Louis/6124-Marwinette-Ave-63116/home/93773762,6124 Marwinette Ave,38.568677,-90.2670475,0.49019814382543964,0.4725913464337146,0.4265748265576202
https://www.redfin.com/MO/Saint-Louis/3522-Wisconsin-Ave-63118/home/62690727,3522 Wisconsin Ave,38.5901879,-90.2213061,0.30830791190247764,0.340858687222931,0.29180740689841755
https://www.redfin.com/MO/Saint-Louis/814-Wall-St-63147/home/93761143,814 Wall St,38.7191522,-90.2298567,0.3944845491374084,0.407114256637825,0.4558723976227949
https://www.redfin.com/MO/Saint-Louis/4068-Wilmington-Ave-63116/home/93770834,4068 Wilmington Ave,38.5716093,-90.2670534,0.4272410003936674,0.44637370631241113,0.40673878122960094
https://www.redfin.com/MO/Saint-Louis/2936-Greer-Ave-63107/home/93754589,2936 Greer Ave,38.6563265,-90.2171205,0.3359752498980479,0.3827727346896657,0.3921547221407272
https://www.redfin.com/MO/Saint-Louis/2131-McCausland-Ave-63143/home/93744169,2131 Mccausland Ave,38.6190013,-90.3090695,0.4091198793595441,0.4315282172317031,0.4434500369777943
https://www.redfin.com/MO/Saint-Louis/4632-Maryland-Ave-63108/home/93724535,4632 Maryland Ave,38.6442769,-90.2606289,0.333117643391153,0.2542856818705538,0.2651319702645658
https://www.redfin.com/MO/Saint-Louis/105-River-City-Blvd-63125/home/93712194,105 River City Blvd,38.5518828,-90.2719802,0.3750066098395014,0.35674917901275194,0.32431810524877824
https://www.redfin.com/MO/Saint-Louis/6737-Odell-St-63139/home/93743861,6737 Odell St,38.6105818,-90.3042391,0.47438639157136986,0.38373872868295644,0.3260955078946145
https://www.redfin.com/MO/Saint-Louis/2916-Hereford-St-63139/home/93727841,2916 Hereford St,38.6060385,-90.2728971,0.31522741770102797,0.2994994329743218,0.30480358272082175
https://www.redfin.com/MO/Saint-Louis/5950-Lalite-Ave-63136/home/93758755,5950 Lalite Ave,38.7019396,-90.2579029,0.47587029939580616,0.4794247740875884,0.47106505197935433
https://www.redfin.com/MO/Saint-Louis/3615-Nebraska-Ave-63118/home/93696375,3615 Nebraska Ave,38.5901156,-90.233419,0.38742331369410227,0.3612813477492918,0.3795292702470853
https://www.redfin.com/MO/Saint-Louis/3220-Itaska-St-63111/home/62766259,3220 Itaska St,38.5713225,-90.2425956,0.331278396135135,0.3363490496956867,0.35314795569258445
https://www.redfin.com/MO/Saint-Louis/4431-Vista-Ave-63110/home/93726100,4431 Vista Ave,38.6239553,-90.2602255,0.25199773975704454,0.24142781852857773,0.2835422654379685
https://www.redfin.com/MO/Saint-Louis/3004-Indiana-Ave-63118/home/62756058,3004 Indiana Ave,38.5994086,-90.2227668,0.35257625293221234,0.29228830001161316,0.33883013537033163
https://www.redfin.com/MO/Saint-Louis/4747-Ray-Ave-63116/home/93768345,4747 Ray Ave,38.5794391,-90.2626334,0.37719273504102546,0.37894751077335376,0.36089604261518327
https://www.redfin.com/MO/Saint-Louis/423-Christian-Ave-63147/home/93754312,423 Christian Ave,38.7080601,-90.2293422,0.38941996253396577,0.36468480809929543,0.36049135004461175
https://www.redfin.com/MO/Saint-Louis/1721-Lafayette-Ave-63104/home/93689721,1721 Lafayette Ave,38.6139717,-90.2113694,0.23830352253519232,0.25379589510407774,0.3173220709904386
https://www.redfin.com/MO/Saint-Louis/5341-Goodfellow-Blvd-63136/home/93745621,5341 Goodfellow Blvd,38.7065201,-90.2601512,0.4456637554615218,0.45939940878120705,0.5216431871307889
https://www.redfin.com/MO/Saint-Louis/3017-Osage-St-63118/home/93704370,3017 Osage St,38.5838184,-90.2363326,0.31948450220779756,0.3487406964738402,0.36833529343407306
https://www.redfin.com/MO/Saint-Louis/3938-Nebraska-Ave-63118/home/93704261,3938 Nebraska Ave,38.5840434,-90.2341588,0.314280119619094,0.3324476467633662,0.3447320921800257
https://www.redfin.com/MO/Saint-Louis/3744-Illinois-Ave-63118/home/93696920,3744 Illinois Ave,38.5861537,-90.2231223,0.45432857016307554,0.4114862876132068,0.4168586490345937
https://www.redfin.com/MO/Saint-Louis/6659-Pernod-Ave-63139/home/93778944,6659 Pernod Ave,38.598319,-90.3058127,0.39036816341987357,0.46709747264708584,0.4832357474147588
https://www.redfin.com/MO/Saint-Louis/4141-Bowen-St-63116/home/93776391,4141 Bowen St,38.5717684,-90.2699544,0.37051958548617675,0.35005332888935214,0.3893398617472556
https://www.redfin.com/MO/Saint-Louis/2219-Edwards-St-63110/home/93727463,2219 Edwards St,38.6142646,-90.2756025,0.24562018922765258,0.28190841701877695,0.279860391904497
https://www.redfin.com/MO/Saint-Louis/4614-Varrelmann-Ave-63116/home/93757033,4614 Varrelmann Ave,38.5828515,-90.2629052,0.34068078957414627,0.3326178793199876,0.28514114545307484
https://www.redfin.com/MO/Saint-Louis/5307-Ruskin-Ave-63115/home/93684066,5307 Ruskin Ave,38.6907783,-90.2432109,0.4288500985680054,0.42149501202521394,0.41707836764687434
https://www.redfin.com/MO/Saint-Louis/4355-Osceola-St-63116/home/93772008,4355 Osceola St,38.5889455,-90.2666762,0.3586835369440244,0.35981771362936593,0.3692617322069908
https://www.redfin.com/MO/Saint-Louis/5436-Holly-Hills-Ave-63109/home/93771509,5436 Holly Hills Ave,38.5772153,-90.2877272,0.40668255446086743,0.37767259312394763,0.3518811066569465
https://www.redfin.com/MO/Saint-Louis/6911-Wise-Ave-63139/home/62725421,6911 Wise Ave,38.6294328,-90.3049667,0.41448898467476375,0.4507616602485643,0.36275240814787074
https://www.redfin.com/MO/Saint-Louis/4429-Vista-Ave-63110/home/93726101,4429 Vista Ave,38.624013,-90.2601288,0.2683291766461024,0.2463520376751472,0.2898208300273106
https://www.redfin.com/MO/Saint-Louis/3022-Wyoming-St-63118/home/93693610,3022 Wyoming St,38.5976152,-90.2337341,0.35565380279220427,0.3188240921281882,0.2647410867473618
https://www.redfin.com/MO/Saint-Louis/4521-Tholozan-Ave-63116/home/93756351,4521 Tholozan Ave,38.5938782,-90.2687283,0.3801124640798556,0.4027851207428035,0.3537842590490717
https://www.redfin.com/MO/Saint-Louis/4126-Page-Blvd-63113/home/93719234,4126 Page Blvd Blvd,38.6510397,-90.2396567,0.3136745605451805,0.3307519019781917,0.40931675411385043
https://www.redfin.com/MO/Saint-Louis/1132-Washington-Ave-63101/unit-501/home/93677570,1136 Washington Ave #501,38.631102,-90.1953028,0.06170019166272722,0.05473662435398554,0.059732346616485035
https://www.redfin.com/MO/Saint-Louis/2924-McNair-Ave-63118/home/143286569,2924 Mcnair Ave,38.5992401,-90.2204535,0.31486047226080377,0.3639468556730846,0.3482164149211879
https://www.redfin.com/MO/Saint-Louis/1552-Switzer-Ave-63147/home/93732283,1552 Switzer Ave,38.714854,-90.2438541,0.3683753146144952,0.34005747656844526,0.36746069665445513
https://www.redfin.com/MO/Saint-Louis/4728-Hammett-Pl-63113/home/64245033,4728 Hammett Pl,38.6640524,-90.2520079,0.5025371968685554,0.5267360537854117,0.4982656350317296
https://www.redfin.com/MO/Saint-Louis/1844-Russell-Blvd-63104/home/63123378,1844 Russell Blvd,38.6088016,-90.2146806,0.2900514642954828,0.25894961339071393,0.2633072668980604
https://www.redfin.com/MO/Saint-Louis/2016-Schaeffer-Pl-63139/home/93741312,2016 Schaeffer Pl,38.6203,-90.3001674,0.45554902333898484,0.37462983662981003,0.36090128920457387
https://www.redfin.com/MO/Saint-Louis/4532-Ray-Ave-63116/home/93755927,4532 Ray Ave,38.5828138,-90.2592166,0.26145253912322286,0.3039250093607459,0.3171731516934069
https://www.redfin.com/MO/Saint-Louis/4451-Washington-Blvd-63108/home/93720058,4451 Washington Blvd,38.6489659,-90.2526944,0.3877302732967755,0.4076628746834825,0.3824919323349286
https://www.redfin.com/MO/Saint-Louis/3555-S-Spring-Ave-63116/home/93730508,3555 S Spring Ave,38.5925993,-90.2479652,0.3190053019552529,0.33717210558102567,0.2667657435748411
https://www.redfin.com/MO/Saint-Louis/5301-Loughborough-Ave-63109/home/93774361,5301 Loughborough Ave,38.5729624,-90.2896943,0.43285160145298474,0.38429590730670277,0.36826193942348784
https://www.redfin.com/MO/Saint-Louis/3521-Kingsland-Ct-63111/home/93705438,3521 Kingsland Ct,38.5801882,-90.2436024,0.29704498112517264,0.25158101282712736,0.2917150474352957
https://www.redfin.com/MO/Saint-Louis/6012-Clemens-Ave-63112/home/93739280,6012 Clemens Ave,38.6569821,-90.2934065,0.46609146779869537,0.4712737604099997,0.414271436490157
https://www.redfin.com/MO/Saint-Louis/8553-Mora-Ln-63147/home/93732436,8553 Mora Ln,38.7157492,-90.2490414,0.4722595075811276,0.5089148118530595,0.4729103269411369
https://www.redfin.com/MO/Saint-Louis/3830-Ohio-Ave-63118/home/93696557,3830 Ohio Ave,38.5854883,-90.2291748,0.3130578237093823,0.3611626534795403,0.3213089984010643
https://www.redfin.com/MO/Saint-Louis/5335-Shaw-Ave-63110/home/93726864,5335 Shaw Ave,38.6184883,-90.2758941,0.3138102248458646,0.29259807195175996,0.2819394270593459
https://www.redfin.com/MO/Saint-Louis/3436-Minnesota-Ave-63118/home/93694953,3436 Minnesota Ave,38.5933518,-90.2346005,0.44525931072765873,0.3970504990094455,0.34181738171036585
https://www.redfin.com/MO/Saint-Louis/2614-Bennett-Ct-63139/home/62732436,2614 Bennett Ct,38.6134437,-90.2983913,0.4400048174255274,0.4489671367892294,0.42787957572594765
https://www.redfin.com/MO/Saint-Louis/4740-Alaska-Ave-63111/home/93707280,4740 Alaska Ave,38.5718068,-90.2467408,0.3830308054737433,0.3757251511047964,0.34403666448251075
https://www.redfin.com/MO/Saint-Louis/4648-S-Compton-Ave-63111/home/62733822,4648 S Compton Ave,38.5718208,-90.2413827,0.4605473864095944,0.38708844549872884,0.36529159673057987
https://www.redfin.com/MO/Saint-Louis/5319-N-Kingshighway-Blvd-63115/home/93752088,5319 N Kingshighway Blvd,38.6890437,-90.2412534,0.45873062638166645,0.4033764329526812,0.3631227643015422
https://www.redfin.com/MO/Saint-Louis/5124-Lotus-Ave-63113/home/93738014,5124 Lotus Ave,38.6674804,-90.2622625,0.43895199618320796,0.5080869761366216,0.4979603144661123
https://www.redfin.com/MO/Saint-Louis/4607-Lee-Ave-63115/home/93734198,4607 Lee Ave,38.6766405,-90.238095,0.3236700678691854,0.3492404776009304,0.37189339260475074
https://www.redfin.com/MO/Saint-Louis/4239-Neosho-St-63116/home/93772457,4239 Neosho St,38.5846431,-90.2650683,0.3598123307224746,0.30772910450988594,0.25179040334877445
https://www.redfin.com/MO/Saint-Louis/3720-Comstock-Dr-63125/home/93712282,3720 Comstock Dr,38.5510261,-90.2762218,0.5175443813042045,0.5082467677140581,0.4797206070298645
https://www.redfin.com/MO/Saint-Louis/6046-Mardel-Ave-63109/home/93785420,6046 Mardel Ave,38.5950648,-90.295274,0.32921060561075893,0.32484302882792604,0.2745169177122681
https://www.redfin.com/MO/Saint-Louis/1547-Hornsby-Ave-63147/home/93731773,1547 Hornsby Ave,38.7195475,-90.2425353,0.37315550630876443,0.42287538187242735,0.419932575076101
https://www.redfin.com/MO/Saint-Louis/3546-Bamberger-Ave-63116/home/93730427,3546 Bamberger Ave,38.5929203,-90.2487496,0.38325046084718234,0.29407971744596656,0.2349406247152635
https://www.redfin.com/MO/Saint-Louis/3860-Blow-St-63116/home/93676866,3860 Blow,38.5603359,-90.2704916,0.2735727759454747,0.3287794549823273,0.36793156117124454
https://www.redfin.com/MO/Saint-Louis/2035-Ann-Ave-63104/home/90358855,2035 Ann Ave,38.6088255,-90.2165078,0.3356742701470634,0.31126279513718375,0.2766913424511732
https://www.redfin.com/MO/Saint-Louis/2739-Allen-Ave-63104/home/103203640,2739 Allen Ave,38.6127856,-90.2252183,0.37091687542898766,0.3678772335411843,0.3193164366543446
https://www.redfin.com/MO/Saint-Louis/3458-Utah-St-63118/home/93683402,3458 Utah St,38.5968216,-90.2409763,0.28071924186625474,0.28661876015603505,0.2503694610995154
https://www.redfin.com/MO/Saint-Louis/5736-Goethe-Ave-63109/home/62757055,5736 Goethe Ave,38.5804371,-90.2927666,0.36631984852339544,0.2941986573593348,0.28907420539475986
https://www.redfin.com/MO/Saint-Louis/4244-Olive-St-63108/home/62713382,4244 Olive St,38.64477,-90.2477912,0.320962650134628,0.3440294292866445,0.35095641100234354
https://www.redfin.com/MO/Saint-Louis/3824-Berger-Ave-63109/home/93779112,3824 Berger Ave,38.5955943,-90.3098406,0.4435270978402481,0.437657020159905,0.4954900130871703
https://www.redfin.com/MO/Saint-Louis/5847-Hampton-Ave-63109/home/93777692,5847 Hampton Ave,38.5785521,-90.2942143,0.3035965277565992,0.2964351438824951,0.3708948020378109
https://www.redfin.com/MO/Saint-Louis/4930-Botanical-Ave-63110/home/93744339,4930 Botanical Ave,38.6112502,-90.269223,0.3803261114523949,0.3305152304216402,0.29302265175390035
https://www.redfin.com/MO/Saint-Louis/5608-Murdoch-Ave-63109/home/93753513,5608 Murdoch Ave,38.5871767,-90.2887096,0.4189601237225733,0.4187076305697358,0.3954269297742761
https://www.redfin.com/MO/Saint-Louis/5110-Southwest-Ave-63110/home/93743955,5110 Southwest Ave,38.6113919,-90.271956,0.2559577912372503,0.22170638666722253,0.25041626714205495
https://www.redfin.com/MO/Saint-Louis/4935-Robert-Ave-63109/home/93771052,4935 Robert Ave,38.5685393,-90.2894114,0.36107502858825963,0.3368837531598469,0.3795396037403858
https://www.redfin.com/MO/Saint-Louis/4004-Walsh-St-63116/home/62709374,4004 Walsh St,38.5765095,-90.2618503,0.453459797061096,0.444506231050003,0.42386803460231653
https://www.redfin.com/MO/Saint-Louis/4324-Virginia-Ave-63111/home/93705835,4324 Virginia Ave,38.5779758,-90.2414089,0.4249639970419472,0.38929711967834907,0.3256171692037086
https://www.redfin.com/MO/Saint-Louis/3543-Nebraska-Ave-63118/home/93694799,3543 Nebraska Ave,38.5911523,-90.2331794,0.3642061316134104,0.37262032475339263,0.37920074426925193
https://www.redfin.com/MO/Saint-Louis/5308-Wilson-Ave-63110/home/93726811,5308 Wilson Ave,38.6158214,-90.2755429,0.21937776121336758,0.2546234726866946,0.2742753797051274
https://www.redfin.com/MO/Saint-Louis/3907-Delor-St-63116/home/93750314,3907 Delor St,38.5769642,-90.2579704,0.31349584566722166,0.3181767144492726,0.3091927029975729
https://www.redfin.com/MO/Saint-Louis/3021-Henrietta-St-63104/home/93700423,3021 Henrietta St,38.6170646,-90.2299661,0.4188875315581502,0.37316338670156113,0.3577495231101975
https://www.redfin.com/MO/Saint-Louis/3323-Iowa-Ave-63118/home/93693780,3323 Iowa Ave,38.5948029,-90.2288493,0.3073720965344912,0.27399182706892417,0.2408897652246942
https://www.redfin.com/MO/Saint-Louis/3870-Utah-Pl-63116/home/93684326,3870 Utah Pl,38.5975581,-90.2495422,0.5088392258017412,0.3839659555651262,0.36254868534611234
https://www.redfin.com/MO/Saint-Louis/4132-Hartford-St-63116/home/93749859,4132 Hartford St,38.6029739,-90.2565477,0.3150056802249104,0.35248044141280416,0.3870635851890838
https://www.redfin.com/MO/Saint-Louis/3521-Salena-St-63118/home/93694483,3521 Salena St,38.5902183,-90.2208363,0.3567951127533283,0.3149212684893131,0.2830595098570833
https://www.redfin.com/MO/Saint-Louis/8316-Pennsylvania-Ave-63111/home/93711893,8316 Pennsylvania Ave,38.542491,-90.2646938,0.3413072637600665,0.3429706529879869,0.3711561675370781
https://www.redfin.com/MO/Saint-Louis/4081-Bowen-St-63116/home/93770847,4081 Bowen St,38.5704432,-90.2682771,0.43217548516663973,0.3902534416070403,0.38150645783364384
https://www.redfin.com/MO/Saint-Louis/5418-Elizabeth-Ave-63110/home/93771692,5418 Elizabeth Ave,38.6132957,-90.2786817,0.3310371843716919,0.3440665603257596,0.31372690928741115
https://www.redfin.com/MO/Saint-Louis/2215-Hickory-St-63104/home/181866117,2215 Hickory,38.6199054,-90.2163145,0.16952262612310934,0.23088197616009354,0.2816873968917439
https://www.redfin.com/MO/Saint-Louis/3104-Providence-Pl-63111/home/93705550,3104 Providence Pl,38.5790393,-90.2380587,0.3374848555492572,0.3013276290105065,0.3376713473158311
https://www.redfin.com/MO/Saint-Louis/6553-Winnebago-St-63109/home/93775084,6553 Winnebago St,38.5944836,-90.3035126,0.3601962538788748,0.38688085101705677,0.3383536570878278
https://www.redfin.com/MO/Saint-Louis/3312-Saint-Vincent-Ave-63104/home/93684665,3312 St. Vincent,38.6188871,-90.233624,0.35010961489978265,0.3543432777938434,0.3731812303799112
https://www.redfin.com/MO/Saint-Louis/5454-Daggett-Ave-63110/home/93726961,5454 Daggett Ave,38.6172352,-90.2791457,0.42073663347116946,0.4502514850484972,0.41477267438958537
https://www.redfin.com/MO/Saint-Louis/3464-Macklind-Ave-63139/home/93742653,3464 Macklind Ave,38.5964882,-90.2821391,0.36880379709841526,0.35905993189190283,0.3743998576274031
https://www.redfin.com/MO/Saint-Louis/4734-Ashland-Ct-63115/home/93735908,4734 Ashland Ct,38.6713215,-90.2469836,0.46207186467029254,0.48579839633502936,0.47435153002052277
https://www.redfin.com/MO/Saint-Louis/4146-Holly-Hills-Blvd-63116/home/93777900,4146 Holly Hills Blvd,38.5693524,-90.2734757,0.44091693125937637,0.36469881796913783,0.37432101257078515
https://www.redfin.com/MO/Saint-Louis/6570-Winnebago-St-63109/home/62723302,6570 Winnebago St,38.5941289,-90.3041968,0.3788066076189916,0.3651616444563197,0.372474349739926
https://www.redfin.com/MO/Saint-Louis/6544-Neosho-St-63109/home/93779566,6544 Neosho St,38.5869842,-90.3056057,0.48529368021688046,0.4728458259299212,0.4383267496218667
https://www.redfin.com/MO/Saint-Louis/6707-Alexander-St-63116/home/93778191,6707 Alexander St,38.5658181,-90.2732794,0.34845601492509387,0.38987548421448603,0.4219613048108729
https://www.redfin.com/MO/Saint-Louis/2017-Ann-Ave-63104/home/62751523,2017 Ann Ave,38.6086367,-90.2158854,0.3030795524497617,0.29535941507624286,0.25618473742591774
https://www.redfin.com/MO/Saint-Louis/4066-Wyoming-St-63116/home/93729621,4066 Wyoming,38.5999915,-90.2555536,0.4264765117101306,0.36917986593561447,0.35905855157889355
https://www.redfin.com/MO/Saint-Louis/1341-McCausland-Ave-63117/home/93740205,1341 Mccausland Ave,38.6276935,-90.307307,0.42348905702351924,0.40660063671607566,0.43996336293064875
https://www.redfin.com/MO/Saint-Louis/4711-Penrose-St-63115/home/93733481,4711 Penrose St,38.6785324,-90.2400707,0.3442784089590962,0.33342629184129136,0.3424453933848835
https://www.redfin.com/MO/St-Louis/319-Rosedale-Ave-63112/unit-1/home/176133661,319 Rosedale Ave #1,38.650241,-90.2970018,0.27823147241148727,0.2543867155122245,0.31888495216826845
https://www.redfin.com/MO/Saint-Louis/3405-Itaska-St-63111/home/93707213,3405 Itaska St,38.572645,-90.2451718,0.29072507396387376,0.3210817387446519,0.32261150186154003
https://www.redfin.com/MO/Saint-Louis/6127-Lucille-Ave-63136/home/93745310,6127 Lucille Ave,38.706067,-90.2576686,0.5146175561293237,0.5120284132976946,0.49421492821086066
https://www.redfin.com/MO/Saint-Louis/3706-Connecticut-St-63116/home/93700052,3706 Connecticut St,38.600114,-90.245358,0.22420593427919872,0.2967798147810959,0.32902031572676177
https://www.redfin.com/MO/Saint-Louis/5328-Nagel-Ave-63109/home/93771168,5328 Nagel Ave,38.5709909,-90.29248,0.39365526795535893,0.38796872268354865,0.37786804660829093
https://www.redfin.com/MO/Saint-Louis/6520-Morganford-Rd-63116/home/93777994,6520 Morganford Rd,38.5683385,-90.2747921,0.2718871241254257,0.33034948232278594,0.35456465347903743
https://www.redfin.com/MO/Saint-Louis/4416-Arsenal-St-63116/home/93748621,4416 Arsenal St,38.6046313,-90.2638957,0.463011945440438,0.5297062162981301,0.5478450526071165
https://www.redfin.com/MO/Saint-Louis/5612-Eichelberger-St-63109/home/62748530,5612 Eichelberger St,38.5819247,-90.2899256,0.3186904073442875,0.33614663699620084,0.36622153920287615
https://www.redfin.com/MO/Saint-Louis/2222-Macklind-Ave-63110/home/93727457,2222 Macklind Ave,38.6143544,-90.2773985,0.2930956580406236,0.2925568502125577,0.3012738723799944
https://www.redfin.com/MO/Saint-Louis/1927-Pestalozzi-St-63118/home/93691639,1927 Pestalozzi Ave,38.599603,-90.218164,0.192802479988588,0.2861163033259113,0.35837111792622
https://www.redfin.com/MO/Saint-Louis/1127-Kentucky-Ave-63110/home/93726592,1127 Kentucky Ave,38.6266595,-90.2529988,0.3003656089007132,0.2520205549993055,0.22140448957025538
https://www.redfin.com/MO/Saint-Louis/7000-Plainview-Ave-63109/home/93781227,7000 Plainview Ave,38.5906169,-90.3131809,0.4222399370145206,0.4385883130944864,0.4121724153508214
https://www.redfin.com/MO/Saint-Louis/3139-Cherokee-St-63118/home/93693525,3139 Cherokee,38.5948147,-90.23605,0.2146823143284296,0.24386874000639303,0.32629682285121214
https://www.redfin.com/MO/Saint-Louis/2117-Lilly-Ave-63110/home/93682766,2117 Lilly Ave,38.6159038,-90.279808,0.43510090159082454,0.4042989624576528,0.3658266162420211
https://www.redfin.com/MO/Saint-Louis/4725-Hummel-Ave-63116/home/93763383,4725 Hummel Ave,38.5796152,-90.2768254,0.4125584485942584,0.3912041548358884,0.4194230336981777
https://www.redfin.com/MO/Saint-Louis/7425-Dianthan-Ln-63116/home/93784368,7425 Dianthan Ln,38.56081,-90.2811354,0.4138615707391277,0.36396207268490177,0.3788099528460432
https://www.redfin.com/MO/Saint-Louis/5753-Park-Ln-63147/home/93770361,5753 Park,38.710414,-90.2505617,0.46816529262872514,0.40605360531419427,0.3603428669694313
https://www.redfin.com/MO/Saint-Louis/5722-Itaska-St-63109/home/66023969,5722 Itaska St,38.5847309,-90.2911412,0.4269703853718427,0.40961588352574585,0.34214628627061067
https://www.redfin.com/MO/Saint-Louis/1906-California-Ave-63104/home/93690259,1906 California Ave,38.613218,-90.225718,0.32026891161618054,0.3368731309153012,0.3293639003664386
https://www.redfin.com/MO/Saint-Louis/4996-Parker-Ave-63139/home/93776991,4996 Parker Ave,38.5990705,-90.2749232,0.3347080085358441,0.3532404647872992,0.32680435497671106
https://www.redfin.com/MO/Saint-Louis/7911-Pennsylvania-Ave-63111/home/93711283,7911 Pennsylvania Ave,38.5457684,-90.26183,0.4199182092498502,0.354203633064175,0.2808112966293154
https://www.redfin.com/MO/Saint-Louis/5025-Rosa-Ave-63109/home/93765422,5025 Rosa Ave,38.5804516,-90.280534,0.39154594235552326,0.32181389501223023,0.3147559131539099
https://www.redfin.com/MO/Saint-Louis/5131-Shaw-Ave-63110/home/93728109,5131 Shaw Ave,38.6180374,-90.2716555,0.1891524933282773,0.17500834838844628,0.20039633135416632
https://www.redfin.com/MO/Saint-Louis/4230-Olive-St-63108/home/93673833,4230 Olive St,38.6445588,-90.2473435,0.33662643548444765,0.3320587731993402,0.34422242932645886
https://www.redfin.com/MO/Saint-Louis/5264-Oleatha-Ave-63139/home/93777445,5264 Oleatha Ave,38.596897,-90.2808786,0.3916746802169901,0.3795246159078772,0.3678123585042875
https://www.redfin.com/MO/Saint-Louis/6566-Dale-Ave-63139/home/93740987,6566 Dale Ave,38.624486,-90.2992483,0.44897186892336655,0.4485778749771678,0.44296359081067876
https://www.redfin.com/MO/Saint-Louis/8650-Oriole-Ave-63147/home/93731158,8650 Oriole Ave,38.7146344,-90.239061,0.38529402767390225,0.3866990993959453,0.36710802869729836
https://www.redfin.com/MO/Saint-Louis/1900-Belt-Ave-63112/home/93738942,1900 Belt Ave,38.6705977,-90.2714869,0.3964151128627212,0.43186968563623984,0.4252333635947692
https://www.redfin.com/MO/Saint-Louis/6727-W-Park-Ave-63139/home/93765773,6727 W Park Ave,38.6282703,-90.3018473,0.4331928643865098,0.41972524770411845,0.4068866486210791
https://www.redfin.com/MO/Saint-Louis/5504-Neosho-St-63109/home/62736585,5504 Neosho St,38.5852323,-90.2872891,0.43469226186158977,0.4123430146457919,0.38259867047570423
https://www.redfin.com/MO/Saint-Louis/5549-Mardel-Ave-63109/home/62724919,5549 Mardel Ave,38.5946489,-90.2874205,0.3594126083338957,0.3576213090010584,0.35067874967242596
https://www.redfin.com/MO/Saint-Louis/2867-Salena-St-63118/home/93691632,2867 Salena St,38.5997071,-90.2184356,0.21372585667204602,0.28608187075047337,0.35837536623333144
https://www.redfin.com/MO/Saint-Louis/6251-Loughborough-Ave-63109/home/93783930,6251 Loughborough,38.5749068,-90.2999534,0.39791355262738065,0.4130480982864645,0.4118319600479898
https://www.redfin.com/MO/Saint-Louis/3194-Portis-Ave-63116/home/93748575,3194 Portis Ave,38.6022256,-90.264665,0.34907004388262197,0.384844607799223,0.34612255064834246
https://www.redfin.com/MO/Saint-Louis/1838-Kennett-Pl-63104/home/62756056,1838 Kennett Pl,38.6146155,-90.2131939,0.304753351415226,0.28032106542159724,0.33012961429229415
https://www.redfin.com/MO/Saint-Louis/6402-Lansdowne-Ave-63109/home/93779783,6402 Lansdowne Ave,38.59018,-90.3004697,0.5351608634945355,0.45897004839335476,0.43182166755574997
https://www.redfin.com/MO/Saint-Louis/4330-Vista-Ave-63110/home/176875186,4330 Vista Ave,38.6239551,-90.2574851,0.337580909002679,0.3199006407486647,0.27716349019001474
https://www.redfin.com/MO/Saint-Louis/6700-Marquette-Ave-63139/home/93778817,6700 Marquette Ave,38.5998455,-90.304681,0.40643895130530894,0.4335592828222902,0.46883653588548446
https://www.redfin.com/MO/Saint-Louis/4027-Darby-St-63120/home/93731984,4027 Darby St,38.6906774,-90.2732012,0.37335660797073195,0.4089297798104853,0.4082389164079357
https://www.redfin.com/MO/Saint-Louis/6609-Marquette-Ave-63139/home/93748858,6609 Marquette Ave,38.6000657,-90.3026431,0.42098218072057364,0.43218820034121747,0.43435266657256877
https://www.redfin.com/MO/Saint-Louis/5625-S-Magnolia-Ave-63139/home/93682759,5625 S Magnolia Ave,38.6102115,-90.282862,0.22834009740142464,0.32371957042529753,0.3575479531318339
https://www.redfin.com/MO/Saint-Louis/1421-Dodier-St-63107/home/93688954,1421 Dodier,38.6525074,-90.1989386,0.4932354427641073,0.40269207297801196,0.3857056176865757
https://www.redfin.com/MO/Saint-Louis/2601-N-Sarah-St-63113/home/93717223,2601 N Sarah St,38.6574818,-90.2335831,0.4461647630368108,0.4277095216354607,0.4016537040070236
https://www.redfin.com/MO/Saint-Louis/3540-Vista-Ave-63104/home/93689878,3540 Vista Ave,38.621349,-90.2369149,0.20344768948970457,0.21631569751374813,0.2718819336426419
https://www.redfin.com/MO/Saint-Louis/3129-Keokuk-St-63118/unit-3129/home/93695771,3129 Keokuk St,38.5858412,-90.2377335,0.26942273258469235,0.3015474519990968,0.33048096812912475
https://www.redfin.com/MO/Saint-Louis/6415-Clifton-Hills-Dr-63139/home/62769033,6415 Clifton Hills Dr,38.6135906,-90.2968857,0.48011736658100523,0.46965967233151096,0.47850042083644295
https://www.redfin.com/MO/Saint-Louis/5725-Goener-Ave-63116/home/62751882,5725 Goener Ave,38.5768177,-90.2731823,0.30816486494670964,0.2548408518538242,0.3033966599852362
https://www.redfin.com/MO/Saint-Louis/2621-Sublette-Ave-63139/home/64113223,2621 Sublette Ave,38.6108815,-90.2806585,0.33582077727223697,0.3166454296084245,0.3047408789882743
https://www.redfin.com/MO/Saint-Louis/3209-Winnebago-St-63118/home/93695647,3209 Winnebago,38.5896284,-90.2384292,0.3637235779546381,0.388469723734427,0.39595973179718535
https://www.redfin.com/MO/Saint-Louis/6916-Dale-Ave-63139/home/93740573,6916 Dale Ave,38.6265539,-90.3062393,0.5599089506003926,0.5384829027003697,0.49935076558252456
https://www.redfin.com/MO/St-Louis/4319-Beck-Ave-63116/home/198547429,4319 Beck Ave,38.5919922,-90.2638422,0.2648157467497589,0.29475935571025125,0.3439067020147839
https://www.redfin.com/MO/Saint-Louis/3869-Germania-St-63116/home/93785313,3869 Germania St,38.5570854,-90.2744267,0.3787204244105194,0.4239850946215499,0.40015750162352925
https://www.redfin.com/MO/Saint-Louis/7041-Plainview-Ave-63109/home/93774124,7041 Plainview Ave,38.5911141,-90.3143342,0.3968011211344358,0.3926702460161473,0.3900376956425437
https://www.redfin.com/MO/Saint-Louis/7062-Sutherland-Ave-63109/home/93774065,7062 Sutherland Ave,38.5925856,-90.31484,0.48242146400966357,0.4298629059050046,0.41632256927434425
https://www.redfin.com/MO/Saint-Louis/6951-Alabama-Ave-63111/home/93710331,6951 Alabama Ave,38.5549971,-90.2592465,0.33910935572730205,0.34782327506712435,0.36575329052580285
https://www.redfin.com/MO/Saint-Louis/4014-Humphrey-St-63116/home/93729359,4014 Humphrey St,38.5989065,-90.2537626,0.3448648716871379,0.31973713887115296,0.35102307135674554
https://www.redfin.com/MO/Saint-Louis/4512-Minnesota-Ave-63111/home/93706232,4512 Minnesota Ave,38.5742826,-90.2384979,0.3827885648031578,0.37860661900364784,0.39345086603513263
https://www.redfin.com/MO/Saint-Louis/1928-Arsenal-St-63118/home/93699329,1928 Arsenal St,38.597147,-90.218874,0.29344813344287707,0.3331756575536874,0.3480190666522132
https://www.redfin.com/MO/Saint-Louis/6431-Oleatha-Ave-63139/home/93775197,6431 Oleatha Ave,38.5983901,-90.2988075,0.40034651618372474,0.3985277081667679,0.34775423406237915
https://www.redfin.com/MO/Saint-Louis/5220-Chouteaus-Bluff-Dr-63111/home/93680196,5220 Chouteaus Bluff Dr,38.5642535,-90.2391342,0.531829736952475,0.5332354904277484,0.3637618356493796
https://www.redfin.com/MO/Saint-Louis/5214-Chouteaus-Bluff-Dr-63111/home/93680191,5214 Chouteaus Blf,38.564404,-90.23899,0.531991912768952,0.5439649668339642,0.36395844441507363
https://www.redfin.com/MO/Saint-Louis/3014-Iowa-Ave-63118/home/93699172,3014 Iowa Ave,38.6004312,-90.2272244,0.37097370164158533,0.3565837042512259,0.3363412824790007
https://www.redfin.com/MO/Saint-Louis/9836-Parkway-Dr-63137/home/62709631,9836 Parkway Dr,38.7426382,-90.2029786,0.6247313997669746,0.6209698666217679,0.6391844228128555
https://www.redfin.com/MO/Saint-Louis/3704-Hebert-St-63107/home/93702145,3704 Hebert St,38.6599844,-90.2202819,0.2074379257884948,0.27931101791598756,0.3225937948439361
https://www.redfin.com/MO/Saint-Louis/3702-Hebert-St-63107/home/187273178,3702 Hebert St,38.65983,-90.220219,0.1905318656821606,0.26419464869774745,0.3192274438912399
https://www.redfin.com/MO/Saint-Louis/9983-Riverview-Dr-63137/home/93768277,9983 Riverview Dr,38.7451113,-90.2000479,0.7154519953355419,0.639232483933898,0.6404166736421552
https://www.redfin.com/MO/Saint-Louis/3910-Walsh-St-63116/home/93757710,3910 Walsh St,38.5749952,-90.2595835,0.48428774779662304,0.4818034589564738,0.4193317063717413
https://www.redfin.com/MO/Saint-Louis/3622-Flad-Ave-63110/home/93700192,3622 Flad Ave,38.6112552,-90.2414716,0.353315439637607,0.3200468627944048,0.3728610785742243
https://www.redfin.com/MO/Saint-Louis/4370-Taft-Ave-63116/home/93764771,4370 Taft Ave,38.5870173,-90.2679087,0.370595984189021,0.35296375880514214,0.3635545000186215
https://www.redfin.com/MO/Saint-Louis/1824-Allen-Ave-63104/home/93690393,1824 Allen,38.6096812,-90.2136809,0.31204299063883423,0.3106589651272159,0.3155304232444027
https://www.redfin.com/MO/Saint-Louis/5435-Murdoch-Ave-63109/home/62718045,5435 Murdoch Ave,38.5872415,-90.2855473,0.3515590425545896,0.34483437355455593,0.34253853387246475
https://www.redfin.com/MO/Saint-Louis/4224-Grace-Ave-63116/home/93705348,4224 Grace Ave,38.5805429,-90.2454798,0.32539369328301015,0.30467255202661464,0.3059950516401974
https://www.redfin.com/MO/Saint-Louis/5-Homeland-Pl-63109/home/93782658,5 Homeland Pl,38.5810415,-90.3065245,0.5071507669612036,0.5024673336871084,0.4965858683319426
https://www.redfin.com/MO/Saint-Louis/5337-Lindell-Blvd-63112/home/93723617,5337 Lindell Blvd,38.6457071,-90.2771608,0.5769184498806453,0.5822213825284085,0.5381218435201014
https://www.redfin.com/MO/Saint-Louis/3339-Nebraska-Ave-63118/home/178781919,3339 Nebraska Ave,38.5948164,-90.2324283,0.2652290371102461,0.27346117493163424,0.29078153881949487
https://www.redfin.com/MO/Saint-Louis/6515-Minnesota-Ave-63111/home/93709693,6515 Minnesota Ave,38.5565932,-90.2512978,0.2728405029906291,0.29504973757577113,0.3441369663171098
https://www.redfin.com/MO/Saint-Louis/5405-S-Compton-Ave-63111/home/93708160,5405 S Compton,38.5656895,-90.2451111,0.3326428956535119,0.2978268513184339,0.3132862299129676
https://www.redfin.com/MO/Saint-Louis/9840-Parkway-Dr-63137/home/93768249,9840 Parkway Dr,38.7431693,-90.2026684,0.624847567291106,0.6282926606162579,0.6429656645290897
https://www.redfin.com/MO/Saint-Louis/3-Homeland-Pl-63109/home/93782664,3 Homeland Pl,38.580432,-90.3067195,0.5883209212615951,0.5734221851156998,0.5111766214239769
https://www.redfin.com/MO/Saint-Louis/3937-Illinois-Ave-63118/home/93704204,3937 Illinois Ave,38.582722,-90.224463,0.4201937237739319,0.460509066854976,0.4180717259867126
https://www.redfin.com/MO/Saint-Louis/9834-Rivermont-Dr-63137/home/93381141,9834 Rivermont Dr,38.7453786,-90.2018472,0.624924895793822,0.658528297263497,0.6639834954100639
https://www.redfin.com/MO/Saint-Louis/6204-Waterman-Ave-63130/home/93760104,6204 Waterman Ave,38.6510173,-90.3007495,0.48176530974058007,0.4050346890703294,0.41016009459840924
https://www.redfin.com/MO/Saint-Louis/5010-Daggett-Ave-63110/home/173620186,5010 Daggett Ave,38.616198,-90.26924,0.10020424343883584,0.13350941939786923,0.17801501652869817
https://www.redfin.com/MO/Saint-Louis/6255-Simpson-Ave-63139/home/93743602,6255 Simpson Ave,38.6143981,-90.2935517,0.6888196765922733,0.5937599480813617,0.5654862332182669
https://www.redfin.com/MO/Saint-Louis/6177-Lucille-Ave-63136/home/93745295,6177 Lucille Ave,38.7067311,-90.2592094,0.42198630823006705,0.4765154473770319,0.5125106419310537
https://www.redfin.com/MO/Saint-Louis/701-Valley-Dr-63137/home/93768267,701 Valley Dr,38.7432076,-90.203605,0.6548413905341368,0.672150094896606,0.65874487829227
https://www.redfin.com/MO/Saint-Louis/6005-Bishops-Pl-63109/home/93782873,6005 Bishops Pl,38.577457,-90.3027189,0.4752819916041502,0.45464973674997494,0.4541820803477927
https://www.redfin.com/MO/Saint-Louis/4144-Flad-Ave-63110/home/93746501,4144 Flad Ave,38.612321,-90.2529113,0.2791141249377573,0.32216567539823593,0.37809469196046486
https://www.redfin.com/MO/Saint-Louis/714-Lookout-Dr-63137/home/62688666,714 Lookout Dr,38.740911,-90.2070109,0.6703019489803642,0.7037267568270783,0.6949528991517369
https://www.redfin.com/MO/Saint-Louis/9705-Riverview-Dr-63137/home/93768348,9705 Riverview Dr,38.7399917,-90.2059264,0.7013761660125108,0.638383241662868,0.6490527678592493
https://www.redfin.com/MO/Saint-Louis/9749-Riverview-Dr-63137/home/93768265,9749 Riverview Dr,38.7407921,-90.2048135,0.5836944618214638,0.6020380872406726,0.6358277949329335
https://www.redfin.com/MO/Saint-Louis/10001-Riverview-Dr-63137/home/93768298,10001 Riverview Dr,38.7456017,-90.19925,0.5175317486272804,0.580443688184199,0.6173131220438067
https://www.redfin.com/MO/Saint-Louis/6425-Kinsey-Pl-63109/home/93782766,6425 Kinsey Pl,38.5809004,-90.3019586,0.552761135762594,0.5771202085876372,0.527377708580431
https://www.redfin.com/MO/Saint-Louis/10277-Lookaway-Dr-63137/home/93779419,10277 Lookaway Dr,38.752138,-90.194445,0.6241285194650127,0.6343988804457666,0.601788276147225
https://www.redfin.com/MO/Saint-Louis/10257-Lookaway-Dr-63137/home/93779415,10257 Lookaway Dr,38.751672,-90.194816,0.6214812938350934,0.6299220441105702,0.6126699266747935
https://www.redfin.com/MO/Saint-Louis/7018-Plateau-Ave-63117/home/84264369,7018 Plateau Ave,38.6238792,-90.3085921,0.3488633926566056,0.4084077297968478,0.4793680073380822
https://www.redfin.com/MO/Saint-Louis/6024-W-Cabanne-Pl-63112/home/93739665,6024 W Cabanne Pl,38.6593261,-90.2933374,0.5870334839272088,0.538339350543818,0.5180891510985582
https://www.redfin.com/MO/Saint-Louis/6725-Eichelberger-St-63109/home/93781410,6725 Eichelberger St,38.5830836,-90.3072496,0.42304059064568184,0.44460413056220727,0.42420665936798735
https://www.redfin.com/MO/Saint-Louis/11-Willmore-Rd-63109/home/62742674,11 Willmore Rd,38.5821418,-90.3081096,0.5444891997702853,0.4902323519258127,0.523883191860813
https://www.redfin.com/MO/Saint-Louis/3534-Hawthorne-Blvd-63104/home/93691152,3534 Hawthorne Blvd,38.6108232,-90.2395284,0.4630437631579203,0.4315659569619664,0.3952754756596234
https://www.redfin.com/MO/Saint-Louis/5015-Lindell-Blvd-63108/home/93745437,5015 Lindell Blvd,38.6446663,-90.2654714,0.5193824726577756,0.4433820598104898,0.4311067338558129
https://www.redfin.com/MO/Saint-Louis/5405-Bartmer-Ave-63112/home/93745005,5405 Bartmer Ave,38.6611286,-90.2747075,0.604253521206715,0.5273351478579671,0.4556026644728203
https://www.redfin.com/MO/St-Louis/801-S-Skinker-Blvd-63105/unit-12D/home/148670985,801 S Skinker Blvd Unit 12D,38.6360206,-90.3042196,0.2721732711456078,0.34478505111934415,0.4442168531180368
https://www.redfin.com/MO/St-Louis/801-S-Skinker-Blvd-63105/unit-4B/home/62749080,801 S Skinker Blvd Unit 4B,38.6360193,-90.3042227,0.27305410018141274,0.34447902979873257,0.44402751294914566
https://www.redfin.com/MO/Saint-Louis/9910-Parkway-Dr-63137/home/93768246,9910 Parkway Dr,38.7438238,-90.202067,0.6292933199538713,0.651305933970439,0.6318756020117254
https://www.redfin.com/MO/Saint-Louis/6250-Westminster-Pl-63130/home/93760182,6250 Westminster Pl,38.6533949,-90.3018047,0.5718123812807948,0.5534768661257656,0.539212894945567
https://www.redfin.com/MO/Saint-Louis/705-Jeffrey-Dr-63137/home/93768251,705 Jeffrey Dr,38.7443695,-90.2025156,0.6140883758422698,0.6200773774466661,0.6471867668501318
https://www.redfin.com/MO/Saint-Louis/5100-Kingwood-Dr-63123/home/93783032,5100 Kingwood Dr,38.5849026,-90.3140821,0.5659478687690924,0.4636650188883901,0.40803718187897237
https://www.redfin.com/MO/Saint-Louis/243-Woodbourne-Dr-63105/home/93771925,243 Woodbourne Dr,38.6424466,-90.3044756,0.6153793501339463,0.5523439595203761,0.510848032214916
https://www.redfin.com/MO/Saint-Louis/9810-Jeffrey-Dr-63137/home/93382669,9810 Jeffrey Dr,38.7447637,-90.2025796,0.6681790757074337,0.5982566615242848,0.6609860952445452
https://www.redfin.com/MO/Saint-Louis/5800-Clemens-Ave-63112/home/93671165,5800 Clemens Ave,38.6562903,-90.2867103,0.4250123784287807,0.43540848836050927,0.42061469108443955
https://www.redfin.com/MO/Saint-Louis/1711-N-Taylor-Ave-63113/home/93718823,1711 N N Taylor Ave,38.6590514,-90.2475383,0.4756330332403001,0.4690290673555335,0.47466191340875363
https://www.redfin.com/MO/Saint-Louis/3154-Longfellow-Blvd-63104/home/93691046,3154 Longfellow,38.6107648,-90.2332324,0.5237669043997194,0.551060504030255,0.5136415958858368
https://www.redfin.com/MO/Saint-Louis/1339-Kraft-St-63139/home/87131674,1339 Kraft,38.6268792,-90.3013498,0.35700147320734255,0.42020992140585256,0.44321782253733033
https://www.redfin.com/MO/Saint-Louis/6566-Southwest-Ave-63139/home/93743731,6566 Southwest Ave,38.6122379,-90.3002693,0.43542009566127493,0.466606158950698,0.4108204273842485
https://www.redfin.com/MO/Saint-Louis/6731-Fyler-Ave-63139/home/93741889,6731 Fyler Ave,38.6035385,-90.3052506,0.45973036329240285,0.39936831318672483,0.3944936316197489
https://www.redfin.com/MO/Saint-Louis/4352-Schirmer-St-63116/home/93783613,4352 Schirmer St,38.5619578,-90.2841935,0.5144793884317048,0.5496724136270116,0.48492310345102707
https://www.redfin.com/MO/Saint-Louis/3140-Russell-Blvd-63104/home/76424599,3140 Russell Blvd,38.61212163434531,-90.23202227724607,0.5213117667751677,0.5341400468869903,0.49468656949771306
https://www.redfin.com/MO/St-Louis/5911-Dale-Ave-63110/home/169433889,5911 Dale Ave,38.6248153,-90.285967,0.4380092687849194,0.4196030533768655,0.2846914706470551
https://www.redfin.com/MO/Saint-Louis/5211-Washington-Pl-63108/home/93749433,5211 Washington Pl,38.651451,-90.2704593,0.35549975094686687,0.3210763795146467,0.3177967640256732
https://www.redfin.com/MO/Saint-Louis/5352-Maple-Ave-63112/home/93709914,5352 Maple Ave,38.6595655,-90.2742376,0.4739855325818692,0.48005796165647785,0.4427655813805102
https://www.redfin.com/MO/Saint-Louis/4007-Blow-St-63116/home/93785744,4007 Blow St,38.5621885,-90.2732172,0.42457540456258036,0.4146177842308933,0.44061676052507165
https://www.redfin.com/MO/Saint-Louis/3-Willmore-Rd-63109/home/93782564,3 Willmore Rd,38.5822,-90.306865,0.42378307983570096,0.44310560100189794,0.44633002268931954
https://www.redfin.com/MO/Saint-Louis/6635-Fyler-Ave-63139/home/66023426,6635 Fyler Ave,38.6033401,-90.3025362,0.5044529979502228,0.4692510491962409,0.4302568435701282
https://www.redfin.com/MO/Saint-Louis/64-Willmore-Rd-63109/home/93782705,64 Willmore Rd,38.5772357,-90.3058382,0.5622147624582536,0.5545780994252428,0.5688005145293055
https://www.redfin.com/MO/Saint-Louis/5879-Cabanne-Ave-63112/home/93723928,5879 Cabanne,38.6594477,-90.2888646,0.5523700934571913,0.445917645785147,0.4203558276954545
https://www.redfin.com/MO/Saint-Louis/8936-Gateland-Ave-63136/home/93404534,8936 Gateland Ave,38.7218452,-90.2447878,0.5484739065402211,0.4765103006444706,0.5246584988072881
https://www.redfin.com/MO/Saint-Louis/85-Willmore-Rd-63109/home/93782630,85 Willmore Rd,38.5754125,-90.3038673,0.49540884232009885,0.5334639521096493,0.5305171157901178
https://www.redfin.com/MO/Saint-Louis/7131-Sutherland-Ave-63109/home/93749222,7131 Sutherland Ave,38.5932074,-90.3174219,0.5450087230522299,0.46716284818277237,0.38540202558076514
https://www.redfin.com/MO/Saint-Louis/7096-Tholozan-Ave-63109/home/93747878,7096 Tholozan Ave,38.5977937,-90.315239,0.5305933007644746,0.47312853153432816,0.47593150800966877
https://www.redfin.com/MO/Saint-Louis/6208-Pershing-Ave-63130/home/93760144,6208 Pershing Ave,38.6497716,-90.3011571,0.519003874733943,0.3726021186642889,0.3948926367598358
https://www.redfin.com/MO/Saint-Louis/59-Willmore-Rd-63109/home/93782645,59 Willmore Rd,38.5772328,-90.3069398,0.5918305739104615,0.6011144551069384,0.5412723733390491
https://www.redfin.com/MO/Saint-Louis/7857-Adkins-Ave-63123/home/93784232,7857 Adkins Ave,38.5567757,-90.2845578,0.5016423493066303,0.4363290429566087,0.4220020774971018
https://www.redfin.com/MO/Saint-Louis/2902-Ellendale-Ave-63143/home/93743197,2902 Ellendale Ave,38.6112672,-90.3104467,0.5944741217615499,0.5245903196066634,0.4986440426680366
https://www.redfin.com/MO/Saint-Louis/6419-Clifton-Ave-63109/home/93782826,6419 Clifton Ave,38.5750601,-90.3003823,0.42538691981097254,0.41654511122145954,0.4196637737544448
https://www.redfin.com/MO/Saint-Louis/3233-Hawthorne-Blvd-63104/home/93748586,3233 Hawthorne Blvd,38.6104371,-90.234868,0.5337056252398916,0.5451051778747213,0.4925134236053098
https://www.redfin.com/MO/Saint-Louis/2750-Ellendale-Ave-63143/home/93743196,2750 Ellendale Ave,38.6114767,-90.3104217,0.6098105275544635,0.5364171585167835,0.47993864123419694
https://www.redfin.com/MO/Saint-Louis/6027-Guilford-Pl-63109/home/93782639,6027 Guilford Pl,38.5769425,-90.3050779,0.5019223962366577,0.5280850012562734,0.541737453557915
https://www.redfin.com/MO/Saint-Louis/5820-Lansdowne-Ave-63109/home/93769134,5820 Lansdowne Ave,38.5895643,-90.2930114,0.4339822173916684,0.3595336395335971,0.2950040164299465
https://www.redfin.com/MO/Saint-Louis/4823-McCausland-Ave-63109/home/93781559,4823 Mccausland Ave,38.5869591,-90.3116171,0.3834062772898856,0.3615293397484428,0.3656239601598382
https://www.redfin.com/MO/Saint-Louis/1344-Central-Ave-63139/home/93765602,1344 Central Ave,38.6269061,-90.3028459,0.5377708056066859,0.42819909916334614,0.43145456626656653
https://www.redfin.com/MO/Saint-Louis/38-Benton-Pl-63104/home/87947243,38 Benton Pl,38.6193843,-90.2145416,0.379454819498686,0.3563641914859222,0.31551430020758053
https://www.redfin.com/MO/Saint-Louis/5924-Childress-Ave-63109/home/93783856,5924 Childress Ave,38.5790323,-90.3000799,0.4389766293413437,0.47980265718230447,0.4693234021705052
https://www.redfin.com/MO/Saint-Louis/3224-Regal-Pl-63139/home/170010038,3224 Regal,38.6030273,-90.2837618,0.46481074833091,0.5285965788680786,0.4841167688444512
https://www.redfin.com/MO/Saint-Louis/4-Willmore-Rd-63109/home/93782668,4 Willmore Rd,38.581754,-90.3066149,0.42934869039323437,0.4518225873547871,0.4605443616293125
https://www.redfin.com/MO/Saint-Louis/9745-E-Lookout-Ct-63137/home/93768332,9745 E Lookout Ct,38.7414262,-90.2058771,0.6929582924512326,0.7203754107960726,0.673245473295725
https://www.redfin.com/MO/Saint-Louis/4123-Poepping-St-63123/home/93784340,4123 Poepping,38.5564916,-90.282548,0.42788288494072824,0.44579569109978995,0.4649488359919387
https://www.redfin.com/MO/Saint-Louis/2653-Shenandoah-Ave-63104/home/93690834,2653 Shenandoah Ave,38.6080451,-90.2245578,0.2891364938570955,0.27908584698443734,0.2966717416982329
https://www.redfin.com/MO/Saint-Louis/6247-Magnolia-Ave-63139/home/93743644,6247 Magnolia Ave,38.612132,-90.2942681,0.42381566121138664,0.3616818497428515,0.4229464817446428
https://www.redfin.com/MO/Saint-Louis/3943-Marine-Ave-63118/home/174211987,3943 Marine Ave,38.5826433,-90.2231505,0.46117110076269113,0.40124984369208827,0.4074593991298612
https://www.redfin.com/MO/Saint-Louis/6107-Lalite-Ave-63136/home/93745630,6107 Lalite Ave,38.7031226,-90.2590153,0.5001263126829572,0.5014142400678349,0.4835818610242223
https://www.redfin.com/MO/Saint-Louis/3909-Marine-Ave-63118/home/93785507,3909 Marine Ave,38.5834512,-90.2224897,0.44867140189984206,0.4171199413515035,0.4014257296042158
https://www.redfin.com/MO/Saint-Louis/3316-Norma-Ct-63139/home/93743274,3316 Norma Ct,38.6022925,-90.3003577,0.44421849073404773,0.3787256931074498,0.37243254210582727
https://www.redfin.com/MO/Saint-Louis/1216-Victor-St-63104/home/93686953,1216 Victor,38.6030278,-90.2126917,0.40479637985578865,0.30923173233152734,0.322207476267053
https://www.redfin.com/MO/Saint-Louis/2510-Clifton-Ave-63139/home/93743620,2510 Clifton Ave,38.6153081,-90.2932665,0.4851311650976133,0.5334508565116134,0.5267262242569304
https://www.redfin.com/MO/Saint-Louis/4362-W-Pine-Blvd-63108/home/93725148,4362 W Pine Blvd,38.6397056,-90.2533226,0.4604466051506402,0.42328286247508146,0.3344907244478421
https://www.redfin.com/MO/Saint-Louis/6125-Lalite-Ave-63136/home/93745633,6125 Lalite Ave,38.7033802,-90.2596262,0.5313123366315041,0.5000790386575624,0.4718119338103182
https://www.redfin.com/MO/Saint-Louis/6777-Eichelberger-St-63109/home/93781554,6777 Eichelberger St,38.583314,-90.3091595,0.46258373772598127,0.5204210165804442,0.4593521578507415
https://www.redfin.com/MO/Saint-Louis/3755-Weber-Rd-63125/home/93785620,3755 Weber Rd,38.550846,-90.2776709,0.5262144925411505,0.5771907754245554,0.5071614105212645
https://www.redfin.com/MO/Saint-Louis/4168-W-Pine-Blvd-63108/home/93725485,4168 W Pine Blvd,38.638731,-90.2487481,0.5191565837537829,0.4809777012179842,0.3202560498127942
https://www.redfin.com/MO/Saint-Louis/6731-Odell-St-63139/home/93743862,6731 Odell St,38.6107946,-90.3040688,0.4814314459165872,0.3714303976801729,0.3356591707727926
https://www.redfin.com/MO/Saint-Louis/5873-Julian-Ave-63112/home/93723042,5873 Julian Ave,38.6668677,-90.2862362,0.47217612750819277,0.45767094011930654,0.4736654088368397
https://www.redfin.com/MO/Saint-Louis/6303-Lucille-Ave-63136/home/93745349,6303 Lucille Ave,38.706952,-90.2597139,0.454878153318458,0.482678934670815,0.5197557517211715
https://www.redfin.com/MO/Saint-Louis/6117-Lalite-Ave-63136/home/93745635,6117 Lalite Ave,38.7032326,-90.2593251,0.519255889989278,0.49749539204911836,0.4832870686161317
https://www.redfin.com/MO/Saint-Louis/6111-Lalite-Ave-63136/home/93745636,6111 Lalite Ave,38.7031906,-90.2591707,0.5218961259960129,0.5015020978049357,0.48437310739021217
https://www.redfin.com/MO/Saint-Louis/5854-Neosho-St-63109/home/62756085,5854 Neosho St,38.5861516,-90.2947654,0.3836942119193069,0.39637190705210973,0.38308339314483936
https://www.redfin.com/MO/Saint-Louis/6255-Pershing-Ave-63130/home/93760107,6255 Pershing Ave,38.6503827,-90.3025972,0.5404646771983913,0.5285482177385539,0.45614178240100484
https://www.redfin.com/MO/Saint-Louis/7125-Emilie-St-63143/home/93743167,7125 Emilie St,38.6107199,-90.3120604,0.591465978732615,0.56090377578902,0.48540625527364023
https://www.redfin.com/MO/Saint-Louis/6438-Bishops-Pl-63109/home/62700619,6438 Bishops Pl,38.5757343,-90.3007173,0.5334036378276186,0.4715124225212155,0.42320744348568473
https://www.redfin.com/MO/Saint-Louis/3446-Nebraska-Ave-63118/home/109007522,3446 Nebraska Ave,38.5927602,-90.2323315,0.33867455477624075,0.3282226514856914,0.3181087386616264
https://www.redfin.com/MO/Saint-Louis/16-Aberdeen-Pl-63105/home/93766507,16 Aberdeen Pl,38.6404592,-90.3048484,0.49289362829260175,0.4856049863176392,0.4849085767921244
https://www.redfin.com/MO/Saint-Louis/6126-Lucille-Ave-63136/home/93745334,6126 Lucille Ave,38.7055805,-90.2580251,0.4869129566405399,0.5244942687689806,0.5012431831683911
https://www.redfin.com/MO/Saint-Louis/6201-Wade-Ave-63139/home/93726347,6201 Wade Ave,38.6248795,-90.2905454,0.3984489925049497,0.42032602057840085,0.3886968833297405
https://www.redfin.com/MO/Saint-Louis/41-Willmore-Rd-63109/home/93782636,41 Willmore Rd,38.578701,-90.3082799,0.5460271774102279,0.5425691357087203,0.4892010522482263
https://www.redfin.com/MO/Saint-Louis/7219-Emilie-St-63143/home/93743202,7219 Emilie St,38.6108423,-90.313052,0.5353324448679265,0.5570285928421131,0.48268391490761176
https://www.redfin.com/MO/Saint-Louis/3223-Tennyson-Sq-63143/home/93751124,3223 Tennyson Sq,38.6081714,-90.3143391,0.548694370558749,0.5156398492533973,0.46835149524405106
https://www.redfin.com/MO/Saint-Louis/4632-Pershing-Pl-63108/home/93724635,4632 Pershing Pl,38.6455843,-90.2600256,0.4928597699765132,0.43572214109687,0.4000498368644304
https://www.redfin.com/MO/Saint-Louis/1401-McCausland-Ave-63117/home/93744505,1401 Mccausland Ave,38.626636,-90.307622,0.38370696202835536,0.4580165180702676,0.49702752781506876
https://www.redfin.com/MO/Saint-Louis/4934-Columbia-Ave-63139/home/93727613,4934 Columbia Ave,38.6101704,-90.2695413,0.4072937425429807,0.45383638876624954,0.4123011362211717
https://www.redfin.com/MO/Saint-Louis/2500-Clifton-Ave-63139/home/93743619,2500 Clifton Ave,38.6153227,-90.2929062,0.5005904808689734,0.5201131107703716,0.5169816716343272
https://www.redfin.com/MO/Saint-Louis/3745-Weber-Rd-63125/home/93785623,3745 Weber Rd,38.5505556,-90.2773124,0.4675184700189931,0.5617926922968041,0.520463492275548
https://www.redfin.com/MO/Saint-Louis/5562-Goodfellow-Blvd-63136/home/62769083,5562 Goodfellow Blvd,38.70947,-90.257365,0.43354104608830185,0.4455000926483203,0.47404734096927276
https://www.redfin.com/MO/Saint-Louis/40-Willmore-Rd-63109/home/93782578,40 Willmore Rd,38.5793873,-90.3080083,0.5718562204816382,0.5632781350763928,0.5181981503169117
https://www.redfin.com/MO/Saint-Louis/48-Willmore-Rd-63109/home/93782574,48 Willmore Rd,38.5787606,-90.3077449,0.4810485546654479,0.5525238765458828,0.5221619490596897
https://www.redfin.com/MO/Saint-Louis/5433-Vernon-Ave-63112/home/93683495,5433 Vernon Ave,38.659319,-90.276527,0.44820910629875776,0.4395629534900464,0.44051387367429995
https://www.redfin.com/MO/Saint-Louis/4259-Louisiana-Ave-63111/home/93705473,4259 Louisiana Ave,38.579269,-90.2429191,0.32852917984748364,0.32695077852251087,0.3167966115258174
https://www.redfin.com/MO/Saint-Louis/7417-Parkwood-Dr-63116/home/93783601,7417 Parkwood Dr,38.5631923,-90.2839611,0.5938059001476359,0.5884962624239587,0.596416499935293
https://www.redfin.com/MO/Saint-Louis/6029-W-Cabanne-Pl-63112/home/93728752,6029 W Cabanne Pl,38.6598676,-90.2933014,0.5611537916581392,0.5674113438209475,0.5187185162023629
https://www.redfin.com/MO/Saint-Louis/4388-McPherson-Ave-63108/home/109919933,4388 Mcpherson Ave,38.6444992,-90.2526347,0.4439191697343624,0.42601077073481664,0.43336850099946816
https://www.redfin.com/MO/Saint-Louis/3903-Holly-Hills-Blvd-63116/home/93773769,3903 Holly Hills Blvd,38.5657968,-90.2651029,0.5369622840088913,0.5485944580287317,0.5480803197240983
https://www.redfin.com/MO/Saint-Louis/6827-Fyler-Ave-63139/home/93741878,6827 Fyler Ave,38.6037193,-90.3067195,0.3867522594276108,0.3808056355555862,0.4249438510798396
https://www.redfin.com/MO/Saint-Louis/7151-Wellington-Ct-63143/home/93751093,7151 Wellington Ct,38.6020555,-90.3158266,0.393522826159046,0.38396464873640207,0.3583209681354867
https://www.redfin.com/MO/Saint-Louis/3005-Hawthorne-Blvd-63104/home/93691034,3005 Hawthorne Blvd,38.6113767,-90.2302398,0.5030989952203503,0.5251829082399235,0.4991495396233695
https://www.redfin.com/MO/Saint-Louis/6821-Bradley-Ave-63139/home/93742019,6821 Bradley Ave,38.6050244,-90.3063611,0.5137570766462265,0.4793986667049502,0.40468078595345186
https://www.redfin.com/MO/Saint-Louis/8572-Oriole-Ave-63147/home/93758139,8572 Oriole Ave,38.7129154,-90.2397132,0.41089893201200944,0.4121991217285318,0.46065419088188087
https://www.redfin.com/MO/Saint-Louis/6429-Myrlette-Ct-63116/home/93783500,6429 Myrlette Ct,38.571133,-90.2794654,0.5634767029269853,0.5832104669333783,0.5863192850776914
https://www.redfin.com/MO/Saint-Louis/754-Bellerive-Blvd-63111/home/93708685,754 Bellerive Blvd,38.5653817,-90.2513752,0.5102121787926593,0.46110747443251154,0.4191085729825561
https://www.redfin.com/MO/Saint-Louis/3911-Comstock-Dr-63123/home/93784961,3911 Comstock Dr,38.5533194,-90.2793199,0.5311194009944844,0.5247629040750995,0.4838525010320583
https://www.redfin.com/MO/Saint-Louis/4379-Holly-Hills-Blvd-63116/home/62698761,4379 Holly Hills Blvd,38.5714521,-90.2760911,0.4471440503558162,0.4358764206250976,0.4875752436489291
https://www.redfin.com/MO/Saint-Louis/3672-Bellerive-Blvd-63116/home/93772310,3672 Bellerive Blvd,38.5686035,-90.2575195,0.4567604871492116,0.42857721257526105,0.3724390572834892
https://www.redfin.com/MO/Saint-Louis/7080-Plainview-Ave-63109/home/93780815,7080 Plainview Ave,38.5909048,-90.3157531,0.41369544910385486,0.3502604232780506,0.4089414286398302
https://www.redfin.com/MO/Saint-Louis/6120-Garesche-Ave-63136/home/93745628,6120 Garesche Ave,38.7040896,-90.2589009,0.514443505367574,0.5255329098421497,0.5055150462325187
https://www.redfin.com/MO/Saint-Louis/6433-Odell-St-63139/home/93744974,6433 Odell St,38.6097819,-90.2973022,0.45572675547378555,0.5010001270028402,0.45435396544610046
https://www.redfin.com/MO/Saint-Louis/950-Beach-Ave-63112/home/93723823,950 Beach Ave,38.6607959,-90.2905669,0.5619808038618058,0.48702632753514646,0.44222208444239225
https://www.redfin.com/MO/Saint-Louis/4754-Michigan-Ave-63111/home/93707028,4754 Michigan Ave,38.5696875,-90.2406739,0.39092795359150784,0.42235687363894026,0.4256777489951877
https://www.redfin.com/MO/Saint-Louis/5325-Wherry-Ave-63109/home/93768200,5325 Wherry Ave,38.5825902,-90.2918481,0.35743585117945736,0.34915022520409855,0.32273418934127523
https://www.redfin.com/MO/Saint-Louis/7094-Mardel-Ave-63109/home/93748077,7094 Mardel Ave,38.5968097,-90.3153124,0.4606791214928601,0.49010810804884936,0.4870282157118909
https://www.redfin.com/MO/Saint-Louis/7127-Bancroft-Ave-63109/home/93747838,7127 Bancroft Ave,38.5941667,-90.3171344,0.5535085713214591,0.4917963438146399,0.4543943350229548
https://www.redfin.com/MO/Saint-Louis/5002-Columbia-Ave-63139/home/93727603,5002 Columbia Ave,38.6103598,-90.2713272,0.3804406261744371,0.4106299087538044,0.35825582700653874
https://www.redfin.com/MO/Saint-Louis/6165-Lucille-Ave-63136/home/93745290,6165 Lucille Ave,38.7066135,-90.2589064,0.46650626155439007,0.48468937581178356,0.5068272769846487
https://www.redfin.com/MO/Saint-Louis/8137-Carlsbad-Dr-63123/home/93784245,8137 Carlsbad Dr,38.557386,-90.2891355,0.4277302726588811,0.4466017553515119,0.4534094399619781
https://www.redfin.com/MO/Saint-Louis/3651-Germania-St-63116/home/93757106,3651 Germania St,38.5541504,-90.2700218,0.4146147343395958,0.34702710130734643,0.32461085412741436
https://www.redfin.com/MO/Saint-Louis/7430-Hildesheim-Ave-63123/home/93761272,7430 Hildesheim Ave,38.5589371,-90.2922553,0.4592920413748498,0.5246195591133272,0.5063854832465612
https://www.redfin.com/MO/Saint-Louis/4346-McPherson-Ave-63108/home/93725559,4346 Mcpherson Ave,38.6438956,-90.2513831,0.48931896740405745,0.4657586217096901,0.41235812956720475
https://www.redfin.com/MO/Saint-Louis/6723-Marmaduke-Ave-63139/home/93743768,6723 Marmaduke Ave,38.6115525,-90.3035356,0.4661901363500609,0.3242227282754921,0.319017354590245
https://www.redfin.com/MO/Saint-Louis/6551-Fyler-Ave-63139/home/93741951,6551 Fyler Ave,38.603038,-90.3006982,0.42093104547468585,0.4652291039679618,0.4279137712005023
https://www.redfin.com/MO/Saint-Louis/8-Willmore-Rd-63109/home/93782666,8 Willmore Rd,38.5816349,-90.3071743,0.4607395203655197,0.4905971449692661,0.49646577178028534
https://www.redfin.com/MO/Saint-Louis/63-Kingsbury-Pl-63112/home/93763878,63 Kingsbury Pl,38.6514259,-90.28228,0.4374388651067733,0.39918612680653853,0.36599490271373475
https://www.redfin.com/MO/Saint-Louis/4918-Pershing-Pl-63108/home/93724455,4918 Pershing Pl,38.646061,-90.262055,0.43658863413172366,0.3636515798839881,0.3729925258948069
https://www.redfin.com/MO/Saint-Louis/5843-Clemens-Ave-63112/home/93739303,5843 Clemens Ave,38.6569932,-90.2879978,0.4445754660454885,0.4062815004163403,0.41279712505826177
https://www.redfin.com/MO/St-Louis/3239-Lafayette-Ave-63104/home/76473548,3239 Lafayette Ave,38.6166342,-90.233829,0.3899762211767613,0.39701997043241155,0.4063400242563651
https://www.redfin.com/MO/Saint-Louis/2010-Longfellow-Blvd-63104/home/93689964,2010 Longfellow Blvd,38.6128009,-90.2302531,0.535921769333123,0.4912589716703718,0.4868157551816568
https://www.redfin.com/MO/Saint-Louis/6165-Garesche-Ave-63136/home/93745323,6165 Garesche Ave,38.7052743,-90.2596436,0.5550043726533889,0.5197504092424395,0.5071123377261998
https://www.redfin.com/MO/Saint-Louis/6230-Waterman-Ave-63130/home/93760120,6230 Waterman Ave,38.6508559,-90.3016527,0.543213673640732,0.5202055754788324,0.4508478543083842
https://www.redfin.com/MO/Saint-Louis/4136-Pennsylvania-Ave-63118/home/93705222,4136 Pennsylvania Ave,38.5805543,-90.2359547,0.4033377249255712,0.37495522752780597,0.34097657098194584
https://www.redfin.com/MO/Saint-Louis/6343-Garesche-Ave-63136/home/93420122,6343 Garesche Ave,38.7062269,-90.2618392,0.51936029462086,0.5289952987476586,0.4972109456086012
https://www.redfin.com/MO/Saint-Louis/4437-S-39th-St-63116/home/93730965,4437 S 39th St,38.5812692,-90.2531376,0.4500408241769535,0.464291890625365,0.323498632814258
https://www.redfin.com/MO/Saint-Louis/1352-Central-Ave-63139/unit-R/home/176876789,1352 Central Ave Unit R,38.6266451721515,-90.30285349373278,0.5461314471066088,0.44057791669744506,0.4370100618556777
https://www.redfin.com/MO/Saint-Louis/3543-Victor-St-63104/home/93692405,3543 Victor St,38.6090813,-90.2402561,0.2899897010109266,0.2727470717203063,0.2955265961670007
https://www.redfin.com/MO/Saint-Louis/6334-Albertine-Ave-63136/home/93761396,6334 Albertine Ave,38.7091355,-90.2593272,0.5072308142537633,0.5622898003207356,0.5386686813783664
https://www.redfin.com/MO/Saint-Louis/32-Kingsbury-Pl-63112/home/93724169,32 Kingsbury Pl,38.650382,-90.2789213,0.5480424902849846,0.45731700693933186,0.4587429504820692
https://www.redfin.com/MO/Saint-Louis/3024-Lafayette-Ave-63104/home/86390956,3024 Lafayette Ave,38.6156399,-90.2299297,0.3455068058274708,0.34888779899870714,0.3652462005917296
https://www.redfin.com/MO/Saint-Louis/6921-Marquette-Ave-63139/home/90752889,6921 Marquette Ave,38.6007182,-90.3088427,0.5263804496677182,0.4684394237519287,0.4549489667543362
https://www.redfin.com/MO/Saint-Louis/5255-Loughborough-Ave-63109/home/93769497,5255 Loughborough Ave,38.5727408,-90.2893479,0.42096616671385023,0.3907427151068499,0.3665364803390054
https://www.redfin.com/MO/Saint-Louis/4327-McRee-Ave-63110/home/109919834,4327 Mcree Ave,38.6199382,-90.2568418,0.31368636004928696,0.22267981230383252,0.23540207834724364
https://www.redfin.com/MO/St-Louis/1426-Devlin-St-63110/home/87133434,1426 Devlin St,38.62401,-90.2865107,0.46299954944242055,0.28246787118609196,0.24452844643496552
https://www.redfin.com/MO/Saint-Louis/7003-Mardel-Ave-63109/home/93747922,7003 Mardel Ave,38.5969009,-90.3120998,0.4047661878660352,0.4170048856127855,0.48210879232395165
https://www.redfin.com/MO/Saint-Louis/2808-Lafayette-Ave-63104/home/93690094,2808 Lafayette Ave,38.6151861,-90.2260413,0.2889939952659249,0.26777273546399005,0.2932182868513519
https://www.redfin.com/MO/Saint-Louis/7431-Sharp-Ave-63116/home/93784999,7431 Sharp Ave,38.5579001,-90.2778426,0.5022281063521964,0.4446044403337981,0.4140505532612878
https://www.redfin.com/MO/St-Louis/2762-Park-Ave-63104/home/195200273,2762 Park Ave,38.6186343,-90.2247232,0.3520031791271471,0.3402694851614306,0.3470345732621156
https://www.redfin.com/MO/Saint-Louis/10-Willmore-Rd-63109/home/93782665,10 Willmore Rd,38.5815268,-90.3074015,0.46428365019723394,0.5129423407614383,0.5167719626571907
https://www.redfin.com/MO/Saint-Louis/4466-Tholozan-Ave-63116/home/93730025,4466 Tholozan Ave,38.5934098,-90.2679784,0.38939097380941495,0.4711023418902358,0.42372912170792726
https://www.redfin.com/MO/Saint-Louis/3914-French-Ct-63116/home/93773358,3914 French Ct,38.5614153,-90.2707131,0.47500501225301667,0.3968492102117863,0.42823990794191097
https://www.redfin.com/MO/Saint-Louis/6711-Mitchell-Ave-63139/home/62772167,6711 Mitchell Ave,38.6225067,-90.3019721,0.48779766847146366,0.5131154991632215,0.5082737553493376
https://www.redfin.com/MO/Saint-Louis/4535-S-Grand-Blvd-63111/home/70105616,4535 South Grand Blvd,38.57699,-90.2476036,0.26981378883749824,0.3057778642710267,0.3586140011589165
https://www.redfin.com/MO/Saint-Louis/6700-Morganford-Rd-63116/home/93671722,6700 Morganford Rd,38.5672532,-90.2757384,0.23673393256792197,0.28509854541372204,0.3144709560788755
https://www.redfin.com/MO/Saint-Louis/4386-Westminster-Pl-63108/home/93740310,4386 Westminster Pl,38.6454905,-90.2522352,0.4606827736957568,0.4299944428176342,0.38876002391240894
https://www.redfin.com/MO/Saint-Louis/1605-Missouri-Ave-63104/home/93700578,1605 Missouri Ave,38.6156651,-90.2187144,0.4044587383142155,0.46459126954905944,0.46304646778753167
https://www.redfin.com/MO/Saint-Louis/4466-Westminster-Pl-63108/home/93740234,4466 Westminster Pl,38.6466553,-90.2548877,0.37743301654403344,0.386751971093815,0.3061648332742328
https://www.redfin.com/MO/Saint-Louis/1832-S-8th-St-63104/home/93685093,1832 S 8th St,38.6084699,-90.2028091,0.3258361445335401,0.27096416036103665,0.1995510784119093
https://www.redfin.com/MO/Saint-Louis/4532-Westminster-Pl-63108/home/93739894,4532 Westminster,38.6475822,-90.2568133,0.363276964603014,0.3067902024977283,0.3187837529958182
https://www.redfin.com/MO/Saint-Louis/7726-Virginia-Ave-63111/home/66027465,7726 Virginia Ave,38.5486321,-90.2630081,0.23868611219023178,0.26829595495244135,0.295446598727653
https://www.redfin.com/MO/Saint-Louis/3623-Ohio-Ave-63118/home/93696155,3623 Ohio Ave,38.589343,-90.2289183,0.46171754158179895,0.39142171995767727,0.3550168093906708
https://www.redfin.com/MO/Saint-Louis/4421-Westminster-Pl-63108/home/93739934,4421 Westminster Pl,38.6465505,-90.2532773,0.31184653533255435,0.287194765887758,0.3207676758979353
https://www.redfin.com/MO/St-Louis/3701-Cook-Ave-63113/home/102280390,3701 Cook Ave,38.6463645,-90.2310957,0.4084806108831829,0.3834987407539588,0.41211101120673266
https://www.redfin.com/MO/Saint-Louis/1919-Withnell-Ave-63118/home/93681739,1919 Withnell Ave,38.5953859,-90.2188689,0.3251295902163797,0.3563472896835859,0.3992856357334878
https://www.redfin.com/MO/Saint-Louis/5275-Westminster-Pl-63108/home/93749533,5275 Westminster Pl,38.650787,-90.2726849,0.347395192879751,0.3597899398398545,0.3783861250251898
https://www.redfin.com/MO/Saint-Louis/2423-S-13th-St-63104/home/93686692,2423 S 13th St,38.6036866,-90.2131469,0.3289233747493187,0.39806117935685614,0.36542475150543063
https://www.redfin.com/MO/Saint-Louis/4367-McPherson-Ave-63108/home/62733049,4367 Mcpherson Ave,38.644665,-90.251718,0.47597378383208155,0.48598984202046036,0.42665929720251483
https://www.redfin.com/MO/Saint-Louis/4445-Westminster-Pl-63108/home/93740253,4445 Westminster,38.6468314,-90.2539547,0.3104905184377184,0.2797358855890033,0.3057230177813593
https://www.redfin.com/MO/Saint-Louis/2316-S-12th-St-63104/home/93686426,2316 S 12th St,38.6051931,-90.210469,0.33774696840396456,0.29389174059898276,0.3106013706726913
https://www.redfin.com/MO/Saint-Louis/2621-Lemp-Ave-63118/home/93697318,2621 Lemp Ave,38.6024813,-90.2157721,0.28761983306616445,0.303780665173602,0.3225691951926316
https://www.redfin.com/MO/Saint-Louis/4132-W-Pine-Blvd-63108/home/62728575,4132 W Pine,38.6385323,-90.247553,0.5458471912236192,0.4725270677640783,0.2925697568419978
https://www.redfin.com/MO/St-Louis/2930-Michigan-Ave-63118/home/93692160,2930 Michigan Ave,38.6025344,-90.2337557,0.3620441840864755,0.3319342518107518,0.3115362429594143
https://www.redfin.com/MO/Saint-Louis/5026-Westminster-Pl-63108/home/93746007,5026 Westminster Pl,38.6493056,-90.2650668,0.46799687953424157,0.4103586708899362,0.4008087981029583
https://www.redfin.com/MO/Saint-Louis/700-Bellerive-Blvd-63111/home/62745381,700 Bellerive Blvd,38.5645273,-90.2498333,0.4679738506737064,0.44471430958995545,0.39435279478221835
https://www.redfin.com/MO/Saint-Louis/5025-Enright-Ave-63108/home/93744562,5025 Enright Ave,38.6530403,-90.2643406,0.4771178143653622,0.43453237655934734,0.3670775353598033
https://www.redfin.com/MO/Saint-Louis/1221-Mackay-Pl-63104/home/93701074,1221 Mackay Pl,38.6189663,-90.2163513,0.38738740394073906,0.39139376014423966,0.36991453610306746
https://www.redfin.com/MO/Saint-Louis/1808-Lafayette-Ave-63104/home/93690442,1808 Lafayette Ave,38.6134519,-90.2123215,0.2647532783094322,0.3400974981532424,0.35078009108176017
https://www.redfin.com/MO/Saint-Louis/3611-Ohio-Ave-63118/home/93696157,3611 Ohio Ave,38.5896185,-90.2288335,0.44209467592565804,0.3861383430507663,0.34163778732022637
https://www.redfin.com/MO/Saint-Louis/1532-Mississippi-Ave-63104/home/93697404,1532 Mississippi Ave,38.6157283,-90.2135061,0.22294880180051033,0.35264059929135533,0.3918050636471308
https://www.redfin.com/MO/Saint-Louis/2838-Salena-St-63118/home/93691509,2838 Salena,38.6003626,-90.2178719,0.34347122468327274,0.33465568548489083,0.362120139721557
https://www.redfin.com/MO/Saint-Louis/2308-S-10th-St-63104/home/62742671,2308 S 10th St,38.6045547,-90.2073346,0.3769832755247427,0.3931195463383189,0.32395984476995643
https://www.redfin.com/MO/Saint-Louis/2837-McNair-Ave-63118/home/93674687,2837 Mcnair Ave,38.6010813,-90.2204822,0.3220602690337948,0.3630869181002285,0.3534512380634501
https://www.redfin.com/MO/Saint-Louis/7411-S-Broadway-63111/home/93710676,7411 S Broadway,38.5487685,-90.2568147,0.20910616525585363,0.2662416226255661,0.2888403634857609
https://www.redfin.com/MO/Saint-Louis/2624-S-11th-St-63118/home/93686929,2624 S 11th,38.6010003,-90.211321,0.2956471820082508,0.26274590824965227,0.2525884444437104
https://www.redfin.com/MO/Saint-Louis/4466-Laclede-Ave-63108/home/69323591,4466 Laclede Ave,38.6390891,-90.2577281,0.44872582117926735,0.3808903940514642,0.3081264487237235
https://www.redfin.com/MO/Saint-Louis/1920-Longfellow-Blvd-63104/home/93684678,1920 Longfellow Blvd,38.6134337,-90.2304018,0.46370552717888247,0.5133498559350312,0.47364146737131707
https://www.redfin.com/MO/Saint-Louis/4745-Nebraska-Ave-63111/home/93707004,4745 Nebraska Ave,38.5696475,-90.2375495,0.42199080697011476,0.4166104848610025,0.3778443997524798
https://www.redfin.com/MO/Saint-Louis/7116-Michigan-Ave-63111/home/93710390,7116 Michigan Ave,38.552489200790674,-90.25701998019584,0.3111309064981361,0.35812325361039504,0.37862099125619236
https://www.redfin.com/MO/Saint-Louis/3875-Federer-Pl-63116/home/93674969,3875 Federer,38.5663618,-90.2634697,0.463398610300079,0.4556407490815112,0.45408888887678317
https://www.redfin.com/MO/Saint-Louis/1728-Carroll-St-63104/home/103203316,1728 Carroll,38.614882,-90.211446,0.2525892052076749,0.2764006752515564,0.25727717046728427
https://www.redfin.com/MO/Saint-Louis/3322-S-9th-St-63118/home/109007231,3322 S 9th St,38.5932916,-90.2144942,0.4196542850067359,0.3067384596175185,0.29648189153318083
https://www.redfin.com/MO/Saint-Louis/2319-S-12th-St-63104/home/93686452,2319 S 12th St,38.6053814,-90.2110572,0.3119305227760329,0.29858989414868803,0.32793151672852894
https://www.redfin.com/MO/Saint-Louis/6189-Westminster-Pl-63112/home/93760456,6189 Westminster Pl,38.6538145,-90.2995223,0.41514877959605223,0.4201238332949455,0.4156746901243053
https://www.redfin.com/MO/Saint-Louis/2330-Menard-St-63104/home/109007581,2330 Menard St,38.6041462,-90.208735,0.2552513294787476,0.3205950023172054,0.3245669505258869
https://www.redfin.com/MO/Saint-Louis/2915-Accomac-St-63104/home/62768506,2915 Accomac St,38.6104663,-90.2296435,0.5254714958012422,0.49132380055368097,0.46510323089656225
https://www.redfin.com/MO/Saint-Louis/2907-Texas-Ave-63118/home/93699247,2907 Texas Ave,38.6010462,-90.2252676,0.39455389295566884,0.3380648124402525,0.33376134921365563
https://www.redfin.com/MO/Saint-Louis/1407-Missouri-Ave-63104/home/93681612,1407 Missouri Ave,38.6176859,-90.2183132,0.4068614686410514,0.4750234755091868,0.4365648348518445
https://www.redfin.com/MO/Saint-Louis/3864-Loughborough-Ave-63116/home/93773244,3864 Loughborough Ave,38.5617067,-90.2693367,0.36910421323244014,0.4492649021767936,0.495445787088085
https://www.redfin.com/MO/St-Louis/5164-Waterman-Blvd-63108/home/190536101,5164 Waterman Blvd,38.6485001,-90.2699051,0.29803021694788673,0.3680151604982947,0.4408624226651898
https://www.redfin.com/MO/Saint-Louis/5855-Itaska-St-63109/home/93769155,5855 Itaska St,38.5855682,-90.294766,0.43010554086059943,0.41790576706601523,0.3879073048169179
https://www.redfin.com/MO/Saint-Louis/2815-Russell-Blvd-63104/home/109007478,2815 Russell Blvd,38.6121908,-90.2268204,0.30466715553316837,0.2961589654528805,0.3352530460707897
https://www.redfin.com/MO/Saint-Louis/5325-Bischoff-Ave-63110/home/76427028,5325 Bischoff Ave,38.6151895,-90.2764048,0.30369610165364297,0.30665411086564337,0.2846152202774131
https://www.redfin.com/MO/Saint-Louis/2359-S-12th-St-63104/home/93686143,2359 S 12th St,38.6041793,-90.2116514,0.3516103014393293,0.35316764836155945,0.3639710470327696
https://www.redfin.com/MO/Saint-Louis/2222-Nebraska-Ave-63104/home/93691237,2222 Nebraska Ave,38.6094416,-90.228863,0.4334349087569639,0.41933709885970183,0.4029194665884573
https://www.redfin.com/MO/Saint-Louis/3127-Shenandoah-Ave-63104/home/143286453,3127 Shenandoah Ave,38.6090949,-90.2327295,0.415219749291702,0.4189041106628538,0.4364263982391376
https://www.redfin.com/MO/Saint-Louis/1817-S-9th-St-63104/home/109918774,1817 S 9th,38.6096348,-90.2039669,0.1918577211291027,0.26814578885017487,0.2702020657314219
https://www.redfin.com/MO/Saint-Louis/1025-Dolman-St-63104/home/93685580,1025 Dolman St,38.6194888,-90.2093942,0.35554106410932784,0.2755850410150047,0.26560076105831354
https://www.redfin.com/MO/Saint-Louis/5710-Vera-Ct-63139/home/93679449,5710 Vera Ct,38.6041729,-90.2850996,0.37063856964411235,0.4268094342214098,0.4441968386660252
https://www.redfin.com/MO/Saint-Louis/5266-Washington-Pl-63108/home/93749443,5266 Washington Pl,38.6511323,-90.2723299,0.34156666752465226,0.33369037501239013,0.3414250072968167
https://www.redfin.com/MO/Saint-Louis/1956-Wyoming-St-63118/home/109919868,1956 Wyoming,38.5961065,-90.2200166,0.2939043507489588,0.3642468923319705,0.37969080300443525
https://www.redfin.com/MO/Saint-Louis/4169-Flora-Pl-63110/home/93747157,4169 Flora Pl,38.6139428,-90.2535291,0.49310539866106556,0.45667771769474186,0.3947030888763484
https://www.redfin.com/MO/St-Louis/2605-S-Compton-63104/home/196160189,2605 S Compton,38.60705926,-90.2345892,0.27141447676665764,0.3536723242934115,0.3301562498564653
https://www.redfin.com/MO/Saint-Louis/2701-S-11th-St-63118/home/93686355,2701 S 11th St,38.6008002,-90.2120876,0.35386658024254597,0.27637656058038546,0.2296334262039298
https://www.redfin.com/MO/Saint-Louis/4101-Pennsylvania-Ave-63118/home/93705186,4101 Pennsylvania Ave,38.581646,-90.2363166,0.3754958765388504,0.3978384888931481,0.3889766586143701
https://www.redfin.com/MO/Saint-Louis/1943-Lynch-St-63118/home/93786841,1943 Lynch St,38.6016649,-90.2177488,0.39812826157390796,0.3843040225805254,0.3386637722225116
https://www.redfin.com/MO/Saint-Louis/4253-Westminster-Pl-63108/home/93725735,4253 Westminster Pl,38.6443942,-90.2484214,0.4183168423246255,0.3724617866451872,0.3720520362314233
https://www.redfin.com/MO/Saint-Louis/2106-S-Compton-Ave-63104/home/62744285,2106 S Compton Ave,38.6122632,-90.2329838,0.48252728372693615,0.46914743826539873,0.46606340287266296
https://www.redfin.com/MO/Saint-Louis/2915-Russell-Blvd-63104/home/93689962,2915 Russell Blvd,38.6123213,-90.2291386,0.4804581431433229,0.45478119693805963,0.4411563770008712
https://www.redfin.com/MO/Saint-Louis/1039-Allen-Ave-63104/home/93685671,1039 Allen Ave,38.6083721,-90.2075246,0.2361739183849428,0.25154771803909154,0.2554252152056928
https://www.redfin.com/MO/Saint-Louis/4327-Washington-Blvd-63108/home/93720051,4327 Washington Blvd,38.647451,-90.2493027,0.4223945164915555,0.3783399968762101,0.37072991449955583
https://www.redfin.com/MO/Saint-Louis/1430-N-Park-Pl-63107/home/93702747,1430 N Park Pl,38.6638098,-90.2014458,0.3983667413242904,0.526131736542103,0.4909844324745294
https://www.redfin.com/MO/Saint-Louis/3627-Utah-Pl-63116/home/93700109,3627 Utah Pl,38.597593,-90.244124,0.4782003078314574,0.4192626471314935,0.3441742432815919
https://www.redfin.com/MO/Saint-Louis/3225-S-Jefferson-Ave-63118/home/93694226,3225 S Jefferson Ave,38.5961615,-90.2252455,0.33554626969163837,0.314340808885701,0.34918590471227207
https://www.redfin.com/MO/Saint-Louis/2707-Lemp-Ave-63118/home/93697301,2707 Lemp Ave,38.6016784,-90.2162363,0.23656047350765405,0.3002011784888067,0.3485155576147511
https://www.redfin.com/MO/Saint-Louis/1024-Mississippi-Ave-63104/home/62763603,1024 Mississippi Ave,38.6200637,-90.212221,0.2690799642894242,0.2644313991507621,0.2698008257138187
https://www.redfin.com/MO/Saint-Louis/3727-McDonald-Ave-63116/home/62751717,3727 Mcdonald Ave,38.596618,-90.2468883,0.31684416846103924,0.37317899266496274,0.38519209756136147
https://www.redfin.com/MO/Saint-Louis/3514-S-Jefferson-Ave-63118/home/93671325,3514 S Jefferson Ave,38.5909849,-90.2255182,0.3066315793874647,0.26073441639092976,0.24747865080907278
https://www.redfin.com/MO/Saint-Louis/4364-Vista-Ave-63110/home/92224786,4364 Vista Ave,38.6238107,-90.2585578,0.3806172493863576,0.36523111588506196,0.27360394163157814
https://www.redfin.com/MO/Saint-Louis/1201-Dolman-St-63104/home/93682970,1201 Dolman St,38.6182779,-90.2097944,0.27637263300891723,0.272841208909886,0.2929599876816975
https://www.redfin.com/MO/Saint-Louis/3009-Allen-Ave-63104/home/62751987,3009 Allen Ave,38.6133473,-90.2300326,0.4350237739792848,0.5153551594741979,0.4655559060519909
https://www.redfin.com/MO/Saint-Louis/2908-Park-Ave-63104/home/143286629,2908 Park Ave,38.6189381,-90.226885,0.38258107246082435,0.3715137548672714,0.3648237942804896
https://www.redfin.com/MO/Saint-Louis/4111-Cleveland-Ave-63110/home/93746448,4111 Cleveland Ave,38.6117197,-90.251828,0.34044189297169936,0.3236331419243137,0.3457992684023842
https://www.redfin.com/MO/Saint-Louis/3231-Indiana-Ave-63118/home/93694265,3231 Indiana Ave,38.5958463,-90.2239494,0.3587809670907999,0.3456364970609182,0.3833546992990567
https://www.redfin.com/MO/Saint-Louis/2049-Ann-Ave-63104/home/93690471,2049 Ann Ave,38.608946,-90.2170149,0.3222239044137318,0.3067665116237932,0.2935281919187935
https://www.redfin.com/MO/Saint-Louis/3258-Copelin-Ave-63104/home/93689591,3258 Copelin Ave,38.6153545,-90.2347393,0.47843926125001207,0.43876909295779587,0.41777423185523527
https://www.redfin.com/MO/Saint-Louis/3622-S-Jefferson-Ave-63118/home/93696718,3622 S Jefferson Ave,38.5889628,-90.22602,0.24135042145458263,0.25328642855525535,0.260618581084002
https://www.redfin.com/MO/Saint-Louis/3528-Pestalozzi-St-63118/home/143286520,3528 Pestalozzi St,38.6040888,-90.2407068,0.3855448680821887,0.4013129466548371,0.40287237875397797
https://www.redfin.com/MO/Saint-Louis/5240-Washington-Pl-63108/home/93749445,5240 Washington Pl,38.6510444,-90.2714123,0.47385212334184124,0.3889139118433796,0.32601250434254864
https://www.redfin.com/MO/Saint-Louis/2400-McNair-Ave-63104/home/93671315,2400 Mcnair Ave,38.6061217,-90.2178874,0.21804239193467423,0.1978061099509612,0.20089932761880708
https://www.redfin.com/MO/Saint-Louis/1801-Lasalle-St-63104/home/62726326,1801 Lasalle,38.6197674,-90.2103648,0.37620684034065266,0.30999007468831286,0.273505307557177
https://www.redfin.com/MO/Saint-Louis/3735-Connecticut-St-63116/home/62772719,3735 Connecticut St,38.6005868,-90.2463055,0.33195828700093993,0.3573133785225096,0.34041325561021885
https://www.redfin.com/MO/Saint-Louis/3931-McRee-Ave-63110/home/103203001,3931 Mcree Ave,38.6189249,-90.2459801,0.34706574859360007,0.4041291920929077,0.3649184509100382
https://www.redfin.com/MO/Saint-Louis/2341-S-12th-St-63104/home/93686145,2341 S 12th St,38.6046547,-90.211525,0.40803520535865534,0.3601255753087351,0.35977415699510873
https://www.redfin.com/MO/Saint-Louis/4480-Maryland-Ave-63108/home/93724879,4480 Maryland Ave,38.6434782,-90.2567533,0.3758005873907095,0.36361173579469247,0.34015606512779084
https://www.redfin.com/MO/Saint-Louis/3152-S-Compton-Ave-63118/home/93693189,3152 S Compton Ave,38.599937,-90.2355574,0.26434438729144977,0.28843115433184785,0.3101157585153923
https://www.redfin.com/MO/Saint-Louis/1113-Victor-St-63104/home/93686770,1113 Victor St,38.6031116,-90.2110266,0.1983827276780377,0.2449122132262224,0.3012439880205141
https://www.redfin.com/MO/Saint-Louis/216-Nagel-Ave-63111/home/62752134,216 Nagel Ave,38.5512508,-90.2562332,0.44866962458749077,0.39622193335945466,0.31952458091240915
https://www.redfin.com/MO/Saint-Louis/5502-Beacon-Ave-63120/home/93762835,5502 Beacon Ave,38.6981845,-90.2444637,0.4315628312163529,0.47119144657882367,0.46857884085529916
https://www.redfin.com/MO/Saint-Louis/5440-Nagel-Ave-63109/home/93775850,5440 Nagel Ave,38.571854,-90.2945041,0.4279805288680733,0.38612542938380523,0.3661556612869266
https://www.redfin.com/MO/Saint-Louis/3630-Roswell-Ave-63116/home/93711781,3630 Roswell Ave,38.5567999,-90.2657196,0.3990048411830011,0.4240792825589954,0.3751569747504986
https://www.redfin.com/MO/Saint-Louis/5146-Cologne-Ave-63116/home/93761639,5146 Cologne Ave,38.5804437,-90.2733961,0.309182934138428,0.3555306685158993,0.351705611146552
https://www.redfin.com/MO/Saint-Louis/3174-Nebraska-Ave-63118/home/93692964,3174 Nebraska Ave,38.5986168,-90.2310527,0.3247716326724147,0.347639934983246,0.3073622768147742
https://www.redfin.com/MO/Saint-Louis/3719-Koeln-Ave-63116/home/93751442,3719 Koeln Ave,38.5559154,-90.2696903,0.43427782473507853,0.3996424130049412,0.40231314892062414
https://www.redfin.com/MO/Saint-Louis/2215-Keokuk-St-63118/home/93696824,2215 Keokuk St,38.5843164,-90.2256112,0.40869283845758664,0.3826922763747128,0.3633009137229289
https://www.redfin.com/MO/Saint-Louis/6960-Sutherland-Ave-63109/home/93774215,6960 Sutherland Ave,38.5923224,-90.3118185,0.3910153266755978,0.42202460537974273,0.3959625251232966
https://www.redfin.com/MO/Saint-Louis/6406-Hancock-Ave-63139/home/93748793,6406 Hancock Ave,38.6005524,-90.2976253,0.5087959968124344,0.46134700668247525,0.3872253743228302
https://www.redfin.com/MO/Saint-Louis/1014-Geyer-Ave-63104/home/62720757,1014 Geyer Ave,38.6087749,-90.2063053,0.33206522271641226,0.2731877243742466,0.29046486349485057
https://www.redfin.com/MO/Saint-Louis/2001-Withnell-Ave-63118/home/93693976,2001 Withnell Ave,38.5955673,-90.2205248,0.3200631897354087,0.32427080086652094,0.38055079246077583
https://www.redfin.com/MO/Saint-Louis/2809-Chariton-St-63111/home/93705480,2809 Chariton St,38.5779343,-90.2337557,0.40484621308659263,0.4077901176822728,0.36802191982439053
https://www.redfin.com/MO/Saint-Louis/5908-W-Park-Ave-63110/home/93761427,5908 W Park Ave,38.6260178,-90.2856267,0.4319992443173088,0.4098627478312079,0.36760855176395835
https://www.redfin.com/MO/Saint-Louis/7159-Wellington-Ct-63143/home/93751094,7159 Wellington Ct,38.6022392,-90.3157348,0.4473963737672587,0.4104145980901832,0.3533266331359399
https://www.redfin.com/MO/Saint-Louis/4740-S-Compton-Ave-63111/home/93706981,4740 S Compton Ave,38.5702183,-90.2417274,0.36919034052277344,0.3977098156424623,0.41306731455528156
https://www.redfin.com/MO/Saint-Louis/4607-Cecil-Pl-63116/home/93759354,4607 Cecil Pl,38.5703139,-90.2817684,0.45681278367411243,0.5208479132722618,0.541847137577931
https://www.redfin.com/MO/Saint-Louis/6655-Villa-Ave-63139/home/93750138,6655 Villa Ave,38.6259097,-90.3006477,0.4769260564558635,0.4307425534103353,0.46927982683606606
https://www.redfin.com/MO/Saint-Louis/5501-Davison-Ave-63120/home/93762864,5501 Davison Ave,38.6979252,-90.244303,0.5068871873299335,0.47688500187201505,0.47087819439683964
https://www.redfin.com/MO/Saint-Louis/4104-Fillmore-St-63116/home/93776346,4104 Fillmore St,38.571621,-90.2687619,0.3415504439588106,0.38493778874192786,0.3902615307872685
https://www.redfin.com/MO/Saint-Louis/4072-Schiller-Pl-63116/home/93781107,4072 Schiller Pl,38.5758974,-90.2643122,0.45662733596248684,0.5204139881953056,0.5336332087520794
https://www.redfin.com/MO/Saint-Louis/4070-Schiller-Pl-63116/home/93781108,4070 Schiller Pl,38.5758619,-90.26425,0.45834447948347257,0.5203638795002018,0.5356044637010793
https://www.redfin.com/MO/Saint-Louis/4419-Eichelberger-St-63116/home/93764928,4419 Eichelberger,38.5797319,-90.2703397,0.33127791349087266,0.2682186314745303,0.28516573353788033
https://www.redfin.com/MO/Saint-Louis/5825-W-Park-Ave-63110/home/62718940,5825 West Park,38.6263058,-90.2847676,0.386662498076604,0.39627600058341184,0.35562369023212764
https://www.redfin.com/MO/Saint-Louis/4844-Austria-Ave-63116/home/93755515,4844 Austria Ave,38.563889,-90.2926498,0.3677769248371869,0.2891430124436957,0.2854270054940553
https://www.redfin.com/MO/Saint-Louis/201-Hill-St-63111/home/93707636,201 Hill St,38.5668385,-90.2399224,0.4492059778471726,0.3928823520697131,0.44820206204181623
https://www.redfin.com/MO/Saint-Louis/6803-Virginia-Ave-63111/home/93710517,6803 Virginia Ave,38.5558357,-90.2554336,0.3776995159295516,0.3532993683508829,0.38292284812844085
https://www.redfin.com/MO/Saint-Louis/3454-Macklind-Ave-63139/home/93742657,3454 Macklind Ave,38.5968191,-90.282093,0.36529863323960543,0.3499201201125792,0.3799016362832807
https://www.redfin.com/MO/Saint-Louis/6838-Salzburger-Ave-63116/home/93759289,6838 Salzburger Ave,38.5691402,-90.2822274,0.3772351950185133,0.4563867224159557,0.5235722587385638
https://www.redfin.com/MO/Saint-Louis/3944-Randall-St-63116/home/93750187,3944 Randall St,38.5778843,-90.2587078,0.33493157831149734,0.3312412243469345,0.3527304248233137
https://www.redfin.com/MO/Saint-Louis/6212-Wanda-Ave-63116/home/93765676,6212 Wanda Ave,38.5717399,-90.2756205,0.36469781960578623,0.4429342251724505,0.49699812576608854
https://www.redfin.com/MO/Saint-Louis/5917-Emma-Ave-63136/home/93758923,5917 Emma Ave,38.7049383,-90.2521947,0.4409533509926911,0.40665740556108204,0.4185921825525277
https://www.redfin.com/MO/Saint-Louis/6822-Hancock-Ave-63139/home/93743294,6822 Hancock Ave,38.6009133,-90.3070068,0.44813303477678323,0.42669319009566525,0.43308853533870983
https://www.redfin.com/MO/Saint-Louis/4039-Taft-Ave-63116/home/93762163,4039 Taft Ave,38.5842778,-90.2602496,0.30979830068667624,0.34776591517702055,0.27607677296935446
https://www.redfin.com/MO/Saint-Louis/5244-Daggett-Ave-63110/home/93727665,5244 Daggett Ave,38.616766,-90.2743093,0.19163231344437262,0.2301996166705502,0.21542311476344328
https://www.redfin.com/MO/Saint-Louis/917-Fillmore-St-63111/home/93708877,917 Fillmore St,38.5637807,-90.2538325,0.33282482929303625,0.4023769018651753,0.41377901661402405
https://www.redfin.com/MO/Saint-Louis/3506-S-Compton-Ave-63118/home/93694993,3506 S Compton Ave,38.5926069,-90.2370543,0.42578872639362814,0.4573313852051596,0.4545790385658287
https://www.redfin.com/MO/Saint-Louis/6840-Salzburger-Ave-63116/home/93759288,6840 Salzburger Ave,38.5690674,-90.2822974,0.37435778978357387,0.45208905954115336,0.5200525930617529
https://www.redfin.com/MO/Saint-Louis/4455-Itaska-St-63116/home/93764126,4455 Itaska St,38.5845275,-90.2712018,0.38954510458333824,0.39372963759060065,0.3517363408044156
https://www.redfin.com/MO/Saint-Louis/3267-Morganford-Rd-63116/home/93751427,3267 Morganford Rd,38.5989386,-90.2622335,0.21623457322735,0.20928773455897684,0.2547119525328806
https://www.redfin.com/MO/Saint-Louis/4627-Steffens-Ave-63116/home/93770935,4627 Steffens Ave,38.5809546,-90.2600421,0.41306428838410786,0.4000730601443935,0.3637540825839455
https://www.redfin.com/MO/Saint-Louis/6453-Marquette-Ave-63139/home/93749099,6453 Marquette Ave,38.600172,-90.2993399,0.363579410427821,0.350534377424703,0.35169171807655675
https://www.redfin.com/MO/Saint-Louis/4473-Gannett-St-63116/home/93763660,4473 Gannett,38.58549,-90.2714841,0.41129464018663214,0.35727736002180355,0.3128876037008141
https://www.redfin.com/MO/Saint-Louis/2629-January-Ave-63139/home/65990418,2629 January Ave,38.6109546,-90.2837004,0.39632645971803115,0.35162424725907154,0.3650645342408413
https://www.redfin.com/MO/Saint-Louis/5548-Elizabeth-Ave-63110/home/93772592,5548 Elizabeth Ave,38.6140743,-90.2824317,0.42772569680041445,0.3738329304828424,0.2966442907229504
https://www.redfin.com/MO/Saint-Louis/308-Quincy-St-63111/home/93710245,308 Quincy St,38.5532002,-90.255368,0.38285401575174566,0.3747800986293465,0.35507419528018574
https://www.redfin.com/MO/Saint-Louis/4718-Lexington-Ave-63115/home/93735373,4718 Lexington Ave,38.6718319,-90.2460718,0.43179918954131863,0.4040972678663005,0.43581989195540066
https://www.redfin.com/MO/Saint-Louis/5409-Dresden-Ave-63116/home/93758034,5409 Dresden Ave,38.5794143,-90.274687,0.32175523368846376,0.3543136010631486,0.3639431841051731
https://www.redfin.com/MO/Saint-Louis/5912-Nashville-Ave-63110/home/93761512,5912 Nashville Ave,38.6252695,-90.2859082,0.4493694103226925,0.43619747898742134,0.3234789045290599
https://www.redfin.com/MO/Saint-Louis/4270-Miami-St-63116/home/93728578,4270 Miami St,38.5936914,-90.2620868,0.34033792319137723,0.31946007271321647,0.3185917838649598
https://www.redfin.com/MO/Saint-Louis/6018-Minnesota-Ave-63111/home/93709094,6018 Minnesota Ave,38.5596236,-90.2468665,0.5302185618552002,0.45058962689106646,0.3783203788962273
https://www.redfin.com/MO/Saint-Louis/5508-Beacon-Ave-63120/home/93762873,5508 Beacon Ave,38.6983445,-90.2443723,0.4252421766339473,0.47423514500095737,0.46854060476191317
https://www.redfin.com/MO/Saint-Louis/3838-Neosho-St-63116/home/93730908,3838 Neosho,38.578493,-90.253804,0.37393793302417955,0.39479820718572933,0.36991273006880426
https://www.redfin.com/MO/Saint-Louis/8425-Pennsylvania-Ave-63111/home/93711567,8425 Pennsylvania Ave,38.5419384,-90.2662737,0.36575256390254746,0.3878021851963128,0.3988390538383961
https://www.redfin.com/MO/Saint-Louis/6746-Odell-St-63139/home/93743844,6746 Odell,38.6102298,-90.3047126,0.4291245401622919,0.38229724770728063,0.2959744447165481
https://www.redfin.com/MO/Saint-Louis/5908-Nashville-Ave-63110/home/93761513,5908 Nashville Ave,38.6252482,-90.2857958,0.45832847785000685,0.4360349017174988,0.3271397620805223
https://www.redfin.com/MO/Saint-Louis/6209-Hancock-Ave-63139/home/93743079,6209 Hancock Ave,38.600644,-90.2950724,0.37208888348318175,0.3963010617649274,0.3975670455576404
https://www.redfin.com/MO/Saint-Louis/3931-Delor-St-63116/home/62755835,3931 Delor St,38.5772979,-90.2585844,0.3541250740625241,0.33376426778923024,0.33899275638542914
https://www.redfin.com/MO/Saint-Louis/4474-Wallace-St-63116/home/93764092,4474 Wallace,38.5835102,-90.2722932,0.2865352530892132,0.36372083637276675,0.35708142716307134
https://www.redfin.com/MO/Saint-Louis/4417-Bingham-Ave-63116/home/93772039,4417 Bingham Ave,38.5901361,-90.267866,0.3508837481059459,0.34365082258096513,0.33790908834386085
https://www.redfin.com/MO/Saint-Louis/6738-Dale-Ave-63139/home/93740756,6738 Dale Ave,38.6261828,-90.3025114,0.459161325441447,0.47532723081164635,0.44683458456506514
https://www.redfin.com/MO/Saint-Louis/5760-Acme-Ave-63136/home/93761230,5760 Acme Ave,38.7130726,-90.2560527,0.34588652767200057,0.2841510036234246,0.2998607684953021
https://www.redfin.com/MO/Saint-Louis/3979-Schiller-Pl-63116/home/93770281,3979 Schiller,38.5749161,-90.2617934,0.4231894571906825,0.4707116405181769,0.48519085008990787
https://www.redfin.com/MO/Saint-Louis/4453-Gannett-St-63116/home/62696687,4453 Gannett,38.585328,-90.2707983,0.37623062234461524,0.37671590395972454,0.3428010058329877
https://www.redfin.com/MO/Saint-Louis/1421-Brock-St-63139/home/62696547,1421 Brock St,38.625727,-90.3023768,0.5515279430580665,0.4700782965822478,0.45601688027783016
https://www.redfin.com/MO/Saint-Louis/1433-Brock-St-63139/home/65540656,1433 Brock St,38.6253981,-90.3024355,0.5713523607635166,0.5004783310535603,0.4693115768838673
https://www.redfin.com/MO/Saint-Louis/5657-Leona-St-63116/home/93761945,5657 Leona St,38.5724383,-90.2655636,0.41335600212790125,0.38219762177294164,0.409926384000424
https://www.redfin.com/MO/Saint-Louis/4850-Goethe-Ave-63116/home/93763280,4850 Goethe Ave,38.5780258,-90.280591,0.3551074933721031,0.37582591316779873,0.3411645721256202
https://www.redfin.com/MO/Saint-Louis/2820-Indiana-Ave-63118/home/77448190,2820 Indiana Ave,38.6019837,-90.2220198,0.3892342205644833,0.3238272635232253,0.31697233893583154
https://www.redfin.com/MO/Saint-Louis/4511-Jamieson-Ave-63109/home/93774113,4511 Jamieson Ave,38.590991,-90.3103272,0.27711718168131283,0.28897128474694717,0.35227540495987625
https://www.redfin.com/MO/Saint-Louis/3429-Osage-St-63118/home/93704806,3429 Osage St,38.5845781,-90.2424221,0.4179929987824745,0.3987556146418075,0.37806187605452013
https://www.redfin.com/MO/Saint-Louis/4691-Tesson-St-63116/home/93775239,4691 Tesson St,38.5628464,-90.2887415,0.3580287323104782,0.37537391638471274,0.43701208811159875
https://www.redfin.com/MO/Saint-Louis/3534-Lucy-St-63116/home/93730082,3534 Lucy St,38.5937892,-90.2635673,0.3583156891739919,0.30172232031839624,0.3420351553157679
https://www.redfin.com/MO/Saint-Louis/6927-Dale-Ave-63139/home/93765557,6927 Dale Ave,38.6268323,-90.3059227,0.5795877451335711,0.516046967662586,0.48230967823615467
https://www.redfin.com/MO/Saint-Louis/5541-Connecticut-St-63139/home/93765791,5541 Connecticut St,38.6039488,-90.2832399,0.5617000500503796,0.5007714500379997,0.44456176412352344
https://www.redfin.com/MO/Saint-Louis/6062-Thekla-Ave-63136/home/93758632,6062 Thekla,38.704608,-90.2570292,0.4204230768544504,0.5047672402982993,0.5164462989474877
https://www.redfin.com/MO/Saint-Louis/4130-Burgen-Ave-63116/home/93762032,4130 Burgen Ave,38.5739527,-90.2675826,0.4651508581942375,0.4178260769480202,0.4310714919918019
https://www.redfin.com/MO/Saint-Louis/4006-Neosho-St-63116/home/93767236,4006 Neosho St,38.5811017,-90.2588495,0.36826846015178527,0.3662929754842127,0.36539059372920624
https://www.redfin.com/MO/Saint-Louis/4435-Arco-Ave-63110/home/93750923,4435 Arco,38.6285709,-90.2597806,0.3290274816604019,0.3096720553219491,0.2971589021642594
https://www.redfin.com/MO/Saint-Louis/4136-Miami-St-63116/home/93728519,4136 Miami St,38.5932394,-90.2580786,0.39699426212555794,0.37217487769194424,0.38208411997584063
https://www.redfin.com/MO/Saint-Louis/4531-Minnesota-Ave-63111/home/93706263,4531 Minnesota Ave,38.573833,-90.2390427,0.4324129888434536,0.4258803414362654,0.3777844945779808
https://www.redfin.com/MO/Saint-Louis/3424-Louisiana-Ave-63118/home/93695146,3424 Louisiana Ave,38.594254,-90.2390709,0.42619882383714897,0.3680302692624929,0.33607935959663576
https://www.redfin.com/MO/Saint-Louis/709-Gimblin-Rd-63147/home/93731692,709 Gimblin Rd,38.7157829,-90.2287242,0.40447859456874824,0.3009869250067996,0.286082782092971
https://www.redfin.com/MO/Saint-Louis/4548-Ray-Ave-63116/home/62747698,4548 Ray Ave,38.5824886,-90.2594731,0.33475322612802233,0.3124139504388735,0.34405201562672566
https://www.redfin.com/MO/Saint-Louis/3505-Itaska-St-63111/home/93707161,3505 Itaska,38.5737652,-90.2473364,0.2863228794485952,0.3274932048055178,0.3493234399417495
https://www.redfin.com/MO/Saint-Louis/6338-Hancock-Ave-63139/home/93748798,6338 Hancock Ave,38.6005036,-90.2972903,0.4623949921860727,0.4564505853459866,0.3999725816061207
https://www.redfin.com/MO/Saint-Louis/6340-Lena-Ave-63136/home/93420323,6340 Lena Ave,38.7100455,-90.258971,0.575619342421063,0.5665450372243225,0.5354844214926957
https://www.redfin.com/MO/Saint-Louis/7211-Eugene-Ave-63116/home/93711975,7211 Eugene Ave,38.5575278,-90.267496,0.34157635383988444,0.39591028511059945,0.417459029055609
https://www.redfin.com/MO/Saint-Louis/1511-Fairmount-Ave-63139/home/93741220,1511 Fairmount Ave,38.6245293,-90.300233,0.41857280925916757,0.4480596246882306,0.45463097741863473
https://www.redfin.com/MO/Saint-Louis/4751-Beacon-Ave-63120/home/93767284,4751 Beacon Ave,38.692639,-90.2556897,0.47990657224349953,0.480519240664082,0.49603368523849667
https://www.redfin.com/MO/Saint-Louis/4738-Minnesota-Ave-63111/home/93707039,4738 Minnesota Ave,38.5700079,-90.2394001,0.510812660938945,0.3992982927702049,0.3984519246998249
https://www.redfin.com/MO/Saint-Louis/313-Fillmore-St-63111/home/93708978,313 Fillmore St,38.5605308,-90.246916,0.44096256329861017,0.40323793948638786,0.40604320781253805
https://www.redfin.com/MO/Saint-Louis/4718-Hummel-Ave-63116/home/93758067,4718 Hummel Ave,38.5793303,-90.2765155,0.37447738057195884,0.39155270290706173,0.41467358562938667
https://www.redfin.com/MO/Saint-Louis/7142-Alabama-Ave-63111/home/93710307,7142 Alabama Ave,38.5536284,-90.2601613,0.4071610480776562,0.4170812563644416,0.3900344434878527
https://www.redfin.com/MO/Saint-Louis/4327-Jessica-Ave-63116/home/62748216,4327 Jessica Ave,38.5877844,-90.2629821,0.4753410460243332,0.4541021234318059,0.3789731306207092
https://www.redfin.com/MO/Saint-Louis/3192-Watson-Rd-63139/home/92911180,3192 Watson Rd,38.6051415,-90.2949468,0.3246653294726661,0.3138631540260575,0.33507046212556935
https://www.redfin.com/MO/Saint-Louis/4507-Oregon-Ave-63111/home/93706535,4507 Oregon Ave,38.5740139,-90.2357898,0.5040116292269213,0.44406613014980023,0.3723048638726779
https://www.redfin.com/MO/Saint-Louis/6009-Marquette-Ave-63139/home/93749026,6009 Marquette Ave,38.5995289,-90.2928334,0.27744661593646724,0.3165909355889364,0.36744346512289694
https://www.redfin.com/MO/Saint-Louis/4213-Osceola-St-63116/home/93726622,4213 Osceola,38.5880109,-90.2629853,0.501519787218124,0.44268300158839846,0.37513852187920715
https://www.redfin.com/MO/Saint-Louis/1033-Graham-St-63139/home/93756165,1033 Graham,38.6303706,-90.2916712,0.3629285808762439,0.3035138481610016,0.3262119900492406
https://www.redfin.com/MO/Saint-Louis/3451-Sublette-Ave-63139/home/93742313,3451 Sublette Ave,38.5968491,-90.2815687,0.37375303003677673,0.35906394207404646,0.36908799160240857
https://www.redfin.com/MO/Saint-Louis/6215-Idaho-Ave-63111/home/92335969,6215 Idaho Ave,38.561401,-90.2538924,0.5015868698158207,0.4589112225879766,0.4581477572799613
https://www.redfin.com/MO/Saint-Louis/4172-Schiller-Pl-63116/home/93781167,4172 Schiller Pl,38.577209,-90.2668014,0.4220386993589067,0.39734643930093266,0.4078945110728892
https://www.redfin.com/MO/Saint-Louis/4336-Humphrey-St-63116/home/93751337,4336 Humphrey,38.5995146,-90.2633081,0.39151582757768355,0.3491667866504143,0.29098724090117706
https://www.redfin.com/MO/Saint-Louis/4151-Concordia-Ave-63116/home/93761972,4151 Concordia Ave,38.574046,-90.2687994,0.3753348873834803,0.40105260441041196,0.4413339133664484
https://www.redfin.com/MO/Saint-Louis/1241-Graham-St-63139/home/93726413,1241 Graham St,38.6273643,-90.2917781,0.28763741703140194,0.2889806384303819,0.3413814368653548
https://www.redfin.com/MO/Saint-Louis/4258-Miami-St-63116/home/93728580,4258 Miami St,38.5936091,-90.2616322,0.37991169806784697,0.39317880797042004,0.305300409258481
https://www.redfin.com/MO/Saint-Louis/3248-Morganford-Rd-63116/home/93729427,3248 Morganford Rd,38.5993702,-90.2617383,0.2321467028031745,0.23980068458889645,0.2638871506521802
https://www.redfin.com/MO/Saint-Louis/3244-Morganford-Rd-63116/home/93729425,3244 Morganford Rd,38.5995231,-90.2617117,0.20313063945592952,0.25295477092534063,0.27222589430298116
https://www.redfin.com/MO/Saint-Louis/2839-Indiana-Ave-63118/home/93692103,2839 Indiana Ave,38.6016651,-90.2226551,0.29671479107078746,0.30119651931482855,0.3020112154706783
https://www.redfin.com/MO/Saint-Louis/3418-Michigan-Ave-63118/home/93694922,3418 Michigan Ave,38.5939428,-90.2354244,0.3624618409114178,0.3204144359993551,0.3306276308477598
https://www.redfin.com/MO/Saint-Louis/5133-Dresden-Ave-63116/home/93764019,5133 Dresden Ave,38.5809926,-90.2748704,0.3891248934337235,0.41844791703571454,0.42485573273573674
https://www.redfin.com/MO/Saint-Louis/505-Hurck-St-63111/home/93711460,505 Hurck St,38.5452633,-90.2674785,0.4372810606462352,0.47874790456162625,0.4264607555663361
https://www.redfin.com/MO/Saint-Louis/4355-Maryland-Ave-63108/unit-110/home/93725625,4355 Maryland Ave #110,38.6432351,-90.2521134,0.3065362944550174,0.3867095266078717,0.3755980053590141
https://www.redfin.com/MO/Saint-Louis/5646-Waterman-Blvd-63112/unit-1NW/home/93672300,5646 Waterman Blvd Unit 1NW,38.6495024,-90.2835298,0.31973861703205825,0.2653347654047391,0.2273180015829097
https://www.redfin.com/MO/Saint-Louis/4695-Primm-St-63116/home/93775233,4695 Primm St,38.5633376,-90.288125,0.4888090060721368,0.5222210159989602,0.5223954802092843
https://www.redfin.com/MO/Saint-Louis/4394-Haven-St-63116/home/93771810,4394 Haven St,38.5688744,-90.2787705,0.5330970164479231,0.5686592285526817,0.5643503828360134
https://www.redfin.com/MO/Saint-Louis/6925-Field-Ave-63116/home/93773265,6925 Field Ave,38.5603804,-90.2679362,0.40783851540736604,0.38938306189279537,0.4191018480853711
https://www.redfin.com/MO/Saint-Louis/5458-Gravois-Ave-63116/home/93757182,5458 Gravois Ave,38.5779005,-90.2712747,0.17013506458426025,0.21663126180993864,0.294884955653369
https://www.redfin.com/MO/Saint-Louis/1382-Mobile-Ct-63139/home/62710085,1382 Mobile Ct,38.6251379,-90.2967107,0.4712879113690016,0.49435544945125454,0.4561079280426173
https://www.redfin.com/MO/Saint-Louis/4750-Plover-Ave-63120/home/93761814,4750 Plover Ave,38.6945712,-90.257475,0.4611114335190876,0.4961073861930564,0.4758917433966204
https://www.redfin.com/MO/Saint-Louis/4734-Hamburg-Ave-63123/home/93759455,4734 Hamburg Ave,38.5598062,-90.2932738,0.4467555620644947,0.4627646788542612,0.47180193104285933
https://www.redfin.com/MO/Saint-Louis/5944-Floy-Ave-63147/home/93768981,5944 Floy Ave,38.7143092,-90.2526713,0.3738125755346304,0.3497529557892972,0.30976243626325095
https://www.redfin.com/MO/Saint-Louis/1517-Kraft-St-63139/home/93773120,1517 Kraft St,38.6246261,-90.3012118,0.5078473018148099,0.47754186307727725,0.47347543314260515
https://www.redfin.com/MO/Saint-Louis/6800-Wanda-Ave-63116/home/93771822,6800 Wanda Ave,38.5678295,-90.2787004,0.4919165262986832,0.46092948361834407,0.4719804200093082
https://www.redfin.com/MO/Saint-Louis/1375-Childress-Ave-63139/home/93740870,1375 Childress Ave,38.6253015,-90.2960846,0.4931991563436029,0.4603038956308459,0.45609915994213585
https://www.redfin.com/MO/Saint-Louis/1561-Kraft-St-63139/home/93773056,1561 Kraft St,38.6235552,-90.3014029,0.49701185196286857,0.5192978419487286,0.47498338281149216
https://www.redfin.com/MO/Saint-Louis/4149-Wilmington-Ave-63116/home/93770974,4149 Wilmington Ave,38.5733364,-90.2692784,0.4409127846682018,0.38179478051564103,0.43073652220117137
https://www.redfin.com/MO/Saint-Louis/3227-Jasper-Park-63139/home/93742962,3227 Jasper Park,38.6031034,-90.2855028,0.5141921977197069,0.5140132306967576,0.4936446179504931
https://www.redfin.com/MO/Saint-Louis/3975-Eichelberger-St-63116/home/93757742,3975 Eichelberger St,38.5751748,-90.2613145,0.4984462499638816,0.4632879212073363,0.46522951256159945
https://www.redfin.com/MO/Saint-Louis/4373-Loughborough-Ave-63116/home/93771856,4373 Loughborough Ave,38.5672274,-90.2797452,0.4566532152361173,0.502334766920254,0.5130123264000839
https://www.redfin.com/MO/Saint-Louis/8414-S-Broadway-63111/home/93711683,8414 S Broadway,38.5412088,-90.2645751,0.4556398449894911,0.38765878127773706,0.36472007819830504
https://www.redfin.com/MO/Saint-Louis/3922-Itaska-St-63116/home/93750177,3922 Itaska St,38.5781715,-90.257585,0.3922079762168418,0.38123583707439784,0.31743392129701686
https://www.redfin.com/MO/Saint-Louis/4658-Dewey-Ave-63116/home/93742471,4658 Dewey Ave,38.5769132,-90.251608,0.4611309087044802,0.4413531371059109,0.40241303983401827
https://www.redfin.com/MO/Saint-Louis/4351-Potomac-St-63116/home/93774408,4351 Potomac St,38.5960039,-90.2643641,0.3319955663999123,0.2877672028591495,0.28067742469025453
https://www.redfin.com/MO/Saint-Louis/6713-Wanda-Ave-63116/home/93771851,6713 Wanda Ave,38.5684572,-90.2786732,0.4597277044248662,0.5155031236887028,0.5253502170058466
https://www.redfin.com/MO/Saint-Louis/5224-Fyler-Ave-63139/home/93742692,5224 Fyler Ave,38.6003813,-90.2781173,0.4417592233194332,0.4533724171527823,0.4084549926402451
https://www.redfin.com/MO/Saint-Louis/7413-Pennsylvania-Ave-63111/home/93710786,7413 Pennsylvania Ave,38.5493467,-90.2577643,0.44346907128755303,0.37377985400331865,0.3103937973308182
https://www.redfin.com/MO/Saint-Louis/4639-Primm-St-63116/home/93775213,4639 Primm,38.562114,-90.2869081,0.4481212142520882,0.4602677659146603,0.46843957374128736
https://www.redfin.com/MO/Saint-Louis/4882-Anderson-Ave-63115/home/93733350,4882 Anderson Ave,38.6816191,-90.2434195,0.43874120634961994,0.42076220578321283,0.4594844278384489
https://www.redfin.com/MO/Saint-Louis/4878-Anderson-Ave-63115/home/93733349,4878 Anderson Ave,38.6815727,-90.2433183,0.4554221202190845,0.41956291897756887,0.4574791215355301
https://www.redfin.com/MO/Saint-Louis/8757-Lowell-St-63147/home/93766305,8757 Lowell St,38.7231716,-90.2274962,0.5077797356300189,0.4815099672441211,0.44002857904448933
https://www.redfin.com/MO/Saint-Louis/2153-Knox-Ave-63139/home/93761533,2153 Knox Ave,38.6164206,-90.2905492,0.37858979219807676,0.39529269137301326,0.3719453298469421
https://www.redfin.com/MO/Saint-Louis/3306-California-Ave-63118/unit-A/home/93681730,3306 California Ave Unit A,38.5953357,-90.2295217,0.2694339729546216,0.3126982790325843,0.2786445810935898
https://www.redfin.com/MO/Saint-Louis/4416-Wallace-St-63116/home/93763767,4416 Wallace St,38.5830518,-90.2702695,0.3431898448804658,0.32433741009305284,0.34821061350122096
https://www.redfin.com/MO/Saint-Louis/4845-Carter-Ave-63115/home/93733294,4845 Carter Ave,38.6829544,-90.241063,0.3611832491158232,0.3538557056047305,0.33312101991392923
https://www.redfin.com/MO/Saint-Louis/2731-Osceola-St-63111/home/93705777,2731 Osceola St,38.5759684,-90.2325096,0.27509336135744117,0.28125307867967625,0.3424227362169107
https://www.redfin.com/MO/Saint-Louis/5502-Vermont-Ave-63111/home/93708614,5502 Vermont Ave,38.5656659,-90.2474504,0.44591334126382437,0.37375472330728665,0.33147396200431567
https://www.redfin.com/MO/Saint-Louis/3726-Michigan-Ave-63118/home/62767415,3726 Michigan Ave,38.5883609,-90.2368001,0.37358998582382996,0.38130200600479464,0.368829416552385
https://www.redfin.com/MO/Saint-Louis/6826-Dale-Ave-63139/home/63667571,6826 Dale Ave,38.6263531,-90.3041603,0.43083927509885905,0.4753045585618305,0.4899095060947366
https://www.redfin.com/MO/Saint-Louis/4273-Wyoming-St-63116/home/93729840,4273 Wyoming St,38.6010784,-90.2610459,0.23036873991157011,0.2680631861396386,0.3055936258071604
https://www.redfin.com/MO/Saint-Louis/4327-Chippewa-St-63116/home/93729724,4327 Chippewa St,38.5907517,-90.2650284,0.2641322961314216,0.3002619789758272,0.33971000767499043
https://www.redfin.com/MO/Saint-Louis/4935-Alcott-Ave-63120/home/93756771,4935 Alcott Ave,38.6922382,-90.2524434,0.5413920467931174,0.5170521570624018,0.46060171130286637
https://www.redfin.com/MO/Saint-Louis/2917-Minnesota-Ave-63118/home/93692131,2917 Minnesota Ave,38.6028741,-90.2330595,0.3332484280300916,0.35090468823804044,0.3286728784180426
https://www.redfin.com/MO/Saint-Louis/4061-Concordia-Ave-63116/home/93761941,4061 Concordia Ave,38.572565,-90.2659798,0.3961621448000446,0.40998451586621676,0.4120192387281004
https://www.redfin.com/MO/Saint-Louis/1029-Tamm-Ave-63139/home/93774502,1029 Tamm Ave,38.630599,-90.2927324,0.28324402163195633,0.2767447861258218,0.32212386769257884
https://www.redfin.com/MO/Saint-Louis/6448-Wade-Ave-63139/home/93740755,6448 Wade Ave,38.6254213,-90.2952302,0.3997282684495707,0.4654484655390216,0.44132919744093085
https://www.redfin.com/MO/Saint-Louis/2909-Clara-Ave-63120/home/93755286,2909 Clara Ave,38.6786271,-90.2696923,0.3623563954231796,0.4210370636425264,0.4592037546011974
https://www.redfin.com/MO/Saint-Louis/4838-Goethe-Ave-63116/home/93763276,4838 Goethe Ave,38.5776368,-90.2806676,0.38948836514181545,0.39066432741190116,0.3458757999960398
https://www.redfin.com/MO/Saint-Louis/6409-Marquette-Ave-63139/home/93749115,6409 Marquette Ave,38.6000312,-90.2978138,0.44793210026053853,0.45018953861442806,0.3942206957661273
https://www.redfin.com/MO/Saint-Louis/5523-Connecticut-St-63139/home/93765779,5523 Connecticut St,38.6038784,-90.2825326,0.47723909096510897,0.43368953077998607,0.43336174489094886
https://www.redfin.com/MO/Saint-Louis/5147-Pattison-Ave-63110/home/93728080,5147 Pattison Ave,38.6191905,-90.2719571,0.2389470210633668,0.19915972231054022,0.18900899109194763
https://www.redfin.com/MO/Saint-Louis/3850-Marine-Ave-63118/home/93697186,3850 Marine Ave,38.5840244,-90.221563,0.4396540926714983,0.4286877451522651,0.41625914012408316
https://www.redfin.com/MO/Saint-Louis/7923-Water-St-63111/home/93711251,7923 Water St,38.5442129,-90.2601796,0.3415868890228621,0.31626163126625734,0.24302524556217447
https://www.redfin.com/MO/Saint-Louis/3230-Osceola-St-63111/home/93706111,3230 Osceola St,38.576799,-90.2417549,0.3486854209124961,0.3387192957198697,0.33997718267478144
https://www.redfin.com/MO/Saint-Louis/3232-Osceola-St-63111/home/93706112,3232 Osceola St,38.5767697,-90.2418194,0.33900092358689426,0.3324857476061506,0.33917669533358275
https://www.redfin.com/MO/Saint-Louis/7015-Field-Ave-63116/home/93773247,7015 Field Ave,38.5599279,-90.2684435,0.35681519495422637,0.3539148184413195,0.3924265023808027
https://www.redfin.com/MO/Saint-Louis/4132-Miami-St-63116/home/93728518,4132 Miami St,38.5932354,-90.2579675,0.3943950195738105,0.3764516902523624,0.3865996417806966
https://www.redfin.com/MO/Saint-Louis/4616-S-Spring-Ave-63116/home/93767571,4616 S Spring Ave,38.5789688,-90.2529509,0.4221331135836324,0.4043469994895635,0.3986773245864404
https://www.redfin.com/MO/Saint-Louis/3307-N-19th-St-63107/home/93688880,3307 N 19th St,38.656726,-90.1997234,0.40103377338597834,0.45072010637138743,0.4431075026018187
https://www.redfin.com/MO/Saint-Louis/3889-Walsh-St-63116/home/93766579,3889 Walsh St,38.5753458,-90.2587857,0.4281411225756151,0.45386634509930396,0.38173662478055553
https://www.redfin.com/MO/Saint-Louis/6012-Fyler-Ave-63139/home/93742984,6012 Fyler Ave,38.6018775,-90.2926284,0.34745855671174275,0.30170459114494796,0.3623629185274684
https://www.redfin.com/MO/Saint-Louis/7717-Vermont-Ave-63111/home/93711031,7717 Vermont Ave,38.5495364,-90.2642812,0.3723745806795845,0.36680574189906223,0.2976577132237908
https://www.redfin.com/MO/Saint-Louis/7075-Mardel-Ave-63109/home/93747908,7075 Mardel Ave,38.5971008,-90.3144705,0.5022462405695297,0.5276010583896747,0.46481667173273383
https://www.redfin.com/MO/Saint-Louis/4057-Cottage-Ave-63113/home/93716651,4057 Cottage Ave,38.6572063,-90.2328179,0.41801914477388913,0.3859703724376866,0.4002520664792504
https://www.redfin.com/MO/Saint-Louis/2620-Tamm-Ave-63139/home/93743611,2620 Tamm Ave,38.6140578,-90.2957394,0.5280149887989068,0.5429794409886154,0.524085568342569
https://www.redfin.com/MO/Saint-Louis/4049-W-Iowa-Ave-63118/home/62754944,4049 W Iowa Ave,38.5815872,-90.2321065,0.45793269536172,0.45937149932322974,0.3997637736125292
https://www.redfin.com/MO/Saint-Louis/2604-Tamm-Ave-63139/home/93743614,2604 Tamm Ave,38.6145151,-90.2956606,0.4899825009720819,0.5417563527305639,0.5261377134787307
https://www.redfin.com/MO/Saint-Louis/4157-Concordia-Ave-63116/home/93761967,4157 Concordia Ave,38.5741518,-90.2690013,0.39752078415892045,0.38810115238487963,0.455252596031833
https://www.redfin.com/MO/Saint-Louis/4159-Bowen-St-63116/home/93776368,4159 Bowen,38.5720121,-90.27046,0.35853125226205285,0.3500865589693458,0.4233962964366269
https://www.redfin.com/MO/Saint-Louis/2628-Tamm-Ave-63139/home/93743612,2628 Tamm Ave,38.6138289,-90.2957775,0.5273106947336801,0.5371497256325846,0.5130515963985814
https://www.redfin.com/MO/Saint-Louis/4066-Burgen-Ave-63116/home/82702094,4066 Burgen Ave,38.5729972,-90.2657453,0.35295145376418774,0.4092767876672425,0.4378027513267423
https://www.redfin.com/MO/Saint-Louis/2611-Macklind-Ave-63139/home/93727444,2611 Macklind Ave,38.6108781,-90.2785903,0.22418140638839848,0.22044817803639022,0.26688381773792336
https://www.redfin.com/MO/Saint-Louis/3306-California-Ave-63118/unit-C/home/93681721,3306 California Ave Unit C,38.5953357,-90.2295217,0.2694339729546216,0.3126982790325843,0.2786445810935898
https://www.redfin.com/MO/Saint-Louis/1913-Senate-St-63118/unit-A/home/93672839,1913 Senate St Unit A,38.6025273,-90.216266,0.29862126158757,0.2814175670486987,0.31726019684602
https://www.redfin.com/MO/Saint-Louis/1386-Mobile-Ct-63139/home/93740873,1386 Mobile Ct,38.6250162,-90.2967335,0.46509456365529206,0.496962051269435,0.4530166079128571
https://www.redfin.com/MO/Saint-Louis/6411-Marquette-Ave-63139/home/62724999,6411 Marquette Ave,38.6000527,-90.2979081,0.4752275129140433,0.45106563433977614,0.3895800883323104
https://www.redfin.com/MO/Saint-Louis/5532-Robin-Ave-63120/home/93751871,5532 Robin Ave,38.7026092,-90.24705,0.43591682376441193,0.43326661789354975,0.4567765693729633
https://www.redfin.com/MO/St-Louis/4250-Juniata-St-63116/home/93729823,4250 Juniata St,38.6022655,-90.2600908,0.36485977237465006,0.3950724221668667,0.3211841660846764
https://www.redfin.com/MO/Saint-Louis/6107-Alaska-Ave-63111/home/93709558,6107 Alaska Ave,38.5636286,-90.2547522,0.5189976551008517,0.4429296731942346,0.42313750630427155
https://www.redfin.com/MO/Saint-Louis/4261-Humphrey-St-63116/home/93729592,4261 Humphrey,38.5999667,-90.260788,0.3213784226772372,0.3073735249672282,0.3090840482705823
https://www.redfin.com/MO/Saint-Louis/4712-Nebraska-Ave-63111/home/93706897,4712 Nebraska Ave,38.5703921,-90.2370084,0.3030649692138484,0.3572844503827838,0.388795022318907
https://www.redfin.com/MO/Saint-Louis/4073-Schiller-Pl-63116/home/93770299,4073 Schiller Pl,38.5761768,-90.2641211,0.4471572025799847,0.48157202640947266,0.513041405593432
https://www.redfin.com/MO/Saint-Louis/4416-S-Spring-Ave-63116/home/93730877,4416 S Spring Ave,38.5807524,-90.2514124,0.39651602038593936,0.422971175829139,0.38804026823793314
https://www.redfin.com/MO/Saint-Louis/5212-Columbia-Ave-63139/home/93727626,5212 Columbia Ave,38.6107366,-90.2744485,0.24918288129330698,0.238826769599593,0.26627999546661824
https://www.redfin.com/MO/Saint-Louis/7219-Eugene-Ave-63116/home/93712115,7219 Eugene Ave,38.5573639,-90.2676213,0.36940583624970674,0.3974950122443589,0.41830048668277575
https://www.redfin.com/MO/Saint-Louis/1509-W-Billon-Ave-63139/home/93741495,1509 W Billon Ave,38.6239561,-90.2890002,0.39048564466872904,0.3189078071381421,0.2720244551999048
https://www.redfin.com/MO/Saint-Louis/1317-Hughes-Pl-63110/home/93726302,1317 Hughes Pl,38.6253745,-90.2828932,0.4554037754317401,0.3730670488521752,0.2713912440267654
https://www.redfin.com/MO/Saint-Louis/2750-Hermitage-Ave-63143/home/93745086,2750 Hermitage Ave,38.6116855,-90.307408,0.5189050809462374,0.5710834394390398,0.4139584063843983
https://www.redfin.com/MO/Saint-Louis/5516-Botanical-Ave-63110/home/93727089,5516 Botanical Ave,38.6122889,-90.2811336,0.3757110932515977,0.31808399490757305,0.33986401407594097
https://www.redfin.com/MO/Saint-Louis/1519-Angelrodt-St-63107/home/93679631,1519 Angelrodt St,38.6578348,-90.1994394,0.4215153709126836,0.3917806218298582,0.40411715623352784
https://www.redfin.com/MO/Saint-Louis/5626-Vivian-Pl-63136/home/93769783,5626 Vivian Pl,38.7067004,-90.250105,0.3135597888369555,0.3324821453944517,0.4095374990969684
https://www.redfin.com/MO/Saint-Louis/2031-Agnes-St-63107/home/93688793,2031 Agnes St,38.6575401,-90.2025745,0.4239978669554004,0.3729893540492189,0.35116814163513527
https://www.redfin.com/MO/Saint-Louis/2025-Agnes-St-63107/home/93688794,2025 Agnes St,38.6576238,-90.2023397,0.44070298919393097,0.38926462821948576,0.36311541400180003
https://www.redfin.com/MO/Saint-Louis/1304-S-Boyle-Ave-63110/home/93726637,1304 S Boyle Ave,38.6254666,-90.2535491,0.3371310469022146,0.26066913902467664,0.2663712398613746
https://www.redfin.com/MO/Saint-Louis/4110-Dryden-Ave-63115/home/93767335,4110 Dryden Ave,38.6756348,-90.238059,0.36380756598366,0.37400919196018745,0.39754657375823144
https://www.redfin.com/MO/Saint-Louis/2033-Schaeffer-Pl-63139/home/93741328,2033 Schaeffer Pl,38.6198549,-90.3006134,0.3581047741864514,0.3303433196985005,0.3114583955492481
https://www.redfin.com/MO/Saint-Louis/4627-Maffitt-Ave-63113/home/87394741,4627 Maffitt Ave,38.6661575,-90.2472576,0.5093683341967402,0.5195453133484306,0.48525807892850614
https://www.redfin.com/MO/Saint-Louis/3709-Blow-St-63116/home/62751740,3709 Blow St,38.5587198,-90.2665899,0.31666171862180015,0.3479332667112341,0.3841601419513981
https://www.redfin.com/MO/Saint-Louis/4660-Dewey-Ave-63116/home/69946383,4660 Dewey Ave,38.5768453,-90.2516814,0.47630756604147695,0.44506946602050984,0.40469916789216387
https://www.redfin.com/MO/Saint-Louis/4687-Primm-St-63116/home/93775235,4687 Primm St,38.5631786,-90.2879419,0.4828122817722242,0.5149762727359968,0.5151332213139613
https://www.redfin.com/MO/Saint-Louis/5837-Arsenal-St-63139/home/93726720,5837 Arsenal St,38.6069972,-90.2869794,0.332249369996074,0.2945389195895673,0.3051659232139961
https://www.redfin.com/MO/Saint-Louis/3716-Illinois-Ave-63118/home/93696927,3716 Illinois Ave,38.586896,-90.2229715,0.4671831762583387,0.41368331816622667,0.3817205690836022
https://www.redfin.com/MO/Saint-Louis/4248-Juniata-St-63116/home/93672398,4248 Juniata St,38.6021921,-90.2600788,0.3702344053873226,0.387159170002256,0.3211721697843996
https://www.redfin.com/MO/Saint-Louis/4709-Allemania-St-63116/home/93775535,4709 Allemania St,38.5629312,-90.2899919,0.3326464344618591,0.36390608177818495,0.389917326198809
https://www.redfin.com/MO/Saint-Louis/6307-Arsenal-St-63139/home/93768098,6307 Arsenal St,38.6077919,-90.2951302,0.31753629484370655,0.32297996062906426,0.33218197960036966
https://www.redfin.com/MO/Saint-Louis/4248-Schiller-Pl-63116/home/93781161,4248 Schiller Pl,38.5778917,-90.2681021,0.2750003805643848,0.30924180262503526,0.3475196665382637
https://www.redfin.com/MO/Saint-Louis/3639-Roswell-Ave-63116/home/93711735,3639 Roswell Ave,38.5572261,-90.2656445,0.41299192885661573,0.40283383483738816,0.380624676716006
https://www.redfin.com/MO/Saint-Louis/5919-Sherry-Ave-63136/home/93758734,5919 Sherry Ave,38.701158,-90.2576044,0.4601306954646878,0.44571154862735174,0.46634504017614314
https://www.redfin.com/MO/Saint-Louis/6223-Wyoming-St-63139/home/93775933,6223 Wyoming St,38.6042054,-90.2949409,0.3187829014118792,0.35219932488743616,0.35415298626065794
https://www.redfin.com/MO/Saint-Louis/5018-Geraldine-Ave-63115/home/93750494,5018 Geraldine Ave,38.6896714,-90.246391,0.5472817453824393,0.4755707945653413,0.4203383677722984
https://www.redfin.com/MO/Saint-Louis/4609-Steffens-Ave-63116/home/62758711,4609 Steffens Ave,38.5813977,-90.2596944,0.3602088563287212,0.3828317441728289,0.35951374995260627
https://www.redfin.com/MO/Saint-Louis/4006-Schiller-Pl-63116/home/93781146,4006 Schiller Pl,38.5749,-90.2624422,0.47071156085637883,0.4838340635599317,0.5120530297119091
https://www.redfin.com/MO/Saint-Louis/5123-Pattison-Ave-63110/home/63733070,5123 Pattison Ave,38.6191013,-90.2710985,0.2217679420207241,0.18052557218892923,0.20065810904084486
https://www.redfin.com/MO/Saint-Louis/7142-Winona-Ave-63109/home/93747829,7142 Winona Ave,38.5947403,-90.3177685,0.5030560952186701,0.47059866242435766,0.4403143886867831
https://www.redfin.com/MO/Saint-Louis/8986-Edna-St-63147/home/93760652,8986 Edna,38.7215344,-90.2358828,0.49885355258689484,0.49993408077833235,0.4858575100890246
https://www.redfin.com/MO/Saint-Louis/3834-Texas-Ave-63118/home/93696571,3834 Texas Ave,38.5852638,-90.2281456,0.43111057484259596,0.3139087674424012,0.2959388622085163
https://www.redfin.com/MO/Saint-Louis/1409-E-Gano-Ave-63107/home/93712591,1409 E Gano Ave,38.6744751,-90.2073792,0.36420946235055174,0.4163700188484505,0.44893042582383635
https://www.redfin.com/MO/Saint-Louis/925-Iron-St-63111/home/93709512,925 Iron,38.5622267,-90.2554987,0.45332777823838244,0.4269218872068183,0.447859152777732
https://www.redfin.com/MO/Saint-Louis/5524-Alaska-Ave-63111/home/93708540,5524 Alaska Ave,38.5673955,-90.2504805,0.36033065033974576,0.3895462361188161,0.3614031086429526
https://www.redfin.com/MO/Saint-Louis/3649-Koeln-Ave-63116/home/93712077,3649 Koeln Ave,38.5552291,-90.2684857,0.3967894111248077,0.3987064058547046,0.418091471512714
https://www.redfin.com/MO/Saint-Louis/4617-Michigan-Ave-63111/home/62743733,4617 Michigan Ave,38.5726201,-90.2405272,0.415471772087094,0.3751743155470618,0.3703999621680133
https://www.redfin.com/MO/Saint-Louis/5005-Jamieson-Ave-63109/unit-2N/home/92894593,5005 Jamieson Ave Unit 2N,38.5868914,-90.3086168,0.35810389434174045,0.4119939433348475,0.4068857590845313
https://www.redfin.com/MO/Saint-Louis/1045-Childress-Ave-63139/home/93740424,1045 Childress Ave,38.6303525,-90.294718,0.3658472076004757,0.41277078322493227,0.3834842073421633
https://www.redfin.com/MO/Saint-Louis/5916-Lalite-Ave-63136/home/93758726,5916 Lalite Ave,38.7014483,-90.2568772,0.4296358714290606,0.42949864258392006,0.45413002632345806
https://www.redfin.com/MO/Saint-Louis/4714-Dahlia-Ave-63116/home/62720049,4714 Dahlia,38.5787864,-90.2776367,0.41429405253572593,0.3831272970301793,0.391041752968092
https://www.redfin.com/MO/Saint-Louis/6027-Leona-St-63116/home/93770851,6027 Leona St,38.5702217,-90.2676205,0.43652265566072135,0.44971933528753705,0.3954257989747038
https://www.redfin.com/MO/Saint-Louis/4454-Bingham-Ave-63116/home/93772056,4454 Bingham Ave,38.5900549,-90.2691632,0.3230045503069701,0.30459659843121206,0.28142354007377385
https://www.redfin.com/MO/Saint-Louis/961-Switzer-Ave-63147/home/93730567,955 -961 Switzer Ave,38.70809,-90.232773,0.4855433798438541,0.5554586573279088,0.5300218411346749
https://www.redfin.com/MO/Saint-Louis/5236-Grace-Ave-63116/home/93742564,5236 Grace Ave,38.5711455,-90.2534702,0.4240668913967395,0.4151850629092504,0.4106480963292461
https://www.redfin.com/MO/Saint-Louis/4733-Hummel-Ave-63116/home/93763392,4733 Hummel Ave,38.5794953,-90.277127,0.4335996153703428,0.3940937775072922,0.40778571900674226
https://www.redfin.com/MO/Saint-Louis/4873-Goethe-Ave-63116/home/93763305,4873 Goethe Ave,38.5786511,-90.2804762,0.350145504097819,0.32129828088789963,0.33031774217917587
https://www.redfin.com/MO/Saint-Louis/4924-Blow-St-63109/home/93758371,4924 Blow St,38.5691895,-90.2874433,0.26981264205808714,0.2744949737955955,0.34432571310487176
https://www.redfin.com/MO/Saint-Louis/3857-Neosho-St-63116/home/93767657,3857 Neosho St,38.579073,-90.2540595,0.4552647887256081,0.38532277922009356,0.32645858180066994
https://www.redfin.com/MO/Saint-Louis/5134-Cologne-Ave-63116/home/93761649,5134 Cologne Ave,38.5807783,-90.2734269,0.3208432273670648,0.3607099117986432,0.35826101827033696
https://www.redfin.com/MO/Saint-Louis/1501-Sproule-Ave-63139/home/93761913,1501 Sproule Ave,38.6231525,-90.2906596,0.4257546066924196,0.3704177151559359,0.31923887217312796
https://www.redfin.com/MO/Saint-Louis/3928-Itaska-St-63116/home/93750175,3928 Itaska St,38.5782645,-90.257761,0.3721679544855924,0.37907018940786336,0.32486774230046406
https://www.redfin.com/MO/Saint-Louis/3380-Commonwealth-Ave-63143/home/93751173,3380 Commonwealth,38.6046613,-90.3158785,0.4795680038910731,0.49779828998735115,0.48160951042724787
https://www.redfin.com/MO/Saint-Louis/5736-Devonshire-Ave-63109/home/93753132,5736 Devonshire Ave,38.5884026,-90.2915704,0.34547312827747295,0.34410995278750245,0.35087971974570153
https://www.redfin.com/MO/Saint-Louis/3658-Roswell-Ave-63116/home/93711772,3658 Roswell Ave,38.5572264,-90.2664624,0.43637107790939894,0.4003280308643688,0.40792944377771684
https://www.redfin.com/MO/Saint-Louis/7043-Lansdowne-Ave-63109/home/62718856,7043 Lansdowne Ave,38.5920479,-90.314306,0.3554492194838414,0.40993418619994393,0.4017864787324987
https://www.redfin.com/MO/Saint-Louis/5434-Christy-Ave-63116/home/93757892,5434 Christy Ave,38.5786893,-90.2752926,0.428749445196244,0.4064986067496726,0.35194966823677365
https://www.redfin.com/MO/Saint-Louis/2517-Tamm-Ave-63139/home/69385646,2517 Tamm Ave,38.615283,-90.2959637,0.5724421984824984,0.5037500909933196,0.4433170414096379
https://www.redfin.com/MO/Saint-Louis/4734-Goethe-Ave-63116/home/93757169,4734 Goethe Ave,38.5757027,-90.2795343,0.37141909417674024,0.3667100132471657,0.3465901181839392
https://www.redfin.com/MO/Saint-Louis/3870-Marine-Ave-63118/home/93697180,3870 Marine Ave,38.5834828,-90.2219106,0.4216466596956201,0.4069734608727539,0.39715739615311396
https://www.redfin.com/MO/Saint-Louis/4864-Calvin-Ave-63115/home/93733011,4864 Calvin Ave,38.6821454,-90.2423567,0.3930098371741719,0.4319599611147638,0.4398370598984381
https://www.redfin.com/MO/Saint-Louis/4083-Burgen-Ave-63116/home/93761893,4083 Burgen Ave,38.5735651,-90.266156,0.36904691078779994,0.4308162991595123,0.4619839667706876
https://www.redfin.com/MO/Saint-Louis/5458-Harney-Ave-63120/home/93762782,5458 Harney Ave,38.6974807,-90.2442107,0.48189286042097346,0.4746213493657418,0.4903650356366292
https://www.redfin.com/MO/Saint-Louis/1812-James-a-Harvey-Ln-63133/home/93444245,1812 James A Harvey Ln,38.6793084,-90.2833299,0.4921599077003239,0.5126946349707334,0.45910334126503705
https://www.redfin.com/MO/Saint-Louis/870-Elias-Ave-63147/home/93756055,870 Elias Ave,38.7211366,-90.231488,0.5333936129233013,0.5257657723856238,0.515993607861059
https://www.redfin.com/MO/Saint-Louis/7246-Stolle-St-63116/home/93775493,7246 Stolle St,38.5628241,-90.2913425,0.40802005210148873,0.3548610105538075,0.3471803965429834
https://www.redfin.com/MO/Saint-Louis/4695-Tesson-St-63116/home/93775247,4695 Tesson St,38.5630247,-90.2888911,0.3598716447813541,0.3797819290110272,0.45281512991852535
https://www.redfin.com/MO/Saint-Louis/4414-Oleatha-Ave-63116/home/93756203,4414 Oleatha Ave,38.5950007,-90.2659386,0.24104170534929134,0.24020562888165709,0.27006491114772746
https://www.redfin.com/MO/Saint-Louis/4007-Delor-St-63116/home/93750353,4007 Delor St,38.5781283,-90.260126,0.28625821264891405,0.3633133612845226,0.355315109414571
https://www.redfin.com/MO/Saint-Louis/6943-Sutherland-Ave-63109/home/93774259,6943 Sutherland Ave,38.5927618,-90.3112136,0.4561189282951088,0.42895789690246044,0.38926925504516646
https://www.redfin.com/MO/Saint-Louis/5343-Blow-St-63109/home/62713417,5343 Blow St,38.5721054,-90.2920657,0.35248367502139033,0.37584911001691323,0.378856053463618
https://www.redfin.com/MO/Saint-Louis/4838-Potomac-St-63116/home/93756234,4838 Potomac St,38.5964189,-90.2700894,0.3308347314818521,0.2354219642774518,0.21769944486261353
https://www.redfin.com/MO/Saint-Louis/2607-Michigan-Ave-63118/home/93691996,2607 Michigan Ave,38.6068086,-90.2334624,0.33115825064412746,0.3296727713263814,0.3271535896020442
https://www.redfin.com/MO/Saint-Louis/4363-Miami-St-63116/home/93730021,4363 Miami St,38.5943755,-90.2650047,0.3745899658653198,0.3563036675092707,0.32823805223357083
https://www.redfin.com/MO/Saint-Louis/3117-Michigan-Ave-63118/home/93692808,3117 Michigan Ave,38.6011046,-90.2346088,0.31352634412064256,0.2991166661148753,0.3066607629787044
https://www.redfin.com/MO/Saint-Louis/6026-Thekla-Ave-63136/home/93759076,6026 Thekla Ave,38.704011,-90.255936,0.5477224281975297,0.5241178738212131,0.504399648046213
https://www.redfin.com/MO/Saint-Louis/6030-Arthur-Ave-63139/home/93742983,6030 Arthur Ave,38.6009927,-90.2933156,0.39748540143007693,0.3879128152085992,0.3799087722067547
https://www.redfin.com/MO/Saint-Louis/3967-Eichelberger-St-63116/home/93757739,3967 Eichelberger St,38.5750758,-90.2610119,0.44696007908162083,0.46726154557599,0.45610796700367995
https://www.redfin.com/MO/Saint-Louis/4722-Primm-St-63116/home/93775513,4722 Primm St,38.5638813,-90.2891171,0.4054791156136455,0.49620207705275454,0.5263324922455253
https://www.redfin.com/MO/Saint-Louis/1414-McCausland-Ave-63117/home/93740570,1414 Mccausland Ave,38.6263015,-90.3068663,0.533277948355676,0.5060869004714038,0.5144820196259815
https://www.redfin.com/MO/Saint-Louis/6560-Villa-Ave-63139/home/93740701,6560 Villa Ave,38.6253347,-90.2987681,0.47518951542358057,0.443931081684527,0.4592964427073041
https://www.redfin.com/MO/Saint-Louis/5418-Milentz-Ave-63109/home/93771267,5418 Milentz Ave,38.5789659,-90.2864564,0.3504409228020168,0.33603692761857823,0.33715888490761375
https://www.redfin.com/MO/Saint-Louis/2807-Chariton-St-63111/home/93705481,2807 Chariton St,38.5779447,-90.2336732,0.4139391072724896,0.4091710796570795,0.36573018830934156
https://www.redfin.com/MO/Saint-Louis/3837-Bates-St-63116/home/93761598,3837 Bates St,38.5714841,-90.2594216,0.3623938048351389,0.3748713797856441,0.34676222933936107
https://www.redfin.com/MO/Saint-Louis/5812-Victoria-Ave-63110/home/93769203,5812 Victoria Ave,38.6266879,-90.2843074,0.3719184076902601,0.3573581427122849,0.3086957144192198
https://www.redfin.com/MO/Saint-Louis/4741-Milentz-Ave-63116/home/93756829,4741 Milentz Ave,38.575473,-90.2802532,0.43062148584852217,0.37979625739172596,0.3192971400866046
https://www.redfin.com/MO/Saint-Louis/1933-Chippewa-St-63118/home/93697387,1933 Chippewa St,38.5856684,-90.2220076,0.41466624867854773,0.4117917659808775,0.41478358682146316
https://www.redfin.com/MO/Saint-Louis/1937-Chippewa-St-63118/home/93697385,1937 Chippewa St,38.5856857,-90.2221027,0.40993637540914624,0.40524693112215243,0.41627743993052513
https://www.redfin.com/MO/Saint-Louis/5638-Hancock-Ave-63139/home/93749140,5638 Hancock Ave,38.5992618,-90.2862362,0.47306050115216375,0.467928722540752,0.4742734562908655
https://www.redfin.com/MO/Saint-Louis/4600-Richard-Pl-63115/home/93734527,4600 Richard Pl,38.6811906,-90.2351011,0.3305569513416189,0.3545746239571316,0.3548593150008132
https://www.redfin.com/MO/Saint-Louis/5649-Hancock-Ave-63139/home/62744315,5649 Hancock Ave,38.59965,-90.2866238,0.5515651804857501,0.5193153578861825,0.49502459223116907
https://www.redfin.com/MO/Saint-Louis/5641-Marquette-Ave-63139/home/93749128,5641 Marquette Ave,38.5988984,-90.2864704,0.44315046639715805,0.428566541651014,0.45373807485219886
https://www.redfin.com/MO/Saint-Louis/4566-Lewis-Pl-63113/home/93749619,4566 Lewis Pl,38.6544661,-90.2533606,0.4205368614071102,0.4531326905537332,0.4245868015825026
https://www.redfin.com/MO/Saint-Louis/1310-San-Jacinto-Ct-63139/home/93750089,1310 San Jacinto Ct,38.6272878,-90.2986089,0.5058093473406188,0.4703272896486128,0.4919139021116537
https://www.redfin.com/MO/Saint-Louis/5629-Marquette-Ave-63139/home/93749131,5629 Marquette Ave,38.598852,-90.2860434,0.4259954564991765,0.40993244705465504,0.4460681575594818
https://www.redfin.com/MO/Saint-Louis/4523-Anderson-Ave-63115/home/93734114,4523 Anderson Ave,38.6784344,-90.2351506,0.4189785739097954,0.4276960375591068,0.4263970775211341
https://www.redfin.com/MO/Saint-Louis/4521-Anderson-Ave-63115/home/93734136,4521 Anderson Ave,38.6783446,-90.2351427,0.4157653516267026,0.42117966578730714,0.4289181264431964
https://www.redfin.com/MO/Saint-Louis/4631-Primm-St-63116/home/93775221,4631 Primm St,38.5619527,-90.2867493,0.4335230701419704,0.4505038203500062,0.4627024063251803
https://www.redfin.com/MO/Saint-Louis/5315-Alfred-Ave-63116/home/93761696,5315 Alfred Ave,38.5809447,-90.2705219,0.3895003776524012,0.35567133987214394,0.31881078041359034
https://www.redfin.com/MO/Saint-Louis/4121-Taft-Ave-63116/home/93757851,4121 Taft Ave,38.5856229,-90.2628294,0.38535203115753397,0.3193841992810998,0.2925777571108247
https://www.redfin.com/MO/Saint-Louis/4340-Miami-St-63116/home/93730104,4340 Miami St,38.5939208,-90.2642472,0.36637501280189816,0.36806072226598924,0.347575271615901
https://www.redfin.com/MO/Saint-Louis/2603-Brannon-Ave-63139/home/93727383,2603 Brannon Ave,38.6108271,-90.2752982,0.21992726468303583,0.26507894283992817,0.28038261697246414
https://www.redfin.com/MO/Saint-Louis/935-Fillmore-St-63111/home/93708887,935 Fillmore St,38.5640539,-90.2543111,0.37873945048722424,0.41760949264712166,0.41840129157045736
https://www.redfin.com/MO/Saint-Louis/8512-Minnesota-Ave-63111/home/93711571,8512 Minnesota Ave,38.5418846,-90.2673134,0.3502702728783782,0.43152727608098496,0.42857704660505114
https://www.redfin.com/MO/Saint-Louis/7125-Vermont-Ave-63111/home/93710425,7125 Vermont Ave,38.5537604,-90.2591559,0.3999600154463401,0.41648212718627364,0.39411676415551333
https://www.redfin.com/MO/Saint-Louis/3663-Steins-St-63116/home/93757118,3663 Steins St,38.5547484,-90.2697594,0.40888372157439307,0.4083944859862466,0.34413451126160266
https://www.redfin.com/MO/Saint-Louis/3461-S-Grand-Blvd-63118/home/93695492,3461 S Grand Blvd,38.5943742,-90.2438513,0.197020684474853,0.17844860837581963,0.20979337093935582
https://www.redfin.com/MO/Saint-Louis/1319-San-Jacinto-Ct-63139/home/93750079,1319 San Jacinto,38.6271504,-90.2990967,0.5002606588360492,0.48621059194339566,0.4697984721170203
https://www.redfin.com/MO/Saint-Louis/2827-Abner-Pl-63120/home/93738219,2827 Abner Pl,38.674105,-90.2645459,0.4926356865651281,0.5185962605400379,0.4774917674921367
https://www.redfin.com/MO/Saint-Louis/4518-Tennessee-Ave-63111/home/93706295,4518 Tennessee Ave,38.5765564,-90.2458152,0.42612619646349903,0.38702054744826003,0.36379679440172635
https://www.redfin.com/MO/Saint-Louis/6041-Harney-Ave-63136/home/93758448,6041 Harney Ave,38.7069256,-90.2544443,0.5138668791673344,0.5150226346005631,0.4689107535985599
https://www.redfin.com/MO/Saint-Louis/4175-Newport-Ct-63116/home/62743526,4175 Newport Ct,38.5831915,-90.2637005,0.23897099591424328,0.2252755844863286,0.26599697916994375
https://www.redfin.com/MO/Saint-Louis/4717-Michigan-Ave-63111/home/93707473,4717 Michigan Ave,38.570808,-90.2408839,0.3833021747394587,0.3731609215106962,0.4009548336332282
https://www.redfin.com/MO/Saint-Louis/246-Woodbourne-Dr-63105/home/93771920,246 Woodbourne Dr,38.6425965,-90.303653,0.5068627782150807,0.494560940419053,0.5139880672616614
https://www.redfin.com/MO/University-City/6238-Washington-Ave-63130/home/93760196,6238 Washington Ave,38.6544611,-90.3013957,0.5918720439929837,0.5253094636253125,0.3972901842250056
https://www.redfin.com/MO/Saint-Louis/15-Arundel-Pl-63105/home/93766545,15 Arundel Pl,38.6398462,-90.3048004,0.46746817609336033,0.4661402556867939,0.43320979072101906
https://www.redfin.com/MO/Saint-Louis/1414-Mississippi-Ave-63104/home/62765202,1414 Mississippi Ave,38.6169445,-90.2132817,0.24941490436652974,0.309279487386122,0.3610764794410676
https://www.redfin.com/MO/Saint-Louis/907-N-Taylor-Ave-63122/home/93512270,907 N Taylor Ave,38.651765,-90.2526388,0.4400951049253824,0.393091176091049,0.4117051067839906
https://www.redfin.com/MO/Saint-Louis/4538-Pershing-Pl-63108/home/93724614,4538 Pershing Pl,38.6449469,-90.2585829,0.45652918816042104,0.4671745314144725,0.4205617702714457
https://www.redfin.com/MO/University-City/6223-Washington-Ave-63130/home/93760159,6223 Washington Ave,38.6548117,-90.300683,0.4458395471888495,0.37197072576339596,0.3281274369279065
https://www.redfin.com/MO/Saint-Louis/4624-Pershing-Pl-63108/home/93724640,4624 Pershing Pl,38.6454808,-90.2597179,0.4555527632534695,0.4527138499949176,0.40786603654532216
https://www.redfin.com/MO/Saint-Louis/1817-Lasalle-St-63104/home/93701280,1817 Lasalle St,38.6198742,-90.2109299,0.31065674085008915,0.31334399370127236,0.2775873337386297
https://www.redfin.com/MO/Saint-Louis/2741-Lafayette-Ave-63104/home/193545739,2741 Lafayette Ave,38.6154723,-90.2246759,0.2471929462008945,0.2172174623157081,0.30819349779119004
https://www.redfin.com/MO/Saint-Louis/4355-W-Pine-Blvd-63108/home/93725232,4355 W Pine Blvd,38.6402357,-90.252967,0.40745794575376315,0.3477460594727324,0.31564469503661585
https://www.redfin.com/MO/Saint-Louis/5239-Wilson-Ave-63110/home/93727734,5239 Wilson Ave,38.616014,-90.2742376,0.275924198313576,0.23143854514186196,0.2173486965224667
https://www.redfin.com/MO/Saint-Louis/17-Arundel-Pl-63105/home/93766546,17 Arundel Pl,38.6398686,-90.304957,0.44830964458945793,0.4654788813803529,0.4331090247282014
https://www.redfin.com/MO/Saint-Louis/5443-Columbia-Ave-63139/home/93771705,5443 Columbia Ave,38.6115824,-90.2798226,0.3026125385991546,0.32051241236177286,0.3020339301921452
https://www.redfin.com/MO/Saint-Louis/5302-Wilson-Ave-63110/home/178545699,5302 Wilson Ave,38.6157749,-90.2752503,0.18762145632884983,0.24806422844556883,0.2693021829426573
https://www.redfin.com/MO/Saint-Louis/362-Walton-Row-63108/home/62756938,362 Walton Row,38.6461658,-90.2585471,0.43733333879794434,0.4664122067026741,0.4247407068900731
https://www.redfin.com/MO/St-Louis/3758-Olive-St-63108/unit-14/home/195107699,3758 Olive St Lot 14,38.640205,-90.237264,0.19830155905952987,0.2425328008381918,0.2002150780810972
https://www.redfin.com/MO/Saint-Louis/1038-Geyer-Ave-63104/home/93685666,1038 Geyer Ave,38.6090676,-90.2072978,0.2817642094350622,0.34103484365868875,0.2853268922018801
https://www.redfin.com/MO/Saint-Louis/6327-Wade-Ave-63139/home/93726459,6327 Wade Ave,38.6250307,-90.2922769,0.38957421948058746,0.3474679909442157,0.39802601153915396
https://www.redfin.com/MO/Saint-Louis/4731-Westminster-Pl-63108/home/93709316,4731 Westminster Pl,38.6492177,-90.2594174,0.44970441520978643,0.37105041896682195,0.29680427046482416
https://www.redfin.com/MO/Saint-Louis/4508-Pershing-Pl-63108/home/93724628,4508 Pershing Pl,38.6451555,-90.2574691,0.3895348937987357,0.4493888851829941,0.4054629036201411
https://www.redfin.com/MO/Saint-Louis/1103-Dolman-St-63104/home/93683537,1103 Dolman St,38.6191802,-90.2093915,0.3195472173206148,0.28749335778025703,0.275225079792894
https://www.redfin.com/MO/Saint-Louis/2017-Park-Ave-63104/home/93672793,2017 Park Ave,38.6178803,-90.2141004,0.31675653346452876,0.403222847167264,0.4148662979494868
https://www.redfin.com/MO/Saint-Louis/6225-San-Bonita-Ave-63105/home/93768160,6225 San Bonita Ave,38.6356079,-90.3048469,0.4726372927390614,0.3864264677999483,0.41545106922017155
https://www.redfin.com/MO/Saint-Louis/6310-Alexander-Dr-63105/home/93477165,6310 Alexander Dr,38.6433109,-90.3045532,0.5748175345203314,0.5737130916809775,0.5156261163505369
https://www.redfin.com/MO/Saint-Louis/1912-Rutger-St-63104/home/168304422,1912 Rutger St,38.6179094,-90.2125627,0.3004695083815436,0.28696261501818665,0.3017224226623776
https://www.redfin.com/MO/Saint-Louis/8-W-Pine-Ct-63108/home/93724529,8 W Pine Ct,38.6410241,-90.2603822,0.2425624245609313,0.21486330283683525,0.20196335742431057
https://www.redfin.com/MO/Saint-Louis/6732-Delor-St-63109/home/93781392,6732 Delor St,38.5846917,-90.3085554,0.36329530078108296,0.4005585525484321,0.4410191073043794
https://www.redfin.com/MO/Saint-Louis/1823-Hickory-St-63104/home/93701221,1823 Hickory,38.6190583,-90.2113886,0.33828272602697773,0.3137457112794817,0.2926319738041629
https://www.redfin.com/MO/Saint-Louis/1218-Dolman-St-63104/home/146873435,1218 Dolman St,38.6177143,-90.2094494,0.31264593269809265,0.27902596799500085,0.27672144474747135
https://www.redfin.com/MO/Saint-Louis/4533-Westminster-Pl-63108/home/93739871,4533 Westminster Pl,38.647954,-90.2566021,0.3434710589113672,0.2982756160738535,0.30860187606946543
https://www.redfin.com/MO/Saint-Louis/10-Arundel-Pl-63105/home/93769346,10 Arundel Pl,38.639311,-90.3043573,0.46724435668253006,0.434127423617698,0.4146173929865341
https://www.redfin.com/MO/Saint-Louis/370-Walton-Row-63108/home/93724710,370 Walton,38.6462981,-90.2584786,0.4386417387249337,0.4513661805664278,0.41832672661528963
https://www.redfin.com/MO/Saint-Louis/3525-Crittenden-St-63118/home/93692731,3525 Crittenden St,38.6036011,-90.2406538,0.5237168181584222,0.44539655610604584,0.36637298039276217
https://www.redfin.com/MO/Saint-Louis/4016-Flora-Pl-63110/home/93746617,4016 Flora Pl,38.612873,-90.2491881,0.5531429988099767,0.4952916426742495,0.4044663903894334
https://www.redfin.com/MO/Saint-Louis/4385-McPherson-Ave-63108/home/93740334,4385 Mcpherson Ave,38.644927,-90.2523297,0.4215871612249086,0.4185373809348953,0.420339277811277
https://www.redfin.com/MO/Saint-Louis/5951-Jamieson-Ave-63109/home/62742167,5951 Jamieson Ave,38.5775574,-90.3042031,0.4199236367005325,0.46773771545944437,0.4845559362881734
https://www.redfin.com/MO/University-City/6249-Washington-Ave-63130/home/62753318,6249 Washington Ave,38.6549349,-90.3014601,0.47844566611248823,0.39237584740132875,0.3429920073095828
https://www.redfin.com/MO/Saint-Louis/4424-Laclede-Ave-63108/home/93725073,4424 Laclede Ave,38.6388377,-90.2562649,0.44965843059835037,0.38999037046070484,0.35422280456045757
https://www.redfin.com/MO/Saint-Louis/1409-Vail-Pl-63104/home/93673161,1409 Vail Pl,38.6167432,-90.2126,0.18402682469909717,0.20756480431929472,0.30955601454491105
https://www.redfin.com/MO/Saint-Louis/4347-McPherson-Ave-63108/home/93740305,4347 Mcpherson Ave,38.6443603,-90.2511179,0.5151364766366714,0.49078589682879026,0.4101730031474236
https://www.redfin.com/MO/Saint-Louis/5156-Westminster-Pl-63108/home/77510183,5156 Westminster Pl,38.6497869,-90.2695785,0.3620677715564003,0.36332811730551884,0.41933762471194547
https://www.redfin.com/MO/Saint-Louis/2309-Sublette-Ave-63110/home/181867568,2309 Sublette Ave,38.6137034,-90.2808052,0.31860919638538293,0.3385083407368824,0.34549395946759476
https://www.redfin.com/MO/Saint-Louis/3834-Olive-St-63108/home/176875143,3834 Olive St,38.640651,-90.2382779,0.18401599602428914,0.22877541410570895,0.21207010737218043
https://www.redfin.com/MO/Saint-Louis/2328-Albion-Pl-63104/home/93672036,2328 Albion Pl,38.6166562,-90.2193395,0.2958781464356993,0.34853588267428054,0.3992185605009541
https://www.redfin.com/MO/Saint-Louis/5027-Daggett-Ave-63110/home/93728145,5027 Daggett Ave,38.6168423,-90.2697787,0.2581569689792516,0.19986453723338898,0.1952202060876628
https://www.redfin.com/MO/Saint-Louis/5223-Botanical-Ave-63110/home/93727552,5223 Botanical Ave,38.6124726,-90.2744209,0.2152477695619022,0.2619461789701501,0.23577605204940316
https://www.redfin.com/MO/Saint-Louis/6253-Murdoch-Ave-63109/home/93780082,6253 Murdoch Ave,38.5885189,-90.2972654,0.4017558863557173,0.4367381736844073,0.416405848997547
https://www.redfin.com/MO/Saint-Louis/1901-Lafayette-Ave-63104/home/93697406,1901 Lafayette Ave,38.6142035,-90.2133368,0.2576830795467985,0.25522884154752,0.36327513042991444
https://www.redfin.com/MO/Saint-Louis/1908-Lasalle-St-63104/home/93701184,1908 Lasalle St,38.6196133,-90.2118167,0.30915465168035966,0.30725644458270907,0.28737831976847145
https://www.redfin.com/MO/Saint-Louis/5102-Waterman-Blvd-63108/home/93745900,5102 Waterman Blvd,38.6482712,-90.2679245,0.42983685691548557,0.43564448444988313,0.4953540125608249
https://www.redfin.com/MO/Saint-Louis/5150-Westminster-Pl-63108/home/93745986,5150 Westminster Pl,38.649627,-90.26939,0.3598343486041875,0.3774015931977404,0.4225004304361195
https://www.redfin.com/MO/Saint-Louis/4440-Laclede-Ave-63108/home/93672249,4440 Laclede Ave,38.638926,-90.256824,0.513638897916368,0.41705706956160804,0.3425082743047831
https://www.redfin.com/MO/Saint-Louis/4351-Laclede-Ave-63108/home/93725182,4351 Laclede Ave,38.6391303,-90.2531536,0.5039001266947005,0.4363512682308745,0.3430403972815366
https://www.redfin.com/MO/Saint-Louis/4235-Maryland-Ave-63108/home/93725334,4235 Maryland Ave,38.6420174,-90.2491223,0.4129260446600559,0.3005453339635486,0.2656004213429488
https://www.redfin.com/MO/St-Louis/2223-Hickory-63104/home/186089507,2223 Hickory,38.620034,-90.216454,0.14811419825741695,0.21564276376385866,0.26894756332087055
https://www.redfin.com/MO/Saint-Louis/4312-Laclede-Ave-63108/home/93725190,4312 Laclede Ave,38.6379123,-90.2521453,0.27733034763297343,0.3021219098475869,0.2925747722458562
https://www.redfin.com/MO/Saint-Louis/2920-Milton-Blvd-63104/home/93691199,2920 Milton Blvd,38.6092095,-90.2300308,0.46209382737700855,0.43190876762586516,0.43141887109702115
https://www.redfin.com/MO/Saint-Louis/2614-Dalton-Ave-63139/home/93726773,2614 Dalton Ave,38.6114006,-90.2844548,0.42334756383622985,0.39633455441225873,0.35469881696065186
https://www.redfin.com/MO/Saint-Louis/6207-Delor-St-63109/home/93780310,6207 Delor St,38.5847983,-90.2962837,0.40773138754652866,0.4426370714270672,0.4373293414707022
https://www.redfin.com/MO/Saint-Louis/3810-Olive-St-63108/unit-10/home/176875147,3810 Olive St Lot 10,38.6402704,-90.2377298,0.12212027170165908,0.2501641189888455,0.19542433230786227
https://www.redfin.com/MO/Saint-Louis/1216-Dolman-St-63104/home/103203498,1216 Dolman St,38.617797,-90.2094453,0.32422829563043226,0.28038879580618425,0.2783643111490799
https://www.redfin.com/MO/Saint-Louis/336-N-Newstead-Ave-63108/home/93725641,336 N Newstead Ave,38.6441766,-90.2532179,0.45384752599514083,0.4359150654536713,0.4125362979256426
https://www.redfin.com/MO/Saint-Louis/1928-Lasalle-St-63104/home/76811282,1928 Lasalle St,38.619881807,-90.21236549,0.28661544034262454,0.2568595426405863,0.27382378551850367
https://www.redfin.com/MO/Saint-Louis/4211-Shenandoah-Ave-63110/home/62698685,4211 Shenandoah Ave,38.6111387,-90.2549373,0.3089294884706473,0.3427666697143437,0.33116575271874443
https://www.redfin.com/MO/Saint-Louis/4319-McPherson-Ave-63108/home/70105615,4319 Mcpherson Ave,38.6439712,-90.2501911,0.526584400072987,0.48525098432762076,0.39342976674220126
https://www.redfin.com/MO/Saint-Louis/4230-Maryland-Ave-63108/home/146873905,4230 Maryland Ave,38.641581,-90.2491445,0.3565754282194809,0.2765667601803438,0.23053186561409234
https://www.redfin.com/MO/Saint-Louis/4234-Olive-St-63108/home/62726464,4234 Olive St,38.6446331,-90.2474649,0.33540987703078623,0.33710195130158127,0.3457069650412356
https://www.redfin.com/MO/Saint-Louis/5217-Botanical-Ave-63110/home/146873938,5217 Botanical Ave,38.6124615,-90.2742491,0.22100145107329916,0.2551135374062779,0.2294717822101296
https://www.redfin.com/MO/Saint-Louis/6242-Loran-Ave-63109/home/93779934,6242 Loran Ave,38.5827421,-90.2979418,0.44432923550493253,0.39700774464061883,0.43343867059016
https://www.redfin.com/MO/Saint-Louis/3649-Cleveland-Ave-63110/home/93700316,3649 Cleveland Ave,38.6108302,-90.2424335,0.4337341506637211,0.3826052105143856,0.3554515380237373
https://www.redfin.com/MO/Saint-Louis/5918-Crane-Cir-63109/home/67168265,5918 Crane Cir,38.5782224,-90.2986929,0.4353395660798283,0.4571255009617224,0.43639827394932107
https://www.redfin.com/MO/Saint-Louis/2747-Lafayette-Ave-63104/home/77299754,2747 Lafayette Ave,38.6155479,-90.2251944,0.23063842554814953,0.2519117478447399,0.29566050059550425
https://www.redfin.com/MO/Saint-Louis/4366-Laclede-Ave-63108/home/93725198,4366 Laclede Ave,38.6383235,-90.2539854,0.41238602648470685,0.3813278732563707,0.33794312169985835
https://www.redfin.com/MO/Saint-Louis/4527-Maryland-Ave-63108/home/93724738,4527 Maryland Ave,38.6443786,-90.2583673,0.492049599634727,0.44064200972135364,0.38400593085806434
https://www.redfin.com/MO/Saint-Louis/6347-Devonshire-Ave-63109/home/93780130,6347 Devonshire Ave,38.5895573,-90.2989485,0.4369470457807064,0.42667145709263987,0.42591061644530226
https://www.redfin.com/MO/Saint-Louis/4008-Flora-Pl-63110/home/77526639,4008 Flora Pl,38.6128387,-90.2488324,0.5244620787111971,0.4885673106236062,0.401608114668368
https://www.redfin.com/MO/St-Louis/3810-Olive-St-63108/unit-10/home/192866158,3810 Olive St Lot 10,38.6402704,-90.2377298,0.12212027170165908,0.2501641189888455,0.19542433230786227
https://www.redfin.com/MO/St-Louis/2227-Hickory-63104/home/171387812,2227 Hickory,38.620034,-90.216454,0.14811419825741695,0.21564276376385866,0.26894756332087055
https://www.redfin.com/MO/Saint-Louis/2235-Hickory-St-63104/home/181866124,2235 Hickory,38.6201037,-90.2169057,0.1746404073830243,0.19123875677036717,0.25352319443931354
https://www.redfin.com/MO/Saint-Louis/3918-Cleveland-Ave-63110/home/93746314,3918 Cleveland Ave,38.6108403,-90.2466942,0.3002990586939452,0.26002780971835787,0.27727097912601373
https://www.redfin.com/MO/Saint-Louis/6127-Kingsbury-Ave-63112/home/62765009,6127 Kingsbury Ave,38.6526952,-90.2974319,0.4378680810591549,0.4746271652853198,0.4410947843795631
https://www.redfin.com/MO/Saint-Louis/3816-Castleman-Ave-63110/home/93747266,3816 Castleman Ave,38.6144219,-90.2434873,0.4156276561035991,0.40453133868044844,0.391509779617806
https://www.redfin.com/MO/Saint-Louis/3847-Holly-Hills-Blvd-63116/home/93773684,3847 Holly Hills Blvd,38.564501,-90.262703,0.4745760881744,0.529641058604037,0.5572776394097312
https://www.redfin.com/MO/Saint-Louis/5945-Clifton-Ave-63109/home/93783994,5945 Clifton Ave,38.5776811,-90.298254,0.4595104524156234,0.4393805178126837,0.4255807216066863
https://www.redfin.com/MO/Saint-Louis/3011-Wisconsin-Ave-63118/home/93699107,3011 Wisconsin Ave,38.5984809,-90.2200305,0.4330988818863162,0.3635720728538008,0.38204408753570407
https://www.redfin.com/MO/Saint-Louis/1226-Dolman-St-63104/home/143286332,1226 Dolman St,38.6175497,-90.2095179,0.25381771272310444,0.27321728990348215,0.2736975573224145
https://www.redfin.com/MO/Saint-Louis/4001-Cleveland-Ave-63110/home/93746567,4001 Cleveland Ave,38.6114258,-90.2487907,0.3512305739593989,0.306735043839565,0.32611088691997303
https://www.redfin.com/MO/Saint-Louis/3511-Pestalozzi-St-63118/home/93692428,3511 Pestalozzi St,38.6044715,-90.2400385,0.3247381381682371,0.3746950032927828,0.38020225371272404
https://www.redfin.com/MO/Saint-Louis/3740-Texas-Ave-63118/home/93696622,3740 Texas Ave,38.5868491,-90.2278254,0.37023661240555666,0.3301247828447263,0.2974643703615961
https://www.redfin.com/MO/Saint-Louis/4650-Saint-Louis-Ave-63115/home/93718424,4650 Saint Louis Ave,38.666785,-90.247205,0.5345412552979565,0.49802121156975837,0.4525487759930431
https://www.redfin.com/MO/Saint-Louis/6111-Sherry-Ave-63136/home/93745584,6111 Sherry Ave,38.7020518,-90.2599655,0.40833034805833346,0.4298188424217012,0.44857567062214504
https://www.redfin.com/MO/Saint-Louis/2917-Abner-Pl-63120/home/93738363,2917 Abner Pl,38.6756388,-90.263421,0.3895093846062224,0.4512848990184664,0.4519678374287492
https://www.redfin.com/MO/Saint-Louis/6119-Lillian-Ave-63136/home/93762141,6119 Lillian Ave,38.700754,-90.2612065,0.436917383795359,0.4009045474996669,0.3929265163120683
https://www.redfin.com/MO/Saint-Louis/4031-Pennsylvania-Ave-63118/home/93704923,4031 Pennsylvania Ave,38.5826442,-90.2360838,0.43050754460982904,0.405260839554688,0.3821460346400794
https://www.redfin.com/MO/Saint-Louis/4561-Lexington-Ave-63115/home/93735549,4561 Lexington Ave,38.6710324,-90.2420375,0.4959903268185252,0.45031660321803463,0.42493641790828435
https://www.redfin.com/MO/Saint-Louis/3958-Kennerly-Ave-63113/home/62732076,3958 Kennerly Ave,38.657335,-90.2297562,0.42314899752734647,0.4120880207461667,0.4053163981136489
https://www.redfin.com/MO/Saint-Louis/1517-Herder-St-63107/home/93689192,1517 Herder,38.657248,-90.1991137,0.3998360308758708,0.3678834832197976,0.4041972766770193
https://www.redfin.com/MO/Saint-Louis/4239-E-San-Francisco-Ave-63115/home/93715655,4239 E San Francisco Ave,38.6693424,-90.230513,0.3743088259934526,0.3982635962225725,0.3661104412241127
https://www.redfin.com/MO/Saint-Louis/4240-Nebraska-Ave-63111/home/93705540,4240 Nebraska Ave,38.5785932,-90.2352046,0.4166912404922988,0.35181285762097975,0.3644854310189416
https://www.redfin.com/MO/Saint-Louis/5053-Claxton-Ave-63120/home/93764180,5053 Claxton Ave,38.6919632,-90.2470256,0.46863245270940546,0.4908000281455296,0.4486378615419928
https://www.redfin.com/MO/Saint-Louis/5114-Maffitt-Ave-63113/home/93737481,5114 Maffitt Ave,38.6707388,-90.259272,0.4634022332449597,0.47330533912657774,0.4353249714496248
https://www.redfin.com/MO/Saint-Louis/5088-Queens-Ave-63115/home/93768753,5088 Queens Ave,38.6887489,-90.2426258,0.3446401943326336,0.3373272992833251,0.3314960232710676
https://www.redfin.com/MO/Saint-Louis/5219-Maffitt-Ave-63113/home/93737456,5219 Maffitt Ave,38.6719037,-90.2608775,0.4681178349142653,0.4717685952963417,0.4694598340935316
https://www.redfin.com/MO/Saint-Louis/1169-Howell-St-63147/home/62715313,1169 Howell St,38.7217559,-90.2385,0.4944893318140431,0.4578448004467833,0.39902277177337486
https://www.redfin.com/MO/Saint-Louis/3130-Oregon-Ave-63118/home/93692934,3130 Oregon Ave,38.5995416,-90.2297585,0.32034724273371323,0.3087035048390213,0.28335532471350666
https://www.redfin.com/MO/Saint-Louis/4633-Michigan-Ave-63111/home/93706837,4633 Michigan Ave,38.5721996,-90.240628,0.4637201122668184,0.42791358479688735,0.36660998572840997
https://www.redfin.com/MO/Saint-Louis/3223-Taft-Ave-63111/home/93706216,3223 Taft Ave,38.5744729,-90.241966,0.32644497364532804,0.30702033215847485,0.32530147110940183
https://www.redfin.com/MO/Saint-Louis/4961-Margaretta-Ave-63115/home/93761346,4961 Margaretta Ave,38.6786329,-90.2491239,0.43609105653666036,0.41213272482632557,0.38247366579488634
https://www.redfin.com/MO/Saint-Louis/4623-Elmbank-Ave-63115/home/93736030,4623 Elmbank Ave,38.6694895,-90.2442005,0.3863876636135825,0.4169386836332114,0.45596247468040424
https://www.redfin.com/MO/Saint-Louis/819-Elias-Ave-63147/home/93782975,819 Elias Ave,38.7213048,-90.2296371,0.5440014812845972,0.46235056544338127,0.5091938933606
https://www.redfin.com/MO/Saint-Louis/5359-Maffitt-Ave-63112/home/93738256,5359 Maffitt Ave,38.673567,-90.264783,0.4306502095493874,0.511868096536356,0.48501016598430846
https://www.redfin.com/MO/Saint-Louis/4976-Genevieve-Ave-63120/home/93757409,4976 Genevieve Ave,38.6947858,-90.2528913,0.45449136343722496,0.5032245648166558,0.5029885759139581
https://www.redfin.com/MO/Saint-Louis/4414-Carter-Ave-63115/home/93734231,4414 Carter Ave,38.6777513,-90.2315376,0.40583637089854646,0.389847376053547,0.44167508031328867
https://www.redfin.com/MO/St-Louis/5955-Harney-63135/home/196025851,5955 Harney,38.706158,-90.252532,0.42251210601002726,0.46049872119503493,0.45976615159869705
https://www.redfin.com/MO/Saint-Louis/4330-California-Ave-63111/home/93705808,4330 California Ave,38.5770476,-90.2332698,0.415193327065286,0.34235832769722513,0.3531983904101776
https://www.redfin.com/MO/Saint-Louis/6301-Laura-Ave-63136/home/93762194,6301 Laura Ave,38.7025175,-90.2628703,0.4102530766858,0.3902853136376497,0.40661077967477677
https://www.redfin.com/MO/Saint-Louis/3918-California-Ave-63118/home/93704319,3918 California Ave,38.5841792,-90.2315216,0.43444236002441045,0.3540663847712335,0.3515581073092641
https://www.redfin.com/MO/Saint-Louis/1122-McLaran-Ave-63147/home/93731328,1122 Mclaran Ave,38.7151999,-90.2345762,0.4380024224655454,0.43390105303965043,0.4030414222534695
https://www.redfin.com/MO/Saint-Louis/6155-Sherry-Ave-63136/home/93745573,6155 Sherry Ave,38.7026539,-90.2613352,0.4650014051274852,0.44975946917803417,0.4240062720852369
https://www.redfin.com/MO/Saint-Louis/5920-Lalite-Ave-63136/home/93758733,5920 Lalite Ave,38.7015025,-90.2569374,0.4386593883082573,0.44303828135753287,0.45367755724976827
https://www.redfin.com/MO/Saint-Louis/6341-Sherry-Ave-63136/home/93762091,6341 Sherry Ave,38.7038451,-90.2635091,0.5136673786912586,0.4907607408795706,0.4606413308624522
https://www.redfin.com/MO/Saint-Louis/4319-Prairie-Ave-63107/home/93712823,4319 Prairie Ave,38.6705555,-90.2154209,0.468876031854766,0.45959964961477373,0.4377517969124252
https://www.redfin.com/MO/Saint-Louis/918-Nassau-Dr-63147/home/93759802,918 Nassau,38.7230435,-90.2331036,0.5127761580018179,0.5196600840851793,0.5074358087359091
https://www.redfin.com/MO/Saint-Louis/4512-Ashland-Ave-63115/home/93735876,4512 Ashland Ave,38.6689747,-90.2415628,0.38541544536258704,0.4266869487305963,0.4533224039108633
https://www.redfin.com/MO/Saint-Louis/8421-Church-Rd-63147/home/93731366,8421 Church Dr,38.7140628,-90.2333159,0.3703396790794161,0.4166068823387953,0.44426672351722163
https://www.redfin.com/MO/Saint-Louis/3408-Marcus-Ave-63115/home/93735833,3408 Marcus Ave,38.6705637,-90.2457997,0.3715805549905482,0.43240714965015037,0.44215188117388965
https://www.redfin.com/MO/Saint-Louis/4629-Michigan-Ave-63111/home/93706838,4629 Michigan Ave,38.5722852,-90.2405607,0.4530935894375894,0.41873978222441877,0.3661369706654531
https://www.redfin.com/MO/Saint-Louis/8408-Church-Rd-63147/home/62720046,8408 Church Rd,38.7138081,-90.232812,0.4524883563931572,0.3970444822312321,0.4428544733385065
https://www.redfin.com/MO/Saint-Louis/1434-E-Gano-Ave-63107/home/93703701,1434 E Gano Ave,38.673803,-90.2077972,0.4789949754028259,0.47945740714469504,0.4817197215420022
https://www.redfin.com/MO/Saint-Louis/3720-Virginia-Ave-63118/home/93695656,3720 Virginia Ave,38.5888001,-90.2390244,0.43785883001332226,0.38654824041754177,0.3470590355863831
https://www.redfin.com/MO/Saint-Louis/4593-Maffitt-Ave-63113/home/93718538,4593 Maffitt Ave,38.6657732,-90.2462965,0.5718105496357442,0.5336275420315508,0.5076972976476739
https://www.redfin.com/MO/Saint-Louis/4853-Calvin-Ave-63115/home/93732990,4853 Calvin Ave,38.6823297,-90.2417735,0.42044343936570466,0.4175240291131832,0.39078640213027077
https://www.redfin.com/MO/Saint-Louis/5267-Beacon-Ave-63120/home/93763135,5267 Beacon Ave,38.6968555,-90.247983,0.48249336710363366,0.490757564094014,0.5262931196768414
https://www.redfin.com/MO/Saint-Louis/5129-Maffitt-Ave-63113/home/93737305,5129 Maffitt Ave,38.6712552,-90.259447,0.49509958135234167,0.4817941405241003,0.457839084700647
https://www.redfin.com/MO/Saint-Louis/6315-Sherry-Ave-63136/home/93762113,6315 Sherry Ave,38.7034862,-90.2626721,0.5355696542790527,0.463255136494785,0.4295954606875135
https://www.redfin.com/MO/Saint-Louis/5340-Mimika-Ave-63136/home/62737698,5340 Mimika Ave,38.7050479,-90.2570088,0.49253023362102094,0.48173492580299376,0.511421481670961
https://www.redfin.com/MO/Saint-Louis/1913-Belle-Glade-Ave-63113/home/146873830,1913 Belle Glade Ave,38.6561811,-90.2359899,0.5848384116303761,0.4316607887671649,0.422911559046119
https://www.redfin.com/MO/Saint-Louis/5962-Goodfellow-Blvd-63147/home/93768975,5962 Goodfellow Blvd,38.7150008,-90.2533627,0.3562684282572508,0.2957489345344145,0.2683448280166833
https://www.redfin.com/MO/Saint-Louis/2242-Osage-St-63118/home/93704952,2242 Osage St,38.5822644,-90.2270095,0.2437037561578842,0.30025614093095365,0.3597075273185857
https://www.redfin.com/MO/Saint-Louis/4939-Alcott-Ave-63120/home/93756770,4939 Alcott Ave,38.6923012,-90.2523812,0.5489613391366931,0.5167717816168088,0.4565298611303144
https://www.redfin.com/MO/Saint-Louis/4429-Marcus-Ave-63115/home/93733139,4429 Marcus Ave,38.6816575,-90.2374652,0.2752106421606268,0.3327322433420266,0.3197469107222244
https://www.redfin.com/MO/Saint-Louis/3414-Michigan-Ave-63118/home/62698371,3414 Michigan Ave,38.5940334,-90.235518,0.3275635477454198,0.3075760819083856,0.3330618883163104
https://www.redfin.com/MO/Saint-Louis/4217-Clarence-Ave-63115/home/93714357,4217 Clarence Ave,38.6752289,-90.231272,0.4470632598430925,0.4326151257824135,0.41702210415332835
https://www.redfin.com/MO/Saint-Louis/3607-Clay-Ave-63115/home/62716875,3607 Clay Ave,38.664732,-90.2274437,0.38946270133933686,0.38628982203137613,0.40828311749843743
https://www.redfin.com/MO/Saint-Louis/4530-Greer-Ave-63115/home/93718336,4530 Greer Ave,38.6675788,-90.2432857,0.42761588661331595,0.4758145327049392,0.4599117488660471
https://www.redfin.com/MO/Saint-Louis/811-Hornsby-Ave-63147/home/93761177,811 Hornsby Ave,38.7185576,-90.2298539,0.31370560637978573,0.37039627595129737,0.4442716020541337
https://www.redfin.com/MO/Saint-Louis/5710-Saint-Louis-Ave-63120/home/93755003,5710 Saint Louis Ave,38.6789361,-90.2723217,0.4212265467612674,0.4595574991193971,0.4664752495538958
https://www.redfin.com/MO/Saint-Louis/4224-Penrose-St-63115/home/93714441,4224 Penrose St,38.6728871,-90.227653,0.45165829964647514,0.4766317387519601,0.4858783941045771
https://www.redfin.com/MO/Saint-Louis/2823-Nebraska-Ave-63118/home/93691796,2823 Nebraska Ave,38.6038085,-90.2305573,0.4118819729663609,0.3665844287207735,0.3281825019492635
https://www.redfin.com/MO/Saint-Louis/5242-Wabada-Ave-63113/home/93737902,5242 Wabada Ave,38.6693518,-90.2638585,0.3940492938974015,0.37881794455677154,0.39416822812505653
https://www.redfin.com/MO/Saint-Louis/6133-Lillian-Ave-63136/home/93762121,6133 Lillian Ave,38.7009578,-90.2616283,0.4314698232255899,0.40798779098937826,0.36894350689631644
https://www.redfin.com/MO/Saint-Louis/828-Elias-Ave-63147/home/93759939,828 Elias Ave,38.7209478,-90.2300008,0.514117329649855,0.4786970254615344,0.49181818859647014
https://www.redfin.com/MO/Saint-Louis/5521-Genevieve-Ave-63120/home/93763193,5521 Genevieve Ave,38.6995883,-90.2449499,0.549206650104867,0.49147757739637044,0.4793543118875436
https://www.redfin.com/MO/Saint-Louis/4749-Beacon-Ave-63120/home/93767278,4749 Beacon Ave,38.6925973,-90.2557407,0.48631793089411907,0.4849504920305571,0.4925173021836325
https://www.redfin.com/MO/Saint-Louis/827-Canaan-Ave-63147/home/93759983,827 Canaan,38.7204426,-90.2300575,0.45587812678218054,0.4650482024353626,0.4788813791555582
https://www.redfin.com/MO/Saint-Louis/5039-Queens-Ave-63115/home/93768737,5039 Queens Ave,38.6882309,-90.2443478,0.34272175694768786,0.32491056358609943,0.3275766002295978
https://www.redfin.com/MO/Saint-Louis/5086-Arlington-Ave-63120/home/93764196,5086 Arlington Ave,38.6929485,-90.2463874,0.4506263030672287,0.4703838681945464,0.4812052350846093
https://www.redfin.com/MO/Saint-Louis/4150-Shreve-Ave-63115/home/93733223,4150 Shreve Ave,38.6787551,-90.2418908,0.3069859757465569,0.31534882159734495,0.3457243988394646
https://www.redfin.com/MO/Saint-Louis/8504-Concord-Pl-63147/home/93766425,8504 Concord Pl,38.7171457,-90.2304465,0.4844634497621894,0.48884643201941747,0.45560657239957836
https://www.redfin.com/MO/Saint-Louis/3203-N-Taylor-Ave-63115/home/93735858,3203 N Taylor Ave,38.6683411,-90.2416142,0.3982463462465482,0.42089226175559485,0.45489966104643187
https://www.redfin.com/MO/Saint-Louis/5521-Alcott-Ave-63120/home/93765959,5521 Alcott Ave,38.6973729,-90.2430074,0.5592689911124704,0.5458058292068287,0.4465703281096469
https://www.redfin.com/MO/Saint-Louis/6165-Sherry-Ave-63136/home/93745570,6165 Sherry Ave,38.7027965,-90.2615991,0.47358089523487984,0.44139634705294517,0.42427694435525865
https://www.redfin.com/MO/Saint-Louis/6018-Margaretta-Ave-63120/home/93731992,6018 Margaretta Ave,38.6905603,-90.2739595,0.46137699189482734,0.42846419852834694,0.3946481865302358
https://www.redfin.com/MO/Saint-Louis/5353-Maffitt-Ave-63112/home/93738250,5353 Maffitt Ave,38.673509,-90.264598,0.42764140615451374,0.503839252448976,0.4767047963301214
https://www.redfin.com/MO/Saint-Louis/4419-Farlin-Ave-63115/home/62714719,4419 Farlin Ave,38.6730856,-90.2349201,0.45384903268753335,0.3963350988600615,0.41049792922478423
https://www.redfin.com/MO/Saint-Louis/5556-Floy-Ave-63136/home/93770012,5556 Floy Ave,38.7090217,-90.2565216,0.5031755225341955,0.49203658390218774,0.45560434496880764
https://www.redfin.com/MO/Saint-Louis/5305-Minnesota-Ave-63111/home/93708123,5305 Minnesota Ave,38.5654764,-90.2424511,0.3826006011568734,0.32255760467018635,0.3701874319522587
https://www.redfin.com/MO/Saint-Louis/4962-Lilburn-Ave-63115/home/93761118,4962 Lilburn Ave,38.6887451,-90.2394459,0.4140308266703166,0.4178650620577454,0.44000754985320606
https://www.redfin.com/MO/Saint-Louis/1519-Herder-St-63107/home/93689197,1519 Herder,38.6572265,-90.1991924,0.3780323663665603,0.3714593095305437,0.4085248651221246
https://www.redfin.com/MO/Saint-Louis/5205-Emerson-Ave-63120/home/93765007,5205 Emerson Ave,38.6936915,-90.2477582,0.3965471070630312,0.4549810331650737,0.4937299147338724
https://www.redfin.com/MO/Saint-Louis/5155-Terry-Ave-63115/home/93737294,5155 Terry Ave,38.672399666,-90.2597341,0.472478803099363,0.5039033492822477,0.4678230547604949
https://www.redfin.com/MO/Saint-Louis/3006-Miami-St-63118/home/93696351,3006 Miami St,38.5905806,-90.2345873,0.36249724802419203,0.37871706773398406,0.3791958722736697
https://www.redfin.com/MO/Saint-Louis/4012-Penrose-St-63107/home/93714908,4012 Penrose St,38.6701098,-90.221284,0.4109985121210168,0.4755942782958118,0.4565450883732855
https://www.redfin.com/MO/Saint-Louis/610-Fremont-Ave-63147/unit-R/home/93785876,610 Fremont Ave Unit R,38.7233563,-90.2264565,0.47936261666653157,0.4428286802259094,0.38429788135195
https://www.redfin.com/MO/Saint-Louis/4860-Anderson-Ave-63115/home/93733352,4860 Anderson Ave,38.6813033,-90.2427982,0.4838109339136981,0.45080213069323155,0.42950497128947734
https://www.redfin.com/MO/Saint-Louis/949-Canaan-Ave-63147/home/93756372,949 Canaan Ave,38.7208296,-90.2338298,0.46692827309255885,0.5161789127662567,0.49855064841862057
https://www.redfin.com/MO/Saint-Louis/5561-Floy-Ave-63136/home/93770097,5561 Floy Ave,38.7091963,-90.2568535,0.5132935082443207,0.4618020133643816,0.46029040134781746
https://www.redfin.com/MO/Saint-Louis/4420-Cottage-Ave-63113/home/93717915,4420 Cottage Ave,38.6617227,-90.2431757,0.5804116322104301,0.5513953266506276,0.4965849106049341
https://www.redfin.com/MO/Saint-Louis/2036-E-De-Soto-Ave-63107/home/93712614,2036 E De Soto Ave,38.6732915,-90.212647,0.5368826604429408,0.5416096574160152,0.48902024195887694
https://www.redfin.com/MO/Saint-Louis/8116-Pelham-Ave-63147/home/93731456,8116 Pelham Ave,38.7116199,-90.2286691,0.42675007687177463,0.37120493037900015,0.22494288013689523
https://www.redfin.com/MO/Saint-Louis/5431-Arlington-Ave-63120/home/93764910,5431 Arlington Ave,38.6955678,-90.2424292,0.34526623926549926,0.36245619491076186,0.42307001131345634
https://www.redfin.com/MO/Saint-Louis/3711-Gravois-Ave-63116/home/93730381,3711 Gravois Ave,38.5921089,-90.2470001,0.17912367796524195,0.21678273802758766,0.2849347061559065
https://www.redfin.com/MO/Saint-Louis/3122-N-Taylor-Ave-63115/home/93715395,3122 N Taylor Ave,38.6677689,-90.2414509,0.4555719401472802,0.43178788427769155,0.45325079761736753
https://www.redfin.com/MO/Saint-Louis/8214-Pelham-Ave-63147/home/62765519,8214 Pelham Ave,38.7123283,-90.2292611,0.3042411489123745,0.2126432159991231,0.20756885613099085
https://www.redfin.com/MO/Saint-Louis/2236-Sullivan-Ave-63107/home/93687500,2236 Sullivan Ave,38.6544108,-90.2058023,0.4067846450744197,0.43147023812232593,0.4375580557679345
https://www.redfin.com/MO/Saint-Louis/4307-Gravois-Ave-63116/home/93726571,4307 Gravois Ave,38.5870924,-90.260295,0.3381378625997044,0.35130415137238036,0.31015190622479677
https://www.redfin.com/MO/Saint-Louis/7142-Idaho-Ave-63111/home/93710297,7142 Idaho Ave,38.5541411,-90.2609389,0.4321517810489519,0.33851609700208646,0.37122449050097756
https://www.redfin.com/MO/Saint-Louis/4619-Natural-Bridge-Ave-63115/home/93733803,4619 Natural Bridge Ave,38.6723916,-90.2418865,0.3674623097102524,0.3544936052664734,0.3860144293070537
https://www.redfin.com/MO/Saint-Louis/8514-Mora-Ln-63147/home/93732241,8514 Mora Ln,38.714828,-90.2488693,0.48444844190943637,0.5074820459747642,0.4609380830903062
https://www.redfin.com/MO/Saint-Louis/1632-Belt-Ave-63112/home/93738859,1632 Belt Ave,38.6702123,-90.2717168,0.37466306866814403,0.3897388793497154,0.3811876726411403
https://www.redfin.com/MO/Saint-Louis/4869-Carter-Ave-63115/home/62737650,4869 Carter Ave,38.6833312,-90.2418246,0.343352866018786,0.3421154247839795,0.3789500754193835
https://www.redfin.com/MO/Saint-Louis/4965-Lilburn-Ave-63115/home/93756184,4965 Lilburn Ave,38.6889595,-90.2391838,0.4196651402030308,0.43650717754699225,0.44989370458782113
https://www.redfin.com/MO/Saint-Louis/1919-Belt-Ave-63112/home/93739032,1919 Belt Ave,38.6712536,-90.2715503,0.441722036284984,0.508843680986707,0.4596991087085769
https://www.redfin.com/MO/Saint-Louis/4652-Tennessee-Ave-63111/home/93707226,4652 Tennessee Ave,38.5748358,-90.2472491,0.3936325866179839,0.4029517480878739,0.33477523790610697
https://www.redfin.com/MO/Saint-Louis/5930-Shulte-Ave-63136/home/93758953,5930 Shulte Ave,38.7061769,-90.2514092,0.4972555831981364,0.4349034575104525,0.41120398204726905
https://www.redfin.com/MO/Saint-Louis/2630-Arsenal-St-63118/home/93697115,2630 Arsenal St,38.5991328,-90.2257268,0.3794530876933124,0.3531876951061558,0.3563848941360599
https://www.redfin.com/MO/Saint-Louis/4625-Kossuth-Ave-63115/home/93733711,4625 Kossuth Ave,38.6761349,-90.2391544,0.4087024037321473,0.3738637091401801,0.3884884140455766
https://www.redfin.com/MO/Saint-Louis/963-Canaan-Ave-63147/home/93756369,963 Canaan Ave,38.7208942,-90.2344887,0.4799257240525014,0.4980724664439389,0.49722922216501464
https://www.redfin.com/MO/Saint-Louis/2927-Harper-St-63107/home/93698835,2927 Harper St,38.6609343,-90.2134863,0.33513326811440525,0.36665375620902146,0.38060245178581376
https://www.redfin.com/MO/Saint-Louis/4307-Randall-Pl-63107/home/93703612,4307 Randall Pl,38.6686521,-90.2031956,0.4164707118492614,0.5069794189552673,0.4784986490133644
https://www.redfin.com/MO/Saint-Louis/8800-Jordan-Ave-63147/home/93783349,8800 Jordan Ave,38.7241742,-90.2301437,0.3830370470713421,0.4313190339151987,0.4368933691367508
https://www.redfin.com/MO/Saint-Louis/1337-Walton-Ave-63113/home/93720721,1337 Walton Ave,38.659794,-90.2563671,0.4531563766034688,0.46578587510825226,0.4374813243195138
https://www.redfin.com/MO/Saint-Louis/5220-Highland-Ave-63113/home/93737923,5220 Highland Ave,38.6699578,-90.262561,0.34247954372714745,0.4083873355128389,0.4050365461928899
https://www.redfin.com/MO/Saint-Louis/4514-Bircher-Blvd-63115/home/93734637,4514 Bircher Blvd,38.6820667,-90.2346214,0.4027142218807243,0.33952014053783847,0.3166085566054386
https://www.redfin.com/MO/Saint-Louis/5920-Floy-Ave-63147/home/93769003,5920 Floy Ave,38.7137487,-90.2530695,0.3063592380672893,0.31536137240085066,0.28928902148617014
https://www.redfin.com/MO/Saint-Louis/711-Gimblin-Rd-63147/home/93731691,711 Gimblin Rd,38.7157085,-90.228845,0.3564365754418622,0.28780505556912883,0.2880107427443119
https://www.redfin.com/MO/Saint-Louis/4403-Cottage-Ave-63113/home/93717880,4403 Cottage Ave,38.6618061,-90.2424425,0.5035023002120335,0.48210817560241137,0.4781486990947233
https://www.redfin.com/MO/Saint-Louis/5875-Roosevelt-Pl-63120/home/93777758,5875 Roosevelt Pl,38.6802429,-90.2769185,0.45931653758743246,0.43561391082437634,0.42329786057368096
https://www.redfin.com/MO/Saint-Louis/1652-McLaran-Ave-63147/home/93732167,1652 Mclaran Ave,38.717025,-90.2456319,0.3986282228068198,0.42733191283834115,0.41186380726206695
https://www.redfin.com/MO/Saint-Louis/1001-Veronica-Ave-63147/home/93755611,1001 Veronica Ave,38.7180743,-90.2332894,0.3946475837180927,0.4032334817425674,0.4303080682289146
https://www.redfin.com/MO/Saint-Louis/4215-W-Page-Blvd-63113/home/93719033,4215 W Page Blvd,38.6527283,-90.2422589,0.47030805323757474,0.48853776689398987,0.4740811764101138
https://www.redfin.com/MO/Saint-Louis/5054-Thrush-Ave-63120/home/93757577,5054 Thrush Ave,38.6965228,-90.2517158,0.5360932516284478,0.5511491200594406,0.5249423840670435
https://www.redfin.com/MO/Saint-Louis/4112-Turner-Ave-63115/home/93734779,4112 Turner Ave,38.6723119,-90.2303084,0.35759277981304005,0.4390665619384879,0.47056488651515366
https://www.redfin.com/MO/Saint-Louis/1008-Wall-St-63147/home/93760924,1008 Wall St,38.7195326,-90.2332842,0.3661217707860387,0.43892365223765123,0.4612629567517287
https://www.redfin.com/MO/Saint-Louis/3425-Itaska-St-63111/home/93707193,3425 Itaska St,38.5729853,-90.2458175,0.2908790152399649,0.32415152713738327,0.3351002625831041
https://www.redfin.com/MO/Saint-Louis/8845-Portland-Ter-63147/home/93783295,8845 Portland Ter,38.7252791,-90.2294245,0.5661251645128167,0.4886125648438832,0.4300652119177336
https://www.redfin.com/MO/Saint-Louis/5041-Lotus-Ave-63113/home/93738024,5041 Lotus Ave,38.6671467,-90.2604475,0.48772273592477455,0.42072162490413756,0.41392133779621443
https://www.redfin.com/MO/Saint-Louis/3744-Blow-St-63116/home/93711943,3744 Blow St,38.558983,-90.2679483,0.4309953249884777,0.4064561605765173,0.3810453721982668
https://www.redfin.com/MO/Saint-Louis/4110-Oregon-Ave-63118/home/93705075,4110 Oregon Ave,38.5810408,-90.2336182,0.40706821142274763,0.38187322116948835,0.36560542799971923
https://www.redfin.com/MO/Saint-Louis/6343-Amelia-Ave-63120/home/93778225,6343 Amelia Ave,38.699641,-90.266655,0.46941933470150204,0.4337445855100896,0.38241829867654503
https://www.redfin.com/MO/Saint-Louis/1026-Hornsby-Ave-63147/home/93755602,1026 Hornsby Ave,38.7186854,-90.2340855,0.4322945818051826,0.4155039424893744,0.41746263236743475
https://www.redfin.com/MO/Saint-Louis/322-E-Davis-St-63111/home/93711372,322 E Davis St,38.54126,-90.2603369,0.25120461859132853,0.23419058972333723,0.23521343051959465
https://www.redfin.com/MO/Saint-Louis/5407-Genevieve-Ave-63120/home/93762890,5407 Genevieve Ave,38.6979997,-90.2478224,0.45796113650640935,0.49126367222118617,0.5090288414101418
https://www.redfin.com/MO/Saint-Louis/4234-Shreve-Ave-63115/home/93733413,4234 Shreve Ave,38.6799735,-90.2409694,0.4068286486700159,0.399543756300586,0.3865766943471274
https://www.redfin.com/MO/Saint-Louis/4500-Carter-Ave-63115/home/62746336,4500 Carter Ave,38.6787361,-90.2337923,0.4513971383838434,0.4797768833155174,0.4395815215110228
https://www.redfin.com/MO/Saint-Louis/2248-Sullivan-Ave-63107/home/93687497,2248 Sullivan Ave,38.6544812,-90.2061766,0.32906719349229646,0.39589082779717816,0.4337029149199192
https://www.redfin.com/MO/Saint-Louis/5949-McArthur-Ave-63120/home/93768543,5949 Mcarthur Ave,38.6898299,-90.2723666,0.38236857296246984,0.384440949107885,0.3574089987729491
https://www.redfin.com/MO/Saint-Louis/2015-Chippewa-St-63118/home/93696852,2015 Chippewa Ave,38.5858215,-90.2229805,0.3536800113239723,0.40673300329137824,0.4263470509059413
https://www.redfin.com/MO/Saint-Louis/4545-Alice-Ave-63115/home/93713956,4545 Alice Ave Ave,38.6736583,-90.2205475,0.4151037532745096,0.42367585253974094,0.34674807044171896
https://www.redfin.com/MO/Saint-Louis/4669-Elmbank-Ave-63115/home/93735917,4669 Elmbank Ave,38.6702055,-90.2454027,0.40848161575417213,0.3931130667461314,0.43851511707507707
https://www.redfin.com/MO/Saint-Louis/3619-Cora-Ave-63115/home/93735643,3619 Cora Ave,38.6719865,-90.2430327,0.3369422228386776,0.3170410297395631,0.40039275662410023
https://www.redfin.com/MO/Saint-Louis/4228-Red-Bud-Ave-63115/home/93714776,4228 Red Bud Ave,38.6738459,-90.2270431,0.5208920153774251,0.5168568645693372,0.47240856167177625
https://www.redfin.com/MO/Saint-Louis/6008-Lucille-Ave-63136/home/93758554,6008 Lucille Ave,38.7046194,-90.2547307,0.48958383362375274,0.5120927250362765,0.4992614416014444
https://www.redfin.com/MO/Saint-Louis/3210-Chippewa-St-63118/home/93695832,3210 Chippewa St,38.5873843,-90.2390306,0.31437181619562005,0.2931448674833727,0.32723058718427744
https://www.redfin.com/MO/Saint-Louis/3047-Whittier-St-63115/home/62685467,3047 Whittier St,38.6632189,-90.2320051,0.4840777840487446,0.49460135076360323,0.48240404597853964
https://www.redfin.com/MO/Saint-Louis/7515-Pennsylvania-Ave-63111/home/93710922,7515 Pennsylvania Ave,38.5485653,-90.258621,0.4362894399766969,0.37506205538780035,0.29781817753682155
https://www.redfin.com/MO/Saint-Louis/5433-Beacon-Ave-63120/home/87133502,5433 Beacon Ave,38.6977059,-90.2464017,0.5092615432854597,0.5242176768356709,0.4882897663615205
https://www.redfin.com/MO/Saint-Louis/4137-E-Lee-Ave-63115/home/93714992,4137 E Lee Ave,38.6709747,-90.2242647,0.521880675528674,0.5089677529937178,0.4752414012484673
https://www.redfin.com/MO/Saint-Louis/8415-N-Broadway-63147/home/93754501,8415 N Broadway,38.7154068,-90.2301036,0.32467173995939963,0.3180699643432099,0.33506378580178187
https://www.redfin.com/MO/Saint-Louis/6004-N-Pointe-Blvd-63147/home/93770342,6004 N Pointe Blvd,38.7113277,-90.2499214,0.3617986451106858,0.3704315073363312,0.3515573073588873
https://www.redfin.com/MO/Saint-Louis/4106-Nebraska-Ave-63118/home/93705205,4106 Nebraska Ave,38.5813179,-90.2347129,0.35208692073618225,0.37067771957156104,0.3678612220491213
https://www.redfin.com/MO/Saint-Louis/615-Fillmore-St-63111/home/93709044,615 Fillmore St,38.562262,-90.2508432,0.32050223873730604,0.31095500600767045,0.3615070952398266
https://www.redfin.com/MO/Saint-Louis/6300-Pennsylvania-Ave-63111/home/93709595,6300 Pennsylvania Ave,38.5573139,-90.2480658,0.3858150854872802,0.35443953239365034,0.30384010332573474
https://www.redfin.com/MO/Saint-Louis/4274-Penrose-St-63115/home/93714348,4274 Penrose St,38.6735347,-90.2292023,0.4311239054426243,0.4625360055152322,0.45657328870822467
https://www.redfin.com/MO/Saint-Louis/836-Harlan-Ave-63147/home/93783036,836 Harlan Ave,38.7218848,-90.2301642,0.48172962524986546,0.5163046827380317,0.4970044988163835
https://www.redfin.com/MO/Saint-Louis/4307-McRee-Ave-63110/home/93747512,4307 McRee Ave,38.6198219,-90.2561654,0.2584287117031365,0.19073006852413202,0.235511860617042
https://www.redfin.com/MO/Saint-Louis/1965-Arlington-Ave-63112/home/62762399,1965 Arlington Ave,38.6713331,-90.2681479,0.4241936942514156,0.46510582520523286,0.4900631282045322
https://www.redfin.com/MO/Saint-Louis/4223-W-Labadie-Ave-63115/home/93736512,4223 W Labadie Ave,38.6637539,-90.2363654,0.5455369994567397,0.5155389529720819,0.46868765812173474
https://www.redfin.com/MO/Saint-Louis/3964-Botanical-Ave-63110/home/93746222,3964 Botanical Ave,38.6092262,-90.2486748,0.2527421456077687,0.3261046893294285,0.3742198203964505
https://www.redfin.com/MO/Saint-Louis/4030-Russell-Blvd-63110/home/93747145,4030 Russell Blvd,38.6141077,-90.2495212,0.3556350620300772,0.40653373287922223,0.40456668619444536
https://www.redfin.com/MO/Saint-Louis/2348-Hickory-St-63104/home/93700619,2348 Hickory St,38.6200641,-90.2190987,0.26560171804513066,0.27526940258513105,0.2640324616692723
https://www.redfin.com/MO/Saint-Louis/1811-Rutger-St-63104/home/93685618,1811 Rutger St,38.6182752,-90.2112961,0.34901490712505095,0.3127774596293417,0.28709384224240614
https://www.redfin.com/MO/Saint-Louis/2909-Accomac-St-63104/home/93691030,2909 Accomac St,38.610474,-90.2293272,0.482553551213153,0.46442999732949697,0.4535753256906866
https://www.redfin.com/MO/Saint-Louis/4248-Flad-Ave-63110/home/93746876,4248 Flad Ave,38.6125973,-90.2560096,0.31354276973822587,0.3497826964223554,0.43079236662313813
https://www.redfin.com/MO/Saint-Louis/3030-Hawthorne-Blvd-63104/home/93690745,3030 Hawthorne Blvd,38.611186,-90.2296643,0.5394854354529032,0.5060883697315216,0.47582749991630063
https://www.redfin.com/MO/Saint-Louis/3822-Humphrey-St-63116/home/103204133,3822 Humphrey St,38.5984835,-90.2477295,0.30051230135805646,0.31110143264638535,0.3592883507584336
https://www.redfin.com/MO/Saint-Louis/3839-Shaw-Blvd-63110/home/93760777,3839 Shaw Blvd,38.6158,-90.2440427,0.3819098986240036,0.38163635913059485,0.38118024558445524
https://www.redfin.com/MO/Saint-Louis/6239-Alamo-Ave-63105/home/93768145,6239 Alamo Ave,38.6347071,-90.3059499,0.49600359188350274,0.4849739053558346,0.4000693323520253
https://www.redfin.com/MO/Saint-Louis/2-W-Pine-Ct-63108/home/62748683,2 W Pine Ct,38.6408091,-90.2604102,0.14979996279679345,0.19761964203618942,0.19635558486378463
https://www.redfin.com/MO/Saint-Louis/1215-Mississippi-Ave-63104/home/62700032,1215 Mississippi Ave,38.618768,-90.2132397,0.30730481144314525,0.300606400368619,0.3251036658083877
https://www.redfin.com/MO/Saint-Louis/3904-Juniata-St-63116/home/93729943,3904 Juniata St,38.6012672,-90.2501893,0.40098052391082806,0.3670739083248547,0.37791594500420606
https://www.redfin.com/MO/Saint-Louis/4561-Washington-Blvd-63108/home/62755214,4561 Washington Blvd,38.650094,-90.2561223,0.45596452014291666,0.36071455815530806,0.3290810823354828
https://www.redfin.com/MO/Saint-Louis/4053-Connecticut-St-63116/home/93729922,4053 Connecticut St,38.6011789,-90.2547981,0.4483912798291179,0.3738453205070726,0.38075582067563285
https://www.redfin.com/MO/Saint-Louis/6621-Oleatha-Ave-63139/home/62745834,6621 Oleatha Ave,38.5992111,-90.3043805,0.46906261920274106,0.48204653312248424,0.45796409961834417
https://www.redfin.com/MO/Saint-Louis/4237-Hartford-St-63116/home/86202763,4237 Hartford St,38.6036724,-90.2594213,0.3259112265279909,0.3733944506343606,0.4073481418809465
https://www.redfin.com/MO/Saint-Louis/3642-Wyoming-St-63116/home/62765499,3642 Wyoming St,38.5990935,-90.2445329,0.2690218264831766,0.2780952786905194,0.2980188729100601
https://www.redfin.com/MO/Saint-Louis/4020-Flad-Ave-63110/home/93746583,4020 Flad Ave,38.6119885,-90.2494343,0.3057169896305129,0.34746354168557186,0.36870102378469793
https://www.redfin.com/MO/Saint-Louis/2361-S-39th-St-63110/home/93746137,2361 S 39th St,38.6082879,-90.2466153,0.29932111365638403,0.3346550329738528,0.42300428662790535
https://www.redfin.com/MO/Saint-Louis/3893-Humphrey-St-63116/home/93728444,3893 Humphrey St,38.5991358,-90.2500752,0.31342713251569976,0.30430419517955876,0.3315410702597011
https://www.redfin.com/MO/Saint-Louis/6135-McPherson-Ave-63112/home/93760397,6135 Mcpherson Ave,38.651778,-90.2978905,0.47519207350570075,0.4519801094050796,0.3951050233327877
https://www.redfin.com/MO/Saint-Louis/2336-Menard-St-63104/home/93686066,2336 Menard St,38.604027,-90.2087927,0.2326157888843875,0.31557595895783513,0.32239916266964347
https://www.redfin.com/MO/Saint-Louis/3424-Halliday-Ave-63118/home/93692388,3424 Halliday Ave,38.6047134,-90.2381892,0.4691928920722237,0.41078260647384274,0.33301614204854213
https://www.redfin.com/MO/Saint-Louis/4496-Laclede-Ave-63108/home/93662285,4496 Laclede Ave,38.6394094,-90.2587247,0.34905072113171814,0.29572851331871275,0.2740446811328021
https://www.redfin.com/MO/Saint-Louis/3860-Juniata-St-63116/home/93728354,3860 Juniata St,38.601296,-90.2486018,0.32797019172115494,0.33000282461061536,0.3583971871269816
https://www.redfin.com/MO/Saint-Louis/1220-S-18th-St-63104/home/93686011,1220 S 18th St,38.6179707,-90.2105353,0.259769700895426,0.2787391274256863,0.28603898635180636
https://www.redfin.com/MO/Saint-Louis/6758-Neosho-St-63109/home/93781443,6758 Neosho St,38.5861293,-90.3102068,0.5098381266401117,0.504512083105255,0.42794960221370565
https://www.redfin.com/MO/Saint-Louis/4176-Folsom-Ave-63110/home/176876175,4176 Folsom Ave,38.6209611,-90.2527507,0.17062969455258012,0.27218714630409635,0.2865233074428883
https://www.redfin.com/MO/Saint-Louis/4038-Botanical-Ave-63110/home/93746663,4038 Botanical Ave,38.6094053,-90.2504266,0.31964126077521465,0.36053606781538416,0.35527710099236887
https://www.redfin.com/MO/Saint-Louis/1032-Geyer-Ave-63104/home/93685669,1032 Geyer Ave,38.608859,-90.2070885,0.2633304548623299,0.3056910547248558,0.28349707400009533
https://www.redfin.com/MO/Saint-Louis/6305-Devonshire-Ave-63109/home/93780095,6305 Devonshire Ave,38.5893971,-90.2976349,0.4505381979063792,0.4478427003452579,0.4152369709170502
https://www.redfin.com/MO/Saint-Louis/1920-Victor-St-63104/home/93691526,1920 Victor St,38.6042088,-90.2163291,0.28111583322745015,0.23771489959514125,0.2619133264513872
https://www.redfin.com/MO/Saint-Louis/3618-Arsenal-St-63116/home/93699876,3618 Arsenal St,38.6026586,-90.2430656,0.28859608640273016,0.3662396450538312,0.4024061484628862
https://www.redfin.com/MO/Saint-Louis/4427-Vista-Ave-63110/home/169425114,4427 Vista Ave,38.624079,-90.260053,0.28129227797011847,0.25661390199583106,0.29548526122473917
https://www.redfin.com/MO/Saint-Louis/3728-Arsenal-St-63116/home/93699856,3728 Arsenal St,38.6029299,-90.2457315,0.4415529699841164,0.4891590179769448,0.5336247484138769
https://www.redfin.com/MO/Saint-Louis/6758-Delor-St-63109/home/93781395,6758 Delor St,38.5844611,-90.3093932,0.47393903637242746,0.4591132058177054,0.4335017701832097
https://www.redfin.com/MO/St-Louis/2225-Hickory-63104/home/186089734,2225 Hickory,38.620034,-90.216454,0.14811419825741695,0.21564276376385866,0.26894756332087055
https://www.redfin.com/MO/Saint-Louis/3877-Utah-Pl-63116/home/93728589,3877 Utah Pl,38.598148,-90.249675,0.39137402854254505,0.34338899538009576,0.339676605820954
https://www.redfin.com/MO/Saint-Louis/3315-Shenandoah-Ave-63104/home/93691091,3315 Shenandoah Ave,38.6094276,-90.2356722,0.5065680642071646,0.4435683197057712,0.4281925774606011
https://www.redfin.com/MO/Saint-Louis/2721-January-Ave-63139/home/93727173,2721 January Ave,38.6096883,-90.2839246,0.3725248896946817,0.3653584333894862,0.3940764383323533
https://www.redfin.com/MO/Saint-Louis/929-Buena-Vista-Ave-63105/home/93768143,929 Buena Vista Ave,38.6348983,-90.3056417,0.49309663607333065,0.49910275018142225,0.40645854237988377
https://www.redfin.com/MO/Saint-Louis/1214-S-18th-St-63104/home/143286334,1214 S 18th St,38.6181234,-90.21049,0.26708485515027397,0.2725989002083045,0.2886654959022579
https://www.redfin.com/MO/Saint-Louis/4456-Maryland-Ave-63108/home/93724883,4456 Maryland Ave,38.6432899,-90.2558431,0.404204248098541,0.34114190921733295,0.33669570994499465
https://www.redfin.com/MO/Saint-Louis/5843-Delor-St-63109/home/93769011,5843 Delor St,38.5845975,-90.2945009,0.4398214467894763,0.4472905620687758,0.3801281202464507
https://www.redfin.com/MO/Saint-Louis/2116-Hereford-St-63110/home/173620185,2116 Hereford St,38.6149127,-90.2708949,0.18251140176990788,0.1851769914647989,0.18569339109750235
https://www.redfin.com/MO/St-Louis/6299-Magnolia-Ave-63139/home/194558193,6299 Magnolia Ave,38.6122941,-90.2958911,0.3192865317678773,0.38506369078953484,0.4490409441687157
https://www.redfin.com/MO/St-Louis/4435-Vista-Ave-63110/home/191017328,4435 Vista Ave,38.6239765,-90.2603419,0.2512704671499945,0.2454866760755393,0.27921287430241193
https://www.redfin.com/MO/Saint-Louis/3919-Hartford-St-63116/home/93749686,3919 Hartford St,38.6028181,-90.250506,0.35476430623921146,0.3895227073929272,0.4848752534171984
https://www.redfin.com/MO/Saint-Louis/5310-Tamm-Ave-63109/home/63495172,5310 Tamm Ave,38.583545,-90.298989,0.40697797730590407,0.481798661633636,0.5292766855902878
https://www.redfin.com/MO/Saint-Louis/5338-Tamm-Ave-63109/home/93779931,5338 Tamm Ave,38.5826247,-90.299193,0.46713181005468235,0.5040386120845881,0.5017735105282951
https://www.redfin.com/MO/Saint-Louis/3837-Utah-Pl-63116/home/93728583,3837 Utah Pl,38.598008,-90.248229,0.34084028222273705,0.3718486489594298,0.359376593729438
https://www.redfin.com/MO/Saint-Louis/4418-Vista-Ave-63110/home/93726107,4418 Vista Ave,38.6236802,-90.2596939,0.22868573048646823,0.2317951115164212,0.28368204550173803
https://www.redfin.com/MO/Saint-Louis/4941-Botanical-Ave-63110/home/93743953,4941 Botanical Ave,38.6116928,-90.269559,0.24074276914544943,0.22989988279943757,0.22998309127496772
https://www.redfin.com/MO/Saint-Louis/4121-Shenandoah-Ave-63110/home/93746479,4121 Shenandoah Ave,38.6108434,-90.2522496,0.313120437507975,0.30490701298175416,0.3099065287884471
https://www.redfin.com/MO/Saint-Louis/4143-Blaine-Ave-63110/home/93747464,4143 Blaine Ave,38.620333,-90.2516143,0.318348911192821,0.3001770051798276,0.2981599916168661
https://www.redfin.com/MO/Saint-Louis/4133-Botanical-Ave-63110/home/93746370,4133 Botanical Ave,38.6100442,-90.2527701,0.236417438977545,0.27575380809700295,0.32626338582328573
https://www.redfin.com/MO/Saint-Louis/3641-Wyoming-St-63116/home/93700071,3641 Wyoming,38.5994939,-90.2443387,0.2561269066774524,0.26406421402588437,0.2813531281032776
https://www.redfin.com/MO/St-Louis/6301-Magnolia-Ave-63139/home/194009231,6301 Magnolia Ave,38.6122953,-90.2959003,0.3199155234286888,0.38561826353112916,0.44914520231236854
https://www.redfin.com/MO/Saint-Louis/4176-Blaine-Ave-63110/home/93684869,4176 Blaine,38.6199992,-90.2528897,0.3122773149803049,0.3044802152709318,0.2892825257640788
https://www.redfin.com/MO/Saint-Louis/3863-Utah-Pl-63116/home/93684209,3863 Utah Pl,38.598098,-90.249197,0.4158201994571304,0.3697446076138411,0.3404720224458244
https://www.redfin.com/MO/Saint-Louis/2401-S-13th-St-63104/home/93686681,2401 S 13th St,38.6042817,-90.2128172,0.4618977052826832,0.47755375936932426,0.38656283338525443
https://www.redfin.com/MO/Saint-Louis/1959-Lynch-St-63118/home/93677876,1959 Lynch St,38.6017883,-90.2182429,0.36755870865626783,0.4456300271510513,0.3327195637786979
https://www.redfin.com/MO/Saint-Louis/1303-Childress-Ave-63139/home/62757834,1303 Childress Ave,38.6272576,-90.2957122,0.4242046583160663,0.47739035088787846,0.46234220124857417
https://www.redfin.com/MO/Saint-Louis/2340-S-12th-St-63104/home/93686132,2340 S 12th St,38.604495,-90.2108277,0.26905666197565675,0.33861229838699,0.32820002637357065
https://www.redfin.com/MO/Saint-Louis/1822-Hickory-St-63104/home/62700814,1822 Hickory St,38.6186112,-90.2114678,0.3107487613763176,0.3098994307061876,0.28957847445727225
https://www.redfin.com/MO/Saint-Louis/4719-Clifton-Ave-63109/home/62693434,4719 Clifton Ave,38.5874176,-90.2957428,0.4791082171888898,0.46918965447464217,0.39746561075889986
https://www.redfin.com/MO/Saint-Louis/3832-Utah-Pl-63116/home/93700028,3832 Utah Pl,38.5974099,-90.2482265,0.5024724414274689,0.409092589179726,0.3822013137160996
https://www.redfin.com/MO/Saint-Louis/3714-Wyoming-St-63116/home/93700100,3714 Wyoming St,38.5992152,-90.2457861,0.30986331454604865,0.30474167774706157,0.3281887978776199
https://www.redfin.com/MO/Saint-Louis/2518-S-12th-St-63104/home/173618256,2518 S 12th St,38.602548,-90.2117865,0.2379838402749255,0.24682160641859474,0.29565776423453044
https://www.redfin.com/MO/Saint-Louis/4433-Vista-Ave-63110/home/169425116,4433 Vista Ave,38.6240505,-90.2602628,0.26136898270662995,0.25201464183552436,0.2874061827010451
https://www.redfin.com/MO/Saint-Louis/4154-Shenandoah-Ave-63110/home/62750067,4154 Shenandoah Ave,38.6105685,-90.2535147,0.3254737521832259,0.32742869803570557,0.3284150000685384
https://www.redfin.com/MO/Saint-Louis/2630-Tennessee-Ave-63118/home/93692191,2630 Tennessee Ave,38.6066987,-90.2376259,0.28985082564244835,0.3571247254408178,0.3474185126458512
https://www.redfin.com/MO/Saint-Louis/3929-Burgen-Ave-63116/home/93781490,3929 Burgen Ave,38.5713616,-90.2618932,0.40186909860074943,0.41342994223581275,0.3918143152249017
https://www.redfin.com/MO/Saint-Louis/4667-Louisiana-Ave-63111/home/93707159,4667 Louisiana Ave,38.5742523,-90.2468364,0.3885083489968445,0.3793580228033704,0.34810199497794986
https://www.redfin.com/MO/Saint-Louis/4107-Robert-Ave-63116/home/93784104,4107 Robert Ave,38.5624294,-90.2776878,0.3573510840168223,0.34292795100068807,0.3543168503163921
https://www.redfin.com/MO/Saint-Louis/7024-W-Park-Ave-63117/home/62753160,7024 W Park Ave,38.6287266,-90.3078709,0.4406059173099048,0.36277609986785553,0.3911141092981605
https://www.redfin.com/MO/Saint-Louis/4037-Robert-Ave-63116/home/62700486,4037 Robert Ave,38.5613901,-90.2756309,0.4050299884674286,0.458476367222333,0.4126671745176185
https://www.redfin.com/MO/Saint-Louis/6059-Wanda-Ave-63116/home/62765968,6059 Wanda Ave,38.574115,-90.2742376,0.3718350937679036,0.41004958852000717,0.4930857491673048
https://www.redfin.com/MO/Saint-Louis/10068-Lookaway-Dr-63137/home/93672592,10068 Lookaway Dr,38.746847,-90.19793,0.5006210523462737,0.4762819409905932,0.5593805088005255
https://www.redfin.com/MO/Saint-Louis/3828-McRee-Ave-63110/home/93760802,3828 Mcree Ave,38.6182849,-90.2433315,0.3337075475843937,0.3619840228236707,0.34201788599593036
https://www.redfin.com/MO/Saint-Louis/1533-Gieseking-Ln-63147/home/93732276,1533 Gieseking Ln,38.71437,-90.2436755,0.2943437005680963,0.3414672230547174,0.3741756331704282
https://www.redfin.com/MO/Saint-Louis/4123-Blow-St-63116/home/93772919,4123 Blow St,38.5640528,-90.276832,0.3470427770012434,0.35025285481272206,0.3076213848758128
https://www.redfin.com/MO/Saint-Louis/5005-Parker-Ave-63139/home/93777171,5005 Parker Ave,38.5995382,-90.2754813,0.34212251157134504,0.34666955750407513,0.29317488249932466
https://www.redfin.com/MO/Saint-Louis/5178-Eichelberger-St-63109/home/93769483,5178 Eichelberger St,38.5813944,-90.2846704,0.37021465333500647,0.3264010333552928,0.33765807498990474
https://www.redfin.com/MO/Saint-Louis/6703-Vermont-Ave-63111/home/93710029,6703 Vermont Ave,38.5568078,-90.255766,0.4748033443113502,0.44683222768145253,0.41892193485370816
https://www.redfin.com/MO/Saint-Louis/1739-Grape-Ave-63147/home/93778759,1739 Grape Ave,38.7188584,-90.24778,0.3978963126110969,0.3829177757246285,0.38866664867968476
https://www.redfin.com/MO/Saint-Louis/5417-Rhodes-Ave-63109/home/93771274,5417 Rhodes Ave,38.5784664,-90.2864256,0.32168295833353383,0.3228856573985034,0.33425081364708786
https://www.redfin.com/MO/Saint-Louis/3460-Regal-Pl-63139/home/93780846,3460 Regal Pl,38.5982491,-90.2846518,0.43315812721910385,0.4165255701916206,0.4243947357725077
https://www.redfin.com/MO/Saint-Louis/4264-Hartford-St-63116/home/93749883,4264 Hartford St,38.6033582,-90.2604697,0.3508547553217346,0.33198645417557976,0.36806399464134293
https://www.redfin.com/MO/Saint-Louis/5121-Rosa-Ave-63109/home/93769614,5121 Rosa Ave,38.5807069,-90.2827637,0.3405596947414976,0.3263398033447946,0.33536808510422006
https://www.redfin.com/MO/Saint-Louis/4033-Weber-Rd-63123/home/93783890,4033 Weber Rd,38.5538111,-90.2831528,0.5137372433742387,0.45086391906590634,0.4803945034738611
https://www.redfin.com/MO/Saint-Louis/5250-Murdoch-Ave-63109/home/93753457,5250 Murdoch Ave,38.586508,-90.2821101,0.43803463937441134,0.42032249812587674,0.3923035274839051
https://www.redfin.com/MO/Saint-Louis/4131-Utah-St-63116/home/79031579,4131 Utah St,38.5987329,-90.2570796,0.3669092250269627,0.36758952147044466,0.3910119520376278
https://www.redfin.com/MO/Saint-Louis/3823-Michigan-Ave-63118/home/93695733,3823 Michigan Ave,38.5867236,-90.2375743,0.37928966526813146,0.33561909764265563,0.3245263964460252
https://www.redfin.com/MO/Saint-Louis/6412-Lansdowne-Ave-63109/home/93779781,6412 Lansdowne Ave,38.5902272,-90.3007782,0.4978249477360753,0.46366461027594835,0.4257675603972379
https://www.redfin.com/MO/Saint-Louis/4080-Wilmington-Ave-63116/home/93770838,4080 Wilmington Ave,38.5717862,-90.2674032,0.4040945924626233,0.43749335116573873,0.40393266041252684
https://www.redfin.com/MO/Saint-Louis/5208-Gresham-Ave-63109/home/93764561,5208 Gresham Ave,38.5742028,-90.2863699,0.3850437518107085,0.3531512825488017,0.35389283897144763
https://www.redfin.com/MO/Saint-Louis/4435-Itaska-St-63116/home/93764123,4435 Itaska St,38.584343,-90.2704698,0.41689215796561996,0.3787606964082695,0.35181162518276626
https://www.redfin.com/MO/Saint-Louis/1318-Kraft-St-63139/home/93750061,1318 Kraft St,38.6273477,-90.3007377,0.43509795450955274,0.42914277109812965,0.4453254678668948
https://www.redfin.com/MO/Saint-Louis/6627-Winona-Ave-63109/home/93774969,6627 Winona Ave,38.5937972,-90.305445,0.3510814204422739,0.3722888006583019,0.41228815397236634
https://www.redfin.com/MO/Saint-Louis/7404-Yates-St-63116/home/93784811,7404 Yates St,38.5588659,-90.2774825,0.4847671731213759,0.4635551665805765,0.47536271668522995
https://www.redfin.com/MO/Saint-Louis/5319-Itaska-St-63109/home/93767034,5319 Itaska St,38.5842961,-90.2833281,0.32963302671556977,0.3258563702073289,0.3472141398949741
https://www.redfin.com/MO/Saint-Louis/2204-Menard-St-63104/home/93686413,2204 Menard St,38.6059222,-90.2079626,0.2933823794846472,0.29912955139031516,0.3042879719771713
https://www.redfin.com/MO/Saint-Louis/3890-McDonald-Ave-63116/home/93730346,3890 Mcdonald Ave,38.5965494,-90.2504439,0.34371091604623955,0.36329679725484193,0.3758733058806161
https://www.redfin.com/MO/Saint-Louis/4646-S-Grand-Blvd-63111/home/93706511,4646 S Grand Blvd,38.5755104,-90.2481747,0.2884994446494555,0.2962478307010102,0.3309871235278689
https://www.redfin.com/MO/Saint-Louis/2725-January-Ave-63139/home/62729734,2725 January Ave,38.6096075,-90.2838967,0.3637988569576134,0.3710743156129,0.39328620318455254
https://www.redfin.com/MO/Saint-Louis/5527-Goethe-Ave-63109/home/93775707,5527 Goethe Ave,38.5804243,-90.288675,0.37194196868901686,0.3926489800128374,0.35939189426174767
https://www.redfin.com/MO/Saint-Louis/4322-Holly-Hills-Blvd-63116/home/93769709,4322 Holly Hills Blvd,38.5699987,-90.2746424,0.3694559518715128,0.3370517205515406,0.38209795951517006
https://www.redfin.com/MO/Saint-Louis/6315-Winona-Ave-63109/home/93782101,6315 Winona Ave,38.593052,-90.2974909,0.3106478346911208,0.2916615860026462,0.244432014690335
https://www.redfin.com/MO/Saint-Louis/4718-Newport-Ave-63116/home/93768304,4718 Newport Ave,38.5803113,-90.2626448,0.3872987511566809,0.37421572348522597,0.35570626708185366
https://www.redfin.com/MO/Saint-Louis/3136-Nebraska-Ave-63118/home/93692947,3136 Nebraska Ave,38.5996773,-90.2308891,0.29783406791706846,0.30632886471460696,0.26664717663833926
https://www.redfin.com/MO/Saint-Louis/3811-Fillmore-St-63116/home/93773612,3811 Fillmore St,38.5676367,-90.2614885,0.40472435734950174,0.38717856155350183,0.3961918481060027
https://www.redfin.com/MO/Saint-Louis/6124-Westminster-Pl-63112/home/93760331,6124 Westminster Pl,38.6532016,-90.2973575,0.5094033555570289,0.4531438577644966,0.42298980900479244
https://www.redfin.com/MO/Saint-Louis/3993-Dover-Pl-63116/home/93774794,3993 Dover Pl,38.571412,-90.2639229,0.43205633647164904,0.3954997275858282,0.37898174049359323
https://www.redfin.com/MO/Saint-Louis/6400-Myrlette-Ct-63116/home/93783566,6400 Myrlette Ct,38.5717169,-90.2783891,0.5155404409443384,0.5190745692471734,0.5123386833114881
https://www.redfin.com/MO/Saint-Louis/1464-Graham-St-63139/home/62728030,1464 Graham St,38.6237401,-90.2911888,0.44232964030887373,0.4275715715738631,0.3710808662723558
https://www.redfin.com/MO/Saint-Louis/2640-Ann-Ave-63104/home/93690678,2640 Ann Ave,38.6102339,-90.2236746,0.4233283718270863,0.34329559708084556,0.29920538035315175
https://www.redfin.com/MO/Saint-Louis/2830-59th-St-63139/home/93726750,2830 59th St,38.6082179,-90.2867824,0.33519214243219486,0.3563525710538772,0.34414103591888545
https://www.redfin.com/MO/Saint-Louis/5811-Oleatha-Ave-63139/home/93780603,5811 Oleatha Ave,38.597656,-90.291305,0.41347307703850195,0.33025842557905394,0.3017099989940276
https://www.redfin.com/MO/Saint-Louis/5312-Nagel-Ave-63109/home/93771165,5312 Nagel Ave,38.5705141,-90.292136,0.38254034666767,0.39035106466538905,0.3851137257363156
https://www.redfin.com/MO/Saint-Louis/6635-Devonshire-Ave-63109/home/93779514,6635 Devonshire Ave,38.5894114,-90.3065179,0.30623679582054564,0.284963974207127,0.32151131237894914
https://www.redfin.com/MO/Saint-Louis/4151-Fillmore-St-63116/home/93776109,4151 Fillmore St,38.5726043,-90.2698092,0.35717049833960424,0.3784001173633084,0.4125454409852666
https://www.redfin.com/MO/Saint-Louis/6932-Garner-Ave-63139/home/93741054,6932 Garner Ave,38.6200964,-90.3077139,0.46656147366838896,0.4935590563131405,0.4782183911009225
https://www.redfin.com/MO/Saint-Louis/5618-Fyler-Ave-63139/home/93743037,5618 Fyler Ave,38.601077,-90.2851731,0.432701873620305,0.4394230096219487,0.4526694487842283
https://www.redfin.com/MO/Saint-Louis/5217-Bonita-Ave-63109/home/93769411,5217 Bonita Ave,38.5738882,-90.2880435,0.3751093523766433,0.3457771362249858,0.36782108489956716
https://www.redfin.com/MO/Saint-Louis/4420-Sexauer-Ave-63115/home/62728906,4420 Sexauer Ave,38.6816991,-90.2382399,0.34732841715746804,0.35447978982843437,0.30849325604209216
https://www.redfin.com/MO/Saint-Louis/5618-Nottingham-Ave-63109/home/93767812,5618 Nottingham Ave,38.5863601,-90.2891742,0.3474581215735954,0.3690216735643474,0.39118174195028566
https://www.redfin.com/MO/Saint-Louis/6015-Arthur-Ave-63139/home/93742988,6015 Arthur Ave,38.6013222,-90.2926896,0.37925624652226986,0.3550210772179341,0.3777029716394326
https://www.redfin.com/MO/Saint-Louis/3328-Lemp-Ave-63118/home/93694165,3328 Lemp Ave,38.5933149,-90.2181612,0.2928577332264501,0.3108544685254098,0.33337384754405414
https://www.redfin.com/MO/Saint-Louis/4614-S-39th-St-63116/home/93767669,4614 S 39th St,38.5795457,-90.2539738,0.45656300255798093,0.3663720762557317,0.3243171379084763
https://www.redfin.com/MO/Saint-Louis/5724-Rosa-Ave-63109/home/62751995,5724 Rosa Ave,38.5812731,-90.2920807,0.3396156043730965,0.3304513928503415,0.3068002833597465
https://www.redfin.com/MO/Saint-Louis/6266-Marmaduke-Ave-63139/home/93767693,6266 Marmaduke Ave,38.6101711,-90.2951959,0.3734119246886155,0.42069153246625635,0.4350484724961096
https://www.redfin.com/MO/Saint-Louis/3010-Salena-St-63118/home/62722469,3010 Salena St,38.5980502,-90.2184854,0.33633215810752376,0.31697010627737443,0.33104503028822313
https://www.redfin.com/MO/Saint-Louis/4632-Varrelmann-Ave-63116/home/93757092,4632 Varrelmann Ave,38.5824856,-90.2632388,0.3702882302446896,0.3524418433185458,0.2935159170552427
https://www.redfin.com/MO/Saint-Louis/3815-Tamm-Ave-63109/home/62748599,3815 Tamm Ave,38.5950575,-90.2982584,0.3766679888612137,0.3580996361402177,0.32441985932512407
https://www.redfin.com/MO/Saint-Louis/3516-Magnolia-Ave-63118/home/93692363,3516 Magnolia Ave,38.605883,-90.2399342,0.34150994531599566,0.3082943380639062,0.34044932719200793
https://www.redfin.com/MO/Saint-Louis/5251-Walsh-St-63109/home/93768008,5251 Walsh St,38.5824579,-90.2828969,0.35566779517652447,0.361893130494737,0.33421630113788875
https://www.redfin.com/MO/Saint-Louis/3924-Parker-Ave-63116/home/93729236,3924 Parker Ave,38.5959432,-90.2517548,0.37395710300415,0.3559604874355542,0.35803868222461593
https://www.redfin.com/MO/Saint-Louis/4066-McRee-Ave-63110/home/109914648,4066 Mcree Ave,38.6188169,-90.2497912,0.37270149421859633,0.37914904173463815,0.35298657248536064
https://www.redfin.com/MO/Saint-Louis/2859-Ohio-Ave-63118/home/93691709,2859 Ohio Ave,38.6021204,-90.2262315,0.42760026633540854,0.36074951899678626,0.33049249750385057
https://www.redfin.com/MO/Saint-Louis/8725-Goodfellow-Blvd-63147/home/93778666,8725 Goodfellow Blvd,38.7190558,-90.2506905,0.3641733522709792,0.4119363472287928,0.4640757865816302
https://www.redfin.com/MO/Saint-Louis/4410-S-Spring-Ave-63116/home/93730882,4410 S Spring Ave,38.5808974,-90.2513094,0.3937803987667629,0.40193830940619585,0.38112014346141215
https://www.redfin.com/MO/Saint-Louis/2026-Sidney-St-63104/home/93697729,2026 Sidney St,38.6036563,-90.2186275,0.2991277790811147,0.2926443178787592,0.2975620694461764
https://www.redfin.com/MO/Saint-Louis/6122-McPherson-Ave-63112/home/93760243,6122 Mcpherson Ave,38.6513571,-90.2975754,0.4342028522359841,0.43203318888255043,0.37182477271613484
https://www.redfin.com/MO/Saint-Louis/2810-Norwood-Ave-63115/home/93737485,2810 Norwood Ave,38.670957,-90.258234,0.47030144029788123,0.47461808447155,0.40903884363229875
https://www.redfin.com/MO/Saint-Louis/6569-Pernod-Ave-63139/home/73953641,6569 Pernod Ave,38.5979988,-90.3030207,0.4317530890128682,0.46130038642542626,0.42435369573180315
https://www.redfin.com/MO/Saint-Louis/3917-Crosby-Dr-63123/home/93784807,3917 Crosby Dr,38.5540902,-90.2779799,0.45897123005348506,0.49593610880143213,0.4945383565157254
https://www.redfin.com/MO/Saint-Louis/7221-Field-Ave-63116/home/93679222,7221 Field Ave,38.5584975,-90.2700749,0.35053212414100815,0.4060991031943353,0.4041154236711433
https://www.redfin.com/MO/Saint-Louis/6179-Kingsbury-Ave-63112/home/93760349,6179 Kingsbury Ave,38.6528979,-90.2992768,0.45820636119657915,0.4098969737471613,0.45034780504806776
https://www.redfin.com/MO/Saint-Louis/5226-Elizabeth-Ave-63110/home/93727559,5226 Elizabeth Ave,38.6129481,-90.2745041,0.26668589895802064,0.24999885909279074,0.2487096185153031
https://www.redfin.com/MO/Saint-Louis/2845-Chippewa-St-63118/home/93696482,2845 Chippewa St,38.5870821,-90.2332244,0.2692199886105668,0.2666759417226787,0.3130365043025227
https://www.redfin.com/MO/Saint-Louis/5544-Murdoch-Ave-63109/home/93753439,5544 Murdoch Ave,38.5871232,-90.2881594,0.4659561069249099,0.41849676515036965,0.39217453070474834
https://www.redfin.com/MO/Saint-Louis/3704-Palm-St-63107/home/62773859,3704 Palm St,38.6608769,-90.219596,0.3013368642959692,0.34420839970882366,0.31895990957649484
https://www.redfin.com/MO/Saint-Louis/1115-Forest-Ave-63139/home/92933525,1115 Forest Ave,38.6301884,-90.3046118,0.46261168043798057,0.38347605483569885,0.34402309587052654
https://www.redfin.com/MO/Saint-Louis/5648-Marquette-Ave-63139/home/88443158,5648 Marquette Ave,38.5985147,-90.2867452,0.35310657409065827,0.4147377860638867,0.4408970473600353
https://www.redfin.com/MO/Saint-Louis/6963-Sutherland-Ave-63109/home/93774257,6963 Sutherland Ave,38.5926838,-90.3119712,0.42498018855287895,0.44399573926894853,0.41545167425445895
https://www.redfin.com/MO/Saint-Louis/6633-Tholozan-Ave-63109/home/93775075,6633 Tholozan Ave,38.5972502,-90.3051199,0.39922757710776335,0.4104598527361456,0.45227337784068616
https://www.redfin.com/MO/Saint-Louis/5205-S-Kingshighway-Blvd-63109/home/93766882,5205 S Kingshighway Blvd,38.5823694,-90.2784385,0.3239801578854379,0.35603913553865807,0.3940197257299549
https://www.redfin.com/MO/Saint-Louis/3927-Childress-Ave-63109/home/93778383,3927 Childress Ave,38.5939944,-90.3006456,0.3664390284440898,0.2623635060616531,0.25027219389978583
https://www.redfin.com/MO/Saint-Louis/4967-Parker-Ave-63139/home/93777151,4967 Parker Ave,38.5993279,-90.2736187,0.3475996168472951,0.34460995968171665,0.290558414883708
https://www.redfin.com/MO/Saint-Louis/6329-Potomac-St-63139/home/62735103,6329 Potomac St,38.5991068,-90.2971764,0.3604753992425142,0.3633106754053582,0.40080604673274217
https://www.redfin.com/MO/Saint-Louis/4950-Quincy-St-63109/home/93758332,4950 Quincy St,38.5701351,-90.2874954,0.3109455671471492,0.3284292980595381,0.2974641265968825
https://www.redfin.com/MO/Saint-Louis/3166-Pennsylvania-Ave-63118/home/93692984,3166 Pennsylvania Ave,38.5989692,-90.2322056,0.35967708400968545,0.2863178544635725,0.26617937982030027
https://www.redfin.com/MO/Saint-Louis/4125-Miami-St-63116/home/62712295,4125 Miami St,38.593561,-90.2576143,0.3478742231716539,0.3932377734235847,0.38394205064522674
https://www.redfin.com/MO/Saint-Louis/5456-Gravois-Ave-63116/home/93757183,5456 Gravois Ave,38.5779769,-90.2711926,0.16770954975789426,0.21986885392914682,0.28999620562611167
https://www.redfin.com/MO/Saint-Louis/6830-Glades-Ave-63139/home/93741076,6830 Glades Ave,38.6210466,-90.3052457,0.36374185441272033,0.38496626831107833,0.4426553932220898
https://www.redfin.com/MO/Saint-Louis/5039-Grace-Ave-63116/home/93742558,5039 Grace Ave,38.5727172,-90.252713,0.4553473217423145,0.4848841568637494,0.4542001102479055
https://www.redfin.com/MO/Saint-Louis/6127-Alaska-Ave-63111/home/93709535,6127 Alaska Ave,38.5631635,-90.2551751,0.4971867692943958,0.46176437545848276,0.41916769255496533
https://www.redfin.com/MO/Saint-Louis/5732-Winona-Ave-63109/home/62749480,5732 Winona Ave,38.591882,-90.2905156,0.4219238481826576,0.4098439905516159,0.3428711205808484
https://www.redfin.com/MO/Saint-Louis/6718-Oleatha-Ave-63139/home/86019215,6718 Oleatha Ave,38.5988886,-90.306639,0.47729374458139423,0.4489110545386968,0.46088199967951354
https://www.redfin.com/MO/Saint-Louis/4008-Blaine-Ave-63110/home/93680533,4008 Blaine Ave,38.6195954,-90.2478482,0.35201595577077394,0.38695416276324723,0.3586783345517988
https://www.redfin.com/MO/Saint-Louis/4464-Lee-Ave-63115/home/93733884,4464 Lee Ave,38.6753024,-90.2352648,0.3946562235030259,0.43767070990312174,0.4390973696488515
https://www.redfin.com/MO/Saint-Louis/3854-Loughborough-Ave-63116/home/93773254,3854 Loughborough Ave,38.5615566,-90.2689753,0.4019253769331284,0.4561184206586328,0.47306889631566107
https://www.redfin.com/MO/Saint-Louis/1334-Fairmount-Ct-63139/home/93750072,1334 Fairmount Ct,38.6267926,-90.2996221,0.5061348928670977,0.5045653444372991,0.45887682720458894
https://www.redfin.com/MO/Saint-Louis/2315-Russell-Blvd-63104/home/93690684,2315 Russell Blvd,38.611003,-90.2204427,0.36768718415980456,0.331278789056652,0.26118513438175106
https://www.redfin.com/MO/Saint-Louis/3431-Indiana-Ave-63118/home/93694649,3431 Indiana Ave,38.5922235,-90.2246656,0.36304733415228985,0.31754047816904174,0.26190718713077304
https://www.redfin.com/MO/Saint-Louis/5454-Gresham-Ave-63109/home/93769396,5454 Gresham Ave,38.5745022,-90.2892129,0.3341871764919657,0.3593675726317197,0.3762090162224672
https://www.redfin.com/MO/Saint-Louis/1719-Edwards-St-63110/home/93726508,1719 Edwards St,38.6197516,-90.2744811,0.27592157662078626,0.2370389335577271,0.2239316787861307
https://www.redfin.com/MO/Saint-Louis/2909-McNair-Ave-63118/home/93699038,2909 Mcnair Ave,38.5998229,-90.220771,0.23512198802231155,0.3228953256921089,0.3372270690044561
https://www.redfin.com/MO/Saint-Louis/4114-McDonald-Ave-63116/home/93728856,4114 Mcdonald Ave,38.5973504,-90.2566724,0.5038834806438839,0.44573460345171795,0.41516349213199966
https://www.redfin.com/MO/Saint-Louis/5636-Marquette-Ave-63139/home/93780701,5636 Marquette Ave,38.5984696,-90.2862417,0.36023256887216737,0.3981262345979751,0.43646258536054106
https://www.redfin.com/MO/Saint-Louis/5939-Hilgard-Pl-63109/home/93784028,5939 Hilgard Pl,38.5768368,-90.296827,0.38972721339918137,0.41386179544612023,0.42910120479305613
https://www.redfin.com/MO/Saint-Louis/6024-Scanlan-Ave-63139/home/93742954,6024 Scanlan Ave,38.6044515,-90.2921034,0.26711560978780197,0.2829829579023033,0.35708454521682087
https://www.redfin.com/MO/Saint-Louis/8624-Riverview-Blvd-63147/home/93730749,8624 Riverview Blvd,38.7150469,-90.2411558,0.2885875224258871,0.307253824634355,0.32083422681477397
https://www.redfin.com/MO/Saint-Louis/5123-Goethe-Ave-63109/home/77446731,5123 Goethe Ave,38.5798245,-90.2829677,0.3463287885562045,0.33964338889370055,0.32447550455361146
https://www.redfin.com/MO/Saint-Louis/5621-Botanical-Ave-63110/home/68108481,5621 Botanical Ave,38.6128389,-90.2825907,0.3280458113962279,0.33473183231519527,0.30897061639349893
https://www.redfin.com/MO/Saint-Louis/3310-Michigan-Ave-63118/home/62771703,3310 Michigan Ave,38.5959252,-90.2352023,0.3413112331181043,0.34439066917057226,0.3071050769544077
https://www.redfin.com/MO/Saint-Louis/5556-Arthur-Ave-63139/home/93742752,5556 Arthur Ave,38.5997794,-90.2838388,0.40425107854507764,0.4366707439921717,0.4184990085807731
https://www.redfin.com/MO/Saint-Louis/4744-Bonita-Ave-63116/home/93766459,4744 Bonita Ave,38.5732715,-90.2834618,0.3442851725929621,0.3079732514078432,0.31880224861682943
https://www.redfin.com/MO/Saint-Louis/4323-Bingham-Ave-63116/home/93771913,4323 Bingham Ave,38.589564,-90.265186,0.4062805046111575,0.341156482815924,0.3121062881898702
https://www.redfin.com/MO/Saint-Louis/925-Riverview-Blvd-63147/home/93783208,925 Riverview Blvd,38.7247443,-90.2325463,0.5256816301553026,0.5162455386636167,0.5172673316432997
https://www.redfin.com/MO/Saint-Louis/6036-Horton-Pl-63112/home/93723563,6036 Horton Pl,38.662437,-90.2932021,0.4697257302844038,0.4667870348569588,0.4099432134074914
https://www.redfin.com/MO/Saint-Louis/6011-S-Grand-Blvd-63111/home/93772421,6011 S Grand Blvd,38.5657529,-90.2571857,0.3727684323282646,0.3246539708234021,0.36062626923084945
https://www.redfin.com/MO/Saint-Louis/4254-McRee-Ave-63110/home/62720952,4254 Mcree Ave,38.6193399,-90.2551858,0.1939725854323298,0.2181113896209982,0.26835509137023894
https://www.redfin.com/MO/Saint-Louis/5750-Gresham-Ave-63109/home/82734593,5750 Gresham Ave,38.575002,-90.2940819,0.27091395935657797,0.2762164485867809,0.3300770038416352
https://www.redfin.com/MO/Saint-Louis/2703-Pestalozzi-St-63118/home/93691711,2703 Pestalozzi St,38.6018596,-90.22623,0.36226955727290633,0.37874825350113617,0.34192893420582793
https://www.redfin.com/MO/Saint-Louis/2638-Park-Ave-63104/home/93700724,2638 Park Ave,38.618336,-90.2216804,0.3523218406492686,0.34528385750736723,0.34395132917441107
https://www.redfin.com/MO/Saint-Louis/2520-California-Ave-63104/home/93699948,2520 California Ave,38.6068114,-90.2270645,0.2926846737742358,0.2965490596569949,0.32364308601901154
https://www.redfin.com/MO/Saint-Louis/6412-Potomac-St-63139/home/93775208,6412 Potomac St,38.5988373,-90.29814,0.37485223200191187,0.4040225472668476,0.3783283431519739
https://www.redfin.com/MO/Saint-Louis/5727-Winona-Ave-63109/home/93780968,5727 Winona Ave,38.5922833,-90.2903288,0.3829709404193093,0.3705900968297508,0.33206176170251434
https://www.redfin.com/MO/Saint-Louis/4747-Milentz-Ave-63116/home/93756831,4747 Milentz Ave,38.5756528,-90.2802939,0.44937559278885464,0.38651326932714075,0.3303450276131418
https://www.redfin.com/MO/Saint-Louis/2922-Sidney-St-63104/home/93699577,2922 Sidney St,38.6065629,-90.2306338,0.3442466262485254,0.34729637092706,0.342188209176732
https://www.redfin.com/MO/Saint-Louis/7124-Marwinette-Ave-63116/home/93784068,7124 Marwinette Ave,38.5607674,-90.2727142,0.49324115401385005,0.46203505661090016,0.428842067460037
https://www.redfin.com/MO/Saint-Louis/2834-Mount-Pleasant-St-63111/home/62739023,2834 Mount Pleasant St,38.57237,-90.2360052,0.3754127610546315,0.32509278989865525,0.3565647593720789
https://www.redfin.com/MO/Saint-Louis/2339-Sulphur-Ave-63139/home/93741606,2339 Sulphur Ave,38.6142225,-90.2891065,0.4302546411042704,0.4255437570781129,0.41654857938780426
https://www.redfin.com/MO/Saint-Louis/1523-Graham-St-63139/home/93761909,1523 Graham,38.622721,-90.2918958,0.3980808855791484,0.32314866706669537,0.3274758160794547
https://www.redfin.com/MO/Saint-Louis/7121-Leona-St-63116/home/93784106,7121 Leona St,38.5621338,-90.2754877,0.37025063371891154,0.35194539363752086,0.39171140777675223
https://www.redfin.com/MO/Saint-Louis/1615-Veronica-Ave-63147/home/93731838,1615 Veronica Ave,38.7189116,-90.2435982,0.4311343416227605,0.41824766496272253,0.39437486716314346
https://www.redfin.com/MO/Saint-Louis/3025-Mount-Pleasant-St-63111/home/93706256,3025 Mount Pleasant St,38.5730894,-90.2387926,0.3005714263815022,0.3408490988520165,0.36904018390816784
https://www.redfin.com/MO/Saint-Louis/8111-Southpark-Ct-63125/home/93785118,8111 Southpark Ct,38.5506485,-90.2741418,0.3747486763337979,0.41538376319453546,0.42756940452336656
https://www.redfin.com/MO/Saint-Louis/3829-Burgen-Ave-63116/home/93781505,3829 Burgen Ave,38.5705239,-90.2604468,0.3415083975558741,0.39263559628135214,0.38478118546797524
https://www.redfin.com/MO/Saint-Louis/3215-Jasper-Park-63139/home/93742960,3215 Jasper Park,38.603568,-90.2853711,0.5143879571714975,0.4737931839889284,0.47325947081248604
https://www.redfin.com/MO/Saint-Louis/7300-Vermont-Ave-63111/home/62725111,7300 Vermont Ave,38.5528711,-90.2599108,0.392629038235437,0.407286006960635,0.39934224558513043
https://www.redfin.com/MO/Saint-Louis/4533-Ray-Ave-63116/home/93756010,4533 Ray Ave,38.5830564,-90.2594791,0.29176184164103597,0.3055104682228445,0.3190535261240872
https://www.redfin.com/MO/Saint-Louis/2828-59th-St-63139/home/93726749,2828 59th St,38.6082889,-90.2867775,0.356160276241246,0.3631296462034949,0.34575054550309664
https://www.redfin.com/MO/Saint-Louis/2217-Keokuk-St-63118/home/93696829,2217 Keokuk St,38.5843182,-90.2257214,0.39697453252062126,0.37298117917004275,0.3581324558243641
https://www.redfin.com/MO/Saint-Louis/5425-Bates-St-63116/home/93767474,5425 Bates St,38.5789772,-90.2725455,0.264555904990841,0.28549827497135083,0.2697725203213987
https://www.redfin.com/MO/Saint-Louis/2225-Richert-Pl-63143/home/93741480,2225 Richert Pl,38.6174232,-90.3103083,0.41453811269607094,0.39374805012615843,0.34441639307995625
https://www.redfin.com/MO/Saint-Louis/7122-Picadilly-Ave-63143/home/81570103,7122 Piccadilly Ave,38.6033918,-90.3151266,0.4887459607333143,0.4484750902647818,0.38566617040431056
https://www.redfin.com/MO/Saint-Louis/2702-Indiana-Ave-63118/home/93697785,2702 Indiana Ave,38.6035419,-90.2215167,0.412850103025645,0.35973395201396563,0.28927449471466427
https://www.redfin.com/MO/Saint-Louis/5221-Delor-St-63109/home/93766693,5221 Delor St,38.5832024,-90.2817003,0.3389516385382748,0.3484751307950799,0.3517171558075379
https://www.redfin.com/MO/Saint-Louis/6591-Scanlan-Ave-63139/home/93742252,6591 Scanlan Ave,38.6059374,-90.3028841,0.31265981081212996,0.28123228663477967,0.4037655993570371
https://www.redfin.com/MO/Saint-Louis/3415-Vista-Ave-63104/home/93700940,3415 Vista Ave,38.6212934,-90.2344574,0.4249300578747989,0.37020649839158526,0.33315790773061704
https://www.redfin.com/MO/Saint-Louis/7200-Lanham-Ave-63143/home/93743627,7200 Lanham Ave,38.613896,-90.312399,0.306246282646921,0.2718267845938,0.26536293571769193
https://www.redfin.com/MO/Saint-Louis/5015-Gerritt-Ave-63116/home/62710610,5015 Gerritt Ave,38.5766221,-90.2588686,0.39207680250575366,0.36690147911247106,0.3583059860298797
https://www.redfin.com/MO/Saint-Louis/5920-Morganford-Rd-63116/home/93776115,5920 Morganford Rd,38.5730869,-90.2705799,0.3817413227800199,0.4501543475210248,0.49245689109699153
https://www.redfin.com/MO/Saint-Louis/6020-Potomac-St-63139/home/88995357,6020 Potomac St,38.5983464,-90.2934623,0.31539555793549073,0.2671970166078235,0.3028533979196266
https://www.redfin.com/MO/Saint-Louis/3956-Connecticut-St-63116/home/93729642,3956 Connecticut St,38.6005582,-90.2521075,0.4805356828630762,0.3938722476014378,0.3891738304143196
https://www.redfin.com/MO/Saint-Louis/5251-Pernod-Ave-63139/home/93777338,5251 Pernod Ave,38.5956394,-90.2805289,0.32267480099481205,0.3611188156234244,0.358551835775386
https://www.redfin.com/MO/Saint-Louis/4222-Flad-Ave-63110/home/62764603,4222 Flad Ave,38.612535,-90.2550644,0.3015084521490605,0.3279477912351812,0.38997302203298156
https://www.redfin.com/MO/Saint-Louis/4955-Nagel-Ave-63109/home/93758304,4955 Nagel Ave,38.5693589,-90.2888226,0.3596927209085804,0.3443469782870311,0.31913416789553956
https://www.redfin.com/MO/Saint-Louis/3442-Chippewa-St-63118/home/93695359,3442 Chippewa St,38.5878403,-90.2422226,0.30110540711405087,0.3172776697973722,0.273296083069222
https://www.redfin.com/MO/Saint-Louis/2801-Missouri-Ave-63118/home/93677429,2801 Missouri Ave,38.6024306,-90.2214011,0.272465879445736,0.33689823474443226,0.33228461435443024
https://www.redfin.com/MO/Saint-Louis/5242-Quincy-St-63109/home/93758225,5242 Quincy St,38.5716978,-90.2902733,0.3611894678041281,0.3740703362488896,0.3652513506454167
https://www.redfin.com/MO/Saint-Louis/3139-Mount-Pleasant-St-63111/home/93706190,3139 Mount Pleasant St,38.5733502,-90.2406581,0.3072495588603594,0.3220236084508241,0.3783738443559481
https://www.redfin.com/MO/Saint-Louis/3710-Berger-Ave-63109/home/93779094,3710 Berger Ave,38.5970299,-90.3095836,0.40866925330631304,0.4772145827635251,0.5255669250243298
https://www.redfin.com/MO/Saint-Louis/7827-Clymer-Dr-63123/home/93784965,7827 Clymer Dr,38.5540933,-90.2797854,0.44904878425946465,0.5038059562818697,0.5229836648779972
https://www.redfin.com/MO/Saint-Louis/5455-Walsh-St-63109/home/62696031,5455 Walsh St,38.582895,-90.2868725,0.3946694494707476,0.35794320608790375,0.3477642698347811
https://www.redfin.com/MO/Saint-Louis/4441-Oakland-Ave-63110/home/93751248,4441 Oakland Ave,38.6277453,-90.2602586,0.29991644405679474,0.2600450061961583,0.25439222453190324
https://www.redfin.com/MO/Saint-Louis/6648-Dale-Ave-63139/home/93741217,6648 Dale Ave,38.62484,-90.3007841,0.4047060559272726,0.45410705479568814,0.47337500174593616
https://www.redfin.com/MO/Saint-Louis/4822-Hamburg-Ave-63123/home/93759311,4822 Hamburg Ave,38.5610433,-90.294708,0.4483774119778415,0.4210193340281111,0.3979128353228032
https://www.redfin.com/MO/Saint-Louis/5746-Pernod-Ave-63139/home/62717562,5746 Pernod Ave,38.5962694,-90.2905486,0.3193756206163029,0.318164416691644,0.32004408824576447
https://www.redfin.com/MO/Saint-Louis/3933-McDonald-Ave-63116/home/93729377,3933 Mcdonald Ave,38.5972089,-90.2517913,0.3776597712066328,0.37250321741709336,0.3460564491191559
https://www.redfin.com/MO/Saint-Louis/6028-Potomac-St-63139/home/62751224,6028 Potomac St,38.59837,-90.2937072,0.3720603136812532,0.3040013491672869,0.303382559184423
https://www.redfin.com/MO/Saint-Louis/6444-Plateau-Ave-63139/home/93740836,6444 Plateau Ave,38.6227735,-90.2956605,0.5007155968696256,0.48490438835446836,0.3934372294549322
https://www.redfin.com/MO/Saint-Louis/1112-Hornsby-Ave-63147/home/93760917,1112 Hornsby Ave,38.7188769,-90.2359281,0.4115464293183424,0.40870489367201157,0.39343928368998027
https://www.redfin.com/MO/Saint-Louis/5716-Winona-Ave-63109/home/93780869,5716 Winona Ave,38.5918226,-90.2900259,0.4280510750851013,0.44247260556631196,0.3771999650435779
https://www.redfin.com/MO/Saint-Louis/5252-Botanical-Ave-63110/home/93727589,5252 Botanical Ave,38.6121622,-90.275624,0.27156342767659736,0.27372416685785056,0.25982910734287795
https://www.redfin.com/MO/Saint-Louis/4978-Odell-St-63139/home/62725667,4978 Odell St,38.6062628,-90.2720161,0.4476614382916947,0.4260493145931653,0.3463231189429732
https://www.redfin.com/MO/Saint-Louis/5828-Pamplin-Ave-63147/home/93770356,5828 Pamplin Ave,38.7105477,-90.2512838,0.34797466098736596,0.3342126694836922,0.32337827745887815
https://www.redfin.com/MO/Saint-Louis/5717-Lansdowne-Ave-63109/home/93752731,5717 Lansdowne Ave,38.5895689,-90.2906221,0.4203283413535936,0.4143369484063076,0.4241823913465459
https://www.redfin.com/MO/Saint-Louis/3420-Humphrey-St-63118/home/93671832,3420 Humphrey St,38.597594,-90.2394386,0.3022553348639423,0.31125251443290813,0.3003366681107034
https://www.redfin.com/MO/Saint-Louis/3940-Randall-St-63116/home/62748904,3940 Randall St,38.5778284,-90.2586357,0.33830452779067516,0.3331163778560517,0.34986900621025124
https://www.redfin.com/MO/Saint-Louis/5712-Floy-Ave-63136/home/93765406,5712 Floy Ave,38.7104229,-90.2555149,0.4642187395914038,0.43925132735727634,0.42060426913324966
https://www.redfin.com/MO/Saint-Louis/2636-Hereford-St-63139/home/93727617,2636 Hereford St,38.6095904,-90.2721925,0.4372551871931968,0.4014046358450901,0.3349641678599606
https://www.redfin.com/MO/Saint-Louis/4546-Arco-Ave-63110/home/93749278,4546 Arco Ave,38.6288524,-90.2628592,0.3458170468243849,0.32109663515950526,0.3127417932838768
https://www.redfin.com/MO/Saint-Louis/1226-Sidney-St-63104/home/93686652,1226 Sidney St,38.602156,-90.213253,0.2672818078024588,0.3138807741055654,0.3136353679296789
https://www.redfin.com/MO/Saint-Louis/3724-Bamberger-Ave-63116/home/62692922,3724 Bamberger Ave,38.5894552,-90.2493439,0.35790847896677974,0.34163177823170937,0.3311061122395263
https://www.redfin.com/MO/Saint-Louis/5962-S-Cuba-Ct-63139/home/93775539,5962 S Cuba Ct,38.607733,-90.289358,0.3327851826596307,0.31242588081356915,0.27188581031792786
https://www.redfin.com/MO/Saint-Louis/3729-Upton-St-63116/home/93712148,3729 Upton St,38.556777,-90.2692117,0.4608371948644527,0.42986511222458307,0.4239497294758325
https://www.redfin.com/MO/Saint-Louis/5620-Bischoff-Ave-63110/home/62739721,5620 Bischoff Ave,38.6159069,-90.2815167,0.33456570945105685,0.3403665937818467,0.3438335517472369
https://www.redfin.com/MO/Saint-Louis/3718-S-Spring-Ave-63116/home/93730228,3718 S Spring Ave,38.5899856,-90.2480606,0.35615647357394553,0.3653913365236859,0.31174620620394855
https://www.redfin.com/MO/Saint-Louis/3408-Winnebago-St-63118/home/93695337,3408 Winnebago St,38.5895222,-90.2407363,0.2868561832728822,0.31526539150943794,0.34172315387004276
https://www.redfin.com/MO/Saint-Louis/6118-Newport-Ave-63116/home/62732448,6118 Newport Ave,38.5707079,-90.2699713,0.3576724374993816,0.3406777189642022,0.3461875491345688
https://www.redfin.com/MO/Saint-Louis/6409-Sutherland-Ave-63109/home/93780027,6409 Sutherland Ave,38.5915278,-90.3004873,0.42345287103389784,0.3760255140337516,0.34845675977333046
https://www.redfin.com/MO/Saint-Louis/6156-Louisiana-Ave-63111/home/93709515,6156 Louisiana Ave,38.5628792,-90.2561916,0.3879036001555302,0.3816576810861885,0.40342329687841383
https://www.redfin.com/MO/Saint-Louis/6650-Odell-St-63139/home/93743853,6650 Odell St,38.6100309,-90.3027682,0.38172066774556,0.34421739644361243,0.39741645993531954
https://www.redfin.com/MO/Saint-Louis/4862-Goethe-Ave-63116/home/93763271,4862 Goethe Ave,38.5783072,-90.2807379,0.33434453846082585,0.3522375395711716,0.3326054346438485
https://www.redfin.com/MO/Saint-Louis/3817-Childress-Ave-63109/home/62726699,3817 Childress Ave,38.5952093,-90.3002936,0.3471322277891336,0.31899070488479353,0.2996061071006105
https://www.redfin.com/MO/Saint-Louis/819-Portland-Ter-63147/home/93783298,819 Portland Ter,38.7256108,-90.228845,0.4243318900136811,0.42910099885376474,0.43312203572277147
https://www.redfin.com/MO/Saint-Louis/4227-Prather-Ave-63109/home/93769781,4227 Prather Ave,38.5930403,-90.3072254,0.4449357751621507,0.46358721016408094,0.4340793207709612
https://www.redfin.com/MO/Saint-Louis/1371-Louisville-Ave-63139/home/62710958,1371 Louisville Ave,38.6256705,-90.2983776,0.442830278899223,0.4593884040788341,0.47324236204291714
https://www.redfin.com/MO/Saint-Louis/6201-Oleatha-Ave-63139/home/62718380,6201 Oleatha Ave,38.5980151,-90.295253,0.37973692793366876,0.356784324886637,0.3549933542175876
https://www.redfin.com/MO/Saint-Louis/5633-Walsh-St-63109/home/62767315,5633 Walsh St,38.5832539,-90.2902456,0.37152815395058775,0.38597920352143583,0.37580822287084
https://www.redfin.com/MO/Saint-Louis/5007-Alabama-Ave-63111/home/93707892,5007 Alabama Ave,38.5700572,-90.2458496,0.37261386794740503,0.3662516927162602,0.3622600131866899
https://www.redfin.com/MO/Saint-Louis/5450-Dresden-Ave-63116/home/62711780,5450 Dresden Ave,38.5782785,-90.2742634,0.2924442119243064,0.29045022048377245,0.29758574913072877
https://www.redfin.com/MO/Saint-Louis/3903-Prather-Ave-63109/home/93769756,3903 Prather Ave,38.5953286,-90.3068264,0.5252402862092505,0.5199597971490074,0.48627306916016505
https://www.redfin.com/MO/Saint-Louis/5947-Summit-Pl-63147/home/93770503,5947 Summit Pl,38.7124259,-90.2479934,0.3117220111791305,0.32916628163293177,0.3573120459977772
https://www.redfin.com/MO/Saint-Louis/2258-S-Jefferson-Ave-63104/home/93690918,2258 S Jefferson Ave,38.6083751,-90.2219347,0.33917520427327186,0.3052988722016809,0.29082735590460157
https://www.redfin.com/MO/Saint-Louis/7413-Ray-Ave-63116/home/93784358,7413 Ray Ave,38.560109,-90.2798298,0.4503542633221671,0.48506820935646433,0.43430697952525693
https://www.redfin.com/MO/Saint-Louis/6635-Arsenal-St-63139/home/93741807,6635 Arsenal St,38.6085174,-90.3024846,0.306610035800566,0.318308230076682,0.37698730186055585
https://www.redfin.com/MO/Saint-Louis/6453-Colletta-Dr-63139/home/93784581,6453 Colletta Dr,38.6142474,-90.2982921,0.48066498955195885,0.44218630839595185,0.41150389340602495
https://www.redfin.com/MO/Saint-Louis/5405-Michigan-Ave-63111/home/62711080,5405 Michigan Ave,38.5651569,-90.244076,0.3594561851966372,0.37418615991432674,0.32688141723364206
https://www.redfin.com/MO/Saint-Louis/6553-Lindenwood-Pl-63109/home/93775143,6553 Lindenwood Ave,38.5953495,-90.303246,0.39616705209386766,0.38420205720109535,0.33377812313599714
https://www.redfin.com/MO/Saint-Louis/3426-Nebraska-Ave-63118/home/93694320,3426 Nebraska Ave,38.5932515,-90.2322596,0.34522360427360677,0.3115726848433949,0.2910560439240366
https://www.redfin.com/MO/Saint-Louis/6215-Southland-Ave-63109/home/62732882,6215 Southland Ave,38.5757405,-90.2957835,0.45338988868392655,0.40690014162894084,0.36720617547325407
https://www.redfin.com/MO/Saint-Louis/1338-Fairmount-Ct-63139/home/62717950,1338 Fairmount Ct,38.6266722,-90.2996388,0.5006634159289538,0.5091939793709197,0.45654282822853837
https://www.redfin.com/MO/Saint-Louis/3241-Geyer-Ave-63104/home/93689578,3241 Geyer Ave,38.6147805,-90.2342555,0.3943909175116484,0.42214440368532485,0.44292038490429225
https://www.redfin.com/MO/Saint-Louis/4151-Quincy-St-63116/home/93772878,4151 Quincy St,38.5650988,-90.2769112,0.27423759911078743,0.25971385341564734,0.2899040157167041
https://www.redfin.com/MO/Saint-Louis/2637-Pearl-Ave-63139/home/103203201,2637 Pearl Ave,38.6105029,-90.2822729,0.28529130104653305,0.3273818668507097,0.3368194572414542
https://www.redfin.com/MO/Saint-Louis/5616-Milentz-Ave-63109/home/93771372,5616 Milentz Ave,38.5793331,-90.290362,0.36292586663016674,0.36773445028190777,0.36383828620193936
https://www.redfin.com/MO/Saint-Louis/4252-Gertrude-Ave-63116/home/93781035,4252 Gertrude Ave,38.5765551,-90.2677517,0.35638023984524025,0.3658216765555385,0.3916318316176744
https://www.redfin.com/MO/Saint-Louis/5133-Goethe-Ave-63109/home/93769447,5133 Goethe Ave,38.5798567,-90.2833023,0.34063244543459215,0.3466497488444488,0.3290413352443355
https://www.redfin.com/MO/Saint-Louis/3000-California-Ave-63118/home/93699315,3000 California Ave,38.6010718,-90.2283364,0.2859106100401495,0.33252363423338777,0.2686221975764014
https://www.redfin.com/MO/Saint-Louis/5753-Lindenwood-Ave-63109/home/93780908,5753 Lindenwood Ave,38.5941839,-90.2911186,0.31128475680924184,0.283031979764985,0.25518292477782184
https://www.redfin.com/MO/Saint-Louis/3927-Weber-Rd-63123/home/93785639,3927 Weber Rd,38.5524771,-90.2805982,0.46491963454102436,0.47812322834302057,0.4557976371620131
https://www.redfin.com/MO/Saint-Louis/4448-Itaska-St-63116/home/62751687,4448 Itaska St,38.5841594,-90.2710827,0.40084895725929814,0.3766933364522243,0.3506752205612601
https://www.redfin.com/MO/Saint-Louis/5034-Ray-Ave-63116/home/93767090,5034 Ray Ave,38.5782695,-90.2632252,0.3479420649758309,0.3980680472392308,0.3857163882985489
https://www.redfin.com/MO/Saint-Louis/3332-Nebraska-Ave-63118/home/93693671,3332 Nebraska Ave,38.594966,-90.2319117,0.2916872015362419,0.2970934792610715,0.27967781821734805
https://www.redfin.com/MO/St-Louis/4113-Hartford-St-63116/home/201215071,4113 Hartford St,38.6033658,-90.255714,0.37173299617072175,0.3911473548559381,0.44228847964393
https://www.redfin.com/MO/Saint-Louis/2332-Hickory-St-63104/home/93700594,2332 Hickory St,38.6199803,-90.2184702,0.3520941590175721,0.247118661137252,0.25015130582715084
https://www.redfin.com/MO/Saint-Louis/1408-E-Linton-Ave-63107/home/93713184,1408 E Linton Ave,38.676655,-90.2091516,0.5101765097453389,0.46285978053537197,0.40596490567993493
https://www.redfin.com/MO/Saint-Louis/3968-Schiller-Pl-63116/home/93781153,3968 Schiller Pl,38.5745427,-90.2617236,0.42757145849803835,0.46927362359244273,0.4817326697766812
https://www.redfin.com/MO/Saint-Louis/8554-Drury-Ln-63147/home/93732326,8554 Drury Ln,38.7146632,-90.2456277,0.4172628013574691,0.4253746774057143,0.4180632902338408
https://www.redfin.com/MO/Saint-Louis/6414-Center-Ct-63116/home/93779360,6414 Center Ct,38.5746388,-90.2819205,0.30557134217863846,0.32385395927213945,0.319576182369217
https://www.redfin.com/MO/Saint-Louis/6220-Minnesota-Ave-63111/home/85025438,6220 Minnesota Ave,38.5582466,-90.2485688,0.5346002219169698,0.43429905844469247,0.37807853081274023
https://www.redfin.com/MO/St-Louis/1520-Washington-Ave-63103/unit-604/home/168590453,1520 Washington Ave #604,38.632597,-90.2023461,0.10351218350950743,0.08196209615693434,0.08976853821018793
https://www.redfin.com/MO/Saint-Louis/7821-Parkwood-Dr-63123/home/93783865,7821 Parkwood Dr,38.5591185,-90.285172,0.4480704643751477,0.44664419000680783,0.38284203808734274
https://www.redfin.com/MO/Saint-Louis/6023-Elizabeth-Ave-63139/home/93761602,6023 Elizabeth Ave,38.6155434,-90.2891734,0.38685515887353955,0.3820564765316168,0.3547061110609928
https://www.redfin.com/MO/Saint-Louis/617-Haven-St-63111/home/93709890,617 Haven St,38.5572699,-90.2558034,0.5166576507459427,0.4564133198579022,0.44003512157662833
https://www.redfin.com/MO/Saint-Louis/5011-Alaska-Ave-63111/home/93707524,5011 Alaska Ave,38.5710922,-90.2479981,0.37046099665647125,0.39021591283442425,0.3781462957460274
https://www.redfin.com/MO/Saint-Louis/4716-Olive-St-63108/home/93709331,4716 Olive St,38.6494875,-90.2586002,0.3641339150516442,0.3412961465036381,0.32012572683616486
https://www.redfin.com/MO/Saint-Louis/5447-Robert-Ave-63109/home/93775961,5447 Robert Ave,38.5716675,-90.2949753,0.36573940221421225,0.37642578969844454,0.37331672582850267
https://www.redfin.com/MO/Saint-Louis/6107-Alabama-Ave-63111/home/93709179,6107 Alabama Ave,38.5622154,-90.2518503,0.38653319517432294,0.4140739268160114,0.3898028894208294
https://www.redfin.com/MO/Saint-Louis/2918-Wisconsin-Ave-63118/home/93698939,2918 Wisconsin Ave,38.5991675,-90.2193502,0.42701149966122137,0.3871201862374505,0.3277489516368514
https://www.redfin.com/MO/Saint-Louis/7132-Vermont-Ave-63111/home/93710409,7132 Vermont Ave,38.5534039,-90.2589711,0.47946813007578803,0.4119201999022663,0.39833784753193446
https://www.redfin.com/MO/Saint-Louis/6634-Elmer-Ave-63109/home/79108391,6634 Elmer Ave,38.5715665,-90.2850658,0.2930878856485516,0.2592457996725979,0.25730949687700855
https://www.redfin.com/MO/Saint-Louis/6415-Blow-St-63109/home/93774279,6415 Blow St,38.574686,-90.2937363,0.31936776725380533,0.33072007101863876,0.333375355031641
https://www.redfin.com/MO/Saint-Louis/2706-Alhambra-Ct-63118/home/93692269,2706 Alhambra Ct,38.6067063,-90.2399895,0.2588982314255174,0.27164458993923135,0.3442774253983208
https://www.redfin.com/MO/Saint-Louis/5139-Goethe-Ave-63109/home/93769443,5139 Goethe Ave,38.5798635,-90.2835134,0.3533777314677428,0.350799314359042,0.3315253375822088
https://www.redfin.com/MO/Saint-Louis/4410-Wallace-St-63116/home/93763769,4410 Wallace St,38.583001,-90.2700962,0.3114619141892648,0.31764878479731246,0.348663311558802
https://www.redfin.com/MO/Saint-Louis/4153-Loughborough-Ave-63116/home/93778163,4153 Loughborough Ave,38.5656881,-90.2759783,0.3053114075122806,0.29794368256216885,0.2898588503537361
https://www.redfin.com/MO/Saint-Louis/4817-Goethe-Ave-63116/home/93763405,4817 Goethe Ave Ave,38.5772735,-90.2798358,0.36693932276171987,0.3815826158139221,0.3818237348203911
https://www.redfin.com/MO/Saint-Louis/3231-Ohio-Ave-63118/home/93694183,3231 Ohio Ave,38.5962515,-90.2273866,0.2978228618367412,0.34496536097987257,0.3204588861187933
https://www.redfin.com/MO/Saint-Louis/4455-Oakland-Ave-63110/home/93750910,4455 Oakland Ave,38.62791,-90.260732,0.31597250905888846,0.27309971147127715,0.26604929365857427
https://www.redfin.com/MO/Saint-Louis/5725-Westminster-Pl-63112/home/93767242,5725 Westminster Pl,38.652544,-90.2859415,0.3147889976466759,0.2707414584174029,0.21900971861101426
https://www.redfin.com/MO/Saint-Louis/5344-Lansdowne-Ave-63109/home/62733865,5344 Lansdowne Ave,38.5884392,-90.2834494,0.36909045723369677,0.2992391931105101,0.34693722295338475
https://www.redfin.com/MO/Saint-Louis/4918-Wise-Ave-63110/home/93726654,4918 Wise Ave,38.6262131,-90.2657206,0.18250812936906827,0.21105285212424582,0.2549956196675481
https://www.redfin.com/MO/Saint-Louis/3409-Macklind-Ave-63139/home/93742744,3409 Macklind Ave,38.5982711,-90.2823349,0.3421224790084554,0.37663216241312264,0.3989402489808352
https://www.redfin.com/MO/Saint-Louis/5433-Donovan-Ave-63109/home/93782781,5433 Donovan Ave,38.5816376,-90.3050157,0.44790722643759723,0.45697014674234915,0.4612277321951713
https://www.redfin.com/MO/Saint-Louis/7109-Canterbury-Ave-63143/home/93745012,7109 Canterbury Ave,38.6087475,-90.311897,0.3426138298205567,0.3451828853060399,0.4574171417157858
https://www.redfin.com/MO/Saint-Louis/4521-Gibson-Ave-63110/home/93750278,4521 Gibson Ave,38.6299347,-90.2616925,0.3470142044495494,0.3019397821112181,0.290737402567878
https://www.redfin.com/MO/Saint-Louis/5662-Tholozan-Ave-63109/home/93781656,5662 Tholozan Ave,38.5951366,-90.2877696,0.3407161564441741,0.33618741123439394,0.34469681699841526
https://www.redfin.com/MO/Saint-Louis/3525-Hartford-St-63118/home/93692682,3525 Hartford St,38.6018574,-90.2410783,0.27769693272703144,0.19964996067669466,0.25962457497123737
https://www.redfin.com/MO/Saint-Louis/4934-Walsh-St-63109/home/93767177,4934 Walsh St,38.5817497,-90.2798774,0.37278805784340874,0.3390162686875244,0.31757953217207036
https://www.redfin.com/MO/Saint-Louis/3143-Lavender-Ln-63139/home/62740402,3143 Lavender Ln,38.6053084,-90.284283,0.40399668340841,0.3844367325013907,0.3961911326665236
https://www.redfin.com/MO/Saint-Louis/4224-McRee-Ave-63110/home/93683808,4224 Mcree Ave,38.6192559,-90.254138,0.265975704244803,0.2977007578599533,0.29411262501699736
https://www.redfin.com/MO/Saint-Louis/923-Withnell-Ave-63118/home/93699695,923 Withnell Ave,38.594792,-90.2147119,0.361162597775918,0.26832821012270386,0.24358546125717484
https://www.redfin.com/MO/Saint-Louis/6331-Saloma-Ave-63136/home/93778231,6331 Saloma Ave,38.7014643,-90.2648987,0.3837706536586952,0.32254101623184284,0.34736551346337813
https://www.redfin.com/MO/Saint-Louis/5608-Holly-Hills-Ave-63109/home/93777486,5608 Holly Hills Ave,38.5774498,-90.2903209,0.3628868585702673,0.3943097170413628,0.3831185636530854
https://www.redfin.com/MO/Saint-Louis/6228-Marquette-Ave-63139/home/93775406,6228 Marquette Ave,38.5994853,-90.2958817,0.36444822406977867,0.3703208763956705,0.3911004568836342
https://www.redfin.com/MO/Saint-Louis/3241-California-Ave-63118/home/93693823,3241 California Ave,38.5963129,-90.2297931,0.34523143767487346,0.31433115157765523,0.31249664235463653
https://www.redfin.com/MO/Saint-Louis/5612-Rosa-Ave-63109/home/66028777,5612 Rosa Ave,38.581049,-90.2899188,0.3773626704478767,0.39123611537503034,0.3630006796962988
https://www.redfin.com/MO/Saint-Louis/5521-Murdoch-Ave-63109/home/93753279,5521 Murdoch Ave,38.5874255,-90.2872407,0.41481965245719665,0.39414759529388105,0.38759117975851476
https://www.redfin.com/MO/Saint-Louis/6518-Odell-St-63139/home/93741808,6518 Odell St,38.609581,-90.298979,0.5822397727127604,0.49474128470239487,0.47253276206132266
https://www.redfin.com/MO/Saint-Louis/3138-Clifton-Ave-63139/home/93775742,3134-3138 Clifton Ave,38.6058632,-90.2925574,0.32859425007418885,0.3278679370565111,0.2889548990083911
https://www.redfin.com/MO/Saint-Louis/2119-Chippewa-St-63118/home/93696678,2119 Chippewa St,38.5860448,-90.2242063,0.4773273922741613,0.44558059256652877,0.38741992700872596
https://www.redfin.com/MO/Saint-Louis/5521-Itaska-St-63109/home/93765274,5521 Itaska St,38.5847851,-90.2878877,0.34961570239201106,0.3724758373827884,0.38955479566416074
https://www.redfin.com/MO/Saint-Louis/1178-Riverview-Blvd-63147/home/93760573,1178 Riverview Blvd,38.7223212,-90.2388121,0.4528008811663239,0.39912323827145424,0.38282860918287104
https://www.redfin.com/MO/Saint-Louis/6565-Winnebago-St-63109/home/93775081,6565 Winnebago St,38.5945261,-90.3038891,0.3836283312393529,0.3915539841848018,0.35673304995975497
https://www.redfin.com/MO/Saint-Louis/2628-Indiana-Ave-63118/home/93697767,2628 Indiana Ave,38.6037578,-90.2214798,0.3691011622073079,0.35350928097550405,0.2792698178023342
https://www.redfin.com/MO/Saint-Louis/6539-Bancroft-Ave-63109/home/93775552,6539 Bancroft Ave,38.5927059,-90.3033909,0.3293509955725529,0.3115896267036938,0.28118560662125697
https://www.redfin.com/MO/Saint-Louis/3949-Flad-Ave-63110/home/93746633,3949 Flad Ave,38.6122093,-90.2475998,0.26701994290362635,0.3362397332015245,0.3721741998573832
https://www.redfin.com/MO/Saint-Louis/5208-Murdoch-Ave-63109/home/62734760,5208 Murdoch Ave,38.586345,-90.2806237,0.37655459077988146,0.4015442635303621,0.41723316853170345
https://www.redfin.com/MO/Saint-Louis/4948-Tyrolean-Ave-63109/home/93764360,4948 Tyrolean Ave,38.5714421,-90.2859382,0.32319690289552516,0.32417428247535107,0.2824846486855981
https://www.redfin.com/MO/Saint-Louis/3920-De-Tonty-St-63110/home/93756966,3920 Detonty St,38.616581,-90.2459432,0.4170654436959911,0.33003967450397526,0.3583600603240097
https://www.redfin.com/MO/Saint-Louis/6136-Victoria-Ave-63139/home/62731294,6136 Victoria Ave,38.6274944,-90.2888786,0.4768655023393795,0.4410684229333015,0.3404666628178921
https://www.redfin.com/MO/Saint-Louis/1624-Forest-Ave-63139/home/93741384,1624 Forest Ave,38.6229608,-90.3055946,0.4433653316478365,0.4389803666184319,0.4413305902700717
https://www.redfin.com/MO/Saint-Louis/6242-Marmaduke-Ave-63139/home/93767674,6242 Marmaduke Ave,38.6101043,-90.2943842,0.47166226058729954,0.4362871574022009,0.42487589138600795
https://www.redfin.com/MO/Saint-Louis/4436-Miami-St-63116/home/93756344,4436 Miami St,38.5941918,-90.2668526,0.396708871339817,0.348611652142903,0.34909491899869327
https://www.redfin.com/MO/Saint-Louis/3254-Jasper-Park-63139/home/93742796,3254 Jasper Park,38.602391,-90.2850754,0.4485861230704038,0.46753701776001816,0.48457129054199655
https://www.redfin.com/MO/Saint-Louis/2922-Virginia-Ave-63118/home/93692639,2922 Virginia Ave,38.603036,-90.2361191,0.348172519752232,0.3322509155972148,0.3071149290085606
https://www.redfin.com/MO/Saint-Louis/2846-Accomac-St-63104/home/62738663,2846 Accomac St,38.610028,-90.2285405,0.33351923040287185,0.38444475700906316,0.40062618526357807
https://www.redfin.com/MO/Saint-Louis/3979-Burgen-Ave-63116/home/93771888,3979 Burgen Ave,38.5722955,-90.263665,0.3973402646015132,0.40231204911064766,0.41420285179228633
https://www.redfin.com/MO/Saint-Louis/6531-Hoffman-Ave-63139/home/93741766,6531 Hoffman Ave,38.6090512,-90.2994108,0.44904576429934895,0.46301831625230166,0.44889782454959126
https://www.redfin.com/MO/Saint-Louis/6036-Hartford-St-63139/home/93775720,6036 Hartford St,38.606131,-90.2909496,0.39641114200926414,0.3537702381554679,0.30891285110271954
https://www.redfin.com/MO/Saint-Louis/2402-S-10th-St-63104/home/93785923,2402 S 10th St,38.60286,-90.2081259,0.28526766457699787,0.3062676849485025,0.30610134618133905
https://www.redfin.com/MO/Saint-Louis/4438-Neosho-St-63116/home/93763600,4438 Neosho St,38.5856964,-90.2701065,0.3235810614471645,0.34925097497859986,0.3552802294544004
https://www.redfin.com/MO/Saint-Louis/3470-Regal-Pl-63139/home/93780843,3470 Regal Pl,38.5979127,-90.2846949,0.4481762765555053,0.4275375477005294,0.41629105975782615
https://www.redfin.com/MO/Saint-Louis/6034-Childress-Ave-63109/home/79079011,6034 Childress Ave,38.5775274,-90.2995062,0.40618214506873096,0.4354006349692777,0.4517880507693285
https://www.redfin.com/MO/Saint-Louis/4928-Walsh-St-63109/home/93767178,4928 Walsh St,38.58174,-90.2796222,0.3687067340663306,0.33890637140515467,0.31925219713957664
https://www.redfin.com/MO/Saint-Louis/5729-Finkman-St-63109/home/93777510,5729 Finkman St,38.5773505,-90.2929894,0.40604180391282163,0.3212511729985314,0.33628067127422173
https://www.redfin.com/MO/Saint-Louis/4932-Bonita-Ave-63109/home/93764432,4932 Bonita Ave,38.5733061,-90.2857594,0.42981330603879386,0.3884485896768477,0.3411164328501095
https://www.redfin.com/MO/Saint-Louis/1364-Kraft-St-63139/home/93750147,1364 Kraft St,38.6260728,-90.3009935,0.4402532553664883,0.4222055029644488,0.4654586364825185
https://www.redfin.com/MO/Saint-Louis/7132-Lindenwood-Pl-63109/home/93748031,7132 Lindenwood Pl,38.5959377,-90.3170828,0.501195872698577,0.5383935133229376,0.4706501043426676
https://www.redfin.com/MO/Saint-Louis/6410-Wade-Ave-63139/home/93740728,6410 Wade Ave,38.6252935,-90.2939809,0.390382676016353,0.3814586559645349,0.40528178862640307
https://www.redfin.com/MO/Saint-Louis/6542-Lindenwood-Pl-63109/home/62733118,6542 Lindenwood Pl,38.5948742,-90.3029474,0.4000921677391688,0.36447898097488846,0.32306765161978307
https://www.redfin.com/MO/Saint-Louis/5461-Alabama-Ave-63111/home/93708507,5461 Alabama Ave,38.5663326,-90.2489532,0.40715666060801187,0.35065349310808264,0.3554703849092643
https://www.redfin.com/MO/Saint-Louis/3918-Wyoming-St-63116/home/93729571,3918 Wyoming St,38.5995559,-90.2509293,0.3461541631229698,0.3346497424898988,0.33357268809416346
https://www.redfin.com/MO/Saint-Louis/5705-Lisette-Ave-63109/home/93776704,5705 Lisette Ave,38.5761642,-90.2923394,0.3596149297541182,0.3481666087896106,0.35724337530218586
https://www.redfin.com/MO/Saint-Louis/1123-Graham-St-63139/home/93707578,1123 Graham St,38.6291585,-90.2914781,0.481742753437724,0.32135823879965514,0.29464165711708395
https://www.redfin.com/MO/Saint-Louis/6717-Bradley-Ave-63139/home/93741900,6717 Bradley Ave,38.6048281,-90.3045172,0.40298409383885053,0.3701819215647966,0.40785679894397703
https://www.redfin.com/MO/Saint-Louis/2104-Robert-Ruggeri-Pl-63110/home/173620203,2104 Robert Ruggeri Pl,38.6150833,-90.269065,0.1647387871473512,0.155421861959869,0.13286779640438226
https://www.redfin.com/MO/Saint-Louis/6112-Wanda-Ave-63116/home/93779253,6112 Wanda Ave,38.5729336,-90.2747978,0.43866049947243096,0.4711493872961107,0.5341963262915987
https://www.redfin.com/MO/Saint-Louis/5238-Alabama-Ave-63111/home/93707946,5238 Alabama Ave,38.5677271,-90.2471717,0.3175271976683725,0.3391250212408275,0.3365360648934024
https://www.redfin.com/MO/Saint-Louis/2630-Arkansas-Ave-63118/home/93692337,2630 Arkansas Ave,38.6068258,-90.2388452,0.38451408688083855,0.3393379462744724,0.3379445396047923
https://www.redfin.com/MO/Saint-Louis/4609-Milentz-Ave-63116/home/93756669,4609 Milentz Ave,38.5734025,-90.278337,0.41912211274617334,0.4624707544734143,0.453109883534106
https://www.redfin.com/MO/Saint-Louis/6223-W-Park-Ave-63139/home/93726398,6223 W Park Ave,38.6272127,-90.2909073,0.3325986126225406,0.3855355226615192,0.375950642503687
https://www.redfin.com/MO/Saint-Louis/6205-Odell-St-63139/home/93767678,6205 Odell St,38.6093627,-90.2931845,0.38272549169721204,0.4188824416800243,0.3975986712513813
https://www.redfin.com/MO/Saint-Louis/4919-Tyrolean-Ave-63109/home/93764507,4919 Tyrolean Ave,38.5711728,-90.284991,0.2512631046693221,0.21264266194374754,0.2501876609066819
https://www.redfin.com/MO/Saint-Louis/6160-Crescent-Ave-63139/home/93707370,6160 Crescent Ave,38.6284758,-90.2897227,0.4104265675015019,0.38880493547603395,0.36524186241764145
https://www.redfin.com/MO/Saint-Louis/1470-Sproule-Ave-63139/home/62760323,1470 Sproule Ave,38.6234339,-90.2900196,0.3750847411588763,0.37243479787558365,0.30831992638366307
https://www.redfin.com/MO/Saint-Louis/7313-Yates-St-63116/home/93784726,7313 Yates St,38.5609304,-90.2763427,0.5413806459133514,0.4766952851967048,0.43400766785934675
https://www.redfin.com/MO/Saint-Louis/6442-Hoffman-Ave-63139/home/93741755,6442 Hoffman Ave,38.6085563,-90.2976658,0.3705983787530362,0.3929917570078214,0.4066848369891891
https://www.redfin.com/MO/Saint-Louis/5348-Gilson-Ave-63116/home/93761572,5348 Gilson Ave,38.5802008,-90.2715136,0.4000831715790176,0.37067898220512785,0.32340791192299484
https://www.redfin.com/MO/Saint-Louis/3229-Childress-Ave-63139/home/93776361,3229 Childress Ave,38.6038425,-90.2969492,0.3452384518851578,0.31499425274432796,0.33143976032045724
https://www.redfin.com/MO/Saint-Louis/4611-Quincy-St-63116/home/93742154,4611 Quincy St,38.5682127,-90.2844316,0.4152564617087301,0.44451873429207583,0.4943444075579832
https://www.redfin.com/MO/Saint-Louis/5614-S-Compton-Ave-63111/home/93708724,5614 S Compton Ave,38.5636231,-90.2460847,0.28124858908737654,0.29765787837359153,0.34709075455331445
https://www.redfin.com/MO/Saint-Louis/3216-Jasper-Park-63139/home/62731040,3216 Jasper Park,38.6033534,-90.284882,0.4667461848206992,0.47772395467697354,0.4891009692281462
https://www.redfin.com/MO/Saint-Louis/5510-Botanical-Ave-63110/home/93727094,5510 Botanical Ave,38.6122762,-90.2808852,0.3464244207398003,0.31829171091425984,0.3424771509571106
https://www.redfin.com/MO/Saint-Louis/3118-Magnolia-Ave-63118/home/85689546,3118 Magnolia Ave,38.6050771,-90.2331693,0.30848706607256043,0.30857555000136794,0.31541000723285156
https://www.redfin.com/MO/Saint-Louis/4005-McDonald-Ave-63116/home/93729301,4005 Mcdonald Ave,38.5974069,-90.2536674,0.3683198702698724,0.3624008917819243,0.3604724910577977
https://www.redfin.com/MO/Saint-Louis/2262-Blendon-Pl-63143/home/62731941,2262 Blendon Pl,38.6166074,-90.3111099,0.4122389710914182,0.36596853822550757,0.3132566663692552
https://www.redfin.com/MO/Saint-Louis/2724-McNair-Ave-63118/home/62761029,2724 Mcnair Ave,38.6024112,-90.2195331,0.2865541664823618,0.3223746383700144,0.35466916971748896
https://www.redfin.com/MO/Saint-Louis/4337-Wyoming-St-63116/home/93751386,4337 Wyoming St,38.6010879,-90.2632337,0.3751317262845841,0.4022873463994559,0.3274617213074945
https://www.redfin.com/MO/Saint-Louis/1519-Sanford-Ave-63139/home/93740917,1519 Sanford Ave,38.6234146,-90.2980917,0.5097015293032968,0.45349552848629077,0.4247884268672861
https://www.redfin.com/MO/Saint-Louis/2617-Alfred-Ave-63110/home/93728283,2617 Alfred Ave,38.6100234,-90.2631892,0.542729441059487,0.603477434370337,0.6121353512697716
https://www.redfin.com/MO/Saint-Louis/3647-S-Compton-Ave-63118/home/93695674,3647 S Compton Ave,38.5898053,-90.238147,0.3581931512764146,0.40516677899189746,0.4154763194219636
https://www.redfin.com/MO/Saint-Louis/4049-Humphrey-St-63116/home/93729530,4049 Humphrey St,38.5994267,-90.2549377,0.3619398868515929,0.3578182315323008,0.3469964078583743
https://www.redfin.com/MO/Saint-Louis/3317-Indiana-Ave-63118/home/109912645,3317 Indiana Ave,38.5944292,-90.2242309,0.35602110619904936,0.32320909427214956,0.29567685598867277
https://www.redfin.com/MO/Saint-Louis/5563-Devonshire-Ave-63109/home/93753020,5563 Devonshire Ave,38.5883704,-90.2877384,0.3540884416485271,0.40301231251227404,0.39504992175910913
https://www.redfin.com/MO/Saint-Louis/5041-Rosa-Ave-63109/home/93765459,5041 Rosa Ave,38.580525,-90.2811655,0.35459972956984215,0.33405490344413596,0.31589710993615056
https://www.redfin.com/MO/Saint-Louis/2307-Sidney-St-63104/home/93691420,2307 Sidney,38.6048997,-90.2215111,0.2168326784194373,0.20135939780242054,0.23010925536567314
https://www.redfin.com/MO/Saint-Louis/6111-Idaho-Ave-63111/home/93709409,6111 Idaho Ave,38.562584,-90.252974,0.510317612709774,0.45108759141393967,0.412503458258942
https://www.redfin.com/MO/Saint-Louis/5311-Blow-St-63109/home/93758342,5311 Blow St,38.5715908,-90.2911447,0.4203772268985701,0.37422154476008984,0.36683705327722016
https://www.redfin.com/MO/Saint-Louis/1457-Sproule-Ave-63139/home/62757847,1457 Sproule Ave,38.6238498,-90.2905141,0.5088711883157648,0.4531158524905129,0.3396674697415312
https://www.redfin.com/MO/Saint-Louis/6554-Mitchell-Ter-63139/home/93741165,6554 Mitchell Ter,38.6209765,-90.2997122,0.48040698180779234,0.47311525056816034,0.40785714948919327
https://www.redfin.com/MO/Saint-Louis/5610-Leona-St-63116/home/93771861,5610 Leona St,38.5731343,-90.2644039,0.4185616967875913,0.449099462167367,0.4577091671549914
https://www.redfin.com/MO/Saint-Louis/4215-Flad-Ave-63110/home/93746819,4215 Flad Ave,38.6128825,-90.2547581,0.31221398254915655,0.3741921423510416,0.39888960885604896
https://www.redfin.com/MO/Saint-Louis/4126-Bates-St-63116/home/90713278,4126 Bates St,38.5743327,-90.2657471,0.508655085817206,0.5349290494844515,0.5222131977749684
https://www.redfin.com/MO/Saint-Louis/5308-Quincy-St-63109/home/93758213,5308 Quincy St,38.5719129,-90.2907069,0.3525790696155759,0.3787456220393928,0.36459031294591265
https://www.redfin.com/MO/Saint-Louis/4435-Miami-St-63116/home/62766805,4435 Miami St,38.5945907,-90.2667712,0.3349662774770339,0.3244992045798446,0.2970783775050558
https://www.redfin.com/MO/Saint-Louis/5421-Odell-St-63139/home/93727360,5421 Odell St,38.60757,-90.2798414,0.43989408503696265,0.395256664303932,0.4350626068459297
https://www.redfin.com/MO/Saint-Louis/4253-Neosho-St-63116/home/93772454,4253 Neosho St,38.5848803,-90.2654484,0.28952363224386557,0.2803881149114997,0.2800522098444646
https://www.redfin.com/MO/Saint-Louis/2146-Esther-Ave-63139/home/93761453,2146 Esther Ave,38.6164169,-90.2890271,0.35856843431223817,0.3345523972018277,0.2996740726850482
https://www.redfin.com/MO/Saint-Louis/4056-Quincy-St-63116/home/93777645,4056 Quincy St,38.5632687,-90.2741225,0.39808354572343996,0.3701958156647239,0.39609958487753466
https://www.redfin.com/MO/Saint-Louis/4753-Goethe-Ave-63116/home/85615048,4753 Goethe Ave,38.5763795,-90.2794084,0.3318533497663602,0.3636802835249697,0.3679668037252952
https://www.redfin.com/MO/Saint-Louis/3855-Bingham-Ave-63116/home/93780441,3855 Bingham Ave,38.5826616,-90.2509166,0.3996152482510406,0.3194128919612347,0.32217199483877285
https://www.redfin.com/MO/Saint-Louis/1115-Childress-Ave-63139/home/93782134,1115 Childress Ave,38.6297065,-90.29486,0.4890907993026396,0.42397401612490454,0.38565912794472396
https://www.redfin.com/MO/Saint-Louis/4148-Federer-St-63116/home/79030504,4148 Federer St,38.5698574,-90.2719519,0.3480610975072771,0.3510355118521978,0.38153960701787054
https://www.redfin.com/MO/Saint-Louis/6418-Oleatha-Ave-63139/home/93775319,6418 Oleatha Ave,38.5980014,-90.2984955,0.37348841563552987,0.38996547452985725,0.34983796868663214
https://www.redfin.com/MO/Saint-Louis/4035-Fairview-Ave-63116/home/93729082,4035 Fairview Ave,38.5958543,-90.2549438,0.34689768045637576,0.37221909781054546,0.38278535598389657
https://www.redfin.com/MO/Saint-Louis/4449-Shaw-Blvd-63110/home/62692063,4449 Shaw Blvd,38.6172431,-90.2601545,0.37055809983486987,0.3248330325358205,0.29380840757316873
https://www.redfin.com/MO/Saint-Louis/5444-Eichelberger-St-63109/home/93775620,5444 Eichelberger St,38.5815872,-90.2868438,0.30593563521920375,0.3409232790204998,0.34611506433500233
https://www.redfin.com/MO/Saint-Louis/7309-Esplanade-St-63143/home/93751272,7309 Esplanade St,38.6078314,-90.3134303,0.553805237646294,0.4972750638359615,0.4800272774978682
https://www.redfin.com/MO/Saint-Louis/6734-Plainview-Ave-63109/home/93779508,6734 Plainview Ave,38.5901084,-90.3083824,0.30388562510377776,0.2707228241970699,0.25726057989043544
https://www.redfin.com/MO/Saint-Louis/6515-Devonshire-Ave-63109/home/93779039,6515 Devonshire Ave,38.5900574,-90.3040276,0.30052305020503245,0.3230968578051949,0.3295645409812677
https://www.redfin.com/MO/Saint-Louis/2354-Louisiana-Ave-63104/home/93692058,2354 Louisiana Ave,38.6077413,-90.2363049,0.36115922671122724,0.3779248278957843,0.3405678714427402
https://www.redfin.com/MO/Saint-Louis/5241-Lindenwood-Ave-63109/home/93781788,5241 Lindenwood Ave,38.5931054,-90.2806034,0.3844252320564436,0.3686540712836175,0.3427152621470774
https://www.redfin.com/MO/Saint-Louis/6100-Garesche-Ave-63136/home/93745631,6100 Garesche Ave,38.7037976,-90.2583685,0.45155589972152155,0.5038168284622276,0.5063585857130517
https://www.redfin.com/MO/Saint-Louis/2026-Allen-Ave-63104/home/93690474,2026 Allen Ave,38.6103016,-90.2159316,0.2998426668607477,0.2746613317042005,0.3072574834843578
https://www.redfin.com/MO/Saint-Louis/4009-Delor-St-63116/home/93750360,4009 Delor St,38.5781885,-90.2602365,0.3019413988187237,0.36633576483319796,0.3554053701640241
https://www.redfin.com/MO/Saint-Louis/2853-S-18th-St-63118/home/93691520,2853 S 18th St,38.5994535,-90.2163154,0.37438073464995036,0.30212612849081033,0.30912299553470285
https://www.redfin.com/MO/Saint-Louis/5578-Lindenwood-Ave-63109/home/93782853,5578 Lindenwood Ave,38.593538,-90.2886586,0.2937242707839072,0.3010237973969955,0.3366770071232516
https://www.redfin.com/MO/Saint-Louis/2625-Arkansas-Ave-63118/home/93692258,2625 Arkansas Ave,38.6070756,-90.2392453,0.3700052166274693,0.34575385105718176,0.3212168124908236
https://www.redfin.com/MO/Saint-Louis/2336-Esther-Ave-63139/home/62764755,2336 Esther Ave,38.6142471,-90.289667,0.5150811588340577,0.4801823108283206,0.4551025479926152
https://www.redfin.com/MO/St-Louis/2650-Pennsylvania-Ave-63118/home/62737617,2650 Pennsylvania Ave,38.6057785,-90.2308015,0.4434868323701296,0.3914867108621131,0.3279439666640942
https://www.redfin.com/MO/Saint-Louis/1310-Mackay-Pl-63104/home/93680153,1310 Mackay Pl,38.6185727,-90.2161368,0.412923415956709,0.42832199113630853,0.4311030460414335
https://www.redfin.com/MO/Saint-Louis/6309-Marquette-Ave-63139/home/80167785,6309 Marquette Ave,38.5998959,-90.2962696,0.37385866597624623,0.3906510395019404,0.40257924967163583
https://www.redfin.com/MO/Saint-Louis/6031-Lansdowne-Ave-63109/home/93782411,6031 Lansdowne Ave,38.5901441,-90.2957879,0.34640423805867904,0.33166065013205825,0.3062652693535199
https://www.redfin.com/MO/Saint-Louis/3449-Utah-St-63118/home/93693058,3449 Utah St,38.5972011,-90.2405516,0.27143688225492413,0.2870641591927753,0.2668903133600973
https://www.redfin.com/MO/Saint-Louis/3401-Halliday-Ave-63118/home/93692499,3401 Halliday Ave,38.6049921,-90.2372898,0.4117413800784793,0.37554161399305364,0.32151646664114863
https://www.redfin.com/MO/Saint-Louis/6941-Hillsland-Ave-63109/home/93781330,6941 Hillsland Ave,38.5893642,-90.3110677,0.37515201959994743,0.3750523685223074,0.34550140619016545
https://www.redfin.com/MO/Saint-Louis/3436-Tedmar-Ave-63139/home/93742311,3436 Tedmar Ave,38.5972393,-90.2831394,0.3976368565837581,0.39504411422179864,0.3969299289314413
https://www.redfin.com/MO/Saint-Louis/4711-Ray-Ave-63116/home/93768312,4711 Ray Ave,38.5802505,-90.2619501,0.42227419909258185,0.3874844879486452,0.3716637203882776
https://www.redfin.com/MO/Saint-Louis/6437-Brockschmidt-Pl-63139/home/93740845,6437 Brockschmidt Pl,38.6230622,-90.2952965,0.5046986428424148,0.48648292988392566,0.4243045517838019
https://www.redfin.com/MO/Saint-Louis/6017-Juniata-St-63139/home/93775760,6017 Juniata St,38.6055972,-90.2909422,0.3636066817898627,0.355137107875025,0.33047996511267297
https://www.redfin.com/MO/Saint-Louis/5410-Lindenwood-Ave-63109/home/93782849,5410 Lindenwood Ave,38.5930321,-90.2835937,0.2823138091307306,0.2564291852839064,0.3313393109269936
https://www.redfin.com/MO/Saint-Louis/5919-Scanlan-Ave-63139/home/93775807,5919 Scanlan Ave,38.6045167,-90.289089,0.3989599693872888,0.41704585109089537,0.4073413216249496
https://www.redfin.com/MO/Saint-Louis/6409-Myrlette-Ct-63116/home/93783504,6409 Myrlette Ct,38.5717873,-90.2790342,0.5290320979637095,0.47126572143173795,0.5242421587707231
https://www.redfin.com/MO/Saint-Louis/1518-Graham-St-63139/home/93761908,1518 Graham St,38.6227432,-90.291378,0.36885587497066574,0.32556524396680425,0.31390241828257637
https://www.redfin.com/MO/Saint-Louis/4509-Holly-Hills-Ave-63116/home/93756699,4509 Holly Hills Ave,38.5723861,-90.2783856,0.36037226111972387,0.45956841357496786,0.489812349770235
https://www.redfin.com/MO/Saint-Louis/8-Lawn-Pl-63110/home/93765846,8 Lawn Pl,38.6284944,-90.2655711,0.3960571341071024,0.39486563506287164,0.36965835320172563
https://www.redfin.com/MO/Saint-Louis/5416-Neosho-St-63109/home/93765137,5416 Neosho St,38.5850296,-90.2853097,0.3453270440585072,0.3449282682724972,0.3533006006505645
https://www.redfin.com/MO/Saint-Louis/2842-Knox-Ct-63139/home/93773963,2842 Knox Ct,38.6102026,-90.2913951,0.37037164069277245,0.36440402800214305,0.3418854874453318
https://www.redfin.com/MO/Saint-Louis/4567-Arco-Ave-63110/home/93749294,4567 Arco Ave,38.6293891,-90.2635094,0.2777559602198278,0.28655083806665765,0.346129691101533
https://www.redfin.com/MO/Saint-Louis/6304-Wyoming-St-63139/home/93775921,6304 Wyoming St,38.603883,-90.2952797,0.33719475954185724,0.34344186064246707,0.34476641315412276
https://www.redfin.com/MO/Saint-Louis/2126-Franz-Park-Ln-63139/home/62752480,2126 Franz Park Ln,38.6191471,-90.3052226,0.42693118229043286,0.43607109140031813,0.36841604660870386
https://www.redfin.com/MO/Saint-Louis/5347-Tholozan-Ave-63109/home/93781812,5347 Tholozan Ave,38.5950002,-90.28252,0.3283512545926496,0.3376404037159089,0.3571707417558416
https://www.redfin.com/MO/Saint-Louis/4338-Oregon-Ave-63111/home/93705798,4338 Oregon Ave,38.5766926,-90.2344555,0.3783132911984451,0.35633879615774744,0.37374726770871486
https://www.redfin.com/MO/Saint-Louis/6413-Lloyd-Ave-63139/home/93740887,6413 Lloyd Ave,38.6239433,-90.2942457,0.48767519663912456,0.43621468207945685,0.41793194741991696
https://www.redfin.com/MO/Saint-Louis/5742-Lansdowne-Ave-63109/home/93753030,5742 Lansdowne Ave,38.5893271,-90.2916313,0.4222579091569663,0.4038634268877,0.3870399736884204
https://www.redfin.com/MO/Saint-Louis/6424-Bradley-Ave-63139/home/93742097,6424 Bradley Ave,38.6037626,-90.2991302,0.3823451334585808,0.42329808130754126,0.4024377362468763
https://www.redfin.com/MO/Saint-Louis/8464-Edna-St-63147/home/93731349,8464 Edna St,38.715364,-90.2357066,0.32789300395228815,0.35353105247052613,0.396431399706486
https://www.redfin.com/MO/Saint-Louis/5346-Tholozan-Ave-63109/home/62699125,5346 Tholozan Ave,38.5945768,-90.2825115,0.32017356769979977,0.34858631394813894,0.3561056677517553
https://www.redfin.com/MO/Saint-Louis/5927-W-Park-Ave-63110/home/93672322,5927 W Park Ave,38.6265572,-90.28625,0.3940704876013194,0.3367833848772904,0.32090601714062045
https://www.redfin.com/MO/Saint-Louis/1220-Mackay-Pl-63104/home/93701240,1220 Mackay Pl,38.6192283,-90.2158522,0.39766154183467733,0.3958439658198303,0.3455402058932458
https://www.redfin.com/MO/Saint-Louis/3326-Humphrey-St-63118/home/93693023,3326 Humphrey St,38.5974891,-90.238503,0.3545468967635078,0.3037757288298076,0.3214859319270926
https://www.redfin.com/MO/Saint-Louis/6610-Alabama-Ave-63111/home/93709856,6610 Alabama Ave,38.5579979,-90.2551648,0.3720428171564888,0.41640579737766115,0.4297206266276498
https://www.redfin.com/MO/Saint-Louis/5435-Christy-Ave-63116/home/93757974,5435 Christy Ave,38.5785153,-90.2761777,0.46025816900598526,0.4344087119750324,0.37898456207110714
https://www.redfin.com/MO/Saint-Louis/5604-Itaska-St-63109/home/68486186,5604 Itaska St,38.5845069,-90.2890301,0.3418850433247675,0.391255813973233,0.38097542630598336
https://www.redfin.com/MO/Saint-Louis/4426-Beethoven-Ave-63116/home/93764615,4426 Beethoven Ave,38.588177,-90.2687999,0.3933994000061987,0.38621535342757524,0.36563629180155954
https://www.redfin.com/MO/Saint-Louis/5610-Winona-Ave-63109/home/93781633,5610 Winona Ave,38.5915982,-90.2879892,0.44901276751129354,0.43877451463243483,0.42388902788228794
https://www.redfin.com/MO/Saint-Louis/3954-Russell-Blvd-63110/home/93747570,3954 Russell Blvd,38.6139598,-90.2475661,0.3502806353527383,0.3532831645419113,0.38787508952568656
https://www.redfin.com/MO/Saint-Louis/6119-Archwood-Ln-63123/home/93783414,6119 Archwood Ln,38.5775598,-90.3121454,0.5066327101785008,0.491451756682782,0.5077439465430401
https://www.redfin.com/MO/Saint-Louis/4439-Grace-Ave-63116/home/93706398,4439 Grace Ave,38.5783345,-90.2480376,0.4640487402122035,0.4524053406374738,0.38938146515196465
https://www.redfin.com/MO/Saint-Louis/7113-Coronado-Ave-63116/home/93784075,7113 Coronado Ave,38.5608288,-90.2721268,0.4475582864686012,0.4349365282952767,0.41640632940860056
https://www.redfin.com/MO/Saint-Louis/5722-Murdoch-Ave-63109/home/93753518,5722 Murdoch Ave,38.5874342,-90.2911845,0.4075280929794503,0.3944065830416584,0.3314615081016945
https://www.redfin.com/MO/Saint-Louis/2921-Virginia-Ave-63118/home/69299980,2921 Virginia Ave,38.6031527,-90.2365612,0.33650848342710415,0.31479599674638864,0.3175359911724573
https://www.redfin.com/MO/Saint-Louis/3974-Wyoming-St-63116/home/62743551,3974 Wyoming St,38.599763,-90.2528655,0.26975764778093764,0.3380363155900496,0.36173001695264606
https://www.redfin.com/MO/Saint-Louis/6924-Bancroft-Ave-63109/home/93774172,6924 Bancroft Ave,38.5930454,-90.3105584,0.4237511615839969,0.42631592007188673,0.3969715939568035
https://www.redfin.com/MO/Saint-Louis/6416-Pernod-Ave-63139/home/62758642,6416 Pernod Ave,38.5970608,-90.2985951,0.3295505111195176,0.3556411328423254,0.3423309729751078
https://www.redfin.com/MO/Saint-Louis/4015-Magnolia-Pl-63110/home/93746706,4015 Magnolia Pl,38.6089013,-90.2496605,0.40317174704834235,0.36387340861056194,0.43039381492906303
https://www.redfin.com/MO/Saint-Louis/4343-Hunt-Ave-63110/home/93726066,4343 Hunt Ave,38.6234323,-90.2577095,0.34491337176191184,0.3190720909857949,0.2630669629690373
https://www.redfin.com/MO/Saint-Louis/4237-Wyoming-St-63116/home/62719110,4237 Wyoming St,38.6007684,-90.2597802,0.3946808153372455,0.3873398851623982,0.3463283101318962
https://www.redfin.com/MO/Saint-Louis/3319-Magnolia-Ave-63118/home/93692206,3319 Magnolia Ave,38.6058587,-90.2365621,0.255138528973293,0.2989070550244014,0.3287759567523908
https://www.redfin.com/MO/Saint-Louis/3915-Prather-Ave-63109/home/93769759,3915 Prather Ave,38.5950076,-90.3068691,0.4757709098952598,0.49794702128570145,0.4786272987742542
https://www.redfin.com/MO/Saint-Louis/6639-Arsenal-St-63139/home/93741806,6639 Arsenal St,38.6085382,-90.3026013,0.29064576229887384,0.31834168615590297,0.3750001380016375
https://www.redfin.com/MO/Saint-Louis/6221-Hancock-Ave-63139/home/62694290,6221 Hancock Ave,38.6007168,-90.2954588,0.40314989656431455,0.38723774399181576,0.39666457471531513
https://www.redfin.com/MO/Saint-Louis/5989-N-Cuba-Ct-63139/home/93775577,5989 N Cuba Ct,38.6087787,-90.289679,0.31675432353602306,0.2669568555810423,0.2685268796735501
https://www.redfin.com/MO/Saint-Louis/4467-Wilcox-Ave-63116/home/93764994,4467 Wilcox Ave,38.5820572,-90.2725039,0.396235276548721,0.35331281609471243,0.3628119327669859
https://www.redfin.com/MO/Saint-Louis/2316-Sulphur-Ave-63139/home/93741631,2316 Sulphur Ave,38.6147165,-90.2885804,0.3262183906331818,0.3233444961761983,0.34753893560849675
https://www.redfin.com/MO/Saint-Louis/3532-Arsenal-St-63118/home/93692738,3532 Arsenal St,38.6023771,-90.2412865,0.25838496451213083,0.2521875174570637,0.29686119075710615
https://www.redfin.com/MO/Saint-Louis/3959-Keokuk-St-63116/home/93730133,3959 Keokuk St,38.5875085,-90.2542475,0.38716835123180415,0.3739840154844933,0.3436703994610202
https://www.redfin.com/MO/Saint-Louis/4417-Itaska-St-63116/home/62734963,4417 Itaska St,38.5841893,-90.2698751,0.3813827733757978,0.36415695676248167,0.3534618971889777
https://www.redfin.com/MO/Saint-Louis/6652-Hancock-Ave-63139/home/93748816,6652 Hancock Ave,38.6008438,-90.3040122,0.49584588641787486,0.47193723471881366,0.43774741213229673
https://www.redfin.com/MO/Saint-Louis/5548-Shaw-Ave-63110/home/93726989,5548 Shaw Ave,38.6186647,-90.2806886,0.3260993047382993,0.3224708282368383,0.33616862778883927
https://www.redfin.com/MO/Saint-Louis/4044-Walsh-St-63116/home/93757560,4044 Walsh St,38.5770865,-90.263056,0.38410211860524573,0.43377246911990625,0.425083874276432
https://www.redfin.com/MO/Saint-Louis/2330-S-9th-St-63104/home/93686174,2330 S 9th,38.6035635,-90.2065431,0.21610286634607742,0.2694428016083556,0.2537219584749484
https://www.redfin.com/MO/Saint-Louis/3315-Lemp-Ave-63118/home/93694079,3315 Lemp Ave,38.5937589,-90.2186617,0.3878758680822331,0.3611576143507183,0.36275700852708465
https://www.redfin.com/MO/Saint-Louis/5904-Crane-Cir-63109/home/93783991,5904 Crane Cir,38.5788933,-90.2985119,0.4172950878578777,0.45910579557429326,0.4437282658554929
https://www.redfin.com/MO/Saint-Louis/2133-Allen-Ave-63104/home/93690619,2133 Allen Ave,38.6114418,-90.2182397,0.38488642721543065,0.39217657048117505,0.3365683213267916
https://www.redfin.com/MO/Saint-Louis/3932-Botanical-Ave-63110/home/93746151,3932 Botanical Ave,38.60909,-90.2474938,0.309030330293811,0.35063858799755976,0.3418515001652126
https://www.redfin.com/MO/Saint-Louis/2808-Russell-Blvd-63104/home/93690787,2808 Russell Blvd,38.6115554,-90.2268905,0.35813333417609766,0.3004624386421778,0.33342717768641855
https://www.redfin.com/MO/Saint-Louis/2805-Wyoming-St-63118/home/93677487,2805 Wyoming St,38.5977284,-90.2294936,0.3299215094841159,0.33659584906205964,0.33034371174496296
https://www.redfin.com/MO/Saint-Louis/5235-Oleatha-Ave-63139/home/93777466,5235 Oleatha Ave,38.5973249,-90.2798421,0.326335591744864,0.3950367944079288,0.3852712896608267
https://www.redfin.com/MO/Saint-Louis/4368-Evans-Ave-63113/home/93718950,4368 Evans Ave,38.6549842,-90.245663,0.23934102836910906,0.27567698404550994,0.31843871759363573
https://www.redfin.com/MO/Saint-Louis/1301-Kentucky-Ave-63110/home/93726594,1301 Kentucky Ave,38.6262559,-90.2528822,0.3208764465922883,0.2949333562797795,0.2152576484291123
https://www.redfin.com/MO/Saint-Louis/2024-Blendon-Pl-63143/home/93744126,2024 Blendon Pl,38.6210198,-90.3098075,0.5884981734277966,0.5663360834076621,0.4797829661170031
https://www.redfin.com/MO/Saint-Louis/3216-Henrietta-St-63104/home/146873629,3216 Henrietta St,38.6169638,-90.2329494,0.39965339311977266,0.4256039394082909,0.38268031525637214
https://www.redfin.com/MO/Saint-Louis/3808-Wyoming-St-63116/home/62699741,3808 Wyoming St,38.5993401,-90.2470664,0.26698668682615007,0.3034073414930572,0.31901411692081244
https://www.redfin.com/MO/Saint-Louis/2870-Texas-Ave-63118/home/62695693,2870 Texas Ave,38.601428,-90.2247743,0.24337585477576673,0.327530927243092,0.32692145829197033
https://www.redfin.com/MO/Saint-Louis/2842-Victor-St-63104/home/93699882,2842 Victor St,38.6073397,-90.2288924,0.3028209025183658,0.3284346867896846,0.3382164827200574
https://www.redfin.com/MO/Saint-Louis/2419-S-12th-St-63104/home/93686776,2419 S 12th St,38.6034367,-90.2118822,0.2415148775579551,0.291035517587199,0.3310852482383233
https://www.redfin.com/MO/Saint-Louis/6149-Marwinette-Ave-63116/home/62745727,6149 Marwinette Ave,38.5683468,-90.2679645,0.48783118241994206,0.43246826998435595,0.4362811369436699
https://www.redfin.com/MO/Saint-Louis/3936-McRee-Ave-63110/home/93674086,3936 Mcree Ave,38.6185108,-90.246259,0.369863037463487,0.40170619975478,0.36247968563370847
https://www.redfin.com/MO/Saint-Louis/2820-Accomac-St-63104/home/93691155,2820 Accomac St,38.6098429,-90.2275258,0.37744970233849656,0.3546464138362675,0.3575262480118607
https://www.redfin.com/MO/Saint-Louis/1721-Carroll-St-63104/home/93689729,1721 Carroll St,38.6152463,-90.2110743,0.3276905026644221,0.28744012912982964,0.2384046756571248
https://www.redfin.com/MO/St-Louis/3946-Juniata-St-63116/home/200782915,3946 Juniata St,38.601385,-90.2516512,0.4005726041614887,0.4332305087404131,0.39120393219143007
https://www.redfin.com/MO/Saint-Louis/5755-Waterman-Blvd-63112/home/93762695,5755 Waterman Blvd,38.6503082,-90.2871165,0.41085555253218947,0.3735723741283956,0.34102846943065057
https://www.redfin.com/MO/Saint-Louis/5817-Dressell-Ave-63120/home/93768482,5817 Dressell Ave,38.6889833,-90.2706544,0.2811067829918356,0.26984068603448713,0.2798346731884447
https://www.redfin.com/MO/Saint-Louis/4120-Olive-St-63108/home/62747260,4120 Olive St,38.6434365,-90.2447643,0.30025347983266265,0.3339300955007706,0.3141963138827362
https://www.redfin.com/MO/Saint-Louis/3712-S-Jefferson-Ave-63118/home/93680198,3712 S Jefferson Ave,38.5873981,-90.2263202,0.29916131826157083,0.273062372127889,0.3043235364779329
https://www.redfin.com/MO/Saint-Louis/1913-Hickory-St-63104/home/62723713,1913 Hickory St,38.61920095425906,-90.2121608860753,0.29903774535449007,0.2653119109175575,0.296910305231703
https://www.redfin.com/MO/Saint-Louis/1206-Lynch-St-63118/home/177026261,1206 Lynch St,38.600207,-90.213962,0.2953279430212755,0.2861207139162077,0.27716470343422056
https://www.redfin.com/MO/Saint-Louis/5647-Chamberlain-Ave-63112/home/93722403,5647 Chamberlain Ave,38.661853,-90.2826496,0.5249813216447324,0.5056075539544054,0.49079532712758916
https://www.redfin.com/MO/Saint-Louis/2623-S-11th-St-63118/home/93684435,2623 S 11th St,38.6011592,-90.2116084,0.23166627430624845,0.27328324070846205,0.2551296976928066
https://www.redfin.com/MO/Saint-Louis/3935-McCausland-Ave-63109/home/92586581,3935 Mccausland Ave,38.5946404,-90.3125441,0.4914953889841043,0.5135030487171691,0.48433731632313104
https://www.redfin.com/MO/Saint-Louis/6145-Colorado-Ave-63111/home/103204458,6145 Colorado Ave,38.5621765,-90.2546377,0.48477294010461175,0.45547229868230943,0.44797654686440963
https://www.redfin.com/MO/Saint-Louis/2648-California-Ave-63118/home/93699469,2648 California Ave,38.6049228,-90.2274634,0.3085449998600017,0.28074581964305106,0.24575075668168325
https://www.redfin.com/MO/Saint-Louis/3872-Humphrey-St-63116/home/93728445,3872 Humphrey St,38.5986486,-90.2495181,0.2719622591042013,0.31140958559574,0.3290559474463946
https://www.redfin.com/MO/Saint-Louis/3181-Portis-Ave-63116/home/62766309,3181 Portis Ave,38.6026257,-90.265092,0.27966478646582493,0.3072028682598378,0.31673319680790885
https://www.redfin.com/MO/Saint-Louis/6522-Parkwood-Pl-63116/home/93771928,6522 Parkwood Pl,38.5690899,-90.2762133,0.3632214303499832,0.3674145739664373,0.36552598502254857
https://www.redfin.com/MO/Saint-Louis/3204-Dakota-St-63111/home/82405546,3204 Dakota St,38.5748845,-90.2412329,0.3304535294959691,0.35097797003008036,0.3652960898915122
https://www.redfin.com/MO/Saint-Louis/3138-Lafayette-Ave-63104/home/93683664,3138 Lafayette Ave,38.615861,-90.2318843,0.2795195399895282,0.3042003426156307,0.3604568883827769
https://www.redfin.com/MO/Saint-Louis/4131-Shenandoah-Ave-63110/home/93746480,4131 Shenandoah Ave,38.6108979,-90.2526299,0.33836916963033137,0.3336306948877535,0.3056084987870242
https://www.redfin.com/MO/Saint-Louis/3547-Nebraska-Ave-63118/home/93694802,3547 Nebraska Ave,38.5910233,-90.2332349,0.3588951656939789,0.36490013067947624,0.38346999708022067
https://www.redfin.com/MO/Saint-Louis/2842-Shenandoah-Ave-63104/home/93699596,2842 Shenandoah Ave,38.6081682,-90.2286994,0.37235229150439014,0.3435304209759271,0.3636478668902278
https://www.redfin.com/MO/Saint-Louis/1920-Senate-St-63118/home/93697297,1920 Senate St,38.6023025,-90.2166819,0.2692826816087616,0.2782123945265556,0.31804872578903387
https://www.redfin.com/MO/Saint-Louis/3824-Michigan-Ave-63118/home/93695996,3824 Michigan Ave,38.5866406,-90.237135,0.3536561058946405,0.35105833141911463,0.3340181575217329
https://www.redfin.com/MO/Saint-Louis/3211-Ohio-Ave-63118/home/93694221,3211 Ohio Ave,38.5967789,-90.2272881,0.36624617396586456,0.32658432604434345,0.3323919644655917
https://www.redfin.com/MO/Saint-Louis/3449-Tennessee-Ave-63118/home/62761889,3449 Tennessee Ave,38.5937881,-90.2408296,0.28597171017495004,0.2627480433016838,0.25916900269839893
https://www.redfin.com/MO/Saint-Louis/3408-Hartford-St-63118/home/93692686,3408 Hartford St,38.6011107,-90.2382818,0.3481256721946712,0.3806273483636529,0.3438951840857201
https://www.redfin.com/MO/Saint-Louis/5027-S-Grand-Blvd-63111/home/62773763,5027 S Grand Blvd,38.5723943,-90.251521,0.3588680818548034,0.3614086244433339,0.429235066112913
https://www.redfin.com/MO/Saint-Louis/5368-Odell-St-63139/home/93727772,5368 Odell St,38.606907,-90.2781898,0.43236510199065914,0.387575380147566,0.4043819941996017
https://www.redfin.com/MO/Saint-Louis/4509-Idaho-Ave-63111/home/93706364,4509 Idaho Ave,38.5751879,-90.2429953,0.2857403084663336,0.27479714632478197,0.3240845917433672
https://www.redfin.com/MO/Saint-Louis/6568-Smiley-Ave-63139/home/93742277,6568 Smiley Ave,38.6067627,-90.3019615,0.36060830225490453,0.41393940614439667,0.38001453458883366
https://www.redfin.com/MO/Saint-Louis/5745-De-Giverville-Ave-63112/home/93763218,5745 Degiverville Ave,38.6491969,-90.2868884,0.38226198701354536,0.3760584769620952,0.323023602892995
https://www.redfin.com/MO/Saint-Louis/1208-S-13th-St-63104/home/109007751,1208 S 13th St,38.6166048,-90.204056,0.41459214586380405,0.34042447897036143,0.37408558511536444
https://www.redfin.com/MO/Saint-Louis/515-Loughborough-Ave-63111/home/62692890,515 Loughborough Ave,38.5554918,-90.2563319,0.3467305023818031,0.32700073182304584,0.37498483440143676
https://www.redfin.com/MO/Saint-Louis/5500-Lindenwood-Ave-63109/home/93782525,5500 Lindenwood,38.5932483,-90.2859387,0.3840484376949595,0.371126554108751,0.36426251046643665
https://www.redfin.com/MO/Saint-Louis/5327-Itaska-St-63109/home/93766997,5327 Itaska St,38.5845265,-90.2836336,0.3187144252614957,0.32096854504474703,0.3437024860030229
https://www.redfin.com/MO/Saint-Louis/3413-Oregon-Ave-63118/home/93694789,3413 Oregon Ave,38.5935735,-90.231567,0.26432238381497425,0.23140489643194542,0.25939518120047483
https://www.redfin.com/MO/Saint-Louis/4169-McPherson-Ave-63108/home/93725348,4169 Mcpherson Ave,38.6426745,-90.2472632,0.42354022453995527,0.3623936595887098,0.31597945288347057
https://www.redfin.com/MO/Saint-Louis/2748-Accomac-St-63104/home/93691194,2748 Accomac St,38.6096748,-90.2263262,0.2803249544986506,0.31044768404786804,0.3275501691050222
https://www.redfin.com/MO/Saint-Louis/4211-Norfolk-Ave-63110/home/93725987,4211 Norfolk Ave,38.6257299,-90.2543711,0.30237964909356235,0.32543512153364296,0.2646002156618036
https://www.redfin.com/MO/Saint-Louis/6968-Lansdowne-Ave-63109/home/93774104,6968 Lansdowne Ave,38.5914247,-90.3124369,0.3824970020440164,0.36685010345969987,0.4080980295553224
https://www.redfin.com/MO/Saint-Louis/3215-Magnolia-Ave-63118/home/93691972,3215 Magnolia Ave,38.6056919,-90.2353402,0.27208359579592517,0.3050975122462442,0.30474656178554793
https://www.redfin.com/MO/Saint-Louis/1831-Victor-St-63104/home/93691288,1831 Victor St,38.6042017,-90.2149829,0.4166958038268136,0.33376282747150543,0.31387096738746384
https://www.redfin.com/MO/Saint-Louis/6054-Oleatha-Ave-63139/home/93775378,6054 Oleatha Ave,38.597603,-90.294728,0.3664902847334346,0.35654880418528667,0.32734076355185127
https://www.redfin.com/MO/Saint-Louis/6210-Walsh-St-63109/home/93780258,6210 Walsh St,38.5834935,-90.2966076,0.4001217173359138,0.4122432728829321,0.4210010187142051
https://www.redfin.com/MO/Saint-Louis/3139-Ivanhoe-Ave-63139/home/93741919,3139 Ivanhoe Ave,38.6072878,-90.3036667,0.43960399097971636,0.43358386232367413,0.34963343372430505
https://www.redfin.com/MO/Saint-Louis/4627-Rosa-Ave-63116/home/93759006,4627 Rosa Ave,38.5768104,-90.2773343,0.3443592097232247,0.35914706041005284,0.378169304885279
https://www.redfin.com/MO/Saint-Louis/3419-California-Ave-63118/home/93694324,3419 California Ave,38.593308,-90.2303892,0.24980101102628216,0.2223908029689195,0.23152789674122823
https://www.redfin.com/MO/Saint-Louis/4608-S-Grand-Blvd-63111/home/93706623,4608 S Grand Blvd,38.5764034,-90.2474234,0.2835049816488009,0.28692446694525303,0.33933390282084447
https://www.redfin.com/MO/Saint-Louis/5784-McPherson-Ave-63112/home/143294155,5784 Mcpherson Ave,38.6509486,-90.2883952,0.31346545394790143,0.3107136887300356,0.356983393230269
https://www.redfin.com/MO/Saint-Louis/2911-Michigan-Ave-63118/home/93692558,2911 Michigan Ave,38.6031697,-90.2342046,0.28916251327080184,0.3000059563557917,0.3222025972649749
https://www.redfin.com/MO/Saint-Louis/2010-Oregon-Ave-63104/home/93690058,2010 Oregon Ave,38.6124412,-90.2270977,0.31619982906506844,0.3159932386314366,0.3426132733219269
https://www.redfin.com/MO/Saint-Louis/3434-Sidney-St-63104/home/93692319,3434 Sidney St,38.6075145,-90.2379329,0.422212104834886,0.39731593540651644,0.338835799580591
https://www.redfin.com/MO/Saint-Louis/3285-Jasper-Park-63139/home/62762693,3285 Jasper Park,38.601686,-90.2857642,0.4604356977568682,0.48592176118648,0.49753860222693985
https://www.redfin.com/MO/Saint-Louis/919-Pendleton-Ave-63108/home/93739849,919 Pendleton Ave,38.6493172,-90.2470994,0.3725656528550445,0.4040916665555349,0.42035499026898016
https://www.redfin.com/MO/Saint-Louis/3957-Shaw-Blvd-63110/home/109007223,3957 Shaw Blvd,38.616106,-90.2473402,0.45407835670728314,0.37638509057937725,0.34135169570304214
https://www.redfin.com/MO/Saint-Louis/1111-Allen-Ave-63104/home/93672772,1111 Allen Ave,38.6086249,-90.2085467,0.19995511063866603,0.21637177331833027,0.24814557496210551
https://www.redfin.com/MO/Saint-Louis/4731-Holly-Hills-Ave-63116/home/93756713,4731 Holly Hills Ave,38.5748479,-90.2808042,0.32710732623726085,0.30891402854292194,0.301136494025091
https://www.redfin.com/MO/Saint-Louis/6206-Victoria-Ave-63139/home/93726369,6206 Victoria Ave,38.6276229,-90.2902389,0.42960476629170896,0.4092775016377362,0.37070347233588646
https://www.redfin.com/MO/Saint-Louis/3129-Maury-Ave-63116/home/93767069,3129 Maury Ave,38.6042449,-90.2672359,0.35283092680118444,0.34050557156457395,0.35725624304896236
https://www.redfin.com/MO/Saint-Louis/6953-Arthur-Ave-63139/home/93743537,6953 Arthur Ave,38.6028926,-90.3096315,0.5621409524699413,0.48379314179541155,0.3812580743834865
https://www.redfin.com/MO/Saint-Louis/3125-Morganford-Rd-63116/home/93749581,3125 Morganford Rd,38.6037888,-90.2615325,0.21916178412207502,0.28779547543507117,0.42477858621314823
https://www.redfin.com/MO/Saint-Louis/3324-Wyoming-St-63118/home/93693085,3324 Wyoming St,38.5983609,-90.2383191,0.3460962726774181,0.40002762046348006,0.3571832423164157
https://www.redfin.com/MO/Saint-Louis/4046-Magnolia-Pl-63110/home/93746694,4046 Magnolia Pl,38.6086685,-90.2508068,0.4342126356202326,0.4388696028666063,0.47405032381858675
https://www.redfin.com/MO/Saint-Louis/6718-Glades-Ave-63139/home/93741249,6718 Glades Ave,38.6207101,-90.3022139,0.47071171791070965,0.5328621031617412,0.4762884137915069
https://www.redfin.com/MO/Saint-Louis/1507-Brock-St-63139/home/93740791,1507 Brock St,38.6245419,-90.3026208,0.5235901663448209,0.5111668807135196,0.484158672098447
https://www.redfin.com/MO/Saint-Louis/4390-Chouteau-Ave-63110/home/175305510,4390 Chouteau Ave,38.6295552,-90.2572733,0.3188737958712994,0.3504756736490116,0.285437309613218
https://www.redfin.com/MO/Saint-Louis/4371-W-Belle-Pl-63108/home/93739744,4371 W Belle Pl,38.6510677,-90.2485315,0.42645070192498524,0.37101567732618623,0.40168381335521886
https://www.redfin.com/MO/Saint-Louis/6451-Devonshire-Ave-63109/home/62719364,6451 Devonshire Ave,38.589862,-90.302191,0.45828706015434006,0.4451916719954823,0.40454179080588853
https://www.redfin.com/MO/Saint-Louis/1014-Bittner-St-63147/home/93730724,1014 Bittner St,38.7097915,-90.2325736,0.48065940837872784,0.48665986887849133,0.4597031658383008
https://www.redfin.com/MO/Saint-Louis/4118-Russell-Blvd-63110/home/93747036,4118 Russell Blvd,38.6143264,-90.2516645,0.3289901379943376,0.37414422600414515,0.3995042930810436
https://www.redfin.com/MO/Saint-Louis/6227-Oleatha-Ave-63139/home/93775308,6227 Oleatha Ave,38.5981235,-90.2961002,0.36695296728600796,0.3508794245787249,0.35692678081257534
https://www.redfin.com/MO/Saint-Louis/4675-Tennessee-Ave-63111/home/93707155,4675 Tennessee Ave,38.5745832,-90.2480968,0.36854515553146294,0.32693541921897357,0.3552009209217809
https://www.redfin.com/MO/Saint-Louis/4705-Virginia-Ave-63111/home/62772531,4705 Virginia Ave,38.5716222,-90.2441455,0.25000231252875577,0.30456685956877433,0.32273178540476266
https://www.redfin.com/MO/Saint-Louis/5632-S-Magnolia-Ave-63139/home/93727129,5632 S Magnolia Ave,38.6098429,-90.2831701,0.30637659337026685,0.32856341298491304,0.3683501234761199
https://www.redfin.com/MO/Saint-Louis/1913-Lasalle-St-63104/home/93701274,1913 Lasalle St,38.6200028,-90.2118922,0.26876515073972085,0.2742718824713942,0.2738280685588099
https://www.redfin.com/MO/Saint-Louis/5510-Rhodes-Ave-63109/home/93771583,5510 Rhodes Ave,38.5783113,-90.2886669,0.3715707119201587,0.35628796185552825,0.36311210746811107
https://www.redfin.com/MO/Saint-Louis/2238-Edwards-St-63110/home/93672324,2238 Edwards,38.6136828,-90.2753051,0.14633485967549756,0.2409664818910097,0.2727341195337358
https://www.redfin.com/MO/Saint-Louis/6541-Lindenwood-Pl-63109/home/93775147,6541 Lindenwood Pl,38.5953392,-90.3027567,0.38839677525182775,0.34722210933618647,0.3130180038522133
https://www.redfin.com/MO/Saint-Louis/5065-Miami-St-63139/home/93777375,5065 Miami St,38.5961616,-90.2780914,0.280631762329745,0.31843496595255805,0.3440959593607536
https://www.redfin.com/MO/Saint-Louis/5609-Oleatha-Ave-63139/home/90082902,5609 Oleatha Ave,38.5970977,-90.2856398,0.40700506759841115,0.39352214573566113,0.3909367993976069
https://www.redfin.com/MO/Saint-Louis/2600-Tennessee-Ave-63118/home/93692196,2600 Tennessee Ave,38.6074971,-90.2374849,0.4523033140835805,0.4077746462942828,0.33508815595630237
https://www.redfin.com/MO/Saint-Louis/5505-Milentz-Ave-63109/home/93771350,5505 Milentz Ave,38.5794914,-90.288175,0.3281643726262155,0.34410610187843965,0.37483125228806385
https://www.redfin.com/MO/Saint-Louis/4118-Quincy-St-63116/home/93772931,4118 Quincy St,38.5643323,-90.2762296,0.3332918865413773,0.3336471743148407,0.3142599361743433
https://www.redfin.com/MO/Saint-Louis/4140-Shaw-Blvd-63110/home/66529019,4140 Shaw Blvd,38.6160844,-90.2521885,0.3321347071217819,0.35353918482701013,0.3123923045625485
https://www.redfin.com/MO/Saint-Louis/5505-S-Kingshighway-Blvd-63109/home/93765482,5505 S Kingshighway Blvd,38.579965,-90.2802548,0.3223736730216766,0.31132000312230407,0.3204617987068511
https://www.redfin.com/MO/Saint-Louis/3113-Wyoming-St-63118/home/93693203,3113 Wyoming St,38.5982407,-90.2343299,0.21448253601385978,0.2208806507898148,0.24812536925142517
https://www.redfin.com/MO/Saint-Louis/3500-California-Ave-63118/home/62744258,3500 California Ave,38.5919033,-90.2301763,0.29405826559762815,0.30262724233170135,0.30110320681143476
https://www.redfin.com/MO/Saint-Louis/5854-Waterman-Blvd-63112/home/93762436,5854 Waterman Blvd,38.6498609,-90.2920141,0.4810851029340905,0.4143169882736349,0.39479911285590435
https://www.redfin.com/MO/Saint-Louis/7062-Winona-Ave-63109/home/62764318,7062 Winona Ave,38.5944859,-90.314606,0.5214444476851839,0.5135312459464201,0.4789903176287482
https://www.redfin.com/MO/Saint-Louis/3632-Hartford-St-63116/home/93699752,3632 Hartford St,38.6017614,-90.2436842,0.36419872030045053,0.3467565910690484,0.3320753095127406
https://www.redfin.com/MO/Saint-Louis/1021-Lafayette-Ave-63104/home/93685325,1021 Lafayette Ave,38.611745,-90.2041788,0.2929982009386898,0.2489275595500835,0.28273505730242887
https://www.redfin.com/MO/Saint-Louis/6721-Scanlan-Ave-63139/home/93742242,6721 Scanlan Ave,38.606165,-90.3045768,0.44900140276511863,0.42672000284289313,0.3941124418890948
https://www.redfin.com/MO/Saint-Louis/3705-Illinois-Ave-63118/home/62736877,3705 Illinois Ave,38.587293,-90.2234554,0.4088878995288916,0.3510295893988085,0.3533884883710719
https://www.redfin.com/MO/Saint-Louis/7120-Bancroft-Ave-63109/home/93749073,7120 Bancroft Ave,38.5937248,-90.3169005,0.5116934832918706,0.49042657093099307,0.4334350442007082
https://www.redfin.com/MO/Saint-Louis/905-Hornsby-Ave-63147/home/93761181,905 Hornsby Ave,38.7188249,-90.2320375,0.48591462070429986,0.4770782187934636,0.4676377119252982
https://www.redfin.com/MO/Saint-Louis/7856-Leona-St-63123/home/93784432,7856 Leona St,38.5553654,-90.2818964,0.4956985102074066,0.49425255293178477,0.4768469160957234
https://www.redfin.com/MO/Saint-Louis/4921-S-Compton-Ave-63111/home/93707740,4921 S Compton Ave,38.5690476,-90.2427266,0.60294058557931,0.5790056133391687,0.47804369308001227
https://www.redfin.com/MO/Saint-Louis/6753-Oleatha-Ave-63139/home/93778987,6753 Oleatha Ave,38.5995753,-90.3078299,0.34196224020764854,0.36087183130746814,0.439620403115961
https://www.redfin.com/MO/Saint-Louis/1403-Montrose-Ave-63104/home/93689825,1403 Montrose Ave,38.6204164,-90.2278189,0.3910215380109152,0.4317402980023132,0.382684054993052
https://www.redfin.com/MO/Saint-Louis/6924-Fyler-Ave-63139/home/93743402,6924 Fyler Ave,38.6034582,-90.3084999,0.4842701778939238,0.4813159624306859,0.4035899638838191
https://www.redfin.com/MO/Saint-Louis/1324-Graham-St-63139/home/93726361,1324 Graham St,38.6263649,-90.2913131,0.523197628637204,0.4923830027489051,0.3695495578419103
https://www.redfin.com/MO/Saint-Louis/1348-Kraft-St-63139/home/65542487,1348 Kraft St,38.6265262,-90.3009271,0.43552477196014105,0.43835041119953067,0.45191043034780554
https://www.redfin.com/MO/Saint-Louis/6915-Hancock-Ave-63139/home/93743525,6915 Hancock Ave,38.6017022,-90.308463,0.49391701751486566,0.4702265105191184,0.4717264607190371
https://www.redfin.com/MO/Saint-Louis/5534-Winona-Ave-63109/home/62752123,5534 Winona Ave,38.5915596,-90.2871702,0.4785105347734114,0.4469441732880925,0.4313510711177726
https://www.redfin.com/MO/Saint-Louis/6546-Arsenal-St-63139/home/93742269,6546 Arsenal St,38.6079945,-90.300928,0.3782385884457012,0.3897810249365855,0.40887238154755373
https://www.redfin.com/MO/Saint-Louis/6615-Fyler-Ave-63139/home/70413579,6615 Fyler Ave,38.6031912,-90.3018589,0.443950237702834,0.48123401119551834,0.45560579264270407
https://www.redfin.com/MO/Saint-Louis/5201-Kingwood-Dr-63123/home/93783012,5201 Kingwood Dr,38.5835179,-90.3139068,0.5074326379807775,0.5343028890183629,0.5188734734065122
https://www.redfin.com/MO/Saint-Louis/7068-Winona-Ave-63109/home/93747650,7068 Winona Ave,38.5945188,-90.3148255,0.5103830846946003,0.5092902439819802,0.48211823922231933
https://www.redfin.com/MO/Saint-Louis/6431-Hancock-Ave-63139/home/93743263,6431 Hancock Ave,38.6010408,-90.2983979,0.4101247732969609,0.38655463603715495,0.3497379023791541
https://www.redfin.com/MO/Saint-Louis/7047-Tholozan-Ave-63109/home/93747958,7047 Tholozan,38.5981955,-90.3134554,0.5117050442685734,0.4936120851729995,0.4796012531309127
https://www.redfin.com/MO/Saint-Louis/7226-Virginia-Ave-63111/home/93710435,7226 Virginia Ave,38.5521645,-90.2589419,0.3530457956109883,0.32772209226248455,0.37381518500462657
https://www.redfin.com/MO/Saint-Louis/7081-Winona-Ave-63109/home/93747743,7081 Winona Ave,38.5949673,-90.31524,0.5316327711951336,0.4920395883024284,0.48724335101111044
https://www.redfin.com/MO/Saint-Louis/2661-Iowa-Ave-63118/home/93699479,2661 Iowa Ave,38.6042933,-90.2268658,0.21677658302305577,0.1842329695414367,0.2326298349383966
https://www.redfin.com/MO/Saint-Louis/3914-Bates-St-63116/home/93781586,3914 Bates St,38.5718791,-90.2610598,0.4135264757476233,0.4236393496814177,0.3980546115952454
https://www.redfin.com/MO/Saint-Louis/1116-McLaran-Ave-63147/home/93731327,1116 Mclaran Ave,38.7151919,-90.2344212,0.43671810746404666,0.4385536695871242,0.4032395099417307
https://www.redfin.com/MO/Saint-Louis/8578-Drury-Ln-63147/home/93732306,8578 Drury Ln,38.7153068,-90.2453752,0.405402656423888,0.3927186495195298,0.4235277430361759
https://www.redfin.com/MO/Saint-Louis/3832-Louis-St-63116/home/93785292,3832 Louis St,38.5572189,-90.273247,0.43020334388877973,0.41795097449122975,0.40279547506844426
https://www.redfin.com/MO/Saint-Louis/919-Bates-St-63111/home/93708532,919 Bates St,38.5673671,-90.251727,0.3915204508216872,0.3853019172516162,0.40113553115136646
https://www.redfin.com/MO/Saint-Louis/4556-Carter-Ave-63115/home/93734106,4556 Carter Ave,38.6794698,-90.2354049,0.382960738365614,0.4038241989924908,0.40572647808055146
https://www.redfin.com/MO/Saint-Louis/5714-Park-Ln-63147/home/93770313,5714 Park Ln,38.7092389,-90.2506914,0.41338726033750206,0.37882729681097005,0.37831713753257173
https://www.redfin.com/MO/Saint-Louis/4028-Blow-St-63116/home/93784131,4028 Blow St,38.5622483,-90.2741459,0.4154414170786902,0.429347608409421,0.4090398929770932
https://www.redfin.com/MO/Saint-Louis/5730-Park-Ln-63147/home/63495459,5730 Park Ln,38.7096298,-90.2504443,0.4001563980375769,0.42374713902654904,0.37983664304682946
https://www.redfin.com/MO/Saint-Louis/6416-Brockschmidt-Pl-63139/home/62697249,6416 Brockschmidt Pl,38.622671,-90.2947141,0.505651542982599,0.49165077316887673,0.3886878011507685
https://www.redfin.com/MO/Saint-Louis/5938-Keith-Pl-63109/home/93783975,5938 Keith Pl,38.5749636,-90.297135,0.4164546400171743,0.4042822636324307,0.3814900522923197
https://www.redfin.com/MO/Saint-Louis/8014-Morganford-Rd-63123/home/93784186,8014 Morgan Ford Rd,38.5574129,-90.2848594,0.35123168114556025,0.4090043203697691,0.4147057161904212
https://www.redfin.com/MO/Saint-Louis/4116-Koeln-Ave-63116/home/93784371,4116 Koeln Ave,38.5609306,-90.2803783,0.42446839224079413,0.4254464541671875,0.4178616329435766
https://www.redfin.com/MO/Saint-Louis/3633-Poepping-St-63125/home/62716050,3633 Poepping St,38.5506531,-90.2729677,0.46952485722624904,0.41155898615402237,0.388370120123153
https://www.redfin.com/MO/Saint-Louis/6759-Delor-St-63109/home/93781467,6759 Delor St,38.5848302,-90.3096092,0.5070263228910533,0.4701578591200797,0.4240562137314085
https://www.redfin.com/MO/Saint-Louis/7401-Morganford-Rd-63116/home/93783786,7401 Morganford Rd,38.5620816,-90.2811354,0.36264550415694574,0.3822492063932449,0.4153465841555982
https://www.redfin.com/MO/Saint-Louis/6411-Hancock-Ave-63139/home/93743260,6411 Hancock Ave,38.6009725,-90.2977047,0.46796533166424686,0.44895132939518806,0.36881100245651127
https://www.redfin.com/MO/Saint-Louis/510-Holly-Hills-Ave-63111/home/93709675,510 Holly Hills Ave,38.558537,-90.252488,0.3344623459102175,0.3357822463156563,0.3366384764669421
https://www.redfin.com/MO/Saint-Louis/7051-Nashville-Ave-63117/home/62733529,7051 Nashville Ave,38.628157,-90.3089178,0.47691475683445944,0.4577320444420921,0.4161621319732885
https://www.redfin.com/MO/Saint-Louis/5701-Arthur-Ave-63139/home/93743048,5701 Arthur Ave,38.6005078,-90.2857538,0.4417290037043644,0.46587586569961037,0.48912838451107943
https://www.redfin.com/MO/Saint-Louis/5531-Arthur-Ave-63139/home/93742850,5531 Arthur Ave,38.6000199,-90.2827867,0.4943033322235394,0.436252563436555,0.41397398165029037
https://www.redfin.com/MO/Saint-Louis/5689-Pernod-Ave-63139/home/93780762,5689 Pernod Ave,38.5964925,-90.2883934,0.35958058247909946,0.3735364695607361,0.35478905424217
https://www.redfin.com/MO/Saint-Louis/3428-Indiana-Ave-63118/home/93694556,3428 Indiana Ave,38.5920584,-90.2240448,0.39873094949802584,0.3251920058219643,0.2869048278237669
https://www.redfin.com/MO/Saint-Louis/6446-Virginia-Ave-63111/home/93709661,6446 Virginia Ave,38.5574695,-90.252928,0.4046112474056126,0.38175208040784236,0.3534592467658891
https://www.redfin.com/MO/Saint-Louis/5458-Murdoch-Ave-63109/home/93753485,5458 Murdoch Ave,38.5869412,-90.2864748,0.32927084776265275,0.3661687494401245,0.37878093230515847
https://www.redfin.com/MO/Saint-Louis/7305-Coronado-Ave-63116/home/93785089,7305 Coronado Ave,38.559648,-90.2734867,0.44094229607549684,0.44797553168984683,0.44781789120736515
https://www.redfin.com/MO/Saint-Louis/7816-Wilmar-Pl-63123/home/93784777,7816 Wilmar Pl,38.5551404,-90.2797735,0.4598552744494969,0.4931672533614153,0.45888634869209055
https://www.redfin.com/MO/Saint-Louis/7824-Decatur-Dr-63123/home/93784929,7824 Decatur Dr,38.5544128,-90.2799483,0.5014488595583613,0.4895710555763738,0.5148424874785518
https://www.redfin.com/MO/Saint-Louis/4312-Steins-St-63116/home/93783755,4312 Steins St,38.5617317,-90.2821892,0.4394325988444243,0.42021680402400985,0.40280030738296974
https://www.redfin.com/MO/Saint-Louis/4267-Miami-St-63116/home/93728724,4267 Miami St,38.5939942,-90.2619247,0.3873041181052845,0.344275247167881,0.3102238196722341
https://www.redfin.com/MO/Saint-Louis/8770-Jordan-Ave-63147/home/93782959,8770 Jordan Ave,38.7231738,-90.2303723,0.4830547510393303,0.4996062851857162,0.4646205053632374
https://www.redfin.com/MO/Saint-Louis/2817-Knox-Ct-63139/home/62731523,2817 Knox Ct,38.6105786,-90.2917035,0.38619459213482005,0.3691728977058216,0.36546950933770145
https://www.redfin.com/MO/Saint-Louis/6462-Villa-Ave-63139/home/93740899,6462 Villa Ave,38.6245532,-90.29579,0.45817908746944286,0.47195948690027983,0.4597402213764014
https://www.redfin.com/MO/Saint-Louis/4172-Parker-Ave-63116/home/93729136,4172 Parker Ave,38.5966697,-90.2588112,0.28510303491926337,0.28512766488180696,0.2803578987044763
https://www.redfin.com/MO/Saint-Louis/4352-Steins-St-63116/home/93783782,4352 Steins St,38.5625597,-90.2836497,0.4737752439907709,0.49848574747669494,0.5425091185342653
https://www.redfin.com/MO/Saint-Louis/3566-Bamberger-Ave-63116/home/93730446,3566 Bamberger Ave,38.5923271,-90.2488272,0.3098168328815527,0.25239426180892655,0.2349990671604185
https://www.redfin.com/MO/Saint-Louis/3183-Clifton-Ave-63139/home/93775835,3183 Clifton Ave,38.6050278,-90.2940025,0.351379512633448,0.3382110191086675,0.3423701002197339
https://www.redfin.com/MO/Saint-Louis/4336-Al-Clare-Dr-63123/home/93784696,4336 Al Clare Dr,38.5563841,-90.2882541,0.4367869839194659,0.4795867116150823,0.4428891507958133
https://www.redfin.com/MO/Saint-Louis/3971-Juniata-St-63116/home/93749833,3971 Juniata St,38.6018655,-90.2525387,0.40661203605842294,0.43601622809067997,0.4022740707827128
https://www.redfin.com/MO/Saint-Louis/4317-Alma-Ave-63116/home/93771930,4317 Alma Ave,38.5687804,-90.2755217,0.3495506391955093,0.3271299215940914,0.3450974336023161
https://www.redfin.com/MO/Saint-Louis/1719-Veronica-Ave-63147/home/93778775,1719 Veronica Ave,38.719397,-90.246824,0.41263962491859524,0.3633998958738968,0.3809982242556321
https://www.redfin.com/MO/Saint-Louis/5634-Fyler-Ave-63139/home/93742905,5634 Fyler Ave,38.6011066,-90.2856854,0.44678453772670285,0.47114653296126957,0.489855053053906
https://www.redfin.com/MO/Saint-Louis/4239-Eichelberger-St-63116/home/93773996,4239 Eichelberger St,38.5785255,-90.2675646,0.407947090210979,0.3816158031561948,0.3203763932099389
https://www.redfin.com/MO/Saint-Louis/6919-Marquette-Ave-63139/home/62739915,6919 Marquette Ave,38.6007229,-90.3087103,0.4924030144519281,0.4589250972863389,0.4542120678162358
https://www.redfin.com/MO/Saint-Louis/4412-Pennsylvania-Ave-63111/home/62746968,4412 Pennsylvania Ave,38.5758876,-90.2369901,0.3741478286475364,0.4272872971522001,0.39751197529513793
https://www.redfin.com/MO/Saint-Louis/5540-Arthur-Ave-63139/home/93742756,5540 Arthur Ave,38.5997201,-90.2831903,0.40100754501723684,0.46140066616824393,0.420508867465991
https://www.redfin.com/MO/Saint-Louis/5549-Lindenwood-Ave-63109/home/93782495,5549 Lindenwood Ave,38.593799,-90.2875019,0.41571572736985035,0.36886117545080793,0.3441200627762093
https://www.redfin.com/MO/Saint-Louis/8015-Parkwood-Dr-63123/home/93783874,8015 Parkwood Dr,38.558122,-90.2861006,0.4755055979984236,0.43159271324941295,0.4347232430177848
https://www.redfin.com/MO/Saint-Louis/324-Hurck-St-63111/home/93711861,324 Hurck St,38.5440692,-90.266502,0.3953135602516273,0.4163740501524879,0.42142034781580856
https://www.redfin.com/MO/Saint-Louis/7700-Michigan-Ave-63111/home/93684134,7700 Michigan Ave,38.5483819,-90.2614292,0.3072199332724954,0.29229219765974174,0.3147224660055753
https://www.redfin.com/MO/Saint-Louis/3728-Arkansas-Ave-63118/home/93785856,3728 Arkansas Ave,38.5889782,-90.2424355,0.3168591304006406,0.3143532138781165,0.25783759958697555
https://www.redfin.com/MO/Saint-Louis/4375-Haven-St-63116/home/93770778,4375 Haven St,38.5688727,-90.2780236,0.4491450812537132,0.46979030113106945,0.4925360103636154
https://www.redfin.com/MO/Saint-Louis/2159-McCausland-Ave-63143/home/93744176,2159 Mccausland Ave,38.6182727,-90.3091779,0.3362918640963756,0.37571937966642094,0.3989286122143138
https://www.redfin.com/MO/Saint-Louis/7417-Ray-Ave-63116/home/93784359,7417 Ray Ave,38.5599706,-90.279956,0.4291924666660839,0.47102161347785304,0.42963333117099967
https://www.redfin.com/MO/Saint-Louis/6136-Adkins-Ave-63116/home/93776767,6136 Adkins Ave,38.5708483,-90.2711325,0.3935651206197758,0.359688632411288,0.37192122776100295
https://www.redfin.com/MO/Saint-Louis/3145-Clifton-Ave-63139/home/93775897,3145 Clifton Ave,38.6059285,-90.2931155,0.27703737550785734,0.2662910649832093,0.2960695252169407
https://www.redfin.com/MO/Saint-Louis/5614-Bancroft-Ave-63109/home/93753095,5614 Bancroft Ave,38.5907694,-90.2886951,0.4504237361914676,0.46351528897778677,0.449831025704247
https://www.redfin.com/MO/Saint-Louis/5060-Potomac-St-63139/home/62689742,5060 Potomac St,38.5975762,-90.2777395,0.3975498836583099,0.3704575524366535,0.36345378151411695
https://www.redfin.com/MO/Saint-Louis/1122-Grandview-Pl-63139/home/93765054,1122 Grandview Pl,38.6302722,-90.3018447,0.2950336390077769,0.26960109485016226,0.3426930253803761
https://www.redfin.com/MO/Saint-Louis/4359-Toenges-Ave-63116/home/88153802,4359 Toenges Ave,38.5701373,-90.2761535,0.3563765049413859,0.3872168928758467,0.41948055275765356
https://www.redfin.com/MO/Saint-Louis/6231-Archwood-Ln-63123/home/93783440,6231 Archwood Ln,38.5759451,-90.3105977,0.4829926552686381,0.5002624550601035,0.5070213540206717
https://www.redfin.com/MO/Saint-Louis/5011-Lindenwood-Ave-63109/home/93776237,5011 Lindenwood Ave,38.5926412,-90.2767898,0.31103402566512145,0.27763689478078757,0.2767980404623624
https://www.redfin.com/MO/Saint-Louis/3905-Cottage-Ave-63113/home/103202894,3905 Cottage Ave,38.6555256,-90.2289682,0.3852401925473915,0.400507186952519,0.39501218494535867
https://www.redfin.com/MO/Saint-Louis/3653-Taft-Ave-63116/home/93706495,3653 Taft Ave,38.5778106,-90.2490323,0.5267516456653976,0.4207639292032431,0.38293676166312973
https://www.redfin.com/MO/Saint-Louis/4475-N-Taylor-Ave-63115/home/93734728,4475 N Taylor Ave,38.6803589,-90.2315238,0.4739072069792499,0.44651801805348396,0.4353771492212005
https://www.redfin.com/MO/Saint-Louis/6511-Southwest-Ave-63139/home/93784493,6511 Southwest Ave,38.612537,-90.2987884,0.47037514299548316,0.42952493690842736,0.45367584065850347
https://www.redfin.com/MO/Saint-Louis/7337-Sharp-Ave-63116/home/93784838,7337 Sharp Ave,38.5599074,-90.2755505,0.48872453319496656,0.48601024175395463,0.4752599303267405
https://www.redfin.com/MO/Saint-Louis/4348-Chippewa-St-63116/home/93771871,4348 Chippewa St,38.5904332,-90.2659354,0.4005427161718187,0.36729321608266075,0.35565855630879606
https://www.redfin.com/MO/Saint-Louis/7048-Lansdowne-Ave-63109/home/93774127,7048 Lansdowne Ave,38.5916236,-90.3144833,0.39111665053500855,0.38474674206933224,0.39088379899047015
https://www.redfin.com/MO/Saint-Louis/5533-S-Kingshighway-Blvd-63109/home/93765488,5533 S Kingshighway Blvd,38.5796026,-90.2809996,0.2975169558851241,0.3199837933620757,0.31503246796327905
https://www.redfin.com/MO/Saint-Louis/4117-Oleatha-Ave-63116/home/93728791,4117 Oleatha Ave,38.5944164,-90.2572499,0.49257657307543457,0.4025710294830815,0.3857415087655516
https://www.redfin.com/MO/Saint-Louis/4989-Odell-St-63139/home/93727970,4989 Odell St,38.606828,-90.2722682,0.4853576577004956,0.4418126281238006,0.3233447447306968
https://www.redfin.com/MO/Saint-Louis/4818-Oleatha-Ave-63116/home/93756226,4818 Oleatha Ave,38.5953749,-90.2695436,0.29012976246862227,0.3070743950648718,0.2447088667776556
https://www.redfin.com/MO/Saint-Louis/3892-Kingsland-Ct-63116/home/93780394,3892 Kingsland Ct,38.5835633,-90.2515472,0.26070282314384524,0.3047293907145108,0.32160312691743576
https://www.redfin.com/MO/Saint-Louis/5339-Murdoch-Ave-63109/home/93753350,5339 Murdoch Ave,38.587064,-90.2836569,0.27954229709531697,0.3020906208623468,0.3532397262508843
https://www.redfin.com/MO/Saint-Louis/6318-Bradley-Ave-63139/home/93776323,6318 Bradley Ave,38.6031195,-90.2960741,0.32612289202560746,0.3492268986727723,0.33719062835198294
https://www.redfin.com/MO/Saint-Louis/4250-Ellenwood-Ave-63116/home/93772441,4250 Ellenwood Ave,38.585205,-90.2649065,0.3675714626797901,0.3248660726638152,0.29389160681440163
https://www.redfin.com/MO/Saint-Louis/4743-Maffitt-Ave-63113/home/93748635,4743 Maffitt Ave,38.6674967,-90.2501471,0.4828721056470729,0.4818604633064133,0.4664334635269948
https://www.redfin.com/MO/Saint-Louis/4119-Castleman-Ave-63110/home/93747063,4119 Castleman Ave,38.6155396,-90.2514793,0.32766964429684164,0.3268231067419439,0.33725558906580877
https://www.redfin.com/MO/Saint-Louis/5644-Murdoch-Ave-63109/home/93753509,5644 Murdoch Ave,38.5873088,-90.2900483,0.44496194680994594,0.4095546390844948,0.3880122572371271
https://www.redfin.com/MO/Saint-Louis/6021-Leona-St-63116/home/93770843,6021 Leona St,38.5703228,-90.2674687,0.4589897591005973,0.45371108036021635,0.39701886963661875
https://www.redfin.com/MO/Saint-Louis/5230-Gresham-Ave-63109/home/93764460,5230 Gresham Ave,38.5742614,-90.2870746,0.33396913920707255,0.35457754449863105,0.3557061839770223
https://www.redfin.com/MO/Saint-Louis/6147-Adkins-Ave-63116/home/93776831,6147 Adkins Ave,38.5707548,-90.2717999,0.38199865827737317,0.356850499309058,0.40673290034587506
https://www.redfin.com/MO/Saint-Louis/3865-Hartford-St-63116/home/93728262,3865 Hartford St,38.6026233,-90.2485363,0.41942529481668556,0.42835952189083704,0.46588363709692143
https://www.redfin.com/MO/Saint-Louis/938-Catalpa-St-63112/home/79932477,938 Catalpa St,38.6607521,-90.2931493,0.5328819082153904,0.5267651317763107,0.504786040224906
https://www.redfin.com/MO/Saint-Louis/5400-Itaska-St-63109/home/93766590,5400 Itaska St,38.5840775,-90.2848983,0.3316578987427999,0.3315993247017414,0.34548918213530605
https://www.redfin.com/MO/Saint-Louis/1727-Veronica-Ave-63147/home/93778777,1727 Veronica Ave,38.719449,-90.2471071,0.40411317620395304,0.37228139026026313,0.3867941774287742
https://www.redfin.com/MO/Saint-Louis/4261-Red-Bud-Ave-63115/home/93714723,4261 Red Bud Ave,38.6748306,-90.2269628,0.43662427566931566,0.440179022380066,0.41347896392707384
https://www.redfin.com/MO/Saint-Louis/8623-Partridge-Ave-63147/home/93730784,8623 Partridge Ave,38.7145421,-90.2406967,0.3467477217115459,0.3391448666407213,0.3464659238632687
https://www.redfin.com/MO/Saint-Louis/8635-Partridge-Ave-63147/home/93730787,8635 Partridge Ave,38.7148052,-90.2406294,0.32678568289631577,0.33062287038099936,0.3339173028242744
https://www.redfin.com/MO/Saint-Louis/4010-Schiller-Pl-63116/home/93781145,4010 Schiller Pl,38.5749534,-90.262517,0.4543778904606589,0.4821347344461315,0.5157839518138175
https://www.redfin.com/MO/Saint-Louis/8622-Partridge-Ave-63147/home/93731019,8622 Partridge Ave,38.7143631,-90.2401984,0.4105148693778014,0.3412014591685369,0.3606841695276856
https://www.redfin.com/MO/Saint-Louis/3316-Commonwealth-Ave-63143/home/62739229,3316 Commonwealth Ave,38.605921,-90.3143017,0.43780094398092007,0.47697022601464134,0.44856922732994264
https://www.redfin.com/MO/Saint-Louis/5821-Oleatha-Ave-63139/home/93780599,5821 Oleatha Ave,38.5977025,-90.2916795,0.2949062901917596,0.2738113426262534,0.29802733564726774
https://www.redfin.com/MO/Saint-Louis/6433-Woodbine-Ct-63109/home/93774330,6433 Woodbine Ct,38.5737464,-90.2903213,0.3490539514031441,0.37284319227198587,0.36990174802993936
https://www.redfin.com/MO/Saint-Louis/5250-Highland-Ave-63113/home/93737940,5250 Highland Ave,38.670361,-90.2634163,0.33021801758585717,0.37242663470849413,0.3953915379583565
https://www.redfin.com/MO/Saint-Louis/4417-Wallace-St-63116/home/93764109,4417 Wallace St,38.5833511,-90.2701655,0.37371970274248106,0.3394700089125828,0.34454249355290756
https://www.redfin.com/MO/Saint-Louis/3840-S-Compton-Ave-63118/home/93695741,3840 S Compton Ave,38.5863198,-90.2383328,0.33581434571929514,0.3278406783183041,0.31501979538560715
https://www.redfin.com/MO/Saint-Louis/3831-Oregon-Ave-63118/home/93696465,3831 Oregon Ave,38.585942,-90.2330502,0.3438571718865811,0.2973636348176378,0.3148946777488652
https://www.redfin.com/MO/Saint-Louis/3120-Gurney-Ave-63116/home/93767082,3120 Gurney Ave,38.6043738,-90.2678437,0.35775439941680043,0.3472237696257317,0.34704258845313585
https://www.redfin.com/MO/Saint-Louis/2840-Dalton-Ave-63139/home/93727174,2840 Dalton Ave,38.6080947,-90.2850641,0.3975682489194601,0.4281078899500129,0.40490476032860245
https://www.redfin.com/MO/Saint-Louis/1234-Louisville-Ave-63139/home/93750110,1234 Louisville Ave,38.6277662,-90.2973737,0.4155865468337595,0.48768649813077364,0.47236667757987305
https://www.redfin.com/MO/Saint-Louis/4024-Wyoming-St-63116/home/93729612,4024 Wyoming St,38.5998453,-90.2540083,0.39743463070379575,0.37560094856285187,0.36276883033394575
https://www.redfin.com/MO/Saint-Louis/3937-Humphrey-St-63116/home/93729560,3937 Humphrey St,38.599095,-90.2516447,0.396446183650357,0.35373924805038803,0.3433894427212149
https://www.redfin.com/MO/Saint-Louis/2932-Lemp-Ave-63118/home/64357964,2932 Lemp Ave,38.5981803,-90.2172896,0.2695736978462085,0.3387735233454577,0.2986493706995929
https://www.redfin.com/MO/Saint-Louis/3833-McDonald-Ave-63116/home/93699973,3833 Mcdonald Ave,38.5967263,-90.248323,0.3683214300500393,0.3948772188737893,0.390960111634367
https://www.redfin.com/MO/Saint-Louis/3922-Burgen-Ave-63116/home/93774759,3922 Burgen Ave,38.570995,-90.2619933,0.3749975175654121,0.3998237787521412,0.3711024561551766
https://www.redfin.com/MO/Saint-Louis/5531-Eichelberger-St-63109/home/79022343,5531 Eichelberger St,38.5821723,-90.2886524,0.2939827497266523,0.30589672472685686,0.3583982994326946
https://www.redfin.com/MO/Saint-Louis/2917-S-18th-St-63118/home/93698929,2917 S 18th St,38.5984037,-90.2164354,0.38582062415877294,0.29788041706519497,0.2947983055076796
https://www.redfin.com/MO/Saint-Louis/4346-Vista-Ave-63110/home/93726031,4346 Vista Ave,38.6238554,-90.2579897,0.37051862499612814,0.37172118784571634,0.2741595297436405
https://www.redfin.com/MO/Saint-Louis/4326-Vista-Ave-63110/home/93726068,4326 Vista Ave,38.6239732,-90.2573127,0.32598176974158805,0.2915859313084805,0.27477433413930236
https://www.redfin.com/MO/Saint-Louis/6614-Clayton-Ave-63139/home/93740392,6614 Clayton Ave,38.6296811,-90.2992664,0.2533609842455157,0.2869182391983001,0.34358792316846154
https://www.redfin.com/MO/Saint-Louis/4836-Terrace-Ave-63116/home/93763410,4836 Terrace Ave,38.5775385,-90.2793982,0.386925912647612,0.38387886471777366,0.3750417248839677
https://www.redfin.com/MO/Saint-Louis/6019-Elizabeth-Ave-63139/home/62693720,6019 Elizabeth Ave,38.6155272,-90.289077,0.38021654199531923,0.3711286396052823,0.347688059702725
https://www.redfin.com/MO/Saint-Louis/1370-Mobile-Ct-63139/home/93740877,1370 Mobile Ct,38.625518,-90.2966374,0.4982797007720658,0.4750340716081877,0.4657093287675418
https://www.redfin.com/MO/Saint-Louis/4345-Itaska-St-63116/home/93763647,4345 Itaska St,38.5838132,-90.2681626,0.36158761996089284,0.34567958290756273,0.3141446214013401
https://www.redfin.com/MO/Saint-Louis/5159-Kensington-Ave-63108/home/93744761,5159 Kensington Ave,38.6546431,-90.2689127,0.40328967704214946,0.47751012429109807,0.4513141776958977
https://www.redfin.com/MO/Saint-Louis/3539-Pennsylvania-Ave-63118/home/93694902,3539 Pennsylvania Ave,38.5913978,-90.2343113,0.4588954129112116,0.43581042185571744,0.37083093753297297
https://www.redfin.com/MO/Saint-Louis/4116-Virginia-Ave-63118/home/93705284,4116 Virginia Ave,38.5816988,-90.2404793,0.41998842465595415,0.3804783915942147,0.3900830098093013
https://www.redfin.com/MO/Saint-Louis/2324-Arkansas-Ave-63104/home/93692313,2324 Arkansas Ave,38.6087996,-90.2384421,0.28025094137155204,0.32227393432155277,0.35850196673457524
https://www.redfin.com/MO/Saint-Louis/4230-Connecticut-St-63116/home/93729906,4230 Connecticut St,38.6012737,-90.2595296,0.3719488201576579,0.3941867642452278,0.3596919720035787
https://www.redfin.com/MO/Saint-Louis/4250-E-Kossuth-Ave-63115/home/93735044,4250 E Kossuth Ave,38.6712875,-90.2295529,0.3841271656784105,0.4134461991279959,0.41679456530684994
https://www.redfin.com/MO/Saint-Louis/4050-Quincy-St-63116/home/93777639,4050 Quincy St,38.5631567,-90.2739208,0.4076745714066827,0.37266736902467257,0.4071934283107517
https://www.redfin.com/MO/Saint-Louis/4951-Blow-St-63109/home/62723176,4951 Blow St,38.569873,-90.2879883,0.30841713635172435,0.31988338181208165,0.3118623751927715
https://www.redfin.com/MO/Saint-Louis/4609-S-38th-St-63116/home/93767576,4609 S 38th St,38.5787677,-90.2521305,0.4011954750286158,0.4139831125335886,0.41022716788561664
https://www.redfin.com/MO/Saint-Louis/6038-Columbia-Ave-63139/home/93757207,6038 Columbia Ave,38.6123413,-90.2906643,0.4575817344853957,0.470240030511643,0.4325409464236726
https://www.redfin.com/MO/St-Louis/2643-Accomac-St-63104/home/197962286,2643 Accomac,38.6097545,-90.223747,0.3371472173681472,0.3333471417300045,0.30530979972358047
https://www.redfin.com/MO/Saint-Louis/4063-Wyoming-St-63116/home/93729811,4063 Wyoming St,38.6003577,-90.2553848,0.41811180628396727,0.3837259449192843,0.3584808547623371
https://www.redfin.com/MO/Saint-Louis/2643-Ann-Ave-63104/home/93690633,2643 Ann Ave,38.6106397,-90.2236233,0.39166069040471874,0.3438653515473561,0.2988815946308623
https://www.redfin.com/MO/Saint-Louis/3000-Louisiana-Ave-63118/home/93692647,3000 Louisiana Ave,38.6028891,-90.2372828,0.30827811614321043,0.2878359560359086,0.32803727440444397
https://www.redfin.com/MO/Saint-Louis/4258-Swan-Ave-63110/home/93725992,4258 Swan Ave,38.6259422,-90.2561218,0.2973011777123322,0.2836510562855755,0.25323796058704695
https://www.redfin.com/MO/Saint-Louis/3820-McDonald-Ave-63116/home/93684198,3820 Mcdonald Ave,38.5962737,-90.2479465,0.43291399025033594,0.38404023685783406,0.387030155107423
https://www.redfin.com/MO/Saint-Louis/4255-Lafayette-Ave-63110/home/91573025,4255 Lafayette Ave,38.6188316,-90.2552276,0.3886394785336225,0.26507339962587384,0.2816083451808109
https://www.redfin.com/MO/Saint-Louis/3150-Nebraska-Ave-63118/home/73978472,3150 Nebraska Ave,38.5991628,-90.2310099,0.3157161665442608,0.33205720281699874,0.2924785323595449
https://www.redfin.com/MO/Saint-Louis/2712-Allen-Ave-63104/home/93690158,2712 Allen Ave,38.6122259,-90.2245211,0.34187471678776304,0.33493611670273354,0.3288541845919363
https://www.redfin.com/MO/Saint-Louis/2920-Sidney-St-63104/home/93699574,2920 Sidney St,38.6065554,-90.2305714,0.3376839331251821,0.34584912936858125,0.34125353627422533
https://www.redfin.com/MO/Saint-Louis/4426-Vista-Ave-63110/home/169425121,4426 Vista Ave,38.6236967,-90.2600611,0.21545267193779918,0.21697223817764213,0.27849189773779703
https://www.redfin.com/MO/Saint-Louis/10-Lawn-Pl-63110/home/93765845,10 Lawn Pl,38.6284103,-90.265588,0.40226966165780365,0.38418267886870416,0.36662256030385193
https://www.redfin.com/MO/Saint-Louis/6059-McPherson-Ave-63112/home/93760500,6059 Mcpherson Ave,38.6516631,-90.2962817,0.43987403215855164,0.41932249076125844,0.38791052415233007
https://www.redfin.com/MO/Saint-Louis/2029-Forest-Ave-63139/home/93671175,2029 Forest Ave,38.620479,-90.306577,0.5116688209607734,0.5234415797416948,0.4580900699738792
https://www.redfin.com/MO/Saint-Louis/3928-Folsom-Ave-63110/home/103204110,3928 Folsom Ave,38.6202984,-90.2457052,0.41405608991834597,0.36364589032867684,0.32229293582931595
https://www.redfin.com/MO/St-Louis/3002-California-63118/home/197714955,3002 California,38.60105,-90.228194,0.294497404194772,0.3490046311636732,0.2755133871444563
https://www.redfin.com/MO/Saint-Louis/3214-California-Ave-63118/home/103203833,3214 California Ave,38.5969008,-90.2291346,0.3436994911906589,0.3461703006864556,0.3260270741706056
https://www.redfin.com/MO/Saint-Louis/2106-Hereford-St-63110/home/171139790,2106 Hereford St,38.6152393,-90.2708421,0.16196907847879186,0.16667928616683755,0.18984021654885608
https://www.redfin.com/MO/Saint-Louis/1902-Lasalle-St-63104/home/93701187,1902 Lasalle St,38.6195873,-90.2115695,0.3042053133577963,0.3191326560390651,0.28461593056787604
https://www.redfin.com/MO/Saint-Louis/6019-Potomac-St-63139/home/93775445,6019 Potomac St,38.5987158,-90.2932804,0.26104642312923015,0.26403785958021914,0.3217083640807554
https://www.redfin.com/MO/Saint-Louis/6430-Sutherland-Ave-63109/home/93779819,6430 Sutherland Ave,38.5911547,-90.3012256,0.40213132116372075,0.3968627443132808,0.34458516274366735
https://www.redfin.com/MO/Saint-Louis/6443-Alabama-Ave-63111/home/93709700,6443 Alabama Ave,38.5585769,-90.2551282,0.3951569932400143,0.40108171135954573,0.4059418912008977
https://www.redfin.com/MO/Saint-Louis/3526-Bamberger-Ave-63116/home/93730429,3526 Bamberger Ave,38.5934536,-90.2486844,0.3218714188663627,0.2869607038537448,0.2701145403973506
https://www.redfin.com/MO/Saint-Louis/3411-Itaska-St-63111/home/93707217,3411 Itaska St,38.5727576,-90.2453887,0.2949794019793672,0.31066282588601846,0.32491433341828313
https://www.redfin.com/MO/Saint-Louis/4032-Wyoming-St-63116/home/93729606,4032 Wyoming St,38.5998716,-90.2542261,0.39599379326057177,0.3861408075888686,0.360970503234306
https://www.redfin.com/MO/Saint-Louis/4249-Utah-St-63116/home/62692343,4249 Utah St,38.5990708,-90.2604415,0.34582236895659696,0.3066664106366206,0.29401714080554964
https://www.redfin.com/MO/Saint-Louis/4662-Tesson-St-63116/home/93776481,4662 Tesson St,38.5619512,-90.2883268,0.33020701882050674,0.31333271892111053,0.37940234533483524
https://www.redfin.com/MO/Saint-Louis/5408-Magnolia-Ave-63139/home/93727287,5408 Magnolia Ave,38.6097788,-90.2790045,0.23651967355066794,0.20062343243595185,0.30840106764351977
https://www.redfin.com/MO/Saint-Louis/2121-Esther-Ave-63139/home/93761463,2121 Esther Ave,38.6170496,-90.2894008,0.4295127228257253,0.32723956621857203,0.2843113868017196
https://www.redfin.com/MO/Saint-Louis/4642-Leona-St-63116/home/93769608,4642 Leona St,38.5794625,-90.2582546,0.3869197845444424,0.3667836626102891,0.3812779176478811
https://www.redfin.com/MO/Saint-Louis/4533-Lexington-Ave-63115/home/93735537,4533 Lexington Ave,38.6706307,-90.2410314,0.4112868050481937,0.43691505606611025,0.3978923503132993
https://www.redfin.com/MO/Saint-Louis/4547-Bessie-Ave-63115/home/93782164,4547 Bessie Ave,38.6782446,-90.2368996,0.3797397691403387,0.39406438781213055,0.38653194160630305
https://www.redfin.com/MO/Saint-Louis/6225-Juniata-St-63139/home/93741660,6225 Juniata St,38.6068599,-90.2947271,0.34668588899537994,0.31111034387021774,0.2932427659734624
https://www.redfin.com/MO/Saint-Louis/6426-Odell-St-63139/home/93741845,6426 Odell St,38.6093685,-90.2971112,0.4574401700449106,0.45963577213847623,0.4258365183438818
https://www.redfin.com/MO/Saint-Louis/4853-Lee-Ave-63115/home/93733287,4853 Lee Ave,38.679339,-90.244025,0.33262215124266725,0.3585876583316706,0.36127315308303526
https://www.redfin.com/MO/Saint-Louis/3406-Juniata-St-63118/home/93693271,3406 Juniata St,38.6002175,-90.2383929,0.3287946686769767,0.3825375031766545,0.3719229076144299
https://www.redfin.com/MO/Saint-Louis/3540-S-Spring-Ave-63116/home/93730352,3540 S Spring Ave,38.5929371,-90.2473775,0.41290053390847403,0.3769370507755284,0.29384403849135227
https://www.redfin.com/MO/Saint-Louis/5664-Marquette-Ave-63139/home/93780720,5664 Marquette Ave,38.5985843,-90.2873423,0.3960149502207573,0.45009830140370377,0.4499224963610278
https://www.redfin.com/MO/Saint-Louis/1067-Melvin-Ave-63137/home/93782253,1067 Melvin Ave,38.7239479,-90.2361445,0.4771988762362613,0.5068630686998657,0.5021720683765911
https://www.redfin.com/MO/Saint-Louis/5412-Reber-Pl-63139/home/93727371,5412 Reber Pl,38.6083374,-90.2795261,0.4571283809948207,0.4347685678833991,0.4111243854730977
https://www.redfin.com/MO/Saint-Louis/6432-Wanda-Ave-63116/home/93770660,6432 Wanda Ave,38.5701098,-90.2766387,0.3543410736596153,0.40322758657992136,0.4450683985303963
https://www.redfin.com/MO/Saint-Louis/4019-Meramec-St-63116/home/93778746,4019 Meramec St,38.5864644,-90.2545574,0.3256177011453888,0.3547071757504778,0.35201180607287413
https://www.redfin.com/MO/Saint-Louis/3808-Burgen-Ave-63116/home/62699066,3808 Burgen Ave,38.5700653,-90.2601789,0.36649934244540483,0.4091662963313307,0.3819626399869172
https://www.redfin.com/MO/Saint-Louis/4076-Wilmington-Ave-63116/home/93770839,4076 Wilmington Ave,38.5717345,-90.2673309,0.4146485602869491,0.4409788840201519,0.40408722752110776
https://www.redfin.com/MO/Saint-Louis/4843-Lee-Ave-63115/home/93732905,4843 Lee Ave,38.6791663,-90.2437256,0.3359123359003883,0.35638233938676417,0.35662619531406403
https://www.redfin.com/MO/Saint-Louis/5511-Lansdowne-Ave-63109/home/93752736,5511 Lansdowne Ave,38.588996,-90.285161,0.3555952108883637,0.38308647375194355,0.3876880693424516
https://www.redfin.com/MO/Saint-Louis/4745-Louisiana-Ave-63111/home/93707336,4745 Louisiana Ave,38.5724184,-90.2484088,0.4197327906354925,0.3805460628443576,0.3540776105904501
https://www.redfin.com/MO/Saint-Louis/4848-Calvin-Ave-63115/home/93733013,4848 Calvin Ave,38.6819358,-90.2419005,0.39762137749169796,0.46084964041391435,0.4060121249892713
https://www.redfin.com/MO/Saint-Louis/5332-Loughborough-Ave-63109/home/93771559,5332 Loughborough Ave,38.572978,-90.2907318,0.3604378377865388,0.35831355674193394,0.3773705493372037
https://www.redfin.com/MO/Saint-Louis/6007-Odell-St-63139/home/93768861,6007 Odell St,38.6091389,-90.2908404,0.33350517827152143,0.317491503252579,0.31282849520486383
https://www.redfin.com/MO/Saint-Louis/3445-Itaska-St-63111/home/93707239,3445 Itaska St,38.5732802,-90.2463592,0.33436162498653127,0.31814395288505565,0.3490794391799691
https://www.redfin.com/MO/Saint-Louis/4335-Beethoven-Ave-63116/home/93764885,4335 Beethoven Ave,38.5880072,-90.2663419,0.33356404129224576,0.3677297026519762,0.3441192398879609
https://www.redfin.com/MO/Saint-Louis/3333-Delor-St-63111/home/93707407,3333 Delor St,38.5704576,-90.2455012,0.3619598102403891,0.3726729672209557,0.3521976542939915
https://www.redfin.com/MO/Saint-Louis/4437-S-37th-St-63116/home/93706518,4437 S 37th St,38.5789213,-90.2490286,0.41330086478066363,0.438964582791581,0.4149326898952828
https://www.redfin.com/MO/Saint-Louis/3740-Meramec-St-63116/home/93705355,3740 Meramec St,38.5823199,-90.2475051,0.4051150307593899,0.3925365222524795,0.37100804694896994
https://www.redfin.com/MO/Saint-Louis/5343-Chippewa-St-63109/home/93781925,5343 Chippewa St,38.5924524,-90.2827613,0.24962320316805137,0.2645071959197819,0.33219216176401206
https://www.redfin.com/MO/Saint-Louis/6414-West-Ct-63116/home/93779276,6414 West Ct,38.5752479,-90.2824306,0.3451316275923231,0.36428123110184435,0.3538990939410744
https://www.redfin.com/MO/Saint-Louis/4470-Bingham-Ave-63116/home/93772073,4470 Bingham Ave,38.5901777,-90.2697412,0.25893117937677357,0.23904350923280082,0.24809520302683616
https://www.redfin.com/MO/Saint-Louis/5452-Pernod-Ave-63139/home/93782028,5452 Pernod Ave,38.5955457,-90.2836302,0.3321551839070438,0.37795852609269537,0.3729832661103635
https://www.redfin.com/MO/Saint-Louis/4733-Terrace-Ave-63116/home/93758044,4733 Terrace Ave,38.5787231,-90.2766776,0.37444779259484706,0.4187201212065539,0.39710226193869297
https://www.redfin.com/MO/Saint-Louis/6065-Wanda-Ave-63116/home/93772661,6065 Wanda Ave,38.5739508,-90.2743951,0.35885683378199973,0.4135468208171237,0.5036603544802353
https://www.redfin.com/MO/Saint-Louis/5410-Emerson-Ave-63120/home/93764892,5410 Emerson Ave,38.6956562,-90.2433482,0.44495198739335157,0.46185728931350634,0.408912686353497
https://www.redfin.com/MO/Saint-Louis/5975-N-Cuba-Ct-63139/home/93775580,5975 N Cuba Ct,38.6084968,-90.2893282,0.37010856188894137,0.27638746262514796,0.25942466716831275
https://www.redfin.com/MO/Saint-Louis/5916-Alpha-Ave-63147/home/93770417,5916 Alpha Ave,38.7124722,-90.2505814,0.2982813380520528,0.31154402013424315,0.31244032278135664
https://www.redfin.com/MO/Saint-Louis/2501-Sublette-Ave-63110/home/93727092,2501 Sublette Ave,38.6122679,-90.2805992,0.296365922259776,0.31512668716460634,0.34110626979672226
https://www.redfin.com/MO/Saint-Louis/4454-S-Spring-Ave-63116/home/93730851,4454 S Spring Ave,38.5799103,-90.252153,0.4820382288387264,0.4619232910737823,0.42556756489823566
https://www.redfin.com/MO/Saint-Louis/3355-Sublette-Ave-63139/home/93742748,3355 Sublette Ave,38.5993215,-90.2809809,0.41521600771759953,0.4050889577109806,0.4156290188008702
https://www.redfin.com/MO/Saint-Louis/2611-Brannon-Ave-63139/home/93727386,2611 Brannon Ave,38.6106321,-90.275329,0.25141490174562875,0.26913931994622964,0.2857556990442449
https://www.redfin.com/MO/Saint-Louis/4035-Schiller-Pl-63116/home/62697780,4035 Schiller Pl,38.5755623,-90.2630103,0.34408506523943,0.46909404347374617,0.5143468736649065
https://www.redfin.com/MO/Saint-Louis/3279-Regal-Pl-63139/home/93742928,3279 Regal Pl,38.6016481,-90.2845553,0.4476100158980491,0.41727540796313417,0.4432508612817541
https://www.redfin.com/MO/Saint-Louis/6613-Parkwood-Pl-63116/home/93770653,6613 Parkwood Pl,38.5686851,-90.2771457,0.4085972838941176,0.3992680890592317,0.39183892284204075
https://www.redfin.com/MO/Saint-Louis/6610-Parkwood-Pl-63116/home/62755033,6610 Parkwood Pl,38.5685626,-90.2767249,0.38170890820489317,0.3776035522119274,0.36062893855556316
https://www.redfin.com/MO/Saint-Louis/6564-Villa-Ave-63139/home/93740702,6564 Villa Ave,38.6253463,-90.2988693,0.4880614724346854,0.44347468644362675,0.4580195795310567
https://www.redfin.com/MO/Saint-Louis/1361-Louisville-Ave-63139/home/93750104,1361 Louisville Ave,38.6259624,-90.2982941,0.47143778490194205,0.4611370940704689,0.47357260440193266
https://www.redfin.com/MO/Saint-Louis/4334-Beethoven-Ave-63116/home/93764730,4334 Beethoven Ave,38.5876054,-90.266363,0.4192092049923991,0.3613780367863185,0.33909949479247026
https://www.redfin.com/MO/Saint-Louis/4412-Wallace-St-63116/home/93763768,4412 Wallace St,38.5830356,-90.2701804,0.3306467813972226,0.3215551471570864,0.34859265398034445
https://www.redfin.com/MO/Saint-Louis/4444-Gannett-St-63116/home/93763663,4444 Gannett St,38.5849581,-90.270687,0.3640124871029143,0.3824972693747964,0.347699193395828
https://www.redfin.com/MO/Saint-Louis/1438-Central-Ave-63139/home/93740643,1438 Central Ave,38.6254118,-90.3041557,0.41319058495521604,0.47768680108202144,0.5118146124753323
https://www.redfin.com/MO/Saint-Louis/4421-Bingham-Ave-63116/home/93772040,4421 Bingham Ave,38.5901644,-90.2679957,0.3393607662306393,0.33122528147467317,0.3345395867228978
https://www.redfin.com/MO/Saint-Louis/4625-Adkins-Ave-63116/home/93757024,4625 Adkins Ave,38.5823288,-90.2626119,0.3518724117494678,0.37495793493945184,0.32847592675718845
https://www.redfin.com/MO/Saint-Louis/4720-Goethe-Ave-63116/home/93757176,4720 Goethe Ave,38.5753773,-90.2794026,0.3615531160445749,0.3187298127090728,0.3419004115964247
https://www.redfin.com/MO/Saint-Louis/4311-Bates-St-63116/home/88383634,4311 Bates St,38.5766791,-90.2693676,0.31635318161715414,0.3648534826884082,0.40501712058394035
https://www.redfin.com/MO/Saint-Louis/2409-Menard-St-63104/home/93686747,2409 Menard St,38.6031811,-90.2097285,0.302010073292012,0.28480017718956074,0.3247591625442426
https://www.redfin.com/MO/Saint-Louis/3627-Blow-St-63116/home/93711827,3627 Blow St,38.5576782,-90.2644017,0.35678562707187356,0.37614298615900255,0.36050624282054305
https://www.redfin.com/MO/Saint-Louis/4033-Blow-St-63116/home/93777715,4033 Blow St,38.5625135,-90.273873,0.3801245207160361,0.42123726318181526,0.4116025131415343
https://www.redfin.com/MO/Saint-Louis/3800-Fairview-Ave-63116/home/93730413,3800 Fairview Ave,38.595157,-90.2474743,0.2627126803546856,0.34581354266083675,0.3406912412724339
https://www.redfin.com/MO/Saint-Louis/5619-Arendes-Dr-63116/home/93781569,5619 Arendes Dr,38.5706315,-90.2596112,0.46778271950210837,0.3758551014128757,0.3597317089703772
https://www.redfin.com/MO/Saint-Louis/3905-Itaska-St-63116/home/93769636,3905 Itaska St,38.5782141,-90.2568516,0.4415254398594087,0.3516910160211672,0.31652455119924816
https://www.redfin.com/MO/Saint-Louis/6135-Idaho-Ave-63111/home/93709441,6135 Idaho Ave,38.5620776,-90.2533101,0.5283865229965269,0.5139099995894097,0.4381334173209407
https://www.redfin.com/MO/Saint-Louis/125-Koeln-Ave-63111/home/93710694,125 Koeln Ave,38.5487974,-90.2577343,0.4061304885221812,0.3538339168382945,0.3022867178435043
https://www.redfin.com/MO/Saint-Louis/7320-Eugene-Ave-63116/home/93712053,7320 Eugene Ave,38.5563969,-90.2678735,0.3968552991653947,0.42249125761583384,0.4234977293230166
https://www.redfin.com/MO/Saint-Louis/5217-Loughborough-Ave-63109/home/93769539,5217 Loughborough Ave,38.572116,-90.2882875,0.3420123339752849,0.35975852799503266,0.36650946959032454
https://www.redfin.com/MO/Saint-Louis/4918-Gresham-Ave-63109/home/62732324,4918 Gresham Ave,38.5740559,-90.2854142,0.304278264244132,0.3454262481894881,0.34575652663031303
https://www.redfin.com/MO/Saint-Louis/3161-Ohio-Ave-63118/home/93697089,3161 Ohio Ave,38.5979713,-90.2270824,0.39676194188792624,0.37101436683923256,0.3229499654438244
https://www.redfin.com/MO/Saint-Louis/5705-Devonshire-Ave-63109/home/93753150,5705 Devonshire Ave,38.588642,-90.2903551,0.37753635772072863,0.3944882696430321,0.38998849907938415
https://www.redfin.com/MO/Saint-Louis/4644-Minnesota-Ave-63111/home/93706812,4644 Minnesota Ave,38.571608,-90.2391068,0.37431636617463354,0.38613409226316475,0.3696268688551204
https://www.redfin.com/MO/Saint-Louis/5613-Rhodes-Ave-63109/home/93771379,5613 Rhodes Ave,38.5788558,-90.2903098,0.3439510194759216,0.3835722346891857,0.36401870948746834
https://www.redfin.com/MO/Saint-Louis/5412-Idaho-Ave-63111/home/93708315,5412 Idaho Ave,38.5677435,-90.2486832,0.3340756555426239,0.35924070319360696,0.34992591440653575
https://www.redfin.com/MO/Saint-Louis/5920-Dressell-Ave-63120/home/93768510,5920 Dressell Ave,38.689574,-90.2717466,0.3772188638964049,0.3584282428818439,0.3231052878702713
https://www.redfin.com/MO/Saint-Louis/4250-Connecticut-St-63116/home/62746666,4250 Connecticut St,38.6013432,-90.2602271,0.37817317239619114,0.34890791337870175,0.3239517446129115
https://www.redfin.com/MO/Saint-Louis/5524-Lindenwood-Ave-63109/home/93782528,5524 Lindenwood Ave,38.5933367,-90.2866878,0.40837983254436744,0.38006454539774026,0.3671336543928691
https://www.redfin.com/MO/Saint-Louis/5424-Bischoff-Ave-63110/home/93772170,5424 Bischoff Ave,38.6150514,-90.2785641,0.28226485925847455,0.3038194756555001,0.33434579129846637
https://www.redfin.com/MO/Saint-Louis/4630-Idaho-Ave-63111/home/93706674,4630 Idaho Ave,38.5736707,-90.2437475,0.24647305789263382,0.2887871699675083,0.31834379654333084
https://www.redfin.com/MO/Saint-Louis/6714-Bancroft-Ave-63109/home/93774164,6714 Bancroft Ave,38.5927538,-90.3075711,0.4323564742214688,0.4519106758406186,0.4200637627468851
https://www.redfin.com/MO/Saint-Louis/4659-Tennessee-Ave-63111/home/93707145,4659 Tennessee Ave,38.5749119,-90.2477949,0.41793301163904234,0.35587124885217924,0.34229171655009705
https://www.redfin.com/MO/Saint-Louis/4649-Louisiana-Ave-63111/home/93706640,4649 Louisiana Ave,38.5746378,-90.2465026,0.3938502177863575,0.39832062561928283,0.348685956168178
https://www.redfin.com/MO/Saint-Louis/3618-Gasconade-St-63116/home/93705641,3618 Gasconade St,38.5822996,-90.245298,0.38350369490841796,0.32216608960848,0.30913251900839345
https://www.redfin.com/MO/Saint-Louis/7408-Ray-Ave-63116/home/93784867,7408 Ray Ave,38.559994,-90.2793008,0.49943277730659996,0.5131869207815581,0.45762857627983067
https://www.redfin.com/MO/Saint-Louis/5632-Devonshire-Ave-63109/home/93753157,5632 Devonshire Ave,38.5881731,-90.2893926,0.40852318814275224,0.4081780830014225,0.4033612705473725
https://www.redfin.com/MO/Saint-Louis/5737-Devonshire-Ave-63109/home/62717891,5737 Devonshire Ave,38.5887819,-90.2915052,0.3431926904657917,0.3643720450266538,0.3677618685553604
https://www.redfin.com/MO/Saint-Louis/4359-Tholozan-Ave-63116/home/93730112,4359 Tholozan Ave,38.5934902,-90.2649568,0.3604434097310059,0.3903049066491301,0.39373055371137466
https://www.redfin.com/MO/Saint-Louis/4372-Ellenwood-Ave-63116/home/93762066,4372 Ellenwood Ave,38.5862094,-90.2683093,0.33576740205731703,0.3616180400296234,0.35645699578500095
https://www.redfin.com/MO/Saint-Louis/6818-Salzburger-Ave-63116/home/93759295,6818 Salzburger Ave,38.5696024,-90.2817534,0.4439124169887547,0.5057759879332816,0.5570633345380733
https://www.redfin.com/MO/Saint-Louis/6462-Wanda-Ave-63116/home/93770615,6462 Wanda Ave,38.5694468,-90.277237,0.36248621375708495,0.42032159730141005,0.45228782051554045
https://www.redfin.com/MO/Saint-Louis/5115-Cologne-Ave-63116/home/93763925,5115 Cologne Ave,38.581312,-90.2738872,0.4109104550015824,0.3834111365694245,0.3794051023311906
https://www.redfin.com/MO/Saint-Louis/6339-Marquette-Ave-63139/home/93749113,6339 Marquette Ave,38.6000132,-90.2973208,0.36741113523578534,0.4480840507312991,0.4052303754861278
https://www.redfin.com/MO/Saint-Louis/2020-Ann-Ave-63104/home/93691274,2020 Ann Ave,38.6082689,-90.2162604,0.351321261161182,0.2939808777637032,0.24855879433269476
https://www.redfin.com/MO/Saint-Louis/5441-Bates-St-63116/home/93767472,5441 Bates St,38.5784956,-90.272557,0.2641975845510363,0.2265792952534703,0.258990599503152
https://www.redfin.com/MO/Saint-Louis/5203-Dewey-Ave-63116/home/93742514,5203 Dewey Ave,38.5731805,-90.2553834,0.4277979114804541,0.3545616664954477,0.35437527015756765
https://www.redfin.com/MO/Saint-Louis/3633-Fillmore-St-63116/home/93772404,3633 Fillmore St,38.5659113,-90.2581891,0.3511139510069716,0.3773359858904866,0.3523911588704939
https://www.redfin.com/MO/Saint-Louis/4981-Pernod-Ave-63139/home/93776953,4981 Pernod Ave,38.5951095,-90.2755202,0.3357757186605153,0.32946725927764126,0.3265792433577577
https://www.redfin.com/MO/Saint-Louis/1216-McCausland-Ave-63117/home/93765628,1216 Mccausland Ave,38.6288712,-90.3065089,0.3771649734676516,0.3588436131621389,0.3787553921626123
https://www.redfin.com/MO/Saint-Louis/6743-W-Park-Ave-63139/home/93765752,6743 W Park Ave,38.6283186,-90.3024215,0.43792065407859476,0.421207573375893,0.3947431731468486
https://www.redfin.com/MO/Saint-Louis/3349-Macklind-Ave-63139/home/93742830,3349 Macklind Ave,38.5995271,-90.2820483,0.42080070077812504,0.466841538850897,0.404143672687545
https://www.redfin.com/MO/Saint-Louis/4333-Ellenwood-Ave-63116/home/93764787,4333 Ellenwood Ave,38.5862288,-90.2668641,0.4085693891555505,0.3622749812068419,0.3410764595184284
https://www.redfin.com/MO/Saint-Louis/4369-Evans-Ave-63113/home/93718901,4369 Evans Ave,38.6553534,-90.2453148,0.28345088022678167,0.30469146711706574,0.2916686686366844
https://www.redfin.com/MO/Saint-Louis/3647-Wisconsin-Ave-63118/home/93696919,3647 Wisconsin Ave,38.5878287,-90.2221304,0.2835751314849158,0.2941665388682806,0.34617096442947215
https://www.redfin.com/MO/Saint-Louis/5474-Queens-Ave-63115/home/62697755,5474 Queens Ave,38.6920557,-90.2374304,0.3974761055714163,0.4408386407119689,0.48980027207194005
https://www.redfin.com/MO/Saint-Louis/5924-Michigan-Ave-63111/home/93708988,5924 Michigan Ave,38.5608756,-90.2471084,0.38478625851533965,0.3856924492415011,0.3924592671841196
https://www.redfin.com/MO/Saint-Louis/5379-Wabada-Ave-63112/home/93738313,5379 Wabada Ave,38.6713395,-90.2671775,0.5123270634437229,0.5101130044046832,0.4908230222316689
https://www.redfin.com/MO/Saint-Louis/4739-Bessie-Ct-63115/home/93733490,4739 Bessie Ct,38.6797534,-90.2404296,0.4583632319477317,0.3868791114353165,0.36386769023684445
https://www.redfin.com/MO/Saint-Louis/4454-Holly-Ave-63115/home/93714645,4454 Holly Ave,38.6771817,-90.2266976,0.3882757092995022,0.37411482089191445,0.3756219151009508
https://www.redfin.com/MO/Saint-Louis/3820-Greer-Ave-63107/home/93715936,3820 Greer Ave,38.6591012,-90.2239465,0.4576022112241237,0.46140110205046364,0.3973581473070938
https://www.redfin.com/MO/Saint-Louis/4543-Michigan-Ave-63111/home/93706187,4543 Michigan Ave,38.5736254,-90.2403073,0.3178686635920535,0.363129034743374,0.3843888522866242
https://www.redfin.com/MO/Saint-Louis/4552-Ray-Ave-63116/home/93755947,4552 Ray Ave,38.5823637,-90.2596016,0.3537046946079791,0.3308262999349045,0.3486685891299168
https://www.redfin.com/MO/Saint-Louis/2719-Keokuk-St-63118/home/93696287,2719 Keokuk St,38.5849118,-90.2304207,0.32410072180704336,0.38084096961531655,0.3437308086697765
https://www.redfin.com/MO/Saint-Louis/4045-Walsh-St-63116/home/93767039,4045 Walsh St,38.5774271,-90.2627552,0.3823249601837724,0.39762004258452716,0.4279799091680898
https://www.redfin.com/MO/Saint-Louis/1545-Sells-Ave-63147/home/93732200,1545 Sells Ave,38.7159073,-90.2430691,0.3848095371486233,0.35427854114150176,0.3484167345157606
https://www.redfin.com/MO/Saint-Louis/3018-Texas-Ave-63118/home/93699066,3018 Texas Ave,38.5997216,-90.2251301,0.34520902565216627,0.35486772152554724,0.32964256317509644
https://www.redfin.com/MO/Saint-Louis/4540-Nebraska-Ave-63111/home/93706549,4540 Nebraska Ave,38.5732027,-90.2363854,0.3100425223129867,0.3451422106622544,0.3605414724371192
https://www.redfin.com/MO/Saint-Louis/4610-Penrose-St-63115/home/93734190,4610 Penrose St,38.6772083,-90.2376887,0.35681487913601295,0.3485763732942743,0.36456957385874733
https://www.redfin.com/MO/Saint-Louis/212-Espenschied-St-63111/home/93711574,212 Espenschied St,38.5418494,-90.2666807,0.35586129752866524,0.38945580966267834,0.4083342486078301
https://www.redfin.com/MO/Saint-Louis/122-W-Courtois-St-63111/home/93711186,122 W Courtois St,38.5463926,-90.2604131,0.40724462594523103,0.3722990271733154,0.31512354409637516
https://www.redfin.com/MO/Saint-Louis/4471-Dewey-Ave-63116/home/93730861,4471 Dewey Ave,38.578651,-90.2507418,0.42929749427714203,0.40441893320977274,0.4188396982866425
https://www.redfin.com/MO/Saint-Louis/831-Hornsby-Ave-63147/home/93761174,831 Hornsby,38.7186899,-90.2306063,0.42393523599184896,0.44927087772681995,0.4590204205961021
https://www.redfin.com/MO/Saint-Louis/3623-S-Spring-Ave-63116/home/93766327,3623 S Spring Ave,38.5910868,-90.2482959,0.32944548910544863,0.29497467483275175,0.2822634772438315
https://www.redfin.com/MO/St-Louis/4431-Alaska-63116/home/194911825,4431 Alaska,38.5744251,-90.24514692,0.3872657009751467,0.3772054440529279,0.3395079300190826
https://www.redfin.com/MO/Saint-Louis/3515-Itaska-St-63111/home/93707165,3515 Itaska St,38.5738929,-90.2475535,0.3363242481509061,0.32435111005461353,0.35113749881366163
https://www.redfin.com/MO/Saint-Louis/6418-West-Ct-63116/home/93779275,6418 West Ct,38.5752026,-90.2825298,0.33276811580481036,0.36197522624154005,0.3541429285436629
https://www.redfin.com/MO/Saint-Louis/7721-Michigan-Ave-63111/home/93711084,7721 Michigan Ave,38.5482868,-90.2623219,0.2695604572281842,0.27573418554482465,0.29223422292899465
https://www.redfin.com/MO/Saint-Louis/3729-S-Spring-Ave-63116/home/93766361,3729 S Spring Ave,38.5896209,-90.2485557,0.34085185279345276,0.3564202073673273,0.32444489075841576
https://www.redfin.com/MO/Saint-Louis/3641-Hebert-St-63107/home/93702075,3641 Hebert St,38.6600445,-90.2194342,0.2928301025183803,0.28390830798211264,0.2969926788666047
https://www.redfin.com/MO/Saint-Louis/4823-Terrace-Ave-63116/home/93759241,4823 Terrace Ave,38.5779667,-90.2791109,0.36591994522265653,0.37295699583579606,0.3704010995405892
https://www.redfin.com/MO/Saint-Louis/7725-Ivory-Ave-63111/home/62750546,7725 Ivory Ave,38.5488523,-90.2634867,0.2678743022317946,0.2699949953088505,0.297823226761028
https://www.redfin.com/MO/Saint-Louis/4762-Hamburg-Ave-63123/home/93759443,4762 Hamburg Ave,38.5603608,-90.2938889,0.3997667167478116,0.43929763820375006,0.43837578558545764
https://www.redfin.com/MO/Saint-Louis/3125-Michigan-Ave-63118/home/93692807,3125 Michigan Ave,38.6008212,-90.2346444,0.3222996462961364,0.31240149993395566,0.288255713575177
https://www.redfin.com/MO/Saint-Louis/5741-Itaska-St-63109/home/93767952,5741 Itaska St,38.5851972,-90.2916947,0.44561980936967266,0.3477626723284693,0.33036286810616783
https://www.redfin.com/MO/Saint-Louis/5923-Scanlan-Ave-63139/home/93775802,5923 Scanlan Ave,38.6045342,-90.2892174,0.40218428038812787,0.4184595067570014,0.40474120702031435
https://www.redfin.com/MO/Saint-Louis/5447-Eichelberger-St-63109/home/62744530,5447 Eichelberger St,38.5819992,-90.2868968,0.3122042857468666,0.31851315828607296,0.3424789848193904
https://www.redfin.com/MO/Saint-Louis/4404-Taft-Ave-63116/home/93764695,4404 Taft Ave,38.5871333,-90.268394,0.30342224612785434,0.35531618517865426,0.3641724669264567
https://www.redfin.com/MO/Saint-Louis/4140-Cleveland-Ave-63110/home/62728310,4140 Cleveland Ave,38.6114157,-90.2528978,0.3839728714157947,0.38021654283178064,0.30909084689788974
https://www.redfin.com/MO/Saint-Louis/3953-Eiler-St-63116/home/93770156,3953 Eiler St,38.5737659,-90.2612111,0.41446440190436495,0.42394309829585697,0.44466075241494013
https://www.redfin.com/MO/Saint-Louis/3445-Ivanhoe-Ave-63139/home/93743437,3445 Ivanhoe Ave,38.6009069,-90.3046531,0.4701118715231494,0.47759126195848445,0.4459314391329319
https://www.redfin.com/MO/Saint-Louis/5456-Pernod-Ave-63139/home/93782048,5456 Pernod Ave,38.5955841,-90.2838227,0.3395025914642502,0.3805350730564782,0.3727351449542403
https://www.redfin.com/MO/Saint-Louis/5129-Cologne-Ave-63116/home/62730257,5129 Cologne Ave,38.5809129,-90.2738615,0.3749523698889145,0.38009483033456576,0.3692580318828212
https://www.redfin.com/MO/Saint-Louis/6817-W-Park-Ave-63139/home/93765625,6817 W Park Ave,38.6285508,-90.3040079,0.38527308917084113,0.39868476235888567,0.4101909791040081
https://www.redfin.com/MO/Saint-Louis/4000-Steffens-Ave-63116/home/93785705,4000 Steffens Ave,38.5816459,-90.2581729,0.3323055361247373,0.34973753129483354,0.3220698416394478
https://www.redfin.com/MO/Saint-Louis/6170-McPherson-Ave-63112/home/77510184,6170 Mcpherson Ave,38.6515582,-90.2993031,0.3799701750717761,0.3309266600295529,0.38711482185100576
https://www.redfin.com/MO/Saint-Louis/6758-Wise-Ave-63139/home/62694448,6758 Wise Ave,38.6289081,-90.3028434,0.400578604977631,0.385832256233158,0.3786615555333602
https://www.redfin.com/MO/Saint-Louis/6815-Wise-Ave-63139/home/93759932,6815 Wise Ave,38.6293738,-90.3039142,0.38686659107991306,0.39073063209313097,0.37542692211387607
https://www.redfin.com/MO/Saint-Louis/6732-Sutherland-Ave-63109/home/93774252,6732 Sutherland Ave,38.5919178,-90.3083459,0.3911076683453611,0.3667094148747043,0.364099861626921
https://www.redfin.com/MO/Saint-Louis/5747-Lansdowne-Ave-63109/home/93752710,5747 Lansdowne Ave,38.589713,-90.2916811,0.4301060897768556,0.43085717344863256,0.3848817886543953
https://www.redfin.com/MO/Saint-Louis/2138-Knox-Ave-63139/home/93761520,2138 Knox Ave,38.6167757,-90.2900515,0.4274812243439607,0.4195679005707743,0.3206757338840303
https://www.redfin.com/MO/Saint-Louis/6925-Wanda-Ct-63116/home/93784379,6925 Wanda Ct,38.5663045,-90.2803894,0.512319680914915,0.511423415964707,0.5172025268305138
https://www.redfin.com/MO/Saint-Louis/6709-Lansdowne-Ave-63109/home/93774225,6709 Lansdowne Ave,38.591394,-90.3076778,0.35352471836255045,0.35917606332310464,0.3253291830534195
https://www.redfin.com/MO/Saint-Louis/3832-Connecticut-St-63116/home/62712114,3832 Connecticut St,38.6003401,-90.2478024,0.33197641891362745,0.31854343978119276,0.32088127603664723
https://www.redfin.com/MO/Saint-Louis/5730-Pernod-Ave-63139/home/62722488,5730 Pernod Ave,38.5962189,-90.2900164,0.34286354678953257,0.3357493385723472,0.3333810799778866
https://www.redfin.com/MO/Saint-Louis/5907-Leona-St-63116/home/93770873,5907 Leona St,38.5711795,-90.2665092,0.43101637236041135,0.3899490944010504,0.41146319335618925
https://www.redfin.com/MO/Saint-Louis/2421-S-13th-St-63104/home/93686686,2421 S 13th St,38.6037656,-90.2130919,0.3318780896104507,0.40462437492445436,0.36902420853572326
https://www.redfin.com/MO/Saint-Louis/5818-Rhodes-Ave-63109/home/93777685,5818 Rhodes Ave,38.5789347,-90.2948181,0.43413188150623905,0.3910955040583294,0.3853667208390536
https://www.redfin.com/MO/Saint-Louis/4068-Toenges-Ave-63116/home/92224175,4068 Toenges Ave,38.5672603,-90.2716963,0.4534182305362917,0.4274287354415927,0.4656773108318832
https://www.redfin.com/MO/Saint-Louis/4164-Kettler-Rd-63123/home/62737512,4164 Kettler Rd,38.5555138,-90.2866914,0.3403504755477797,0.38849908738293126,0.41606465088874695
https://www.redfin.com/MO/Saint-Louis/5157-Eichelberger-St-63109/home/93767755,5157 Eichelberger St,38.5816648,-90.2837825,0.30500057737854935,0.3304010912985381,0.34537199761005793
https://www.redfin.com/MO/Saint-Louis/5441-Nottingham-Ave-63109/home/87279943,5441 Nottingham Ave,38.5863527,-90.2859064,0.3803962406945172,0.36724660592406577,0.35655381523784785
https://www.redfin.com/MO/Saint-Louis/3436-McKean-Ave-63118/home/93693082,3436 Mckean Ave,38.5959709,-90.2411086,0.254807814753873,0.24645360662211352,0.22133089826493169
https://www.redfin.com/MO/Saint-Louis/4028-Quincy-St-63116/home/93777719,4028 Quincy St,38.5628384,-90.2733204,0.4066376434449808,0.4053164651927565,0.43739157113250565
https://www.redfin.com/MO/Saint-Louis/532-Fassen-St-63111/home/69444307,532 Fassen,38.5659002,-90.2470816,0.36732914320618343,0.3606416851592886,0.3161760878192216
https://www.redfin.com/MO/Saint-Louis/3400-Humphrey-St-63118/home/93693356,3400 Humphrey St,38.597516,-90.2388084,0.3573546925335787,0.31239348098976066,0.31571362278173043
https://www.redfin.com/MO/Saint-Louis/2235-Edwards-St-63110/home/93727470,2235 Edwards St,38.6138498,-90.2757501,0.23498436270486917,0.2788968116526441,0.27977978868624165
https://www.redfin.com/MO/Saint-Louis/6326-Juniata-St-63139/home/93741718,6326 Juniata St,38.6066229,-90.2958877,0.3906659680614832,0.3528471534786496,0.3301199210848158
https://www.redfin.com/MO/Saint-Louis/3712-Juniata-St-63116/home/93699760,3712 Juniata St,38.6010166,-90.2454506,0.41038850961512263,0.3887813121892028,0.3613068856101162
https://www.redfin.com/MO/Saint-Louis/2613-Arkansas-Ave-63118/home/93692259,2613 Arkansas Ave,38.6073505,-90.2392028,0.3554288071165347,0.3704587479933997,0.32124140600170914
https://www.redfin.com/MO/Saint-Louis/5974-Park-Ln-63147/home/93770493,5974 Park Ln,38.7131946,-90.2480557,0.33023686704548205,0.3541599103933059,0.385915303520262
https://www.redfin.com/MO/St-Louis/3221-Ivanhoe-Ave-63139/home/198198927,3221 Ivanhoe,38.6051552,-90.3040101,0.19879170070254826,0.3287106399870989,0.4028740619454414
https://www.redfin.com/MO/Saint-Louis/6631-Pernod-Ave-63139/home/62757044,6631 Pernod Ave,38.5981795,-90.3048721,0.45056678438766684,0.4659649682560859,0.4679601015388579
https://www.redfin.com/MO/Saint-Louis/5319-Daggett-Ave-63110/home/93726891,5319 Daggett Ave,38.6173552,-90.2755179,0.3255158544552232,0.2646445088238842,0.2716313388524868
https://www.redfin.com/MO/Saint-Louis/4941-Delor-St-63109/home/93766864,4941 Delor St,38.5829379,-90.2795123,0.39363107660889696,0.34602831006973783,0.36160870733570366
https://www.redfin.com/MO/Saint-Louis/2415-Menard-St-63104/home/93686791,2415 Menard St,38.6029911,-90.209643,0.24438318915841728,0.2997989341351154,0.32466958927216666
https://www.redfin.com/MO/Saint-Louis/2816-Oregon-Ave-63118/home/62769364,2816 Oregon Ave,38.6035236,-90.2289891,0.33115445948928035,0.28478843549857946,0.273198777556492
https://www.redfin.com/MO/Saint-Louis/5710-Walsh-St-63109/home/93768205,5710 Walsh St,38.5829719,-90.2915579,0.394313200843572,0.3677265213221265,0.33676466620289647
https://www.redfin.com/MO/Saint-Louis/6425-Alabama-Ave-63111/home/93709380,6425 Alabama Ave,38.5589781,-90.2547527,0.46109196924280077,0.39821194697097523,0.4035292653957679
https://www.redfin.com/MO/Saint-Louis/5733-Tholozan-Ave-63109/home/93781059,5733 Tholozan,38.5957866,-90.2900997,0.3606865045570949,0.33424293211902745,0.32572091276135673
https://www.redfin.com/MO/Saint-Louis/5701-Goethe-Ave-63109/home/93779181,5701 Goethe Ave,38.5806997,-90.291445,0.3397638566370278,0.36825122029307084,0.3464429814122007
https://www.redfin.com/MO/Saint-Louis/6388-Smiley-Ave-63139/home/93741709,6388 Smiley Ave,38.6057674,-90.296063,0.37344691555907666,0.3352496341045123,0.3396525724548635
https://www.redfin.com/MO/Saint-Louis/6719-Nashville-Ave-63139/home/93765597,6719 Nashville Ave,38.627626,-90.3017261,0.4130513766664685,0.3909568163244095,0.42115011881459913
https://www.redfin.com/MO/Saint-Louis/2912-Virginia-Ave-63118/home/93692621,2912 Virginia Ave,38.6034361,-90.2359957,0.2476346252308987,0.31140891386298203,0.2985723060910634
https://www.redfin.com/MO/Saint-Louis/4462-Wilcox-Ave-63116/home/93761689,4462 Wilcox Ave,38.5817466,-90.2724399,0.3266506469950202,0.37792747850316133,0.36595937890010793
https://www.redfin.com/MO/Saint-Louis/7813-Decatur-Dr-63123/home/93784755,7813 Decatur Dr,38.5548465,-90.2794723,0.5274831806774741,0.499821208753591,0.4730505041868951
https://www.redfin.com/MO/Saint-Louis/6605-Morganford-Rd-63116/home/93771795,6605 Morganford Rd,38.5680727,-90.2756225,0.26351856253510025,0.2927450612804864,0.3381080958341768
https://www.redfin.com/MO/Saint-Louis/5636-Leona-St-63116/home/93774786,5636 Leona,38.5724633,-90.2649222,0.4122963837880948,0.3888792906265932,0.4169087156987889
https://www.redfin.com/MO/Saint-Louis/4317-Duke-St-63116/home/93765092,4317 Duke St,38.5804775,-90.2692376,0.28344908322922924,0.22530266322207185,0.2630697950311085
https://www.redfin.com/MO/Saint-Louis/5670-Pernod-Ave-63139/home/93781945,5670 Pernod Ave,38.5960057,-90.2878606,0.33278837050087295,0.34707395766616994,0.3473617234995134
https://www.redfin.com/MO/Saint-Louis/6627-Arsenal-St-63139/home/93741831,6627 Arsenal St,38.6084703,-90.3021809,0.3484400486638795,0.3432681671646512,0.38380790087964434
https://www.redfin.com/MO/Saint-Louis/4333-Schirmer-St-63116/home/93783775,4333 Schirmer St,38.5617991,-90.2832017,0.5042432418963627,0.46922896050036866,0.42952545735700964
https://www.redfin.com/MO/Saint-Louis/3749-Roswell-Ave-63116/home/93711986,3749 Roswell Ave,38.5587226,-90.268506,0.4830459745936944,0.4158072379532136,0.39958971277358574
https://www.redfin.com/MO/Saint-Louis/7015-Marquette-Ave-63139/home/93743475,7015 Marquette Ave,38.6009546,-90.3117022,0.4929393635941826,0.418935516060599,0.36977668774240474
https://www.redfin.com/MO/Saint-Louis/4108-Haven-St-63116/home/93778183,4108 Haven St,38.5664377,-90.2743075,0.33122763786973075,0.3459000472914546,0.35880934003578996
https://www.redfin.com/MO/Saint-Louis/5441-Reber-Pl-63139/home/93727326,5441 Reber Pl,38.609018,-90.2803003,0.4023131056582143,0.3922862634100383,0.37100427532487884
https://www.redfin.com/MO/Saint-Louis/6624-Neosho-St-63109/home/62768312,6624 Neosho,38.5871589,-90.3071439,0.40752955475160496,0.41211292528238097,0.42271108365821514
https://www.redfin.com/MO/Saint-Louis/6457-Lloyd-Ave-63139/home/93740819,6457 Lloyd Ave,38.6240351,-90.295779,0.3967648642066516,0.44792637283205966,0.4636584133212421
https://www.redfin.com/MO/Saint-Louis/4477-Itaska-St-63116/home/62691956,4477 Itaska St,38.5846491,-90.2719048,0.39599045141645,0.34840943792979107,0.33352520477460046
https://www.redfin.com/MO/Saint-Louis/4642-Steffens-Ave-63116/home/93767187,4642 Steffens Ave,38.5804215,-90.2600421,0.42453267970721537,0.3898527631154091,0.3774012555182081
https://www.redfin.com/MO/Saint-Louis/4417-Shaw-Blvd-63110/home/93767508,4417 Shaw Blvd,38.6171417,-90.2590573,0.4336289399046359,0.3866605491665595,0.3201977374281179
https://www.redfin.com/MO/Saint-Louis/3219-Regal-Pl-63139/home/143286862,3219 Regal Pl,38.6033107,-90.2842316,0.4734940277655155,0.48214165485279115,0.48023351183875906
https://www.redfin.com/MO/Saint-Louis/4119-Haven-St-63116/home/62691743,4119 Haven St,38.5669082,-90.2743551,0.3755762862177444,0.36723590916658455,0.3556572398170476
https://www.redfin.com/MO/Saint-Louis/6811-Marquette-Ave-63139/home/93743425,6811 Marquette Ave,38.6004619,-90.3067645,0.410252627601168,0.445044335380873,0.4337420102983831
https://www.redfin.com/MO/Saint-Louis/6421-Hancock-Ave-63139/home/93743265,6421 Hancock Ave,38.6010171,-90.2981679,0.44221250568055515,0.4128768637725084,0.3541578359788228
https://www.redfin.com/MO/Saint-Louis/1503-Cutter-Ave-63139/home/93672436,1503 Cutter Ave,38.624962,-90.3062015,0.5227382949494096,0.5623036266798576,0.512620346565588
https://www.redfin.com/MO/Saint-Louis/3634-Childress-Ave-63109/home/93778339,3634 Childress Ave,38.5963593,-90.2994133,0.4080594756661787,0.36802016612635025,0.3168993484722488
https://www.redfin.com/MO/Saint-Louis/6331-Henry-Ave-63116/home/93756828,6331 Henry Ave,38.5753915,-90.2816501,0.4072754189737524,0.3735465184596458,0.3500561053060983
https://www.redfin.com/MO/Saint-Louis/4133-Lafayette-Ave-63110/home/93760825,4133 Lafayette Ave,38.6184828,-90.2515347,0.35608647621508077,0.32474114617155847,0.3274046649299836
https://www.redfin.com/MO/Saint-Louis/3627-Louisiana-Ave-63118/home/93695220,3627 Louisiana Ave,38.5906682,-90.2403364,0.3466662681414887,0.3463585079431871,0.37242415123489836
https://www.redfin.com/MO/Crystal-City/6921-Blow-63019/home/196000074,6921 Blow,38.57329681,-90.29393575,0.36041252617749264,0.3772336712010536,0.34720526263047136
https://www.redfin.com/MO/Saint-Louis/5261-Fairview-Ave-63139/home/62769464,5261 Fairview Ave,38.5990471,-90.2797429,0.440318606712526,0.44263569165658956,0.4154298879792788
https://www.redfin.com/MO/Saint-Louis/4177-Walsh-St-63116/home/93767022,4177 Walsh St,38.5787805,-90.2652807,0.355964963286838,0.35735460302794414,0.3474886385321616
https://www.redfin.com/MO/Saint-Louis/3651-Blaine-Ave-63110/home/93700364,3651 Blaine Ave,38.6193435,-90.2408338,0.3658305478598173,0.304555526556964,0.2793844461813862
https://www.redfin.com/MO/Saint-Louis/7059-Sutherland-Ave-63109/home/93774599,7059 Sutherland Ave,38.5929758,-90.3147918,0.4694061255169546,0.47097155508223315,0.43086107278917346
https://www.redfin.com/MO/Saint-Louis/1033-Fairmount-Ave-63139/home/62758934,1033 Fairmount Ave,38.6310262,-90.2980028,0.3441266551412211,0.32141669980926185,0.3175081104512677
https://www.redfin.com/MO/Saint-Louis/5341-Lindenwood-Ave-63109/home/93781777,5341 Lindenwood Ave,38.593312,-90.2826167,0.3350286991745002,0.32354869802089664,0.3260816424737596
https://www.redfin.com/MO/Saint-Louis/6308-Lansdowne-Ave-63109/home/62733221,6308 Lansdowne Ave,38.5898697,-90.2975675,0.41226755724585645,0.41919825844668657,0.4119703371390003
https://www.redfin.com/MO/Saint-Louis/4504-Eichelberger-St-63116/home/93767609,4504 Eichelberger St,38.5795132,-90.271543,0.37523775127398995,0.33208568237367225,0.29190280629327475
https://www.redfin.com/MO/Saint-Louis/5041-Rhodes-Ave-63109/home/93771240,5041 Rhodes Ave,38.5782399,-90.2840766,0.3181427183600674,0.27842008800101314,0.30012954295155486
https://www.redfin.com/MO/Saint-Louis/5091-Milentz-Ave-63109/home/93771218,5091 Milentz Ave,38.5792225,-90.2854023,0.3738343683928593,0.35346248565736593,0.33150792873349244
https://www.redfin.com/MO/Saint-Louis/4258-Hartford-St-63116/home/93749891,4258 Hartford St,38.6033231,-90.2602312,0.3681329586036498,0.35771692209405737,0.3633777684741643
https://www.redfin.com/MO/Saint-Louis/5000-Plover-Ave-63120/home/93759738,5000 Plover Ave,38.6967083,-90.2535513,0.47741046275652976,0.5160935715625302,0.5281519904170373
https://www.redfin.com/MO/Saint-Louis/2926-Salena-St-63118/home/93698920,2926 Salena St,38.5985995,-90.2182912,0.365913857088061,0.3281007175672293,0.3221309800613182
https://www.redfin.com/MO/Saint-Louis/6312-Bradley-Ave-63139/home/93776324,6312 Bradley Ave,38.6030853,-90.295923,0.32250143423440214,0.3545991170579243,0.34235103611337236
https://www.redfin.com/MO/Saint-Louis/4023-Walsh-St-63116/home/93777268,4023 Walsh St,38.5770196,-90.2619369,0.33963000899424023,0.39401167829654393,0.4156369002688344
https://www.redfin.com/MO/Saint-Louis/5300-Loughborough-Ave-63109/home/62739203,5300 Loughborough Ave,38.5726009,-90.289943,0.3850852282307457,0.37851290500659274,0.3711441319460528
https://www.redfin.com/MO/Saint-Louis/6444-Murdoch-Ave-63109/home/93779853,6444 Murdoch Ave,38.5884992,-90.3021611,0.4447052914972134,0.42619169473387486,0.47548767936295505
https://www.redfin.com/MO/Saint-Louis/5529-Murdoch-Ave-63109/home/93753275,5529 Murdoch Ave,38.5874511,-90.2875574,0.439995332078062,0.41101676735750076,0.3891173238486417
https://www.redfin.com/MO/Saint-Louis/4543-Varrelmann-Ave-63116/home/93756280,4543 Varrelmann Ave,38.584189,-90.2622793,0.28917858795725176,0.2478799824386523,0.2628760539778518
https://www.redfin.com/MO/Saint-Louis/3521-Arsenal-St-63118/home/93692712,3521 Arsenal St,38.6027084,-90.2407719,0.37509837930961,0.3447771245513424,0.305648805380804
https://www.redfin.com/MO/Saint-Louis/5225-Dewey-Ave-63116/home/93742609,5225 Dewey Ave,38.5726655,-90.2557708,0.4897406882015063,0.36218705631395587,0.3685592914334067
https://www.redfin.com/MO/Saint-Louis/3904-Louis-St-63116/home/93785288,3904 Louis St,38.5574186,-90.2755583,0.46360596001091886,0.4364111503659753,0.42355877186090013
https://www.redfin.com/MO/Saint-Louis/5233-Parker-Ave-63139/home/93742676,5233 Parker Ave,38.5998651,-90.2785885,0.48475312368509704,0.4400414615158133,0.41915063719754375
https://www.redfin.com/MO/Saint-Louis/5234-Wilson-Ave-63110/home/93727661,5234 Wilson Ave,38.6156655,-90.2742025,0.2588628943185908,0.2504878022301651,0.2159965057161371
https://www.redfin.com/MO/Saint-Louis/3541-Tennessee-Ave-63118/home/93695426,3541 Tennessee Ave,38.5921475,-90.2411595,0.30759108752237546,0.33017126744299996,0.33009468703560674
https://www.redfin.com/MO/Saint-Louis/5533-Murdoch-Ave-63109/home/93753276,5533 Murdoch Ave,38.5874749,-90.2876527,0.4542658966801434,0.4112090372164473,0.3902421905540396
https://www.redfin.com/MO/Saint-Louis/6203-Wade-Ave-63139/home/93726346,6203 Wade Ave,38.6248912,-90.290674,0.3916489707406801,0.41782847520089916,0.39406719704718113
https://www.redfin.com/MO/Saint-Louis/6210-Reber-Pl-63139/home/93754695,6210 Reber Pl,38.610839,-90.2930778,0.5053305597184667,0.4436148051963718,0.40014469523848717
https://www.redfin.com/MO/Saint-Louis/4035-S-Grand-Blvd-63118/home/93704444,4035 S Grand Blvd,38.5837635,-90.2450392,0.2942031459888965,0.26022170442655995,0.3201412995039581
https://www.redfin.com/MO/Saint-Louis/7808-Wanda-Ave-63123/home/62756526,7808 Wanda Ave,38.5595576,-90.2853593,0.46346921704973665,0.45936022718255404,0.38084387730727565
https://www.redfin.com/MO/Saint-Louis/5411-Pernod-Ave-63139/home/93742325,5411 Pernod Ave,38.5958137,-90.2819094,0.4189021975847036,0.34704551182697735,0.36362847556088074
https://www.redfin.com/MO/Saint-Louis/7052-Tholozan-Ave-63109/home/93747886,7052 Tholozan Ave,38.5976748,-90.3137332,0.5100783217443475,0.5260180829197794,0.46959885998367284
https://www.redfin.com/MO/Saint-Louis/5642-Winona-Ave-63109/home/62734706,5642 Winona Ave,38.5917441,-90.2891077,0.4538373480389544,0.44183463133655043,0.41044795037449305
https://www.redfin.com/MO/Saint-Louis/4716-Alexander-St-63116/home/93750205,4716 Alexander St,38.5790253,-90.2599956,0.3485633674239429,0.35492662483455784,0.3668442734863458
https://www.redfin.com/MO/Saint-Louis/4077-Holly-Hills-Blvd-63116/home/93782076,4077 Holly Hills Blvd,38.5687181,-90.270747,0.4462113525730568,0.40138669425911033,0.3996207686133332
https://www.redfin.com/MO/Saint-Louis/5524-Devonshire-Ave-63109/home/62730905,5524 Devonshire Ave,38.5879042,-90.2867133,0.37946390989481127,0.36999670060659806,0.3796486667261922
https://www.redfin.com/MO/Saint-Louis/6639-Marquette-Ave-63139/home/93748836,6639 Marquette Ave,38.6002379,-90.3040236,0.4474480193828709,0.44434203127173644,0.4596180544061023
https://www.redfin.com/MO/Saint-Louis/3235-Hartford-St-63118/home/93692775,3235 Hartford St,38.6013546,-90.2368188,0.451562422796385,0.44885277378722255,0.3487154627135582
https://www.redfin.com/MO/Saint-Louis/2007-Lilly-Ave-63110/home/93726911,2007 Lilly Ave,38.6172539,-90.2795884,0.4084545102968273,0.41998291698394824,0.41598206312681574
https://www.redfin.com/MO/Saint-Louis/4932-Fairview-Ave-63139/home/62737376,4932 Fairview Ave,38.5976353,-90.2725218,0.29317346197960975,0.31898183100731936,0.2958631374820725
https://www.redfin.com/MO/Saint-Louis/6265-Walsh-St-63109/home/93780264,6265 Walsh St,38.5841241,-90.2984228,0.4384706181918672,0.43824528752645986,0.5070871572470346
https://www.redfin.com/MO/Saint-Louis/6562-Oleatha-Ave-63139/home/74295518,6562 Oleatha Ave,38.5984999,-90.3027216,0.49797980681489723,0.4695304694859148,0.4324085077996753
https://www.redfin.com/MO/Saint-Louis/3845-Blow-St-63116/home/93773591,3845 Blow St,38.5604212,-90.269822,0.3538356801613526,0.3293821787160677,0.3672172004185865
https://www.redfin.com/MO/Saint-Louis/1230-Missouri-Ave-63104/home/62758516,1230 Missouri Ave,38.61907,-90.2174031,0.36481614956201025,0.33771780891754805,0.34149802895433035
https://www.redfin.com/MO/Saint-Louis/5211-Delor-St-63109/home/93766848,5211 Delor St,38.5831227,-90.2812888,0.3654798899835093,0.3402036816502849,0.3553828308976633
https://www.redfin.com/MO/Saint-Louis/2725-Macklind-Ave-63139/home/93727293,2725 Macklind Ave,38.6091307,-90.2789381,0.2889973043504531,0.3603131136817158,0.3511490023432064
https://www.redfin.com/MO/Saint-Louis/2258-Shenandoah-Ave-63104/home/93682969,2258 Shenandoah Ave,38.607185,-90.22073,0.40174127744916643,0.3349126051437075,0.2630073524763728
https://www.redfin.com/MO/Saint-Louis/6634-Lindenwood-Pl-63109/home/93774954,6634 Lindenwood Pl,38.5951348,-90.3054594,0.4087833236431673,0.3950875813224497,0.41950676407855947
https://www.redfin.com/MO/Saint-Louis/4939-Lansdowne-Ave-63109/home/93752859,4939 Lansdowne Ave,38.5881583,-90.2773557,0.44322611001516676,0.3932505064216786,0.3405882829711002
https://www.redfin.com/MO/Saint-Louis/3124-Franke-Ct-63139/home/62729428,3124 Franke Ct,38.6070487,-90.2972745,0.37858913647934345,0.36671151022100634,0.3763960946946349
https://www.redfin.com/MO/Saint-Louis/5701-Finkman-St-63109/home/93777529,5701 Finkman St,38.5771075,-90.2920457,0.3671447509617652,0.359660423940491,0.3605491560173167
https://www.redfin.com/MO/Saint-Louis/4528-Tholozan-Ave-63116/home/93730024,4528 Tholozan Ave,38.5935415,-90.2689744,0.4392822440249978,0.41112052319195524,0.35218346216578333
https://www.redfin.com/MO/Saint-Louis/5210-Parker-Ave-63139/home/93742702,5210 Parker Ave,38.599373,-90.2779181,0.4265543597010318,0.43502630214145044,0.410885398416193
https://www.redfin.com/MO/Saint-Louis/4444-Taft-Ave-63116/home/93764662,4444 Taft Ave,38.5874434,-90.2697506,0.35239334294514885,0.3486283510174971,0.3273189221895331
https://www.redfin.com/MO/Saint-Louis/4239-Botanical-Ave-63110/home/62748652,4239 Botanical Ave,38.6103057,-90.2559726,0.3616699184689016,0.34926129758373153,0.3378090600521335
https://www.redfin.com/MO/Saint-Louis/6757-Eichelberger-St-63109/home/93781552,6757 Eichelberger St,38.583231,-90.3084812,0.5297993493283506,0.4901146609047061,0.47195463799777576
https://www.redfin.com/MO/Saint-Louis/4805-Allemania-St-63116/home/93756701,4805 Allemania St,38.5636991,-90.290677,0.3870051659344285,0.412711530296042,0.4275751870688351
https://www.redfin.com/MO/Saint-Louis/1505-Kraft-St-63139/home/93773124,1505 Kraft St,38.6249121,-90.3013128,0.46544727500272737,0.478617888026645,0.4707606392340914
https://www.redfin.com/MO/Saint-Louis/6423-Arsenal-St-63139/home/93741802,6423 Arsenal St,38.6079971,-90.2970971,0.33770009443330745,0.32741899911102834,0.36921551890961235
https://www.redfin.com/MO/Saint-Louis/4122-Federer-St-63116/home/93776671,4122 Federer St,38.5694877,-90.2712293,0.33815119194647525,0.37545820717322903,0.37056934338805747
https://www.redfin.com/MO/Saint-Louis/5472-Nottingham-Ave-63109/home/93765210,5472 Nottingham Ave,38.5861401,-90.287117,0.48216260762198665,0.4098184249615917,0.3917839909880773
https://www.redfin.com/MO/Saint-Louis/4898-Margaretta-Ave-63115/home/93732586,4898 Margaretta Ave,38.6772616,-90.2474231,0.332722060797428,0.42162424765275236,0.41073032279672805
https://www.redfin.com/MO/Saint-Louis/6821-Minnesota-Ave-63111/home/93710471,6821 Minnesota Ave,38.5541539,-90.2540322,0.3322844231264316,0.3413841235668986,0.3609641943148668
https://www.redfin.com/MO/Saint-Louis/4450-Tholozan-Ave-63116/home/93730030,4450 Tholozan Ave,38.5933573,-90.2674557,0.38814069500037135,0.4536409353418255,0.44249066062648945
https://www.redfin.com/MO/Saint-Louis/4226-Bates-St-63116/home/93761876,4226 Bates St,38.575374,-90.2677818,0.39413886770571455,0.42541595602134863,0.4450153252543323
https://www.redfin.com/MO/Saint-Louis/2327-Esther-Ave-63139/home/93741590,2327 Esther Ave,38.614728,-90.2897853,0.49150146010640117,0.4625769030456386,0.44031927162001344
https://www.redfin.com/MO/Saint-Louis/6623-Fyler-Ave-63139/home/93741962,6623 Fyler Ave,38.6032152,-90.3022317,0.4703196127119647,0.47297361547108785,0.4394655036234326
https://www.redfin.com/MO/Saint-Louis/4471-Beck-Ave-63116/home/93729771,4471 Beck Ave,38.5925325,-90.2688152,0.569519197280139,0.5159045571279718,0.3451904484786664
https://www.redfin.com/MO/Saint-Louis/6212-Michigan-Ave-63111/home/93709637,6212 Michigan Ave,38.5590431,-90.2493095,0.38689812412303504,0.368915734372784,0.3884082435398261
https://www.redfin.com/MO/Saint-Louis/7156-Mardel-Ave-63109/home/62687152,7156 Mardel Ave,38.5969644,-90.3180827,0.49386424451184435,0.4792112173942742,0.45322954041012925
https://www.redfin.com/MO/Saint-Louis/1505-Tamm-Ave-63139/home/93740806,1505 Tamm Ave,38.6230147,-90.2941639,0.44840795883239104,0.4454182096622938,0.3957443850756203
https://www.redfin.com/MO/Saint-Louis/8627-Park-Ln-63147/home/93732047,8627 Park Ln,38.7168159,-90.2470154,0.5106954946664879,0.49371988768370123,0.44200670501402073
https://www.redfin.com/MO/Saint-Louis/3136-Rutger-St-63104/home/93689891,3136 Rutger St,38.6217953,-90.2301079,0.42540068673405856,0.4385878166672776,0.43652038905575
https://www.redfin.com/MO/Saint-Louis/2964-Milton-Blvd-63104/home/93691097,2964 Milton Blvd,38.6097817,-90.2316097,0.5829091001085607,0.5516264181864219,0.4921766939192972
https://www.redfin.com/MO/Saint-Louis/6403-Macklind-Ave-63109/home/77306465,6403 Macklind Ave,38.5742898,-90.2876012,0.3245220284478546,0.3476974793044074,0.3648652341592363
https://www.redfin.com/MO/Saint-Louis/6214-Pershing-Ave-63130/home/93760143,6214 Pershing Ave,38.6498404,-90.3013895,0.5303771958296054,0.40428247873551504,0.39880532579539363
https://www.redfin.com/MO/Saint-Louis/6752-Eichelberger-St-63109/home/62728115,6752 Eichelberger St,38.5827201,-90.3082571,0.5198798557207747,0.5053290054372245,0.4932995304515702
https://www.redfin.com/MO/Saint-Louis/6425-Myrlette-Ct-63116/home/66604230,6425 Myrlette Ct,38.5713204,-90.279364,0.5230493143566701,0.554940355737655,0.5681509159627193
https://www.redfin.com/MO/Saint-Louis/6537-Marmaduke-Ave-63139/home/93743897,6537 Marmaduke Ave,38.611098,-90.2993806,0.4755914047997121,0.47475325018510195,0.4971068285473825
https://www.redfin.com/MO/Saint-Louis/4639-Virginia-Ave-63111/home/93673296,4639 Virginia Ave,38.5724728,-90.2438846,0.35696534753077896,0.2906072402779966,0.3147571435017918
https://www.redfin.com/MO/Saint-Louis/4558-Tower-Grove-Pl-63110/home/93728244,4558 Tower Grove Pl,38.6110821,-90.2648659,0.5336363273496404,0.5041768834120139,0.48974613634431097
https://www.redfin.com/MO/Saint-Louis/3120-Eads-Ave-63104/home/93700451,3120 Eads Ave,38.6176273,-90.231318,0.3922734275178618,0.3958439855827037,0.3657986056121072
https://www.redfin.com/MO/Saint-Louis/7401-Sharp-Ave-63116/home/93784844,7401 Sharp Ave,38.5587335,-90.276852,0.4782318868595879,0.4708032936461247,0.4760565530062716
https://www.redfin.com/MO/Saint-Louis/6561-Bancroft-Ave-63109/home/93775540,6561 Bancroft Ave,38.5927864,-90.3040609,0.4113586881047832,0.37910752760466915,0.31808244211591824
https://www.redfin.com/MO/Saint-Louis/6300-Juniata-St-63139/home/62735992,6300 Juniata St,38.6065247,-90.2949505,0.39857455123295926,0.35285645102293384,0.2952166476173182
https://www.redfin.com/MO/Saint-Louis/6211-Odell-St-63139/home/93767635,6211 Odell St,38.6094234,-90.2935084,0.4094302887179017,0.4270935545784796,0.4039305255157975
https://www.redfin.com/MO/Saint-Louis/6523-Fyler-Ave-63139/home/93742107,6523 Fyler Ave,38.6029775,-90.2997021,0.4179132583996808,0.3866641843161947,0.37802672561916884
https://www.redfin.com/MO/Saint-Louis/7120-Rabenberg-Pl-63143/home/93743159,7120 Rabenberg Pl,38.6112898,-90.3114931,0.5809129023866719,0.5811151770866576,0.48209340612355306
https://www.redfin.com/MO/Saint-Louis/6750-Plateau-Ave-63139/home/93740802,6750 Plateau Ave,38.6233377,-90.3033339,0.4997150312499797,0.48865962318109063,0.49012023851866654
https://www.redfin.com/MO/Saint-Louis/6151-Columbia-Ave-63139/home/93743722,6151 Columbia Ave,38.6129176,-90.2924325,0.43406029264152196,0.4438750793452525,0.48892690630987345
https://www.redfin.com/MO/Saint-Louis/1516-Switzer-Ave-63147/home/93732297,1516 Switzer,38.7145211,-90.2426696,0.3619948361299583,0.34028844725949836,0.3404132532959556
https://www.redfin.com/MO/Saint-Louis/4144-Davis-St-63123/home/93783899,4144 Davis St,38.5561872,-90.2842559,0.443578104065306,0.45839524826837175,0.42142748589445317
https://www.redfin.com/MO/Saint-Louis/7128-Bancroft-Ave-63109/home/93749069,7128 Bancroft Ave,38.59378,-90.3173699,0.559617886222312,0.5008545613954805,0.41466335731095316
https://www.redfin.com/MO/Saint-Louis/6401-Clifton-Hills-Dr-63139/home/93784656,6401 Clifton Hills Dr,38.6136278,-90.2962617,0.46716778696944844,0.4914069169753197,0.48953327431639226
https://www.redfin.com/MO/Saint-Louis/2733-Hermitage-Ave-63143/home/93743942,2733 Hermitage Ave,38.6121199,-90.3079443,0.5517637527877128,0.550732711505519,0.4443103340518405
https://www.redfin.com/MO/Saint-Louis/7054-Eichelberger-Dr-63123/home/93782468,7054 Eichelberger,38.581762,-90.314938,0.48013415477226884,0.5051179435693942,0.5003372421882136
https://www.redfin.com/MO/Saint-Louis/6641-Pernod-Ave-63139/home/93778932,6641 Pernod Ave,38.5982388,-90.3051506,0.42696014025373374,0.46190212091334687,0.4777517075860891
https://www.redfin.com/MO/Saint-Louis/6721-Itaska-St-63109/home/93781447,6721 Itaska St,38.5861208,-90.3088007,0.4607492876555117,0.44445387125039193,0.43168608450183554
https://www.redfin.com/MO/Saint-Louis/6718-Marquette-Ave-63139/home/93778808,6718 Marquette Ave,38.5999247,-90.3053497,0.42033813722011465,0.4511318679449363,0.45951860276985634
https://www.redfin.com/MO/Saint-Louis/5929-Cates-Ave-63112/home/93739608,5929 Cates Ave,38.6583997,-90.2910438,0.421437789938171,0.4608620277543423,0.44778166688253446
https://www.redfin.com/MO/Saint-Louis/5453-Bancroft-Ave-63109/home/62757066,5453 Bancroft Ave,38.5908708,-90.2856178,0.5655271541600773,0.5246243595018218,0.4674734913107552
https://www.redfin.com/MO/Saint-Louis/6271-Kinsey-Pl-63109/home/93783593,6271 Kinsey Pl,38.5814346,-90.3004935,0.5062329048629437,0.5122655620440539,0.5231476133070497
https://www.redfin.com/MO/Saint-Louis/6962-Plainview-Ave-63109/home/62732880,6962 Plainview Ave,38.5905214,-90.3122369,0.4958296254036446,0.4732190212145064,0.40253434922382586
https://www.redfin.com/MO/Saint-Louis/2638-Dalton-Ave-63139/home/93726796,2638 Dalton Ave,38.6107685,-90.2845657,0.40620316887040975,0.4196796140874796,0.386040761291326
https://www.redfin.com/MO/Saint-Louis/3807-Tamm-Ave-63109/home/62715461,3807 Tamm Ave,38.5952226,-90.2984335,0.36627911560261545,0.36845498451054265,0.3280387643303855
https://www.redfin.com/MO/Saint-Louis/6625-Hancock-Ave-63139/home/93743312,6625 Hancock Ave,38.601206,-90.3030834,0.4404641753959542,0.4498029855309852,0.4353178263457044
https://www.redfin.com/MO/Saint-Louis/1231-Hornsby-Ave-63147/home/93731557,1231 Hornsby Ave,38.7193445,-90.239294,0.450038858399076,0.4029387661738404,0.3721090265447225
https://www.redfin.com/MO/Saint-Louis/6056-Childress-Ave-63109/home/93783870,6056 Childress Ave,38.5766672,-90.2991777,0.39307057470326223,0.42569697246871124,0.43793309950727816
https://www.redfin.com/MO/Saint-Louis/5341-Reber-Pl-63139/home/93727504,5341 Reber Pl,38.6086878,-90.2769317,0.512316889315421,0.5016432061654991,0.4006433478350743
https://www.redfin.com/MO/Saint-Louis/5700-Arthur-Ave-63139/home/93743028,5700 Arthur,38.600095,-90.2859532,0.45276903727156714,0.48214140082536666,0.4888838959370409
https://www.redfin.com/MO/Saint-Louis/6568-Odell-St-63139/home/62768107,6568 Odell St,38.6096081,-90.3006864,0.560144438930161,0.5028226555176472,0.45935799925161286
https://www.redfin.com/MO/Saint-Louis/4005-Eichelberger-St-63116/home/93757720,4005 Eichelberger St,38.5754555,-90.2618759,0.5276416871556892,0.4790761847800925,0.4727327970313744
https://www.redfin.com/MO/Saint-Louis/6451-Odell-St-63139/home/93744977,6451 Odell St,38.6098474,-90.2979993,0.5381808293078584,0.5248114204306956,0.4762029131077687
https://www.redfin.com/MO/Saint-Louis/1712-Belle-Glade-Ave-63113/home/93786431,1712 Belle Glade Ave,38.6543348,-90.2365833,0.5668136901372445,0.5355059097839239,0.4440045425019744
https://www.redfin.com/MO/Saint-Louis/4023-Healy-Ct-63123/home/93783882,4023 Healy Ct,38.5544999,-90.2821799,0.502651671023991,0.5023299757017298,0.48631262993389546
https://www.redfin.com/MO/Saint-Louis/6445-Odell-St-63139/home/62765346,6445 Odell St,38.6098498,-90.297798,0.521145353445839,0.5128669024910099,0.46984034882050385
https://www.redfin.com/MO/Saint-Louis/6945-Lindenwood-Pl-63109/home/93748050,6945 Lindenwood Pl,38.5956839,-90.3106219,0.5269814168791588,0.5126864110244946,0.4695386360400435
https://www.redfin.com/MO/Saint-Louis/6608-Oakland-Ave-63139/home/93740545,6608 Oakland Ave,38.6317283,-90.2980727,0.3139642768518009,0.35306260194098454,0.3582428271448606
https://www.redfin.com/MO/Saint-Louis/6203-Tilden-Ave-63116/home/93765712,6203 Tilden Ave,38.5717583,-90.2751639,0.4331359685678254,0.46352258696349763,0.4965259219264718
https://www.redfin.com/MO/Saint-Louis/1501-Switzer-Ave-63147/home/63685813,1501 Switzer Ave,38.7147602,-90.2420784,0.3655172476661026,0.33547435881381577,0.3332262800936803
https://www.redfin.com/MO/Saint-Louis/3838-Federer-Pl-63116/home/93773567,3838 Federer Pl,38.5651444,-90.2625643,0.5268561001096469,0.4783286843224187,0.5112664324054403
https://www.redfin.com/MO/Saint-Louis/7026-Winona-Ave-63109/home/93747686,7026 Winona Ave,38.5943595,-90.3134038,0.49448531851836114,0.5118211173111926,0.49096819660125984
https://www.redfin.com/MO/Saint-Louis/7105-S-Grand-Ave-63111/home/93711751,7105 S Grand Blvd,38.5569601,-90.2642825,0.4376388765982069,0.37659031514989766,0.30231418738841054
https://www.redfin.com/MO/Saint-Louis/6968-Winona-Ave-63109/home/93747737,6968 Winona Ave,38.5940317,-90.31164,0.4789980607641661,0.48664767103264484,0.4653038256070939
https://www.redfin.com/MO/Saint-Louis/7217-Pennsylvania-Ave-63111/home/93710708,7217 Pennsylvania Ave,38.5507145,-90.2562325,0.42002620037952737,0.37138104355351764,0.3123817105020217
https://www.redfin.com/MO/Saint-Louis/6682-W-Park-Ave-63139/home/93750063,6682 W Park Ave,38.6277618,-90.3005859,0.40658694735542095,0.41419792168407277,0.4451953778242221
https://www.redfin.com/MO/Saint-Louis/3138-Illinois-Ave-63118/home/93699278,3138 Illinois Ave,38.5967282,-90.2206276,0.5298081382240836,0.4766104965726495,0.4177638414881251
https://www.redfin.com/MO/Saint-Louis/4251-W-Maffitt-Ave-63113/home/93678024,4251 W Maffitt Ave W,38.6611577,-90.2357246,0.5129452139657251,0.5108264018977112,0.4697734898764371
https://www.redfin.com/MO/Saint-Louis/7033-Pernod-Ave-63139/home/93748475,7033 Pernod Ave,38.5989219,-90.3127658,0.45636352981078554,0.5150916975032038,0.47454834954062186
https://www.redfin.com/MO/Saint-Louis/913-Morrison-Ave-63104/home/93685512,913 Morrison Ave,38.6153819,-90.199256,0.42126775686168233,0.3586610908547935,0.29727408720277027
https://www.redfin.com/MO/Saint-Louis/6509-Marquette-Ave-63139/home/93748834,6509 Marquette Ave,38.5998817,-90.3006615,0.24697197031761037,0.3138938021212764,0.3656619911341778
https://www.redfin.com/MO/Saint-Louis/4112-Poepping-St-63123/home/93784338,4112 Poepping,38.5559255,-90.2824564,0.4197057071864989,0.44388466693251394,0.46505388163974654
https://www.redfin.com/MO/Saint-Louis/4950-Eichelberger-St-63109/home/93765434,4950 Eichelberger St,38.5809605,-90.2808006,0.3358062154208253,0.31755753400471926,0.3180850801714572
https://www.redfin.com/MO/Saint-Louis/1648-Orchid-Ave-63147/home/93731806,1648 Orchid Ave,38.7204649,-90.2443488,0.4451903476059208,0.4043217492487845,0.45265614936153853
https://www.redfin.com/MO/Saint-Louis/4101-Healy-Ct-63123/home/62716808,4101 Healy Ct,38.5548136,-90.2831799,0.4666006457616918,0.4745075128926058,0.4530271060049816
https://www.redfin.com/MO/Saint-Louis/5932-Finkman-St-63109/home/93784014,5932 Finkman St,38.5771763,-90.296535,0.4075067364736565,0.44334544265043546,0.43388982306250756
https://www.redfin.com/MO/Saint-Louis/5972-Tara-Ln-63147/home/93770711,5972 Tara Ln,38.7121742,-90.2453478,0.3894817250913179,0.3904787767934782,0.42694906894139406
https://www.redfin.com/MO/Saint-Louis/7018-Holly-Hills-Ave-63123/home/93782471,7018 Holly Hills Ave,38.5801292,-90.3138706,0.4936865843072739,0.5579703132546043,0.5621864026045281
https://www.redfin.com/MO/Saint-Louis/6656-Oleatha-Ave-63139/home/93778993,6656 Oleatha Ave,38.5987768,-90.3057217,0.4733112359715062,0.47377833639691275,0.47277818819049594
https://www.redfin.com/MO/Saint-Louis/5811-Finkman-St-63109/home/93777660,5811 Finkman St,38.5774266,-90.2949812,0.5251241477138869,0.43517768439180277,0.38386379573826246
https://www.redfin.com/MO/Saint-Louis/3425-Halliday-Ave-63118/home/93692504,3425 Halliday Ave,38.6051006,-90.2380734,0.4853473143448463,0.4071057480551726,0.338016238547977
https://www.redfin.com/MO/Saint-Louis/5445-N-Kingshighway-Blvd-63115/home/93752026,5445 N Kingshighway Blvd,38.6910001,-90.2376839,0.48401903002747837,0.4266367731473089,0.4433383883004879
https://www.redfin.com/MO/Saint-Louis/5536-Lisette-Ave-63109/home/93776618,5536 Lisette Ave,38.5755661,-90.290522,0.4872764805280657,0.4237222570684532,0.38211142738783344
https://www.redfin.com/MO/Saint-Louis/6269-Kinsey-Pl-63109/home/93783592,6269 Kinsey Pl,38.5814123,-90.300276,0.48212358976126984,0.5050001265911094,0.5157194989283971
https://www.redfin.com/MO/Saint-Louis/3915-Blow-St-63116/home/93773365,3915 Blow St,38.5610692,-90.2710866,0.41169032018081403,0.39720745547718966,0.4067095468453955
https://www.redfin.com/MO/Saint-Louis/4815-Minnesota-Ave-63111/home/93707667,4815 Minnesota Ave,38.5687757,-90.2402798,0.5104342273427542,0.4203532996631888,0.46852015958901316
https://www.redfin.com/MO/Saint-Louis/4916-W-Florissant-Ave-63115/home/62695103,4916 W Florissant Ave,38.6896724,-90.2350509,0.35238205501667635,0.45903751440261864,0.5131638544469882
https://www.redfin.com/MO/Saint-Louis/5730-Bancroft-Ave-63109/home/93753092,5730 Bancroft Ave,38.5909567,-90.2907246,0.5174372881355147,0.47737134605029097,0.4029141150907967
https://www.redfin.com/MO/Saint-Louis/2765-Tamm-Ave-63139/home/93707792,2765 Tamm Ave,38.6108062,-90.2968614,0.4801861368082595,0.4977469252213061,0.4594467452918063
https://www.redfin.com/MO/Saint-Louis/5169-Vernon-Ave-63113/home/62773850,5169 Vernon Ave,38.6587432,-90.2684768,0.44071738769315,0.4182373304670906,0.438221603366945
https://www.redfin.com/MO/Saint-Louis/6505-Michigan-Ave-63111/home/93709683,6505 Michigan Ave,38.5573558,-90.2520846,0.32305901205773946,0.2858750020413561,0.3265200335881037
https://www.redfin.com/MO/Saint-Louis/6821-Garner-Ave-63139/home/93741066,6821 Garner Ave,38.6203286,-90.3051445,0.5472331118985679,0.47236469993288344,0.44864361092213245
https://www.redfin.com/MO/Saint-Louis/6817-Garner-Ave-63139/home/93741059,6817 Garner Ave,38.6203196,-90.3050086,0.5333735393951825,0.46494486015331965,0.4498987440534309
https://www.redfin.com/MO/Saint-Louis/8120-Parkridge-Dr-63123/home/93784253,8120 Parkridge Dr,38.5581341,-90.2896258,0.45800014920516546,0.4722303195099544,0.5164770970179058
https://www.redfin.com/MO/Saint-Louis/3848-Eiler-St-63116/home/93761611,3848 Eiler,38.5727716,-90.2594818,0.40696530206301806,0.4002400620939022,0.3708741518505207
https://www.redfin.com/MO/Saint-Louis/5273-Parker-Ave-63139/home/93742681,5273 Parker Ave,38.5998395,-90.2800065,0.410993313594186,0.38669599100538066,0.40694973119656225
https://www.redfin.com/MO/Saint-Louis/8954-Edna-St-63147/home/93731519,8954 Edna St,38.7207479,-90.2360097,0.4585598791723652,0.5069314778789198,0.4853781743085802
https://www.redfin.com/MO/Saint-Louis/5467-Clifton-Ave-63109/home/93783476,5467 Clifton Ave,38.5801959,-90.2978414,0.4657806477161202,0.45286647083363446,0.4429426052112417
https://www.redfin.com/MO/Saint-Louis/6580-Oleatha-Ave-63139/home/93778938,6580 Oleatha Ave,38.5985593,-90.3033009,0.5294777430504168,0.4892723860763352,0.4476860322085738
https://www.redfin.com/MO/Saint-Louis/2747-Rutger-St-63104/home/173619015,2747 Rutger St,38.6207989,-90.223298,0.4161615093209522,0.38291876982835815,0.32972194349288536
https://www.redfin.com/MO/Saint-Louis/7024-Stanley-Ave-63143/home/93744193,7024 Stanley Ave,38.6198268,-90.3095247,0.43107658507165597,0.4663244743407849,0.4702110786002255
https://www.redfin.com/MO/Saint-Louis/2349-S-11th-St-63104/home/62741473,2349 S 11th St,38.6041231,-90.2103553,0.3627099110161937,0.33042601817158723,0.3071218996235991
https://www.redfin.com/MO/Saint-Louis/4329-Alma-Ave-63116/home/93771926,4329 Alma Ave,38.5687977,-90.275996,0.3455714747478737,0.35368405425502447,0.3443318469891895
https://www.redfin.com/MO/Saint-Louis/4253-Holly-Ave-63115/home/93714413,4253 Holly Ave,38.6756459,-90.2294809,0.3620678433311078,0.3264099947043369,0.38309470065643453
https://www.redfin.com/MO/Saint-Louis/5185-Enright-Ave-63108/home/93744914,5185 Enright Ave,38.6536461,-90.2699742,0.31912333998592096,0.3512928809547474,0.3583610155763006
https://www.redfin.com/MO/Saint-Louis/1063-Hornsby-Ave-63147/home/93761150,1063 Hornsby Ave,38.7191744,-90.2351117,0.37991490596463817,0.4122276084476984,0.4152855633384647
https://www.redfin.com/MO/Saint-Louis/7223-Pennsylvania-Ave-63111/home/93710707,7223 Pennsylvania Ave,38.5506049,-90.2563383,0.4013493854271869,0.3596830454631441,0.31571278615159243
https://www.redfin.com/MO/Saint-Louis/5095-Raymond-Ave-63113/home/93752500,5095 Raymond Ave,38.6575775,-90.2660205,0.3572523551443306,0.36809938194497527,0.4285266318310934
https://www.redfin.com/MO/Saint-Louis/3141-Potomac-St-63118/home/93695074,3141 Potomac Ave,38.5930219,-90.236353,0.3876317826559753,0.40822955889154317,0.39662629982620434
https://www.redfin.com/MO/Saint-Louis/4725-Maffitt-Ave-63113/home/93748625,4725 Maffitt Ave,38.6672408,-90.2496102,0.4676774596015858,0.4318831469039194,0.4598432221125213
https://www.redfin.com/MO/Saint-Louis/4246-Nebraska-Ave-63111/home/93705534,4246 Nebraska Ave,38.5784427,-90.2352611,0.40684833132094733,0.37832397407262797,0.3686644137879857
https://www.redfin.com/MO/Saint-Louis/7307-Minnesota-Ave-63111/home/93710809,7307 Minnesota Ave,38.5508106,-90.2577498,0.3155045504722133,0.33347237513663247,0.34729818488369474
https://www.redfin.com/MO/Saint-Louis/8226-Frederick-St-63147/home/93760550,8226 Frederick St,38.71173,-90.2333892,0.5256326972923443,0.5107486893567116,0.5136060033490495
https://www.redfin.com/MO/Saint-Louis/4116-E-Iowa-Ave-63118/home/93705061,4116 E Iowa Ave,38.5805229,-90.2308527,0.5293141442489607,0.5290645144800691,0.43213605437279423
https://www.redfin.com/MO/Saint-Louis/4339-Linton-Ave-63107/home/93712881,4339 Linton,38.6718073,-90.2170106,0.5114675255128346,0.453905736717272,0.43605120902664785
https://www.redfin.com/MO/Saint-Louis/6619-Vermont-Ave-63111/home/93709861,6619 Vermont Ave,38.5575206,-90.2548907,0.4854465819561833,0.4290427850306789,0.424172929710443
https://www.redfin.com/MO/Saint-Louis/3906-Bates-St-63116/home/93781580,3906 Bates,38.5717259,-90.2608123,0.3971722170095487,0.4213288387665505,0.39557941377290845
https://www.redfin.com/MO/Saint-Louis/3841-Michigan-Ave-63118/home/93695739,3841 Michigan Ave,38.5862498,-90.2377933,0.35080218135889657,0.3209745519644661,0.31967309255984033
https://www.redfin.com/MO/Saint-Louis/4419-Holly-Ave-63115/home/93714503,4419 Holly Ave,38.6769454,-90.228222,0.45534387216859656,0.40054948847708943,0.360673577884887
https://www.redfin.com/MO/Saint-Louis/6049-Shulte-Ave-63136/home/93758488,6049 Shulte Ave,38.7078206,-90.254083,0.4713427184261131,0.4641376774393121,0.4525219737024529
https://www.redfin.com/MO/Saint-Louis/5653-Park-Ln-63136/home/93769991,5653 Park Ln,38.7083361,-90.251828,0.31599489200563463,0.34856143896608993,0.3824970436009705
https://www.redfin.com/MO/Saint-Louis/4871-Anderson-Ave-63115/home/93732968,4871 Anderson Ave,38.6818235,-90.2429328,0.4825234936197065,0.4230999151079288,0.45540102241702474
https://www.redfin.com/MO/Saint-Louis/4422-Pennsylvania-Ave-63111/home/93706067,4422 Pennsylvania Ave,38.5756246,-90.2369335,0.3749245001562286,0.4105483399277876,0.40180291801466295
https://www.redfin.com/MO/Saint-Louis/4950-Labadie-Ave-63115/home/93755807,4950 Labadie Ave,38.671678,-90.2538731,0.4251441952277625,0.4119020308595379,0.4026164286227397
https://www.redfin.com/MO/Saint-Louis/3417-Park-Ave-63104/home/93700999,3417 Park Ave,38.6204124,-90.2346454,0.2985762129024487,0.24249326807672675,0.3018535268003549
https://www.redfin.com/MO/Saint-Louis/3114-Clarence-Pl-63115/home/93736150,3114 Clarence Ave,38.6657755,-90.2363412,0.5350787871030116,0.5690274676628554,0.5212938560278707
https://www.redfin.com/MO/Saint-Louis/4341-Minnesota-Ave-63111/home/93705880,4341 Minnesota Ave,38.577139,-90.2383768,0.3567617757144015,0.3757712294298453,0.397919190620155
https://www.redfin.com/MO/Saint-Louis/6270-Gravois-Ave-63116/home/62724793,6270 Gravois Ave,38.5738242,-90.2801722,0.1520863390067405,0.18638741947078047,0.29566129385264167
https://www.redfin.com/MO/Saint-Louis/3008-Chippewa-St-63118/home/93695956,3008 Chippewa St,38.5869932,-90.2353683,0.32924397368138575,0.3518656189656838,0.33941463646942477
https://www.redfin.com/MO/Saint-Louis/4960-Thekla-Ave-63115/home/93763161,4960 Thekla Ave,38.6878231,-90.2410143,0.31114785608794926,0.3295055988017523,0.38488827652231433
https://www.redfin.com/MO/Saint-Louis/4621-Evans-Ave-63113/home/93721002,4621 Evans Ave,38.6585493,-90.2525247,0.41456590910702973,0.3921857658244616,0.35970417314254055
https://www.redfin.com/MO/Saint-Louis/5276-Genevieve-Ave-63120/home/93763129,5276 Genevieve Ave,38.6974425,-90.2480493,0.4332398513218251,0.48015347546270487,0.5233274357658505
https://www.redfin.com/MO/Saint-Louis/8460-Edna-St-63147/home/93731350,8460 Edna St,38.7152509,-90.2357294,0.3386439163271294,0.36287657604698725,0.3987539813582601
https://www.redfin.com/MO/Saint-Louis/4859-Sacramento-Ave-63115/home/93732634,4859 Sacramento Ave,38.6755334,-90.2470025,0.3660313653492547,0.3696765613762629,0.37646251571646133
https://www.redfin.com/MO/Saint-Louis/2912-Indiana-Ave-63118/home/93699027,2912 Indiana Ave,38.6001888,-90.2225518,0.25636661048600373,0.2485033832428727,0.28639351270446445
https://www.redfin.com/MO/Saint-Louis/3030-Chippewa-St-63118/home/93696023,3030 Chippewa St,38.587015,-90.2358436,0.257204460623567,0.3496005016868439,0.346415537262328
https://www.redfin.com/MO/Saint-Louis/5714-Maple-Ave-63112/home/93709829,5714 Maple Ave,38.660566,-90.2841077,0.43382457065342955,0.48380136965198234,0.46450945702779983
https://www.redfin.com/MO/Saint-Louis/2012-Mallinckrodt-St-63107/home/93688826,2012 Mallinckrodt St,38.6589264,-90.2026809,0.4102085398533254,0.3456277968067642,0.3320606751945319
https://www.redfin.com/MO/Saint-Louis/4844-Northland-Ave-63113/home/93737180,4844 Northland Ave,38.6673828,-90.2533702,0.4368572289650987,0.43696192077345103,0.42754520815495123
https://www.redfin.com/MO/Saint-Louis/7027-Michigan-Ave-63111/home/93710184,7027 Michigan Ave,38.5531949,-90.2567783,0.40546937013655754,0.37446705462104635,0.38191423543011743
https://www.redfin.com/MO/Saint-Louis/5447-Claxton-Ave-63120/home/93764862,5447 Claxton Ave,38.6950967,-90.2413062,0.3520628982721142,0.37945088381833425,0.386064624346099
https://www.redfin.com/MO/Saint-Louis/4430-Sexauer-Ave-63115/home/93733135,4430 Sexauer Ave,38.681931,-90.2381055,0.32139275397332895,0.342989613797685,0.28778364736112844
https://www.redfin.com/MO/Saint-Louis/6012-N-Pointe-Blvd-63147/home/93770348,6012 North Pointe Blvd,38.711434,-90.2501529,0.34579503267659056,0.3454069085404967,0.3429372608807402
https://www.redfin.com/MO/Saint-Louis/5417-Pennsylvania-Ave-63111/home/93708189,5417 Pennsylvania Ave,38.5637674,-90.2422036,0.4761248860636238,0.3867251431360532,0.3843120945347807
https://www.redfin.com/MO/Saint-Louis/4644-Michigan-Ave-63111/home/93706785,4644 Michigan,38.5717288,-90.2402065,0.4394118801478399,0.4093610013410846,0.3758105654255004
https://www.redfin.com/MO/Saint-Louis/3125-Miami-St-63118/home/62745567,3125 Miami St,38.5911737,-90.2362949,0.37491547188385016,0.3897571144366116,0.4340935708975696
https://www.redfin.com/MO/Saint-Louis/820-Elias-Ave-63147/home/93759941,820 Elias Ave,38.7209085,-90.2297256,0.5085636639384612,0.4680796538344383,0.4938322809854527
https://www.redfin.com/MO/Saint-Louis/4315-Lafayette-Ave-63110/home/93753965,4315 Lafayette Ave,38.618979,-90.2565915,0.33391937148414347,0.27988039296595973,0.28955003443459343
https://www.redfin.com/MO/Saint-Louis/4526-Alice-Ave-63115/home/93713847,4526 Alice Ave,38.673002,-90.220802,0.48165590980793455,0.45408155927762556,0.37251387437717737
https://www.redfin.com/MO/Saint-Louis/1412-Rowan-Ave-63112/home/93678068,1412 Rowan Ave,38.6708181,-90.2827864,0.503173010168415,0.4622529252762312,0.43936144772611263
https://www.redfin.com/MO/Saint-Louis/4312-Oregon-Ave-63111/home/93705805,4312 Oregon Ave,38.5774308,-90.2343329,0.34885025428525385,0.37057090445161006,0.3891726427426759
https://www.redfin.com/MO/Saint-Louis/5226-Saint-Louis-Ave-63115/home/93737349,5226 Saint Louis Ave,38.6734405,-90.2603149,0.4226629934534584,0.4899653681202613,0.44139771732294075
https://www.redfin.com/MO/Saint-Louis/5046-S-37th-St-63116/home/93742425,5046 S 37th St,38.5728355,-90.2535524,0.47457534622727865,0.5231665670930282,0.4589341105765805
https://www.redfin.com/MO/Saint-Louis/7413-Michigan-Ave-63111/home/93710778,7413 Michigan Ave,38.550645,-90.2596754,0.2796805288114897,0.2974862241324571,0.3224687144255983
https://www.redfin.com/MO/Saint-Louis/5232-Highland-Ave-63113/home/62739245,5232 Highland Ave,38.6700968,-90.2629098,0.3123641503477732,0.4004806407116176,0.3982985474476117
https://www.redfin.com/MO/Saint-Louis/5756-Floy-Ave-63136/home/93765411,5756 Floy,38.7114811,-90.2547247,0.33979210304870594,0.33094080055475494,0.32753189715929903
https://www.redfin.com/MO/Saint-Louis/3819-California-Ave-63118/home/93696136,3819 California Ave,38.5861286,-90.231889,0.21567474309512477,0.2711376363320479,0.31761455024301927
https://www.redfin.com/MO/Saint-Louis/1514-Grape-Ave-63147/home/93731739,1514 Grape Ave,38.7169822,-90.2419399,0.3302610650892852,0.3142556383803472,0.33098217446491685
https://www.redfin.com/MO/Saint-Louis/5922-Lillian-Ave-63136/home/93777938,5922 Lillian Ave,38.6999372,-90.260418,0.376976724867706,0.39703017031761867,0.410362148251314
https://www.redfin.com/MO/Saint-Louis/2817-S-Jefferson-Ave-63118/home/93691732,2817 S Jefferson,38.6026874,-90.2239062,0.37294298743436444,0.3353024397270029,0.2949844420169208
https://www.redfin.com/MO/Saint-Louis/4325-Morganford-Rd-63116/home/93772026,4325 Morganford Rd,38.5889416,-90.2648299,0.3402779575514353,0.2975765050602309,0.3266879065971382
https://www.redfin.com/MO/Saint-Louis/4743-Louisiana-Ave-63111/home/93707337,4743 Louisiana Ave,38.5724717,-90.2483467,0.42372572091834093,0.3801440600964129,0.35411758029090057
https://www.redfin.com/MO/Saint-Louis/3931-Pennsylvania-Ave-63118/home/93704347,3931 Pennsylvania Ave,38.584441,-90.2357089,0.3722174440740895,0.36466860147061064,0.35243988586202624
https://www.redfin.com/MO/Saint-Louis/4101-E-Lee-Ave-63115/home/93714956,4101 Lee Ave,38.6705229,-90.2232946,0.43881015159438147,0.45555165210719656,0.4872514888305324
https://www.redfin.com/MO/Saint-Louis/5936-Theodore-Ave-63136/home/93758717,5936 Theodore Ave,38.7022965,-90.2564459,0.49654771591131636,0.49000889518999546,0.4512485449208218
https://www.redfin.com/MO/Saint-Louis/3522-S-Compton-Ave-63118/home/93695014,3522 S Compton Ave,38.5921823,-90.2371205,0.4422127267053662,0.47995469335759433,0.4773018064884691
https://www.redfin.com/MO/Saint-Louis/3757-Itaska-St-63116/home/93742464,3757 Itaska St,38.5770337,-90.252818,0.4907020907974357,0.4788114430222604,0.4386781533950409
https://www.redfin.com/MO/Saint-Louis/1740-Grape-Ave-63147/home/93778782,1740 Grape Ave,38.7184891,-90.2480558,0.39708789203947276,0.38133867151061507,0.40328271468627086
https://www.redfin.com/MO/Saint-Louis/4453-Morganford-Rd-63116/home/93764712,4453 Morganford Rd,38.5872572,-90.2653969,0.2738238483757949,0.29933273207904204,0.33920929745888195
https://www.redfin.com/MO/Saint-Louis/5968-De-Giverville-Ave-63112/home/93762540,5968 Degiverville Ave,38.6540092,-90.2930654,0.4140601905510578,0.3476409308491215,0.3195347065440509
https://www.redfin.com/MO/Saint-Louis/4214-Bingham-Ave-63116/home/93726563,4214 Bingham Ave,38.5885023,-90.2627747,0.49316970587254816,0.4214728149085584,0.36217606519579
https://www.redfin.com/MO/Saint-Louis/2239-University-St-63107/home/93687537,2239 University St,38.6532619,-90.206268,0.5096093364771277,0.506028112964988,0.44611203993719806
https://www.redfin.com/MO/Saint-Louis/6336-Laura-Ave-63136/home/93762169,6336 Laura Ave,38.7026486,-90.2639952,0.3860660490023336,0.39679297628113513,0.421289659438698
https://www.redfin.com/MO/Saint-Louis/3614-Iowa-Ave-63118/home/93696177,3614 Iowa Ave,38.5896392,-90.2294771,0.3527376584008,0.41707299780813106,0.35111670387142485
https://www.redfin.com/MO/Saint-Louis/3420-Alberta-St-63118/home/93704826,3420 Alberta St,38.5850667,-90.2420256,0.40514069782530837,0.3752083641061487,0.3728864024247721
https://www.redfin.com/MO/Saint-Louis/4406-Gannett-St-63116/home/93764136,4406 Gannett,38.584665,-90.2693951,0.32664860144097035,0.35776347419321247,0.35999226787966976
https://www.redfin.com/MO/Saint-Louis/4442-Morganford-Rd-63116/home/62758278,4442 Morganford Rd,38.5872295,-90.2649468,0.251929597915417,0.3056776831669658,0.34244522579261655
https://www.redfin.com/MO/Saint-Louis/5950-N-Pointe-Blvd-63147/home/93769869,5950 N Pointe Blvd,38.7105313,-90.2481517,0.34599678654256566,0.38098207299518616,0.3920789526720355
https://www.redfin.com/MO/Saint-Louis/5613-Pennsylvania-Ave-63111/home/93708606,5613 Pennsylvania Ave,38.562202,-90.2433003,0.420269829935228,0.3916400297249757,0.4059534279811251
https://www.redfin.com/MO/Saint-Louis/4023-Giles-Ave-63116/home/93772906,4023 Giles Ave,38.5848851,-90.2482048,0.41575130223265966,0.38861708187846794,0.3801316061306137
https://www.redfin.com/MO/Saint-Louis/7505-Pennsylvania-Ave-63111/home/93710919,7505 Pennsylvania Ave,38.5487914,-90.258401,0.437929464552394,0.4033477911352303,0.30544572146963245
https://www.redfin.com/MO/Saint-Louis/5640-Hiller-Pl-63136/home/62719986,5640 Hiller,38.7082938,-90.2524513,0.4051171092298972,0.3672699991519196,0.39581227175681266
https://www.redfin.com/MO/Saint-Louis/217-Schirmer-St-63111/home/63496781,217 W Schirmer St,38.5478645,-90.2601613,0.4036049562589823,0.3367897485513707,0.33808297776292723
https://www.redfin.com/MO/Saint-Louis/8648-Oriole-Ave-63147/home/93731159,8648 Oriole Ave,38.7145645,-90.2390907,0.3737737762253019,0.38818406284503837,0.37080384798826616
https://www.redfin.com/MO/Saint-Louis/3240-Michigan-Ave-63118/home/93693468,3240 Michigan Ave,38.596931,-90.2350071,0.31451058869976517,0.3139016674056099,0.2929470585288839
https://www.redfin.com/MO/Saint-Louis/1025-Hornsby-Ave-63147/home/93760931,1025 Hornsby Ave,38.7190136,-90.2338255,0.38814022514322055,0.3970782429064355,0.43517032854109444
https://www.redfin.com/MO/Saint-Louis/5141-Dresden-Ave-63116/home/93764014,5141 Dresden Ave,38.5806928,-90.2748134,0.37337844218080707,0.4020144948186648,0.4134424202311434
https://www.redfin.com/MO/Saint-Louis/6016-Minnesota-Ave-63111/home/93709125,6016 Minnesota Ave,38.5596992,-90.2468319,0.5098421078899128,0.4514285640307266,0.38120587646773874
https://www.redfin.com/MO/Saint-Louis/5713-Goodfellow-Blvd-63136/home/93761214,5713 Goodfellow Blvd,38.7117411,-90.2563099,0.3679238415289748,0.4158635257883111,0.39788930716035387
https://www.redfin.com/MO/Saint-Louis/887-Wall-St-63147/home/77407593,887 Wall St,38.7197411,-90.2322826,0.4915583911701171,0.4672947562576512,0.48205244719905294
https://www.redfin.com/MO/Saint-Louis/5021-Davison-Ave-63120/home/93755100,5021 Davison,38.6940976,-90.2510864,0.5137734664076539,0.3854369644972388,0.46115953020851225
https://www.redfin.com/MO/Saint-Louis/3540-Michigan-Ave-63118/home/93694890,3540 Michigan Ave,38.5915226,-90.2361362,0.37318561602797606,0.37375753478704166,0.42935695647158933
https://www.redfin.com/MO/Saint-Louis/3658-Salena-St-63118/home/62687641,3658 Salena St,38.5873272,-90.22097,0.41925972259875594,0.3924754265916659,0.3485441726623321
https://www.redfin.com/MO/Saint-Louis/4740-Nebraska-Ave-63111/home/93706889,4740 Nebraska Ave,38.5694382,-90.2372009,0.42636276282972047,0.3963577893588698,0.40028754394277377
https://www.redfin.com/MO/Saint-Louis/4300-Dewey-Ave-63116/home/93706005,4300 Dewey Ave,38.5807753,-90.2480438,0.4236184509835237,0.4064762267433657,0.38849801542202284
https://www.redfin.com/MO/Saint-Louis/5636-Winona-Ave-63109/home/93781629,5636 Winona Ave,38.5916922,-90.2888418,0.4367020194917077,0.4470930818816805,0.41726085433986354
https://www.redfin.com/MO/Saint-Louis/3841-Bowen-St-63116/home/93773632,3841 Bowen St,38.5670055,-90.262536,0.35528270873392914,0.3963511794691735,0.4154572091666327
https://www.redfin.com/MO/Saint-Louis/2103-Boardman-St-63110/home/173620164,2103 Boardman St,38.6152485,-90.2703315,0.1615309886616502,0.15728612032862604,0.19235035672889808
https://www.redfin.com/MO/St-Louis/6297-Magnolia-Ave-63139/home/192669047,6297 Magnolia Ave,38.612079,-90.2956772,0.35637002430332143,0.38244746278845093,0.43950650187849183
https://www.redfin.com/MO/Saint-Louis/6543-Hancock-Ave-63139/home/90732000,6543 Hancock Ave,38.6008917,-90.3015184,0.3870689469971132,0.38025103845924046,0.39428687369125187
https://www.redfin.com/MO/Saint-Louis/4080-Burgen-Ave-63116/home/93761954,4080 Burgen Ave,38.5732327,-90.2662042,0.3601561056206541,0.4154889974692713,0.43925210291090283
https://www.redfin.com/MO/Saint-Louis/3119-Tamm-Ave-63139/home/93772162,3119 Tamm Ave,38.6071476,-90.2965866,0.3313358456493651,0.30991385690471207,0.35671393158383113
https://www.redfin.com/MO/Saint-Louis/6646-Mardel-Ave-63109/home/93774875,6646 Mardel Ave,38.5961145,-90.305674,0.38098731869325025,0.42317153721965484,0.46092255969838175
https://www.redfin.com/MO/Saint-Louis/1508-Graham-St-63139/home/93761918,1508 Graham,38.6230432,-90.2913206,0.3865956831540994,0.3740092338507266,0.3290906160123899
https://www.redfin.com/MO/Saint-Louis/6272-Magnolia-Ave-63139/home/93754746,6272 Magnolia Ave,38.6116938,-90.2951671,0.44706413433612696,0.41198753903814467,0.421551772769059
https://www.redfin.com/MO/Saint-Louis/2323-Macklind-Ave-63110/home/93771688,2323 Macklind Ave,38.6130636,-90.2781565,0.3159746625813653,0.32598759333508776,0.3158313346599451
https://www.redfin.com/MO/Saint-Louis/5872-Walsh-St-63109/home/93768784,5872 Walsh St,38.5834242,-90.2956523,0.4724124145152147,0.42093614806672985,0.4133030587768361
https://www.redfin.com/MO/Saint-Louis/5425-Pernod-Ave-63139/home/93742298,5425 Pernod Ave,38.5958459,-90.2823811,0.3539849884076441,0.36275445405022183,0.368373443246069
https://www.redfin.com/MO/Saint-Louis/2123-Boardman-St-63110/home/173620154,2123 Boardman St,38.6145576,-90.2704681,0.22048680441604004,0.2183416085639171,0.1738915720751345
https://www.redfin.com/MO/Saint-Louis/4216-Wyoming-St-63116/home/93729443,4216 Wyoming St,38.6003367,-90.2591421,0.40678556416410566,0.4022530638882342,0.38484605189510573
https://www.redfin.com/MO/Saint-Louis/5406-Reber-Pl-63139/home/93727377,5406 Reber Pl,38.6083175,-90.2793431,0.4119506560625808,0.4384934374103227,0.4078884978126669
https://www.redfin.com/MO/Saint-Louis/6309-Potomac-St-63139/home/89124361,6309 Potomac St,38.5990336,-90.2964398,0.3380934244185549,0.3633394707280836,0.3884945536245217
https://www.redfin.com/MO/Saint-Louis/6365-Lansdowne-Ave-63109/home/93780101,6365 Lansdowne Ave,38.5905169,-90.2994683,0.46786960774030806,0.44905624124540633,0.423645778136791
https://www.redfin.com/MO/Saint-Louis/6312-Berthold-Ave-63139/home/93707617,6312 Berthold Ave,38.6297412,-90.291668,0.3949992933537005,0.3573650392434215,0.29311810858773585
https://www.redfin.com/MO/Saint-Louis/5477-Marquette-Ave-63139/home/62723051,5477 Marquette Ave,38.5986608,-90.2839547,0.4502944551069765,0.4194380432712621,0.4199446153188859
https://www.redfin.com/MO/Saint-Louis/5660-Pernod-Ave-63139/home/93781941,5660 Pernod Ave,38.5959525,-90.2874378,0.35884664198728056,0.34094869394278743,0.3487576565516778
https://www.redfin.com/MO/Saint-Louis/5504-Mardel-Ave-63109/home/62733343,5504 Mardel Ave,38.5941027,-90.2859194,0.4360652958033871,0.39524737316812414,0.3601538199295308
https://www.redfin.com/MO/Saint-Louis/5534-Devonshire-Ave-63109/home/93753292,5534 Devonshire Ave,38.5879036,-90.2869514,0.38982774757062155,0.3774084687162815,0.3817717634345775
https://www.redfin.com/MO/Saint-Louis/1943-McCausland-Ave-63117/home/93744119,1943 Mccausland Ave,38.6217589,-90.3084603,0.44333630423260856,0.4846981612559992,0.4987168852520413
https://www.redfin.com/MO/Saint-Louis/2125-Boardman-St-63110/home/173620153,2125 Boardman St,38.614496,-90.2704865,0.22678953618030945,0.22360879820218899,0.17212500229833375
https://www.redfin.com/MO/Saint-Louis/5616-Neosho-St-63109/home/62718027,5616 Neosho St,38.5854523,-90.2893228,0.3681653719372611,0.3598545129032505,0.37802858661873434
https://www.redfin.com/MO/Saint-Louis/5708-Columbia-Ave-63139/home/93726781,5708 Columbia Ave,38.6116426,-90.2837429,0.31650778223446957,0.3417148302491574,0.3316669584328512
https://www.redfin.com/MO/Saint-Louis/6756-Dolan-Pl-63139/home/93740474,6756 Dolan Pl,38.6296917,-90.3025611,0.25819986852104554,0.3067611446833254,0.3579509460892303
https://www.redfin.com/MO/Saint-Louis/1333-Ripple-St-63139/home/93726452,1333 Ripple St,38.6259745,-90.2904201,0.4943588894925915,0.4352596730595227,0.37948172146080733
https://www.redfin.com/MO/Saint-Louis/6023-Arsenal-St-63139/home/93768866,6023 Arsenal St,38.6073765,-90.2912755,0.300659093671819,0.2862143697508095,0.29362266342195437
https://www.redfin.com/MO/Saint-Louis/6232-Devonshire-Ave-63109/home/81562910,6232 Devonshire Ave,38.5888936,-90.2967514,0.47546908980682173,0.4405969785924225,0.4139239710380636
https://www.redfin.com/MO/Saint-Louis/1933-Blendon-Pl-63143/home/93744213,1933 Blendon Pl,38.6219491,-90.3101344,0.4441960789569346,0.5314088271304613,0.47452015315075036
https://www.redfin.com/MO/Saint-Louis/6044-Sutherland-Ave-63109/home/93782418,6044 Sutherland Ave,38.5906299,-90.2961909,0.3424362215662718,0.3446728851844562,0.30617563091228706
https://www.redfin.com/MO/Saint-Louis/2016-Hereford-St-63110/home/173620199,2016 Hereford St,38.6158725,-90.2707063,0.190437109536318,0.18436077941596074,0.18739944919409465
https://www.redfin.com/MO/Saint-Louis/4064-Potomac-St-63116/home/77280528,4064 Potomac St,38.5947719,-90.2561678,0.36468851727097734,0.3953356560570477,0.39145575472717126
https://www.redfin.com/MO/Saint-Louis/5632-Bischoff-Ave-63110/home/93727065,5632 Bischoff Ave,38.6159444,-90.2818811,0.3296008413354495,0.33664913950186026,0.314863297445439
https://www.redfin.com/MO/Saint-Louis/7022-Ethel-Ave-63117/home/93740189,7022 Ethel Ave,38.6317526,-90.3066909,0.4438922975369178,0.41448669267324795,0.32040786106625835
https://www.redfin.com/MO/Saint-Louis/7365-Marwinette-Ave-63116/home/93785094,7365 Marwinette Ave,38.5583238,-90.2761613,0.5123064315062039,0.48764004884630746,0.4634869103330901
https://www.redfin.com/MO/Saint-Louis/3734-Arsenal-St-63116/home/93675401,3734 Arsenal St,38.6029515,-90.2459453,0.44162356036880557,0.49679227267796827,0.5319512264786808
https://www.redfin.com/MO/Saint-Louis/6619-Dale-Ave-63139/home/93740747,6619 Dale Ave,38.624994,-90.2996005,0.482433353168762,0.447767476790215,0.45302453755209054
https://www.redfin.com/MO/Saint-Louis/5541-Columbia-Ave-63139/home/93727027,5541 Columbia Ave,38.611831,-90.2818402,0.33361201435711924,0.3508227191566363,0.3294133366211538
https://www.redfin.com/MO/Saint-Louis/4819-Milentz-Ave-63116/home/62767027,4819 Milentz Ave,38.5769509,-90.2808531,0.45151575829728935,0.402179419695288,0.37215186551833385
https://www.redfin.com/MO/Saint-Louis/2235-Cuggiono-Ct-63110/home/93769430,2235 Cuggiono Ct,38.6132311,-90.2721089,0.27656537251778274,0.18275752709718682,0.19566363112171153
https://www.redfin.com/MO/Saint-Louis/6659-Tholozan-Ave-63109/home/93775056,6659 Tholozan Ave,38.597408,-90.305957,0.532386746155902,0.5015277543536999,0.492502334315707
https://www.redfin.com/MO/Saint-Louis/5337-Winona-Ave-63109/home/62749403,5337 Winona Ave,38.5914119,-90.2827197,0.4060095010393437,0.3290574717255357,0.35949122732176786
https://www.redfin.com/MO/Saint-Louis/3271-Alfred-Ave-63116/home/93785791,3271 Alfred Ave,38.5995252,-90.2642101,0.3389886566226093,0.27434235050851025,0.3700420413277919
https://www.redfin.com/MO/Saint-Louis/4357-Miami-St-63116/home/93730044,4357 Miami St,38.5943529,-90.2648017,0.40037496035177,0.3591759218713688,0.3277715320384739
https://www.redfin.com/MO/Saint-Louis/5736-Lindenwood-Ave-63109/home/93780954,5736 Lindenwood Ave,38.5937349,-90.2905794,0.3001917022176332,0.2807168697337402,0.2766897881294044
https://www.redfin.com/MO/Saint-Louis/5236-Lansdowne-Ave-63109/home/93753006,5236 Lansdowne Ave,38.5882041,-90.2813556,0.4248672417531439,0.4212781553227083,0.3959841793432621
https://www.redfin.com/MO/Saint-Louis/5460-Walsh-St-63109/home/93767778,5460 Walsh St,38.5825084,-90.2872217,0.3093949280612447,0.3358604780973205,0.3455552430952796
https://www.redfin.com/MO/Saint-Louis/4016-Parker-Ave-63116/home/93729098,4016 Parker Ave,38.5961759,-90.2542614,0.3951600459263076,0.3598797204134497,0.3647874706853248
https://www.redfin.com/MO/Saint-Louis/1612-Mississippi-Ave-63104/home/93672856,1612 Mississippi Ave,38.6145731,-90.2137383,0.24893344815308735,0.35378370182095736,0.37865484848656517
https://www.redfin.com/MO/Saint-Louis/1424-Louisville-Ave-63139/home/93740864,1424 Louisville Ave,38.6246456,-90.2980796,0.3924871505273123,0.4323635472920758,0.4552422322778399
https://www.redfin.com/MO/Saint-Louis/4940-Walsh-St-63109/home/62724238,4940 Walsh St,38.5817616,-90.2801167,0.37602959592002666,0.3422832802875789,0.32053249776533865
https://www.redfin.com/MO/Saint-Louis/5340-Tholozan-Ave-63109/home/93781817,5340 Tholozan Ave,38.594556,-90.2822436,0.32046192894126585,0.34195774417056723,0.3551825613266651
https://www.redfin.com/MO/Saint-Louis/6550-Walsh-St-63109/home/93779692,6550 Walsh St,38.5843168,-90.3061644,0.43195164111756384,0.4065992025920086,0.4020724236818099
https://www.redfin.com/MO/Saint-Louis/6429-Southwest-Ave-63139/home/93784630,6429 Southwest Ave,38.6128186,-90.2966482,0.4355301454555368,0.4079878968242516,0.4530103208728829
https://www.redfin.com/MO/Saint-Louis/5858-Kingwood-Dr-63123/home/93782482,5858 Kingwood Dr,38.5804255,-90.3130814,0.4792477162638973,0.5774661101847317,0.5703715765680217
https://www.redfin.com/MO/Saint-Louis/2910-Missouri-Ave-63118/home/93699035,2910 Missouri,38.5999502,-90.2214445,0.23850504477791545,0.28756185011245256,0.32037606951488956
https://www.redfin.com/MO/Saint-Louis/6532-Southwest-Ave-63139/home/93743732,6532 Southwest Ave,38.6121415,-90.299193,0.4129550371022395,0.4417988059572328,0.46276592877608436
https://www.redfin.com/MO/Saint-Louis/5911-Scanlan-Ave-63139/home/93775805,5911 Scanlan Ave,38.6044966,-90.2888482,0.3951573860250974,0.4033561622584258,0.40991840966908977
https://www.redfin.com/MO/Saint-Louis/5733-Delor-St-63109/home/93768114,5733 Delor Dr,38.5842438,-90.2912276,0.36950786770788996,0.41045383090041326,0.344116480543485
https://www.redfin.com/MO/Saint-Louis/3932-Humphrey-St-63116/home/93729416,3932 Humphrey St,38.5987058,-90.2515953,0.35507122634949057,0.36385528730641925,0.3372157735376245
https://www.redfin.com/MO/Saint-Louis/4020-Neosho-St-63116/home/93767225,4020 Neosho St,38.5813514,-90.2593266,0.33352296500652445,0.37656047156211214,0.3626652461673319
https://www.redfin.com/MO/Saint-Louis/3123-Alfred-Ave-63116/home/93748603,3123 Alfred Ave,38.6040627,-90.2634829,0.45338970933129796,0.4377483650176591,0.473210967919824
https://www.redfin.com/MO/Saint-Louis/5114-Rosa-Ave-63109/home/93769455,5114 Rosa Ave,38.5802874,-90.2826032,0.344358948444321,0.3428415033917577,0.3252164821890581
https://www.redfin.com/MO/Saint-Louis/4130-Fillmore-St-63116/home/93776339,4130 Fillmore St,38.5720313,-90.2694423,0.39349079301261974,0.358552675142394,0.38642216399063395
https://www.redfin.com/MO/Saint-Louis/6039-Oleatha-Ave-63139/home/93775370,6039 Oleatha Ave,38.5979052,-90.2941563,0.35162303139753126,0.35096101452665934,0.29965653185821806
https://www.redfin.com/MO/Saint-Louis/4328-Laclede-Ave-63108/home/62694008,4328 Laclede Ave,38.6380591,-90.2527304,0.39009545749870145,0.35479630449773414,0.3221541326944175
https://www.redfin.com/MO/Saint-Louis/7114-Bancroft-Ave-63109/home/93749072,7114 Bancroft Ave,38.5937148,-90.3166672,0.4568560880752655,0.4800506316246058,0.4421691927431202
https://www.redfin.com/MO/Saint-Louis/4034-Parker-Ave-63116/home/93729061,4034 Parker Ave,38.5962575,-90.2548791,0.40259538826132496,0.3979352590248942,0.3884553715822942
https://www.redfin.com/MO/Saint-Louis/4080-Fillmore-St-63116/home/93770887,4080 Fillmore St. St,38.5710193,-90.2680093,0.4846938400950339,0.4381686531163201,0.3889405169390872
https://www.redfin.com/MO/Saint-Louis/4068-Utah-St-63116/home/62842554,4068 Utah St,38.598213,-90.2558179,0.369940069970876,0.39397315140293326,0.38209411867399284
https://www.redfin.com/MO/Saint-Louis/5421-Itaska-St-63109/home/93765288,5421 Itaska St,38.5845548,-90.2854927,0.41599482535072757,0.3649871461671302,0.3506870875960514
https://www.redfin.com/MO/Saint-Louis/4721-Prague-Ave-63109/home/93780248,4721 Prague Ave,38.5875059,-90.2978139,0.43013101927587677,0.4068431110021984,0.4159742381145601
https://www.redfin.com/MO/Saint-Louis/5525-Magnolia-Ave-63139/home/93727273,5525 Magnolia Ave,38.610428,-90.2814971,0.34447864968974456,0.33075577194729666,0.3205655702037772
https://www.redfin.com/MO/Saint-Louis/5579-Lansdowne-Ave-63109/home/62756753,5579 Lansdowne Ave,38.5892373,-90.2874778,0.4166696419314244,0.4095883519544048,0.4186503844881954
https://www.redfin.com/MO/Saint-Louis/29-Benton-Pl-63104/home/93701232,29 Benton Pl,38.6192861,-90.215276,0.5178244969000114,0.3888319544801791,0.3370310365680255
https://www.redfin.com/MO/Saint-Louis/5520-Nottingham-Ave-63109/home/93765278,5520 Nottingham Ave,38.5862406,-90.2883145,0.3807674929955878,0.38847977456246474,0.3903067239185918
https://www.redfin.com/MO/Saint-Louis/4939-Nottingham-Ave-63109/home/93753326,4939 Nottingham Ave,38.5856693,-90.278142,0.3755337052255964,0.38671780862937244,0.32248041754551077
https://www.redfin.com/MO/Saint-Louis/6517-Tholozan-Ave-63109/home/93775003,6517 Tholozan Ave,38.5968777,-90.3013861,0.28975440740620323,0.29258599193822876,0.30758834522955286
https://www.redfin.com/MO/Saint-Louis/4421-Rosa-Ave-63116/home/93772830,4421 Rosa Ave,38.5746114,-90.2757397,0.3975175142223144,0.4973808886980132,0.46884667452572554
https://www.redfin.com/MO/Saint-Louis/4388-Maryland-Ave-63108/home/93725224,4388 Maryland Ave,38.6427566,-90.253294,0.3899672173381631,0.32748462861560196,0.33546981781351676
https://www.redfin.com/MO/Saint-Louis/5864-Walsh-St-63109/home/93768814,5864 Walsh St,38.5833723,-90.295412,0.4496908128373982,0.4277981485799358,0.40446461659324
https://www.redfin.com/MO/Saint-Louis/1126-Art-Hill-Pl-63139/home/93782284,1126 Art Hill Pl,38.6292909,-90.2934531,0.3039123803138047,0.3054057410970838,0.3309978251958241
https://www.redfin.com/MO/Saint-Louis/4169-Parker-Ave-63116/home/93728877,4169 Parker Ave,38.5970849,-90.2587912,0.2713971657382551,0.2934836484655847,0.2987717548232574
https://www.redfin.com/MO/Saint-Louis/4109-Upton-Ct-63116/home/93784287,4109 Upton Ct,38.5620412,-90.2786924,0.4576401304549629,0.4086263905974541,0.39157529523144907
https://www.redfin.com/MO/Saint-Louis/1037-Louisville-Ave-63139/home/93740404,1037 Louisville Ave,38.6307256,-90.2969114,0.4339245488830579,0.39814603300789725,0.3799483899164876
https://www.redfin.com/MO/Saint-Louis/6821-W-Park-Ave-63139/home/93765627,6821 W Park Ave,38.6285267,-90.3042326,0.40397820993851974,0.4034715866831598,0.4177740692360392
https://www.redfin.com/MO/Saint-Louis/4151-Hartford-St-63116/home/93751066,4151 Hartford St,38.6034239,-90.2571081,0.31945842446168915,0.3343240865044047,0.42898848892008984
https://www.redfin.com/MO/Saint-Louis/6027-Arsenal-St-63139/home/93768867,6027 Arsenal St,38.6073632,-90.2912983,0.2974025652732143,0.2843061192634414,0.2930955876550196
https://www.redfin.com/MO/Saint-Louis/4170-Utah-St-63116/home/86088363,4170 Utah St,38.5984837,-90.2585687,0.4084478442846501,0.45568235387887035,0.36506764689686916
https://www.redfin.com/MO/Saint-Louis/3880-Hartford-St-63116/home/62729843,3880 Hartford St,38.6022823,-90.2491312,0.45308540621641236,0.4059962998678115,0.41667671626880987
https://www.redfin.com/MO/Saint-Louis/5225-Quincy-St-63109/home/93771485,5225 Quincy St,38.5717092,-90.2895577,0.37070937859937675,0.37839406281968785,0.3606278965320799
https://www.redfin.com/MO/Saint-Louis/5454-Lisette-Ave-63109/home/93776621,5454 Lisette Ave,38.5753443,-90.2890354,0.407174360416928,0.38544719852607584,0.3830174902601787
https://www.redfin.com/MO/Saint-Louis/2715-Watson-Rd-63139/home/93773032,2715 Watson Rd,38.610487,-90.2888052,0.26608351703051125,0.20438026006241822,0.248904415579891
https://www.redfin.com/MO/Saint-Louis/6211-Hoffman-Ave-63139/home/93767970,6211 Hoffman Ave,38.6084973,-90.293538,0.3692121727921729,0.3729873219355369,0.3375993756654402
https://www.redfin.com/MO/Saint-Louis/6016-Scanlan-Ave-63139/home/93742885,6016 Scanlan Ave,38.6044093,-90.2917365,0.22773129582782606,0.284608616217255,0.3686531476280883
https://www.redfin.com/MO/Saint-Louis/4251-McPherson-Ave-63108/home/93673842,4251 Mcpherson Ave,38.6434827,-90.2490414,0.3530226674790098,0.3815574454724705,0.37787146999457216
https://www.redfin.com/MO/Saint-Louis/5329-Murdoch-Ave-63109/home/93753348,5329 Murdoch Ave,38.5869743,-90.2832283,0.35936242759936937,0.348482711563848,0.36131413088430336
https://www.redfin.com/MO/Saint-Louis/2222-Shenandoah-Ave-63104/home/146873668,2222 Shenandoah Ave,38.6071117,-90.2196116,0.24954883662855773,0.2668210485037282,0.2737697430715491
https://www.redfin.com/MO/Saint-Louis/1597-Fairmount-Ave-63139/home/93681881,1597 Fairmount Ave,38.6222708,-90.3005297,0.4051264947728171,0.4695680464886265,0.47653271789642054
https://www.redfin.com/MO/Saint-Louis/5748-Delor-St-63109/home/93768137,5748 Delor St,38.5839292,-90.291927,0.3981819293072917,0.3432142470171857,0.3417713665270301
https://www.redfin.com/MO/Saint-Louis/5701-Woodland-Ave-63120/home/93787342,5701 Woodland Ave,38.6966364,-90.2566375,0.4333693511369945,0.4770624654801267,0.48569181505344194
https://www.redfin.com/MO/Saint-Louis/6420-Pennsylvania-Ave-63111/home/93709804,6420 Pennsylvania Ave,38.5562958,-90.2492283,0.3911429247644493,0.3314366229470176,0.27879551007191844
https://www.redfin.com/MO/Saint-Louis/4065-Fairview-Ave-63116/home/62764807,4065 Fairview Ave,38.5959536,-90.2559846,0.3533816821867924,0.4198124131779856,0.41302632404109674
https://www.redfin.com/MO/Saint-Louis/4948-Davison-Ave-63120/home/93756776,4948 Davison Ave,38.6929324,-90.2524199,0.5007625298609858,0.4996818966572148,0.46381862821243564
https://www.redfin.com/MO/Saint-Louis/2839-Osage-St-63118/home/93704376,2839 Osage St,38.5834803,-90.2337825,0.32781799715321397,0.3275341240046991,0.34171917379777583
https://www.redfin.com/MO/Saint-Louis/5448-Bancroft-Ave-63109/home/93753065,5448 Bancroft Ave,38.5904453,-90.2855015,0.5591276882848845,0.552992036897517,0.46958032302113584
https://www.redfin.com/MO/Saint-Louis/4427-Arco-Ave-63110/home/93750940,4427 Arco Ave,38.6285199,-90.2594983,0.3425683627367587,0.31195769920672956,0.29306893356689184
https://www.redfin.com/MO/Saint-Louis/4123-Schiller-Pl-63116/home/93770307,4123 Schiller Pl,38.5766572,-90.2651089,0.4021182636944368,0.4719786369195782,0.48947041960345833
https://www.redfin.com/MO/Saint-Louis/5141-Pattison-Ave-63110/home/93728076,5141 Pattison Ave,38.6191753,-90.2718163,0.23702016815223503,0.1943287439757474,0.1928671584645445
https://www.redfin.com/MO/Saint-Louis/4037-Parker-Ave-63116/home/93729189,4037 Parker Ave,38.5966533,-90.2549271,0.44358978474205063,0.41818230290732633,0.39208496635615075
https://www.redfin.com/MO/Saint-Louis/6421-Lansdowne-Ave-63109/home/93779914,6421 Lansdowne Ave,38.5906818,-90.3009951,0.4255205160912157,0.4430020204309891,0.38946405480387997
https://www.redfin.com/MO/Saint-Louis/5726-Sutherland-Ave-63109/home/93752768,5726 Sutherland Ave,38.5900992,-90.2908511,0.3933502450493947,0.45427413229112806,0.42570715271739246
https://www.redfin.com/MO/Saint-Louis/4704-Prague-Ave-63109/home/93780230,4704 Prague Ave,38.5879768,-90.2972988,0.43280343045609665,0.43877594670216225,0.41399374385732735
https://www.redfin.com/MO/Saint-Louis/4233-Shenandoah-Ave-63110/home/93746885,4233 Shenandoah Ave,38.611163,-90.2555752,0.4457090352500547,0.3650451181879483,0.33643985664713627
https://www.redfin.com/MO/Saint-Louis/4975-Schollmeyer-Ave-63109/home/93764454,4975 Schollmeyer Ave,38.5728952,-90.2869863,0.3972730064253126,0.36703790660556335,0.35990506062852234
https://www.redfin.com/MO/Saint-Louis/4864-Carter-Ave-63115/home/93733317,4864 Carter Ave,38.682841,-90.241715,0.38107188428553224,0.3868966690706321,0.36939908971845586
https://www.redfin.com/MO/Saint-Louis/4087-Wilmington-Ave-63116/home/93770936,4087 Wilmington Ave,38.5721564,-90.2673439,0.4163148735746825,0.4448198603221419,0.4079313687809203
https://www.redfin.com/MO/Saint-Louis/2714-Saint-Vincent-Ave-63104/home/93700637,2714 Saint Vincent Ave,38.6176088,-90.2234068,0.40452796931535256,0.40781120008268723,0.36535907846860227
https://www.redfin.com/MO/Saint-Louis/6105-Louisiana-Ave-63111/home/93709451,6105 Louisiana Ave,38.564282,-90.255636,0.3565411552050706,0.4097205881885721,0.3943441154889765
https://www.redfin.com/MO/Saint-Louis/6440-Marquette-Ave-63139/home/93775174,6440 Marquette Ave,38.599804,-90.2989622,0.4257357238616332,0.4165914222570361,0.35493280285368245
https://www.redfin.com/MO/Saint-Louis/4112-Humphrey-St-63116/home/93729494,4112 Humphrey St,38.5991754,-90.2564264,0.3428835858458332,0.31866554122425805,0.3748082410963645
https://www.redfin.com/MO/Saint-Louis/2342-Michigan-Ave-63104/home/93691906,2342 Michigan Ave,38.6075927,-90.2327986,0.29155126578830853,0.3137014998721929,0.336068060420317
https://www.redfin.com/MO/Saint-Louis/5208-Tholozan-Ave-63109/home/62725780,5208 Tholozan Ave,38.5942265,-90.2792923,0.35170375997561254,0.3519128342504237,0.3415034404017835
https://www.redfin.com/MO/Saint-Louis/3640-Alberta-St-63116/home/93704590,3640 Alberta St,38.5851743,-90.2466093,0.3787229377967017,0.3841371256679803,0.34818435091170385
https://www.redfin.com/MO/Saint-Louis/3221-Harper-St-63107/home/93698738,3221 Harper St,38.6614174,-90.2146175,0.38948924363935244,0.40702046775190415,0.3647528364259439
https://www.redfin.com/MO/Saint-Louis/4957-Robert-Ave-63109/home/93771058,4957 Robert Ave,38.5688991,-90.2899938,0.3675916865706094,0.3819455408535068,0.3619050087281774
https://www.redfin.com/MO/Saint-Louis/4259-Maryland-Ave-63108/home/93684088,4259 Maryland Ave,38.6421705,-90.2499016,0.276956824348973,0.27245836793080386,0.2882093027796681
https://www.redfin.com/MO/Saint-Louis/3107-Harlequin-Ln-63139/home/62753667,3107 Harlequin Ln,38.6060648,-90.2833393,0.40329897207236615,0.4520899584377573,0.41659605222619345
https://www.redfin.com/MO/Saint-Louis/5322-Loughborough-Ave-63109/home/93771555,5322 Loughborough Ave,38.5728457,-90.2904568,0.3707507000463303,0.36393285651148183,0.3771418619392464
https://www.redfin.com/MO/Saint-Louis/8112-Carlsbad-Dr-63123/home/93784316,8112 Carlsbad Dr,38.5579275,-90.2880042,0.41988510933057066,0.42771978647500875,0.47653421039788746
https://www.redfin.com/MO/Saint-Louis/3183-Alfred-Ave-63116/home/62756456,3183 Alfred Ave,38.6023581,-90.2637739,0.3878764475974765,0.41157031900403007,0.3715827743493331
https://www.redfin.com/MO/Saint-Louis/3318-Michigan-Ave-63118/home/93693458,3318 Michigan Ave,38.5957408,-90.2352744,0.3312216735995342,0.3468124579624068,0.304428849925444
https://www.redfin.com/MO/Saint-Louis/5312-Shaw-Ave-63110/home/93726857,5312 Shaw Ave,38.6180383,-90.2752135,0.24364647326666686,0.25519871379631315,0.25106101414283405
https://www.redfin.com/MO/Saint-Louis/5523-Davison-Ave-63120/home/93762865,5523 Davison Ave,38.6981794,-90.2435852,0.5584321829764508,0.4936854619740165,0.47189361207957203
https://www.redfin.com/MO/Saint-Louis/4750-Milentz-Ave-63116/home/93756736,4750 Milentz Ave,38.5756107,-90.2807179,0.42448141644871107,0.3983060344281442,0.3369780474005504
https://www.redfin.com/MO/Saint-Louis/5944-Era-Ave-63147/home/93768899,5944 Era,38.7139193,-90.2517698,0.27977572843202503,0.34169907918852593,0.3517777626491782
https://www.redfin.com/MO/Saint-Louis/4227-Connecticut-St-63116/home/93729845,4227 Connecticut St,38.6016139,-90.2593013,0.3731972052293551,0.38633043668857975,0.3752957637180418
https://www.redfin.com/MO/Saint-Louis/6449-W-Park-Ave-63139/home/93749952,6449 W Park Ave,38.6275667,-90.2949454,0.46522971883023556,0.46212903507269243,0.4200057048286515
https://www.redfin.com/MO/Saint-Louis/3642-Hebert-St-63107/home/93702165,3642 Hebert St,38.6597213,-90.2196483,0.19956573588247103,0.2710697361375524,0.3106748473756779
https://www.redfin.com/MO/Saint-Louis/5521-Lindenwood-Ave-63109/home/93782536,5521 Lindenwood Ave,38.5936969,-90.2864215,0.3794489462520255,0.40678454804243347,0.3607140598545914
https://www.redfin.com/MO/Saint-Louis/7143-Mardel-Ave-63109/home/93747880,7143 Mardel Ave,38.5974184,-90.3171602,0.4768629547434747,0.46053216114822754,0.44074417195632626
https://www.redfin.com/MO/Saint-Louis/4318-Bingham-Ave-63116/home/93772023,4318 Bingham Ave,38.5892605,-90.2652591,0.3579057869495575,0.3596069725243382,0.3180416975917532
https://www.redfin.com/MO/Saint-Louis/3998-Bowen-St-63116/home/62734767,3998 Bowen St,38.5691485,-90.2667012,0.5222131182695394,0.4564853915920877,0.4153513341717979
https://www.redfin.com/MO/Saint-Louis/4105-Louisiana-Ave-63118/home/93705716,4105 Louisiana Ave,38.5822615,-90.2420251,0.33710890068294486,0.37754628078508734,0.38196780074907855
https://www.redfin.com/MO/Saint-Louis/5519-Lisette-Ave-63109/home/93776635,5519 Lisette Ave,38.5758959,-90.2897668,0.4752844930538285,0.4295414406988754,0.3886852119384546
https://www.redfin.com/MO/Saint-Louis/5937-W-Park-Ave-63110/home/93726367,5937 West Park,38.6266299,-90.2865328,0.3281038587941599,0.3006150742253836,0.3099517234137275
https://www.redfin.com/MO/Saint-Louis/3730-Palm-St-63107/home/93702082,3730 Palm St,38.6612469,-90.2204055,0.35814406953176275,0.3608635551539265,0.3664789291929883
https://www.redfin.com/MO/Saint-Louis/6921-Vermont-Ave-63111/home/93710177,6921 Vermont Ave,38.555142,-90.2576078,0.20389971256487102,0.31514438122997973,0.35763561561742363
https://www.redfin.com/MO/Saint-Louis/4353-Evans-Ave-63113/home/93718921,4353 Evans Ave,38.6552324,-90.244723,0.3078159009315813,0.3249975105983878,0.2891038450576576
https://www.redfin.com/MO/Saint-Louis/4439-Arco-Ave-63110/home/93750925,4439 Arco Ave,38.6286506,-90.2599043,0.3501989437432428,0.30217727830615415,0.29730474777020877
https://www.redfin.com/MO/Saint-Louis/1007-Wall-St-63147/home/93756077,1007 Wall St,38.7198055,-90.2328684,0.45891880844683614,0.46311749856115125,0.47617968892424883
https://www.redfin.com/MO/Saint-Louis/2865-Texas-Ave-63118/home/93691687,2865 Texas Ave,38.6016494,-90.225144,0.3001774797920007,0.3505515652487559,0.33306170499018123
https://www.redfin.com/MO/Saint-Louis/4309-Jamieson-Ave-63109/home/93774169,4309 Jamieson Ave,38.5928272,-90.3098023,0.38241113899749246,0.36910784911326927,0.3844783159829932
https://www.redfin.com/MO/Saint-Louis/6518-Hoffman-Ave-63139/home/93741774,6518 Hoffman Ave,38.6086712,-90.2990247,0.30475935301897683,0.4035171803532608,0.4346179351536597
https://www.redfin.com/MO/Saint-Louis/4636-Idaho-Ave-63111/home/93706676,4636 Idaho Ave,38.5735421,-90.2438515,0.23622015519272083,0.29440142446801787,0.31558351819246794
https://www.redfin.com/MO/Saint-Louis/1134-Childress-Ave-63139/home/93782288,1134 Childress Ave,38.6291272,-90.2944644,0.3761196403351248,0.36383084390340514,0.3762202372537587
https://www.redfin.com/MO/Saint-Louis/6630-Vermont-Ave-63111/home/93709866,6630 Vermont Ave,38.5569938,-90.2548553,0.4607197274943785,0.44564144217120366,0.41412385580082733
https://www.redfin.com/MO/Saint-Louis/5721-Rhodes-Ave-63109/home/93771409,5721 Rhodes Ave,38.5790846,-90.2923799,0.3309941438900811,0.373520798373137,0.3326496887608013
https://www.redfin.com/MO/Saint-Louis/3625-Koeln-Ave-63116/home/93712067,3625 Koeln Ave,38.554837,-90.2677739,0.3911288785056872,0.40515418177708895,0.40261205927140925
https://www.redfin.com/MO/Saint-Louis/5376-Magnolia-Ave-63139/home/62719588,5376 Magnolia Ave,38.6096855,-90.2780715,0.22245423654416802,0.278078678182191,0.33347704641180764
https://www.redfin.com/MO/Saint-Louis/4921-Loughborough-Ave-63109/home/93764346,4921 Loughborough Ave,38.5706441,-90.2856103,0.23481847036451814,0.22910729686842743,0.25553384683489444
https://www.redfin.com/MO/Saint-Louis/3828-Missouri-Ave-63118/home/93696810,3828 Missouri Ave,38.5849538,-90.2246402,0.4344475589798444,0.4200924036619784,0.39058910413155873
https://www.redfin.com/MO/Saint-Louis/3624-Winnebago-St-63116/home/93695593,3624 Winnebago,38.5900828,-90.2452544,0.3075943895715187,0.2655328175072361,0.21025824074163102
https://www.redfin.com/MO/Saint-Louis/5640-Finkman-St-63109/home/93776711,5640 Finkman St,38.5766673,-90.2916861,0.35198319873796774,0.3669958942029705,0.37460840204114776
https://www.redfin.com/MO/Saint-Louis/3944-S-Compton-Ave-63118/home/93704728,3944 S Compton Ave,38.5844303,-90.2387229,0.34812322474227125,0.36889558090384555,0.4129667515586027
https://www.redfin.com/MO/Saint-Louis/3443-Keokuk-St-63118/home/93695279,3443 Keokuk St,38.5864284,-90.2425289,0.323029417644046,0.31063179671232444,0.2766998613745853
https://www.redfin.com/MO/Saint-Louis/8001-Church-Rd-63147/home/93730701,8001 Church Rd,38.7085269,-90.2314324,0.5051979112685451,0.47790706406047023,0.40446899587724017
https://www.redfin.com/MO/Saint-Louis/5508-Sutherland-Ave-63109/home/93752749,5508 Sutherland Ave,38.5896086,-90.2861433,0.44197584424782305,0.4554327430833006,0.44500074087232555
https://www.redfin.com/MO/Saint-Louis/4622-Minnesota-Ave-63111/home/76808767,4622 Minnesota Ave,38.572196,-90.2389579,0.3493007833310788,0.36293484460548836,0.3557541301278258
https://www.redfin.com/MO/Saint-Louis/5721-Acme-Ave-63136/home/93421442,5721 Acme Ave,38.712442,-90.2570456,0.5240573643192379,0.48403985079501016,0.41883040865655025
https://www.redfin.com/MO/Saint-Louis/4830-Goethe-Ave-63116/home/93763260,4830 Goethe Ave,38.5774337,-90.2805219,0.4115873952597301,0.39231633419778067,0.36079192928930937
https://www.redfin.com/MO/Saint-Louis/4977-Fairview-Ave-63139/home/62751175,4977 Fairview Ave,38.5985027,-90.2742449,0.3963706949281506,0.37326354829219177,0.33575442598913635
https://www.redfin.com/MO/Saint-Louis/4335-Loughborough-Ave-63116/home/62710816,4335 Loughborough Ave,38.5667075,-90.2782769,0.2817048565641367,0.2659728952947463,0.3423494095059379
https://www.redfin.com/MO/Saint-Louis/5249-Delor-St-63109/home/93766790,5249 Delor St,38.5833265,-90.2826502,0.3580121849667232,0.3440150431712485,0.3467366409381781
https://www.redfin.com/MO/Saint-Louis/4213-Dardenne-Dr-63120/home/93431457,4213 Dardenne Dr,38.6915464,-90.2736139,0.4118951942926209,0.4219587771469208,0.4365512461537173
https://www.redfin.com/MO/Saint-Louis/3954-McRee-Ave-63110/home/103204046,3954 Mcree Ave,38.6185699,-90.2468118,0.41156525042154185,0.4144172537614414,0.3760179875811702
https://www.redfin.com/MO/Saint-Louis/5227-Saint-Louis-Ave-63115/home/93737681,5227 Saint Louis Ave,38.6738505,-90.2599861,0.42551756183069134,0.4570623052926223,0.4358244369553544
https://www.redfin.com/MO/Saint-Louis/4777-Milentz-Ave-63116/home/93757151,4777 Milentz Ave,38.5763278,-90.2806093,0.3912986403634249,0.3943769569298618,0.3829567902258266
https://www.redfin.com/MO/Saint-Louis/6538-W-Park-Ave-63139/home/62768386,6538 West Park Ave,38.6273931,-90.2970419,0.4939489059886081,0.5098594069235152,0.4776307930004909
https://www.redfin.com/MO/Saint-Louis/4500-W-Pine-Blvd-63108/home/93673660,4500 West Pine Blvd,38.6408063,-90.2588684,0.36932091869683226,0.3106012121806523,0.26677832578370564
https://www.redfin.com/MO/St-Louis/4512-W-Pine-Blvd-63108/home/200563323,4512 West Pine Blvd,38.6408556,-90.2590901,0.3630119535259415,0.3068837641763407,0.25877161451212266
https://www.redfin.com/MO/Saint-Louis/3117-Russell-Blvd-63104/home/93690015,3117 Russell Blvd,38.6125833,-90.2312135,0.5107398750645554,0.511434682712537,0.5121853224384189
https://www.redfin.com/MO/Saint-Louis/2205-Hickory-St-63104/home/181866114,2205 Hickory,38.619921,-90.216022,0.16577991749721582,0.2502729851767309,0.28488008533553116
https://www.redfin.com/MO/Saint-Louis/2612-S-12th-St-63118/home/93686350,2612 S 12th St,38.601644,-90.2122317,0.23923201042869865,0.27004262143384733,0.2785290385586683
https://www.redfin.com/MO/Saint-Louis/6906-Bruno-Ave-63139/home/146874014,6906 Bruno Ave,38.617702,-90.307115,0.28958892048718154,0.24900593391004608,0.25158363978271814
https://www.redfin.com/MO/Saint-Louis/4917-Pershing-Pl-63108/home/93724402,4917 Pershing Pl,38.6465652,-90.2619792,0.3996732229006283,0.4406824798820087,0.41622826600758606
https://www.redfin.com/MO/Saint-Louis/5257-Westminster-Pl-63108/home/93749525,5257 Westminster Pl,38.650718,-90.2720496,0.4139169772017459,0.40475103572231974,0.35855313698444163
https://www.redfin.com/MO/Saint-Louis/3500-Russell-Blvd-63104/home/62734477,3500 Russell Blvd,38.6128761,-90.2380433,0.3150639930333496,0.4212411156897648,0.46481472653533584
https://www.redfin.com/MO/Saint-Louis/5095-Westminster-Pl-63108/home/62751909,5095 Westminster Pl,38.6499853,-90.2672759,0.5783366507726453,0.5181817896050582,0.46909104607533464
https://www.redfin.com/MO/Saint-Louis/2211-Hickory-St-63104/home/181866116,2211 Hickory,38.619957,-90.216196,0.14864735265067514,0.2354543315890294,0.27813346214383844
https://www.redfin.com/MO/Saint-Louis/5137-Washington-Pl-63108/home/93749488,5137 Washington Pl,38.6512228,-90.2686248,0.4241524741409947,0.41506699294454236,0.35848603748853536
https://www.redfin.com/MO/Saint-Louis/1819-Lafayette-Ave-63104/home/93697464,1819 Lafayette Ave,38.614081,-90.2125466,0.21693226142884953,0.26742035660043467,0.32122847020164497
https://www.redfin.com/MO/Saint-Louis/4410-Westminster-Pl-63108/home/93740237,4410 Westminster Pl,38.6459726,-90.253258,0.4425441744424026,0.4045988349147515,0.35041568943969487
https://www.redfin.com/MO/Saint-Louis/1804-Hickory-St-63104/home/93685596,1804 Hickory St,38.6184501,-90.2109024,0.2744374982671897,0.3095821628010262,0.29047538129520517
https://www.redfin.com/MO/Saint-Louis/34-Waterman-Pl-63112/home/93724336,34 Waterman Pl,38.6486379,-90.27544,0.46945218076962925,0.45035556596273096,0.41343179797861696
https://www.redfin.com/MO/Saint-Louis/4361-Westminster-Pl-63108/home/64816053,4361 Westminster Pl,38.645467,-90.2507982,0.3664687523728637,0.3734436211174514,0.3973257083492024
https://www.redfin.com/MO/Saint-Louis/2012-Lafayette-Ave-63104/home/93690812,2012 Lafayette Ave,38.6137228,-90.2147078,0.35991341867516646,0.36773882758747384,0.4170151508113502
https://www.redfin.com/MO/Saint-Louis/4321-Maryland-Ave-63108/home/62779526,4321 Maryland Ave,38.6427273,-90.2509248,0.317682543010877,0.3075048226078965,0.33001228844832614
https://www.redfin.com/MO/Saint-Louis/2731-Lafayette-Ave-63104/home/77299603,2731 Lafayette Ave,38.6154717,-90.2246428,0.2478649189625142,0.21609091376914685,0.30868377116967183
https://www.redfin.com/MO/Saint-Louis/2346-Albion-Pl-63104/home/93700569,2346 Albion Pl,38.6167579,-90.2200765,0.27916316545432107,0.305421600664273,0.32024611254600016
https://www.redfin.com/MO/Saint-Louis/5849-De-Giverville-Ave-63112/home/93762610,5849 De Giverville Ave,38.652009,-90.2904975,0.31478905953226133,0.3298854994647116,0.35031271022974547
https://www.redfin.com/MO/University-City/6203-Washington-Ave-63130/home/93760161,6203 Washington Ave,38.6547715,-90.3001291,0.3549417349734052,0.3092769630133374,0.316844813211714
https://www.redfin.com/MO/Saint-Louis/1816-Hickory-St-63104/home/93685593,1816 Hickory St,38.618558,-90.2112795,0.2819684905467531,0.31930680894605556,0.2887633629654656
https://www.redfin.com/MO/Saint-Louis/2024-Rutger-St-63104/home/93701233,2024 Rutger St,38.6183847,-90.2141849,0.3840227725102549,0.3831023684132077,0.38430365370857256
https://www.redfin.com/MO/Saint-Louis/1225-Dolman-St-63104/home/93685993,1225 Dolman St,38.6175471,-90.2099829,0.22965806997633148,0.26295633164932825,0.2753120967188573
https://www.redfin.com/MO/Saint-Louis/5250-Wilson-Ave-63110/home/93727654,5250 Wilson Ave,38.6156944,-90.2748204,0.20490781191382193,0.2366390217021526,0.24458060087544464
https://www.redfin.com/MO/Saint-Louis/3445-Juniata-St-63118/home/169424315,3445 Juniata St,38.6007544,-90.239833,0.31228731707587293,0.2888740399254674,0.29517031495798796
https://www.redfin.com/MO/Saint-Louis/4225-Maryland-Ave-63108/home/93725336,4225 Maryland Ave,38.6419514,-90.2487828,0.37560247952315723,0.3138274753632049,0.2535984175615841
https://www.redfin.com/MO/Saint-Louis/30-Kingsbury-Pl-63112/home/93724138,30 Kingsbury Pl,38.6503595,-90.2787531,0.5466730900328067,0.4663598447034254,0.45782619023044274
https://www.redfin.com/MO/Saint-Louis/4608-McPherson-Ave-63108/home/93754475,4608 Mcpherson Ave,38.6471488,-90.2586485,0.36021921871735213,0.3899360708320648,0.39233792894219227
https://www.redfin.com/MO/Saint-Louis/6120-Victoria-Ave-63139/home/93726407,6120 Victoria Ave,38.6274241,-90.2882907,0.34973448842346694,0.3345075794080543,0.31717251858635215
https://www.redfin.com/MO/Saint-Louis/6980-Tholozan-Ave-63109/home/145288681,6980 Tholozan Ave,38.5973989,-90.3113652,0.4552932822571049,0.4799331369919223,0.4892611107155376
https://www.redfin.com/MO/Saint-Louis/3738-Olive-St-63108/home/176875154,3738 Olive St,38.6397915,-90.2367071,0.2734335168889113,0.273408535345474,0.18729705460922014
https://www.redfin.com/MO/St-Louis/4439-4441-Gibson-Ave-63110/home/202328837,4441 Gibson Ave,38.629555,-90.25958,0.3829786263272396,0.3239724000093068,0.25663285405708663
https://www.redfin.com/MO/Saint-Louis/310-N-Newstead-Ave-63108/home/62763590,310 N Newstead Ave,38.6434897,-90.2534432,0.47773530633843675,0.4351773670193117,0.36380633368452286
https://www.redfin.com/MO/Saint-Louis/3850-Arsenal-St-63116/home/93728235,3850 Arsenal St,38.6031136,-90.2479536,0.46036505888129386,0.5193718473342611,0.5407768891517173
https://www.redfin.com/MO/Saint-Louis/1919-Hickory-St-63104/home/93701209,1919 Hickory St,38.6192491,-90.2123198,0.28005798858192926,0.2650581995128036,0.29624800751624547
https://www.redfin.com/MO/Saint-Louis/6157-Kingsbury-Ave-63112/home/93760352,6157 Kingsbury Ave,38.6528098,-90.2984404,0.49071843309085506,0.46613514051537014,0.43468404826273144
https://www.redfin.com/MO/Saint-Louis/4937-Washington-Blvd-63108/home/93724414,4937 Washington Blvd,38.6505822,-90.2620592,0.3235636720132632,0.2099867078181329,0.1803641042045777
https://www.redfin.com/MO/Saint-Louis/4251-Maryland-Ave-63108/home/62735920,4251 Maryland Ave,38.6421326,-90.2496502,0.336869136508137,0.27645363639194764,0.2813670666558168
https://www.redfin.com/MO/Saint-Louis/5089-Waterman-Blvd-63108/home/93745949,5089 Waterman Blvd,38.6488465,-90.2672634,0.37053926505350865,0.4767556671524805,0.4835282009059232
https://www.redfin.com/MO/Saint-Louis/2745-Armand-Pl-63104/home/93690846,2745 Armand Pl,38.6091619,-90.2262136,0.3127983632617169,0.3123225789857014,0.34138453909566463
https://www.redfin.com/MO/Saint-Louis/4257-Maryland-Ave-63108/home/93682381,4257 Maryland Ave,38.6421609,-90.2498275,0.2961913408170855,0.27465109956759665,0.2863696627046878
https://www.redfin.com/MO/Saint-Louis/5782-McPherson-Ave-63112/home/93674546,5782 Mcpherson Ave,38.6509,-90.28814,0.3083759866207712,0.3093520181964918,0.362450243629595
https://www.redfin.com/MO/Saint-Louis/1845-S-9th-St-63104/home/93685162,1845 S 9th St,38.6088693,-90.204551,0.25646947084105975,0.25100198042003363,0.2822999141610981
https://www.redfin.com/MO/Saint-Louis/3662-Humphrey-St-63116/home/109919824,3662 Humphrey St,38.598268,-90.2453203,0.40883995277952223,0.4025291085727659,0.37105046012096454
https://www.redfin.com/MO/Saint-Louis/4328-Vista-Ave-63110/home/93726069,4328 Vista Ave,38.6239556,-90.2574492,0.3358836941826718,0.3142468166589132,0.2763844123842291
https://www.redfin.com/MO/Saint-Louis/5843-Enright-Ave-63112/home/93739333,5843 Enright Ave,38.6557847,-90.2880895,0.4862196893009192,0.4244302930239899,0.35323418314173516
https://www.redfin.com/MO/Saint-Louis/2406-S-13th-St-63104/home/93686678,2406 S 13th St,38.6039669,-90.2122394,0.38764463027546847,0.37131666159546045,0.355357686432207
https://www.redfin.com/MO/Saint-Louis/3865-Connecticut-St-63116/home/89320742,3865 Connecticut St,38.6008555,-90.2488384,0.34630724752801406,0.3090174781588535,0.33942309437825163
https://www.redfin.com/MO/Saint-Louis/4546-Washington-Blvd-63108/home/77289222,4546 Washington Blvd,38.6495811,-90.2558848,0.38612985113204484,0.3605701540428517,0.30594283612597306
https://www.redfin.com/MO/Saint-Louis/1936-Arsenal-St-63118/home/93699323,1936 Arsenal St,38.5972659,-90.2190417,0.2990224583363625,0.33221581994545096,0.3536610811453093
https://www.redfin.com/MO/Saint-Louis/5816-Reber-Pl-63139/home/93726683,5816 Reber Pl,38.6092468,-90.2858977,0.5266202472510243,0.46002087991411766,0.40491533607741526
https://www.redfin.com/MO/Saint-Louis/1123-Kentucky-Ave-63110/home/146873929,1123 Kentucky Ave,38.6267819,-90.2530261,0.28410324572884715,0.23091516268561246,0.22589222204827133
https://www.redfin.com/MO/Saint-Louis/4452-Gibson-Ave-63110/home/93750912,4452 Gibson Ave,38.6292415,-90.2601888,0.2868241643499864,0.3119659953647868,0.2749058953898963
https://www.redfin.com/MO/Saint-Louis/902-Geyer-Ave-63104/home/93685732,902-904 Geyer Ave,38.608378,-90.2048243,0.2457403219261017,0.23025433586333766,0.25740627881542666
https://www.redfin.com/MO/Saint-Louis/4161-Flad-Ave-63110/home/93746539,4161 Flad Ave,38.6127408,-90.253478,0.257814914208408,0.3508619185812202,0.39904505428613557
https://www.redfin.com/MO/Saint-Louis/6259-Magnolia-Ave-63139/home/93743641,6259 Magnolia Ave,38.612182,-90.2945863,0.40130592991385944,0.3730120705660188,0.4253167720737826
https://www.redfin.com/MO/Saint-Louis/4033-Cleveland-Ave-63110/home/93786133,4033 Cleveland Ave,38.6115863,-90.2499182,0.3370021554117876,0.3237110728802208,0.34050331434757863
https://www.redfin.com/MO/Saint-Louis/3401-Pestalozzi-St-63118/home/93692366,3401 Pestalozzi St,38.6041392,-90.2374664,0.3339016603156646,0.346602805028467,0.33058682795383215
https://www.redfin.com/MO/Saint-Louis/1000-Barton-St-63104/home/187271178,1000 Barton St,38.6029932,-90.2084753,0.2611977507511207,0.29665318930142437,0.32282157385448235
https://www.redfin.com/MO/Saint-Louis/2117-S-13th-St-63104/home/93686274,2117 S 13th St,38.6075605,-90.2113001,0.16909220693957028,0.1808822205760295,0.19634530442299128
https://www.redfin.com/MO/Saint-Louis/2922-S-Compton-Ave-63118/home/93785831,2922 S Compton Ave,38.6028875,-90.234923,0.32418219419723915,0.32881200012602135,0.3139592421030727
https://www.redfin.com/MO/Saint-Louis/4140-Burgen-Ave-63116/home/93762021,4140 Burgen Ave,38.5740151,-90.2680404,0.4052715147100309,0.4170731499009173,0.41983034830845045
https://www.redfin.com/MO/Saint-Louis/4037-McRee-Ave-63110/home/109914637,4037 Mcree Ave,38.6192355,-90.2488688,0.3536640912464621,0.37871753485873083,0.37582221571451957
https://www.redfin.com/MO/Saint-Louis/3940-Shaw-Blvd-63110/home/109919797,3940 Shaw Blvd,38.6155271,-90.2468559,0.3946431821324015,0.36058812849373767,0.33963043734990783
https://www.redfin.com/MO/Saint-Louis/4116-Flad-Ave-63110/home/93746440,4116 Flad Ave,38.6122434,-90.2518834,0.2671123027060389,0.332466080415179,0.3821144146611754
https://www.redfin.com/MO/Saint-Louis/6623-Leona-St-63116/home/93777945,6623 Leona St,38.5656081,-90.2720057,0.4825528869364034,0.5078874085227213,0.5047436611369607
https://www.redfin.com/MO/Saint-Louis/4209-Norfolk-Ave-63110/home/93725977,4209 Norfolk Ave,38.6257752,-90.2542925,0.3047450931500627,0.318515138982118,0.26704721205744847
https://www.redfin.com/MO/Saint-Louis/6609-Pernod-Ave-63139/home/93778999,6609 Pernod Ave,38.5981062,-90.3041225,0.4910723330732879,0.48080691002131565,0.4411735957736125
https://www.redfin.com/MO/Saint-Louis/5931-Clifton-Ave-63109/home/62758309,5931 Clifton Ave,38.5783283,-90.2981418,0.47985620694139053,0.4271519399202272,0.43189483025418873
https://www.redfin.com/MO/Saint-Louis/4272-Hartford-St-63116/home/93749882,4272 Hartford St,38.6033612,-90.2607017,0.2953303488353348,0.31286228630365526,0.3701908525774761
https://www.redfin.com/MO/Saint-Louis/5323-Bischoff-Ave-63110/home/93726845,5323 Bischoff Ave,38.6151642,-90.276269,0.28928615910353117,0.3017789764922406,0.2836214498462007
https://www.redfin.com/MO/Saint-Louis/1524-McCausland-Ave-63117/home/93740584,1524 Mccausland Ave,38.624566,-90.3072253,0.45640497484653825,0.4365016924212255,0.5111611494707069
https://www.redfin.com/MO/Saint-Louis/3434-Humphrey-St-63118/home/93683397,3434 Humphrey St,38.5976566,-90.2399677,0.2849603202240529,0.2892300538555485,0.2946259736309695
https://www.redfin.com/MO/Saint-Louis/5622-Murdoch-Ave-63109/home/93753508,5622 Murdoch Ave,38.5872296,-90.2892184,0.3916656310346163,0.4188567305005398,0.39095503309068974
https://www.redfin.com/MO/Saint-Louis/1404-Monroe-St-63106/home/93685866,1404 Monroe St,38.6471064,-90.1959154,0.4113362247091632,0.3904531215201213,0.3360294626464571
https://www.redfin.com/MO/Saint-Louis/2633-Allen-Ave-63104/home/93690348,2633 Allen Ave,38.612427,-90.2229605,0.3701339681435827,0.35039616139908875,0.29328395487572345
https://www.redfin.com/MO/St-Louis/1926-Allen-Ave-63104/home/201509855,1926 Allen,38.6099478,-90.2148151,0.344040488730659,0.2942420408522947,0.30422593688168387
https://www.redfin.com/MO/Saint-Louis/1916-S-12th-St-63104/home/93685699,1916 S 12th St,38.6090668,-90.2088228,0.19955950091403202,0.2146978294819988,0.26534487100445175
https://www.redfin.com/MO/Saint-Louis/4213-Washington-Blvd-63108/home/93719932,4213 Washington Blvd,38.6462215,-90.2464829,0.34549326747066805,0.3513364183730841,0.3919102471927938
https://www.redfin.com/MO/Saint-Louis/2432-McNair-Ave-63104/home/93691374,2432 Mcnair Ave,38.6052513,-90.2180925,0.291059272058315,0.30179548596531414,0.21843010656514872
https://www.redfin.com/MO/Saint-Louis/5911-Pershing-Ave-63112/home/93762461,5911 Pershing Ave,38.6493887,-90.2925824,0.406080333689578,0.4004322734595742,0.4219319957668294
https://www.redfin.com/MO/Saint-Louis/3305-Pestalozzi-St-63118/home/62720084,3305 Pestalozzi St,38.6040108,-90.2364577,0.24415341563344156,0.27531420034446524,0.31730677619610054
https://www.redfin.com/MO/Saint-Louis/1623-Forest-Ave-63139/home/93674027,1623 Forest Ave,38.6229805,-90.3060542,0.4720221106559251,0.47328742664885426,0.42635497291723845
https://www.redfin.com/MO/Saint-Louis/2869-Missouri-Ave-63118/home/93671848,2869 Missouri Ave,38.6005937,-90.2218636,0.29476641023947,0.2994517303594853,0.29957746739250213
https://www.redfin.com/MO/Saint-Louis/3417-Humphrey-St-63118/home/62717086,3417 Humphrey St,38.5979771,-90.2392539,0.30956037754252663,0.3213285513501003,0.3234084609139391
https://www.redfin.com/MO/Saint-Louis/1941-Congress-St-63118/home/93785616,1941 Congress St,38.602049,-90.2175092,0.3283982600549046,0.314930174327606,0.3434467228699425
https://www.redfin.com/MO/Saint-Louis/4273-Juniata-St-63116/home/93750032,4273 Juniata St,38.602662,-90.2607939,0.36942858784385524,0.2923580392187189,0.32303169893940675
https://www.redfin.com/MO/Saint-Louis/2827-Oregon-Ave-63118/home/193545590,2827 Oregon Ave,38.6032807,-90.2294679,0.32491316040541107,0.2923750059816339,0.27725069483703607
https://www.redfin.com/MO/Saint-Louis/7071-Mardel-Ave-63109/home/93747903,7071 Mardel Ave,38.5971335,-90.3143476,0.507928791079717,0.5272809762735701,0.46244390086752263
https://www.redfin.com/MO/Saint-Louis/5938-Clemens-Ave-63112/home/93739287,5938 Clemens Ave,38.6568068,-90.2916648,0.3935248648485462,0.4765828706668405,0.4242249465082328
https://www.redfin.com/MO/Saint-Louis/4038-Juniata-St-63116/home/93730004,4038 Juniata St,38.601674,-90.2542478,0.4410239218006178,0.3943706799032032,0.37756611471756457
https://www.redfin.com/MO/Saint-Louis/7032-Lansdowne-Ave-63109/home/93774136,7032 Lansdowne Ave,38.5915584,-90.3138625,0.3750017703995752,0.35562631653605536,0.4078277047884382
https://www.redfin.com/MO/Saint-Louis/4008-Botanical-Ave-63110/home/109007321,4008 Botanical Ave,38.6093094,-90.2493881,0.31925361088787885,0.31205198728647515,0.37871535395329414
https://www.redfin.com/MO/Saint-Louis/2843-January-Ave-63139/home/62724656,2843 January Ave,38.6079471,-90.2842821,0.3903439231574136,0.3932139634553541,0.44298547032310015
https://www.redfin.com/MO/Saint-Louis/5800-Pershing-Ave-63112/home/93762442,5800 Pershing Ave,38.6485712,-90.2903206,0.32831362424846167,0.4085348196933168,0.4566782658073843
https://www.redfin.com/MO/Saint-Louis/3006-Virginia-Ave-63118/home/93692637,3006 Virginia Ave,38.6025682,-90.2362061,0.39504903986836726,0.3505127261519909,0.32663831652035125
https://www.redfin.com/MO/Saint-Louis/3423-Giles-Ave-63116/home/93730339,3423 Giles Ave,38.595678,-90.2461862,0.32352139616119574,0.2711929396168312,0.36363423934696654
https://www.redfin.com/MO/Saint-Louis/2316-S-9th-St-63104/home/93686366,2316 S 9th St,38.6041264,-90.2063087,0.23942321136720188,0.27679210452391123,0.28826686159279424
https://www.redfin.com/MO/Saint-Louis/4349-Gibson-Ave-63110/home/93751305,4349 Gibson Ave,38.6287113,-90.256038,0.2678776718140029,0.2862329414698569,0.2801834945699507
https://www.redfin.com/MO/Saint-Louis/5621-Pernod-Ave-63139/home/63125819,5621 Pernod Ave,38.5962461,-90.286139,0.3442173852549749,0.3532090790494111,0.368113880157244
https://www.redfin.com/MO/St-Louis/6413-6415-Bradley-Ave-63139/home/202233805,6413-6415 Bradley Ave,38.6043003,-90.2985616,0.435034458211104,0.40669133849391537,0.4101571550387023
https://www.redfin.com/MO/Saint-Louis/3433-Texas-Ave-63118/home/179021915,3433 Texas Ave,38.592529,-90.227151,0.20582618134975694,0.19424879112410412,0.18396240931299299
https://www.redfin.com/MO/Saint-Louis/4249-Arco-Ave-63110/home/93750950,4249 Arco Ave,38.6278572,-90.256432,0.23036244112807938,0.2684832982935472,0.26596311021468544
https://www.redfin.com/MO/Saint-Louis/7038-Pernod-Ave-63139/home/93747939,7038 Pernod Ave,38.598564,-90.3130243,0.45000036188031234,0.5134369464005635,0.49238791531224657
https://www.redfin.com/MO/Saint-Louis/4062-Arsenal-St-63116/home/93786324,4062 Arsenal St,38.6037615,-90.2547614,0.45096662853774955,0.4903930267526457,0.511473060040515
https://www.redfin.com/MO/Saint-Louis/4444-Arco-Ave-63110/home/93751242,4444 Arco Ave,38.6282868,-90.2602544,0.29533493532762,0.2922068025686153,0.2890863644091554
https://www.redfin.com/MO/Saint-Louis/4939-Lisette-Ave-63109/home/93742177,4939 Lisette Ave,38.5756804,-90.285524,0.34810329529361433,0.36129503670965246,0.3424028811208445
https://www.redfin.com/MO/Saint-Louis/2010-Blendon-Pl-63143/home/93744131,2010 Blendon Pl,38.6212795,-90.3096674,0.617447276138631,0.5571766842925892,0.4727865619563532
https://www.redfin.com/MO/Saint-Louis/2414-S-11th-St-63104/home/93686734,2414 S 11th St,38.6031796,-90.2103596,0.2816924487966817,0.27886137646201037,0.3116144776744783
https://www.redfin.com/MO/Saint-Louis/1829-Oregon-Ave-63104/home/93690103,1829 Oregon Ave,38.6138191,-90.2272693,0.3260790351744213,0.3314768593967963,0.3425755730849874
https://www.redfin.com/MO/Saint-Louis/4935-Cote-Brilliante-Ave-63113/home/93737212,4935 Cote Brilliante Ave,38.6650461,-90.2579779,0.41641094219189484,0.4097555999579548,0.39553505231329017
https://www.redfin.com/MO/Saint-Louis/4142-Cleveland-Ave-63110/home/93746488,4142 Cleveland Ave,38.6114289,-90.2529802,0.38997171794301677,0.38206561318794013,0.31075167015002325
https://www.redfin.com/MO/Saint-Louis/6125-Marwinette-Ave-63116/home/62744072,6125 Marwinette Ave,38.5689189,-90.2674742,0.4748873149932317,0.45651542380858195,0.4077801618085361
https://www.redfin.com/MO/Saint-Louis/4557-Arco-Ave-63110/home/93749289,4557 Arco Ave,38.6293461,-90.2631023,0.32832799451124733,0.29650747271971395,0.3289823985566125
https://www.redfin.com/MO/Saint-Louis/2739-Utah-St-63118/home/93693788,2739 Utah St,38.5957041,-90.2288526,0.34664755524215624,0.33498559342392864,0.29494923731252115
https://www.redfin.com/MO/Saint-Louis/3307-Wisconsin-Ave-63118/home/62747963,3307 Wisconsin Ave,38.5942065,-90.2208,0.30052073246817346,0.35215231386262913,0.348885269516425
https://www.redfin.com/MO/Saint-Louis/3467-Giles-Ave-63116/home/93730302,3467 Giles Ave,38.5944604,-90.2463823,0.39504749974106385,0.3204649720006108,0.333680206430088
https://www.redfin.com/MO/Saint-Louis/5239-Oleatha-Ave-63139/home/62721572,5239 Oleatha Ave,38.597335,-90.279955,0.3250565836504035,0.3922737836399668,0.3844606313015307
https://www.redfin.com/MO/Saint-Louis/7119-Trainor-Pl-63116/home/93679204,7119 Trainor Pl,38.560243,-90.271493,0.3146405058572458,0.3590761731721884,0.4028204001295173
https://www.redfin.com/MO/Saint-Louis/6059-Clemens-Ave-63112/home/91490586,6059 Clemens Ave,38.6576054,-90.2948597,0.4275249457615087,0.37910331657541374,0.3289064887831351
https://www.redfin.com/MO/Saint-Louis/5972-Cates-Ave-63112/home/71335714,5972 Cates Ave,38.6580949,-90.2926723,0.5216127347879236,0.4918104549488537,0.48449137067946024
https://www.redfin.com/MO/Saint-Louis/6523-Odell-St-63139/home/93743840,6523 Odell St,38.6099975,-90.2990623,0.49903936303154456,0.5278577508082011,0.4948790050794552
https://www.redfin.com/MO/Saint-Louis/5588-Bartmer-Ave-63112/home/93722455,5588 Bartmer Ave,38.6622142,-90.2799612,0.49338046394258994,0.45434412918891304,0.47548060933667674
https://www.redfin.com/MO/Saint-Louis/6533-Tholozan-Ave-63109/home/93774987,6533 Tholozan Ave,38.5969344,-90.3019923,0.37884912277285343,0.3538974885420133,0.3255268906586395
https://www.redfin.com/MO/St-Louis/4253-Washington-Ave-63108/unit-D/home/190928999,4253 Washington Blvd Unit D,38.6468243,-90.247707,0.33427745712138446,0.3535142697269216,0.37557493095765765
https://www.redfin.com/MO/Saint-Louis/3302-Ohio-Ave-63118/home/93694284,3302 Ohio Ave,38.5951723,-90.2271801,0.2440817109388006,0.3082698609254218,0.2855903379355209
https://www.redfin.com/MO/Saint-Louis/3332-Wisconsin-Ave-63118/home/173618772,3332 Wisconsin Ave,38.5935517,-90.2205447,0.3375617928612936,0.34195538688746974,0.35042609598276997
https://www.redfin.com/MO/Saint-Louis/6014-Potomac-St-63139/home/93775389,6014 Potomac St,38.5983489,-90.293213,0.25207994070386586,0.23560478821617686,0.3039266073665911
https://www.redfin.com/MO/Saint-Louis/2318-Louisiana-Ave-63104/home/104434520,2318 Louisiana Ave,38.6086487,-90.2361045,0.2716786144743451,0.31243507454045333,0.3839617364510401
https://www.redfin.com/MO/Saint-Louis/5665-Oleatha-Ave-63139/home/93780690,5665 Oleatha Ave,38.5972805,-90.2875269,0.34540597416854185,0.3840823982560639,0.37621701553946585
https://www.redfin.com/MO/Saint-Louis/2143-Hickory-St-63104/home/62696165,2143 Hickory St,38.6200051,-90.2154491,0.2371893586999267,0.27694007125490205,0.2817759404788766
https://www.redfin.com/MO/Saint-Louis/1810-Utah-St-63118/home/93694151,1810 Utah St,38.5940181,-90.2176351,0.3934023162114401,0.43416240332293704,0.3736167973409695
https://www.redfin.com/MO/Saint-Louis/1901-Allen-Ave-63104/home/93690378,1901 Allen Ave,38.610164,-90.2138328,0.3396407406084976,0.35054971579768535,0.34063005422952874
https://www.redfin.com/MO/Saint-Louis/5230-Bancroft-Ave-63109/home/93752671,5230 Bancroft Ave,38.5899379,-90.2808134,0.41520434756745106,0.3797122237235888,0.39183614370581094
https://www.redfin.com/MO/Saint-Louis/1500-E-Linton-Ave-63107/home/93713259,1500 E Linton Ave,38.6757765,-90.2105525,0.4078976072346991,0.4221721802010339,0.4646608364884379
https://www.redfin.com/MO/Saint-Louis/5622-Pernod-Ave-63139/home/93781950,5622 Pernod Ave,38.5958111,-90.2861942,0.3382267978053205,0.34014562455475916,0.35695950982517205
https://www.redfin.com/MO/Saint-Louis/4465-Greer-Ave-63115/home/93715389,4465 Greer Ave,38.667065,-90.2411361,0.4555819104574666,0.47601160235631124,0.4603514174564627
https://www.redfin.com/MO/Saint-Louis/3503-Wisconsin-Ave-63118/home/93694499,3503 Wisconsin Ave,38.5907583,-90.2215164,0.33539622048546386,0.32908993547789317,0.2988990413241907
https://www.redfin.com/MO/Saint-Louis/1323-Shenandoah-Ave-63104/home/62714065,1323 Shenandoah Ave,38.6066351,-90.2125248,0.2880420723568714,0.2711417521659154,0.2726568141422207
https://www.redfin.com/MO/Saint-Louis/1924-Withnell-Ave-63118/home/62722013,1924 Withnell Ave,38.5949506,-90.2191046,0.3538606878150438,0.3622160106737679,0.39562920927740175
https://www.redfin.com/MO/Saint-Louis/3445-Michigan-Ave-63118/home/184672079,3445 Michigan Ave,38.593325,-90.2361507,0.4045831838816982,0.4082509941723625,0.3670078265626315
https://www.redfin.com/MO/Saint-Louis/5449-Mardel-Ave-63109/home/93782003,5449 Mardel Ave,38.5943943,-90.2847793,0.3978570112352892,0.37226252636619606,0.3563755926779711
https://www.redfin.com/MO/Saint-Louis/2248-Jules-St-63104/home/62735438,2248 Jules St,38.6076955,-90.2187555,0.4783005315737957,0.3379487228874326,0.27487656057310433
https://www.redfin.com/MO/Saint-Louis/5810-S-Kingshighway-Blvd-63109/home/63691768,5810 S Kingshighway Blvd,38.5779732,-90.2821492,0.29061660035440295,0.2789877402828315,0.32001851800327347
https://www.redfin.com/MO/Saint-Louis/5477-Loughborough-Ave-63109/home/93774312,5477 Loughborough Ave,38.5742316,-90.2938703,0.38800714516845425,0.32217769246902983,0.335573327175459
https://www.redfin.com/MO/Saint-Louis/3725-N-20th-St-63107/home/93671267,3725 N 20th St,38.6609173,-90.2032946,0.4760726695271803,0.4910137837229541,0.4099476352432367
https://www.redfin.com/MO/Saint-Louis/7016-Michigan-Ave-63111/home/143285890,7016 Michigan Ave,38.5531551,-90.2561915,0.432125061463123,0.37957829552877476,0.3664066828564373
https://www.redfin.com/MO/Saint-Louis/1725-Oregon-Pl-63104/home/93690072,1725 Oregon Pl,38.6146965,-90.2271174,0.3575163442279506,0.316709176311288,0.3238445616711705
https://www.redfin.com/MO/Saint-Louis/4361-Enright-Ave-63108/home/93739837,4361 Enright Ave,38.6497845,-90.248988,0.3132557155220117,0.35250570138275666,0.3962922312766085
https://www.redfin.com/MO/Saint-Louis/2758-Rutger-St-63104/home/93697600,2758 Rutger St,38.6204941,-90.2238921,0.30897245265579043,0.3777138621955014,0.3518690553360931
https://www.redfin.com/MO/Saint-Louis/5363-Reber-Pl-63139/home/93727529,5363 Reber Pl,38.6087489,-90.2776856,0.5039256199569515,0.4769569278347585,0.4074080305765783
https://www.redfin.com/MO/Saint-Louis/5530-Magnolia-Ave-63139/home/93727165,5530 Magnolia Ave,38.6099431,-90.2817893,0.33438428451942614,0.3275421974000897,0.3419003258452061
https://www.redfin.com/MO/Saint-Louis/1464-Sproule-Ave-63139/home/93778573,1464 Sproule Ave,38.6236129,-90.2900711,0.4316599489393849,0.4173184346171361,0.31339244045335024
https://www.redfin.com/MO/Saint-Louis/3509-Park-Ave-63104/home/93689866,3509 Park Ave,38.6206859,-90.2366144,0.29918834017785,0.28640924910515975,0.2655431750845569
https://www.redfin.com/MO/Saint-Louis/20-Lawn-Pl-63110/home/93765850,20 Lawn Pl,38.6281718,-90.2656401,0.4192736728800583,0.36303360577149013,0.35557551500187473
https://www.redfin.com/MO/Saint-Louis/4253-Swan-Ave-63110/home/67379319,4253 Swan Ave,38.6263732,-90.2559589,0.28218701082928055,0.23713430339230582,0.2606782927487328
https://www.redfin.com/MO/Saint-Louis/1544-Saint-Vincent-Ct-63104/home/93700600,1544 St. Vincent Ct,38.6172099,-90.2243228,0.4230802755225661,0.41088952369998266,0.3802843333084919
https://www.redfin.com/MO/Saint-Louis/6816-Wise-Ave-63139/home/93765619,6816 Wise Ave,38.629019,-90.3040454,0.37971939486615586,0.3926074157794103,0.3949660685658631
https://www.redfin.com/MO/Saint-Louis/4058-Botanical-Ave-63110/home/76771316,4058 Botanical Ave,38.6094892,-90.2511194,0.2989356870573769,0.34322180312678946,0.3474228033617798
https://www.redfin.com/MO/Saint-Louis/2925-Macklind-Ave-63139/home/93727350,2925 Macklind Ave,38.6064827,-90.2794847,0.2479136486201543,0.32279665047850464,0.40016250473180937
https://www.redfin.com/MO/Saint-Louis/3516-Illinois-Ave-63118/home/109007317,3516 Illinois Ave,38.59052,-90.2223048,0.36581076093604037,0.3409350616232823,0.2969662358048443
https://www.redfin.com/MO/Saint-Louis/4100-Potomac-St-63116/home/93728788,4100 Potomac St,38.5948215,-90.2566765,0.40049243976689075,0.42351737530346206,0.38529503757923533
https://www.redfin.com/MO/Saint-Louis/905-Russell-Blvd-63104/home/93686208,905 Russell Blvd,38.6069026,-90.2056553,0.26089986954279115,0.2269052746606021,0.23623693343024907
https://www.redfin.com/MO/Saint-Louis/3706-Iowa-Ave-63118/home/93696181,3706 Iowa Ave,38.5880704,-90.2298247,0.32076880084598497,0.33532629987790213,0.3606288261039776
https://www.redfin.com/MO/Saint-Louis/7153-Whaley-Pl-63116/home/93785432,7153 Whaley Pl,38.5626641,-90.2781518,0.3531750618640791,0.37545964848996927,0.3492223395542352
https://www.redfin.com/MO/Saint-Louis/4120-Loughborough-Ave-63116/home/93772837,4120 Loughborough Ave,38.5647993,-90.2752501,0.27068930084654436,0.319586962015195,0.3380241703459119
https://www.redfin.com/MO/Saint-Louis/1911-Lynch-St-63118/home/93697264,1911 Lynch St,38.601352,-90.2167403,0.21051853136099258,0.3063873675679945,0.35885946599029095
https://www.redfin.com/MO/Saint-Louis/2830-Hampton-Ave-63139/home/69131459,2830 Hampton Ave,38.6077692,-90.288373,0.2832318434966717,0.2683235099778621,0.2772892712576568
https://www.redfin.com/MO/Saint-Louis/5439-Vernon-Ave-63112/home/93786376,5439 Vernon Ave,38.6593292,-90.2769868,0.40137286652496057,0.42073542510083617,0.438520533608441
https://www.redfin.com/MO/Saint-Louis/3878-Marine-Ave-63118/home/93697250,3878 Marine Ave,38.5833288,-90.2220297,0.40659485307127363,0.4038527623559825,0.3940597537345452
https://www.redfin.com/MO/Saint-Louis/7146-Mardel-Ave-63109/home/93747995,7146 Mardel Ave,38.5969811,-90.3173739,0.5012109256685523,0.49892313202932065,0.4609230760509362
https://www.redfin.com/MO/Saint-Louis/5238-Botanical-Ave-63110/home/93727570,5238 Botanical Ave,38.6120973,-90.2750302,0.2916875558247249,0.27320657956973293,0.2577415106020019
https://www.redfin.com/MO/Saint-Louis/3024-Caroline-St-63104/home/93672743,3024 Caroline St,38.6205291,-90.2285391,0.413951466261985,0.4295209910045871,0.3834131790175879
https://www.redfin.com/MO/Saint-Louis/5829-Bartmer-Ave-63112/home/93680377,5829 Bartmer Ave,38.6632641,-90.286508,0.5236884214780386,0.47692328649604776,0.4508600324993007
https://www.redfin.com/MO/Saint-Louis/2320-S-9th-St-63104/home/92954023,2320 S 9th St,38.6040042,-90.2064268,0.2465060559722852,0.27482564181400393,0.2854696251377821
https://www.redfin.com/MO/Saint-Louis/6217-Marmaduke-Ave-63139/home/93754701,6217 Marmaduke Ave,38.6103735,-90.2933755,0.533619978974214,0.45237810973371695,0.40910567837519646
https://www.redfin.com/MO/Saint-Louis/4729-Adkins-Ave-63116/home/93758982,4729 Adkins Ave,38.5807442,-90.2640281,0.37881449314155086,0.35345301947483393,0.32025860486672125
https://www.redfin.com/MO/Saint-Louis/3337-Michigan-Ave-63118/home/93693546,3337 Michigan Ave,38.5953084,-90.235801,0.2992774680701182,0.29790480872392316,0.31049138502498763
https://www.redfin.com/MO/Saint-Louis/4014-Miami-St-63116/home/93728662,4014 Miami St,38.592875,-90.2547158,0.3390878799109784,0.34826973982404563,0.36203480958625606
https://www.redfin.com/MO/Saint-Louis/6557-Odell-St-63139/home/93743819,6557 Odell St,38.6100856,-90.3002356,0.5701359923639346,0.5485049639326625,0.4941316280630681
https://www.redfin.com/MO/Saint-Louis/3112-Wyoming-St-63118/home/93693478,3112 Wyoming St,38.5978992,-90.2345261,0.2507828060727586,0.24388298881700246,0.2522743521327016
https://www.redfin.com/MO/Saint-Louis/4963-Sutherland-Ave-63109/home/89324264,4963 Sutherland Ave,38.5891014,-90.2776114,0.45767430692990835,0.41192428691603006,0.3763438004029468
https://www.redfin.com/MO/Saint-Louis/3223-Utah-St-63118/home/104237048,3223 Utah St,38.5967848,-90.2374068,0.2879902967910979,0.26412424880118934,0.29930207287709093
https://www.redfin.com/MO/Saint-Louis/6531-Bancroft-Ave-63109/home/93775558,6531 Bancroft Ave,38.5926968,-90.3030627,0.3072790687225181,0.2665942045950836,0.26877451778001776
https://www.redfin.com/MO/Saint-Louis/3324-Louisiana-Ave-63118/home/93693130,3324 Louisiana Ave,38.5956372,-90.2387835,0.29062505333406385,0.29193961532446727,0.2936078956787852
https://www.redfin.com/MO/Saint-Louis/Undisclosed-address-63106/home/169424163,,38.6503101,-90.2029673,0.4309158956865764,0.4693641363951051,0.4712448030039411
https://www.redfin.com/MO/Saint-Louis/3325-Minnesota-Ave-63118/home/93693448,3325 Minnesota Ave,38.5955246,-90.2346386,0.4071211564855691,0.3436283868911659,0.3102892326310965
https://www.redfin.com/MO/Saint-Louis/5414-Lindenwood-Ave-63109/home/93782848,5414 Lindenwood Ave,38.5930437,-90.2838003,0.28694150579237493,0.25602062809624665,0.33301126783289087
https://www.redfin.com/MO/Saint-Louis/7321-Coronado-Ave-63116/home/93785043,7321 Coronado Ave,38.5591559,-90.2740305,0.4429418639904786,0.4693288760467628,0.4661948135970942
https://www.redfin.com/MO/Saint-Louis/4948-Neosho-St-63109/home/62764377,4948 Neosho St,38.5843042,-90.2790615,0.3902877021617261,0.40011351232867626,0.3696981742142633
https://www.redfin.com/MO/Saint-Louis/5325-Quincy-St-63109/home/93771490,5325 Quincy St,38.5724754,-90.2909339,0.364146789305035,0.36973474453553085,0.3761370234465457
https://www.redfin.com/MO/Saint-Louis/5008-Sutherland-Ave-63109/home/93752833,5008 Sutherland Ave,38.5887855,-90.2782734,0.4078645351411634,0.43779937484770814,0.40256495199452674
https://www.redfin.com/MO/Saint-Louis/4844-Sigel-Ave-63116/home/93763288,4844 Sigel Ave,38.578968,-90.2798903,0.32914687159131595,0.3175077512069323,0.3425875562746161
https://www.redfin.com/MO/Saint-Louis/4224-California-Ave-63111/home/93705491,4224 California Ave,38.5787107,-90.2328905,0.4621297678245376,0.4259004010102633,0.3574860122007069
https://www.redfin.com/MO/Saint-Louis/5507-Vermont-Ave-63111/home/93708496,5507 Vermont Ave,38.5658702,-90.2478278,0.4518031902274622,0.37315951236001327,0.3400713918904052
https://www.redfin.com/MO/Saint-Louis/3911-Sullivan-Ave-63107/home/93753728,3911 Sullivan Ave,38.6611771,-90.2251259,0.35049227763229435,0.34164064783660253,0.3657171978320446
https://www.redfin.com/MO/Saint-Louis/6019-Hartford-St-63139/home/93775873,6019 Hartford St,38.6063967,-90.2902383,0.319468053904467,0.29384730292552036,0.3151481965499469
https://www.redfin.com/MO/Saint-Louis/3832-Iowa-Ave-63118/home/93696263,3832 Iowa Ave,38.5855312,-90.2303403,0.37808572201234886,0.3630864610332147,0.34595087041193595
https://www.redfin.com/MO/Saint-Louis/5477-Oleatha-Ave-63139/home/93780849,5477 Oleatha Ave,38.5969419,-90.2842927,0.4653327852733972,0.46419563803335623,0.3928203737435201
https://www.redfin.com/MO/Saint-Louis/4936-Delor-St-63109/home/69445400,4936 Delor St,38.582591,-90.2795576,0.34979243863029336,0.3540009673951772,0.3474071037074176
https://www.redfin.com/MO/Saint-Louis/3440-Potomac-St-63118/home/93695417,3440 Potomac St,38.5932101,-90.2411564,0.24855827087305782,0.26112366340140564,0.2761534845937904
https://www.redfin.com/MO/Saint-Louis/4337-Loughborough-Ave-63116/home/93771767,4337 Loughborough Ave,38.5667951,-90.2783523,0.30166728950139465,0.28659683297470506,0.3516621881176811
https://www.redfin.com/MO/Saint-Louis/5341-Neosho-St-63109/home/93755145,5341 Neosho St,38.58525,-90.2839032,0.35510916469339754,0.3191259670827953,0.3482862833019085
https://www.redfin.com/MO/Saint-Louis/3759-Kosciusko-St-63118/home/93697209,3759 Kosciusko St,38.5852532,-90.2197406,0.418762400528274,0.4194075829774817,0.4020579325578531
https://www.redfin.com/MO/Saint-Louis/5444-Sunshine-Dr-63109/home/93775861,5444 Sunshine Dr,38.5707086,-90.2956157,0.3894829344894278,0.3947863837902617,0.45147210088596873
https://www.redfin.com/MO/Saint-Louis/5453-Nottingham-Ave-63109/home/93753441,5453 Nottingham Ave,38.5864239,-90.2863102,0.34667419882223355,0.38912202374210053,0.37044963367179834
https://www.redfin.com/MO/Saint-Louis/6916-Hampton-Ave-63109/home/93758074,6916 Hampton Ave,38.5734469,-90.2946058,0.24898249678761433,0.296960308539597,0.3385303044299354
https://www.redfin.com/MO/Saint-Louis/5612-Arthur-Ave-63139/home/93743063,5612 Arthur Ave,38.6000203,-90.2851612,0.44366944212744486,0.4474250764481471,0.44574298794605494
https://www.redfin.com/MO/Saint-Louis/4739-Hummel-Ave-63116/home/93763387,4739 Hummel Ave,38.5794384,-90.2773036,0.41887038963707607,0.40859968459449825,0.40039269181236287
https://www.redfin.com/MO/Saint-Louis/5186-Vernon-Ave-63113/home/93752405,5186 Vernon Ave,38.6584343,-90.2691589,0.33164557968263686,0.3817583905157837,0.42919491816884353
https://www.redfin.com/MO/Saint-Louis/5946-Julian-Ave-63112/home/109924547,5946 Julian Ave,38.6676396,-90.2887685,0.45651570483308823,0.47413841334204665,0.44586218595734484
https://www.redfin.com/MO/Saint-Louis/3662-Minnesota-Ave-63118/home/93695976,3662 Minnesota Ave,38.5891294,-90.2354259,0.3243571709657181,0.366823716782428,0.3742265140704053
https://www.redfin.com/MO/Saint-Louis/1907-Lynch-St-63118/home/93671871,1907 Lynch St,38.6012939,-90.2165754,0.20833493924992125,0.32025940879926473,0.3615383416475348
https://www.redfin.com/MO/Saint-Louis/5218-Lisette-Ave-63109/home/62693805,5218 Lisette Ave,38.5751423,-90.2864336,0.31655969628081493,0.33911729995224144,0.3558322443354283
https://www.redfin.com/MO/Saint-Louis/4259-W-Cote-Brilliante-Ave-63113/home/62759429,4259 W Cote Brilliante Ave,38.6571389,-90.2411668,0.5654030851838697,0.5339145260926565,0.516714860382793
https://www.redfin.com/MO/Saint-Louis/4405-Alaska-Ave-63111/home/62743886,4405 Alaska Ave,38.5769004,-90.2430932,0.34308046379787677,0.29764474451080947,0.3453826514387425
https://www.redfin.com/MO/Saint-Louis/5453-Robert-Ave-63109/home/93775968,5453 Robert Ave,38.5717529,-90.2951557,0.3412917277780305,0.35595293817093204,0.37148484903186835
https://www.redfin.com/MO/Saint-Louis/4319-Eichelberger-St-63116/home/93757142,4319 Eichelberger St,38.5791088,-90.2687741,0.34530991431005786,0.24576700081511435,0.27409340239606833
https://www.redfin.com/MO/Saint-Louis/3523-Pennsylvania-Ave-63118/home/87395007,3523 Pennsylvania Ave,38.5918033,-90.2342263,0.4276181753329494,0.4252365088321537,0.3746557311670103
https://www.redfin.com/MO/St-Louis/3708-Bamberger-Ave-63116/home/193769352,3708 Bamberger Ave,38.5899269,-90.2492339,0.3728504469437048,0.3706141558755421,0.3206719138649379
https://www.redfin.com/MO/Saint-Louis/3340-Bendick-Ave-63139/home/62755741,3340 Bendick Ave,38.6018797,-90.302898,0.44230518970520283,0.45014986461241185,0.42929132213333904
https://www.redfin.com/MO/Saint-Louis/5411-Tennessee-Ave-63111/home/93708247,5411 Tennessee Ave,38.569697,-90.2521778,0.40364386607498176,0.3626437764145249,0.337305021899048
https://www.redfin.com/MO/Saint-Louis/2214-McCausland-Ave-63143/home/93741105,2214 Mccausland Ave,38.6176115,-90.3084637,0.3564371740493949,0.33245575192291577,0.2812804484529822
https://www.redfin.com/MO/Saint-Louis/5300-Chippewa-St-63109/home/93781862,5300 Chippewa St,38.5918125,-90.2813617,0.3820293087116458,0.3780412112578701,0.34131910563413587
https://www.redfin.com/MO/Saint-Louis/3414-Cherokee-St-63118/home/62734586,3414 Cherokee St,38.594897,-90.2398266,0.2528763260290128,0.24520049074210204,0.27976756713829587
https://www.redfin.com/MO/Saint-Louis/4401-Wilcox-Ave-63116/home/93764968,4401 Wilcox Ave,38.581568,-90.2702737,0.37924441769765177,0.34548241046875494,0.3285338114412411
https://www.redfin.com/MO/Saint-Louis/4139-Tholozan-Ave-63116/home/93728549,4139 Tholozan Ave,38.5927765,-90.2582472,0.383274645546745,0.4223396518255648,0.3643303780293768
https://www.redfin.com/MO/Saint-Louis/5608-S-Kingshighway-Blvd-63109/home/64095996,5608 S Kingshighway Blvd,38.5789081,-90.2812376,0.26969562190740715,0.2952993047965262,0.3204692123596846
https://www.redfin.com/MO/Saint-Louis/2015-Schaeffer-Pl-63139/home/93741323,2015 Schaeffer Pl,38.6204271,-90.3005238,0.45625999718113147,0.43544287848136204,0.3915930708458266
https://www.redfin.com/MO/Saint-Louis/3999-Dover-Pl-63116/home/93774790,3999 Dover Pl,38.5715603,-90.2642308,0.43923066772405034,0.38966814182292847,0.3774159129647816
https://www.redfin.com/MO/Saint-Louis/4117-Louis-St-63116/home/93784352,4117 Louis St,38.560397,-90.280852,0.47403426919882463,0.3910281402557621,0.3832609026631121
https://www.redfin.com/MO/Saint-Louis/4348-Schirmer-St-63116/home/93783610,4348 Schirmer St,38.5618311,-90.284071,0.4981974950277069,0.5276602801579307,0.4681243291240209
https://www.redfin.com/MO/Saint-Louis/4059-Phillips-Ave-63116/home/93748976,4059 Phillips Ave,38.5907635,-90.2563982,0.3771180823478016,0.34963024953111654,0.28227485971920757
https://www.redfin.com/MO/Saint-Louis/6109-Newport-Ave-63116/home/93776760,6109 Newport Ave,38.5712326,-90.2700631,0.340508628739721,0.3537976754812129,0.3598592172273988
https://www.redfin.com/MO/Saint-Louis/4418-Louisiana-Ave-63111/home/93706038,4418 Louisiana Ave,38.5769394,-90.2439572,0.3846175367736636,0.37506204532990983,0.3566732311327703
https://www.redfin.com/MO/Saint-Louis/2913-Gasconade-St-63118/home/93704871,2913 Gasconade St,38.5818689,-90.2354392,0.38973813649470523,0.38016103028936815,0.37752944040485537
https://www.redfin.com/MO/Saint-Louis/5120-Wicklow-Pl-63111/home/93707651,5120 Wicklow Pl,38.567153,-90.242739,0.43975889202913077,0.4333484163313021,0.43900738400414313
https://www.redfin.com/MO/Saint-Louis/6736-Wise-Ave-63139/home/93765724,6736 Wise Ave,38.6288174,-90.3020966,0.4115187910562901,0.42923155524921,0.37914234848467676
https://www.redfin.com/MO/Saint-Louis/4550-Enright-Ave-63108/home/93720014,4550 Enright Ave,38.651678,-90.2545382,0.4877749617668393,0.48594582916628715,0.41064911027671
https://www.redfin.com/MO/Saint-Louis/5933-Arsenal-St-63139/home/93768701,5933 Arsenal St,38.6071065,-90.2883831,0.24567795158267228,0.26815976036511524,0.2814816236764251
https://www.redfin.com/MO/Saint-Louis/6300-Potomac-St-63139/home/62699120,6300 Potomac St,38.5986514,-90.296258,0.33837521959819516,0.36165302425621604,0.37193810395061283
https://www.redfin.com/MO/Saint-Louis/3702-Garnier-St-63116/home/93747398,3702 Garnier St,38.5913297,-90.2609795,0.34391731764345934,0.31075341274104856,0.3045260840740374
https://www.redfin.com/MO/Saint-Louis/2720-McNair-Ave-63118/home/93697739,2720 Mcnair Ave,38.6024735,-90.2195005,0.2965665119557012,0.32224752411000707,0.35162112567520015
https://www.redfin.com/MO/Saint-Louis/5342-Loughborough-Ave-63109/home/62692085,5342 Loughborough Ave,38.5729991,-90.2911306,0.32880426921148237,0.34860958005196147,0.38002400735396513
https://www.redfin.com/MO/Saint-Louis/3667-Steins-St-63116/home/93757111,3667 Steins St,38.5548284,-90.2698378,0.40919456446455527,0.4008235826153727,0.34709533637640255
https://www.redfin.com/MO/Saint-Louis/2700-Arsenal-St-63118/home/93697155,2700 Arsenal St,38.5994419,-90.2267011,0.30312648941061104,0.30763865150349895,0.34456756796293386
https://www.redfin.com/MO/Saint-Louis/6301-Marquette-Ave-63139/home/93749021,6301 Marquette Ave,38.5998512,-90.2960097,0.3525207721355935,0.3935058462372226,0.3974821905101085
https://www.redfin.com/MO/Saint-Louis/7316-Sharp-Ave-63116/home/93785055,7316 Sharp Ave,38.5599874,-90.2747708,0.4009344598760872,0.45210426462724795,0.48271966615182166
https://www.redfin.com/MO/Saint-Louis/5418-Virginia-Ave-63111/home/93708154,5418 Virginia Ave,38.5655453,-90.2456559,0.2708503307294558,0.27939356073529725,0.3159885634953904
https://www.redfin.com/MO/Saint-Louis/3524-Grace-Ave-63116/home/93695414,3524 Grace Ave,38.5931449,-90.2448055,0.2865037784221691,0.24809474186086394,0.2238209979303445
https://www.redfin.com/MO/Saint-Louis/3930-Pennsylvania-Ave-63118/home/93704421,3930 Pennsylvania Ave,38.5843756,-90.235239,0.3514106865628337,0.3646064287504634,0.3508299855626465
https://www.redfin.com/MO/Saint-Louis/4120-Nebraska-Ave-63118/home/93705202,4120 Nebraska Ave,38.580886,-90.2347524,0.38958725825730095,0.35937318557791587,0.343385516101703
https://www.redfin.com/MO/Saint-Louis/4724-Hummel-Ave-63116/home/93758065,4724 Hummel Ave,38.5792723,-90.276714,0.40163028193866984,0.3850416171935358,0.4122098251358576
https://www.redfin.com/MO/St-Louis/4122-Nebraska-Ave-63118/home/202385139,4122 Nebraska Ave,38.5808771,-90.2348313,0.37871097995382563,0.36514410546230575,0.3429317007287615
https://www.redfin.com/MO/Saint-Louis/612-Holly-Hills-Ave-63111/home/93709701,612 Holly Hills Ave,38.5590114,-90.2534358,0.30154775073763157,0.35651907811372,0.387690449418637
https://www.redfin.com/MO/Saint-Louis/6559-Marmaduke-Ave-63139/home/93743876,6559 Marmaduke Ave,38.6112375,-90.3000741,0.4987054840721098,0.4802100716412783,0.48887570483276327
https://www.redfin.com/MO/Saint-Louis/4233-Delor-St-63116/home/93759008,4233 Delor St,38.5806977,-90.2649201,0.305652289295922,0.30529848101069074,0.25800674109035976
https://www.redfin.com/MO/Saint-Louis/7137-Marwinette-Ave-63116/home/62734965,7137 Marwinette Ave,38.5607489,-90.2733776,0.5094969136432583,0.4560360499240735,0.4458782441453974
https://www.redfin.com/MO/Saint-Louis/3450-Minnesota-Ave-63118/home/93694821,3450 Minnesota Ave,38.5929414,-90.2346599,0.40323226044201055,0.3781652692820021,0.3638039350587385
https://www.redfin.com/MO/Saint-Louis/3533-Illinois-Ave-63118/home/93694536,3533 Illinois Ave,38.5900923,-90.2228352,0.29703938784721134,0.36071639747818546,0.27630686664890364
https://www.redfin.com/MO/Saint-Louis/4052-Nebraska-Ave-63118/home/93704879,4052 Nebraska Ave,38.5818477,-90.234569,0.35195700125767687,0.35983653336384036,0.3724203500740333
https://www.redfin.com/MO/Saint-Louis/6033-Carlsbad-Ave-63116/home/93772781,6033 Carlsbad Ave,38.5751379,-90.2745399,0.35402949730485567,0.348085191729766,0.3991930163043471
https://www.redfin.com/MO/Saint-Louis/4601-Ray-Ave-63116/home/93757345,4601 Ray Ave,38.5820506,-90.2604836,0.3765475211807631,0.37051617702904693,0.35170375760831946
https://www.redfin.com/MO/Saint-Louis/1802-Switzer-Ave-63147/home/93781515,1802 Switzer Ave,38.7165307,-90.2501256,0.405462091456992,0.4201071046115387,0.4357381108613919
https://www.redfin.com/MO/Saint-Louis/7857-Wanda-Ave-63123/home/93784474,7857 Wanda Ave,38.5588907,-90.2865119,0.4576307412596683,0.47581932109307595,0.4778407294487983
https://www.redfin.com/MO/Saint-Louis/4434-Enright-Ave-63108/home/93739815,4434 Enright Ave,38.6502346,-90.2511134,0.4240853712903367,0.5000335369341585,0.4382907257952918
https://www.redfin.com/MO/Saint-Louis/5827-W-Park-Ave-63110/home/93769204,5827 W Park Ave,38.6263393,-90.2848961,0.40026381578071535,0.4066604911701973,0.3551499764158766
https://www.redfin.com/MO/Saint-Louis/4049-Cottage-Ave-63113/home/143286700,4047-4049 Cottage Ave,38.6570603,-90.232593,0.4195318532053048,0.38522296433736125,0.3931157668324093
https://www.redfin.com/MO/Saint-Louis/5366-Southwest-Ave-63139/home/93727390,5366 Southwest Ave,38.6104889,-90.2774538,0.20303194390746754,0.2415487305228118,0.29897732288946116
https://www.redfin.com/MO/Saint-Louis/1440-Central-Ave-63139/home/93740644,1440 Central Ave,38.6253042,-90.3041504,0.41340032216338946,0.4734814407003977,0.5074581461381994
https://www.redfin.com/MO/Saint-Louis/7328-Parkwood-Dr-63116/home/93783715,7328 Parkwood Dr,38.5636778,-90.2826032,0.5085950324646602,0.5138542418547092,0.5513149707979828
https://www.redfin.com/MO/Saint-Louis/6300-Fyler-Ave-63139/home/93743111,6300 Fyler Ave,38.6021217,-90.29564,0.3223200458530578,0.3568072070918828,0.36784457489212735
https://www.redfin.com/MO/Saint-Louis/2303-Arsenal-St-63118/home/93699058,2303 Arsenal St,38.5989352,-90.2235415,0.3341821102406675,0.3871924359603887,0.3818574652383879
https://www.redfin.com/MO/Saint-Louis/4177-Itaska-St-63116/home/93757084,4177 Itaska St,38.5823795,-90.2646633,0.2752187269609918,0.2604872173129268,0.25493097601959847
https://www.redfin.com/MO/Saint-Louis/4228-Schiller-Pl-63116/home/67986625,4228 Schiller Pl,38.5775714,-90.2675052,0.36560426409165686,0.37380969638361744,0.3666843657457337
https://www.redfin.com/MO/Saint-Louis/6717-Minnesota-Ave-63111/home/93710454,6717 Minnesota Ave,38.5549684,-90.2530982,0.4454040681843083,0.3823358155112693,0.36510494389875214
https://www.redfin.com/MO/Saint-Louis/5132-Dresden-Ave-63116/home/93763928,5132 Dresden Ave,38.5809502,-90.2744384,0.43223085019799357,0.3764067449612757,0.3979116303342004
https://www.redfin.com/MO/Saint-Louis/4629-Alaska-Ave-63111/home/93706713,4629 Alaska Ave,38.574522,-90.2451163,0.39777603634101594,0.3667005769634668,0.34448318252483723
https://www.redfin.com/MO/Saint-Louis/6228-Fyler-Ave-63139/home/93743109,6228 Fyler Ave,38.6021009,-90.2954626,0.3276383086606673,0.3626151543343138,0.36666241029586616
https://www.redfin.com/MO/St-Louis/3831-S-Grand-Blvd-63118/home/176874415,3831 S Grand Blvd,38.5875475,-90.2450086,0.2468774016506539,0.19929858318508506,0.2153001321981832
https://www.redfin.com/MO/Saint-Louis/3820-Iowa-Ave-63118/home/93696268,3820 Iowa Ave,38.5858819,-90.2302795,0.3527088669703205,0.3397112573004861,0.336174349481113
https://www.redfin.com/MO/Saint-Louis/3825-Missouri-Ave-63118/home/93696784,3825 Missouri Ave,38.5850975,-90.2250985,0.4390153978989792,0.4165201708469519,0.36612084314301724
https://www.redfin.com/MO/Saint-Louis/4916-Blow-St-63109/home/93758301,4916 Blow St,38.5690926,-90.2872771,0.2376771732049214,0.2852542210656905,0.35235215045396184
https://www.redfin.com/MO/St-Louis/2311-Rutger-St-63104/unit-C/home/191941959,2311 Rutger Unit C,38.6192628,-90.2180702,0.26081043231997386,0.31090282671911296,0.3042407010292168
https://www.redfin.com/MO/Saint-Louis/7342-Vermont-Ave-63111/home/93710767,7342 Vermont Ave,38.551942,-90.2608413,0.3962506404292816,0.39649383493812423,0.35627173595198075
https://www.redfin.com/MO/Saint-Louis/7507-Virginia-Ave-63111/home/93710942,7507 Virginia Ave,38.5505816,-90.2613946,0.3281304276334508,0.3347978488021926,0.32705130907804364
https://www.redfin.com/MO/Saint-Louis/5018-Leona-St-63116/home/93777294,5018 Leona St,38.5773146,-90.2603228,0.3946270029951846,0.3468898469436634,0.37470917830662004
https://www.redfin.com/MO/Saint-Louis/4500-Miami-St-63116/home/93756217,4500 Miami St,38.5943023,-90.2678944,0.3570631776154052,0.34272778211806837,0.3570771179584879
https://www.redfin.com/MO/Saint-Louis/3943-Ohio-Ave-63118/home/62736783,3943 Ohio Ave,38.5833953,-90.2300909,0.3330219165384209,0.3207197508285826,0.321642027172583
https://www.redfin.com/MO/Saint-Louis/940-Maple-Pl-63112/home/93723863,940 Maple Pl,38.6606635,-90.2918757,0.4557817810914813,0.5092813404224604,0.4994149438145867
https://www.redfin.com/MO/Saint-Louis/6011-Michigan-Ave-63111/home/93709031,6011 Michigan Ave,38.5608873,-90.2478031,0.349659341838271,0.35935169114248805,0.38139510442957325
https://www.redfin.com/MO/Saint-Louis/4827-Miami-St-63116/home/93756229,4827 Miami St,38.5949297,-90.2701861,0.25852103341700866,0.2358383545097381,0.24375991462305255
https://www.redfin.com/MO/Saint-Louis/2335-Louisiana-Ave-63104/home/67655211,2335 Louisiana Ave,38.6083352,-90.236732,0.3179861154933176,0.3249261025435805,0.3625112837488357
https://www.redfin.com/MO/Saint-Louis/4725-Terrace-Ave-63116/home/93758042,4725 Terrace Ave,38.5787636,-90.276477,0.3853207269541115,0.42281710951709556,0.39422881673091253
https://www.redfin.com/MO/Saint-Louis/6452-Southwest-Ave-63139/home/62716251,6452 Southwest Ave,38.6123088,-90.297435,0.39747733758678855,0.43934103681425773,0.449018156559305
https://www.redfin.com/MO/Saint-Louis/4140-Tesson-St-63123/home/93784152,4140 Tesson St,38.5572634,-90.282787,0.4540867565015257,0.46339530786321237,0.40440600492419276
https://www.redfin.com/MO/Saint-Louis/4342-Frieda-Ave-63116/home/93757236,4342 Frieda Ave,38.578401,-90.2699523,0.3150889667025704,0.2440281947568027,0.2696866043279648
https://www.redfin.com/MO/Saint-Louis/2630-Geyer-Ave-63104/home/93690340,2630 Geyer Ave,38.6128849,-90.2226414,0.4626024903253908,0.3448234636680444,0.2840547946847056
https://www.redfin.com/MO/Saint-Louis/8321-Minnesota-Ave-63111/home/93711868,8321 Minnesota Ave,38.5433449,-90.2662596,0.43087721803800344,0.41723287680400817,0.41089984256844553
https://www.redfin.com/MO/Saint-Louis/4128-Michigan-Ave-63118/home/93705171,4128 Michigan,38.5811239,-90.238199,0.37649931340525744,0.38217058569255535,0.35941133982593515
https://www.redfin.com/MO/Saint-Louis/1211-Clara-Ave-63112/home/93722542,1211 Clara Ave. Ave,38.6640145,-90.2806584,0.4414467769029348,0.42696424794567517,0.4185848346436219
https://www.redfin.com/MO/Saint-Louis/5462-Christy-Ave-63116/home/93757910,5462 Christy Ave,38.5779368,-90.275219,0.35944530082903564,0.38013109356754876,0.319666007450067
https://www.redfin.com/MO/Saint-Louis/4147-Beethoven-Ave-63116/home/93758119,4147 Beethoven Ave,38.5866892,-90.2627194,0.378499570307107,0.39509319463868253,0.37078231904496445
https://www.redfin.com/MO/Saint-Louis/4651-Tennessee-Ave-63111/home/64459744,4651 Tennessee Ave,38.5751303,-90.2476324,0.42179056119950226,0.35220241547054976,0.3322859005644524
https://www.redfin.com/MO/Saint-Louis/3471-Morganford-Rd-63116/home/93774387,3471 Morganford Rd,38.5952618,-90.262806,0.2554128002915865,0.2691517375223696,0.31029855320343047
https://www.redfin.com/MO/Saint-Louis/7101-Virginia-Ave-63111/home/93710438,7101 Virginia Ave,38.5537548,-90.2577275,0.4409730540568031,0.44296971220578735,0.3752376214530805
https://www.redfin.com/MO/Saint-Louis/3616-Louisiana-Ave-63118/home/91489867,3616 Louisiana Ave,38.5908794,-90.2397666,0.3503062667852862,0.38590859701290425,0.41948385216493006
https://www.redfin.com/MO/Saint-Louis/6027-Etzel-Ave-63112/home/93723128,6027 Etzel Ave,38.6654321,-90.2913666,0.3636487141400381,0.42004661004825117,0.4379994733058741
https://www.redfin.com/MO/Saint-Louis/6437-Colletta-Dr-63139/home/93784611,6437 Colletta Dr,38.6143359,-90.2975463,0.5198682699040109,0.5191236735893159,0.44475706627390743
https://www.redfin.com/MO/Saint-Louis/5343-Conde-St-63107/home/93713437,5343 Conde St,38.6772296,-90.2139519,0.33532780849338767,0.3971809461974544,0.4959972680359772
https://www.redfin.com/MO/Saint-Louis/5649-Roosevelt-Pl-63120/home/93755010,5649 Roosevelt Pl,38.6782052,-90.2719123,0.5252836100507366,0.5110258762245841,0.4846690077853027
https://www.redfin.com/MO/Saint-Louis/2518-Whittier-St-63113/home/93717082,2518 Whittier St,38.6581346,-90.235295,0.49930907343095277,0.43318442971097093,0.40008271785020766
https://www.redfin.com/MO/Saint-Louis/5204-Saint-Louis-Ave-63115/home/67369281,5204 Saint Louis Ave,38.6731169,-90.2596018,0.48510314936445914,0.4584304810088493,0.46953381447320985
https://www.redfin.com/MO/Saint-Louis/5275-Alcott-Ave-63120/home/93765029,5275 Alcott Ave,38.6955368,-90.2464387,0.5284594905775739,0.48400087199003194,0.48987319340742386
https://www.redfin.com/MO/Saint-Louis/4130-Oregon-Ave-63118/home/93705090,4130 Oregon Ave,38.5804967,-90.2337277,0.3369037061488293,0.33551155425800677,0.3431101756862747
https://www.redfin.com/MO/Saint-Louis/5530-Partridge-Ave-63120/home/93751796,5530 Partridge Ave,38.7049921,-90.2491948,0.4480109873487304,0.4132838778085083,0.4173839068608825
https://www.redfin.com/MO/Saint-Louis/357-Adrian-Dr-63137/home/93394124,357 Adrian Dr,38.7402142,-90.2078972,0.7268655142775345,0.70882645233169,0.6679591426300664
https://www.redfin.com/MO/Saint-Louis/3901-Sherman-Pl-63107/home/62725207,3901 Sherman Pl,38.6680764,-90.2199081,0.5790497647850967,0.5018421278766978,0.48166782442351125
https://www.redfin.com/MO/Saint-Louis/5338-Wabada-Ave-63112/home/93738689,5338 Wabada Ave,38.6703958,-90.2661672,0.4110710832530086,0.44672558865316647,0.43706801906279663
https://www.redfin.com/MO/Saint-Louis/4936-Harney-Ave-63115/home/93756145,4936 Harney Ave,38.6886271,-90.238173,0.5157313947392043,0.4710954150069702,0.44028071594971263
https://www.redfin.com/MO/Saint-Louis/5636-Acme-Ave-63136/home/93761373,5636 Acme Ave,38.7108608,-90.2576584,0.4647648402141206,0.46874621911253744,0.48681660759692436
https://www.redfin.com/MO/Saint-Louis/4808-Cupples-Pl-63113/home/93736337,4808 Cupples Pl,38.6663898,-90.253156,0.378513169249069,0.4613072696328239,0.4531007353785072
https://www.redfin.com/MO/Saint-Louis/4224-N-Florissant-Ave-63107/home/93703140,4224 N Florissant Ave,38.6657304,-90.2078914,0.5028430157618974,0.45151276263032425,0.4247764556627985
https://www.redfin.com/MO/Saint-Louis/3981-Schiller-Pl-63116/home/93770282,3981 Schiller Pl,38.575097,-90.2617383,0.45540988323746573,0.4641404838535051,0.48216582697444216
https://www.redfin.com/MO/Saint-Louis/4314-Penrose-St-63115/home/93714837,4314 Penrose St,38.6739982,-90.2301704,0.4914575460753321,0.442184722142142,0.46279667160068755
https://www.redfin.com/MO/Saint-Louis/210-N-17th-St-63103/unit-1409/home/93680867,210 N 17th St #1409,38.6307247,-90.2042825,0.16376638872591837,0.12104115425135484,0.1346225846426684
https://www.redfin.com/MO/Saint-Louis/5918-Dressell-Ave-63120/home/93768511,5918 Dressell Ave,38.6894938,-90.2716787,0.3640288698700823,0.35167471912722614,0.32004552049750334
https://www.redfin.com/MO/Saint-Louis/3850-Kennerly-Ave-63113/home/93716085,3850 Kennerly Ave,38.6562138,-90.2272075,0.45228609606329995,0.42401770227650204,0.4309689928423083
https://www.redfin.com/MO/Saint-Louis/4426-Carter-Ave-63115/home/93734211,4426 Carter Ave,38.677881,-90.231873,0.4381941320606751,0.426769048030488,0.4401907879534649
https://www.redfin.com/MO/Saint-Louis/6000-Thekla-Ave-63136/home/93759084,6000 Thekla Ave,38.7037504,-90.2551085,0.47538996930524324,0.5173659044208951,0.47329705933042515
https://www.redfin.com/MO/Saint-Louis/5119-Terry-Ave-63115/home/64451660,5119 Terry Ave,38.6720167,-90.2585418,0.5290515302527069,0.4723855070363564,0.4615085048003321
https://www.redfin.com/MO/Saint-Louis/5929-Lucille-Ave-63136/home/93758811,5929 Lucille Ave,38.7043056,-90.2531749,0.4576765157572619,0.41592944537212284,0.43000912512904127
https://www.redfin.com/MO/Saint-Louis/5345-N-Kingshighway-Blvd-63115/home/93752050,5345 N Kingshighway Blvd,38.6894492,-90.2404997,0.47294176601810095,0.4396736324674021,0.40001888667079943
https://www.redfin.com/MO/Saint-Louis/4778-Highland-Ave-63113/home/93736696,4778 Highland Ave,38.6657804,-90.2528469,0.46589598688607425,0.46889328054103163,0.486407759182386
https://www.redfin.com/MO/Saint-Louis/5420-Queens-Ave-63115/home/93752006,5420 Queens Ave,38.6912292,-90.2389203,0.4565716663661492,0.4722359995944913,0.448060559888045
https://www.redfin.com/MO/Saint-Louis/7719-Minnesota-Ave-63111/home/93711110,7719 Minnesota Ave,38.5476569,-90.2612615,0.38351681971383395,0.31309336203919835,0.3455466669081396
https://www.redfin.com/MO/Saint-Louis/3753-Marine-Ave-63118/home/93697380,3753 Marine Ave,38.5856602,-90.2210115,0.44966474798296685,0.4321332698963992,0.39713636976692607
https://www.redfin.com/MO/Saint-Louis/4409-Virginia-Ave-63111/home/93705955,4409 Virginia Ave,38.5764829,-90.2424782,0.2902511777915841,0.323692378458867,0.3313802603572869
https://www.redfin.com/MO/Saint-Louis/5628-Hiller-Pl-63136/home/93769961,5628 Hiller Pl,38.7079659,-90.2526713,0.4375620146807437,0.41178446316360223,0.41822575291138814
https://www.redfin.com/MO/Saint-Louis/4210-E-Carter-Ave-63115/home/93714763,4210 E Carter Ave,38.6745654,-90.225875,0.4363920492862584,0.44825514667515287,0.4368494951357973
https://www.redfin.com/MO/Saint-Louis/4470-Bessie-Ave-63115/home/93734404,4470 Bessie Ave,38.6767692,-90.2345253,0.41260756430548445,0.4259474258623329,0.44458442550642746
https://www.redfin.com/MO/Saint-Louis/5322-Michigan-Ave-63111/home/93708061,5322 Michigan Ave,38.565324,-90.2434323,0.36791095845231153,0.38804697983459246,0.3493341478825393
https://www.redfin.com/MO/Saint-Louis/889-Gustav-Ave-63147/home/62758221,889 Gustav Ave,38.7237096,-90.232176,0.5486696890007883,0.48924062652897665,0.5064618490734614
https://www.redfin.com/MO/Saint-Louis/5825-Romaine-Pl-63112/home/93722849,5825 Romaine Pl,38.6694419,-90.2824192,0.45358558512542907,0.42728597769437177,0.4427109455703
https://www.redfin.com/MO/Saint-Louis/4003-Lexington-Ave-63107/home/93753780,4003 Lexington Ave,38.6635723,-90.2260945,0.2720318743240642,0.3021305175168835,0.3254371103317673
https://www.redfin.com/MO/Saint-Louis/4429-Pennsylvania-Ave-63111/home/93706050,4429 Pennsylvania Ave,38.5755539,-90.2375476,0.41200476981625384,0.39040747446476065,0.40856944590394906
https://www.redfin.com/MO/Saint-Louis/1005-Switzer-Ave-63147/home/93730648,1005 Switzer Ave,38.7085376,-90.2335358,0.5130186601436825,0.5510625434391816,0.5394627418316952
https://www.redfin.com/MO/Saint-Louis/3020-Mount-Pleasant-St-63111/home/93706798,3020 Mount Pleasant St,38.5727312,-90.2387117,0.27298613909816294,0.32057757364238965,0.35965206385833887
https://www.redfin.com/MO/Saint-Louis/1219-Sullivan-Ave-63107/home/93688458,1219 Sullivan Ave,38.652929,-90.196383,0.4769901335331575,0.42204906874242165,0.3143017877005363
https://www.redfin.com/MO/Saint-Louis/5806-Woodland-Ave-63120/home/93759544,5806 Woodland Ave,38.6972111,-90.258964,0.40983250090131196,0.45284404760807545,0.4228739787809566
https://www.redfin.com/MO/Saint-Louis/4724-Kossuth-Ave-63115/home/93733445,4724 Kossuth Ave,38.6771411,-90.2424614,0.32419647675392127,0.31189317464166255,0.3284158198281343
https://www.redfin.com/MO/Saint-Louis/4412-Clarence-Ave-63115/home/68482572,4412 Clarence Ave,38.6771892,-90.2290464,0.44522282884103165,0.4196913117200519,0.37748114153034307
https://www.redfin.com/MO/Saint-Louis/5917-Harney-Ave-63136/home/93758957,5917 Harney Ave,38.7055967,-90.2514338,0.3750859011268512,0.3993722218544444,0.41634724082586466
https://www.redfin.com/MO/Saint-Louis/1727-N-Leffingwell-Ave-63106/home/93697705,1727 N Leffingwell Ave,38.6484165,-90.2156039,0.42661274631162344,0.44274489828527824,0.40424055580064217
https://www.redfin.com/MO/Saint-Louis/1040-Sells-Ave-63147/home/93731358,1040 Sells Ave,38.7142348,-90.2344336,0.4779382636721469,0.49640499179955094,0.43521086694023525
https://www.redfin.com/MO/Saint-Louis/405-Christian-Ave-63147/home/88156373,405 Christian Ave,38.7083053,-90.2289225,0.39357466809617797,0.41879609879378793,0.33063292567638086
https://www.redfin.com/MO/Saint-Louis/8455-Concord-Pl-63147/home/93766440,8455 Concord Pl,38.7167409,-90.2308875,0.5772763797205411,0.5114282558857167,0.45970007939591173
https://www.redfin.com/MO/Saint-Louis/4028-Grove-St-63107/home/93698367,4028 E Grove St,38.662856,-90.2116148,0.4994066228924906,0.43575000902093325,0.4334871278673638
https://www.redfin.com/MO/Saint-Louis/4204-N-Euclid-Ave-63115/home/93733369,4204 N Euclid Ave,38.6807278,-90.2448925,0.3716612388244446,0.3845999413791719,0.4024252025978552
https://www.redfin.com/MO/Saint-Louis/7118-Vermont-Ave-63111/home/93710413,7118 Vermont Ave,38.5536836,-90.2586582,0.4386180284604034,0.41821525591767245,0.38837155970026144
https://www.redfin.com/MO/Saint-Louis/743-N-Euclid-Ave-63108/home/93720198,743 N Euclid Ave,38.6527557,-90.2606492,0.39437622582041604,0.39863847647595874,0.35189749409529897
https://www.redfin.com/MO/Saint-Louis/1514-N-Leffingwell-Ave-63106/home/93697610,1514 N Leffingwell Ave,38.6462379,-90.215666,0.40580464972476343,0.43843210138937005,0.4438341663163875
https://www.redfin.com/MO/Saint-Louis/4453-Athlone-Ave-63115/home/93714647,4453 Athlone Ave,38.6768371,-90.2260143,0.3390924717342436,0.33618970311473406,0.3748165786365617
https://www.redfin.com/MO/Saint-Louis/8539-Robin-Ave-63147/home/93730809,8539 Robin Ave,38.7118052,-90.2386688,0.5503143164422103,0.4519899057911245,0.4815066040817002
https://www.redfin.com/MO/Saint-Louis/5901-McArthur-Ave-63120/home/93768494,5901 Mcarthur Ave,38.6887773,-90.2717175,0.30370318694861026,0.33993493375776607,0.3066364044748667
https://www.redfin.com/MO/Saint-Louis/4876-Calvin-Ave-63115/home/93733007,4876 Calvin Ave,38.6823038,-90.2427354,0.3954653019526001,0.4027914399874341,0.45546513448185
https://www.redfin.com/MO/Saint-Louis/4849-Anderson-Ave-63115/home/93732936,4849 Anderson Ave,38.6815175,-90.2421953,0.4557232131119059,0.47036228652552065,0.4121519051661639
https://www.redfin.com/MO/Saint-Louis/8659-Oriole-Ave-63147/home/93731086,8659 Oriole Ave,38.7149753,-90.2395404,0.3147800018634697,0.3499753401397526,0.34426903693584365
https://www.redfin.com/MO/Saint-Louis/1734-N-Euclid-Ave-63113/home/93737110,1734 N Euclid Ave,38.664288,-90.2567409,0.4547874466843155,0.4536266023920665,0.4531284372056112
https://www.redfin.com/MO/Saint-Louis/887-Gustav-Ave-63147/home/93783315,887 Gustav Ave,38.723772,-90.2320254,0.5528364267223632,0.49391143658798387,0.5022381449197157
https://www.redfin.com/MO/Saint-Louis/1139-Canaan-Ave-63147/home/93760672,1139 Canaan Ave,38.7209853,-90.2375947,0.5073765580807243,0.5065678020593974,0.4385074875488119
https://www.redfin.com/MO/Saint-Louis/3067-Marcus-Ave-63115/home/62705237,3067 Marcus Ave,38.6702304,-90.2465695,0.4485060019896798,0.44606916943708963,0.4298058499401042
https://www.redfin.com/MO/Saint-Louis/882-Gustav-Ave-63147/home/93783363,882 Gustav Ave,38.7235163,-90.2316804,0.5280176856616515,0.5197113028704068,0.49898669604465845
https://www.redfin.com/MO/Saint-Louis/863-Gustav-Ave-63147/home/93783338,863 Gustav Ave,38.7242027,-90.2311829,0.48751171450914477,0.4728766674954161,0.49374543234927903
https://www.redfin.com/MO/Saint-Louis/886-Gustav-Ave-63147/home/93783362,886 Gustav Ave,38.7234383,-90.2318317,0.5198662922921443,0.525206579340798,0.5038662464779149
https://www.redfin.com/MO/Saint-Louis/5960-Minerva-Ave-63112/home/93723243,5960 Minerva Ave,38.6706204,-90.2871737,0.42594210026084,0.41198227874362053,0.3903033387599089
https://www.redfin.com/MO/Saint-Louis/4636-Saint-Ferdinand-Ave-63113/home/93736768,4636 Saint Ferdinand Ave,38.6634516,-90.249562,0.5381718220193697,0.5116420118008312,0.4907364737710447
https://www.redfin.com/MO/Saint-Louis/3726-Oregon-Ave-63118/home/93696123,3726 Oregon Ave,38.5877594,-90.232029,0.3970766434225855,0.3805316850510358,0.3236618624787642
https://www.redfin.com/MO/Saint-Louis/753-Aubert-Ave-63108/home/62692051,753 Aubert Ave,38.6530487,-90.2621219,0.4805436463624091,0.4020086213878797,0.29038054370925465
https://www.redfin.com/MO/Saint-Louis/5414-S-Kingshighway-Blvd-63109/home/93759258,5414 S Kingshighway Blvd,38.5803694,-90.2788614,0.2991942480504633,0.2959222118342127,0.34080972672476584
https://www.redfin.com/MO/Saint-Louis/3726-Osceola-St-63116/home/93706486,3726 Osceola St,38.5800253,-90.2490529,0.45368069794621346,0.41255436328820333,0.4055675140773738
https://www.redfin.com/MO/Saint-Louis/5516-Acme-Ave-63136/home/93761405,5516 Acme Ave,38.7088114,-90.2590886,0.5156582965309405,0.4871814505264684,0.5200408660038174
https://www.redfin.com/MO/Saint-Louis/1389-Hamilton-Ave-63112/home/93723355,1389 Hamilton Ave,38.6708526,-90.2846456,0.40583870927020305,0.3703534903888181,0.4192180782977785
https://www.redfin.com/MO/Saint-Louis/3502-Cora-Ave-63115/home/93735719,3502 Cora Ave,38.6703611,-90.2437049,0.4770855617902796,0.5178313856989342,0.47079953265763785
https://www.redfin.com/MO/Saint-Louis/5475-Gilmore-Ave-63120/home/93752204,5475 Gilmore Ave,38.7030107,-90.2492523,0.4005604282170515,0.4386476432130433,0.4509749214697944
https://www.redfin.com/MO/Saint-Louis/8447-Concord-Pl-63147/home/93766442,8447 Concord Pl,38.716431,-90.2308147,0.5240127545394404,0.4792616162338881,0.4505577497231275
https://www.redfin.com/MO/Saint-Louis/7819-Vermont-Ave-63111/home/93711268,7819 Vermont Ave,38.5487656,-90.2651165,0.39043978074647034,0.3023774865492351,0.23088845697623483
https://www.redfin.com/MO/Saint-Louis/4538-San-Francisco-Ave-63115/home/93733765,4538 San Francisco Ave,38.6725991,-90.2400552,0.46625385110035683,0.43240445750261297,0.39180781524221686
https://www.redfin.com/MO/Saint-Louis/1761-Grape-Ave-63147/home/93778791,1761 Grape Ave,38.7190566,-90.2484078,0.42245579487114127,0.3997305315902031,0.4097102889710567
https://www.redfin.com/MO/Saint-Louis/3846-Virginia-Ave-63118/home/93695792,3846 Virginia Ave,38.5862775,-90.2395192,0.333161586569949,0.31784292615882176,0.32574563436487836
https://www.redfin.com/MO/Saint-Louis/8838-Park-Ln-63147/home/93778678,8838 Park Ln,38.7200532,-90.2455586,0.4551784680794691,0.37602279393381294,0.4133163830849083
https://www.redfin.com/MO/Saint-Louis/5381-Queens-Ave-63115/home/93752085,5381 Queens Ave,38.6910159,-90.2402457,0.4190789091086869,0.4577594795428074,0.4450691507190473
https://www.redfin.com/MO/Saint-Louis/5977-Lalite-Ave-63136/home/93758705,5977 Lalite Ave,38.7025394,-90.2584223,0.46738261253405994,0.4878430222678629,0.4884293545870202
https://www.redfin.com/MO/Saint-Louis/3710-S-Broadway-63118/home/93696730,3710 S Broadway,38.5873828,-90.2248509,0.3462530716380684,0.2965550904313162,0.31196484915765144
https://www.redfin.com/MO/Saint-Louis/4000-N-Grand-Blvd-63107/home/93698853,4000 N Grand Blvd,38.6634973,-90.2148577,0.3175229778386033,0.40505287673573986,0.44448325236918984
https://www.redfin.com/MO/Saint-Louis/6343-Sherry-Ave-63136/home/93762085,6343 Sherry Ave,38.7038855,-90.2636051,0.5180066693034159,0.48922522208821767,0.4628793084631311
https://www.redfin.com/MO/Saint-Louis/4502-Harris-Ave-63115/home/93713905,4502 Harris Ave,38.6750705,-90.2237517,0.3198532398678724,0.34116668560148355,0.35605330041410027
https://www.redfin.com/MO/Saint-Louis/4615-Newport-Ave-63116/home/93757281,4615 Newport Ave,38.5821918,-90.2614816,0.34054919738270645,0.3630096898397141,0.3583117796719591
https://www.redfin.com/MO/Saint-Louis/4176-Newport-Ct-63116/home/93757068,4176 Newport Ct,38.5829449,-90.2639206,0.2515257994863824,0.2531521729098669,0.2664534506287161
https://www.redfin.com/MO/Saint-Louis/5994-Theodore-Ave-63136/home/93759063,5994 Theodore Ave,38.7031242,-90.2582818,0.5027571589044112,0.5118181892716989,0.4969684750623211
https://www.redfin.com/MO/Saint-Louis/5520-Louisiana-Ave-63111/home/93708521,5520 Louisiana Ave,38.5680243,-90.2514888,0.4074494124280836,0.4064430001300009,0.3700464126669948
https://www.redfin.com/MO/Saint-Louis/9006-Edna-St-63147/home/93760692,9006 Edna St,38.7220093,-90.2357707,0.5173822214165463,0.49083432059881393,0.48150018572958214
https://www.redfin.com/MO/Saint-Louis/3437-Keokuk-St-63118/home/93695281,3437 Keokuk St,38.5864127,-90.2423774,0.31085194788105824,0.3259183018211685,0.2855051379377449
https://www.redfin.com/MO/Saint-Louis/4431-Virginia-Ave-63111/home/93705930,4431 Virginia Anx,38.5759581,-90.242635,0.30128172167032086,0.3179851886362127,0.3214094331598626
https://www.redfin.com/MO/Saint-Louis/4222-Osceola-St-63116/home/93758162,4222 Osceola St,38.5877806,-90.2635469,0.4717497446568027,0.40233975498905816,0.3673652446172825
https://www.redfin.com/MO/Saint-Louis/5344-Northland-Ave-63112/home/93738295,5344 Northland Ave,38.6718705,-90.2654641,0.5355368570971469,0.5181541730792464,0.4733379511906234
https://www.redfin.com/MO/Saint-Louis/3307-Winnebago-St-63118/home/93695645,3307 Winnebago St,38.5896911,-90.2394001,0.36686221627052934,0.34649076192187694,0.37403969258344355
https://www.redfin.com/MO/Saint-Louis/3814-Greer-Ave-63107/home/93715934,3814 Greer Ave,38.659001,-90.2237684,0.44647606085021074,0.4457581382169881,0.39203981292884765
https://www.redfin.com/MO/Saint-Louis/4502-Adelaide-Ave-63115/home/93713857,4502 Adelaide Ave,38.6735024,-90.2222916,0.3144644067624584,0.38677363091766687,0.38530265793585017
https://www.redfin.com/MO/Saint-Louis/4823-San-Francisco-Ave-63115/home/93732689,4823 San Francisco Ave,38.6758002,-90.2453515,0.41830442999001666,0.36922702025043125,0.37167988700560106
https://www.redfin.com/MO/Saint-Louis/5923-Mimika-Ave-63147/home/93768928,5923 Mimika Ave,38.7131847,-90.2515844,0.3355494296385597,0.30780747682230164,0.3248371801457426
https://www.redfin.com/MO/Saint-Louis/8422-Pennsylvania-Ave-63111/home/169424599,8422 Pennsylvania Ave,38.5417796,-90.2657912,0.37902547423242716,0.35940717182073567,0.3730383995117179
https://www.redfin.com/MO/Saint-Louis/4635-Oregon-Ave-63111/home/93706944,4635 Oregon Ave,38.571491,-90.2361013,0.4109955903528372,0.40080704822474145,0.3621874946443375
https://www.redfin.com/MO/Saint-Louis/815-Portland-Ter-63147/home/93783297,815 Portland Ter,38.7255957,-90.2287027,0.3898268800848719,0.4038211130188232,0.431675979337829
https://www.redfin.com/MO/Saint-Louis/858-Canaan-Ave-63147/home/93756093,858 Canaan Ave,38.7202244,-90.2312942,0.5060463784565151,0.5028819332574509,0.4866847672075974
https://www.redfin.com/MO/Saint-Louis/9123-Church-Rd-63137/home/93783212,9123 Church,38.7252306,-90.2322243,0.5636653742236629,0.5394628620244459,0.5252279898409677
https://www.redfin.com/MO/Saint-Louis/1215-Oakley-Pl-63112/home/93723252,1215 Oakley Pl,38.6665337,-90.2888419,0.42957430217613357,0.43200377383668626,0.47811285218000293
https://www.redfin.com/MO/Saint-Louis/8937-Edna-St-63147/home/93731511,8937 Edna St,38.7201866,-90.2365349,0.4916875285478041,0.4853540385779206,0.46240981960145
https://www.redfin.com/MO/Saint-Louis/5958-Park-Ln-63147/home/93770519,5958 Park Ln,38.7127757,-90.248375,0.3336708843426248,0.3259611789267149,0.35997241066076274
https://www.redfin.com/MO/Saint-Louis/854-Canaan-Ave-63147/home/93756094,854 Canaan Ave,38.7201882,-90.2311267,0.4945297154415716,0.5006319444236442,0.47896927575340853
https://www.redfin.com/MO/Saint-Louis/3719-Marine-Ave-63118/home/93697328,3719 Marine Ave,38.5865953,-90.2207545,0.4281783536734341,0.4022484310053062,0.35500925189803084
https://www.redfin.com/MO/Saint-Louis/6318-Lalite-Ave-63136/home/93762104,6318 Lalite Ave,38.7041021,-90.2624375,0.46058158947178063,0.4458103478109581,0.4473203782003763
https://www.redfin.com/MO/Saint-Louis/6429-Idaho-Ave-63111/home/93709392,6429 Idaho Ave,38.5593576,-90.2556352,0.443416735643327,0.40111059971885465,0.4011364573618701
https://www.redfin.com/MO/Saint-Louis/5941-Park-Ln-63147/home/93770586,5941 Park Ln,38.7126025,-90.2490228,0.3332191428055485,0.33439355410021326,0.3457437523450785
https://www.redfin.com/MO/Saint-Louis/2642-Geyer-Ave-63104/home/93690217,2642 Geyer Ave,38.6129153,-90.2231509,0.428201906948764,0.37386757867806863,0.3077930983550079
https://www.redfin.com/MO/Saint-Louis/4556-Elmbank-Ave-63115/home/93736010,4556 Elmbank Ave,38.6687103,-90.2434856,0.489345790811183,0.4822018244531951,0.446874548091133
https://www.redfin.com/MO/Saint-Louis/4534-Margaretta-Ave-63115/home/93734323,4534 Margaretta Ave,38.6736482,-90.2390335,0.4026065738450099,0.4208637180803358,0.4380452086981667
https://www.redfin.com/MO/Saint-Louis/7353-Virginia-Ave-63111/home/62715500,7353 Virginia Ave,38.5514412,-90.2604952,0.4252495368172502,0.3721195832573084,0.3419244367697844
https://www.redfin.com/MO/Saint-Louis/4260-Bates-St-63116/home/93761870,4260 Bates St,38.5758888,-90.2687136,0.3626151348183636,0.38580745226578994,0.4388239393551386
https://www.redfin.com/MO/Saint-Louis/5718-Etzel-Ave-63112/home/93722423,5718 Etzel Ave,38.663542,-90.283669,0.46812368594422754,0.477173577686086,0.45992182946777
https://www.redfin.com/MO/Saint-Louis/5636-Columbia-Ave-63139/home/93727248,5636 Columbia Ave,38.6115609,-90.2830486,0.3196677291513105,0.34037863010232405,0.3366747499978743
https://www.redfin.com/MO/Saint-Louis/3123-Rutger-St-63104/home/93689899,3123 Rutger St,38.6220175,-90.2295205,0.46776284107582183,0.4080069245915479,0.38817949493846043
https://www.redfin.com/MO/Saint-Louis/3719-Minnesota-Ave-63118/home/62699628,3719 Minnesota Ave,38.5884801,-90.2360438,0.3821711488420783,0.37378740260714244,0.3553974745898234
https://www.redfin.com/MO/Saint-Louis/5122-Aubert-Ave-63115/home/93765261,5122 Aubert Ave,38.6872164,-90.2415814,0.2840843895143523,0.32104413935087617,0.3645947033648513
https://www.redfin.com/MO/Saint-Louis/4807-Milentz-Ave-63116/home/93763328,4807 Milentz Ave,38.576673,-90.2807226,0.43001955733621755,0.3979768592798152,0.38334276456984695
https://www.redfin.com/MO/Saint-Louis/4463-Bessie-Ave-63115/home/93734479,4463 Bessie Ave,38.6769342,-90.2339023,0.48823905747655016,0.4604512359467617,0.46900157382692503
https://www.redfin.com/MO/Saint-Louis/3412-Alberta-St-63118/home/93704824,3412 Alberta St,38.5850385,-90.2418099,0.38457752717868415,0.3889045146504307,0.3829791743468454
https://www.redfin.com/MO/Saint-Louis/1823-Eton-Ln-63147/home/93781587,1823 Eton Ln,38.7155776,-90.2512972,0.4097354887218618,0.3969172685501798,0.3880496387336
https://www.redfin.com/MO/Saint-Louis/3904-Walsh-St-63116/home/93757690,3904 Walsh St,38.5750623,-90.2592946,0.4530712678737151,0.4759199516550981,0.4077114781098025
https://www.redfin.com/MO/Saint-Louis/6016-Garesche-Ave-63136/home/93759096,6016 Garesche Ave,38.7032107,-90.2561915,0.5745778012187766,0.5374607149757615,0.4836859467776017
https://www.redfin.com/MO/Saint-Louis/837-Wall-St-63147/home/93755977,837 Wall St,38.7195628,-90.2305527,0.4881324772111373,0.47151726158447194,0.457762035895321
https://www.redfin.com/MO/Saint-Louis/4429-Greer-Ave-63115/home/62714620,4429 Greer Ave,38.6665611,-90.2400307,0.5217841989288466,0.5064392900971737,0.47346786245958844
https://www.redfin.com/MO/Saint-Louis/2906-Park-Ave-63104/home/93700773,2906 Park Ave,38.6189663,-90.2267899,0.3753583546014774,0.3727043254945675,0.3636575370506651
https://www.redfin.com/MO/Saint-Louis/3923-Gravois-Ave-63116/home/93749000,3923 Gravois Ave,38.5912954,-90.2520667,0.23106743363981166,0.21530958108397177,0.23726695391964678
https://www.redfin.com/MO/Saint-Louis/536-Eiler-St-63111/home/93708307,536 Eiler,38.5667221,-90.2469844,0.3235407136481074,0.33296021995538505,0.3324745511297051
https://www.redfin.com/MO/Saint-Louis/4820-Potomac-St-63116/home/93756239,4820 Potomac Anx,38.5963496,-90.2694507,0.2852244460110606,0.25436886033061756,0.20931067351567026
https://www.redfin.com/MO/Saint-Louis/2027-Destrehan-St-63107/home/93688764,2027 Destrehan St,38.6581542,-90.2027993,0.30906376836085836,0.29897061370408406,0.32017626638055763
https://www.redfin.com/MO/St-Louis/1412-Bremen-Ave-63107/home/196160641,1412 Bremen Ave,38.6631959,-90.2004557,0.5954384760651683,0.4885106553291303,0.475657324282289
https://www.redfin.com/MO/Saint-Louis/3930-Itaska-St-63116/home/62731693,3930 Itaska St,38.5783003,-90.2578497,0.3587536682251311,0.37702957350286326,0.32767890797221705
https://www.redfin.com/MO/Saint-Louis/4834-Margaretta-Ave-63115/home/93732704,4834 Margaretta Ave,38.6763785,-90.2453752,0.4254726873874095,0.3805713921641379,0.357750714141133
https://www.redfin.com/MO/Saint-Louis/2813-Meramec-St-63118/home/93705218,2813 Meramec St,38.5798315,-90.2334565,0.20740040262707127,0.2516629466590036,0.35482497524265766
https://www.redfin.com/MO/Saint-Louis/5936-Pamplin-Ave-63147/home/93770558,5936 Pamplin Ave,38.7126537,-90.249522,0.32042369461879155,0.32312953493246493,0.3335759445010709
https://www.redfin.com/MO/St-Louis/4713-4715-Natural-Bridge-Ave-63115/home/197635329,4713-4715 Natural Bridge Ave,38.673571,-90.2446329,0.3643487916944328,0.30492432535558156,0.3385789021462884
https://www.redfin.com/MO/Saint-Louis/3308-Miami-St-63118/home/93695710,3308 Miami St,38.5911535,-90.2392295,0.43655707872487554,0.4743198455405739,0.45518046360305847
https://www.redfin.com/MO/Saint-Louis/5518-Maffitt-Ave-63112/home/62728841,5518 Maffitt Ave,38.6744819,-90.2698201,0.5032885560770454,0.47398940790744026,0.5020182307932578
https://www.redfin.com/MO/Saint-Louis/1439-McLaran-Ave-63147/home/93779444,1439 Mclaran Ave,38.7161903,-90.240576,0.3108718981133181,0.27972946661293097,0.31626213145082294
https://www.redfin.com/MO/Saint-Louis/3721-S-Compton-Ave-63118/home/93695800,3721 S Compton Ave,38.5887118,-90.2383227,0.47233136286600036,0.40359120854653074,0.36188390697360234
https://www.redfin.com/MO/Saint-Louis/1403-Walton-Ave-63113/home/62721616,1403 Walton Ave,38.6601156,-90.2563118,0.4710163156841353,0.48582073046596996,0.4396856134175162
https://www.redfin.com/MO/Saint-Louis/3716-Minnesota-Ave-63118/home/93695953,3716 Minnesota Ave,38.5884851,-90.2355872,0.4014965281702059,0.3759714775249967,0.35241127039661696
https://www.redfin.com/MO/Saint-Louis/3712-Phillips-Pl-63116/home/93730201,3712 Phillips Pl,38.5894403,-90.2472799,0.4028910688620582,0.3356594230627475,0.3110567188028903
https://www.redfin.com/MO/Saint-Louis/4650-Michigan-Ave-63111/home/93706780,4650 Michigan Ave,38.5715955,-90.240234,0.39939398790117064,0.41010055395793804,0.3799559487599776
https://www.redfin.com/MO/Saint-Louis/3814-Illinois-Ave-63118/home/93696832,3814 Illinois Ave,38.58517,-90.2233784,0.3905150307657913,0.4091499570972095,0.41605925326316096
https://www.redfin.com/MO/Saint-Louis/5218-Lotus-Ave-63113/home/93737974,5218 Lotus Ave,38.6681077,-90.2637216,0.4904679993164602,0.5184807403355445,0.4532176626671216
https://www.redfin.com/MO/Saint-Louis/4649-Oregon-Ave-63111/home/93706946,4649 Oregon Ave,38.5710809,-90.2361593,0.3862490862916716,0.38874727634782863,0.3805812367807383
https://www.redfin.com/MO/Saint-Louis/5919-Summit-Pl-63147/home/93770535,5919 Summit Pl,38.7116737,-90.2484908,0.32229572967613573,0.33451360960234394,0.3560886276059879
https://www.redfin.com/MO/Saint-Louis/3926-Tholozan-Ave-63116/home/62728630,3926 Tholozan Ave,38.5917554,-90.252158,0.26485593797705453,0.25952025230830117,0.24281925027182838
https://www.redfin.com/MO/Saint-Louis/8636-Riverview-Blvd-63147/home/93730752,8636 Riverview Blvd,38.7154383,-90.2410789,0.26519576377639326,0.28276414576320735,0.31751626189849164
https://www.redfin.com/MO/Saint-Louis/8425-Halls-Ferry-Rd-63147/home/93731413,8425 Halls Ferry Rd,38.7143008,-90.2326118,0.3584353657705389,0.371521526793775,0.42367366751719593
https://www.redfin.com/MO/Saint-Louis/8516-Pennsylvania-Ave-63111/home/93711612,8516 Pennsylvania Ave,38.5411871,-90.266419,0.37466086883215355,0.32056639552893773,0.3630499490104373
https://www.redfin.com/MO/Saint-Louis/4544-Elmbank-Ave-63115/home/93736015,4544 Elmbank Ave,38.6685479,-90.2431078,0.5124231670962802,0.4765583627608594,0.4556461987723808
https://www.redfin.com/MO/Saint-Louis/5030-Grace-Ave-63116/home/93742544,5030 Grace Ave,38.5726572,-90.2522038,0.43518292990400975,0.42934881309309375,0.44805245874006033
https://www.redfin.com/MO/Saint-Louis/8644-Church-Rd-63147/home/93755735,8644 Church Rd,38.7182487,-90.232821,0.4720800260829864,0.44669550692165044,0.4481074159749684
https://www.redfin.com/MO/Saint-Louis/6204-Vermont-Ave-63111/home/93709642,6204 Vermont Ave,38.5604352,-90.2513368,0.3877233314742367,0.4068688079249283,0.3878493437559102
https://www.redfin.com/MO/Saint-Louis/4335-California-Ave-63111/home/62719559,4335 California Ave,38.5768269,-90.233829,0.3917355744265189,0.33317011944481156,0.3561439110134122
https://www.redfin.com/MO/Saint-Louis/8622-Goodfellow-Blvd-63147/home/93731956,8622 Goodfellow Blvd,38.7180018,-90.251875,0.3867065930370153,0.36049977693334445,0.39028294293203375
https://www.redfin.com/MO/Saint-Louis/3860-Neosho-St-63116/home/93730901,3860 Neosho St,38.5788754,-90.2544681,0.4523118612063592,0.3375424354732913,0.32454456856399133
https://www.redfin.com/MO/Saint-Louis/3342-Iowa-Ave-63118/home/93693855,3342 Iowa Ave,38.5941949,-90.2285967,0.16886965347067354,0.18607382915999005,0.21443909879241232
https://www.redfin.com/MO/Saint-Louis/7915-S-Broadway-63111/home/93711225,7915 S Broadway,38.5450503,-90.2610245,0.23615620565096979,0.23089964002480978,0.28107314923493537
https://www.redfin.com/MO/Saint-Louis/4925-Schollmeyer-Ave-63109/home/93764464,4925 Schollmeyer Ave,38.5727409,-90.2852095,0.3617489817134931,0.3418079796302612,0.3213077119353239
https://www.redfin.com/MO/Saint-Louis/3710-Bamberger-Ave-63116/home/93766213,3710 Bamberger Ave,38.5898733,-90.2492371,0.3776933497767863,0.369573688743433,0.3230393037828638
https://www.redfin.com/MO/Saint-Louis/3645-Dunnica-Ave-63116/home/93695571,3645 Dunnica Ave,38.5877384,-90.2463408,0.3868487027867025,0.3276833075455344,0.2829638846573614
https://www.redfin.com/MO/Saint-Louis/5088-Minerva-Ave-63113/home/56546583,5088 Minerva Ave,38.6611011,-90.2654703,0.43301217341867865,0.472469496345817,0.45770220527191047
https://www.redfin.com/MO/Saint-Louis/3829-Primm-St-63123/home/93712258,3829 Primm St,38.5546923,-90.2757917,0.48077543407982265,0.5050358105667655,0.45770212661614956
https://www.redfin.com/MO/Saint-Louis/4447-Gannett-St-63116/home/93763672,4447 Gannett St,38.5852406,-90.2705915,0.3455590007373637,0.3681237298335235,0.3506166650103528
https://www.redfin.com/MO/Saint-Louis/1124-Blendon-Pl-63117/home/93740221,1124 Blendon Pl,38.6308975,-90.3080953,0.364634208200041,0.4393687312862398,0.3902231902104375
https://www.redfin.com/MO/Saint-Louis/2202-Osage-St-63118/home/93704987,2202 Osage St,38.5820982,-90.2257566,0.37903990001481735,0.4471597660469274,0.38801211388623225
https://www.redfin.com/MO/Saint-Louis/3708-Neosho-St-63116/home/62741894,3708 Neosho St,38.5769969,-90.250838,0.3675459899400868,0.40820961865658284,0.38752902468947276
https://www.redfin.com/MO/Saint-Louis/915-Bates-St-63111/home/62714322,915 Bates St,38.5672925,-90.2515958,0.4086501866196059,0.38741182181633393,0.4024821516687622
https://www.redfin.com/MO/Saint-Louis/4140-Virginia-Ave-63118/home/93705277,4140 Virginia Ave,38.5811649,-90.2406435,0.34729874837246455,0.30794363768462685,0.3340157141432235
https://www.redfin.com/MO/Saint-Louis/6728-Alabama-Ave-63111/home/93710020,6728 Alabama Ave,38.5564896,-90.2568809,0.4301511667034321,0.4265849630088014,0.39067087020350577
https://www.redfin.com/MO/Saint-Louis/3745-Primm-St-63123/home/62765121,3745 Primm St,38.5540453,-90.274673,0.512087574579364,0.5057803184977638,0.4356731425734243
https://www.redfin.com/MO/Saint-Louis/4404-Floriss-Pl-63115/home/93672078,4404 Floriss Pl,38.6804655,-90.2261374,0.3394239859040659,0.354630196370033,0.382252544627524
https://www.redfin.com/MO/Saint-Louis/3019-Chippewa-St-63118/home/93680322,3019 Chippewa St,38.5874026,-90.2356615,0.30941301529766563,0.34223722104687165,0.34341247365287353
https://www.redfin.com/MO/Saint-Louis/4709-Lewis-Pl-63113/home/93739454,4709 Lewis Pl,38.6551849,-90.2552381,0.469240784240776,0.4281870592119335,0.4476589117438249
https://www.redfin.com/MO/Saint-Louis/5331-Ridge-Ave-63112/home/93721149,5331 Ridge Ave,38.6640574,-90.2707668,0.49620644584359813,0.5245614380630075,0.48462245187407504
https://www.redfin.com/MO/Saint-Louis/1434-Cutter-Ave-63139/home/93740657,1434 Cutter Ave,38.6256388,-90.3056031,0.5760332394666413,0.6251280586817174,0.5211254636764109
https://www.redfin.com/MO/Saint-Louis/4707-Ray-Ave-63116/home/93768311,4707 Ray Ave,38.5803095,-90.2618682,0.4294847335873984,0.38384047093010415,0.3726289780332627
https://www.redfin.com/MO/Saint-Louis/1215-N-Euclid-Ave-63113/home/93720422,1215 N Euclid Ave,38.6578506,-90.2597578,0.5311280983483622,0.474946010631032,0.442395312205902
https://www.redfin.com/MO/Saint-Louis/3517-Pennsylvania-Ave-63118/home/93694969,3517 Pennsylvania Ave,38.5920092,-90.2341736,0.3960456038499182,0.39967976612698386,0.3784902607567111
https://www.redfin.com/MO/Saint-Louis/4172-Concordia-Ave-63116/home/66745676,4172 Concordia Ave,38.574136,-90.2696061,0.3305151636900166,0.43832746320402133,0.49124256346853323
https://www.redfin.com/MO/Saint-Louis/3455-Alberta-St-63118/home/93704771,3455 Alberta St,38.5856052,-90.2431844,0.34749517903841154,0.3065645868752944,0.2827018337385572
https://www.redfin.com/MO/Saint-Louis/4428-Dewey-Ave-63116/home/80170339,4428 Dewey Ave,38.5793781,-90.2495547,0.4094090667391155,0.42040524449102357,0.4198091686299701
https://www.redfin.com/MO/Saint-Louis/2107-Stansbury-St-63118/home/93696772,2107 Stansbury St,38.586864,-90.2236165,0.45501012197832513,0.4196366212685186,0.3695898790831061
https://www.redfin.com/MO/Saint-Louis/4816-Sacramento-Ave-63115/home/93766118,4816 Sacramento Ave,38.6746347,-90.2459691,0.4172244866740358,0.3772228390405164,0.3573616803608387
https://www.redfin.com/MO/Saint-Louis/4441-Minnesota-Ave-63111/home/93706133,4441 Minnesota Ave,38.5753817,-90.2387403,0.3856037936844695,0.4381386361936087,0.41216317862142404
https://www.redfin.com/MO/Saint-Louis/3169-Pennsylvania-Ave-63118/home/93693166,3169 Pennsylvania Ave,38.5989478,-90.2326698,0.25213716589691454,0.2500929741830373,0.25959435792782704
https://www.redfin.com/MO/Saint-Louis/3150-Mount-Pleasant-St-63111/home/62705042,3150 Mount Pleasant St,38.5729984,-90.2410862,0.2781442918610657,0.3472805345565187,0.3655002027333181
https://www.redfin.com/MO/Saint-Louis/6025-W-Cabanne-Pl-63112/home/93728753,6025 W Cabanne Pl,38.659835,-90.2931431,0.5655639967057238,0.5639222340159974,0.5205028897616858
https://www.redfin.com/MO/Saint-Louis/2618-Missouri-Ave-63118/home/93697820,2618 Missouri Ave,38.6037404,-90.2202202,0.3752983447483955,0.32985235595749446,0.3090489351883001
https://www.redfin.com/MO/Saint-Louis/7075-Lansdowne-Ave-63109/home/93774074,7075 Lansdowne Ave,38.5921981,-90.3154187,0.3932796969906916,0.36973293210473607,0.389193733943451
https://www.redfin.com/MO/Saint-Louis/6540-McCune-Ave-63139/home/93743884,6540 Mccune Ave,38.6117786,-90.2995259,0.41004651028722783,0.45175999310475856,0.4725681898483553
https://www.redfin.com/MO/Saint-Louis/1871-Madison-St-63106/home/93701693,1871 Madison St,38.6459456,-90.2022981,0.4568433871494095,0.45437367560475844,0.40791910135685205
https://www.redfin.com/MO/Saint-Louis/3706-Taft-Ave-63116/home/93767622,3706 Taft Ave,38.577882,-90.2500336,0.35156564652064276,0.4097223263626118,0.3953875337139899
https://www.redfin.com/MO/Saint-Louis/3521-Michigan-Ave-63118/home/93694997,3521 Michigan Ave,38.5921949,-90.2364695,0.3814377431080767,0.3939119113886547,0.45080567610656574
https://www.redfin.com/MO/Saint-Louis/1424-Sulphur-Ave-63110/home/93726235,1424 Sulphur Ave,38.6251283,-90.2873618,0.4046214215534749,0.2736429534338035,0.27656406594039323
https://www.redfin.com/MO/Saint-Louis/5531-Maple-Ave-63112/home/93745118,5531 Maple Ave,38.6605069,-90.2792592,0.4743368955242085,0.4469513883768443,0.4376274004903965
https://www.redfin.com/MO/Saint-Louis/3841-California-Ave-63118/home/93696062,3841 California Ave,38.585543,-90.2320017,0.40194957826331457,0.34827793501529614,0.31806288698210555
https://www.redfin.com/MO/Saint-Louis/3635-S-Spring-Ave-63116/home/93766356,3635 S Spring Ave,38.5907018,-90.2483523,0.38672133647308293,0.34248093266890706,0.29172678781514216
https://www.redfin.com/MO/Saint-Louis/4163-Walsh-St-63116/home/93767019,4163 Walsh St,38.5785666,-90.2648382,0.39837677589724,0.3670130823683536,0.36471323518763143
https://www.redfin.com/MO/Saint-Louis/3425-Alberta-St-63118/home/93704837,3425 Alberta,38.5854625,-90.242076,0.3689695232818879,0.3410540833282199,0.35288177708936214
https://www.redfin.com/MO/Saint-Louis/4460-Itaska-St-63116/home/93764082,4460 Itaska St,38.5842023,-90.2715029,0.36387129203953633,0.3645711943304444,0.3556919983675629
https://www.redfin.com/MO/Saint-Louis/4605-Ray-Ave-63116/home/66774137,4605 Ray Ave,38.5819375,-90.2605922,0.38157334858760505,0.370629895253019,0.3589624892510848
https://www.redfin.com/MO/Saint-Louis/2164-Knox-Ave-63139/home/93761540,2164 Knox Ave,38.616077,-90.290158,0.41279196959225284,0.4116380844736817,0.383804847825501
https://www.redfin.com/MO/Saint-Louis/4338-Humphrey-St-63116/home/93751336,4338 Humphrey St,38.5995149,-90.2633901,0.38928556153066174,0.3515437651931746,0.29676891283213014
https://www.redfin.com/MO/Saint-Louis/617-Loughborough-Ave-63111/home/93710520,617 Loughborough Ave,38.5560023,-90.2573289,0.3474032133926287,0.33822502158715456,0.3706759963015463
https://www.redfin.com/MO/Saint-Louis/5930-Wanda-Ave-63116/home/93772716,5930 Wanda Ave,38.5767341,-90.2721289,0.39975164767149113,0.39586100855109657,0.3754356526836216
