url,police_district,patrol,violent_crime_ytd,total_crime_ytd,violent_crime_rate,total_crime_rate
https://www.redfin.com/MO/Saint-Louis/10-Portland-Pl-63108/home/93745965,3,Central,216,761,3.9272727272727272,13.836363636363636
https://www.redfin.com/MO/Saint-Louis/2007-Park-Ave-63104/home/93701262,4,Central,349,1016,6.017241379310345,17.517241379310345
https://www.redfin.com/MO/Saint-Louis/2501-Clifton-Ave-63139/home/93743222,3,Central,216,761,3.9272727272727272,13.836363636363636
https://www.redfin.com/MO/Saint-Louis/6755-Itaska-St-63109/home/93781433,1,South,197,781,3.7884615384615383,15.019230769230768
https://www.redfin.com/MO/Saint-Louis/8-Kingsbury-Pl-63112/home/93724307,3,Central,216,761,3.9272727272727272,13.836363636363636
https://www.redfin.com/MO/Saint-Louis/2817-S-Kingshighway-Blvd-63139/home/93727955,3,Central,216,761,3.9272727272727272,13.836363636363636
https://www.redfin.com/MO/Saint-Louis/53-Portland-Pl-63108/home/93745915,3,Central,216,761,3.9272727272727272,13.836363636363636
https://www.redfin.com/MO/Saint-Louis/2101-Sidney-St-63104/home/93691406,4,Central,349,1016,6.017241379310345,17.517241379310345
https://www.redfin.com/MO/Saint-Louis/27-Waterman-Pl-63112/home/93724315,3,Central,216,761,3.9272727272727272,13.836363636363636
https://www.redfin.com/MO/Saint-Louis/4949-Pershing-Pl-63108/home/93724387,3,Central,216,761,3.9272727272727272,13.836363636363636
https://www.redfin.com/MO/Saint-Louis/4700-Gravois-Ave-63116/home/93766619,1,South,197,781,3.7884615384615383,15.019230769230768
https://www.redfin.com/MO/Saint-Louis/5095-Waterman-Blvd-63108/home/93745955,3,Central,216,761,3.9272727272727272,13.836363636363636
https://www.redfin.com/MO/Saint-Louis/37-Kingsbury-Pl-63112/home/93763722,3,Central,216,761,3.9272727272727272,13.836363636363636
https://www.redfin.com/MO/Saint-Louis/6170-Colorado-Ave-63111/home/93787116,1,South,197,781,3.7884615384615383,15.019230769230768
https://www.redfin.com/MO/Saint-Louis/7-Portland-Pl-63108/home/62731987,3,Central,216,761,3.9272727272727272,13.836363636363636
https://www.redfin.com/MO/Saint-Louis/42-Westmoreland-Pl-63108/home/93745420,3,Central,216,761,3.9272727272727272,13.836363636363636
https://www.redfin.com/MO/Saint-Louis/1100-Dolman-St-63104/home/143286329,4,Central,349,1016,6.017241379310345,17.517241379310345
https://www.redfin.com/MO/Saint-Louis/33-Westmoreland-Pl-63108/home/93746100,3,Central,216,761,3.9272727272727272,13.836363636363636
https://www.redfin.com/MO/Saint-Louis/4509-Pershing-Pl-63108/home/93724700,3,Central,216,761,3.9272727272727272,13.836363636363636
https://www.redfin.com/MO/Saint-Louis/3733-Washington-Blvd-63108/home/93701266,3,Central,216,761,3.9272727272727272,13.836363636363636
https://www.redfin.com/MO/Saint-Louis/3726-Wyoming-St-63116/home/93700097,1,South,197,781,3.7884615384615383,15.019230769230768
https://www.redfin.com/MO/Saint-Louis/81-Waterman-Pl-63112/home/93724343,3,Central,216,761,3.9272727272727272,13.836363636363636
https://www.redfin.com/MO/Saint-Louis/5211-Ridge-Ave-63113/home/93721444,3,Central,216,761,3.9272727272727272,13.836363636363636
https://www.redfin.com/MO/Saint-Louis/5373-Lindell-Blvd-63112/home/93723621,3,Central,216,761,3.9272727272727272,13.836363636363636
https://www.redfin.com/MO/Saint-Louis/3406-Hawthorne-Blvd-63104/home/93691070,3,Central,216,761,3.9272727272727272,13.836363636363636
https://www.redfin.com/MO/Saint-Louis/5257-Lindell-Blvd-63108/home/93745458,3,Central,216,761,3.9272727272727272,13.836363636363636
https://www.redfin.com/MO/Saint-Louis/1304-S-18th-St-63104/home/93685995,4,Central,349,1016,6.017241379310345,17.517241379310345
https://www.redfin.com/MO/Saint-Louis/5211-Westminster-Pl-63108/home/62725740,3,Central,216,761,3.9272727272727272,13.836363636363636
https://www.redfin.com/MO/Saint-Louis/38-Kingsbury-Pl-63112/home/62749213,3,Central,216,761,3.9272727272727272,13.836363636363636
https://www.redfin.com/MO/Saint-Louis/43-Portland-Pl-63108/home/93745534,3,Central,216,761,3.9272727272727272,13.836363636363636
https://www.redfin.com/MO/Saint-Louis/1611-Missouri-Ave-63104/home/93700584,4,Central,349,1016,6.017241379310345,17.517241379310345
https://www.redfin.com/MO/Saint-Louis/11-Washington-Ter-63112/home/93766103,3,Central,216,761,3.9272727272727272,13.836363636363636
https://www.redfin.com/MO/Saint-Louis/5959-W-Cabanne-Pl-63112/home/93728625,3,Central,216,761,3.9272727272727272,13.836363636363636
https://www.redfin.com/MO/Saint-Louis/15-Thornby-Pl-63112/home/93723567,3,Central,216,761,3.9272727272727272,13.836363636363636
https://www.redfin.com/MO/Saint-Louis/4549-Westminster-Pl-63108/home/93739874,3,Central,216,761,3.9272727272727272,13.836363636363636
https://www.redfin.com/MO/Saint-Louis/4330-W-Pine-Blvd-63108/home/93725149,3,Central,216,761,3.9272727272727272,13.836363636363636
https://www.redfin.com/MO/Saint-Louis/4327-W-Belle-Pl-63108/home/93740086,3,Central,216,761,3.9272727272727272,13.836363636363636
https://www.redfin.com/MO/Saint-Louis/3635-S-Compton-Ave-63118/home/62773758,1,South,197,781,3.7884615384615383,15.019230769230768
https://www.redfin.com/MO/Saint-Louis/3522-Arsenal-St-63118/home/62694250,3,Central,216,761,3.9272727272727272,13.836363636363636
https://www.redfin.com/MO/Saint-Louis/5715-Chippewa-St-63109/home/93780996,1,South,197,781,3.7884615384615383,15.019230769230768
https://www.redfin.com/MO/Saint-Louis/3810-Botanical-Ave-63110/home/93699823,3,Central,216,761,3.9272727272727272,13.836363636363636
https://www.redfin.com/MO/Saint-Louis/3029-Saint-Vincent-Ave-63104/home/103204941,4,Central,349,1016,6.017241379310345,17.517241379310345
https://www.redfin.com/MO/Saint-Louis/4468-Maryland-Ave-63108/home/93724880,3,Central,216,761,3.9272727272727272,13.836363636363636
https://www.redfin.com/MO/Saint-Louis/5076-Westminster-Pl-63108/home/93746017,3,Central,216,761,3.9272727272727272,13.836363636363636
https://www.redfin.com/MO/Saint-Louis/2331-Albion-Pl-63104/home/93700534,4,Central,349,1016,6.017241379310345,17.517241379310345
https://www.redfin.com/MO/Saint-Louis/5519-Bartmer-Ave-63112/home/93722354,3,Central,216,761,3.9272727272727272,13.836363636363636
https://www.redfin.com/MO/Saint-Louis/6145-Lindell-Blvd-63112/home/93763512,3,Central,216,761,3.9272727272727272,13.836363636363636
https://www.redfin.com/MO/Saint-Louis/4220-Botanical-Ave-63110/home/78372176,3,Central,216,761,3.9272727272727272,13.836363636363636
https://www.redfin.com/MO/Saint-Louis/2822-Victor-St-63104/home/93699935,4,Central,349,1016,6.017241379310345,17.517241379310345
https://www.redfin.com/MO/Saint-Louis/5103-Waterman-Blvd-63108/home/93745953,3,Central,216,761,3.9272727272727272,13.836363636363636
https://www.redfin.com/MO/Saint-Louis/2107-Park-Ave-63104/home/93701253,4,Central,349,1016,6.017241379310345,17.517241379310345
https://www.redfin.com/MO/Saint-Louis/3630-Flad-Ave-63110/home/93700186,3,Central,216,761,3.9272727272727272,13.836363636363636
https://www.redfin.com/MO/Saint-Louis/2112-S-11th-St-63104/home/62775653,4,Central,349,1016,6.017241379310345,17.517241379310345
https://www.redfin.com/MO/Saint-Louis/5225-Lindell-Blvd-63108/home/93745428,3,Central,216,761,3.9272727272727272,13.836363636363636
https://www.redfin.com/MO/Saint-Louis/4251-Connecticut-St-63116/home/93729851,3,Central,216,761,3.9272727272727272,13.836363636363636
https://www.redfin.com/MO/Saint-Louis/3964-Arsenal-St-63116/home/93749655,3,Central,216,761,3.9272727272727272,13.836363636363636
https://www.redfin.com/MO/Saint-Louis/5277-Lindell-Blvd-63108/home/93745464,3,Central,216,761,3.9272727272727272,13.836363636363636
https://www.redfin.com/MO/Saint-Louis/5501-Cates-Ave-63112/home/143291150,3,Central,216,761,3.9272727272727272,13.836363636363636
https://www.redfin.com/MO/Saint-Louis/2241-Hickory-St-63104/home/181866125,4,Central,349,1016,6.017241379310345,17.517241379310345
https://www.redfin.com/MO/Saint-Louis/2305-Saint-Louis-Ave-63106/home/62766774,4,Central,349,1016,6.017241379310345,17.517241379310345
https://www.redfin.com/MO/Saint-Louis/8-Hortense-Pl-63108/home/93724401,3,Central,216,761,3.9272727272727272,13.836363636363636
https://www.redfin.com/MO/Saint-Louis/4101-W-Pine-Blvd-63108/unit-4/home/169424934,3,Central,216,761,3.9272727272727272,13.836363636363636
https://www.redfin.com/MO/Saint-Louis/3023-Bailey-Ave-63107/home/93698431,4,Central,349,1016,6.017241379310345,17.517241379310345
https://www.redfin.com/MO/Saint-Louis/4506-Pershing-Pl-63108/home/93724627,3,Central,216,761,3.9272727272727272,13.836363636363636
https://www.redfin.com/MO/Saint-Louis/3801-Hartford-St-63116/home/93728270,3,Central,216,761,3.9272727272727272,13.836363636363636
https://www.redfin.com/MO/Saint-Louis/1000-Russell-Blvd-63104/home/93686257,4,Central,349,1016,6.017241379310345,17.517241379310345
https://www.redfin.com/MO/Saint-Louis/4552-Westminster-Pl-63108/home/93739869,3,Central,216,761,3.9272727272727272,13.836363636363636
https://www.redfin.com/MO/Saint-Louis/11-Lenox-Pl-63108/home/93754474,3,Central,216,761,3.9272727272727272,13.836363636363636
https://www.redfin.com/MO/Saint-Louis/3-Beverly-Pl-63112/home/93753998,3,Central,216,761,3.9272727272727272,13.836363636363636
https://www.redfin.com/MO/Saint-Louis/6966-Sutherland-Ave-63109/home/93774076,1,South,197,781,3.7884615384615383,15.019230769230768
https://www.redfin.com/MO/Saint-Louis/46-Kingsbury-Pl-63112/home/62768129,3,Central,216,761,3.9272727272727272,13.836363636363636
https://www.redfin.com/MO/Saint-Louis/5280-Westminster-Pl-63108/home/93745880,3,Central,216,761,3.9272727272727272,13.836363636363636
https://www.redfin.com/MO/Saint-Louis/1833-S-8th-St-63104/home/93685148,4,Central,349,1016,6.017241379310345,17.517241379310345
https://www.redfin.com/MO/Saint-Louis/1401-Missouri-Ave-63104/home/93700547,4,Central,349,1016,6.017241379310345,17.517241379310345
https://www.redfin.com/MO/Saint-Louis/4350-McPherson-Ave-63108/home/93725552,3,Central,216,761,3.9272727272727272,13.836363636363636
https://www.redfin.com/MO/Saint-Louis/1424-Mississippi-Ave-63104/home/93697505,4,Central,349,1016,6.017241379310345,17.517241379310345
https://www.redfin.com/MO/Saint-Louis/4616-McPherson-Ave-63108/home/65207091,3,Central,216,761,3.9272727272727272,13.836363636363636
https://www.redfin.com/MO/Saint-Louis/3614-California-Ave-63118/home/93696248,1,South,197,781,3.7884615384615383,15.019230769230768
https://www.redfin.com/MO/Saint-Louis/4318-Laclede-Ave-63108/home/93725206,3,Central,216,761,3.9272727272727272,13.836363636363636
https://www.redfin.com/MO/Saint-Louis/3801-Utah-Pl-63116/home/93682376,1,South,197,781,3.7884615384615383,15.019230769230768
https://www.redfin.com/MO/St-Louis/3209-Shenandoah-Ave-63104/home/198866717,3,Central,216,761,3.9272727272727272,13.836363636363636
https://www.redfin.com/MO/Saint-Louis/4254-Arsenal-St-63116/home/93750753,3,Central,216,761,3.9272727272727272,13.836363636363636
https://www.redfin.com/MO/Saint-Louis/2712-S-Compton-Ave-63118/home/93692010,3,Central,216,761,3.9272727272727272,13.836363636363636
https://www.redfin.com/MO/Saint-Louis/5105-Cabanne-Ave-63113/home/93752273,3,Central,216,761,3.9272727272727272,13.836363636363636
https://www.redfin.com/MO/Saint-Louis/2319-Whittemore-Pl-63104/home/93700522,4,Central,349,1016,6.017241379310345,17.517241379310345
https://www.redfin.com/MO/Saint-Louis/2625-Ohio-Ave-63118/home/178428436,4,Central,349,1016,6.017241379310345,17.517241379310345
https://www.redfin.com/MO/Saint-Louis/5245-Washington-Pl-63108/home/93749456,3,Central,216,761,3.9272727272727272,13.836363636363636
https://www.redfin.com/MO/Saint-Louis/3524-Victor-St-63104/home/93692412,3,Central,216,761,3.9272727272727272,13.836363636363636
https://www.redfin.com/MO/Saint-Louis/2317-Park-Ave-63104/home/93701057,4,Central,349,1016,6.017241379310345,17.517241379310345
https://www.redfin.com/MO/St-Louis/2147-College-Ave-63107/home/194354353,4,Central,349,1016,6.017241379310345,17.517241379310345
https://www.redfin.com/MO/Saint-Louis/4467-McPherson-Ave-63108/home/93740227,3,Central,216,761,3.9272727272727272,13.836363636363636
https://www.redfin.com/MO/Saint-Louis/30-Portland-Pl-63108/home/93745960,3,Central,216,761,3.9272727272727272,13.836363636363636
https://www.redfin.com/MO/Saint-Louis/32-Washington-Ter-63112/home/93763739,3,Central,216,761,3.9272727272727272,13.836363636363636
https://www.redfin.com/MO/Saint-Louis/2912-Iowa-Ave-63118/home/143288513,4,Central,349,1016,6.017241379310345,17.517241379310345
https://www.redfin.com/MO/Saint-Louis/4448-Maryland-Ave-63108/home/62754057,3,Central,216,761,3.9272727272727272,13.836363636363636
https://www.redfin.com/MO/Saint-Louis/3536-Victor-St-63104/home/93692413,3,Central,216,761,3.9272727272727272,13.836363636363636
https://www.redfin.com/MO/Saint-Louis/3859-Flora-Pl-63110/home/109920094,3,Central,216,761,3.9272727272727272,13.836363636363636
https://www.redfin.com/MO/Saint-Louis/4312-Washington-Blvd-63108/home/93683779,3,Central,216,761,3.9272727272727272,13.836363636363636
https://www.redfin.com/MO/Saint-Louis/5231-Westminster-Pl-63108/home/62725318,3,Central,216,761,3.9272727272727272,13.836363636363636
https://www.redfin.com/MO/Saint-Louis/5901-Highfield-Rd-63109/home/93782887,1,South,197,781,3.7884615384615383,15.019230769230768
https://www.redfin.com/MO/Saint-Louis/3634-Flad-Ave-63110/home/93700189,3,Central,216,761,3.9272727272727272,13.836363636363636
https://www.redfin.com/MO/Saint-Louis/4167-Enright-Ave-63108/home/93745176,3,Central,216,761,3.9272727272727272,13.836363636363636
https://www.redfin.com/MO/Saint-Louis/2118-Lafayette-Ave-63104/home/62739077,4,Central,349,1016,6.017241379310345,17.517241379310345
https://www.redfin.com/MO/Saint-Louis/4550-Pershing-Pl-63108/home/93724616,3,Central,216,761,3.9272727272727272,13.836363636363636
https://www.redfin.com/MO/Saint-Louis/2656-January-Ave-63139/home/84307902,3,Central,216,761,3.9272727272727272,13.836363636363636
https://www.redfin.com/MO/Saint-Louis/3846-Flad-Ave-63110/home/93700319,3,Central,216,761,3.9272727272727272,13.836363636363636
https://www.redfin.com/MO/Saint-Louis/4137-McDonald-Ave-63116/home/93728835,1,South,197,781,3.7884615384615383,15.019230769230768
https://www.redfin.com/MO/St-Louis/4101-W-Pine-Blvd-63108/unit-1-Benton/home/167145579,3,Central,216,761,3.9272727272727272,13.836363636363636
https://www.redfin.com/MO/St-Louis/215-N-Sarah-St-63108/unit-10-Monet/home/184905662,3,Central,216,761,3.9272727272727272,13.836363636363636
https://www.redfin.com/MO/Saint-Louis/53-Westmoreland-Pl-63108/home/93745453,3,Central,216,761,3.9272727272727272,13.836363636363636
https://www.redfin.com/MO/Saint-Louis/2404-S-11th-St-63104/home/93686741,4,Central,349,1016,6.017241379310345,17.517241379310345
https://www.redfin.com/MO/St-Louis/1027-Lami-St-63104/home/195978952,4,Central,349,1016,6.017241379310345,17.517241379310345
https://www.redfin.com/MO/Saint-Louis/5847-Holly-Hills-Ave-63109/home/93777677,1,South,197,781,3.7884615384615383,15.019230769230768
https://www.redfin.com/MO/Saint-Louis/1010-Russell-Blvd-63104/home/93686253,4,Central,349,1016,6.017241379310345,17.517241379310345
https://www.redfin.com/MO/Saint-Louis/2819-Lafayette-Ave-63104/home/93700511,4,Central,349,1016,6.017241379310345,17.517241379310345
https://www.redfin.com/MO/Saint-Louis/4050-Shreve-Ave-63115/home/93733577,3,Central,216,761,3.9272727272727272,13.836363636363636
https://www.redfin.com/MO/Saint-Louis/4009-Burgen-Ave-63116/home/93771883,1,South,197,781,3.7884615384615383,15.019230769230768
https://www.redfin.com/MO/Saint-Louis/5307-Shaw-Ave-63110/home/93726501,3,Central,216,761,3.9272727272727272,13.836363636363636
https://www.redfin.com/MO/Saint-Louis/4365-Forest-Park-Ave-63108/home/62735044,3,Central,216,761,3.9272727272727272,13.836363636363636
https://www.redfin.com/MO/Saint-Louis/1010-Allen-Ave-63104/home/169424102,4,Central,349,1016,6.017241379310345,17.517241379310345
https://www.redfin.com/MO/Saint-Louis/3137-Parc-Ridge-Ln-63139/home/93674343,3,Central,216,761,3.9272727272727272,13.836363636363636
https://www.redfin.com/MO/Saint-Louis/2848-McNair-Ave-63118/home/93691569,4,Central,349,1016,6.017241379310345,17.517241379310345
https://www.redfin.com/MO/Saint-Louis/3507-McKean-Ave-63118/home/93693020,1,South,197,781,3.7884615384615383,15.019230769230768
https://www.redfin.com/MO/Saint-Louis/5099-Waterman-Blvd-63108/home/93745954,3,Central,216,761,3.9272727272727272,13.836363636363636
https://www.redfin.com/MO/Saint-Louis/8-Lewis-Pl-63113/home/62716012,3,Central,216,761,3.9272727272727272,13.836363636363636
https://www.redfin.com/MO/Saint-Louis/2342-Albion-Pl-63104/home/70078076,4,Central,349,1016,6.017241379310345,17.517241379310345
https://www.redfin.com/MO/Saint-Louis/1723-Waverly-Pl-63104/home/93690358,4,Central,349,1016,6.017241379310345,17.517241379310345
https://www.redfin.com/MO/Saint-Louis/2613-S-11th-St-63118/home/93686370,4,Central,349,1016,6.017241379310345,17.517241379310345
https://www.redfin.com/MO/Saint-Louis/2714-S-Jefferson-Ave-63118/home/93697448,4,Central,349,1016,6.017241379310345,17.517241379310345
https://www.redfin.com/MO/Saint-Louis/5156-Maple-Ave-63113/home/93752434,3,Central,216,761,3.9272727272727272,13.836363636363636
https://www.redfin.com/MO/Saint-Louis/210-Woodbourne-Dr-63105/home/93771918,3,Central,216,761,3.9272727272727272,13.836363636363636
https://www.redfin.com/MO/Saint-Louis/6025-Lindell-Blvd-63112/home/93763504,3,Central,216,761,3.9272727272727272,13.836363636363636
https://www.redfin.com/MO/Saint-Louis/3501-Victor-St-63104/home/62702344,3,Central,216,761,3.9272727272727272,13.836363636363636
https://www.redfin.com/MO/Saint-Louis/3904-Botanical-Ave-63110/home/62693530,3,Central,216,761,3.9272727272727272,13.836363636363636
https://www.redfin.com/MO/Saint-Louis/3802-Olive-St-63108/unit-12/home/176875148,3,Central,216,761,3.9272727272727272,13.836363636363636
https://www.redfin.com/MO/Saint-Louis/8460-Lowell-St-63147/home/93776011,6,North,310,717,6.739130434782608,15.58695652173913
https://www.redfin.com/MO/Saint-Louis/5335-Botanical-Ave-63110/home/93768175,3,Central,216,761,3.9272727272727272,13.836363636363636
https://www.redfin.com/MO/Saint-Louis/6141-McPherson-Ave-63112/home/93760398,3,Central,216,761,3.9272727272727272,13.836363636363636
https://www.redfin.com/MO/Saint-Louis/2703-Keokuk-St-63118/home/93696285,2,South,118,726,2.681818181818182,16.5
https://www.redfin.com/MO/Saint-Louis/2704-Utah-St-63118/home/93693846,2,South,118,726,2.681818181818182,16.5
https://www.redfin.com/MO/Saint-Louis/3448-Longfellow-Blvd-63104/home/93748649,3,Central,216,761,3.9272727272727272,13.836363636363636
https://www.redfin.com/MO/Saint-Louis/4668-Pershing-Pl-63108/home/93724629,3,Central,216,761,3.9272727272727272,13.836363636363636
https://www.redfin.com/MO/Saint-Louis/1216-S-Boyle-Ave-63110/home/93726645,3,Central,216,761,3.9272727272727272,13.836363636363636
https://www.redfin.com/MO/Saint-Louis/3809-Cleveland-Ave-63110/home/93700310,3,Central,216,761,3.9272727272727272,13.836363636363636
https://www.redfin.com/MO/Saint-Louis/22-Benton-Pl-63104/home/93701242,4,Central,349,1016,6.017241379310345,17.517241379310345
https://www.redfin.com/MO/Saint-Louis/3670-Flora-Pl-63110/home/93700277,3,Central,216,761,3.9272727272727272,13.836363636363636
https://www.redfin.com/MO/Saint-Louis/4416-Westminster-Pl-63108/home/93740238,3,Central,216,761,3.9272727272727272,13.836363636363636
https://www.redfin.com/MO/Saint-Louis/919-S-Skinker-Blvd-63105/home/93787385,3,Central,216,761,3.9272727272727272,13.836363636363636
https://www.redfin.com/MO/Saint-Louis/4660-Pershing-Pl-63108/home/62716690,3,Central,216,761,3.9272727272727272,13.836363636363636
https://www.redfin.com/MO/Saint-Louis/3217-Lafayette-Ave-63104/unit-3217/home/62745668,3,Central,216,761,3.9272727272727272,13.836363636363636
https://www.redfin.com/MO/Saint-Louis/3530-Magnolia-Ave-63118/home/93692362,3,Central,216,761,3.9272727272727272,13.836363636363636
https://www.redfin.com/MO/St-Louis/4101-W-Pine-Blvd-63108/unit-3-Picasso/home/167145581,3,Central,216,761,3.9272727272727272,13.836363636363636
https://www.redfin.com/MO/Saint-Louis/3306-S-9th-St-63118/home/109007348,2,South,118,726,2.681818181818182,16.5
https://www.redfin.com/MO/Saint-Louis/4925-Pershing-Pl-63108/home/93724384,3,Central,216,761,3.9272727272727272,13.836363636363636
https://www.redfin.com/MO/Saint-Louis/805-Allen-Ave-63104/home/93685716,4,Central,349,1016,6.017241379310345,17.517241379310345
https://www.redfin.com/MO/Saint-Louis/2336-Macklind-Ave-63110/home/93768176,3,Central,216,761,3.9272727272727272,13.836363636363636
https://www.redfin.com/MO/Saint-Louis/2910-Milton-Blvd-63104/home/93691197,4,Central,349,1016,6.017241379310345,17.517241379310345
https://www.redfin.com/MO/Saint-Louis/4246-Cleveland-Ave-63110/home/93746803,3,Central,216,761,3.9272727272727272,13.836363636363636
https://www.redfin.com/MO/Saint-Louis/4136-W-Pine-Blvd-63108/home/93725498,3,Central,216,761,3.9272727272727272,13.836363636363636
https://www.redfin.com/MO/Saint-Louis/2012-Saint-Louis-Ave-63106/home/93688191,4,Central,349,1016,6.017241379310345,17.517241379310345
https://www.redfin.com/MO/Saint-Louis/4349-Washington-Blvd-63108/home/103203274,3,Central,216,761,3.9272727272727272,13.836363636363636
https://www.redfin.com/MO/Saint-Louis/6317-Mardel-Ave-63109/home/62721277,1,South,197,781,3.7884615384615383,15.019230769230768
https://www.redfin.com/MO/Saint-Louis/4363-McPherson-Ave-63108/home/93740332,3,Central,216,761,3.9272727272727272,13.836363636363636
https://www.redfin.com/MO/Saint-Louis/1-Lenox-Pl-63108/home/93754478,3,Central,216,761,3.9272727272727272,13.836363636363636
https://www.redfin.com/MO/Saint-Louis/1202-Sidney-St-63104/home/62757286,4,Central,349,1016,6.017241379310345,17.517241379310345
https://www.redfin.com/MO/Saint-Louis/3235-S-Jefferson-Ave-63118/home/93694229,2,South,118,726,2.681818181818182,16.5
https://www.redfin.com/MO/Saint-Louis/6142-Kingsbury-Ave-63112/home/93760370,3,Central,216,761,3.9272727272727272,13.836363636363636
https://www.redfin.com/MO/Saint-Louis/6151-Westminster-Pl-63112/home/93760453,3,Central,216,761,3.9272727272727272,13.836363636363636
https://www.redfin.com/MO/Saint-Louis/1727-Lafayette-Ave-63104/home/161387920,4,Central,349,1016,6.017241379310345,17.517241379310345
https://www.redfin.com/MO/Saint-Louis/4013-Castleman-Ave-63110/home/93747130,3,Central,216,761,3.9272727272727272,13.836363636363636
https://www.redfin.com/MO/Saint-Louis/3830-Olive-St-63108/home/176875144,3,Central,216,761,3.9272727272727272,13.836363636363636
https://www.redfin.com/MO/Saint-Louis/3407-Hartford-St-63118/home/93692818,3,Central,216,761,3.9272727272727272,13.836363636363636
https://www.redfin.com/MO/Saint-Louis/3500-Humphrey-St-63118/home/93693329,1,South,197,781,3.7884615384615383,15.019230769230768
https://www.redfin.com/MO/Saint-Louis/3500-Halliday-Ave-63118/home/93692424,3,Central,216,761,3.9272727272727272,13.836363636363636
https://www.redfin.com/MO/Saint-Louis/6364-Murdoch-Ave-63109/home/93780200,1,South,197,781,3.7884615384615383,15.019230769230768
https://www.redfin.com/MO/Saint-Louis/121-W-Steins-St-63111/home/103203734,1,South,197,781,3.7884615384615383,15.019230769230768
https://www.redfin.com/MO/Saint-Louis/6377-Murdoch-Ave-63109/home/93780202,1,South,197,781,3.7884615384615383,15.019230769230768
https://www.redfin.com/MO/Saint-Louis/3145-Hawthorne-Blvd-63104/home/93691043,3,Central,216,761,3.9272727272727272,13.836363636363636
https://www.redfin.com/MO/Saint-Louis/14-Aberdeen-Pl-63105/home/93766508,3,Central,216,761,3.9272727272727272,13.836363636363636
https://www.redfin.com/MO/Saint-Louis/3854-Shenandoah-Ave-63110/home/143286604,3,Central,216,761,3.9272727272727272,13.836363636363636
https://www.redfin.com/MO/Saint-Louis/6-Arundel-Pl-63105/home/93769341,3,Central,216,761,3.9272727272727272,13.836363636363636
https://www.redfin.com/MO/Saint-Louis/4270-Delmar-Blvd-63108/home/103203752,3,Central,216,761,3.9272727272727272,13.836363636363636
https://www.redfin.com/MO/Saint-Louis/1224-S-9th-St-63104/home/93685451,4,Central,349,1016,6.017241379310345,17.517241379310345
https://www.redfin.com/MO/Saint-Louis/2115-Arsenal-St-63118/home/93699049,2,South,118,726,2.681818181818182,16.5
https://www.redfin.com/MO/Saint-Louis/3125-Russell-Blvd-63104/home/93690016,3,Central,216,761,3.9272727272727272,13.836363636363636
https://www.redfin.com/MO/Saint-Louis/3710-Utah-Pl-63116/home/93699899,1,South,197,781,3.7884615384615383,15.019230769230768
https://www.redfin.com/MO/Saint-Louis/2326-Albion-Pl-63104/home/70101019,4,Central,349,1016,6.017241379310345,17.517241379310345
https://www.redfin.com/MO/Saint-Louis/5492-Pernod-Ave-63139/home/80168569,1,South,197,781,3.7884615384615383,15.019230769230768
https://www.redfin.com/MO/Saint-Louis/4617-Westminster-Pl-63108/home/93739880,3,Central,216,761,3.9272727272727272,13.836363636363636
https://www.redfin.com/MO/Saint-Louis/6154-Kingsbury-Ave-63112/home/66186996,3,Central,216,761,3.9272727272727272,13.836363636363636
https://www.redfin.com/MO/Saint-Louis/5715-Walsh-St-63109/home/93768210,1,South,197,781,3.7884615384615383,15.019230769230768
https://www.redfin.com/MO/Saint-Louis/2628-Lafayette-Ave-63104/home/109314191,4,Central,349,1016,6.017241379310345,17.517241379310345
https://www.redfin.com/MO/Saint-Louis/2037-Geyer-Ave-63104/home/93690315,4,Central,349,1016,6.017241379310345,17.517241379310345
https://www.redfin.com/MO/Saint-Louis/4101-W-Pine-Blvd-63108/unit-5/home/188992885,3,Central,216,761,3.9272727272727272,13.836363636363636
https://www.redfin.com/MO/Saint-Louis/5072-Cates-Ave-63108/home/85688089,3,Central,216,761,3.9272727272727272,13.836363636363636
https://www.redfin.com/MO/Saint-Louis/3451-Halliday-Ave-63118/home/93692530,3,Central,216,761,3.9272727272727272,13.836363636363636
https://www.redfin.com/MO/Saint-Louis/3656-Russell-Blvd-63110/unit-B/home/93680520,3,Central,216,761,3.9272727272727272,13.836363636363636
https://www.redfin.com/MO/Saint-Louis/1-Arundel-Pl-63105/home/93766512,3,Central,216,761,3.9272727272727272,13.836363636363636
https://www.redfin.com/MO/Saint-Louis/5893-Nina-Pl-63112/home/62721241,3,Central,216,761,3.9272727272727272,13.836363636363636
https://www.redfin.com/MO/Saint-Louis/4352-Westminster-Pl-63108/home/93740318,3,Central,216,761,3.9272727272727272,13.836363636363636
https://www.redfin.com/MO/Saint-Louis/3522-Crittenden-St-63118/home/93692725,3,Central,216,761,3.9272727272727272,13.836363636363636
https://www.redfin.com/MO/Saint-Louis/1317-Shenandoah-Ave-63104/home/93686294,4,Central,349,1016,6.017241379310345,17.517241379310345
https://www.redfin.com/MO/Saint-Louis/4263-Maryland-Ave-63108/home/109925963,3,Central,216,761,3.9272727272727272,13.836363636363636
https://www.redfin.com/MO/Saint-Louis/6075-W-Cabanne-Pl-63112/home/93746082,3,Central,216,761,3.9272727272727272,13.836363636363636
https://www.redfin.com/MO/Saint-Louis/2224-S-11th-St-63104/home/93686396,4,Central,349,1016,6.017241379310345,17.517241379310345
https://www.redfin.com/MO/Saint-Louis/2819-S-Kingshighway-Blvd-63139/home/93727935,3,Central,216,761,3.9272727272727272,13.836363636363636
https://www.redfin.com/MO/Saint-Louis/7406-Virginia-Ave-63111/home/93710763,1,South,197,781,3.7884615384615383,15.019230769230768
https://www.redfin.com/MO/Saint-Louis/5112-Cabanne-Ave-63113/home/93744797,3,Central,216,761,3.9272727272727272,13.836363636363636
https://www.redfin.com/MO/Saint-Louis/6240-McPherson-Ave-63130/home/93760188,3,Central,216,761,3.9272727272727272,13.836363636363636
https://www.redfin.com/MO/Saint-Louis/5872-Cabanne-Ave-63112/home/93723926,3,Central,216,761,3.9272727272727272,13.836363636363636
https://www.redfin.com/MO/Saint-Louis/6202-Westminster-Pl-63130/home/93760179,3,Central,216,761,3.9272727272727272,13.836363636363636
https://www.redfin.com/MO/Saint-Louis/4483-Laclede-Ave-63108/home/93725038,3,Central,216,761,3.9272727272727272,13.836363636363636
https://www.redfin.com/MO/Saint-Louis/2918-Accomac-St-63104/home/93691012,4,Central,349,1016,6.017241379310345,17.517241379310345
https://www.redfin.com/MO/Saint-Louis/4469-Westminster-Pl-63108/home/62742627,3,Central,216,761,3.9272727272727272,13.836363636363636
https://www.redfin.com/MO/Saint-Louis/4618-Maryland-Ave-63108/home/93724575,3,Central,216,761,3.9272727272727272,13.836363636363636
https://www.redfin.com/MO/Saint-Louis/4257-McPherson-Ave-63108/home/93725679,3,Central,216,761,3.9272727272727272,13.836363636363636
https://www.redfin.com/MO/Saint-Louis/4731-Westminster-Pl-63108/home/173619560,3,Central,216,761,3.9272727272727272,13.836363636363636
https://www.redfin.com/MO/Saint-Louis/4918-Tamm-Ave-63109/home/93780327,1,South,197,781,3.7884615384615383,15.019230769230768
https://www.redfin.com/MO/Saint-Louis/6002-W-Cabanne-Pl-63112/home/93739649,3,Central,216,761,3.9272727272727272,13.836363636363636
https://www.redfin.com/MO/Saint-Louis/4222-Hartford-St-63116/home/93749851,3,Central,216,761,3.9272727272727272,13.836363636363636
https://www.redfin.com/MO/Saint-Louis/6234-Pershing-Ave-63130/home/93760148,3,Central,216,761,3.9272727272727272,13.836363636363636
https://www.redfin.com/MO/Saint-Louis/6142-Westminster-Pl-63112/home/93760333,3,Central,216,761,3.9272727272727272,13.836363636363636
https://www.redfin.com/MO/Saint-Louis/6515-Odell-St-63139/home/93743834,3,Central,216,761,3.9272727272727272,13.836363636363636
https://www.redfin.com/MO/Saint-Louis/4373-McPherson-Ave-63108/home/93740336,3,Central,216,761,3.9272727272727272,13.836363636363636
https://www.redfin.com/MO/Saint-Louis/4534-Pershing-Pl-63108/home/93724621,3,Central,216,761,3.9272727272727272,13.836363636363636
https://www.redfin.com/MO/Saint-Louis/3407-Giles-Ave-63116/home/93730338,1,South,197,781,3.7884615384615383,15.019230769230768
https://www.redfin.com/MO/Saint-Louis/5605-Chamberlain-Ave-63112/home/93681462,3,Central,216,761,3.9272727272727272,13.836363636363636
https://www.redfin.com/MO/Saint-Louis/5089-Westminster-Pl-63108/home/93749498,3,Central,216,761,3.9272727272727272,13.836363636363636
https://www.redfin.com/MO/Saint-Louis/6643-Villa-Ave-63139/home/93750136,3,Central,216,761,3.9272727272727272,13.836363636363636
https://www.redfin.com/MO/Saint-Louis/6424-Southland-Ave-63109/home/93774316,1,South,197,781,3.7884615384615383,15.019230769230768
https://www.redfin.com/MO/Saint-Louis/1835-Lafayette-Ave-63104/home/93697465,4,Central,349,1016,6.017241379310345,17.517241379310345
https://www.redfin.com/MO/Saint-Louis/4617-Maryland-Ave-63108/home/93672243,3,Central,216,761,3.9272727272727272,13.836363636363636
https://www.redfin.com/MO/Saint-Louis/2713-Utah-St-63118/home/93694189,2,South,118,726,2.681818181818182,16.5
https://www.redfin.com/MO/Saint-Louis/3716-Arsenal-St-63116/home/93699835,3,Central,216,761,3.9272727272727272,13.836363636363636
https://www.redfin.com/MO/Saint-Louis/6229-San-Bonita-Ave-63105/home/62724448,3,Central,216,761,3.9272727272727272,13.836363636363636
https://www.redfin.com/MO/Saint-Louis/2017-Allen-Ave-63104/home/109919979,4,Central,349,1016,6.017241379310345,17.517241379310345
https://www.redfin.com/MO/Saint-Louis/4622-Tower-Grove-Pl-63110/home/62757152,3,Central,216,761,3.9272727272727272,13.836363636363636
https://www.redfin.com/MO/Saint-Louis/2810-Park-Ave-63104/home/93682320,4,Central,349,1016,6.017241379310345,17.517241379310345
https://www.redfin.com/MO/Saint-Louis/3953-Lafayette-Ave-63110/home/103204037,3,Central,216,761,3.9272727272727272,13.836363636363636
https://www.redfin.com/MO/Saint-Louis/4410-Louisiana-Ave-63111/home/93706036,1,South,197,781,3.7884615384615383,15.019230769230768
https://www.redfin.com/MO/Saint-Louis/605-Fassen-St-63111/home/93708324,1,South,197,781,3.7884615384615383,15.019230769230768
https://www.redfin.com/MO/Saint-Louis/5357-Lindell-Blvd-63112/home/93723615,3,Central,216,761,3.9272727272727272,13.836363636363636
https://www.redfin.com/MO/Saint-Louis/40-Waterman-Pl-63112/home/93724354,3,Central,216,761,3.9272727272727272,13.836363636363636
https://www.redfin.com/MO/Saint-Louis/2705-Lemp-Ave-63118/home/93697303,4,Central,349,1016,6.017241379310345,17.517241379310345
https://www.redfin.com/MO/Saint-Louis/1926-Withnell-Ave-63118/home/93693991,2,South,118,726,2.681818181818182,16.5
https://www.redfin.com/MO/Saint-Louis/4210-Wyoming-St-63116/home/80167991,3,Central,216,761,3.9272727272727272,13.836363636363636
https://www.redfin.com/MO/Saint-Louis/4012-Hartford-St-63116/home/93749776,3,Central,216,761,3.9272727272727272,13.836363636363636
https://www.redfin.com/MO/Saint-Louis/3814-Fairview-Ave-63116/home/93730411,1,South,197,781,3.7884615384615383,15.019230769230768
https://www.redfin.com/MO/Saint-Louis/3402-Longfellow-Blvd-63104/home/93748658,3,Central,216,761,3.9272727272727272,13.836363636363636
https://www.redfin.com/MO/Saint-Louis/2805-Russell-Blvd-63104/home/93671782,4,Central,349,1016,6.017241379310345,17.517241379310345
https://www.redfin.com/MO/Saint-Louis/4040-Hartford-St-63116/home/62688221,3,Central,216,761,3.9272727272727272,13.836363636363636
https://www.redfin.com/MO/Saint-Louis/1040-Lami-St-63104/home/93686072,4,Central,349,1016,6.017241379310345,17.517241379310345
https://www.redfin.com/MO/University-City/6208-Washington-Ave-63130/home/93760194,3,Central,216,761,3.9272727272727272,13.836363636363636
https://www.redfin.com/MO/Saint-Louis/6405-Hancock-Ave-63139/home/93743262,3,Central,216,761,3.9272727272727272,13.836363636363636
https://www.redfin.com/MO/Saint-Louis/3147-Garden-Hill-Ln-63139/home/93674318,3,Central,216,761,3.9272727272727272,13.836363636363636
https://www.redfin.com/MO/Saint-Louis/1415-S-Cardinal-Ave-63104/home/103202863,4,Central,349,1016,6.017241379310345,17.517241379310345
https://www.redfin.com/MO/Saint-Louis/4504-Pershing-Pl-63108/home/93724626,3,Central,216,761,3.9272727272727272,13.836363636363636
https://www.redfin.com/MO/St-Louis/1615-Carroll-St-63104/home/62747707,4,Central,349,1016,6.017241379310345,17.517241379310345
https://www.redfin.com/MO/Saint-Louis/4118-S-Compton-Ave-63118/home/93705255,1,South,197,781,3.7884615384615383,15.019230769230768
https://www.redfin.com/MO/Saint-Louis/2135-S-Jefferson-Ave-63104/home/93690706,4,Central,349,1016,6.017241379310345,17.517241379310345
https://www.redfin.com/MO/Saint-Louis/1919-Pestalozzi-St-63118/home/187272116,2,South,118,726,2.681818181818182,16.5
https://www.redfin.com/MO/Saint-Louis/4626-Maryland-Ave-63108/home/93724533,3,Central,216,761,3.9272727272727272,13.836363636363636
https://www.redfin.com/MO/Saint-Louis/1045-S-Taylor-Ave-63110/home/93749265,3,Central,216,761,3.9272727272727272,13.836363636363636
https://www.redfin.com/MO/Saint-Louis/2101-Lynch-St-63118/home/103204412,4,Central,349,1016,6.017241379310345,17.517241379310345
https://www.redfin.com/MO/Saint-Louis/6639-Villa-Ave-63139/home/173620407,3,Central,216,761,3.9272727272727272,13.836363636363636
https://www.redfin.com/MO/Saint-Louis/711-Geyer-Ave-63104/home/62758507,4,Central,349,1016,6.017241379310345,17.517241379310345
https://www.redfin.com/MO/Saint-Louis/5900-W-Cabanne-Pl-63112/home/169426501,3,Central,216,761,3.9272727272727272,13.836363636363636
https://www.redfin.com/MO/Saint-Louis/4161-Olive-St-63108/home/103204152,3,Central,216,761,3.9272727272727272,13.836363636363636
https://www.redfin.com/MO/Saint-Louis/7332-Yates-St-63116/home/93784853,1,South,197,781,3.7884615384615383,15.019230769230768
https://www.redfin.com/MO/Saint-Louis/2227-S-11th-St-63104/home/93686398,4,Central,349,1016,6.017241379310345,17.517241379310345
https://www.redfin.com/MO/Saint-Louis/2956-Milton-Blvd-63104/home/93691101,3,Central,216,761,3.9272727272727272,13.836363636363636
https://www.redfin.com/MO/Saint-Louis/6559-Itaska-St-63109/home/93779608,1,South,197,781,3.7884615384615383,15.019230769230768
https://www.redfin.com/MO/Saint-Louis/4211-McPherson-Ave-63108/home/93786186,3,Central,216,761,3.9272727272727272,13.836363636363636
https://www.redfin.com/MO/Saint-Louis/5036-Cabanne-Ave-63113/home/93744622,3,Central,216,761,3.9272727272727272,13.836363636363636
https://www.redfin.com/MO/Saint-Louis/5526-Dugan-Ave-63110/home/93727051,3,Central,216,761,3.9272727272727272,13.836363636363636
https://www.redfin.com/MO/Saint-Louis/6658-Bancroft-Ave-63109/home/62779592,1,South,197,781,3.7884615384615383,15.019230769230768
https://www.redfin.com/MO/Saint-Louis/2138-Nebraska-Ave-63104/home/80260873,4,Central,349,1016,6.017241379310345,17.517241379310345
https://www.redfin.com/MO/Saint-Louis/2209-S-11th-St-63104/home/69753536,4,Central,349,1016,6.017241379310345,17.517241379310345
https://www.redfin.com/MO/Saint-Louis/3219-Iowa-Ave-63118/home/143287833,2,South,118,726,2.681818181818182,16.5
https://www.redfin.com/MO/Saint-Louis/6252-Westminster-Pl-63130/home/93760181,3,Central,216,761,3.9272727272727272,13.836363636363636
https://www.redfin.com/MO/St-Louis/1835-S-9th-St-63104/home/93676007,4,Central,349,1016,6.017241379310345,17.517241379310345
https://www.redfin.com/MO/Saint-Louis/1224-Kraft-St-63139/home/93750262,3,Central,216,761,3.9272727272727272,13.836363636363636
https://www.redfin.com/MO/Saint-Louis/4425-McPherson-Ave-63108/home/93740223,3,Central,216,761,3.9272727272727272,13.836363636363636
https://www.redfin.com/MO/Saint-Louis/3638-Russell-Blvd-63110/home/93747356,3,Central,216,761,3.9272727272727272,13.836363636363636
https://www.redfin.com/MO/Saint-Louis/4732-Westminster-Pl-63108/home/93709310,3,Central,216,761,3.9272727272727272,13.836363636363636
https://www.redfin.com/MO/Saint-Louis/3010-Geyer-Ave-63104/home/69350823,4,Central,349,1016,6.017241379310345,17.517241379310345
https://www.redfin.com/MO/Saint-Louis/3631-Utah-Pl-63116/home/93700110,1,South,197,781,3.7884615384615383,15.019230769230768
https://www.redfin.com/MO/Saint-Louis/6049-Tholozan-Ave-63109/home/93780484,1,South,197,781,3.7884615384615383,15.019230769230768
https://www.redfin.com/MO/Saint-Louis/1034-Geyer-Ave-63104/home/93685668,4,Central,349,1016,6.017241379310345,17.517241379310345
https://www.redfin.com/MO/Saint-Louis/3815-Robert-Ave-63116/home/93679219,1,South,197,781,3.7884615384615383,15.019230769230768
https://www.redfin.com/MO/St-Louis/1919-Geyer-Ave-63104/home/160565074,4,Central,349,1016,6.017241379310345,17.517241379310345
https://www.redfin.com/MO/Saint-Louis/3244-Michigan-Ave-63118/home/62773908,1,South,197,781,3.7884615384615383,15.019230769230768
https://www.redfin.com/MO/Saint-Louis/3624-Cleveland-Ave-63110/home/93700167,3,Central,216,761,3.9272727272727272,13.836363636363636
https://www.redfin.com/MO/Saint-Louis/4208-Delmar-Blvd-63108/home/103203048,3,Central,216,761,3.9272727272727272,13.836363636363636
https://www.redfin.com/MO/Saint-Louis/1226-Dolman-St-63104/home/143286333,4,Central,349,1016,6.017241379310345,17.517241379310345
https://www.redfin.com/MO/Saint-Louis/5882-Delor-St-63109/home/93768886,1,South,197,781,3.7884615384615383,15.019230769230768
https://www.redfin.com/MO/Saint-Louis/1800-S-13th-St-63104/home/93671092,4,Central,349,1016,6.017241379310345,17.517241379310345
https://www.redfin.com/MO/Saint-Louis/3223-Geyer-Ave-63104/home/93689594,3,Central,216,761,3.9272727272727272,13.836363636363636
https://www.redfin.com/MO/Saint-Louis/1552-Fairmount-Ave-63139/home/103203130,3,Central,216,761,3.9272727272727272,13.836363636363636
https://www.redfin.com/MO/Saint-Louis/5733-Waterman-Blvd-63112/home/143294201,3,Central,216,761,3.9272727272727272,13.836363636363636
https://www.redfin.com/MO/Saint-Louis/3834-Flad-Ave-63110/home/68294038,3,Central,216,761,3.9272727272727272,13.836363636363636
https://www.redfin.com/MO/Saint-Louis/5366-Odell-St-63139/home/176875227,3,Central,216,761,3.9272727272727272,13.836363636363636
https://www.redfin.com/MO/Saint-Louis/24-Lewis-Pl-63113/home/93749621,3,Central,216,761,3.9272727272727272,13.836363636363636
https://www.redfin.com/MO/Saint-Louis/5257-Washington-Pl-63108/home/62730993,3,Central,216,761,3.9272727272727272,13.836363636363636
https://www.redfin.com/MO/Saint-Louis/7327-Pennsylvania-Ave-63111/home/62774153,1,South,197,781,3.7884615384615383,15.019230769230768
https://www.redfin.com/MO/Saint-Louis/1906-Wyoming-St-63118/home/62697998,2,South,118,726,2.681818181818182,16.5
https://www.redfin.com/MO/Saint-Louis/2601-Louisiana-Ave-63118/home/62707327,3,Central,216,761,3.9272727272727272,13.836363636363636
https://www.redfin.com/MO/Saint-Louis/1231-Kraft-St-63139/home/93765763,3,Central,216,761,3.9272727272727272,13.836363636363636
https://www.redfin.com/MO/Saint-Louis/4228-Walsh-St-63116/home/93774010,1,South,197,781,3.7884615384615383,15.019230769230768
https://www.redfin.com/MO/Saint-Louis/2018-Geyer-Ave-63104/home/93690492,4,Central,349,1016,6.017241379310345,17.517241379310345
https://www.redfin.com/MO/Saint-Louis/4059-Blaine-Ave-63110/home/143285861,3,Central,216,761,3.9272727272727272,13.836363636363636
https://www.redfin.com/MO/Saint-Louis/3854-Shenandoah-Ave-63110/home/143286603,3,Central,216,761,3.9272727272727272,13.836363636363636
https://www.redfin.com/MO/Saint-Louis/4233-Maryland-Ave-63108/home/93673900,3,Central,216,761,3.9272727272727272,13.836363636363636
https://www.redfin.com/MO/Saint-Louis/3904-Olive-St-63108/home/143285862,3,Central,216,761,3.9272727272727272,13.836363636363636
https://www.redfin.com/MO/Saint-Louis/4417-McPherson-Ave-63108/home/93740240,3,Central,216,761,3.9272727272727272,13.836363636363636
https://www.redfin.com/MO/Saint-Louis/6507-Murdoch-Ave-63109/home/93779546,1,South,197,781,3.7884615384615383,15.019230769230768
https://www.redfin.com/MO/Saint-Louis/215-N-Sarah-St-63108/unit-9/home/181866739,3,Central,216,761,3.9272727272727272,13.836363636363636
https://www.redfin.com/MO/St-Louis/6293-Magnolia-Ave-63139/home/191523885,3,Central,216,761,3.9272727272727272,13.836363636363636
https://www.redfin.com/MO/Saint-Louis/4022-Flora-Pl-63110/home/93746618,3,Central,216,761,3.9272727272727272,13.836363636363636
https://www.redfin.com/MO/Saint-Louis/4166-Westminster-Pl-63108/home/93725349,3,Central,216,761,3.9272727272727272,13.836363636363636
https://www.redfin.com/MO/Saint-Louis/6246-Magnolia-Ave-63139/home/62745929,3,Central,216,761,3.9272727272727272,13.836363636363636
https://www.redfin.com/MO/Saint-Louis/3800-Connecticut-St-63116/home/93728467,3,Central,216,761,3.9272727272727272,13.836363636363636
https://www.redfin.com/MO/University-City/6219-Washington-Ave-63130/home/93760158,3,Central,216,761,3.9272727272727272,13.836363636363636
https://www.redfin.com/MO/Saint-Louis/4177-Shenandoah-Ave-63110/home/93746513,3,Central,216,761,3.9272727272727272,13.836363636363636
https://www.redfin.com/MO/Saint-Louis/5008-Raymond-Ave-63113/home/93752553,3,Central,216,761,3.9272727272727272,13.836363636363636
https://www.redfin.com/MO/Saint-Louis/5244-Westminster-Pl-63108/home/93745889,3,Central,216,761,3.9272727272727272,13.836363636363636
https://www.redfin.com/MO/Saint-Louis/5130-Washington-Pl-63108/home/93749475,3,Central,216,761,3.9272727272727272,13.836363636363636
https://www.redfin.com/MO/Saint-Louis/17-Windermere-Pl-63112/home/93723969,3,Central,216,761,3.9272727272727272,13.836363636363636
https://www.redfin.com/MO/Saint-Louis/5541-Chamberlain-Ave-63112/home/93722443,3,Central,216,761,3.9272727272727272,13.836363636363636
https://www.redfin.com/MO/Saint-Louis/1917-Hebert-St-63107/home/93688586,4,Central,349,1016,6.017241379310345,17.517241379310345
https://www.redfin.com/MO/Saint-Louis/5057-Westminster-Pl-63108/home/93749500,3,Central,216,761,3.9272727272727272,13.836363636363636
https://www.redfin.com/MO/Saint-Louis/3757-Westminster-Pl-63108/home/93726138,3,Central,216,761,3.9272727272727272,13.836363636363636
https://www.redfin.com/MO/Saint-Louis/5209-Cabanne-Ave-63113/home/93752322,3,Central,216,761,3.9272727272727272,13.836363636363636
https://www.redfin.com/MO/Saint-Louis/4405-Westminster-Pl-63108/home/93739936,3,Central,216,761,3.9272727272727272,13.836363636363636
https://www.redfin.com/MO/Saint-Louis/5031-Wells-Ave-63113/home/93720951,3,Central,216,761,3.9272727272727272,13.836363636363636
https://www.redfin.com/MO/Saint-Louis/3628-Castleman-Ave-63110/home/62694408,3,Central,216,761,3.9272727272727272,13.836363636363636
https://www.redfin.com/MO/Saint-Louis/3463-Longfellow-Blvd-63104/home/93691006,3,Central,216,761,3.9272727272727272,13.836363636363636
https://www.redfin.com/MO/Saint-Louis/3137-Longfellow-Blvd-63104/home/93690977,3,Central,216,761,3.9272727272727272,13.836363636363636
https://www.redfin.com/MO/Saint-Louis/2327-S-12th-St-63104/home/93686449,4,Central,349,1016,6.017241379310345,17.517241379310345
https://www.redfin.com/MO/Saint-Louis/1827-S-Compton-Ave-63104/home/93689585,3,Central,216,761,3.9272727272727272,13.836363636363636
https://www.redfin.com/MO/Saint-Louis/5226-Washington-Pl-63108/home/93749449,3,Central,216,761,3.9272727272727272,13.836363636363636
https://www.redfin.com/MO/Saint-Louis/5086-Westminster-Pl-63108/home/93746019,3,Central,216,761,3.9272727272727272,13.836363636363636
https://www.redfin.com/MO/Saint-Louis/8-Beverly-Pl-63112/home/93753987,3,Central,216,761,3.9272727272727272,13.836363636363636
https://www.redfin.com/MO/Saint-Louis/2715-Osage-St-63118/home/93704334,1,South,197,781,3.7884615384615383,15.019230769230768
https://www.redfin.com/MO/Saint-Louis/6155-McPherson-Ave-63112/home/93760384,3,Central,216,761,3.9272727272727272,13.836363636363636
https://www.redfin.com/MO/Saint-Louis/4970-Wabada-Ave-63113/home/93737190,3,Central,216,761,3.9272727272727272,13.836363636363636
https://www.redfin.com/MO/Saint-Louis/6014-W-Cabanne-Pl-63112/home/93739664,3,Central,216,761,3.9272727272727272,13.836363636363636
https://www.redfin.com/MO/Saint-Louis/3215-Hawthorne-Blvd-63104/home/93748588,3,Central,216,761,3.9272727272727272,13.836363636363636
https://www.redfin.com/MO/Saint-Louis/7217-Minnesota-Ave-63111/home/93710397,1,South,197,781,3.7884615384615383,15.019230769230768
https://www.redfin.com/MO/Saint-Louis/5-Lenox-Pl-63108/home/62720102,3,Central,216,761,3.9272727272727272,13.836363636363636
https://www.redfin.com/MO/Saint-Louis/5093-Washington-Pl-63108/home/93749544,3,Central,216,761,3.9272727272727272,13.836363636363636
https://www.redfin.com/MO/Saint-Louis/3604-Loughborough-Ave-63116/home/76779016,1,South,197,781,3.7884615384615383,15.019230769230768
https://www.redfin.com/MO/Saint-Louis/4532-Newberry-Ter-63113/home/93739434,3,Central,216,761,3.9272727272727272,13.836363636363636
https://www.redfin.com/MO/Saint-Louis/5129-Vernon-Ave-63113/home/62699509,3,Central,216,761,3.9272727272727272,13.836363636363636
https://www.redfin.com/MO/Saint-Louis/4009-Labadie-Ave-63107/home/93716364,4,Central,349,1016,6.017241379310345,17.517241379310345
https://www.redfin.com/MO/Saint-Louis/5020-Creighton-Dr-63123/home/93783033,1,South,197,781,3.7884615384615383,15.019230769230768
https://www.redfin.com/MO/Saint-Louis/6221-Nottingham-Ave-63109/home/93780188,1,South,197,781,3.7884615384615383,15.019230769230768
https://www.redfin.com/MO/Saint-Louis/88-Waterman-Pl-63112/home/93724346,3,Central,216,761,3.9272727272727272,13.836363636363636
https://www.redfin.com/MO/Saint-Louis/4438-Enright-Ave-63108/home/93739817,3,Central,216,761,3.9272727272727272,13.836363636363636
https://www.redfin.com/MO/Saint-Louis/44-Kingsbury-Pl-63112/home/93724168,3,Central,216,761,3.9272727272727272,13.836363636363636
https://www.redfin.com/MO/Saint-Louis/7628-Pennsylvania-Ave-63111/home/93710626,1,South,197,781,3.7884615384615383,15.019230769230768
https://www.redfin.com/MO/St-Louis/2038-Fair-Ave-63107/home/192431937,4,Central,349,1016,6.017241379310345,17.517241379310345
https://www.redfin.com/MO/Saint-Louis/4724-Westminster-Pl-63108/home/93709314,3,Central,216,761,3.9272727272727272,13.836363636363636
https://www.redfin.com/MO/Saint-Louis/6106-McPherson-Ave-63112/home/93760248,3,Central,216,761,3.9272727272727272,13.836363636363636
https://www.redfin.com/MO/Saint-Louis/3716-Hartford-St-63116/home/93699712,3,Central,216,761,3.9272727272727272,13.836363636363636
https://www.redfin.com/MO/Saint-Louis/3825-Hartford-St-63116/home/93728277,3,Central,216,761,3.9272727272727272,13.836363636363636
https://www.redfin.com/MO/Saint-Louis/5121-Washington-Pl-63108/home/93749490,3,Central,216,761,3.9272727272727272,13.836363636363636
https://www.redfin.com/MO/Saint-Louis/4329-Gravois-Ave-63116/home/93726574,1,South,197,781,3.7884615384615383,15.019230769230768
https://www.redfin.com/MO/Saint-Louis/3456-Alberta-St-63118/home/93704689,1,South,197,781,3.7884615384615383,15.019230769230768
https://www.redfin.com/MO/Saint-Louis/6123-Kingsbury-Ave-63112/home/63700685,3,Central,216,761,3.9272727272727272,13.836363636363636
https://www.redfin.com/MO/Saint-Louis/2323-Lafayette-Ave-63104/home/93700585,4,Central,349,1016,6.017241379310345,17.517241379310345
https://www.redfin.com/MO/Saint-Louis/3646-Hartford-St-63116/home/62758849,3,Central,216,761,3.9272727272727272,13.836363636363636
https://www.redfin.com/MO/Saint-Louis/3932-Missouri-Ave-63118/home/93704194,2,South,118,726,2.681818181818182,16.5
https://www.redfin.com/MO/Saint-Louis/5617-Vernon-Ave-63112/home/93709981,3,Central,216,761,3.9272727272727272,13.836363636363636
https://www.redfin.com/MO/Saint-Louis/3509-Sidney-St-63104/home/93692391,3,Central,216,761,3.9272727272727272,13.836363636363636
https://www.redfin.com/MO/Saint-Louis/5013-Maple-Ave-63113/home/93752638,3,Central,216,761,3.9272727272727272,13.836363636363636
https://www.redfin.com/MO/Saint-Louis/4397-Westminster-Pl-63108/home/93740311,3,Central,216,761,3.9272727272727272,13.836363636363636
https://www.redfin.com/MO/Saint-Louis/5135-Cabanne-Ave-63113/home/93752279,3,Central,216,761,3.9272727272727272,13.836363636363636
https://www.redfin.com/MO/Saint-Louis/5098-Westminster-Pl-63108/home/62691391,3,Central,216,761,3.9272727272727272,13.836363636363636
https://www.redfin.com/MO/Saint-Louis/6253-Westminster-Pl-63130/home/93760202,3,Central,216,761,3.9272727272727272,13.836363636363636
https://www.redfin.com/MO/Saint-Louis/1727-Carroll-St-63104/home/68327984,4,Central,349,1016,6.017241379310345,17.517241379310345
https://www.redfin.com/MO/Saint-Louis/11-Thornby-Pl-63112/home/93723566,3,Central,216,761,3.9272727272727272,13.836363636363636
https://www.redfin.com/MO/Saint-Louis/5123-Westminster-Pl-63108/home/93749504,3,Central,216,761,3.9272727272727272,13.836363636363636
https://www.redfin.com/MO/Saint-Louis/4033-Russell-Blvd-63110/home/93747106,3,Central,216,761,3.9272727272727272,13.836363636363636
https://www.redfin.com/MO/Saint-Louis/5828-Julian-Ave-63112/home/93723086,3,Central,216,761,3.9272727272727272,13.836363636363636
https://www.redfin.com/MO/Saint-Louis/4925-Fountain-Ave-63113/home/93787071,3,Central,216,761,3.9272727272727272,13.836363636363636
https://www.redfin.com/MO/Saint-Louis/5750-Waterman-Blvd-63112/home/93762753,3,Central,216,761,3.9272727272727272,13.836363636363636
https://www.redfin.com/MO/Saint-Louis/2933-Dodier-St-63107/home/93754633,4,Central,349,1016,6.017241379310345,17.517241379310345
https://www.redfin.com/MO/Saint-Louis/4537-Maryland-Ave-63108/home/93724735,3,Central,216,761,3.9272727272727272,13.836363636363636
https://www.redfin.com/MO/Saint-Louis/4407-S-Grand-Blvd-63111/home/62706849,1,South,197,781,3.7884615384615383,15.019230769230768
https://www.redfin.com/MO/Saint-Louis/4931-Pershing-Pl-63108/home/62739141,3,Central,216,761,3.9272727272727272,13.836363636363636
https://www.redfin.com/MO/Saint-Louis/35-Kingsbury-Pl-63112/home/93763721,3,Central,216,761,3.9272727272727272,13.836363636363636
https://www.redfin.com/MO/Saint-Louis/2-Arundel-Pl-63105/home/93769343,3,Central,216,761,3.9272727272727272,13.836363636363636
https://www.redfin.com/MO/Saint-Louis/6185-Westminster-Pl-63112/home/93760455,3,Central,216,761,3.9272727272727272,13.836363636363636
https://www.redfin.com/MO/Saint-Louis/3200-Arsenal-St-63118/home/93692846,3,Central,216,761,3.9272727272727272,13.836363636363636
https://www.redfin.com/MO/Saint-Louis/4324-McPherson-Ave-63108/home/93725562,3,Central,216,761,3.9272727272727272,13.836363636363636
https://www.redfin.com/MO/Saint-Louis/2633-Clifton-Ave-63139/home/93743593,3,Central,216,761,3.9272727272727272,13.836363636363636
https://www.redfin.com/MO/Saint-Louis/3209-Utah-St-63118/home/93693103,1,South,197,781,3.7884615384615383,15.019230769230768
https://www.redfin.com/MO/Saint-Louis/1550-Grape-Ave-63147/home/93731732,5,North,287,878,5.857142857142857,17.918367346938773
https://www.redfin.com/MO/Saint-Louis/3915-Greer-Ave-63107/home/93753580,4,Central,349,1016,6.017241379310345,17.517241379310345
https://www.redfin.com/MO/Saint-Louis/4554-Holly-Ave-63115/home/93714053,4,Central,349,1016,6.017241379310345,17.517241379310345
https://www.redfin.com/MO/Saint-Louis/5530-Etzel-Ave-63112/home/93722349,3,Central,216,761,3.9272727272727272,13.836363636363636
https://www.redfin.com/MO/Saint-Louis/2918-Geyer-Ave-63104/home/93690003,4,Central,349,1016,6.017241379310345,17.517241379310345
https://www.redfin.com/MO/Saint-Louis/3134-Longfellow-Blvd-63104/home/93691049,3,Central,216,761,3.9272727272727272,13.836363636363636
https://www.redfin.com/MO/Saint-Louis/4102-Concordia-Ave-63116/home/93770968,1,South,197,781,3.7884615384615383,15.019230769230768
https://www.redfin.com/MO/Saint-Louis/4404-Washington-Blvd-63108/home/62685591,3,Central,216,761,3.9272727272727272,13.836363636363636
https://www.redfin.com/MO/Saint-Louis/5959-Clemens-Ave-63112/home/93739257,3,Central,216,761,3.9272727272727272,13.836363636363636
https://www.redfin.com/MO/Saint-Louis/5958-Plymouth-Ave-63112/home/93723095,3,Central,216,761,3.9272727272727272,13.836363636363636
https://www.redfin.com/MO/Saint-Louis/3506-Hawthorne-Blvd-63104/home/93691151,3,Central,216,761,3.9272727272727272,13.836363636363636
https://www.redfin.com/MO/Saint-Louis/6220-Westminster-Pl-63130/home/81949289,3,Central,216,761,3.9272727272727272,13.836363636363636
https://www.redfin.com/MO/Saint-Louis/2206-Saint-Louis-Ave-63106/home/93687692,4,Central,349,1016,6.017241379310345,17.517241379310345
https://www.redfin.com/MO/Saint-Louis/4315-Delmar-Blvd-63108/home/93739771,3,Central,216,761,3.9272727272727272,13.836363636363636
https://www.redfin.com/MO/Saint-Louis/3518-Crittenden-St-63118/home/93692726,3,Central,216,761,3.9272727272727272,13.836363636363636
https://www.redfin.com/MO/Saint-Louis/4152-Delmar-Blvd-63108/home/93745280,3,Central,216,761,3.9272727272727272,13.836363636363636
https://www.redfin.com/MO/Saint-Louis/4126-S-Grand-Blvd-63118/home/93705703,1,South,197,781,3.7884615384615383,15.019230769230768
https://www.redfin.com/MO/Saint-Louis/5842-Clemens-Ave-63112/home/93739320,3,Central,216,761,3.9272727272727272,13.836363636363636
https://www.redfin.com/MO/Saint-Louis/3800-Flora-Pl-63110/home/93700330,3,Central,216,761,3.9272727272727272,13.836363636363636
https://www.redfin.com/MO/Saint-Louis/2116-S-Grand-Blvd-63104/home/93691111,3,Central,216,761,3.9272727272727272,13.836363636363636
https://www.redfin.com/MO/Saint-Louis/4358-McPherson-Ave-63108/home/93725554,3,Central,216,761,3.9272727272727272,13.836363636363636
https://www.redfin.com/MO/Saint-Louis/3501-Park-Ave-63104/home/93689867,3,Central,216,761,3.9272727272727272,13.836363636363636
https://www.redfin.com/MO/Saint-Louis/4266-Washington-Blvd-63108/home/93740291,3,Central,216,761,3.9272727272727272,13.836363636363636
https://www.redfin.com/MO/Saint-Louis/4001-Lafayette-Ave-63110/home/143286973,3,Central,216,761,3.9272727272727272,13.836363636363636
https://www.redfin.com/MO/Saint-Louis/5473-Enright-Ave-63112/home/93761761,3,Central,216,761,3.9272727272727272,13.836363636363636
https://www.redfin.com/MO/Saint-Louis/94-Waterman-Pl-63112/home/93724347,3,Central,216,761,3.9272727272727272,13.836363636363636
https://www.redfin.com/MO/Saint-Louis/3632-Cook-Ave-63113/home/93701333,4,Central,349,1016,6.017241379310345,17.517241379310345
https://www.redfin.com/MO/Saint-Louis/5614-Etzel-Ave-63112/home/93722431,3,Central,216,761,3.9272727272727272,13.836363636363636
https://www.redfin.com/MO/Saint-Louis/4484-Westminster-Pl-63108/home/62753064,3,Central,216,761,3.9272727272727272,13.836363636363636
https://www.redfin.com/MO/Saint-Louis/2249-Saint-Louis-Ave-63106/home/93687647,4,Central,349,1016,6.017241379310345,17.517241379310345
https://www.redfin.com/MO/Saint-Louis/48-Kingsbury-Pl-63112/home/93724162,3,Central,216,761,3.9272727272727272,13.836363636363636
https://www.redfin.com/MO/Saint-Louis/4023-Russell-Blvd-63110/home/93747124,3,Central,216,761,3.9272727272727272,13.836363636363636
https://www.redfin.com/MO/Saint-Louis/3880-Utah-Pl-63116/home/93700036,1,South,197,781,3.7884615384615383,15.019230769230768
https://www.redfin.com/MO/Saint-Louis/4232-E-Labadie-Ave-63115/home/93716843,3,Central,216,761,3.9272727272727272,13.836363636363636
https://www.redfin.com/MO/Saint-Louis/5535-Maple-Ave-63112/home/93745117,3,Central,216,761,3.9272727272727272,13.836363636363636
https://www.redfin.com/MO/Saint-Louis/3400-Magnolia-Ave-63118/home/93692502,3,Central,216,761,3.9272727272727272,13.836363636363636
https://www.redfin.com/MO/Saint-Louis/3911-Greer-Ave-63107/home/62699419,4,Central,349,1016,6.017241379310345,17.517241379310345
https://www.redfin.com/MO/Saint-Louis/14-Lenox-Pl-63108/home/93754355,3,Central,216,761,3.9272727272727272,13.836363636363636
https://www.redfin.com/MO/Saint-Louis/2709-Accomac-St-63104/home/93690668,4,Central,349,1016,6.017241379310345,17.517241379310345
https://www.redfin.com/MO/Saint-Louis/5644-Bartmer-Ave-63112/home/93722467,3,Central,216,761,3.9272727272727272,13.836363636363636
https://www.redfin.com/MO/Saint-Louis/4210-Cleveland-Ave-63110/home/93746788,3,Central,216,761,3.9272727272727272,13.836363636363636
https://www.redfin.com/MO/Saint-Louis/5019-Raymond-Ave-63113/home/93752461,3,Central,216,761,3.9272727272727272,13.836363636363636
https://www.redfin.com/MO/Saint-Louis/1851-Menard-St-63104/home/93682366,4,Central,349,1016,6.017241379310345,17.517241379310345
https://www.redfin.com/MO/Saint-Louis/5020-Enright-Ave-63108/home/93744617,3,Central,216,761,3.9272727272727272,13.836363636363636
https://www.redfin.com/MO/Saint-Louis/4242-Oregon-Ave-63111/home/93705557,1,South,197,781,3.7884615384615383,15.019230769230768
https://www.redfin.com/MO/Saint-Louis/33-Waterman-Pl-63112/home/93724314,3,Central,216,761,3.9272727272727272,13.836363636363636
https://www.redfin.com/MO/Saint-Louis/2110-Lafayette-Ave-63104/home/93690357,4,Central,349,1016,6.017241379310345,17.517241379310345
https://www.redfin.com/MO/Saint-Louis/4531-Washington-Blvd-63108/home/143292581,3,Central,216,761,3.9272727272727272,13.836363636363636
https://www.redfin.com/MO/Saint-Louis/4957-Holly-Hills-Ave-63109/home/93770801,1,South,197,781,3.7884615384615383,15.019230769230768
https://www.redfin.com/MO/Saint-Louis/4912-Clifton-Ave-63109/home/93769164,1,South,197,781,3.7884615384615383,15.019230769230768
https://www.redfin.com/MO/Saint-Louis/5554-Chamberlain-Ave-63112/home/93745112,3,Central,216,761,3.9272727272727272,13.836363636363636
https://www.redfin.com/MO/Saint-Louis/3451-Sidney-St-63104/home/80842841,3,Central,216,761,3.9272727272727272,13.836363636363636
https://www.redfin.com/MO/Saint-Louis/4929-Holly-Hills-Ave-63109/home/93770802,1,South,197,781,3.7884615384615383,15.019230769230768
https://www.redfin.com/MO/Saint-Louis/1936-McCausland-Ave-63117/home/93741335,3,Central,216,761,3.9272727272727272,13.836363636363636
https://www.redfin.com/MO/Saint-Louis/1286-Oak-Ct-63112/home/93723207,3,Central,216,761,3.9272727272727272,13.836363636363636
https://www.redfin.com/MO/Saint-Louis/2919-Accomac-St-63104/home/93691013,4,Central,349,1016,6.017241379310345,17.517241379310345
https://www.redfin.com/MO/Saint-Louis/4260-Flora-Pl-63110/home/93746834,3,Central,216,761,3.9272727272727272,13.836363636363636
https://www.redfin.com/MO/Saint-Louis/4739-Westminster-Pl-63108/home/93709315,3,Central,216,761,3.9272727272727272,13.836363636363636
https://www.redfin.com/MO/Saint-Louis/3538-Illinois-Ave-63118/home/93694509,2,South,118,726,2.681818181818182,16.5
https://www.redfin.com/MO/Saint-Louis/5112-Westminster-Pl-63108/home/93746011,3,Central,216,761,3.9272727272727272,13.836363636363636
https://www.redfin.com/MO/Saint-Louis/1553-Grape-Ave-63147/home/93731756,5,North,287,878,5.857142857142857,17.918367346938773
https://www.redfin.com/MO/Saint-Louis/4564-Shenandoah-Ave-63110/home/93728323,3,Central,216,761,3.9272727272727272,13.836363636363636
https://www.redfin.com/MO/Saint-Louis/3803-Ashland-Ave-63107/home/93754005,4,Central,349,1016,6.017241379310345,17.517241379310345
https://www.redfin.com/MO/Saint-Louis/5950-Enright-Ave-63112/home/62720272,3,Central,216,761,3.9272727272727272,13.836363636363636
https://www.redfin.com/MO/Saint-Louis/4404-Enright-Ave-63108/home/93739802,3,Central,216,761,3.9272727272727272,13.836363636363636
https://www.redfin.com/MO/Saint-Louis/11152-Lookaway-Dr-63137/home/85689802,6,North,310,717,6.739130434782608,15.58695652173913
https://www.redfin.com/MO/Saint-Louis/3651-Lafayette-Ave-63110/home/93700374,3,Central,216,761,3.9272727272727272,13.836363636363636
https://www.redfin.com/MO/St-Louis/3425-Pestalozzi-St-63118/home/182673840,3,Central,216,761,3.9272727272727272,13.836363636363636
https://www.redfin.com/MO/Saint-Louis/2-Lawn-Pl-63110/home/93765825,3,Central,216,761,3.9272727272727272,13.836363636363636
https://www.redfin.com/MO/Saint-Louis/3046-Hawthorne-Blvd-63104/home/93690744,4,Central,349,1016,6.017241379310345,17.517241379310345
https://www.redfin.com/MO/Saint-Louis/3915-California-Ave-63118/home/93704245,1,South,197,781,3.7884615384615383,15.019230769230768
https://www.redfin.com/MO/Saint-Louis/1800-S-8th-St-63104/home/93685080,4,Central,349,1016,6.017241379310345,17.517241379310345
https://www.redfin.com/MO/Saint-Louis/4315-Washington-Blvd-63108/home/93719946,3,Central,216,761,3.9272727272727272,13.836363636363636
https://www.redfin.com/MO/Saint-Louis/4540-McPherson-Ave-63108/home/93724716,3,Central,216,761,3.9272727272727272,13.836363636363636
https://www.redfin.com/MO/Saint-Louis/4736-Labadie-Ave-63115/home/93736819,3,Central,216,761,3.9272727272727272,13.836363636363636
https://www.redfin.com/MO/Saint-Louis/4630-Korte-Ave-63115/home/93734518,5,North,287,878,5.857142857142857,17.918367346938773
https://www.redfin.com/MO/St-Louis/5062-Waterman-Blvd-63108/home/195603925,3,Central,216,761,3.9272727272727272,13.836363636363636
https://www.redfin.com/MO/Saint-Louis/2817-Miami-St-63118/home/93694343,1,South,197,781,3.7884615384615383,15.019230769230768
https://www.redfin.com/MO/Unknown/4234-Wyoming-St-Unknown/home/193546374,3,Central,216,761,3.9272727272727272,13.836363636363636
https://www.redfin.com/MO/Saint-Louis/6604-Vermont-Ave-63111/home/93709868,1,South,197,781,3.7884615384615383,15.019230769230768
https://www.redfin.com/MO/Saint-Louis/4750-Westminster-Pl-63108/home/62697374,3,Central,216,761,3.9272727272727272,13.836363636363636
https://www.redfin.com/MO/Saint-Louis/3952-Utah-St-63116/home/87280485,1,South,197,781,3.7884615384615383,15.019230769230768
https://www.redfin.com/MO/Saint-Louis/3678-Liermann-Ave-63116/home/93704446,1,South,197,781,3.7884615384615383,15.019230769230768
https://www.redfin.com/MO/Saint-Louis/6412-Blow-St-63109/home/93774283,1,South,197,781,3.7884615384615383,15.019230769230768
https://www.redfin.com/MO/Saint-Louis/1002-Barton-St-63104/home/93686764,4,Central,349,1016,6.017241379310345,17.517241379310345
https://www.redfin.com/MO/Saint-Louis/3634-Russell-Blvd-63110/home/93747355,3,Central,216,761,3.9272727272727272,13.836363636363636
https://www.redfin.com/MO/Saint-Louis/4960-Magnolia-Ave-63139/home/83588157,3,Central,216,761,3.9272727272727272,13.836363636363636
https://www.redfin.com/MO/Saint-Louis/3730-Utah-Pl-63116/home/93699916,1,South,197,781,3.7884615384615383,15.019230769230768
https://www.redfin.com/MO/Saint-Louis/4969-Reber-Pl-63139/home/93727896,3,Central,216,761,3.9272727272727272,13.836363636363636
https://www.redfin.com/MO/Saint-Louis/3109-Allen-Ave-63104/home/93689564,3,Central,216,761,3.9272727272727272,13.836363636363636
https://www.redfin.com/MO/Saint-Louis/3224-Lafayette-Ave-63104/home/93689524,3,Central,216,761,3.9272727272727272,13.836363636363636
https://www.redfin.com/MO/St-Louis/6300-Alexander-Dr-63105/home/182625180,3,Central,216,761,3.9272727272727272,13.836363636363636
https://www.redfin.com/MO/Saint-Louis/3677-McRee-Ave-63110/home/93700349,3,Central,216,761,3.9272727272727272,13.836363636363636
https://www.redfin.com/MO/Saint-Louis/4505-Tower-Grove-Pl-63110/home/93728306,3,Central,216,761,3.9272727272727272,13.836363636363636
https://www.redfin.com/MO/Saint-Louis/3530-Shenandoah-Ave-63104/home/93692275,3,Central,216,761,3.9272727272727272,13.836363636363636
https://www.redfin.com/MO/Saint-Louis/6931-Sutherland-Ave-63109/home/93774176,1,South,197,781,3.7884615384615383,15.019230769230768
https://www.redfin.com/MO/Saint-Louis/3427-Chippewa-St-63118/home/62718941,1,South,197,781,3.7884615384615383,15.019230769230768
https://www.redfin.com/MO/Saint-Louis/3830-Cleveland-Ave-63110/home/93700229,3,Central,216,761,3.9272727272727272,13.836363636363636
https://www.redfin.com/MO/Saint-Louis/4915-Gresham-Ave-63109/home/93742056,1,South,197,781,3.7884615384615383,15.019230769230768
https://www.redfin.com/MO/Saint-Louis/6046-Westminster-Pl-63112/home/62735277,3,Central,216,761,3.9272727272727272,13.836363636363636
https://www.redfin.com/MO/Saint-Louis/5119-Maple-Ave-63113/home/93752380,3,Central,216,761,3.9272727272727272,13.836363636363636
https://www.redfin.com/MO/Saint-Louis/7022-Marquette-Ave-63139/home/62702141,3,Central,216,761,3.9272727272727272,13.836363636363636
https://www.redfin.com/MO/Saint-Louis/4158-Shaw-Blvd-63110/home/93746947,3,Central,216,761,3.9272727272727272,13.836363636363636
https://www.redfin.com/MO/Saint-Louis/4473-McPherson-Ave-63108/home/62756843,3,Central,216,761,3.9272727272727272,13.836363636363636
https://www.redfin.com/MO/Saint-Louis/2144-S-Grand-Blvd-63104/home/93691142,3,Central,216,761,3.9272727272727272,13.836363636363636
https://www.redfin.com/MO/Saint-Louis/3228-Lafayette-Ave-63104/home/93689527,3,Central,216,761,3.9272727272727272,13.836363636363636
https://www.redfin.com/MO/Saint-Louis/5408-Maple-Ave-63112/home/93709907,3,Central,216,761,3.9272727272727272,13.836363636363636
https://www.redfin.com/MO/Saint-Louis/5256-Westminster-Pl-63108/home/93745884,3,Central,216,761,3.9272727272727272,13.836363636363636
https://www.redfin.com/MO/Saint-Louis/6148-McPherson-Ave-63112/home/93760258,3,Central,216,761,3.9272727272727272,13.836363636363636
https://www.redfin.com/MO/Saint-Louis/3650-Juniata-St-63116/home/93699765,3,Central,216,761,3.9272727272727272,13.836363636363636
https://www.redfin.com/MO/Saint-Louis/4431-McPherson-Ave-63108/home/93740226,3,Central,216,761,3.9272727272727272,13.836363636363636
https://www.redfin.com/MO/Saint-Louis/4215-Maryland-Ave-63108/home/93725346,3,Central,216,761,3.9272727272727272,13.836363636363636
https://www.redfin.com/MO/Saint-Louis/5237-Enright-Ave-63108/home/93744949,3,Central,216,761,3.9272727272727272,13.836363636363636
https://www.redfin.com/MO/Saint-Louis/1718-Missouri-Ave-63104/home/93690361,4,Central,349,1016,6.017241379310345,17.517241379310345
https://www.redfin.com/MO/Saint-Louis/3914-Meramec-St-63116/home/93769554,1,South,197,781,3.7884615384615383,15.019230769230768
https://www.redfin.com/MO/Saint-Louis/6766-Devonshire-Ave-63109/home/93781307,1,South,197,781,3.7884615384615383,15.019230769230768
https://www.redfin.com/MO/Saint-Louis/3826-Arsenal-St-63116/home/93786215,3,Central,216,761,3.9272727272727272,13.836363636363636
https://www.redfin.com/MO/Saint-Louis/4550-Newberry-Ter-63113/home/93739431,3,Central,216,761,3.9272727272727272,13.836363636363636
https://www.redfin.com/MO/Saint-Louis/4460-Maryland-Ave-63108/home/93724884,3,Central,216,761,3.9272727272727272,13.836363636363636
https://www.redfin.com/MO/Saint-Louis/6188-Westminster-Pl-63112/home/93760391,3,Central,216,761,3.9272727272727272,13.836363636363636
https://www.redfin.com/MO/Saint-Louis/4548-McPherson-Ave-63108/home/93724712,3,Central,216,761,3.9272727272727272,13.836363636363636
https://www.redfin.com/MO/Saint-Louis/4457-Enright-Ave-63108/home/93739697,3,Central,216,761,3.9272727272727272,13.836363636363636
https://www.redfin.com/MO/Saint-Louis/4719-Westminster-Pl-63108/home/93709332,3,Central,216,761,3.9272727272727272,13.836363636363636
https://www.redfin.com/MO/Saint-Louis/3452-Sidney-St-63104/home/62720598,3,Central,216,761,3.9272727272727272,13.836363636363636
https://www.redfin.com/MO/Saint-Louis/2707-Keokuk-St-63118/home/93696286,2,South,118,726,2.681818181818182,16.5
https://www.redfin.com/MO/Saint-Louis/4256-Shenandoah-Ave-63110/home/93746811,3,Central,216,761,3.9272727272727272,13.836363636363636
https://www.redfin.com/MO/Saint-Louis/3510-Shenandoah-Ave-63104/home/93692277,3,Central,216,761,3.9272727272727272,13.836363636363636
https://www.redfin.com/MO/Saint-Louis/3709-Hartford-St-63116/home/93699869,3,Central,216,761,3.9272727272727272,13.836363636363636
https://www.redfin.com/MO/Saint-Louis/4528-Westminster-Pl-63108/home/93739893,3,Central,216,761,3.9272727272727272,13.836363636363636
https://www.redfin.com/MO/Saint-Louis/6229-Columbia-Ave-63139/home/93743581,3,Central,216,761,3.9272727272727272,13.836363636363636
https://www.redfin.com/MO/Saint-Louis/1640-Grape-Ave-63147/home/93731906,5,North,287,878,5.857142857142857,17.918367346938773
https://www.redfin.com/MO/Saint-Louis/4712-Westminster-Pl-63108/home/93709300,3,Central,216,761,3.9272727272727272,13.836363636363636
https://www.redfin.com/MO/Saint-Louis/4441-McPherson-Ave-63108/home/62736517,3,Central,216,761,3.9272727272727272,13.836363636363636
https://www.redfin.com/MO/Saint-Louis/1412-Wright-St-63107/home/93688380,4,Central,349,1016,6.017241379310345,17.517241379310345
https://www.redfin.com/MO/Saint-Louis/2057-Blendon-Pl-63143/home/93744113,3,Central,216,761,3.9272727272727272,13.836363636363636
https://www.redfin.com/MO/Saint-Louis/4753-Westminster-Pl-63108/home/93709319,3,Central,216,761,3.9272727272727272,13.836363636363636
https://www.redfin.com/MO/Saint-Louis/3141-Parc-Ridge-Ln-63139/home/93674332,3,Central,216,761,3.9272727272727272,13.836363636363636
https://www.redfin.com/MO/Saint-Louis/4208-Beethoven-Ave-63116/home/93757825,1,South,197,781,3.7884615384615383,15.019230769230768
https://www.redfin.com/MO/Saint-Louis/5727-S-Grand-Blvd-63111/home/93772222,1,South,197,781,3.7884615384615383,15.019230769230768
https://www.redfin.com/MO/Saint-Louis/3345-Oregon-Ave-63118/home/93693689,1,South,197,781,3.7884615384615383,15.019230769230768
https://www.redfin.com/MO/Saint-Louis/4542-Gibson-Ave-63110/home/93786340,3,Central,216,761,3.9272727272727272,13.836363636363636
https://www.redfin.com/MO/Saint-Louis/6063-Westminster-Pl-63112/home/93760429,3,Central,216,761,3.9272727272727272,13.836363636363636
https://www.redfin.com/MO/Saint-Louis/2636-Russell-Blvd-63104/home/93690644,4,Central,349,1016,6.017241379310345,17.517241379310345
https://www.redfin.com/MO/Saint-Louis/3117-Longfellow-Blvd-63104/home/93690972,3,Central,216,761,3.9272727272727272,13.836363636363636
https://www.redfin.com/MO/Saint-Louis/6655-Pernod-Ave-63139/home/93778943,1,South,197,781,3.7884615384615383,15.019230769230768
https://www.redfin.com/MO/Saint-Louis/5150-Page-Blvd-63113/home/93752399,3,Central,216,761,3.9272727272727272,13.836363636363636
https://www.redfin.com/MO/Saint-Louis/3844-French-Ct-63116/home/93773391,1,South,197,781,3.7884615384615383,15.019230769230768
https://www.redfin.com/MO/Saint-Louis/5031-Sutherland-Ave-63109/home/93752677,1,South,197,781,3.7884615384615383,15.019230769230768
https://www.redfin.com/MO/Saint-Louis/5171-Eichelberger-St-63109/home/93767752,1,South,197,781,3.7884615384615383,15.019230769230768
https://www.redfin.com/MO/Saint-Louis/3156-Geyer-Ave-63104/home/93689568,3,Central,216,761,3.9272727272727272,13.836363636363636
https://www.redfin.com/MO/Saint-Louis/5101-Dresden-Ave-63116/home/93764009,1,South,197,781,3.7884615384615383,15.019230769230768
https://www.redfin.com/MO/Saint-Louis/6419-Devonshire-Ave-63109/home/93779789,1,South,197,781,3.7884615384615383,15.019230769230768
https://www.redfin.com/MO/Saint-Louis/7133-Lindenwood-Pl-63109/home/93747983,1,South,197,781,3.7884615384615383,15.019230769230768
https://www.redfin.com/MO/Saint-Louis/2134-Nebraska-Ave-63104/home/93690716,4,Central,349,1016,6.017241379310345,17.517241379310345
https://www.redfin.com/MO/Saint-Louis/4421-Tholozan-Ave-63116/home/93756331,1,South,197,781,3.7884615384615383,15.019230769230768
https://www.redfin.com/MO/Saint-Louis/3421-Halliday-Ave-63118/home/93692503,3,Central,216,761,3.9272727272727272,13.836363636363636
https://www.redfin.com/MO/Saint-Louis/5117-Pattison-Ave-63110/home/93728092,3,Central,216,761,3.9272727272727272,13.836363636363636
https://www.redfin.com/MO/Saint-Louis/6182-Kingsbury-Ave-63112/home/90908062,3,Central,216,761,3.9272727272727272,13.836363636363636
https://www.redfin.com/MO/Saint-Louis/6943-Lansdowne-Ave-63109/home/93774208,1,South,197,781,3.7884615384615383,15.019230769230768
https://www.redfin.com/MO/Saint-Louis/5111-Pattison-Ave-63110/home/93728094,3,Central,216,761,3.9272727272727272,13.836363636363636
https://www.redfin.com/MO/Saint-Louis/7083-Lindenwood-Pl-63109/home/62723520,1,South,197,781,3.7884615384615383,15.019230769230768
https://www.redfin.com/MO/Saint-Louis/7036-Bancroft-Ave-63109/home/93774589,1,South,197,781,3.7884615384615383,15.019230769230768
https://www.redfin.com/MO/Saint-Louis/6911-Garner-Ave-63139/home/93671187,3,Central,216,761,3.9272727272727272,13.836363636363636
https://www.redfin.com/MO/Saint-Louis/6420-Wise-Ave-63139/home/93672447,3,Central,216,761,3.9272727272727272,13.836363636363636
https://www.redfin.com/MO/Saint-Louis/6605-Lindenwood-Pl-63109/home/62693826,1,South,197,781,3.7884615384615383,15.019230769230768
https://www.redfin.com/MO/Saint-Louis/5384-Reber-Pl-63139/home/93727521,3,Central,216,761,3.9272727272727272,13.836363636363636
https://www.redfin.com/MO/Saint-Louis/6482-Lloyd-Ave-63139/home/93774434,3,Central,216,761,3.9272727272727272,13.836363636363636
https://www.redfin.com/MO/Saint-Louis/3-Shaw-Pl-63110/home/93700285,3,Central,216,761,3.9272727272727272,13.836363636363636
https://www.redfin.com/MO/Saint-Louis/3945-Comstock-Dr-63123/home/93784974,1,South,197,781,3.7884615384615383,15.019230769230768
https://www.redfin.com/MO/Saint-Louis/4920-Walsh-St-63109/home/62747831,1,South,197,781,3.7884615384615383,15.019230769230768
https://www.redfin.com/MO/Saint-Louis/4421-Oakland-Ave-63110/home/93751251,3,Central,216,761,3.9272727272727272,13.836363636363636
https://www.redfin.com/MO/Saint-Louis/4217-Connecticut-St-63116/home/93729842,3,Central,216,761,3.9272727272727272,13.836363636363636
https://www.redfin.com/MO/Saint-Louis/5575-Lansdowne-Ave-63109/home/93752892,1,South,197,781,3.7884615384615383,15.019230769230768
https://www.redfin.com/MO/Saint-Louis/4009-Flad-Ave-63110/home/93746652,3,Central,216,761,3.9272727272727272,13.836363636363636
https://www.redfin.com/MO/Saint-Louis/5321-Nottingham-Ave-63109/home/93753478,1,South,197,781,3.7884615384615383,15.019230769230768
https://www.redfin.com/MO/Saint-Louis/6558-Arsenal-St-63139/home/93742267,3,Central,216,761,3.9272727272727272,13.836363636363636
https://www.redfin.com/MO/Saint-Louis/4418-Arco-Ave-63110/home/62718448,3,Central,216,761,3.9272727272727272,13.836363636363636
https://www.redfin.com/MO/Saint-Louis/2366-Sulphur-Ave-63139/home/62747725,3,Central,216,761,3.9272727272727272,13.836363636363636
https://www.redfin.com/MO/Saint-Louis/6407-Lindenwood-Pl-63109/home/93778349,1,South,197,781,3.7884615384615383,15.019230769230768
https://www.redfin.com/MO/Saint-Louis/6478-Lloyd-Ave-63139/home/93774435,3,Central,216,761,3.9272727272727272,13.836363636363636
https://www.redfin.com/MO/Saint-Louis/2651-Ann-Ave-63104/home/93690631,4,Central,349,1016,6.017241379310345,17.517241379310345
https://www.redfin.com/MO/Saint-Louis/4544-Arco-Ave-63110/home/62740877,3,Central,216,761,3.9272727272727272,13.836363636363636
https://www.redfin.com/MO/Saint-Louis/5410-Reber-Pl-63139/home/93727378,3,Central,216,761,3.9272727272727272,13.836363636363636
https://www.redfin.com/MO/Saint-Louis/6149-Washington-Blvd-63112/home/93760476,3,Central,216,761,3.9272727272727272,13.836363636363636
https://www.redfin.com/MO/Saint-Louis/4320-Itaska-St-63116/home/62694128,1,South,197,781,3.7884615384615383,15.019230769230768
https://www.redfin.com/MO/Saint-Louis/6204-Rhodes-Ave-63109/home/70324171,1,South,197,781,3.7884615384615383,15.019230769230768
https://www.redfin.com/MO/Saint-Louis/3628-Russell-Blvd-63110/home/93747361,3,Central,216,761,3.9272727272727272,13.836363636363636
https://www.redfin.com/MO/Saint-Louis/4148-Shaw-Blvd-63110/home/93747066,3,Central,216,761,3.9272727272727272,13.836363636363636
https://www.redfin.com/MO/Saint-Louis/3535-Hartford-St-63118/home/93692665,3,Central,216,761,3.9272727272727272,13.836363636363636
https://www.redfin.com/MO/Saint-Louis/3841-Juniata-St-63116/home/77520287,3,Central,216,761,3.9272727272727272,13.836363636363636
https://www.redfin.com/MO/Saint-Louis/5408-Winona-Ave-63109/home/93782454,1,South,197,781,3.7884615384615383,15.019230769230768
https://www.redfin.com/MO/Saint-Louis/3337-Minnesota-Ave-63118/home/93693482,1,South,197,781,3.7884615384615383,15.019230769230768
https://www.redfin.com/MO/Saint-Louis/5241-Nottingham-Ave-63109/home/93753505,1,South,197,781,3.7884615384615383,15.019230769230768
https://www.redfin.com/MO/Saint-Louis/6015-Arsenal-St-63139/home/93768830,3,Central,216,761,3.9272727272727272,13.836363636363636
https://www.redfin.com/MO/Saint-Louis/3500-Connecticut-St-63118/home/92907663,1,South,197,781,3.7884615384615383,15.019230769230768
https://www.redfin.com/MO/Saint-Louis/5725-Lansdowne-Ave-63109/home/62738753,1,South,197,781,3.7884615384615383,15.019230769230768
https://www.redfin.com/MO/Saint-Louis/4409-Gibson-Ave-63110/home/93750856,3,Central,216,761,3.9272727272727272,13.836363636363636
https://www.redfin.com/MO/Saint-Louis/1425-Brock-St-63139/home/93740765,3,Central,216,761,3.9272727272727272,13.836363636363636
https://www.redfin.com/MO/Saint-Louis/4222-Red-Bud-Ave-63115/home/93714778,4,Central,349,1016,6.017241379310345,17.517241379310345
https://www.redfin.com/MO/Saint-Louis/5660-Oleatha-Ave-63139/home/93780676,1,South,197,781,3.7884615384615383,15.019230769230768
https://www.redfin.com/MO/Saint-Louis/5743-Westminster-Pl-63112/home/93767313,3,Central,216,761,3.9272727272727272,13.836363636363636
https://www.redfin.com/MO/Saint-Louis/3820-Wisconsin-Ave-63118/home/93696867,2,South,118,726,2.681818181818182,16.5
https://www.redfin.com/MO/Saint-Louis/4028-Pennsylvania-Ave-63118/home/93704947,1,South,197,781,3.7884615384615383,15.019230769230768
https://www.redfin.com/MO/Saint-Louis/4938-Lansdowne-Ave-63109/home/93752989,1,South,197,781,3.7884615384615383,15.019230769230768
https://www.redfin.com/MO/Saint-Louis/2816-McNair-Ave-63118/home/63588065,4,Central,349,1016,6.017241379310345,17.517241379310345
https://www.redfin.com/MO/Saint-Louis/3309-Commonwealth-Ave-63143/home/93751140,3,Central,216,761,3.9272727272727272,13.836363636363636
https://www.redfin.com/MO/Saint-Louis/3002-Geyer-Ave-63104/home/93690000,4,Central,349,1016,6.017241379310345,17.517241379310345
https://www.redfin.com/MO/Saint-Louis/3335-Pennsylvania-Ave-63118/home/93693565,1,South,197,781,3.7884615384615383,15.019230769230768
https://www.redfin.com/MO/Saint-Louis/3936-Oregon-Ave-63118/home/93704260,1,South,197,781,3.7884615384615383,15.019230769230768
https://www.redfin.com/MO/Saint-Louis/4111-California-Ave-63118/home/93705077,1,South,197,781,3.7884615384615383,15.019230769230768
https://www.redfin.com/MO/Saint-Louis/1226-Russell-Blvd-63104/home/62759209,4,Central,349,1016,6.017241379310345,17.517241379310345
https://www.redfin.com/MO/Saint-Louis/5715-Enright-Ave-63112/home/93739395,3,Central,216,761,3.9272727272727272,13.836363636363636
https://www.redfin.com/MO/Saint-Louis/4738-Ray-Ave-63116/home/93778424,1,South,197,781,3.7884615384615383,15.019230769230768
https://www.redfin.com/MO/Saint-Louis/2018-Senate-St-63118/unit-R/home/103204411,4,Central,349,1016,6.017241379310345,17.517241379310345
https://www.redfin.com/MO/Saint-Louis/4998-Fairview-Ave-63139/home/93777053,1,South,197,781,3.7884615384615383,15.019230769230768
https://www.redfin.com/MO/Saint-Louis/3939-Botanical-Ave-63110/home/103203297,3,Central,216,761,3.9272727272727272,13.836363636363636
https://www.redfin.com/MO/Saint-Louis/4152-Flad-Ave-63110/home/93746497,3,Central,216,761,3.9272727272727272,13.836363636363636
https://www.redfin.com/MO/Saint-Louis/4934-Murdoch-Ave-63109/home/93753338,1,South,197,781,3.7884615384615383,15.019230769230768
https://www.redfin.com/MO/Saint-Louis/2856-Russell-Blvd-63104/home/93690722,4,Central,349,1016,6.017241379310345,17.517241379310345
https://www.redfin.com/MO/Saint-Louis/1535-Gregg-Ave-63139/home/93762232,3,Central,216,761,3.9272727272727272,13.836363636363636
https://www.redfin.com/MO/Saint-Louis/6375-Devonshire-Ave-63109/home/93780137,1,South,197,781,3.7884615384615383,15.019230769230768
https://www.redfin.com/MO/Saint-Louis/6128-Marwinette-Ave-63116/home/93773761,1,South,197,781,3.7884615384615383,15.019230769230768
https://www.redfin.com/MO/Saint-Louis/4124-S-Compton-Ave-63118/home/93705257,1,South,197,781,3.7884615384615383,15.019230769230768
https://www.redfin.com/MO/Saint-Louis/3251-Missouri-Ave-63118/home/93693898,2,South,118,726,2.681818181818182,16.5
https://www.redfin.com/MO/Saint-Louis/3756-Olive-St-63108/unit-15/home/176875150,3,Central,216,761,3.9272727272727272,13.836363636363636
https://www.redfin.com/MO/Saint-Louis/4634-Steffens-Ave-63116/home/93767189,1,South,197,781,3.7884615384615383,15.019230769230768
https://www.redfin.com/MO/Saint-Louis/5700-Lansdowne-Ave-63109/home/93753048,1,South,197,781,3.7884615384615383,15.019230769230768
https://www.redfin.com/MO/Saint-Louis/5473-Oleatha-Ave-63139/home/93780891,1,South,197,781,3.7884615384615383,15.019230769230768
https://www.redfin.com/MO/Saint-Louis/5980-Astra-Ave-63147/home/93770366,5,North,287,878,5.857142857142857,17.918367346938773
https://www.redfin.com/MO/Saint-Louis/2000-Senate-St-63118/home/93697757,4,Central,349,1016,6.017241379310345,17.517241379310345
https://www.redfin.com/MO/Saint-Louis/5203-Windsor-Pkwy-63116/home/93765296,1,South,197,781,3.7884615384615383,15.019230769230768
https://www.redfin.com/MO/Saint-Louis/6312-Lucille-Ave-63136/home/93745615,5,North,287,878,5.857142857142857,17.918367346938773
https://www.redfin.com/MO/Saint-Louis/6928-Garner-Ave-63139/home/93741053,3,Central,216,761,3.9272727272727272,13.836363636363636
https://www.redfin.com/MO/Saint-Louis/1131-Childress-Ave-63139/home/88995356,3,Central,216,761,3.9272727272727272,13.836363636363636
https://www.redfin.com/MO/Saint-Louis/3915-Russell-Blvd-63110/home/93747573,3,Central,216,761,3.9272727272727272,13.836363636363636
https://www.redfin.com/MO/Saint-Louis/3907-Burgen-Ave-63116/home/93781486,1,South,197,781,3.7884615384615383,15.019230769230768
https://www.redfin.com/MO/Saint-Louis/3117-Mount-Pleasant-St-63111/home/93706244,1,South,197,781,3.7884615384615383,15.019230769230768
https://www.redfin.com/MO/Saint-Louis/6434-Wanda-Ave-63116/home/93770659,1,South,197,781,3.7884615384615383,15.019230769230768
https://www.redfin.com/MO/Saint-Louis/5621-Southwest-Ave-63139/home/93727233,3,Central,216,761,3.9272727272727272,13.836363636363636
https://www.redfin.com/MO/Saint-Louis/5415-Childress-Ave-63109/home/93782736,1,South,197,781,3.7884615384615383,15.019230769230768
https://www.redfin.com/MO/Saint-Louis/6719-Dolan-Pl-63139/home/93765058,3,Central,216,761,3.9272727272727272,13.836363636363636
https://www.redfin.com/MO/Saint-Louis/3410-Halliday-Ave-63118/home/62694309,3,Central,216,761,3.9272727272727272,13.836363636363636
https://www.redfin.com/MO/Saint-Louis/4557-Wabash-Ave-63109/home/93780799,1,South,197,781,3.7884615384615383,15.019230769230768
https://www.redfin.com/MO/Saint-Louis/4636-S-Compton-Ave-63111/home/93706850,1,South,197,781,3.7884615384615383,15.019230769230768
https://www.redfin.com/MO/Saint-Louis/5721-Floy-Ave-63136/home/93765363,5,North,287,878,5.857142857142857,17.918367346938773
https://www.redfin.com/MO/Saint-Louis/2657-Oregon-Ave-63118/home/62748288,4,Central,349,1016,6.017241379310345,17.517241379310345
https://www.redfin.com/MO/Saint-Louis/4445-Tholozan-Ave-63116/home/93756361,1,South,197,781,3.7884615384615383,15.019230769230768
https://www.redfin.com/MO/Saint-Louis/4219-Louisiana-Ave-63111/home/93705455,1,South,197,781,3.7884615384615383,15.019230769230768
https://www.redfin.com/MO/Saint-Louis/5207-Gresham-Ave-63109/home/62723050,1,South,197,781,3.7884615384615383,15.019230769230768
https://www.redfin.com/MO/Saint-Louis/2837-Wisconsin-Ave-63118/home/93691590,4,Central,349,1016,6.017241379310345,17.517241379310345
https://www.redfin.com/MO/Saint-Louis/4708-Vienna-Ave-63109/home/93780144,1,South,197,781,3.7884615384615383,15.019230769230768
https://www.redfin.com/MO/Saint-Louis/4215-Utah-St-63116/home/93729436,1,South,197,781,3.7884615384615383,15.019230769230768
https://www.redfin.com/MO/Saint-Louis/1955-Wyoming-St-63118/home/93681647,2,South,118,726,2.681818181818182,16.5
https://www.redfin.com/MO/Saint-Louis/1912-Lasalle-St-63104/home/62768969,4,Central,349,1016,6.017241379310345,17.517241379310345
https://www.redfin.com/MO/Saint-Louis/6122-Southwest-Ave-63139/home/93774019,3,Central,216,761,3.9272727272727272,13.836363636363636
https://www.redfin.com/MO/Saint-Louis/1207-Sidney-St-63104/home/93686969,4,Central,349,1016,6.017241379310345,17.517241379310345
https://www.redfin.com/MO/Saint-Louis/6256-Marmaduke-Ave-63139/home/93767690,3,Central,216,761,3.9272727272727272,13.836363636363636
https://www.redfin.com/MO/Saint-Louis/4246-Schiller-Pl-63116/home/93781162,1,South,197,781,3.7884615384615383,15.019230769230768
https://www.redfin.com/MO/Saint-Louis/4108-Oregon-Ave-63118/home/93705074,1,South,197,781,3.7884615384615383,15.019230769230768
https://www.redfin.com/MO/Saint-Louis/4312-Wabash-Ave-63109/home/93774601,1,South,197,781,3.7884615384615383,15.019230769230768
https://www.redfin.com/MO/Saint-Louis/3947-Bowen-St-63116/home/93773835,1,South,197,781,3.7884615384615383,15.019230769230768
https://www.redfin.com/MO/Saint-Louis/5021-S-Kingshighway-Blvd-63109/home/93766943,1,South,197,781,3.7884615384615383,15.019230769230768
https://www.redfin.com/MO/Saint-Louis/3719-Ohio-Ave-63118/home/93696190,2,South,118,726,2.681818181818182,16.5
https://www.redfin.com/MO/Saint-Louis/5600-Rhodes-Ave-63109/home/93777545,1,South,197,781,3.7884615384615383,15.019230769230768
https://www.redfin.com/MO/Saint-Louis/4032-Schiller-Pl-63116/home/93781112,1,South,197,781,3.7884615384615383,15.019230769230768
https://www.redfin.com/MO/Saint-Louis/3507-Hawthorne-Blvd-63104/home/93748598,3,Central,216,761,3.9272727272727272,13.836363636363636
https://www.redfin.com/MO/Saint-Louis/4063-Magnolia-Ave-63110/home/93746397,3,Central,216,761,3.9272727272727272,13.836363636363636
https://www.redfin.com/MO/Saint-Louis/6709-Leona-St-63116/home/93779057,1,South,197,781,3.7884615384615383,15.019230769230768
https://www.redfin.com/MO/Saint-Louis/5222-Parker-Ave-63139/home/62696267,1,South,197,781,3.7884615384615383,15.019230769230768
https://www.redfin.com/MO/Saint-Louis/4041-Parker-Ave-63116/home/93729188,1,South,197,781,3.7884615384615383,15.019230769230768
https://www.redfin.com/MO/Saint-Louis/3120-S-Compton-Ave-63118/home/93692763,3,Central,216,761,3.9272727272727272,13.836363636363636
https://www.redfin.com/MO/Saint-Louis/6541-Winnebago-St-63109/home/93775095,1,South,197,781,3.7884615384615383,15.019230769230768
https://www.redfin.com/MO/Saint-Louis/5758-Gresham-Ave-63109/home/93774280,1,South,197,781,3.7884615384615383,15.019230769230768
https://www.redfin.com/MO/Saint-Louis/6257-Hoffman-Ave-63139/home/93768062,3,Central,216,761,3.9272727272727272,13.836363636363636
https://www.redfin.com/MO/Saint-Louis/5224-Tamm-Ave-63109/home/93780274,1,South,197,781,3.7884615384615383,15.019230769230768
https://www.redfin.com/MO/Saint-Louis/3651-Blow-St-63116/home/93711808,1,South,197,781,3.7884615384615383,15.019230769230768
https://www.redfin.com/MO/Saint-Louis/5422-Odell-St-63139/home/93727341,3,Central,216,761,3.9272727272727272,13.836363636363636
https://www.redfin.com/MO/Saint-Louis/5263-Parker-Ave-63139/home/62748407,1,South,197,781,3.7884615384615383,15.019230769230768
https://www.redfin.com/MO/Saint-Louis/5211-Nagel-Ave-63109/home/93758204,1,South,197,781,3.7884615384615383,15.019230769230768
https://www.redfin.com/MO/Saint-Louis/5704-Lansdowne-Ave-63109/home/93753055,1,South,197,781,3.7884615384615383,15.019230769230768
https://www.redfin.com/MO/Saint-Louis/3834-Bingham-Ave-63116/home/93767384,1,South,197,781,3.7884615384615383,15.019230769230768
https://www.redfin.com/MO/Saint-Louis/4444-Bingham-Ave-63116/home/93772053,1,South,197,781,3.7884615384615383,15.019230769230768
https://www.redfin.com/MO/Saint-Louis/3967-Holly-Hills-Blvd-63116/home/93773772,1,South,197,781,3.7884615384615383,15.019230769230768
https://www.redfin.com/MO/Saint-Louis/5650-Leona-St-63116/home/62762329,1,South,197,781,3.7884615384615383,15.019230769230768
https://www.redfin.com/MO/Saint-Louis/3800-Olive-St-63108/home/181866747,3,Central,216,761,3.9272727272727272,13.836363636363636
https://www.redfin.com/MO/Saint-Louis/6412-Colletta-Dr-63139/home/93784650,3,Central,216,761,3.9272727272727272,13.836363636363636
https://www.redfin.com/MO/Saint-Louis/6759-W-Park-Ave-63139/home/62761874,3,Central,216,761,3.9272727272727272,13.836363636363636
https://www.redfin.com/MO/St-Louis/3820-Olive-St-63108/unit-8/home/193424225,3,Central,216,761,3.9272727272727272,13.836363636363636
https://www.redfin.com/MO/Saint-Louis/1234-Dolman-St-63104/home/143286255,4,Central,349,1016,6.017241379310345,17.517241379310345
https://www.redfin.com/MO/Saint-Louis/4030-Saint-Louis-Ave-63107/home/93716538,3,Central,216,761,3.9272727272727272,13.836363636363636
https://www.redfin.com/MO/Saint-Louis/252-Woodbourne-Dr-63105/home/62705469,3,Central,216,761,3.9272727272727272,13.836363636363636
https://www.redfin.com/MO/Saint-Louis/2306-Sulphur-Ave-63139/home/93741634,3,Central,216,761,3.9272727272727272,13.836363636363636
https://www.redfin.com/MO/Saint-Louis/4339-Potomac-St-63116/home/93774397,1,South,197,781,3.7884615384615383,15.019230769230768
https://www.redfin.com/MO/Saint-Louis/2631-January-Ave-63139/home/93726782,3,Central,216,761,3.9272727272727272,13.836363636363636
https://www.redfin.com/MO/Saint-Louis/8531-Lowell-St-63147/home/93731605,6,North,310,717,6.739130434782608,15.58695652173913
https://www.redfin.com/MO/Saint-Louis/3438-Russell-Blvd-63104/unit-303/home/93690987,3,Central,216,761,3.9272727272727272,13.836363636363636
https://www.redfin.com/MO/Saint-Louis/5962-Maple-Ave-63112/home/93723866,3,Central,216,761,3.9272727272727272,13.836363636363636
https://www.redfin.com/MO/Saint-Louis/6223-Potomac-St-63139/home/93775397,1,South,197,781,3.7884615384615383,15.019230769230768
https://www.redfin.com/MO/Saint-Louis/6053-Bishops-Pl-63109/home/84228056,1,South,197,781,3.7884615384615383,15.019230769230768
https://www.redfin.com/MO/Saint-Louis/7016-Horner-Ave-63117/home/93786067,3,Central,216,761,3.9272727272727272,13.836363636363636
https://www.redfin.com/MO/Saint-Louis/4003-Shreve-Ave-63115/home/93732828,3,Central,216,761,3.9272727272727272,13.836363636363636
https://www.redfin.com/MO/St-Louis/3826-Olive-St-63108/unit-7/home/194935156,3,Central,216,761,3.9272727272727272,13.836363636363636
https://www.redfin.com/MO/Saint-Louis/6739-Wise-Ave-63139/home/93740518,3,Central,216,761,3.9272727272727272,13.836363636363636
https://www.redfin.com/MO/Saint-Louis/6542-Hoffman-Ave-63139/home/93741675,3,Central,216,761,3.9272727272727272,13.836363636363636
https://www.redfin.com/MO/Saint-Louis/4128-Tesson-St-63123/home/93784162,1,South,197,781,3.7884615384615383,15.019230769230768
https://www.redfin.com/MO/Saint-Louis/5512-Finkman-St-63109/home/93776605,1,South,197,781,3.7884615384615383,15.019230769230768
https://www.redfin.com/MO/Saint-Louis/3704-Ohio-Ave-63118/home/93696540,2,South,118,726,2.681818181818182,16.5
https://www.redfin.com/MO/Saint-Louis/6801-Arthur-Ave-63139/home/93743408,3,Central,216,761,3.9272727272727272,13.836363636363636
https://www.redfin.com/MO/Saint-Louis/4729-Prague-Ave-63109/home/93780243,1,South,197,781,3.7884615384615383,15.019230769230768
https://www.redfin.com/MO/St-Louis/4941-Fairview-Ave-63139/home/182673086,1,South,197,781,3.7884615384615383,15.019230769230768
https://www.redfin.com/MO/Saint-Louis/4556-Athlone-Ave-63115/home/93714019,4,Central,349,1016,6.017241379310345,17.517241379310345
https://www.redfin.com/MO/Saint-Louis/4118-Botanical-Ave-63110/home/62733923,3,Central,216,761,3.9272727272727272,13.836363636363636
https://www.redfin.com/MO/Saint-Louis/4343-Delmar-Blvd-63108/home/146874005,3,Central,216,761,3.9272727272727272,13.836363636363636
https://www.redfin.com/MO/Saint-Louis/5435-Eichelberger-St-63109/home/93767698,1,South,197,781,3.7884615384615383,15.019230769230768
https://www.redfin.com/MO/Saint-Louis/4002-Bates-St-63116/home/93771943,1,South,197,781,3.7884615384615383,15.019230769230768
https://www.redfin.com/MO/Saint-Louis/4333-Connecticut-St-63116/home/93749724,3,Central,216,761,3.9272727272727272,13.836363636363636
https://www.redfin.com/MO/Saint-Louis/5231-Potomac-St-63139/home/93742667,1,South,197,781,3.7884615384615383,15.019230769230768
https://www.redfin.com/MO/Saint-Louis/6604-Mardel-Ave-63109/home/93774884,1,South,197,781,3.7884615384615383,15.019230769230768
https://www.redfin.com/MO/Saint-Louis/3865-Bowen-St-63116/home/93773630,1,South,197,781,3.7884615384615383,15.019230769230768
https://www.redfin.com/MO/Saint-Louis/6271-Goener-Ave-63116/home/93756547,1,South,197,781,3.7884615384615383,15.019230769230768
https://www.redfin.com/MO/Saint-Louis/5600-Tholozan-Ave-63109/home/93781642,1,South,197,781,3.7884615384615383,15.019230769230768
https://www.redfin.com/MO/Saint-Louis/4581-Wabash-Ave-63109/home/93780806,1,South,197,781,3.7884615384615383,15.019230769230768
https://www.redfin.com/MO/Saint-Louis/2920-Eads-Ave-63104/home/93787264,4,Central,349,1016,6.017241379310345,17.517241379310345
https://www.redfin.com/MO/Saint-Louis/3700-January-Ave-63109/home/93781974,1,South,197,781,3.7884615384615383,15.019230769230768
https://www.redfin.com/MO/Saint-Louis/4323-Hunt-Ave-63110/home/93726054,3,Central,216,761,3.9272727272727272,13.836363636363636
https://www.redfin.com/MO/St-Louis/4153-Loughborough-62116/home/186481145,1,South,197,781,3.7884615384615383,15.019230769230768
https://www.redfin.com/MO/Saint-Louis/7804-Clymer-Dr-63123/home/93784951,1,South,197,781,3.7884615384615383,15.019230769230768
https://www.redfin.com/MO/Saint-Louis/3534-Pestalozzi-St-63118/home/93692740,3,Central,216,761,3.9272727272727272,13.836363636363636
https://www.redfin.com/MO/Saint-Louis/6416-Colletta-Dr-63139/home/62695677,3,Central,216,761,3.9272727272727272,13.836363636363636
https://www.redfin.com/MO/Saint-Louis/3822-Cleveland-Ave-63110/home/93700235,3,Central,216,761,3.9272727272727272,13.836363636363636
https://www.redfin.com/MO/Saint-Louis/3729-Ohio-Ave-63118/home/62691644,2,South,118,726,2.681818181818182,16.5
https://www.redfin.com/MO/Saint-Louis/3815-Pennsylvania-Ave-63118/home/93695954,1,South,197,781,3.7884615384615383,15.019230769230768
https://www.redfin.com/MO/Saint-Louis/7051-Lansdowne-Ave-63109/home/62689082,1,South,197,781,3.7884615384615383,15.019230769230768
https://www.redfin.com/MO/Saint-Louis/4327-Connecticut-St-63116/home/173620403,3,Central,216,761,3.9272727272727272,13.836363636363636
https://www.redfin.com/MO/Saint-Louis/3720-Humphrey-St-63116/home/93699991,1,South,197,781,3.7884615384615383,15.019230769230768
https://www.redfin.com/MO/Saint-Louis/946-Bates-St-63111/home/93708411,1,South,197,781,3.7884615384615383,15.019230769230768
https://www.redfin.com/MO/Saint-Louis/1820-Lasalle-St-63104/home/93701191,4,Central,349,1016,6.017241379310345,17.517241379310345
https://www.redfin.com/MO/Saint-Louis/2732-Utah-St-63118/home/93693777,2,South,118,726,2.681818181818182,16.5
https://www.redfin.com/MO/Saint-Louis/7512-Virginia-Ave-63111/home/93710970,1,South,197,781,3.7884615384615383,15.019230769230768
https://www.redfin.com/MO/Saint-Louis/2811-Hickory-St-63104/home/93683240,4,Central,349,1016,6.017241379310345,17.517241379310345
https://www.redfin.com/MO/Saint-Louis/2345-Rutger-St-63104/home/93700627,4,Central,349,1016,6.017241379310345,17.517241379310345
https://www.redfin.com/MO/Saint-Louis/1538-Eton-Ln-63147/home/93732092,5,North,287,878,5.857142857142857,17.918367346938773
https://www.redfin.com/MO/Saint-Louis/3821-Regal-Pl-63109/home/93782538,1,South,197,781,3.7884615384615383,15.019230769230768
https://www.redfin.com/MO/St-Louis/6291-Magnolia-Ave-63139/home/189846870,3,Central,216,761,3.9272727272727272,13.836363636363636
https://www.redfin.com/MO/Saint-Louis/5720-Murdoch-Ave-63109/home/62701032,1,South,197,781,3.7884615384615383,15.019230769230768
https://www.redfin.com/MO/Saint-Louis/5932-Wise-Ave-63110/home/93726262,3,Central,216,761,3.9272727272727272,13.836363636363636
https://www.redfin.com/MO/Saint-Louis/2353-S-11th-St-63104/home/93686136,4,Central,349,1016,6.017241379310345,17.517241379310345
https://www.redfin.com/MO/Saint-Louis/4357-Evans-Ave-63113/home/187276175,3,Central,216,761,3.9272727272727272,13.836363636363636
https://www.redfin.com/MO/Saint-Louis/5771-Pershing-Ave-63112/home/93763162,3,Central,216,761,3.9272727272727272,13.836363636363636
https://www.redfin.com/MO/Saint-Louis/2932-Hereford-St-63139/home/86870687,3,Central,216,761,3.9272727272727272,13.836363636363636
https://www.redfin.com/MO/Saint-Louis/2120-Boardman-St-63110/home/173620173,3,Central,216,761,3.9272727272727272,13.836363636363636
https://www.redfin.com/MO/St-Louis/3536-Vista-63104/home/175982283,3,Central,216,761,3.9272727272727272,13.836363636363636
https://www.redfin.com/MO/Saint-Louis/164-Cahokia-St-63118/home/93697165,2,South,118,726,2.681818181818182,16.5
https://www.redfin.com/MO/Saint-Louis/2918-S-Compton-Ave-63118/unit-2918/home/109911639,3,Central,216,761,3.9272727272727272,13.836363636363636
https://www.redfin.com/MO/Saint-Louis/3708-Gustine-Ave-63116/home/93766232,1,South,197,781,3.7884615384615383,15.019230769230768
https://www.redfin.com/MO/Saint-Louis/5505-Wyoming-St-63139/home/93742781,3,Central,216,761,3.9272727272727272,13.836363636363636
https://www.redfin.com/MO/Saint-Louis/5811-De-Giverville-Ave-63112/home/62756462,3,Central,216,761,3.9272727272727272,13.836363636363636
https://www.redfin.com/MO/Saint-Louis/3242-Regal-Pl-63139/home/93742813,3,Central,216,761,3.9272727272727272,13.836363636363636
https://www.redfin.com/MO/Saint-Louis/5410-Delmar-Blvd-63112/home/109911647,3,Central,216,761,3.9272727272727272,13.836363636363636
https://www.redfin.com/MO/Saint-Louis/3900-Randall-St-63116/home/93750332,1,South,197,781,3.7884615384615383,15.019230769230768
https://www.redfin.com/MO/Saint-Louis/5351-Mardel-Ave-63109/home/62741226,1,South,197,781,3.7884615384615383,15.019230769230768
https://www.redfin.com/MO/Saint-Louis/6002-Leona-St-63116/home/93773454,1,South,197,781,3.7884615384615383,15.019230769230768
https://www.redfin.com/MO/Saint-Louis/4322-Haven-St-63116/home/93771773,1,South,197,781,3.7884615384615383,15.019230769230768
https://www.redfin.com/MO/Saint-Louis/1504-Sproule-Ave-63139/home/93761938,3,Central,216,761,3.9272727272727272,13.836363636363636
https://www.redfin.com/MO/Saint-Louis/7042-Mitchell-Ave-63117/home/93744207,3,Central,216,761,3.9272727272727272,13.836363636363636
https://www.redfin.com/MO/Saint-Louis/2147-Sulphur-Ave-63139/home/62721462,3,Central,216,761,3.9272727272727272,13.836363636363636
https://www.redfin.com/MO/Saint-Louis/7845-Decatur-Dr-63123/home/62753994,1,South,197,781,3.7884615384615383,15.019230769230768
https://www.redfin.com/MO/Saint-Louis/7360-Yates-St-63116/home/93784818,1,South,197,781,3.7884615384615383,15.019230769230768
https://www.redfin.com/MO/Saint-Louis/7332-Rainor-Ct-63116/home/93785345,1,South,197,781,3.7884615384615383,15.019230769230768
https://www.redfin.com/MO/Saint-Louis/3333-Michigan-Ave-63118/home/62773995,1,South,197,781,3.7884615384615383,15.019230769230768
https://www.redfin.com/MO/Saint-Louis/4415-Vista-Ave-63110/home/169425110,3,Central,216,761,3.9272727272727272,13.836363636363636
https://www.redfin.com/MO/Saint-Louis/1256-Gimblin-St-63147/home/76422730,5,North,287,878,5.857142857142857,17.918367346938773
https://www.redfin.com/MO/Saint-Louis/5631-Botanical-Ave-63110/home/173620136,3,Central,216,761,3.9272727272727272,13.836363636363636
https://www.redfin.com/MO/Saint-Louis/406-Fassen-St-63111/home/93708656,1,South,197,781,3.7884615384615383,15.019230769230768
https://www.redfin.com/MO/Saint-Louis/2233-Hickory-St-63104/home/181866123,4,Central,349,1016,6.017241379310345,17.517241379310345
https://www.redfin.com/MO/Saint-Louis/3131-Keokuk-St-63118/unit-3131/home/93672823,1,South,197,781,3.7884615384615383,15.019230769230768
https://www.redfin.com/MO/Saint-Louis/4129-Cleveland-Ave-63110/home/109920100,3,Central,216,761,3.9272727272727272,13.836363636363636
https://www.redfin.com/MO/Saint-Louis/3835-Hartford-St-63116/home/93728256,3,Central,216,761,3.9272727272727272,13.836363636363636
https://www.redfin.com/MO/Saint-Louis/4313-S-37th-St-63116/home/93706009,1,South,197,781,3.7884615384615383,15.019230769230768
https://www.redfin.com/MO/Saint-Louis/5406-S-Kingshighway-Blvd-63109/home/93759260,1,South,197,781,3.7884615384615383,15.019230769230768
https://www.redfin.com/MO/Saint-Louis/8310-S-Broadway-63111/home/93711900,1,South,197,781,3.7884615384615383,15.019230769230768
https://www.redfin.com/MO/Saint-Louis/6568-Mardel-Ave-63109/home/93775120,1,South,197,781,3.7884615384615383,15.019230769230768
https://www.redfin.com/MO/Saint-Louis/1036-Sells-Ave-63147/home/93731357,5,North,287,878,5.857142857142857,17.918367346938773
https://www.redfin.com/MO/Saint-Louis/5334-Elizabeth-Ave-63110/home/93768182,3,Central,216,761,3.9272727272727272,13.836363636363636
https://www.redfin.com/MO/Saint-Louis/3900-Wyoming-St-63116/home/93729555,1,South,197,781,3.7884615384615383,15.019230769230768
https://www.redfin.com/MO/Saint-Louis/3865-McDonald-Ave-63116/home/93699962,1,South,197,781,3.7884615384615383,15.019230769230768
https://www.redfin.com/MO/Saint-Louis/5735-Arthur-Ave-63139/home/88662587,3,Central,216,761,3.9272727272727272,13.836363636363636
https://www.redfin.com/MO/Saint-Louis/4063-Potomac-St-63116/home/93729125,1,South,197,781,3.7884615384615383,15.019230769230768
https://www.redfin.com/MO/St-Louis/7027-Plateau-Ave-63117/home/194342618,3,Central,216,761,3.9272727272727272,13.836363636363636
https://www.redfin.com/MO/Saint-Louis/5505-Cates-Ave-63112/home/93724003,3,Central,216,761,3.9272727272727272,13.836363636363636
https://www.redfin.com/MO/Saint-Louis/3025-Ohio-Ave-63118/home/93699151,2,South,118,726,2.681818181818182,16.5
https://www.redfin.com/MO/Saint-Louis/3924-Potomac-St-63116/home/93728923,1,South,197,781,3.7884615384615383,15.019230769230768
https://www.redfin.com/MO/Saint-Louis/6827-Minnesota-Ave-63111/home/93710475,1,South,197,781,3.7884615384615383,15.019230769230768
https://www.redfin.com/MO/Saint-Louis/5721-Lisette-Ave-63109/home/62718415,1,South,197,781,3.7884615384615383,15.019230769230768
https://www.redfin.com/MO/Saint-Louis/3459-Itaska-St-63111/home/93707221,1,South,197,781,3.7884615384615383,15.019230769230768
https://www.redfin.com/MO/Saint-Louis/4330-Chippewa-St-63116/home/93771903,1,South,197,781,3.7884615384615383,15.019230769230768
https://www.redfin.com/MO/Saint-Louis/5639-Eichelberger-St-63109/home/93767861,1,South,197,781,3.7884615384615383,15.019230769230768
https://www.redfin.com/MO/Saint-Louis/5301-Blow-St-63109/home/77289299,1,South,197,781,3.7884615384615383,15.019230769230768
https://www.redfin.com/MO/Saint-Louis/3722-Keokuk-St-63116/home/93777693,1,South,197,781,3.7884615384615383,15.019230769230768
https://www.redfin.com/MO/Saint-Louis/3407-Manhattan-Ave-63143/home/93751192,3,Central,216,761,3.9272727272727272,13.836363636363636
https://www.redfin.com/MO/Saint-Louis/6325-Winona-Ave-63109/home/88629084,1,South,197,781,3.7884615384615383,15.019230769230768
https://www.redfin.com/MO/Saint-Louis/2002-Victor-St-63104/home/101771222,4,Central,349,1016,6.017241379310345,17.517241379310345
https://www.redfin.com/MO/Saint-Louis/3943-Juniata-St-63116/home/93749827,3,Central,216,761,3.9272727272727272,13.836363636363636
https://www.redfin.com/MO/Saint-Louis/4038-Fairview-Ave-63116/home/93728989,1,South,197,781,3.7884615384615383,15.019230769230768
https://www.redfin.com/MO/Saint-Louis/6148-Tennessee-Ave-63111/home/93709466,1,South,197,781,3.7884615384615383,15.019230769230768
https://www.redfin.com/MO/Saint-Louis/2909-Wyoming-St-63118/home/87395010,1,South,197,781,3.7884615384615383,15.019230769230768
https://www.redfin.com/MO/Saint-Louis/5643-Pernod-Ave-63139/home/93780758,1,South,197,781,3.7884615384615383,15.019230769230768
https://www.redfin.com/MO/Saint-Louis/6641-Villa-Ave-63139/home/173620408,3,Central,216,761,3.9272727272727272,13.836363636363636
https://www.redfin.com/MO/Saint-Louis/3841-Rainor-Ct-63116/home/93785251,1,South,197,781,3.7884615384615383,15.019230769230768
https://www.redfin.com/MO/Saint-Louis/3327-Illinois-Ave-63118/home/93694036,2,South,118,726,2.681818181818182,16.5
https://www.redfin.com/MO/Saint-Louis/3511-Connecticut-St-63118/home/93693300,3,Central,216,761,3.9272727272727272,13.836363636363636
https://www.redfin.com/MO/Saint-Louis/6409-Lansdowne-Ave-63109/home/93779904,1,South,197,781,3.7884615384615383,15.019230769230768
https://www.redfin.com/MO/Saint-Louis/2706-Saint-Vincent-Ave-63104/home/93700646,4,Central,349,1016,6.017241379310345,17.517241379310345
https://www.redfin.com/MO/Saint-Louis/3324-Vista-Ave-63104/home/93700908,3,Central,216,761,3.9272727272727272,13.836363636363636
https://www.redfin.com/MO/St-Louis/3301-Eads-Ave-63104/unit-6A/home/175626342,3,Central,216,761,3.9272727272727272,13.836363636363636
https://www.redfin.com/MO/Saint-Louis/3505-Illinois-Ave-63118/home/62758185,2,South,118,726,2.681818181818182,16.5
https://www.redfin.com/MO/Saint-Louis/3829-Flad-Ave-63110/home/93700268,3,Central,216,761,3.9272727272727272,13.836363636363636
https://www.redfin.com/MO/Saint-Louis/1508-Tamm-Ave-63139/home/93762236,3,Central,216,761,3.9272727272727272,13.836363636363636
https://www.redfin.com/MO/Saint-Louis/4200-Westminster-Pl-63108/home/62769117,3,Central,216,761,3.9272727272727272,13.836363636363636
https://www.redfin.com/MO/Saint-Louis/7123-Rabenberg-Pl-63143/home/62759942,3,Central,216,761,3.9272727272727272,13.836363636363636
https://www.redfin.com/MO/Saint-Louis/3221-Taft-Ave-63111/home/93706209,1,South,197,781,3.7884615384615383,15.019230769230768
https://www.redfin.com/MO/Saint-Louis/4961-Schollmeyer-Ave-63109/home/93764457,1,South,197,781,3.7884615384615383,15.019230769230768
https://www.redfin.com/MO/Saint-Louis/3204-Henrietta-St-63104/home/76312337,3,Central,216,761,3.9272727272727272,13.836363636363636
https://www.redfin.com/MO/Saint-Louis/3705-Blow-St-63116/home/93712025,1,South,197,781,3.7884615384615383,15.019230769230768
https://www.redfin.com/MO/Saint-Louis/4046-Holly-Hills-Blvd-63116/home/81971252,1,South,197,781,3.7884615384615383,15.019230769230768
https://www.redfin.com/MO/Saint-Louis/4700-Penrose-St-63115/home/93733149,3,Central,216,761,3.9272727272727272,13.836363636363636
https://www.redfin.com/MO/Saint-Louis/5734-Itaska-St-63109/home/93767934,1,South,197,781,3.7884615384615383,15.019230769230768
https://www.redfin.com/MO/Saint-Louis/5461-Goethe-Ave-63109/home/93775700,1,South,197,781,3.7884615384615383,15.019230769230768
https://www.redfin.com/MO/Saint-Louis/3131-Ivanhoe-Ave-63139/home/93741916,3,Central,216,761,3.9272727272727272,13.836363636363636
https://www.redfin.com/MO/Saint-Louis/6361-Devonshire-Ave-63109/home/93780127,1,South,197,781,3.7884615384615383,15.019230769230768
https://www.redfin.com/MO/Saint-Louis/1448-Graham-St-63139/home/93778537,3,Central,216,761,3.9272727272727272,13.836363636363636
https://www.redfin.com/MO/Saint-Louis/4366-Osceola-St-63116/home/93764748,1,South,197,781,3.7884615384615383,15.019230769230768
https://www.redfin.com/MO/Saint-Louis/3943-Tholozan-Ave-63116/home/93728608,1,South,197,781,3.7884615384615383,15.019230769230768
https://www.redfin.com/MO/Saint-Louis/4249-Botanical-Ave-63110/home/93746771,3,Central,216,761,3.9272727272727272,13.836363636363636
https://www.redfin.com/MO/Saint-Louis/7137-Virginia-Ave-63111/home/93680054,1,South,197,781,3.7884615384615383,15.019230769230768
https://www.redfin.com/MO/Saint-Louis/5476-Bischoff-Ave-63110/home/93772184,3,Central,216,761,3.9272727272727272,13.836363636363636
https://www.redfin.com/MO/Saint-Louis/5887-Cates-Ave-63112/home/93723948,3,Central,216,761,3.9272727272727272,13.836363636363636
https://www.redfin.com/MO/Saint-Louis/5609-Pennsylvania-Ave-63111/home/93708607,1,South,197,781,3.7884615384615383,15.019230769230768
https://www.redfin.com/MO/Saint-Louis/5219-Dewey-Ave-63116/home/93742517,1,South,197,781,3.7884615384615383,15.019230769230768
https://www.redfin.com/MO/Saint-Louis/4609-S-Broadway-63111/home/93706938,1,South,197,781,3.7884615384615383,15.019230769230768
https://www.redfin.com/MO/Saint-Louis/3816-Flora-Pl-63110/home/93700327,3,Central,216,761,3.9272727272727272,13.836363636363636
https://www.redfin.com/MO/Saint-Louis/5016-Gerritt-Ave-63116/home/93766657,1,South,197,781,3.7884615384615383,15.019230769230768
https://www.redfin.com/MO/St-Louis/2741-Lafayette-Ave-63104/home/194345320,4,Central,349,1016,6.017241379310345,17.517241379310345
https://www.redfin.com/MO/Saint-Louis/3428-Vista-Ave-63104/home/93700873,3,Central,216,761,3.9272727272727272,13.836363636363636
https://www.redfin.com/MO/Saint-Louis/6419-Woodbine-Ct-63109/home/93774318,1,South,197,781,3.7884615384615383,15.019230769230768
https://www.redfin.com/MO/Saint-Louis/6423-Murdoch-Ave-63109/home/93779868,1,South,197,781,3.7884615384615383,15.019230769230768
https://www.redfin.com/MO/Saint-Louis/2826-Oregon-Ave-63118/home/93691817,4,Central,349,1016,6.017241379310345,17.517241379310345
https://www.redfin.com/MO/Saint-Louis/5030-Lotus-Ave-63113/home/93738145,3,Central,216,761,3.9272727272727272,13.836363636363636
https://www.redfin.com/MO/Saint-Louis/8100-Southpark-Ct-63125/home/62731698,1,South,197,781,3.7884615384615383,15.019230769230768
https://www.redfin.com/MO/Saint-Louis/2125-Macklind-Ave-63110/home/93726972,3,Central,216,761,3.9272727272727272,13.836363636363636
https://www.redfin.com/MO/Saint-Louis/4435-Tholozan-Ave-63116/home/63731720,1,South,197,781,3.7884615384615383,15.019230769230768
https://www.redfin.com/MO/Saint-Louis/5813-Minnesota-Ave-63111/home/93708446,1,South,197,781,3.7884615384615383,15.019230769230768
https://www.redfin.com/MO/Saint-Louis/2005-Hereford-St-63110/home/93728066,3,Central,216,761,3.9272727272727272,13.836363636363636
https://www.redfin.com/MO/Saint-Louis/3154-Garden-Hill-Ln-63139/home/93674337,3,Central,216,761,3.9272727272727272,13.836363636363636
https://www.redfin.com/MO/Saint-Louis/1807-Cambridge-Ln-63147/home/93781517,5,North,287,878,5.857142857142857,17.918367346938773
https://www.redfin.com/MO/Saint-Louis/7136-Bancroft-Ave-63109/home/62693489,1,South,197,781,3.7884615384615383,15.019230769230768
https://www.redfin.com/MO/Saint-Louis/7227-Pennsylvania-Ave-63111/home/93710712,1,South,197,781,3.7884615384615383,15.019230769230768
https://www.redfin.com/MO/Saint-Louis/7121-Yates-St-63116/home/93784129,1,South,197,781,3.7884615384615383,15.019230769230768
https://www.redfin.com/MO/Saint-Louis/6949-Hancock-Ave-63139/home/93743562,3,Central,216,761,3.9272727272727272,13.836363636363636
https://www.redfin.com/MO/Saint-Louis/5451-Tedmar-Ct-63139/home/93742842,1,South,197,781,3.7884615384615383,15.019230769230768
https://www.redfin.com/MO/Saint-Louis/3328-Norma-Ct-63139/home/93743346,3,Central,216,761,3.9272727272727272,13.836363636363636
https://www.redfin.com/MO/Saint-Louis/4237-Botanical-Ave-63110/home/93746763,3,Central,216,761,3.9272727272727272,13.836363636363636
https://www.redfin.com/MO/Saint-Louis/4351-Bingham-Ave-63116/home/93771900,1,South,197,781,3.7884615384615383,15.019230769230768
https://www.redfin.com/MO/Saint-Louis/3829-Upton-St-63116/home/93785265,1,South,197,781,3.7884615384615383,15.019230769230768
https://www.redfin.com/MO/Saint-Louis/6551-Winona-Ave-63109/home/93775458,1,South,197,781,3.7884615384615383,15.019230769230768
https://www.redfin.com/MO/Saint-Louis/5542-Mardel-Ave-63109/home/93782549,1,South,197,781,3.7884615384615383,15.019230769230768
https://www.redfin.com/MO/Saint-Louis/3833-Humphrey-St-63116/home/93728449,1,South,197,781,3.7884615384615383,15.019230769230768
https://www.redfin.com/MO/Saint-Louis/4261-Swan-Ave-63110/home/93725772,3,Central,216,761,3.9272727272727272,13.836363636363636
https://www.redfin.com/MO/Saint-Louis/6042-Oleatha-Ave-63139/home/93775374,1,South,197,781,3.7884615384615383,15.019230769230768
https://www.redfin.com/MO/Saint-Louis/1313-S-Boyle-Ave-63110/home/93725927,3,Central,216,761,3.9272727272727272,13.836363636363636
https://www.redfin.com/MO/Saint-Louis/3957-Cleveland-Ave-63110/home/93746275,3,Central,216,761,3.9272727272727272,13.836363636363636
https://www.redfin.com/MO/Saint-Louis/3117-Portis-Ave-63116/home/93748765,3,Central,216,761,3.9272727272727272,13.836363636363636
https://www.redfin.com/MO/Saint-Louis/3721-Hebert-St-63107/home/93702095,4,Central,349,1016,6.017241379310345,17.517241379310345
https://www.redfin.com/MO/Saint-Louis/5705-Lindenwood-Ave-63109/home/93780916,1,South,197,781,3.7884615384615383,15.019230769230768
https://www.redfin.com/MO/Saint-Louis/7403-Commonwealth-Ave-63143/home/93751164,3,Central,216,761,3.9272727272727272,13.836363636363636
https://www.redfin.com/MO/Saint-Louis/4745-Sigel-Ave-63116/home/93759127,1,South,197,781,3.7884615384615383,15.019230769230768
https://www.redfin.com/MO/Saint-Louis/5623-Milentz-Ave-63109/home/93771456,1,South,197,781,3.7884615384615383,15.019230769230768
https://www.redfin.com/MO/Saint-Louis/4934-Rosalie-St-63115/home/93760988,5,North,287,878,5.857142857142857,17.918367346938773
https://www.redfin.com/MO/Saint-Louis/6222-Marmaduke-Ave-63139/home/93767672,3,Central,216,761,3.9272727272727272,13.836363636363636
https://www.redfin.com/MO/Saint-Louis/5318-Michigan-Ave-63111/home/62739357,1,South,197,781,3.7884615384615383,15.019230769230768
https://www.redfin.com/MO/Saint-Louis/5110-Page-Blvd-63113/home/93752372,3,Central,216,761,3.9272727272727272,13.836363636363636
https://www.redfin.com/MO/Saint-Louis/2902-Michigan-Ave-63118/home/93692123,3,Central,216,761,3.9272727272727272,13.836363636363636
https://www.redfin.com/MO/Saint-Louis/6722-Dolan-Pl-63139/home/93740481,3,Central,216,761,3.9272727272727272,13.836363636363636
https://www.redfin.com/MO/Saint-Louis/3530-Wyoming-St-63118/home/93693425,1,South,197,781,3.7884615384615383,15.019230769230768
https://www.redfin.com/MO/Saint-Louis/6923-Hillsland-Ave-63109/home/93781333,1,South,197,781,3.7884615384615383,15.019230769230768
https://www.redfin.com/MO/Saint-Louis/5338-Northrup-Ave-63110/home/93726493,3,Central,216,761,3.9272727272727272,13.836363636363636
https://www.redfin.com/MO/Saint-Louis/5908-Victoria-Ave-63110/home/93726382,3,Central,216,761,3.9272727272727272,13.836363636363636
https://www.redfin.com/MO/Saint-Louis/719-Lami-St-63104/home/62767433,4,Central,349,1016,6.017241379310345,17.517241379310345
https://www.redfin.com/MO/Saint-Louis/6601-Lindenwood-Pl-63109/home/93774920,1,South,197,781,3.7884615384615383,15.019230769230768
https://www.redfin.com/MO/St-Louis/3868-Blvd-Heights-Ct-63116/unit-67/home/177018858,1,South,197,781,3.7884615384615383,15.019230769230768
https://www.redfin.com/MO/Saint-Louis/6600-Nottingham-Ave-63109/home/93779654,1,South,197,781,3.7884615384615383,15.019230769230768
https://www.redfin.com/MO/Saint-Louis/4221-Wyoming-St-63116/home/89184043,3,Central,216,761,3.9272727272727272,13.836363636363636
https://www.redfin.com/MO/Saint-Louis/5522-Lisette-Ave-63109/home/93776615,1,South,197,781,3.7884615384615383,15.019230769230768
https://www.redfin.com/MO/Saint-Louis/2008-Crittenden-St-63118/home/93699104,2,South,118,726,2.681818181818182,16.5
https://www.redfin.com/MO/Saint-Louis/1530-Gregg-Ave-63139/home/93761924,3,Central,216,761,3.9272727272727272,13.836363636363636
https://www.redfin.com/MO/Saint-Louis/4674-Rosa-Ave-63116/home/62732768,1,South,197,781,3.7884615384615383,15.019230769230768
https://www.redfin.com/MO/Saint-Louis/1526-E-Linton-Ave-63107/home/93713250,4,Central,349,1016,6.017241379310345,17.517241379310345
https://www.redfin.com/MO/Saint-Louis/3718-Humphrey-St-63116/home/93699992,1,South,197,781,3.7884615384615383,15.019230769230768
https://www.redfin.com/MO/Saint-Louis/6726-Dolan-Pl-63139/home/93740482,3,Central,216,761,3.9272727272727272,13.836363636363636
https://www.redfin.com/MO/Saint-Louis/4731-Rosa-Ave-63116/home/93759271,1,South,197,781,3.7884615384615383,15.019230769230768
https://www.redfin.com/MO/Saint-Louis/5308-Nottingham-Ave-63109/home/93755143,1,South,197,781,3.7884615384615383,15.019230769230768
https://www.redfin.com/MO/Saint-Louis/6830-Lansdowne-Ave-63109/home/93773943,1,South,197,781,3.7884615384615383,15.019230769230768
https://www.redfin.com/MO/Saint-Louis/3415-Missouri-Ave-63118/home/93694542,2,South,118,726,2.681818181818182,16.5
https://www.redfin.com/MO/Saint-Louis/3911-Potomac-St-63116/home/93729002,1,South,197,781,3.7884615384615383,15.019230769230768
https://www.redfin.com/MO/Saint-Louis/6910-Glades-Ave-63139/home/93741360,3,Central,216,761,3.9272727272727272,13.836363636363636
https://www.redfin.com/MO/Saint-Louis/1443-Graham-St-63139/home/93778433,3,Central,216,761,3.9272727272727272,13.836363636363636
https://www.redfin.com/MO/Saint-Louis/3944-Keokuk-St-63116/home/93778738,1,South,197,781,3.7884615384615383,15.019230769230768
https://www.redfin.com/MO/Saint-Louis/416-Fassen-St-63111/home/93708653,1,South,197,781,3.7884615384615383,15.019230769230768
https://www.redfin.com/MO/Saint-Louis/5322-Daggett-Ave-63110/home/93726884,3,Central,216,761,3.9272727272727272,13.836363636363636
https://www.redfin.com/MO/Saint-Louis/6263-Odell-St-63139/home/93767966,3,Central,216,761,3.9272727272727272,13.836363636363636
https://www.redfin.com/MO/Saint-Louis/4141-Utah-St-63116/home/93729514,1,South,197,781,3.7884615384615383,15.019230769230768
https://www.redfin.com/MO/Saint-Louis/3418-Wisconsin-Ave-63118/home/93680298,2,South,118,726,2.681818181818182,16.5
https://www.redfin.com/MO/Saint-Louis/2221-Richert-Pl-63143/home/93741444,3,Central,216,761,3.9272727272727272,13.836363636363636
https://www.redfin.com/MO/Saint-Louis/1730-S-10th-St-63104/home/93683838,4,Central,349,1016,6.017241379310345,17.517241379310345
https://www.redfin.com/MO/Saint-Louis/3716-N-25th-St-63107/home/93697062,4,Central,349,1016,6.017241379310345,17.517241379310345
https://www.redfin.com/MO/Saint-Louis/3313-Vista-Ave-63104/home/93700928,3,Central,216,761,3.9272727272727272,13.836363636363636
https://www.redfin.com/MO/Saint-Louis/1729-Nicholson-Pl-63104/home/93690284,4,Central,349,1016,6.017241379310345,17.517241379310345
https://www.redfin.com/MO/Saint-Louis/1319-Lami-St-63104/home/93686447,4,Central,349,1016,6.017241379310345,17.517241379310345
https://www.redfin.com/MO/Saint-Louis/2516-Tamm-Ave-63139/home/93743586,3,Central,216,761,3.9272727272727272,13.836363636363636
https://www.redfin.com/MO/Saint-Louis/6064-Hancock-Ave-63139/home/93748787,3,Central,216,761,3.9272727272727272,13.836363636363636
https://www.redfin.com/MO/Saint-Louis/6024-Columbia-Ave-63139/home/93757210,3,Central,216,761,3.9272727272727272,13.836363636363636
https://www.redfin.com/MO/Saint-Louis/7301-Pennsylvania-Ave-63111/home/93710800,1,South,197,781,3.7884615384615383,15.019230769230768
https://www.redfin.com/MO/Saint-Louis/5721-Devonshire-Ave-63109/home/93753128,1,South,197,781,3.7884615384615383,15.019230769230768
https://www.redfin.com/MO/Saint-Louis/3830-Juniata-St-63116/home/93728336,3,Central,216,761,3.9272727272727272,13.836363636363636
https://www.redfin.com/MO/Saint-Louis/2609-N-Sarah-St-63113/home/93717240,3,Central,216,761,3.9272727272727272,13.836363636363636
https://www.redfin.com/MO/Saint-Louis/7025-Ethel-Ave-63117/home/93760633,3,Central,216,761,3.9272727272727272,13.836363636363636
https://www.redfin.com/MO/Saint-Louis/5627-Milentz-Ave-63109/home/93771457,1,South,197,781,3.7884615384615383,15.019230769230768
https://www.redfin.com/MO/Saint-Louis/3948-Dover-Pl-63116/home/93774750,1,South,197,781,3.7884615384615383,15.019230769230768
https://www.redfin.com/MO/Saint-Louis/6551-Smiley-Ave-63139/home/93742291,3,Central,216,761,3.9272727272727272,13.836363636363636
https://www.redfin.com/MO/Saint-Louis/2929-Dodier-St-63107/home/93754632,4,Central,349,1016,6.017241379310345,17.517241379310345
https://www.redfin.com/MO/Saint-Louis/625-Walsh-St-63111/home/62743719,1,South,197,781,3.7884615384615383,15.019230769230768
https://www.redfin.com/MO/Saint-Louis/2631-Nebraska-Ave-63118/home/79074333,3,Central,216,761,3.9272727272727272,13.836363636363636
https://www.redfin.com/MO/Saint-Louis/6519-Devonshire-Ave-63109/home/93779040,1,South,197,781,3.7884615384615383,15.019230769230768
https://www.redfin.com/MO/Saint-Louis/6308-Winona-Ave-63109/home/93782109,1,South,197,781,3.7884615384615383,15.019230769230768
https://www.redfin.com/MO/Saint-Louis/4422-Vista-Ave-63110/home/169425125,3,Central,216,761,3.9272727272727272,13.836363636363636
https://www.redfin.com/MO/Saint-Louis/3834-Rainor-Ct-63116/home/93785343,1,South,197,781,3.7884615384615383,15.019230769230768
https://www.redfin.com/MO/Saint-Louis/7375-Sharp-Ave-63116/home/93784841,1,South,197,781,3.7884615384615383,15.019230769230768
https://www.redfin.com/MO/Saint-Louis/3927-Federer-Pl-63116/home/62740476,1,South,197,781,3.7884615384615383,15.019230769230768
https://www.redfin.com/MO/St-Louis/5809-Park-63147/home/177024550,5,North,287,878,5.857142857142857,17.918367346938773
https://www.redfin.com/MO/Saint-Louis/21-Willmore-Rd-63109/home/93782583,1,South,197,781,3.7884615384615383,15.019230769230768
https://www.redfin.com/MO/Saint-Louis/3327-Park-Ave-63104/home/93700901,3,Central,216,761,3.9272727272727272,13.836363636363636
https://www.redfin.com/MO/Saint-Louis/3912-Bates-St-63116/home/93781579,1,South,197,781,3.7884615384615383,15.019230769230768
https://www.redfin.com/MO/Saint-Louis/2332-S-Compton-Ave-63104/home/93671850,3,Central,216,761,3.9272727272727272,13.836363636363636
https://www.redfin.com/MO/Saint-Louis/4715-Rosa-Ave-63116/home/62717755,1,South,197,781,3.7884615384615383,15.019230769230768
https://www.redfin.com/MO/Saint-Louis/5230-Fairview-Ave-63139/home/93742629,1,South,197,781,3.7884615384615383,15.019230769230768
https://www.redfin.com/MO/Saint-Louis/5217-Fairview-Ave-63139/home/62735421,1,South,197,781,3.7884615384615383,15.019230769230768
https://www.redfin.com/MO/Saint-Louis/3923-Prather-Ave-63109/home/62752555,1,South,197,781,3.7884615384615383,15.019230769230768
https://www.redfin.com/MO/Saint-Louis/6137-Colorado-Ave-63111/home/93709529,1,South,197,781,3.7884615384615383,15.019230769230768
https://www.redfin.com/MO/Saint-Louis/5533-Winona-Ave-63109/home/93782360,1,South,197,781,3.7884615384615383,15.019230769230768
https://www.redfin.com/MO/Saint-Louis/5833-Delor-St-63109/home/62759578,1,South,197,781,3.7884615384615383,15.019230769230768
https://www.redfin.com/MO/Saint-Louis/6323-Alaska-Ave-63111/home/93709337,1,South,197,781,3.7884615384615383,15.019230769230768
https://www.redfin.com/MO/Saint-Louis/4325-Koeln-Ave-63116/home/62765538,1,South,197,781,3.7884615384615383,15.019230769230768
https://www.redfin.com/MO/Saint-Louis/3526-Nebraska-Ave-63118/home/93694855,1,South,197,781,3.7884615384615383,15.019230769230768
https://www.redfin.com/MO/St-Louis/3201-Eads-Ave-63104/unit-1/home/177082425,3,Central,216,761,3.9272727272727272,13.836363636363636
https://www.redfin.com/MO/Saint-Louis/4321-Quincy-St-63116/home/93784481,1,South,197,781,3.7884615384615383,15.019230769230768
https://www.redfin.com/MO/Saint-Louis/5736-Winona-Ave-63109/home/93780872,1,South,197,781,3.7884615384615383,15.019230769230768
https://www.redfin.com/MO/Saint-Louis/5250-Sutherland-Ave-63109/home/93752869,1,South,197,781,3.7884615384615383,15.019230769230768
https://www.redfin.com/MO/Saint-Louis/6039-Juniata-St-63139/home/62767316,3,Central,216,761,3.9272727272727272,13.836363636363636
https://www.redfin.com/MO/Saint-Louis/5101-McCausland-Ave-63109/home/93781547,1,South,197,781,3.7884615384615383,15.019230769230768
https://www.redfin.com/MO/Saint-Louis/2106-S-11th-St-63104/home/93686332,4,Central,349,1016,6.017241379310345,17.517241379310345
https://www.redfin.com/MO/Saint-Louis/6309-Murdoch-Ave-63109/home/93780213,1,South,197,781,3.7884615384615383,15.019230769230768
https://www.redfin.com/MO/Saint-Louis/7714-Vermont-Ave-63111/home/93711101,1,South,197,781,3.7884615384615383,15.019230769230768
https://www.redfin.com/MO/Saint-Louis/6632-Winnebago-St-63109/home/62711231,1,South,197,781,3.7884615384615383,15.019230769230768
https://www.redfin.com/MO/Saint-Louis/8725-Annetta-Ave-63147/home/93779397,5,North,287,878,5.857142857142857,17.918367346938773
https://www.redfin.com/MO/Saint-Louis/1923-Sublette-Ave-63110/home/93726535,3,Central,216,761,3.9272727272727272,13.836363636363636
https://www.redfin.com/MO/Saint-Louis/2311-Arsenal-St-63118/home/62740985,2,South,118,726,2.681818181818182,16.5
https://www.redfin.com/MO/Saint-Louis/4817-Rhodes-Ave-63116/home/93766553,1,South,197,781,3.7884615384615383,15.019230769230768
https://www.redfin.com/MO/Saint-Louis/6823-Minnesota-Ave-63111/home/93710470,1,South,197,781,3.7884615384615383,15.019230769230768
https://www.redfin.com/MO/Saint-Louis/6249-Marmaduke-Ave-63139/home/93754730,3,Central,216,761,3.9272727272727272,13.836363636363636
https://www.redfin.com/MO/Saint-Louis/2701-McNair-Ave-63118/home/93697833,4,Central,349,1016,6.017241379310345,17.517241379310345
https://www.redfin.com/MO/Saint-Louis/7005-Trainor-Ct-63116/home/93773352,1,South,197,781,3.7884615384615383,15.019230769230768
https://www.redfin.com/MO/Saint-Louis/4558-Cote-Brilliante-Ave-63113/home/93718835,3,Central,216,761,3.9272727272727272,13.836363636363636
https://www.redfin.com/MO/Saint-Louis/3841-Fairview-Ave-63116/home/70323341,1,South,197,781,3.7884615384615383,15.019230769230768
https://www.redfin.com/MO/Saint-Louis/5717-Bartmer-Ave-63112/home/93722564,3,Central,216,761,3.9272727272727272,13.836363636363636
https://www.redfin.com/MO/Saint-Louis/4502-Tholozan-Ave-63116/home/93730026,1,South,197,781,3.7884615384615383,15.019230769230768
https://www.redfin.com/MO/Saint-Louis/5557-Elizabeth-Ave-63110/home/93772554,3,Central,216,761,3.9272727272727272,13.836363636363636
https://www.redfin.com/MO/Saint-Louis/6353-Murdoch-Ave-63109/home/93780222,1,South,197,781,3.7884615384615383,15.019230769230768
https://www.redfin.com/MO/Saint-Louis/3743-Sullivan-Ave-63107/home/93702135,4,Central,349,1016,6.017241379310345,17.517241379310345
https://www.redfin.com/MO/Saint-Louis/3410-McCausland-Ave-63139/home/62695577,3,Central,216,761,3.9272727272727272,13.836363636363636
https://www.redfin.com/MO/Saint-Louis/8748-Jordan-Ave-63147/home/93782973,5,North,287,878,5.857142857142857,17.918367346938773
https://www.redfin.com/MO/Saint-Louis/3143-Ohio-Ave-63118/home/93697079,2,South,118,726,2.681818181818182,16.5
https://www.redfin.com/MO/Saint-Louis/6301-Potomac-St-63139/home/62708008,1,South,197,781,3.7884615384615383,15.019230769230768
https://www.redfin.com/MO/Saint-Louis/3442-Potomac-St-63118/home/93695418,1,South,197,781,3.7884615384615383,15.019230769230768
https://www.redfin.com/MO/Saint-Louis/6518-Parkwood-Pl-63116/home/62708481,1,South,197,781,3.7884615384615383,15.019230769230768
https://www.redfin.com/MO/Saint-Louis/4149-Humphrey-St-63116/unit-4149/home/93679024,1,South,197,781,3.7884615384615383,15.019230769230768
https://www.redfin.com/MO/Saint-Louis/4645-Adkins-Ave-63116/home/93757030,1,South,197,781,3.7884615384615383,15.019230769230768
https://www.redfin.com/MO/Saint-Louis/3937-Russell-Blvd-63110/home/93747580,3,Central,216,761,3.9272727272727272,13.836363636363636
https://www.redfin.com/MO/Saint-Louis/1035-Central-Ave-63139/home/93759988,3,Central,216,761,3.9272727272727272,13.836363636363636
https://www.redfin.com/MO/Saint-Louis/3808-Olive-St-63108/home/181866746,3,Central,216,761,3.9272727272727272,13.836363636363636
https://www.redfin.com/MO/Saint-Louis/1917-S-Compton-Ave-63104/home/62762825,3,Central,216,761,3.9272727272727272,13.836363636363636
https://www.redfin.com/MO/Saint-Louis/4607-S-Spring-Ave-63116/home/62727936,1,South,197,781,3.7884615384615383,15.019230769230768
https://www.redfin.com/MO/Saint-Louis/8601-Tara-Ln-63147/home/93732062,5,North,287,878,5.857142857142857,17.918367346938773
https://www.redfin.com/MO/Saint-Louis/5713-Acme-Ave-63136/home/93421445,5,North,287,878,5.857142857142857,17.918367346938773
https://www.redfin.com/MO/Saint-Louis/5852-Clemens-Ave-63112/home/93680626,3,Central,216,761,3.9272727272727272,13.836363636363636
https://www.redfin.com/MO/Saint-Louis/5431-Elizabeth-Ave-63110/home/93772092,3,Central,216,761,3.9272727272727272,13.836363636363636
https://www.redfin.com/MO/Saint-Louis/6456-Wade-Ave-63139/home/93740751,3,Central,216,761,3.9272727272727272,13.836363636363636
https://www.redfin.com/MO/Saint-Louis/5236-Daggett-Ave-63110/home/62689692,3,Central,216,761,3.9272727272727272,13.836363636363636
https://www.redfin.com/MO/Saint-Louis/4120-Haven-St-63116/home/62716855,1,South,197,781,3.7884615384615383,15.019230769230768
https://www.redfin.com/MO/Saint-Louis/4865-Bessie-Ave-63115/home/93733388,5,North,287,878,5.857142857142857,17.918367346938773
https://www.redfin.com/MO/Saint-Louis/5958-Floy-Ave-63147/home/79024620,5,North,287,878,5.857142857142857,17.918367346938773
https://www.redfin.com/MO/Saint-Louis/4566-Washington-Blvd-63108/home/93676136,3,Central,216,761,3.9272727272727272,13.836363636363636
https://www.redfin.com/MO/Saint-Louis/3623-Oregon-Ave-63118/home/93696399,1,South,197,781,3.7884615384615383,15.019230769230768
https://www.redfin.com/MO/Saint-Louis/4108-De-Tonty-St-63110/home/143286953,3,Central,216,761,3.9272727272727272,13.836363636363636
https://www.redfin.com/MO/Saint-Louis/4128-De-Tonty-St-63110/home/143286956,3,Central,216,761,3.9272727272727272,13.836363636363636
https://www.redfin.com/MO/St-Louis/4201-W-Pine-Blvd-63108/unit-106/home/175152249,3,Central,216,761,3.9272727272727272,13.836363636363636
https://www.redfin.com/MO/Saint-Louis/1505-W-Billon-Ave-63139/home/93741494,3,Central,216,761,3.9272727272727272,13.836363636363636
https://www.redfin.com/MO/Saint-Louis/3411-Vista-Ave-63104/home/93700939,3,Central,216,761,3.9272727272727272,13.836363636363636
https://www.redfin.com/MO/Saint-Louis/6927-Sutherland-Ave-63109/home/181867591,1,South,197,781,3.7884615384615383,15.019230769230768
https://www.redfin.com/MO/Saint-Louis/3253-Texas-Ave-63118/home/62699239,2,South,118,726,2.681818181818182,16.5
https://www.redfin.com/MO/Saint-Louis/2208-Chippewa-St-63118/home/93696777,2,South,118,726,2.681818181818182,16.5
https://www.redfin.com/MO/Saint-Louis/7344-Sharp-Ave-63116/home/93785078,1,South,197,781,3.7884615384615383,15.019230769230768
https://www.redfin.com/MO/Saint-Louis/2223-Sublette-Ave-63110/home/93772621,3,Central,216,761,3.9272727272727272,13.836363636363636
https://www.redfin.com/MO/Saint-Louis/3506-Pennsylvania-Ave-63118/home/93694885,1,South,197,781,3.7884615384615383,15.019230769230768
https://www.redfin.com/MO/Saint-Louis/4424-Randall-Pl-63107/home/93703512,4,Central,349,1016,6.017241379310345,17.517241379310345
https://www.redfin.com/MO/Saint-Louis/4866-Carter-Ave-63115/home/93733318,5,North,287,878,5.857142857142857,17.918367346938773
https://www.redfin.com/MO/Saint-Louis/1524-Deer-St-63113/home/93718743,3,Central,216,761,3.9272727272727272,13.836363636363636
https://www.redfin.com/MO/Saint-Louis/4319-California-Ave-63111/home/93705736,1,South,197,781,3.7884615384615383,15.019230769230768
https://www.redfin.com/MO/Saint-Louis/4737-Beacon-Ave-63120/home/62724376,5,North,287,878,5.857142857142857,17.918367346938773
https://www.redfin.com/MO/Saint-Louis/3819-Kossuth-Ave-63107/home/93715026,4,Central,349,1016,6.017241379310345,17.517241379310345
https://www.redfin.com/MO/Saint-Louis/5168-Vernon-Ave-63113/home/93752401,3,Central,216,761,3.9272727272727272,13.836363636363636
https://www.redfin.com/MO/Saint-Louis/2028-Destrehan-St-63107/home/93688743,4,Central,349,1016,6.017241379310345,17.517241379310345
https://www.redfin.com/MO/Saint-Louis/3615-Virginia-Ave-63118/home/93695713,1,South,197,781,3.7884615384615383,15.019230769230768
https://www.redfin.com/MO/Saint-Louis/2349-S-Compton-Ave-63104/home/93691981,3,Central,216,761,3.9272727272727272,13.836363636363636
https://www.redfin.com/MO/Saint-Louis/4728-Primm-St-63116/home/93775511,1,South,197,781,3.7884615384615383,15.019230769230768
https://www.redfin.com/MO/Saint-Louis/1131-Angelica-St-63107/home/93702897,4,Central,349,1016,6.017241379310345,17.517241379310345
https://www.redfin.com/MO/Saint-Louis/215-N-Sarah-St-63108/unit-11/home/182774033,3,Central,216,761,3.9272727272727272,13.836363636363636
https://www.redfin.com/MO/St-Louis/2231-Hickory-63104/home/173772914,4,Central,349,1016,6.017241379310345,17.517241379310345
https://www.redfin.com/MO/Saint-Louis/2630-S-11th-St-63118/home/93686926,4,Central,349,1016,6.017241379310345,17.517241379310345
https://www.redfin.com/MO/Saint-Louis/5306-Wilson-Ave-63110/home/178545804,3,Central,216,761,3.9272727272727272,13.836363636363636
https://www.redfin.com/MO/Saint-Louis/4461-Dewey-Ave-63116/home/93730857,1,South,197,781,3.7884615384615383,15.019230769230768
https://www.redfin.com/MO/Saint-Louis/4501-Oregon-Ave-63111/home/93706556,1,South,197,781,3.7884615384615383,15.019230769230768
https://www.redfin.com/MO/Saint-Louis/5204-Cabanne-Ave-63113/home/93745396,3,Central,216,761,3.9272727272727272,13.836363636363636
https://www.redfin.com/MO/Saint-Louis/9139-Edna-St-63137/home/93782309,5,North,287,878,5.857142857142857,17.918367346938773
https://www.redfin.com/MO/Saint-Louis/5054-Fyler-Ave-63139/home/93777184,3,Central,216,761,3.9272727272727272,13.836363636363636
https://www.redfin.com/MO/Saint-Louis/5304-Wilson-Ave-63110/home/178545736,3,Central,216,761,3.9272727272727272,13.836363636363636
https://www.redfin.com/MO/Saint-Louis/2113-Boardman-St-63110/home/173620159,3,Central,216,761,3.9272727272727272,13.836363636363636
https://www.redfin.com/MO/Saint-Louis/6119-Alabama-Ave-63111/home/93709140,1,South,197,781,3.7884615384615383,15.019230769230768
https://www.redfin.com/MO/Saint-Louis/10102-Lookaway-Dr-63137/home/93785916,6,North,310,717,6.739130434782608,15.58695652173913
https://www.redfin.com/MO/Saint-Louis/6603-Villa-Ave-63139/home/93750101,3,Central,216,761,3.9272727272727272,13.836363636363636
https://www.redfin.com/MO/Saint-Louis/4107-Oleatha-Ave-63116/home/93728793,1,South,197,781,3.7884615384615383,15.019230769230768
https://www.redfin.com/MO/Saint-Louis/3325-Itaska-St-63111/home/93707074,1,South,197,781,3.7884615384615383,15.019230769230768
https://www.redfin.com/MO/Saint-Louis/5206-Morganford-Rd-63116/home/93773998,1,South,197,781,3.7884615384615383,15.019230769230768
https://www.redfin.com/MO/Saint-Louis/3005-Lemp-Ave-63118/home/93698988,2,South,118,726,2.681818181818182,16.5
https://www.redfin.com/MO/Saint-Louis/5327-West-Ave-63116/home/93761672,1,South,197,781,3.7884615384615383,15.019230769230768
https://www.redfin.com/MO/Saint-Louis/6832-Dale-Ave-63139/home/93740616,3,Central,216,761,3.9272727272727272,13.836363636363636
https://www.redfin.com/MO/Saint-Louis/2704-Stoddard-St-63106/home/93686858,4,Central,349,1016,6.017241379310345,17.517241379310345
https://www.redfin.com/MO/Saint-Louis/4316-Alma-Ave-63116/home/62709511,1,South,197,781,3.7884615384615383,15.019230769230768
https://www.redfin.com/MO/Saint-Louis/4610-Lexington-Ave-63115/home/93735673,3,Central,216,761,3.9272727272727272,13.836363636363636
https://www.redfin.com/MO/Saint-Louis/5249-Vernon-Ave-63113/home/93710058,3,Central,216,761,3.9272727272727272,13.836363636363636
https://www.redfin.com/MO/Saint-Louis/3963-Palm-St-63107/home/93753891,4,Central,349,1016,6.017241379310345,17.517241379310345
https://www.redfin.com/MO/Saint-Louis/5658-Maffitt-Ave-63112/home/93754248,3,Central,216,761,3.9272727272727272,13.836363636363636
https://www.redfin.com/MO/Saint-Louis/3616-Osceola-St-63116/home/93706464,1,South,197,781,3.7884615384615383,15.019230769230768
https://www.redfin.com/MO/Saint-Louis/4129-Enright-Ave-63108/home/93745145,3,Central,216,761,3.9272727272727272,13.836363636363636
https://www.redfin.com/MO/Saint-Louis/4606-Wherry-Ave-63109/home/93753230,1,South,197,781,3.7884615384615383,15.019230769230768
https://www.redfin.com/MO/Saint-Louis/2235-Missouri-Ave-63104/home/93690901,4,Central,349,1016,6.017241379310345,17.517241379310345
https://www.redfin.com/MO/Saint-Louis/2023-Sidney-St-63104/home/93671861,4,Central,349,1016,6.017241379310345,17.517241379310345
https://www.redfin.com/MO/Saint-Louis/5109-Cote-Brilliante-Ave-63113/home/93738127,3,Central,216,761,3.9272727272727272,13.836363636363636
https://www.redfin.com/MO/Saint-Louis/5052-Plover-Ave-63120/home/93759787,5,North,287,878,5.857142857142857,17.918367346938773
https://www.redfin.com/MO/Saint-Louis/8528-Riverview-Blvd-63147/home/62717280,5,North,287,878,5.857142857142857,17.918367346938773
https://www.redfin.com/MO/Saint-Louis/8508-Drury-Ln-63147/home/93732315,5,North,287,878,5.857142857142857,17.918367346938773
https://www.redfin.com/MO/Saint-Louis/8050-Morganford-Rd-63123/home/93784188,1,South,197,781,3.7884615384615383,15.019230769230768
https://www.redfin.com/MO/Saint-Louis/1827-Kennett-Pl-63104/home/62712447,4,Central,349,1016,6.017241379310345,17.517241379310345
https://www.redfin.com/MO/Saint-Louis/11-Henrietta-Pl-63104/home/93700466,4,Central,349,1016,6.017241379310345,17.517241379310345
https://www.redfin.com/MO/Saint-Louis/4146-Concordia-Ave-63116/home/93770979,1,South,197,781,3.7884615384615383,15.019230769230768
https://www.redfin.com/MO/Saint-Louis/4481-Vista-Ave-63110/home/93726085,3,Central,216,761,3.9272727272727272,13.836363636363636
https://www.redfin.com/MO/Saint-Louis/4025-Tholozan-Ave-63116/home/93728643,1,South,197,781,3.7884615384615383,15.019230769230768
https://www.redfin.com/MO/Saint-Louis/4095-Concordia-Ave-63116/home/93761979,1,South,197,781,3.7884615384615383,15.019230769230768
https://www.redfin.com/MO/Saint-Louis/5046-Enright-Ave-63108/home/93744589,3,Central,216,761,3.9272727272727272,13.836363636363636
https://www.redfin.com/MO/Saint-Louis/4275-E-Ashland-Ave-63115/home/93735095,3,Central,216,761,3.9272727272727272,13.836363636363636
https://www.redfin.com/MO/Saint-Louis/6609-Pennsylvania-Ave-63111/home/93681591,1,South,197,781,3.7884615384615383,15.019230769230768
https://www.redfin.com/MO/Saint-Louis/3743-Palm-St-63107/home/93702207,4,Central,349,1016,6.017241379310345,17.517241379310345
https://www.redfin.com/MO/Saint-Louis/4315-Oregon-Ave-63111/home/93705764,1,South,197,781,3.7884615384615383,15.019230769230768
https://www.redfin.com/MO/Saint-Louis/3725-Minnesota-Ave-63118/home/93695864,1,South,197,781,3.7884615384615383,15.019230769230768
https://www.redfin.com/MO/Saint-Louis/4101-W-Pine-Blvd-63108/unit-2/home/187671438,3,Central,216,761,3.9272727272727272,13.836363636363636
https://www.redfin.com/MO/Saint-Louis/5716-Minnesota-Ave-63111/home/93708383,1,South,197,781,3.7884615384615383,15.019230769230768
https://www.redfin.com/MO/Saint-Louis/1440-S-18th-St-63104/home/93689711,4,Central,349,1016,6.017241379310345,17.517241379310345
https://www.redfin.com/MO/Saint-Louis/4528-Pennsylvania-Ave-63111/home/93706541,1,South,197,781,3.7884615384615383,15.019230769230768
https://www.redfin.com/MO/Saint-Louis/2633-Wyoming-St-63118/home/79160574,2,South,118,726,2.681818181818182,16.5
https://www.redfin.com/MO/Saint-Louis/2625-Armand-Pl-63104/home/93690833,4,Central,349,1016,6.017241379310345,17.517241379310345
https://www.redfin.com/MO/Saint-Louis/8784-N-Broadway-63147/home/93766301,6,North,310,717,6.739130434782608,15.58695652173913
https://www.redfin.com/MO/Saint-Louis/4862-San-Francisco-Ave-63115/home/93732725,3,Central,216,761,3.9272727272727272,13.836363636363636
https://www.redfin.com/MO/Saint-Louis/1212-Dolman-St-63104/home/62779976,4,Central,349,1016,6.017241379310345,17.517241379310345
https://www.redfin.com/MO/Saint-Louis/6214-Fyler-Ave-63139/home/93743114,3,Central,216,761,3.9272727272727272,13.836363636363636
https://www.redfin.com/MO/Saint-Louis/3125-Potomac-St-63118/home/93695053,1,South,197,781,3.7884615384615383,15.019230769230768
https://www.redfin.com/MO/Saint-Louis/4903-Michigan-Ave-63111/home/93707643,1,South,197,781,3.7884615384615383,15.019230769230768
https://www.redfin.com/MO/Saint-Louis/2129-E-Gano-Ave-63107/home/93712548,4,Central,349,1016,6.017241379310345,17.517241379310345
https://www.redfin.com/MO/Saint-Louis/3834-De-Tonty-St-63110/home/93760785,3,Central,216,761,3.9272727272727272,13.836363636363636
https://www.redfin.com/MO/Saint-Louis/3716-Carondelet-Blvd-63123/home/93712317,1,South,197,781,3.7884615384615383,15.019230769230768
https://www.redfin.com/MO/Saint-Louis/8117-Reilly-Ave-63111/home/93711411,1,South,197,781,3.7884615384615383,15.019230769230768
https://www.redfin.com/MO/Saint-Louis/6448-Clifton-Hills-Dr-63139/home/92910361,3,Central,216,761,3.9272727272727272,13.836363636363636
https://www.redfin.com/MO/Saint-Louis/3916-Nebraska-Ave-63118/home/93704270,1,South,197,781,3.7884615384615383,15.019230769230768
https://www.redfin.com/MO/Saint-Louis/1422-McCausland-Ave-63117/home/93740571,3,Central,216,761,3.9272727272727272,13.836363636363636
https://www.redfin.com/MO/Saint-Louis/5915-Era-Ave-63147/home/93768913,5,North,287,878,5.857142857142857,17.918367346938773
https://www.redfin.com/MO/Saint-Louis/5909-Hampton-Ave-63109/home/169429165,1,South,197,781,3.7884615384615383,15.019230769230768
https://www.redfin.com/MO/Saint-Louis/8516-Church-Rd-63147/home/93754422,5,North,287,878,5.857142857142857,17.918367346938773
https://www.redfin.com/MO/Saint-Louis/8922-Edna-St-63147/home/93731544,5,North,287,878,5.857142857142857,17.918367346938773
https://www.redfin.com/MO/Saint-Louis/3966-Lexington-Ave-63107/home/93753754,4,Central,349,1016,6.017241379310345,17.517241379310345
https://www.redfin.com/MO/Saint-Louis/4035-California-Ave-63118/home/93705019,1,South,197,781,3.7884615384615383,15.019230769230768
https://www.redfin.com/MO/Saint-Louis/7617-Ivory-Ave-63111/home/93673560,1,South,197,781,3.7884615384615383,15.019230769230768
https://www.redfin.com/MO/Saint-Louis/4627-Adkins-Ave-63116/home/93757025,1,South,197,781,3.7884615384615383,15.019230769230768
https://www.redfin.com/MO/Saint-Louis/4822-Milentz-Ave-63116/home/93766469,1,South,197,781,3.7884615384615383,15.019230769230768
https://www.redfin.com/MO/Saint-Louis/7426-S-Grand-Ave-63111/home/93710837,1,South,197,781,3.7884615384615383,15.019230769230768
https://www.redfin.com/MO/Saint-Louis/5639-Bancroft-Ave-63109/home/62757593,1,South,197,781,3.7884615384615383,15.019230769230768
https://www.redfin.com/MO/Saint-Louis/1387-Temple-Pl-63112/home/93722303,3,Central,216,761,3.9272727272727272,13.836363636363636
https://www.redfin.com/MO/Saint-Louis/1111-Forest-Ave-63139/home/93759915,3,Central,216,761,3.9272727272727272,13.836363636363636
https://www.redfin.com/MO/Saint-Louis/3208-N-Dakota-St-63111/home/93705940,1,South,197,781,3.7884615384615383,15.019230769230768
https://www.redfin.com/MO/Saint-Louis/4311-Loughborough-Ave-63116/home/93771844,1,South,197,781,3.7884615384615383,15.019230769230768
https://www.redfin.com/MO/Saint-Louis/5741-Floy-Ave-63136/home/93765383,5,North,287,878,5.857142857142857,17.918367346938773
https://www.redfin.com/MO/Saint-Louis/5254-Maple-Ave-63113/home/93710061,3,Central,216,761,3.9272727272727272,13.836363636363636
https://www.redfin.com/MO/Saint-Louis/4143-Peck-St-63107/home/93702871,4,Central,349,1016,6.017241379310345,17.517241379310345
https://www.redfin.com/MO/Saint-Louis/5542-Era-Ave-63136/home/93770051,5,North,287,878,5.857142857142857,17.918367346938773
https://www.redfin.com/MO/Saint-Louis/1312-Sullivan-Ave-63107/home/169424164,4,Central,349,1016,6.017241379310345,17.517241379310345
https://www.redfin.com/MO/Saint-Louis/5532-Lansdowne-Ave-63109/home/93752944,1,South,197,781,3.7884615384615383,15.019230769230768
https://www.redfin.com/MO/Saint-Louis/3447-Dunnica-Ave-63118/home/62700025,1,South,197,781,3.7884615384615383,15.019230769230768
https://www.redfin.com/MO/Saint-Louis/4604-Varrelmann-Ave-63116/home/62755287,1,South,197,781,3.7884615384615383,15.019230769230768
https://www.redfin.com/MO/Saint-Louis/3119-Iowa-Ave-63118/home/93697147,2,South,118,726,2.681818181818182,16.5
https://www.redfin.com/MO/Saint-Louis/2907-Salena-St-63118/home/62747655,2,South,118,726,2.681818181818182,16.5
https://www.redfin.com/MO/Saint-Louis/2909-Minnesota-Ave-63118/home/93692124,3,Central,216,761,3.9272727272727272,13.836363636363636
https://www.redfin.com/MO/Saint-Louis/1405-Missouri-Ave-63104/home/93700552,4,Central,349,1016,6.017241379310345,17.517241379310345
https://www.redfin.com/MO/Saint-Louis/2715-Meramec-St-63118/home/93705047,1,South,197,781,3.7884615384615383,15.019230769230768
https://www.redfin.com/MO/Saint-Louis/2350-Hickory-St-63104/home/93700618,4,Central,349,1016,6.017241379310345,17.517241379310345
https://www.redfin.com/MO/Saint-Louis/4634-Tyrolean-Ave-63116/home/93759225,1,South,197,781,3.7884615384615383,15.019230769230768
https://www.redfin.com/MO/Saint-Louis/7204-Emilie-St-63143/home/93743144,3,Central,216,761,3.9272727272727272,13.836363636363636
https://www.redfin.com/MO/Saint-Louis/5807-Columbia-Ave-63139/home/93741629,3,Central,216,761,3.9272727272727272,13.836363636363636
https://www.redfin.com/MO/Saint-Louis/4735-Tennessee-Ave-63111/home/93707179,1,South,197,781,3.7884615384615383,15.019230769230768
https://www.redfin.com/MO/Saint-Louis/3159-Nebraska-Ave-63118/home/93693209,1,South,197,781,3.7884615384615383,15.019230769230768
https://www.redfin.com/MO/Saint-Louis/6481-Westway-Rd-63109/home/93782718,1,South,197,781,3.7884615384615383,15.019230769230768
https://www.redfin.com/MO/Saint-Louis/3862-Neosho-St-63116/home/93730902,1,South,197,781,3.7884615384615383,15.019230769230768
https://www.redfin.com/MO/Saint-Louis/1225-Mackay-Pl-63104/home/93701075,4,Central,349,1016,6.017241379310345,17.517241379310345
https://www.redfin.com/MO/Saint-Louis/5309-Lindenwood-Ave-63109/home/93781770,1,South,197,781,3.7884615384615383,15.019230769230768
https://www.redfin.com/MO/Saint-Louis/4610-Leona-St-63116/home/93769637,1,South,197,781,3.7884615384615383,15.019230769230768
https://www.redfin.com/MO/Saint-Louis/4317-Enright-Ave-63108/home/93739851,3,Central,216,761,3.9272727272727272,13.836363636363636
https://www.redfin.com/MO/Saint-Louis/7036-Canterbury-Ave-63143/home/169427487,3,Central,216,761,3.9272727272727272,13.836363636363636
https://www.redfin.com/MO/Saint-Louis/4717-Hannover-Ave-63123/home/93557427,1,South,197,781,3.7884615384615383,15.019230769230768
https://www.redfin.com/MO/Saint-Louis/4946-Margaretta-Ave-63115/home/93761329,3,Central,216,761,3.9272727272727272,13.836363636363636
https://www.redfin.com/MO/Saint-Louis/4616-S-38th-St-63116/home/93767578,1,South,197,781,3.7884615384615383,15.019230769230768
https://www.redfin.com/MO/Saint-Louis/4238-Cleveland-Ave-63110/home/93746805,3,Central,216,761,3.9272727272727272,13.836363636363636
https://www.redfin.com/MO/Saint-Louis/6279-Magnolia-Ave-63139/home/93743624,3,Central,216,761,3.9272727272727272,13.836363636363636
https://www.redfin.com/MO/Saint-Louis/4069-Germania-St-63116/home/93784832,1,South,197,781,3.7884615384615383,15.019230769230768
https://www.redfin.com/MO/Saint-Louis/2706-Osage-St-63118/home/63473643,1,South,197,781,3.7884615384615383,15.019230769230768
https://www.redfin.com/MO/Saint-Louis/8946-Halls-Ferry-Rd-63147/home/93731503,5,North,287,878,5.857142857142857,17.918367346938773
https://www.redfin.com/MO/Saint-Louis/3100-Rolla-Pl-63115/home/93736126,3,Central,216,761,3.9272727272727272,13.836363636363636
https://www.redfin.com/MO/Saint-Louis/5601-Vernon-Ave-63112/home/93709977,3,Central,216,761,3.9272727272727272,13.836363636363636
https://www.redfin.com/MO/Saint-Louis/4669-Allemania-St-63116/home/93776458,1,South,197,781,3.7884615384615383,15.019230769230768
https://www.redfin.com/MO/St-Louis/1920-Park-Ave-63104/home/186511117,4,Central,349,1016,6.017241379310345,17.517241379310345
https://www.redfin.com/MO/Saint-Louis/7136-Mardel-Ave-63109/home/93748002,1,South,197,781,3.7884615384615383,15.019230769230768
https://www.redfin.com/MO/Saint-Louis/3618-Hydraulic-Ave-63116/home/93766185,1,South,197,781,3.7884615384615383,15.019230769230768
https://www.redfin.com/MO/Saint-Louis/3238-Tennyson-Sq-63143/home/93751158,3,Central,216,761,3.9272727272727272,13.836363636363636
https://www.redfin.com/MO/Saint-Louis/853-Nassau-Dr-63147/home/93783366,5,North,287,878,5.857142857142857,17.918367346938773
https://www.redfin.com/MO/Saint-Louis/3732-Blair-Ave-63107/home/182003302,4,Central,349,1016,6.017241379310345,17.517241379310345
https://www.redfin.com/MO/Saint-Louis/4247-Cleveland-Ave-63110/home/93746897,3,Central,216,761,3.9272727272727272,13.836363636363636
https://www.redfin.com/MO/Saint-Louis/5638-Murdoch-Ave-63109/home/93753511,1,South,197,781,3.7884615384615383,15.019230769230768
https://www.redfin.com/MO/Saint-Louis/3730-Blair-Ave-63107/home/93689327,4,Central,349,1016,6.017241379310345,17.517241379310345
https://www.redfin.com/MO/Saint-Louis/5022-Daggett-Ave-63110/home/185740444,3,Central,216,761,3.9272727272727272,13.836363636363636
https://www.redfin.com/MO/Saint-Louis/4066-Bates-St-63116/home/93761900,1,South,197,781,3.7884615384615383,15.019230769230768
https://www.redfin.com/MO/St-Louis/2247-Gravois-Ave-63104/home/195989609,4,Central,349,1016,6.017241379310345,17.517241379310345
https://www.redfin.com/MO/Saint-Louis/6214-Oleatha-Ave-63139/home/93775350,1,South,197,781,3.7884615384615383,15.019230769230768
https://www.redfin.com/MO/Saint-Louis/4202-E-Carter-Ave-63115/home/93714767,4,Central,349,1016,6.017241379310345,17.517241379310345
https://www.redfin.com/MO/Saint-Louis/5234-Morganford-Rd-63116/home/62743619,1,South,197,781,3.7884615384615383,15.019230769230768
https://www.redfin.com/MO/Saint-Louis/4471-S-Spring-Ave-63116/home/93730980,1,South,197,781,3.7884615384615383,15.019230769230768
https://www.redfin.com/MO/Saint-Louis/6608-Idaho-Ave-63111/home/93709882,1,South,197,781,3.7884615384615383,15.019230769230768
https://www.redfin.com/MO/Saint-Louis/3808-Primm-St-63123/home/93785180,1,South,197,781,3.7884615384615383,15.019230769230768
https://www.redfin.com/MO/Saint-Louis/2021-Boardman-St-63110/home/173620190,3,Central,216,761,3.9272727272727272,13.836363636363636
https://www.redfin.com/MO/Saint-Louis/4025-Lexington-Ave-63107/home/93753787,4,Central,349,1016,6.017241379310345,17.517241379310345
https://www.redfin.com/MO/Saint-Louis/1946-Arlington-Ave-63112/home/93738636,3,Central,216,761,3.9272727272727272,13.836363636363636
https://www.redfin.com/MO/Saint-Louis/2209-Edwards-St-63110/home/93727459,3,Central,216,761,3.9272727272727272,13.836363636363636
https://www.redfin.com/MO/Saint-Louis/5227-Ulena-Ave-63116/home/93757700,1,South,197,781,3.7884615384615383,15.019230769230768
https://www.redfin.com/MO/Saint-Louis/2609-Macklind-Ave-63139/home/93727445,3,Central,216,761,3.9272727272727272,13.836363636363636
https://www.redfin.com/MO/Saint-Louis/5809-Pershing-Ave-63112/home/93762478,3,Central,216,761,3.9272727272727272,13.836363636363636
https://www.redfin.com/MO/Saint-Louis/7100-Idaho-Ave-63111/home/93710286,1,South,197,781,3.7884615384615383,15.019230769230768
https://www.redfin.com/MO/Saint-Louis/3130-Russell-Blvd-63104/home/93690970,3,Central,216,761,3.9272727272727272,13.836363636363636
https://www.redfin.com/MO/Saint-Louis/3820-Shaw-Blvd-63110/home/93747197,3,Central,216,761,3.9272727272727272,13.836363636363636
https://www.redfin.com/MO/Saint-Louis/4246-N-Taylor-Ave-63115/home/93734461,3,Central,216,761,3.9272727272727272,13.836363636363636
https://www.redfin.com/MO/Saint-Louis/4112-W-Belle-Pl-63108/home/93745157,3,Central,216,761,3.9272727272727272,13.836363636363636
https://www.redfin.com/MO/Saint-Louis/7509-S-Grand-Ave-63111/home/93712219,1,South,197,781,3.7884615384615383,15.019230769230768
https://www.redfin.com/MO/Saint-Louis/4845-Fountain-Ave-63113/home/93720369,3,Central,216,761,3.9272727272727272,13.836363636363636
https://www.redfin.com/MO/Saint-Louis/2810-Arlington-Ave-63120/home/93738400,3,Central,216,761,3.9272727272727272,13.836363636363636
https://www.redfin.com/MO/Saint-Louis/2222-S-12th-St-63104/home/62726504,4,Central,349,1016,6.017241379310345,17.517241379310345
https://www.redfin.com/MO/Saint-Louis/7826-Carlsbad-Dr-63123/home/64336757,1,South,197,781,3.7884615384615383,15.019230769230768
https://www.redfin.com/MO/Saint-Louis/4525-Page-Blvd-63113/home/66080626,3,Central,216,761,3.9272727272727272,13.836363636363636
https://www.redfin.com/MO/Saint-Louis/4985-Loughborough-Ave-63109/home/62748010,1,South,197,781,3.7884615384615383,15.019230769230768
https://www.redfin.com/MO/Saint-Louis/6922-Magnolia-Ave-63143/home/93743673,3,Central,216,761,3.9272727272727272,13.836363636363636
https://www.redfin.com/MO/Saint-Louis/1347-Graham-St-63139/home/62738008,3,Central,216,761,3.9272727272727272,13.836363636363636
https://www.redfin.com/MO/Saint-Louis/4413-Olive-St-63108/home/93739919,3,Central,216,761,3.9272727272727272,13.836363636363636
https://www.redfin.com/MO/Saint-Louis/3208-Henrietta-St-63104/home/169424254,3,Central,216,761,3.9272727272727272,13.836363636363636
https://www.redfin.com/MO/Saint-Louis/5730-Clemens-Ave-63112/home/93672371,3,Central,216,761,3.9272727272727272,13.836363636363636
https://www.redfin.com/MO/Saint-Louis/3649-Wisconsin-Ave-63118/home/103204410,2,South,118,726,2.681818181818182,16.5
https://www.redfin.com/MO/Saint-Louis/2034-Ann-Ave-63104/home/93691275,4,Central,349,1016,6.017241379310345,17.517241379310345
https://www.redfin.com/MO/Saint-Louis/2115-Cherokee-St-63118/home/93694018,2,South,118,726,2.681818181818182,16.5
https://www.redfin.com/MO/Saint-Louis/1113-Washington-Ave-63101/unit-607/home/93676722,4,Central,349,1016,6.017241379310345,17.517241379310345
https://www.redfin.com/MO/Saint-Louis/6928-Minnesota-Ave-63111/home/93710123,1,South,197,781,3.7884615384615383,15.019230769230768
https://www.redfin.com/MO/Saint-Louis/2326-Park-Ave-63104/home/93700520,4,Central,349,1016,6.017241379310345,17.517241379310345
https://www.redfin.com/MO/Saint-Louis/5530-Columbia-Ave-63139/home/93727282,3,Central,216,761,3.9272727272727272,13.836363636363636
https://www.redfin.com/MO/Saint-Louis/4615-Maryland-Ave-63108/home/93724743,3,Central,216,761,3.9272727272727272,13.836363636363636
https://www.redfin.com/MO/Saint-Louis/2806-Keokuk-St-63118/home/93704247,1,South,197,781,3.7884615384615383,15.019230769230768
https://www.redfin.com/MO/Saint-Louis/1925-Pestalozzi-St-63118/home/93691642,2,South,118,726,2.681818181818182,16.5
https://www.redfin.com/MO/Saint-Louis/8738-Partridge-Ave-63147/home/93779453,5,North,287,878,5.857142857142857,17.918367346938773
https://www.redfin.com/MO/Saint-Louis/3939-Itaska-St-63116/home/93769642,1,South,197,781,3.7884615384615383,15.019230769230768
https://www.redfin.com/MO/Saint-Louis/2721-Watson-Rd-63139/home/93773015,3,Central,216,761,3.9272727272727272,13.836363636363636
https://www.redfin.com/MO/Saint-Louis/2139-Sidney-St-63104/home/103204375,4,Central,349,1016,6.017241379310345,17.517241379310345
https://www.redfin.com/MO/Saint-Louis/4762-Plover-Ave-63120/home/93761810,5,North,287,878,5.857142857142857,17.918367346938773
https://www.redfin.com/MO/Saint-Louis/10211-Lookaway-Dr-63137/home/93779439,6,North,310,717,6.739130434782608,15.58695652173913
https://www.redfin.com/MO/Saint-Louis/948-Harlan-Ave-63147/home/93759860,5,North,287,878,5.857142857142857,17.918367346938773
https://www.redfin.com/MO/Saint-Louis/3325-Park-Ave-63104/home/93700900,3,Central,216,761,3.9272727272727272,13.836363636363636
https://www.redfin.com/MO/Saint-Louis/2862-Indiana-Ave-63118/home/143286489,4,Central,349,1016,6.017241379310345,17.517241379310345
https://www.redfin.com/MO/Saint-Louis/6201-Winona-Ave-63109/home/93782126,1,South,197,781,3.7884615384615383,15.019230769230768
https://www.redfin.com/MO/Saint-Louis/2300-Saint-Louis-Ave-63106/home/93687965,4,Central,349,1016,6.017241379310345,17.517241379310345
https://www.redfin.com/MO/Saint-Louis/4486-Laclede-Ave-63108/unit-4486/home/93671100,3,Central,216,761,3.9272727272727272,13.836363636363636
https://www.redfin.com/MO/Saint-Louis/3204-Liberty-St-63111/home/93707108,1,South,197,781,3.7884615384615383,15.019230769230768
https://www.redfin.com/MO/Saint-Louis/5339-Shaw-Ave-63110/home/93726863,3,Central,216,761,3.9272727272727272,13.836363636363636
https://www.redfin.com/MO/Saint-Louis/6165-Laura-Ave-63136/home/93762305,5,North,287,878,5.857142857142857,17.918367346938773
https://www.redfin.com/MO/Saint-Louis/4246-Botanical-Ave-63110/home/93672487,3,Central,216,761,3.9272727272727272,13.836363636363636
https://www.redfin.com/MO/Saint-Louis/6124-Marwinette-Ave-63116/home/93773762,1,South,197,781,3.7884615384615383,15.019230769230768
https://www.redfin.com/MO/Saint-Louis/3522-Wisconsin-Ave-63118/home/62690727,2,South,118,726,2.681818181818182,16.5
https://www.redfin.com/MO/Saint-Louis/814-Wall-St-63147/home/93761143,6,North,310,717,6.739130434782608,15.58695652173913
https://www.redfin.com/MO/Saint-Louis/4068-Wilmington-Ave-63116/home/93770834,1,South,197,781,3.7884615384615383,15.019230769230768
https://www.redfin.com/MO/Saint-Louis/2936-Greer-Ave-63107/home/93754589,4,Central,349,1016,6.017241379310345,17.517241379310345
https://www.redfin.com/MO/Saint-Louis/2131-McCausland-Ave-63143/home/93744169,3,Central,216,761,3.9272727272727272,13.836363636363636
https://www.redfin.com/MO/Saint-Louis/4632-Maryland-Ave-63108/home/93724535,3,Central,216,761,3.9272727272727272,13.836363636363636
https://www.redfin.com/MO/Saint-Louis/105-River-City-Blvd-63125/home/93712194,1,South,197,781,3.7884615384615383,15.019230769230768
https://www.redfin.com/MO/Saint-Louis/6737-Odell-St-63139/home/93743861,3,Central,216,761,3.9272727272727272,13.836363636363636
https://www.redfin.com/MO/Saint-Louis/2916-Hereford-St-63139/home/93727841,3,Central,216,761,3.9272727272727272,13.836363636363636
https://www.redfin.com/MO/Saint-Louis/5950-Lalite-Ave-63136/home/93758755,5,North,287,878,5.857142857142857,17.918367346938773
https://www.redfin.com/MO/Saint-Louis/3615-Nebraska-Ave-63118/home/93696375,1,South,197,781,3.7884615384615383,15.019230769230768
https://www.redfin.com/MO/Saint-Louis/3220-Itaska-St-63111/home/62766259,1,South,197,781,3.7884615384615383,15.019230769230768
https://www.redfin.com/MO/Saint-Louis/4431-Vista-Ave-63110/home/93726100,3,Central,216,761,3.9272727272727272,13.836363636363636
https://www.redfin.com/MO/Saint-Louis/3004-Indiana-Ave-63118/home/62756058,2,South,118,726,2.681818181818182,16.5
https://www.redfin.com/MO/Saint-Louis/4747-Ray-Ave-63116/home/93768345,1,South,197,781,3.7884615384615383,15.019230769230768
https://www.redfin.com/MO/Saint-Louis/423-Christian-Ave-63147/home/93754312,6,North,310,717,6.739130434782608,15.58695652173913
https://www.redfin.com/MO/Saint-Louis/1721-Lafayette-Ave-63104/home/93689721,4,Central,349,1016,6.017241379310345,17.517241379310345
https://www.redfin.com/MO/Saint-Louis/5341-Goodfellow-Blvd-63136/home/93745621,5,North,287,878,5.857142857142857,17.918367346938773
https://www.redfin.com/MO/Saint-Louis/3017-Osage-St-63118/home/93704370,1,South,197,781,3.7884615384615383,15.019230769230768
https://www.redfin.com/MO/Saint-Louis/3938-Nebraska-Ave-63118/home/93704261,1,South,197,781,3.7884615384615383,15.019230769230768
https://www.redfin.com/MO/Saint-Louis/3744-Illinois-Ave-63118/home/93696920,2,South,118,726,2.681818181818182,16.5
https://www.redfin.com/MO/Saint-Louis/6659-Pernod-Ave-63139/home/93778944,1,South,197,781,3.7884615384615383,15.019230769230768
https://www.redfin.com/MO/Saint-Louis/4141-Bowen-St-63116/home/93776391,1,South,197,781,3.7884615384615383,15.019230769230768
https://www.redfin.com/MO/Saint-Louis/2219-Edwards-St-63110/home/93727463,3,Central,216,761,3.9272727272727272,13.836363636363636
https://www.redfin.com/MO/Saint-Louis/4614-Varrelmann-Ave-63116/home/93757033,1,South,197,781,3.7884615384615383,15.019230769230768
https://www.redfin.com/MO/Saint-Louis/5307-Ruskin-Ave-63115/home/93684066,5,North,287,878,5.857142857142857,17.918367346938773
https://www.redfin.com/MO/Saint-Louis/4355-Osceola-St-63116/home/93772008,1,South,197,781,3.7884615384615383,15.019230769230768
https://www.redfin.com/MO/Saint-Louis/5436-Holly-Hills-Ave-63109/home/93771509,1,South,197,781,3.7884615384615383,15.019230769230768
https://www.redfin.com/MO/Saint-Louis/6911-Wise-Ave-63139/home/62725421,3,Central,216,761,3.9272727272727272,13.836363636363636
https://www.redfin.com/MO/Saint-Louis/4429-Vista-Ave-63110/home/93726101,3,Central,216,761,3.9272727272727272,13.836363636363636
https://www.redfin.com/MO/Saint-Louis/3022-Wyoming-St-63118/home/93693610,1,South,197,781,3.7884615384615383,15.019230769230768
https://www.redfin.com/MO/Saint-Louis/4521-Tholozan-Ave-63116/home/93756351,1,South,197,781,3.7884615384615383,15.019230769230768
https://www.redfin.com/MO/Saint-Louis/4126-Page-Blvd-63113/home/93719234,3,Central,216,761,3.9272727272727272,13.836363636363636
https://www.redfin.com/MO/Saint-Louis/1132-Washington-Ave-63101/unit-501/home/93677570,4,Central,349,1016,6.017241379310345,17.517241379310345
https://www.redfin.com/MO/Saint-Louis/2924-McNair-Ave-63118/home/143286569,2,South,118,726,2.681818181818182,16.5
https://www.redfin.com/MO/Saint-Louis/1552-Switzer-Ave-63147/home/93732283,5,North,287,878,5.857142857142857,17.918367346938773
https://www.redfin.com/MO/Saint-Louis/4728-Hammett-Pl-63113/home/64245033,3,Central,216,761,3.9272727272727272,13.836363636363636
https://www.redfin.com/MO/Saint-Louis/1844-Russell-Blvd-63104/home/63123378,4,Central,349,1016,6.017241379310345,17.517241379310345
https://www.redfin.com/MO/Saint-Louis/2016-Schaeffer-Pl-63139/home/93741312,3,Central,216,761,3.9272727272727272,13.836363636363636
https://www.redfin.com/MO/Saint-Louis/4532-Ray-Ave-63116/home/93755927,1,South,197,781,3.7884615384615383,15.019230769230768
https://www.redfin.com/MO/Saint-Louis/4451-Washington-Blvd-63108/home/93720058,3,Central,216,761,3.9272727272727272,13.836363636363636
https://www.redfin.com/MO/Saint-Louis/3555-S-Spring-Ave-63116/home/93730508,1,South,197,781,3.7884615384615383,15.019230769230768
https://www.redfin.com/MO/Saint-Louis/5301-Loughborough-Ave-63109/home/93774361,1,South,197,781,3.7884615384615383,15.019230769230768
https://www.redfin.com/MO/Saint-Louis/3521-Kingsland-Ct-63111/home/93705438,1,South,197,781,3.7884615384615383,15.019230769230768
https://www.redfin.com/MO/Saint-Louis/6012-Clemens-Ave-63112/home/93739280,3,Central,216,761,3.9272727272727272,13.836363636363636
https://www.redfin.com/MO/Saint-Louis/8553-Mora-Ln-63147/home/93732436,5,North,287,878,5.857142857142857,17.918367346938773
https://www.redfin.com/MO/Saint-Louis/3830-Ohio-Ave-63118/home/93696557,2,South,118,726,2.681818181818182,16.5
https://www.redfin.com/MO/Saint-Louis/5335-Shaw-Ave-63110/home/93726864,3,Central,216,761,3.9272727272727272,13.836363636363636
https://www.redfin.com/MO/Saint-Louis/3436-Minnesota-Ave-63118/home/93694953,1,South,197,781,3.7884615384615383,15.019230769230768
https://www.redfin.com/MO/Saint-Louis/2614-Bennett-Ct-63139/home/62732436,3,Central,216,761,3.9272727272727272,13.836363636363636
https://www.redfin.com/MO/Saint-Louis/4740-Alaska-Ave-63111/home/93707280,1,South,197,781,3.7884615384615383,15.019230769230768
https://www.redfin.com/MO/Saint-Louis/4648-S-Compton-Ave-63111/home/62733822,1,South,197,781,3.7884615384615383,15.019230769230768
https://www.redfin.com/MO/Saint-Louis/5319-N-Kingshighway-Blvd-63115/home/93752088,5,North,287,878,5.857142857142857,17.918367346938773
https://www.redfin.com/MO/Saint-Louis/5124-Lotus-Ave-63113/home/93738014,3,Central,216,761,3.9272727272727272,13.836363636363636
https://www.redfin.com/MO/Saint-Louis/4607-Lee-Ave-63115/home/93734198,3,Central,216,761,3.9272727272727272,13.836363636363636
https://www.redfin.com/MO/Saint-Louis/4239-Neosho-St-63116/home/93772457,1,South,197,781,3.7884615384615383,15.019230769230768
https://www.redfin.com/MO/Saint-Louis/3720-Comstock-Dr-63125/home/93712282,1,South,197,781,3.7884615384615383,15.019230769230768
https://www.redfin.com/MO/Saint-Louis/6046-Mardel-Ave-63109/home/93785420,1,South,197,781,3.7884615384615383,15.019230769230768
https://www.redfin.com/MO/Saint-Louis/1547-Hornsby-Ave-63147/home/93731773,5,North,287,878,5.857142857142857,17.918367346938773
https://www.redfin.com/MO/Saint-Louis/3546-Bamberger-Ave-63116/home/93730427,1,South,197,781,3.7884615384615383,15.019230769230768
https://www.redfin.com/MO/Saint-Louis/3860-Blow-St-63116/home/93676866,1,South,197,781,3.7884615384615383,15.019230769230768
https://www.redfin.com/MO/Saint-Louis/2035-Ann-Ave-63104/home/90358855,4,Central,349,1016,6.017241379310345,17.517241379310345
https://www.redfin.com/MO/Saint-Louis/2739-Allen-Ave-63104/home/103203640,4,Central,349,1016,6.017241379310345,17.517241379310345
https://www.redfin.com/MO/Saint-Louis/3458-Utah-St-63118/home/93683402,1,South,197,781,3.7884615384615383,15.019230769230768
https://www.redfin.com/MO/Saint-Louis/5736-Goethe-Ave-63109/home/62757055,1,South,197,781,3.7884615384615383,15.019230769230768
https://www.redfin.com/MO/Saint-Louis/4244-Olive-St-63108/home/62713382,3,Central,216,761,3.9272727272727272,13.836363636363636
https://www.redfin.com/MO/Saint-Louis/3824-Berger-Ave-63109/home/93779112,1,South,197,781,3.7884615384615383,15.019230769230768
https://www.redfin.com/MO/Saint-Louis/5847-Hampton-Ave-63109/home/93777692,1,South,197,781,3.7884615384615383,15.019230769230768
https://www.redfin.com/MO/Saint-Louis/4930-Botanical-Ave-63110/home/93744339,3,Central,216,761,3.9272727272727272,13.836363636363636
https://www.redfin.com/MO/Saint-Louis/5608-Murdoch-Ave-63109/home/93753513,1,South,197,781,3.7884615384615383,15.019230769230768
https://www.redfin.com/MO/Saint-Louis/5110-Southwest-Ave-63110/home/93743955,3,Central,216,761,3.9272727272727272,13.836363636363636
https://www.redfin.com/MO/Saint-Louis/4935-Robert-Ave-63109/home/93771052,1,South,197,781,3.7884615384615383,15.019230769230768
https://www.redfin.com/MO/Saint-Louis/4004-Walsh-St-63116/home/62709374,1,South,197,781,3.7884615384615383,15.019230769230768
https://www.redfin.com/MO/Saint-Louis/4324-Virginia-Ave-63111/home/93705835,1,South,197,781,3.7884615384615383,15.019230769230768
https://www.redfin.com/MO/Saint-Louis/3543-Nebraska-Ave-63118/home/93694799,1,South,197,781,3.7884615384615383,15.019230769230768
https://www.redfin.com/MO/Saint-Louis/5308-Wilson-Ave-63110/home/93726811,3,Central,216,761,3.9272727272727272,13.836363636363636
https://www.redfin.com/MO/Saint-Louis/3907-Delor-St-63116/home/93750314,1,South,197,781,3.7884615384615383,15.019230769230768
https://www.redfin.com/MO/Saint-Louis/3021-Henrietta-St-63104/home/93700423,4,Central,349,1016,6.017241379310345,17.517241379310345
https://www.redfin.com/MO/Saint-Louis/3323-Iowa-Ave-63118/home/93693780,2,South,118,726,2.681818181818182,16.5
https://www.redfin.com/MO/Saint-Louis/3870-Utah-Pl-63116/home/93684326,1,South,197,781,3.7884615384615383,15.019230769230768
https://www.redfin.com/MO/Saint-Louis/4132-Hartford-St-63116/home/93749859,3,Central,216,761,3.9272727272727272,13.836363636363636
https://www.redfin.com/MO/Saint-Louis/3521-Salena-St-63118/home/93694483,2,South,118,726,2.681818181818182,16.5
https://www.redfin.com/MO/Saint-Louis/8316-Pennsylvania-Ave-63111/home/93711893,1,South,197,781,3.7884615384615383,15.019230769230768
https://www.redfin.com/MO/Saint-Louis/4081-Bowen-St-63116/home/93770847,1,South,197,781,3.7884615384615383,15.019230769230768
https://www.redfin.com/MO/Saint-Louis/5418-Elizabeth-Ave-63110/home/93771692,3,Central,216,761,3.9272727272727272,13.836363636363636
https://www.redfin.com/MO/Saint-Louis/2215-Hickory-St-63104/home/181866117,4,Central,349,1016,6.017241379310345,17.517241379310345
https://www.redfin.com/MO/Saint-Louis/3104-Providence-Pl-63111/home/93705550,1,South,197,781,3.7884615384615383,15.019230769230768
https://www.redfin.com/MO/Saint-Louis/6553-Winnebago-St-63109/home/93775084,1,South,197,781,3.7884615384615383,15.019230769230768
https://www.redfin.com/MO/Saint-Louis/3312-Saint-Vincent-Ave-63104/home/93684665,3,Central,216,761,3.9272727272727272,13.836363636363636
https://www.redfin.com/MO/Saint-Louis/5454-Daggett-Ave-63110/home/93726961,3,Central,216,761,3.9272727272727272,13.836363636363636
https://www.redfin.com/MO/Saint-Louis/3464-Macklind-Ave-63139/home/93742653,1,South,197,781,3.7884615384615383,15.019230769230768
https://www.redfin.com/MO/Saint-Louis/4734-Ashland-Ct-63115/home/93735908,3,Central,216,761,3.9272727272727272,13.836363636363636
https://www.redfin.com/MO/Saint-Louis/4146-Holly-Hills-Blvd-63116/home/93777900,1,South,197,781,3.7884615384615383,15.019230769230768
https://www.redfin.com/MO/Saint-Louis/6570-Winnebago-St-63109/home/62723302,1,South,197,781,3.7884615384615383,15.019230769230768
https://www.redfin.com/MO/Saint-Louis/6544-Neosho-St-63109/home/93779566,1,South,197,781,3.7884615384615383,15.019230769230768
https://www.redfin.com/MO/Saint-Louis/6707-Alexander-St-63116/home/93778191,1,South,197,781,3.7884615384615383,15.019230769230768
https://www.redfin.com/MO/Saint-Louis/2017-Ann-Ave-63104/home/62751523,4,Central,349,1016,6.017241379310345,17.517241379310345
https://www.redfin.com/MO/Saint-Louis/4066-Wyoming-St-63116/home/93729621,1,South,197,781,3.7884615384615383,15.019230769230768
https://www.redfin.com/MO/Saint-Louis/1341-McCausland-Ave-63117/home/93740205,3,Central,216,761,3.9272727272727272,13.836363636363636
https://www.redfin.com/MO/Saint-Louis/4711-Penrose-St-63115/home/93733481,3,Central,216,761,3.9272727272727272,13.836363636363636
https://www.redfin.com/MO/St-Louis/319-Rosedale-Ave-63112/unit-1/home/176133661,3,Central,216,761,3.9272727272727272,13.836363636363636
https://www.redfin.com/MO/Saint-Louis/3405-Itaska-St-63111/home/93707213,1,South,197,781,3.7884615384615383,15.019230769230768
https://www.redfin.com/MO/Saint-Louis/6127-Lucille-Ave-63136/home/93745310,5,North,287,878,5.857142857142857,17.918367346938773
https://www.redfin.com/MO/Saint-Louis/3706-Connecticut-St-63116/home/93700052,3,Central,216,761,3.9272727272727272,13.836363636363636
https://www.redfin.com/MO/Saint-Louis/5328-Nagel-Ave-63109/home/93771168,1,South,197,781,3.7884615384615383,15.019230769230768
https://www.redfin.com/MO/Saint-Louis/6520-Morganford-Rd-63116/home/93777994,1,South,197,781,3.7884615384615383,15.019230769230768
https://www.redfin.com/MO/Saint-Louis/4416-Arsenal-St-63116/home/93748621,3,Central,216,761,3.9272727272727272,13.836363636363636
https://www.redfin.com/MO/Saint-Louis/5612-Eichelberger-St-63109/home/62748530,1,South,197,781,3.7884615384615383,15.019230769230768
https://www.redfin.com/MO/Saint-Louis/2222-Macklind-Ave-63110/home/93727457,3,Central,216,761,3.9272727272727272,13.836363636363636
https://www.redfin.com/MO/Saint-Louis/1927-Pestalozzi-St-63118/home/93691639,2,South,118,726,2.681818181818182,16.5
https://www.redfin.com/MO/Saint-Louis/1127-Kentucky-Ave-63110/home/93726592,3,Central,216,761,3.9272727272727272,13.836363636363636
https://www.redfin.com/MO/Saint-Louis/7000-Plainview-Ave-63109/home/93781227,1,South,197,781,3.7884615384615383,15.019230769230768
https://www.redfin.com/MO/Saint-Louis/3139-Cherokee-St-63118/home/93693525,1,South,197,781,3.7884615384615383,15.019230769230768
https://www.redfin.com/MO/Saint-Louis/2117-Lilly-Ave-63110/home/93682766,3,Central,216,761,3.9272727272727272,13.836363636363636
https://www.redfin.com/MO/Saint-Louis/4725-Hummel-Ave-63116/home/93763383,1,South,197,781,3.7884615384615383,15.019230769230768
https://www.redfin.com/MO/Saint-Louis/7425-Dianthan-Ln-63116/home/93784368,1,South,197,781,3.7884615384615383,15.019230769230768
https://www.redfin.com/MO/Saint-Louis/5753-Park-Ln-63147/home/93770361,5,North,287,878,5.857142857142857,17.918367346938773
https://www.redfin.com/MO/Saint-Louis/5722-Itaska-St-63109/home/66023969,1,South,197,781,3.7884615384615383,15.019230769230768
https://www.redfin.com/MO/Saint-Louis/1906-California-Ave-63104/home/93690259,4,Central,349,1016,6.017241379310345,17.517241379310345
https://www.redfin.com/MO/Saint-Louis/4996-Parker-Ave-63139/home/93776991,1,South,197,781,3.7884615384615383,15.019230769230768
https://www.redfin.com/MO/Saint-Louis/7911-Pennsylvania-Ave-63111/home/93711283,1,South,197,781,3.7884615384615383,15.019230769230768
https://www.redfin.com/MO/Saint-Louis/5025-Rosa-Ave-63109/home/93765422,1,South,197,781,3.7884615384615383,15.019230769230768
https://www.redfin.com/MO/Saint-Louis/5131-Shaw-Ave-63110/home/93728109,3,Central,216,761,3.9272727272727272,13.836363636363636
https://www.redfin.com/MO/Saint-Louis/4230-Olive-St-63108/home/93673833,3,Central,216,761,3.9272727272727272,13.836363636363636
https://www.redfin.com/MO/Saint-Louis/5264-Oleatha-Ave-63139/home/93777445,1,South,197,781,3.7884615384615383,15.019230769230768
https://www.redfin.com/MO/Saint-Louis/6566-Dale-Ave-63139/home/93740987,3,Central,216,761,3.9272727272727272,13.836363636363636
https://www.redfin.com/MO/Saint-Louis/8650-Oriole-Ave-63147/home/93731158,5,North,287,878,5.857142857142857,17.918367346938773
https://www.redfin.com/MO/Saint-Louis/1900-Belt-Ave-63112/home/93738942,3,Central,216,761,3.9272727272727272,13.836363636363636
https://www.redfin.com/MO/Saint-Louis/6727-W-Park-Ave-63139/home/93765773,3,Central,216,761,3.9272727272727272,13.836363636363636
https://www.redfin.com/MO/Saint-Louis/5504-Neosho-St-63109/home/62736585,1,South,197,781,3.7884615384615383,15.019230769230768
https://www.redfin.com/MO/Saint-Louis/5549-Mardel-Ave-63109/home/62724919,1,South,197,781,3.7884615384615383,15.019230769230768
https://www.redfin.com/MO/Saint-Louis/2867-Salena-St-63118/home/93691632,2,South,118,726,2.681818181818182,16.5
https://www.redfin.com/MO/Saint-Louis/6251-Loughborough-Ave-63109/home/93783930,1,South,197,781,3.7884615384615383,15.019230769230768
https://www.redfin.com/MO/Saint-Louis/3194-Portis-Ave-63116/home/93748575,3,Central,216,761,3.9272727272727272,13.836363636363636
https://www.redfin.com/MO/Saint-Louis/1838-Kennett-Pl-63104/home/62756056,4,Central,349,1016,6.017241379310345,17.517241379310345
https://www.redfin.com/MO/Saint-Louis/6402-Lansdowne-Ave-63109/home/93779783,1,South,197,781,3.7884615384615383,15.019230769230768
https://www.redfin.com/MO/Saint-Louis/4330-Vista-Ave-63110/home/176875186,3,Central,216,761,3.9272727272727272,13.836363636363636
https://www.redfin.com/MO/Saint-Louis/6700-Marquette-Ave-63139/home/93778817,1,South,197,781,3.7884615384615383,15.019230769230768
https://www.redfin.com/MO/Saint-Louis/4027-Darby-St-63120/home/93731984,5,North,287,878,5.857142857142857,17.918367346938773
https://www.redfin.com/MO/Saint-Louis/6609-Marquette-Ave-63139/home/93748858,3,Central,216,761,3.9272727272727272,13.836363636363636
https://www.redfin.com/MO/Saint-Louis/5625-S-Magnolia-Ave-63139/home/93682759,3,Central,216,761,3.9272727272727272,13.836363636363636
https://www.redfin.com/MO/Saint-Louis/1421-Dodier-St-63107/home/93688954,4,Central,349,1016,6.017241379310345,17.517241379310345
https://www.redfin.com/MO/Saint-Louis/2601-N-Sarah-St-63113/home/93717223,3,Central,216,761,3.9272727272727272,13.836363636363636
https://www.redfin.com/MO/Saint-Louis/3540-Vista-Ave-63104/home/93689878,3,Central,216,761,3.9272727272727272,13.836363636363636
https://www.redfin.com/MO/Saint-Louis/3129-Keokuk-St-63118/unit-3129/home/93695771,1,South,197,781,3.7884615384615383,15.019230769230768
https://www.redfin.com/MO/Saint-Louis/6415-Clifton-Hills-Dr-63139/home/62769033,3,Central,216,761,3.9272727272727272,13.836363636363636
https://www.redfin.com/MO/Saint-Louis/5725-Goener-Ave-63116/home/62751882,1,South,197,781,3.7884615384615383,15.019230769230768
https://www.redfin.com/MO/Saint-Louis/2621-Sublette-Ave-63139/home/64113223,3,Central,216,761,3.9272727272727272,13.836363636363636
https://www.redfin.com/MO/Saint-Louis/3209-Winnebago-St-63118/home/93695647,1,South,197,781,3.7884615384615383,15.019230769230768
https://www.redfin.com/MO/Saint-Louis/6916-Dale-Ave-63139/home/93740573,3,Central,216,761,3.9272727272727272,13.836363636363636
https://www.redfin.com/MO/St-Louis/4319-Beck-Ave-63116/home/198547429,1,South,197,781,3.7884615384615383,15.019230769230768
https://www.redfin.com/MO/Saint-Louis/3869-Germania-St-63116/home/93785313,1,South,197,781,3.7884615384615383,15.019230769230768
https://www.redfin.com/MO/Saint-Louis/7041-Plainview-Ave-63109/home/93774124,1,South,197,781,3.7884615384615383,15.019230769230768
https://www.redfin.com/MO/Saint-Louis/7062-Sutherland-Ave-63109/home/93774065,1,South,197,781,3.7884615384615383,15.019230769230768
https://www.redfin.com/MO/Saint-Louis/6951-Alabama-Ave-63111/home/93710331,1,South,197,781,3.7884615384615383,15.019230769230768
https://www.redfin.com/MO/Saint-Louis/4014-Humphrey-St-63116/home/93729359,1,South,197,781,3.7884615384615383,15.019230769230768
https://www.redfin.com/MO/Saint-Louis/4512-Minnesota-Ave-63111/home/93706232,1,South,197,781,3.7884615384615383,15.019230769230768
https://www.redfin.com/MO/Saint-Louis/1928-Arsenal-St-63118/home/93699329,2,South,118,726,2.681818181818182,16.5
https://www.redfin.com/MO/Saint-Louis/6431-Oleatha-Ave-63139/home/93775197,1,South,197,781,3.7884615384615383,15.019230769230768
https://www.redfin.com/MO/Saint-Louis/5220-Chouteaus-Bluff-Dr-63111/home/93680196,1,South,197,781,3.7884615384615383,15.019230769230768
https://www.redfin.com/MO/Saint-Louis/5214-Chouteaus-Bluff-Dr-63111/home/93680191,1,South,197,781,3.7884615384615383,15.019230769230768
https://www.redfin.com/MO/Saint-Louis/3014-Iowa-Ave-63118/home/93699172,4,Central,349,1016,6.017241379310345,17.517241379310345
https://www.redfin.com/MO/Saint-Louis/9836-Parkway-Dr-63137/home/62709631,6,North,310,717,6.739130434782608,15.58695652173913
https://www.redfin.com/MO/Saint-Louis/3704-Hebert-St-63107/home/93702145,4,Central,349,1016,6.017241379310345,17.517241379310345
https://www.redfin.com/MO/Saint-Louis/3702-Hebert-St-63107/home/187273178,4,Central,349,1016,6.017241379310345,17.517241379310345
https://www.redfin.com/MO/Saint-Louis/9983-Riverview-Dr-63137/home/93768277,6,North,310,717,6.739130434782608,15.58695652173913
https://www.redfin.com/MO/Saint-Louis/3910-Walsh-St-63116/home/93757710,1,South,197,781,3.7884615384615383,15.019230769230768
https://www.redfin.com/MO/Saint-Louis/3622-Flad-Ave-63110/home/93700192,3,Central,216,761,3.9272727272727272,13.836363636363636
https://www.redfin.com/MO/Saint-Louis/4370-Taft-Ave-63116/home/93764771,1,South,197,781,3.7884615384615383,15.019230769230768
https://www.redfin.com/MO/Saint-Louis/1824-Allen-Ave-63104/home/93690393,4,Central,349,1016,6.017241379310345,17.517241379310345
https://www.redfin.com/MO/Saint-Louis/5435-Murdoch-Ave-63109/home/62718045,1,South,197,781,3.7884615384615383,15.019230769230768
https://www.redfin.com/MO/Saint-Louis/4224-Grace-Ave-63116/home/93705348,1,South,197,781,3.7884615384615383,15.019230769230768
https://www.redfin.com/MO/Saint-Louis/5-Homeland-Pl-63109/home/93782658,1,South,197,781,3.7884615384615383,15.019230769230768
https://www.redfin.com/MO/Saint-Louis/5337-Lindell-Blvd-63112/home/93723617,3,Central,216,761,3.9272727272727272,13.836363636363636
https://www.redfin.com/MO/Saint-Louis/3339-Nebraska-Ave-63118/home/178781919,1,South,197,781,3.7884615384615383,15.019230769230768
https://www.redfin.com/MO/Saint-Louis/6515-Minnesota-Ave-63111/home/93709693,1,South,197,781,3.7884615384615383,15.019230769230768
https://www.redfin.com/MO/Saint-Louis/5405-S-Compton-Ave-63111/home/93708160,1,South,197,781,3.7884615384615383,15.019230769230768
https://www.redfin.com/MO/Saint-Louis/9840-Parkway-Dr-63137/home/93768249,6,North,310,717,6.739130434782608,15.58695652173913
https://www.redfin.com/MO/Saint-Louis/3-Homeland-Pl-63109/home/93782664,1,South,197,781,3.7884615384615383,15.019230769230768
https://www.redfin.com/MO/Saint-Louis/3937-Illinois-Ave-63118/home/93704204,2,South,118,726,2.681818181818182,16.5
https://www.redfin.com/MO/Saint-Louis/9834-Rivermont-Dr-63137/home/93381141,6,North,310,717,6.739130434782608,15.58695652173913
https://www.redfin.com/MO/Saint-Louis/6204-Waterman-Ave-63130/home/93760104,3,Central,216,761,3.9272727272727272,13.836363636363636
https://www.redfin.com/MO/Saint-Louis/5010-Daggett-Ave-63110/home/173620186,3,Central,216,761,3.9272727272727272,13.836363636363636
https://www.redfin.com/MO/Saint-Louis/6255-Simpson-Ave-63139/home/93743602,3,Central,216,761,3.9272727272727272,13.836363636363636
https://www.redfin.com/MO/Saint-Louis/6177-Lucille-Ave-63136/home/93745295,5,North,287,878,5.857142857142857,17.918367346938773
https://www.redfin.com/MO/Saint-Louis/701-Valley-Dr-63137/home/93768267,6,North,310,717,6.739130434782608,15.58695652173913
https://www.redfin.com/MO/Saint-Louis/6005-Bishops-Pl-63109/home/93782873,1,South,197,781,3.7884615384615383,15.019230769230768
https://www.redfin.com/MO/Saint-Louis/4144-Flad-Ave-63110/home/93746501,3,Central,216,761,3.9272727272727272,13.836363636363636
https://www.redfin.com/MO/Saint-Louis/714-Lookout-Dr-63137/home/62688666,6,North,310,717,6.739130434782608,15.58695652173913
https://www.redfin.com/MO/Saint-Louis/9705-Riverview-Dr-63137/home/93768348,6,North,310,717,6.739130434782608,15.58695652173913
https://www.redfin.com/MO/Saint-Louis/9749-Riverview-Dr-63137/home/93768265,6,North,310,717,6.739130434782608,15.58695652173913
https://www.redfin.com/MO/Saint-Louis/10001-Riverview-Dr-63137/home/93768298,6,North,310,717,6.739130434782608,15.58695652173913
https://www.redfin.com/MO/Saint-Louis/6425-Kinsey-Pl-63109/home/93782766,1,South,197,781,3.7884615384615383,15.019230769230768
https://www.redfin.com/MO/Saint-Louis/10277-Lookaway-Dr-63137/home/93779419,6,North,310,717,6.739130434782608,15.58695652173913
https://www.redfin.com/MO/Saint-Louis/10257-Lookaway-Dr-63137/home/93779415,6,North,310,717,6.739130434782608,15.58695652173913
https://www.redfin.com/MO/Saint-Louis/7018-Plateau-Ave-63117/home/84264369,3,Central,216,761,3.9272727272727272,13.836363636363636
https://www.redfin.com/MO/Saint-Louis/6024-W-Cabanne-Pl-63112/home/93739665,3,Central,216,761,3.9272727272727272,13.836363636363636
https://www.redfin.com/MO/Saint-Louis/6725-Eichelberger-St-63109/home/93781410,1,South,197,781,3.7884615384615383,15.019230769230768
https://www.redfin.com/MO/Saint-Louis/11-Willmore-Rd-63109/home/62742674,1,South,197,781,3.7884615384615383,15.019230769230768
https://www.redfin.com/MO/Saint-Louis/3534-Hawthorne-Blvd-63104/home/93691152,3,Central,216,761,3.9272727272727272,13.836363636363636
https://www.redfin.com/MO/Saint-Louis/5015-Lindell-Blvd-63108/home/93745437,3,Central,216,761,3.9272727272727272,13.836363636363636
https://www.redfin.com/MO/Saint-Louis/5405-Bartmer-Ave-63112/home/93745005,3,Central,216,761,3.9272727272727272,13.836363636363636
https://www.redfin.com/MO/St-Louis/801-S-Skinker-Blvd-63105/unit-12D/home/148670985,3,Central,216,761,3.9272727272727272,13.836363636363636
https://www.redfin.com/MO/St-Louis/801-S-Skinker-Blvd-63105/unit-4B/home/62749080,3,Central,216,761,3.9272727272727272,13.836363636363636
https://www.redfin.com/MO/Saint-Louis/9910-Parkway-Dr-63137/home/93768246,6,North,310,717,6.739130434782608,15.58695652173913
https://www.redfin.com/MO/Saint-Louis/6250-Westminster-Pl-63130/home/93760182,3,Central,216,761,3.9272727272727272,13.836363636363636
https://www.redfin.com/MO/Saint-Louis/705-Jeffrey-Dr-63137/home/93768251,6,North,310,717,6.739130434782608,15.58695652173913
https://www.redfin.com/MO/Saint-Louis/5100-Kingwood-Dr-63123/home/93783032,1,South,197,781,3.7884615384615383,15.019230769230768
https://www.redfin.com/MO/Saint-Louis/243-Woodbourne-Dr-63105/home/93771925,3,Central,216,761,3.9272727272727272,13.836363636363636
https://www.redfin.com/MO/Saint-Louis/9810-Jeffrey-Dr-63137/home/93382669,6,North,310,717,6.739130434782608,15.58695652173913
https://www.redfin.com/MO/Saint-Louis/5800-Clemens-Ave-63112/home/93671165,3,Central,216,761,3.9272727272727272,13.836363636363636
https://www.redfin.com/MO/Saint-Louis/1711-N-Taylor-Ave-63113/home/93718823,3,Central,216,761,3.9272727272727272,13.836363636363636
https://www.redfin.com/MO/Saint-Louis/3154-Longfellow-Blvd-63104/home/93691046,3,Central,216,761,3.9272727272727272,13.836363636363636
https://www.redfin.com/MO/Saint-Louis/1339-Kraft-St-63139/home/87131674,3,Central,216,761,3.9272727272727272,13.836363636363636
https://www.redfin.com/MO/Saint-Louis/6566-Southwest-Ave-63139/home/93743731,3,Central,216,761,3.9272727272727272,13.836363636363636
https://www.redfin.com/MO/Saint-Louis/6731-Fyler-Ave-63139/home/93741889,3,Central,216,761,3.9272727272727272,13.836363636363636
https://www.redfin.com/MO/Saint-Louis/4352-Schirmer-St-63116/home/93783613,1,South,197,781,3.7884615384615383,15.019230769230768
https://www.redfin.com/MO/Saint-Louis/3140-Russell-Blvd-63104/home/76424599,3,Central,216,761,3.9272727272727272,13.836363636363636
https://www.redfin.com/MO/St-Louis/5911-Dale-Ave-63110/home/169433889,3,Central,216,761,3.9272727272727272,13.836363636363636
https://www.redfin.com/MO/Saint-Louis/5211-Washington-Pl-63108/home/93749433,3,Central,216,761,3.9272727272727272,13.836363636363636
https://www.redfin.com/MO/Saint-Louis/5352-Maple-Ave-63112/home/93709914,3,Central,216,761,3.9272727272727272,13.836363636363636
https://www.redfin.com/MO/Saint-Louis/4007-Blow-St-63116/home/93785744,1,South,197,781,3.7884615384615383,15.019230769230768
https://www.redfin.com/MO/Saint-Louis/3-Willmore-Rd-63109/home/93782564,1,South,197,781,3.7884615384615383,15.019230769230768
https://www.redfin.com/MO/Saint-Louis/6635-Fyler-Ave-63139/home/66023426,3,Central,216,761,3.9272727272727272,13.836363636363636
https://www.redfin.com/MO/Saint-Louis/64-Willmore-Rd-63109/home/93782705,1,South,197,781,3.7884615384615383,15.019230769230768
https://www.redfin.com/MO/Saint-Louis/5879-Cabanne-Ave-63112/home/93723928,3,Central,216,761,3.9272727272727272,13.836363636363636
https://www.redfin.com/MO/Saint-Louis/8936-Gateland-Ave-63136/home/93404534,5,North,287,878,5.857142857142857,17.918367346938773
https://www.redfin.com/MO/Saint-Louis/85-Willmore-Rd-63109/home/93782630,1,South,197,781,3.7884615384615383,15.019230769230768
https://www.redfin.com/MO/Saint-Louis/7131-Sutherland-Ave-63109/home/93749222,1,South,197,781,3.7884615384615383,15.019230769230768
https://www.redfin.com/MO/Saint-Louis/7096-Tholozan-Ave-63109/home/93747878,1,South,197,781,3.7884615384615383,15.019230769230768
https://www.redfin.com/MO/Saint-Louis/6208-Pershing-Ave-63130/home/93760144,3,Central,216,761,3.9272727272727272,13.836363636363636
https://www.redfin.com/MO/Saint-Louis/59-Willmore-Rd-63109/home/93782645,1,South,197,781,3.7884615384615383,15.019230769230768
https://www.redfin.com/MO/Saint-Louis/7857-Adkins-Ave-63123/home/93784232,1,South,197,781,3.7884615384615383,15.019230769230768
https://www.redfin.com/MO/Saint-Louis/2902-Ellendale-Ave-63143/home/93743197,3,Central,216,761,3.9272727272727272,13.836363636363636
https://www.redfin.com/MO/Saint-Louis/6419-Clifton-Ave-63109/home/93782826,1,South,197,781,3.7884615384615383,15.019230769230768
https://www.redfin.com/MO/Saint-Louis/3233-Hawthorne-Blvd-63104/home/93748586,3,Central,216,761,3.9272727272727272,13.836363636363636
https://www.redfin.com/MO/Saint-Louis/2750-Ellendale-Ave-63143/home/93743196,3,Central,216,761,3.9272727272727272,13.836363636363636
https://www.redfin.com/MO/Saint-Louis/6027-Guilford-Pl-63109/home/93782639,1,South,197,781,3.7884615384615383,15.019230769230768
https://www.redfin.com/MO/Saint-Louis/5820-Lansdowne-Ave-63109/home/93769134,1,South,197,781,3.7884615384615383,15.019230769230768
https://www.redfin.com/MO/Saint-Louis/4823-McCausland-Ave-63109/home/93781559,1,South,197,781,3.7884615384615383,15.019230769230768
https://www.redfin.com/MO/Saint-Louis/1344-Central-Ave-63139/home/93765602,3,Central,216,761,3.9272727272727272,13.836363636363636
https://www.redfin.com/MO/Saint-Louis/38-Benton-Pl-63104/home/87947243,4,Central,349,1016,6.017241379310345,17.517241379310345
https://www.redfin.com/MO/Saint-Louis/5924-Childress-Ave-63109/home/93783856,1,South,197,781,3.7884615384615383,15.019230769230768
https://www.redfin.com/MO/Saint-Louis/3224-Regal-Pl-63139/home/170010038,3,Central,216,761,3.9272727272727272,13.836363636363636
https://www.redfin.com/MO/Saint-Louis/4-Willmore-Rd-63109/home/93782668,1,South,197,781,3.7884615384615383,15.019230769230768
https://www.redfin.com/MO/Saint-Louis/9745-E-Lookout-Ct-63137/home/93768332,6,North,310,717,6.739130434782608,15.58695652173913
https://www.redfin.com/MO/Saint-Louis/4123-Poepping-St-63123/home/93784340,1,South,197,781,3.7884615384615383,15.019230769230768
https://www.redfin.com/MO/Saint-Louis/2653-Shenandoah-Ave-63104/home/93690834,4,Central,349,1016,6.017241379310345,17.517241379310345
https://www.redfin.com/MO/Saint-Louis/6247-Magnolia-Ave-63139/home/93743644,3,Central,216,761,3.9272727272727272,13.836363636363636
https://www.redfin.com/MO/Saint-Louis/3943-Marine-Ave-63118/home/174211987,2,South,118,726,2.681818181818182,16.5
https://www.redfin.com/MO/Saint-Louis/6107-Lalite-Ave-63136/home/93745630,5,North,287,878,5.857142857142857,17.918367346938773
https://www.redfin.com/MO/Saint-Louis/3909-Marine-Ave-63118/home/93785507,2,South,118,726,2.681818181818182,16.5
https://www.redfin.com/MO/Saint-Louis/3316-Norma-Ct-63139/home/93743274,3,Central,216,761,3.9272727272727272,13.836363636363636
https://www.redfin.com/MO/Saint-Louis/1216-Victor-St-63104/home/93686953,4,Central,349,1016,6.017241379310345,17.517241379310345
https://www.redfin.com/MO/Saint-Louis/2510-Clifton-Ave-63139/home/93743620,3,Central,216,761,3.9272727272727272,13.836363636363636
https://www.redfin.com/MO/Saint-Louis/4362-W-Pine-Blvd-63108/home/93725148,3,Central,216,761,3.9272727272727272,13.836363636363636
https://www.redfin.com/MO/Saint-Louis/6125-Lalite-Ave-63136/home/93745633,5,North,287,878,5.857142857142857,17.918367346938773
https://www.redfin.com/MO/Saint-Louis/6777-Eichelberger-St-63109/home/93781554,1,South,197,781,3.7884615384615383,15.019230769230768
https://www.redfin.com/MO/Saint-Louis/3755-Weber-Rd-63125/home/93785620,1,South,197,781,3.7884615384615383,15.019230769230768
https://www.redfin.com/MO/Saint-Louis/4168-W-Pine-Blvd-63108/home/93725485,3,Central,216,761,3.9272727272727272,13.836363636363636
https://www.redfin.com/MO/Saint-Louis/6731-Odell-St-63139/home/93743862,3,Central,216,761,3.9272727272727272,13.836363636363636
https://www.redfin.com/MO/Saint-Louis/5873-Julian-Ave-63112/home/93723042,3,Central,216,761,3.9272727272727272,13.836363636363636
https://www.redfin.com/MO/Saint-Louis/6303-Lucille-Ave-63136/home/93745349,5,North,287,878,5.857142857142857,17.918367346938773
https://www.redfin.com/MO/Saint-Louis/6117-Lalite-Ave-63136/home/93745635,5,North,287,878,5.857142857142857,17.918367346938773
https://www.redfin.com/MO/Saint-Louis/6111-Lalite-Ave-63136/home/93745636,5,North,287,878,5.857142857142857,17.918367346938773
https://www.redfin.com/MO/Saint-Louis/5854-Neosho-St-63109/home/62756085,1,South,197,781,3.7884615384615383,15.019230769230768
https://www.redfin.com/MO/Saint-Louis/6255-Pershing-Ave-63130/home/93760107,3,Central,216,761,3.9272727272727272,13.836363636363636
https://www.redfin.com/MO/Saint-Louis/7125-Emilie-St-63143/home/93743167,3,Central,216,761,3.9272727272727272,13.836363636363636
https://www.redfin.com/MO/Saint-Louis/6438-Bishops-Pl-63109/home/62700619,1,South,197,781,3.7884615384615383,15.019230769230768
https://www.redfin.com/MO/Saint-Louis/3446-Nebraska-Ave-63118/home/109007522,1,South,197,781,3.7884615384615383,15.019230769230768
https://www.redfin.com/MO/Saint-Louis/16-Aberdeen-Pl-63105/home/93766507,3,Central,216,761,3.9272727272727272,13.836363636363636
https://www.redfin.com/MO/Saint-Louis/6126-Lucille-Ave-63136/home/93745334,5,North,287,878,5.857142857142857,17.918367346938773
https://www.redfin.com/MO/Saint-Louis/6201-Wade-Ave-63139/home/93726347,3,Central,216,761,3.9272727272727272,13.836363636363636
https://www.redfin.com/MO/Saint-Louis/41-Willmore-Rd-63109/home/93782636,1,South,197,781,3.7884615384615383,15.019230769230768
https://www.redfin.com/MO/Saint-Louis/7219-Emilie-St-63143/home/93743202,3,Central,216,761,3.9272727272727272,13.836363636363636
https://www.redfin.com/MO/Saint-Louis/3223-Tennyson-Sq-63143/home/93751124,3,Central,216,761,3.9272727272727272,13.836363636363636
https://www.redfin.com/MO/Saint-Louis/4632-Pershing-Pl-63108/home/93724635,3,Central,216,761,3.9272727272727272,13.836363636363636
https://www.redfin.com/MO/Saint-Louis/1401-McCausland-Ave-63117/home/93744505,3,Central,216,761,3.9272727272727272,13.836363636363636
https://www.redfin.com/MO/Saint-Louis/4934-Columbia-Ave-63139/home/93727613,3,Central,216,761,3.9272727272727272,13.836363636363636
https://www.redfin.com/MO/Saint-Louis/2500-Clifton-Ave-63139/home/93743619,3,Central,216,761,3.9272727272727272,13.836363636363636
https://www.redfin.com/MO/Saint-Louis/3745-Weber-Rd-63125/home/93785623,1,South,197,781,3.7884615384615383,15.019230769230768
https://www.redfin.com/MO/Saint-Louis/5562-Goodfellow-Blvd-63136/home/62769083,5,North,287,878,5.857142857142857,17.918367346938773
https://www.redfin.com/MO/Saint-Louis/40-Willmore-Rd-63109/home/93782578,1,South,197,781,3.7884615384615383,15.019230769230768
https://www.redfin.com/MO/Saint-Louis/48-Willmore-Rd-63109/home/93782574,1,South,197,781,3.7884615384615383,15.019230769230768
https://www.redfin.com/MO/Saint-Louis/5433-Vernon-Ave-63112/home/93683495,3,Central,216,761,3.9272727272727272,13.836363636363636
https://www.redfin.com/MO/Saint-Louis/4259-Louisiana-Ave-63111/home/93705473,1,South,197,781,3.7884615384615383,15.019230769230768
https://www.redfin.com/MO/Saint-Louis/7417-Parkwood-Dr-63116/home/93783601,1,South,197,781,3.7884615384615383,15.019230769230768
https://www.redfin.com/MO/Saint-Louis/6029-W-Cabanne-Pl-63112/home/93728752,3,Central,216,761,3.9272727272727272,13.836363636363636
https://www.redfin.com/MO/Saint-Louis/4388-McPherson-Ave-63108/home/109919933,3,Central,216,761,3.9272727272727272,13.836363636363636
https://www.redfin.com/MO/Saint-Louis/3903-Holly-Hills-Blvd-63116/home/93773769,1,South,197,781,3.7884615384615383,15.019230769230768
https://www.redfin.com/MO/Saint-Louis/6827-Fyler-Ave-63139/home/93741878,3,Central,216,761,3.9272727272727272,13.836363636363636
https://www.redfin.com/MO/Saint-Louis/7151-Wellington-Ct-63143/home/93751093,3,Central,216,761,3.9272727272727272,13.836363636363636
https://www.redfin.com/MO/Saint-Louis/3005-Hawthorne-Blvd-63104/home/93691034,3,Central,216,761,3.9272727272727272,13.836363636363636
https://www.redfin.com/MO/Saint-Louis/6821-Bradley-Ave-63139/home/93742019,3,Central,216,761,3.9272727272727272,13.836363636363636
https://www.redfin.com/MO/Saint-Louis/8572-Oriole-Ave-63147/home/93758139,5,North,287,878,5.857142857142857,17.918367346938773
https://www.redfin.com/MO/Saint-Louis/6429-Myrlette-Ct-63116/home/93783500,1,South,197,781,3.7884615384615383,15.019230769230768
https://www.redfin.com/MO/Saint-Louis/754-Bellerive-Blvd-63111/home/93708685,1,South,197,781,3.7884615384615383,15.019230769230768
https://www.redfin.com/MO/Saint-Louis/3911-Comstock-Dr-63123/home/93784961,1,South,197,781,3.7884615384615383,15.019230769230768
https://www.redfin.com/MO/Saint-Louis/4379-Holly-Hills-Blvd-63116/home/62698761,1,South,197,781,3.7884615384615383,15.019230769230768
https://www.redfin.com/MO/Saint-Louis/3672-Bellerive-Blvd-63116/home/93772310,1,South,197,781,3.7884615384615383,15.019230769230768
https://www.redfin.com/MO/Saint-Louis/7080-Plainview-Ave-63109/home/93780815,1,South,197,781,3.7884615384615383,15.019230769230768
https://www.redfin.com/MO/Saint-Louis/6120-Garesche-Ave-63136/home/93745628,5,North,287,878,5.857142857142857,17.918367346938773
https://www.redfin.com/MO/Saint-Louis/6433-Odell-St-63139/home/93744974,3,Central,216,761,3.9272727272727272,13.836363636363636
https://www.redfin.com/MO/Saint-Louis/950-Beach-Ave-63112/home/93723823,3,Central,216,761,3.9272727272727272,13.836363636363636
https://www.redfin.com/MO/Saint-Louis/4754-Michigan-Ave-63111/home/93707028,1,South,197,781,3.7884615384615383,15.019230769230768
https://www.redfin.com/MO/Saint-Louis/5325-Wherry-Ave-63109/home/93768200,1,South,197,781,3.7884615384615383,15.019230769230768
https://www.redfin.com/MO/Saint-Louis/7094-Mardel-Ave-63109/home/93748077,1,South,197,781,3.7884615384615383,15.019230769230768
https://www.redfin.com/MO/Saint-Louis/7127-Bancroft-Ave-63109/home/93747838,1,South,197,781,3.7884615384615383,15.019230769230768
https://www.redfin.com/MO/Saint-Louis/5002-Columbia-Ave-63139/home/93727603,3,Central,216,761,3.9272727272727272,13.836363636363636
https://www.redfin.com/MO/Saint-Louis/6165-Lucille-Ave-63136/home/93745290,5,North,287,878,5.857142857142857,17.918367346938773
https://www.redfin.com/MO/Saint-Louis/8137-Carlsbad-Dr-63123/home/93784245,1,South,197,781,3.7884615384615383,15.019230769230768
https://www.redfin.com/MO/Saint-Louis/3651-Germania-St-63116/home/93757106,1,South,197,781,3.7884615384615383,15.019230769230768
https://www.redfin.com/MO/Saint-Louis/7430-Hildesheim-Ave-63123/home/93761272,1,South,197,781,3.7884615384615383,15.019230769230768
https://www.redfin.com/MO/Saint-Louis/4346-McPherson-Ave-63108/home/93725559,3,Central,216,761,3.9272727272727272,13.836363636363636
https://www.redfin.com/MO/Saint-Louis/6723-Marmaduke-Ave-63139/home/93743768,3,Central,216,761,3.9272727272727272,13.836363636363636
https://www.redfin.com/MO/Saint-Louis/6551-Fyler-Ave-63139/home/93741951,3,Central,216,761,3.9272727272727272,13.836363636363636
https://www.redfin.com/MO/Saint-Louis/8-Willmore-Rd-63109/home/93782666,1,South,197,781,3.7884615384615383,15.019230769230768
https://www.redfin.com/MO/Saint-Louis/63-Kingsbury-Pl-63112/home/93763878,3,Central,216,761,3.9272727272727272,13.836363636363636
https://www.redfin.com/MO/Saint-Louis/4918-Pershing-Pl-63108/home/93724455,3,Central,216,761,3.9272727272727272,13.836363636363636
https://www.redfin.com/MO/Saint-Louis/5843-Clemens-Ave-63112/home/93739303,3,Central,216,761,3.9272727272727272,13.836363636363636
https://www.redfin.com/MO/St-Louis/3239-Lafayette-Ave-63104/home/76473548,3,Central,216,761,3.9272727272727272,13.836363636363636
https://www.redfin.com/MO/Saint-Louis/2010-Longfellow-Blvd-63104/home/93689964,3,Central,216,761,3.9272727272727272,13.836363636363636
https://www.redfin.com/MO/Saint-Louis/6165-Garesche-Ave-63136/home/93745323,5,North,287,878,5.857142857142857,17.918367346938773
https://www.redfin.com/MO/Saint-Louis/6230-Waterman-Ave-63130/home/93760120,3,Central,216,761,3.9272727272727272,13.836363636363636
https://www.redfin.com/MO/Saint-Louis/4136-Pennsylvania-Ave-63118/home/93705222,1,South,197,781,3.7884615384615383,15.019230769230768
https://www.redfin.com/MO/Saint-Louis/6343-Garesche-Ave-63136/home/93420122,5,North,287,878,5.857142857142857,17.918367346938773
https://www.redfin.com/MO/Saint-Louis/4437-S-39th-St-63116/home/93730965,1,South,197,781,3.7884615384615383,15.019230769230768
https://www.redfin.com/MO/Saint-Louis/1352-Central-Ave-63139/unit-R/home/176876789,3,Central,216,761,3.9272727272727272,13.836363636363636
https://www.redfin.com/MO/Saint-Louis/3543-Victor-St-63104/home/93692405,3,Central,216,761,3.9272727272727272,13.836363636363636
https://www.redfin.com/MO/Saint-Louis/6334-Albertine-Ave-63136/home/93761396,5,North,287,878,5.857142857142857,17.918367346938773
https://www.redfin.com/MO/Saint-Louis/32-Kingsbury-Pl-63112/home/93724169,3,Central,216,761,3.9272727272727272,13.836363636363636
https://www.redfin.com/MO/Saint-Louis/3024-Lafayette-Ave-63104/home/86390956,4,Central,349,1016,6.017241379310345,17.517241379310345
https://www.redfin.com/MO/Saint-Louis/6921-Marquette-Ave-63139/home/90752889,3,Central,216,761,3.9272727272727272,13.836363636363636
https://www.redfin.com/MO/Saint-Louis/5255-Loughborough-Ave-63109/home/93769497,1,South,197,781,3.7884615384615383,15.019230769230768
https://www.redfin.com/MO/Saint-Louis/4327-McRee-Ave-63110/home/109919834,3,Central,216,761,3.9272727272727272,13.836363636363636
https://www.redfin.com/MO/St-Louis/1426-Devlin-St-63110/home/87133434,3,Central,216,761,3.9272727272727272,13.836363636363636
https://www.redfin.com/MO/Saint-Louis/7003-Mardel-Ave-63109/home/93747922,1,South,197,781,3.7884615384615383,15.019230769230768
https://www.redfin.com/MO/Saint-Louis/2808-Lafayette-Ave-63104/home/93690094,4,Central,349,1016,6.017241379310345,17.517241379310345
https://www.redfin.com/MO/Saint-Louis/7431-Sharp-Ave-63116/home/93784999,1,South,197,781,3.7884615384615383,15.019230769230768
https://www.redfin.com/MO/St-Louis/2762-Park-Ave-63104/home/195200273,4,Central,349,1016,6.017241379310345,17.517241379310345
https://www.redfin.com/MO/Saint-Louis/10-Willmore-Rd-63109/home/93782665,1,South,197,781,3.7884615384615383,15.019230769230768
https://www.redfin.com/MO/Saint-Louis/4466-Tholozan-Ave-63116/home/93730025,1,South,197,781,3.7884615384615383,15.019230769230768
https://www.redfin.com/MO/Saint-Louis/3914-French-Ct-63116/home/93773358,1,South,197,781,3.7884615384615383,15.019230769230768
https://www.redfin.com/MO/Saint-Louis/6711-Mitchell-Ave-63139/home/62772167,3,Central,216,761,3.9272727272727272,13.836363636363636
https://www.redfin.com/MO/Saint-Louis/4535-S-Grand-Blvd-63111/home/70105616,1,South,197,781,3.7884615384615383,15.019230769230768
https://www.redfin.com/MO/Saint-Louis/6700-Morganford-Rd-63116/home/93671722,1,South,197,781,3.7884615384615383,15.019230769230768
https://www.redfin.com/MO/Saint-Louis/4386-Westminster-Pl-63108/home/93740310,3,Central,216,761,3.9272727272727272,13.836363636363636
https://www.redfin.com/MO/Saint-Louis/1605-Missouri-Ave-63104/home/93700578,4,Central,349,1016,6.017241379310345,17.517241379310345
https://www.redfin.com/MO/Saint-Louis/4466-Westminster-Pl-63108/home/93740234,3,Central,216,761,3.9272727272727272,13.836363636363636
https://www.redfin.com/MO/Saint-Louis/1832-S-8th-St-63104/home/93685093,4,Central,349,1016,6.017241379310345,17.517241379310345
https://www.redfin.com/MO/Saint-Louis/4532-Westminster-Pl-63108/home/93739894,3,Central,216,761,3.9272727272727272,13.836363636363636
https://www.redfin.com/MO/Saint-Louis/7726-Virginia-Ave-63111/home/66027465,1,South,197,781,3.7884615384615383,15.019230769230768
https://www.redfin.com/MO/Saint-Louis/3623-Ohio-Ave-63118/home/93696155,2,South,118,726,2.681818181818182,16.5
https://www.redfin.com/MO/Saint-Louis/4421-Westminster-Pl-63108/home/93739934,3,Central,216,761,3.9272727272727272,13.836363636363636
https://www.redfin.com/MO/St-Louis/3701-Cook-Ave-63113/home/102280390,3,Central,216,761,3.9272727272727272,13.836363636363636
https://www.redfin.com/MO/Saint-Louis/1919-Withnell-Ave-63118/home/93681739,2,South,118,726,2.681818181818182,16.5
https://www.redfin.com/MO/Saint-Louis/5275-Westminster-Pl-63108/home/93749533,3,Central,216,761,3.9272727272727272,13.836363636363636
https://www.redfin.com/MO/Saint-Louis/2423-S-13th-St-63104/home/93686692,4,Central,349,1016,6.017241379310345,17.517241379310345
https://www.redfin.com/MO/Saint-Louis/4367-McPherson-Ave-63108/home/62733049,3,Central,216,761,3.9272727272727272,13.836363636363636
https://www.redfin.com/MO/Saint-Louis/4445-Westminster-Pl-63108/home/93740253,3,Central,216,761,3.9272727272727272,13.836363636363636
https://www.redfin.com/MO/Saint-Louis/2316-S-12th-St-63104/home/93686426,4,Central,349,1016,6.017241379310345,17.517241379310345
https://www.redfin.com/MO/Saint-Louis/2621-Lemp-Ave-63118/home/93697318,4,Central,349,1016,6.017241379310345,17.517241379310345
https://www.redfin.com/MO/Saint-Louis/4132-W-Pine-Blvd-63108/home/62728575,3,Central,216,761,3.9272727272727272,13.836363636363636
https://www.redfin.com/MO/St-Louis/2930-Michigan-Ave-63118/home/93692160,3,Central,216,761,3.9272727272727272,13.836363636363636
https://www.redfin.com/MO/Saint-Louis/5026-Westminster-Pl-63108/home/93746007,3,Central,216,761,3.9272727272727272,13.836363636363636
https://www.redfin.com/MO/Saint-Louis/700-Bellerive-Blvd-63111/home/62745381,1,South,197,781,3.7884615384615383,15.019230769230768
https://www.redfin.com/MO/Saint-Louis/5025-Enright-Ave-63108/home/93744562,3,Central,216,761,3.9272727272727272,13.836363636363636
https://www.redfin.com/MO/Saint-Louis/1221-Mackay-Pl-63104/home/93701074,4,Central,349,1016,6.017241379310345,17.517241379310345
https://www.redfin.com/MO/Saint-Louis/1808-Lafayette-Ave-63104/home/93690442,4,Central,349,1016,6.017241379310345,17.517241379310345
https://www.redfin.com/MO/Saint-Louis/3611-Ohio-Ave-63118/home/93696157,2,South,118,726,2.681818181818182,16.5
https://www.redfin.com/MO/Saint-Louis/1532-Mississippi-Ave-63104/home/93697404,4,Central,349,1016,6.017241379310345,17.517241379310345
https://www.redfin.com/MO/Saint-Louis/2838-Salena-St-63118/home/93691509,4,Central,349,1016,6.017241379310345,17.517241379310345
https://www.redfin.com/MO/Saint-Louis/2308-S-10th-St-63104/home/62742671,4,Central,349,1016,6.017241379310345,17.517241379310345
https://www.redfin.com/MO/Saint-Louis/2837-McNair-Ave-63118/home/93674687,4,Central,349,1016,6.017241379310345,17.517241379310345
https://www.redfin.com/MO/Saint-Louis/7411-S-Broadway-63111/home/93710676,1,South,197,781,3.7884615384615383,15.019230769230768
https://www.redfin.com/MO/Saint-Louis/2624-S-11th-St-63118/home/93686929,4,Central,349,1016,6.017241379310345,17.517241379310345
https://www.redfin.com/MO/Saint-Louis/4466-Laclede-Ave-63108/home/69323591,3,Central,216,761,3.9272727272727272,13.836363636363636
https://www.redfin.com/MO/Saint-Louis/1920-Longfellow-Blvd-63104/home/93684678,3,Central,216,761,3.9272727272727272,13.836363636363636
https://www.redfin.com/MO/Saint-Louis/4745-Nebraska-Ave-63111/home/93707004,1,South,197,781,3.7884615384615383,15.019230769230768
https://www.redfin.com/MO/Saint-Louis/7116-Michigan-Ave-63111/home/93710390,1,South,197,781,3.7884615384615383,15.019230769230768
https://www.redfin.com/MO/Saint-Louis/3875-Federer-Pl-63116/home/93674969,1,South,197,781,3.7884615384615383,15.019230769230768
https://www.redfin.com/MO/Saint-Louis/1728-Carroll-St-63104/home/103203316,4,Central,349,1016,6.017241379310345,17.517241379310345
https://www.redfin.com/MO/Saint-Louis/3322-S-9th-St-63118/home/109007231,2,South,118,726,2.681818181818182,16.5
https://www.redfin.com/MO/Saint-Louis/2319-S-12th-St-63104/home/93686452,4,Central,349,1016,6.017241379310345,17.517241379310345
https://www.redfin.com/MO/Saint-Louis/6189-Westminster-Pl-63112/home/93760456,3,Central,216,761,3.9272727272727272,13.836363636363636
https://www.redfin.com/MO/Saint-Louis/2330-Menard-St-63104/home/109007581,4,Central,349,1016,6.017241379310345,17.517241379310345
https://www.redfin.com/MO/Saint-Louis/2915-Accomac-St-63104/home/62768506,4,Central,349,1016,6.017241379310345,17.517241379310345
https://www.redfin.com/MO/Saint-Louis/2907-Texas-Ave-63118/home/93699247,4,Central,349,1016,6.017241379310345,17.517241379310345
https://www.redfin.com/MO/Saint-Louis/1407-Missouri-Ave-63104/home/93681612,4,Central,349,1016,6.017241379310345,17.517241379310345
https://www.redfin.com/MO/Saint-Louis/3864-Loughborough-Ave-63116/home/93773244,1,South,197,781,3.7884615384615383,15.019230769230768
https://www.redfin.com/MO/St-Louis/5164-Waterman-Blvd-63108/home/190536101,3,Central,216,761,3.9272727272727272,13.836363636363636
https://www.redfin.com/MO/Saint-Louis/5855-Itaska-St-63109/home/93769155,1,South,197,781,3.7884615384615383,15.019230769230768
https://www.redfin.com/MO/Saint-Louis/2815-Russell-Blvd-63104/home/109007478,4,Central,349,1016,6.017241379310345,17.517241379310345
https://www.redfin.com/MO/Saint-Louis/5325-Bischoff-Ave-63110/home/76427028,3,Central,216,761,3.9272727272727272,13.836363636363636
https://www.redfin.com/MO/Saint-Louis/2359-S-12th-St-63104/home/93686143,4,Central,349,1016,6.017241379310345,17.517241379310345
https://www.redfin.com/MO/Saint-Louis/2222-Nebraska-Ave-63104/home/93691237,4,Central,349,1016,6.017241379310345,17.517241379310345
https://www.redfin.com/MO/Saint-Louis/3127-Shenandoah-Ave-63104/home/143286453,3,Central,216,761,3.9272727272727272,13.836363636363636
https://www.redfin.com/MO/Saint-Louis/1817-S-9th-St-63104/home/109918774,4,Central,349,1016,6.017241379310345,17.517241379310345
https://www.redfin.com/MO/Saint-Louis/1025-Dolman-St-63104/home/93685580,4,Central,349,1016,6.017241379310345,17.517241379310345
https://www.redfin.com/MO/Saint-Louis/5710-Vera-Ct-63139/home/93679449,3,Central,216,761,3.9272727272727272,13.836363636363636
https://www.redfin.com/MO/Saint-Louis/5266-Washington-Pl-63108/home/93749443,3,Central,216,761,3.9272727272727272,13.836363636363636
https://www.redfin.com/MO/Saint-Louis/1956-Wyoming-St-63118/home/109919868,2,South,118,726,2.681818181818182,16.5
https://www.redfin.com/MO/Saint-Louis/4169-Flora-Pl-63110/home/93747157,3,Central,216,761,3.9272727272727272,13.836363636363636
https://www.redfin.com/MO/St-Louis/2605-S-Compton-63104/home/196160189,3,Central,216,761,3.9272727272727272,13.836363636363636
https://www.redfin.com/MO/Saint-Louis/2701-S-11th-St-63118/home/93686355,4,Central,349,1016,6.017241379310345,17.517241379310345
https://www.redfin.com/MO/Saint-Louis/4101-Pennsylvania-Ave-63118/home/93705186,1,South,197,781,3.7884615384615383,15.019230769230768
https://www.redfin.com/MO/Saint-Louis/1943-Lynch-St-63118/home/93786841,4,Central,349,1016,6.017241379310345,17.517241379310345
https://www.redfin.com/MO/Saint-Louis/4253-Westminster-Pl-63108/home/93725735,3,Central,216,761,3.9272727272727272,13.836363636363636
https://www.redfin.com/MO/Saint-Louis/2106-S-Compton-Ave-63104/home/62744285,3,Central,216,761,3.9272727272727272,13.836363636363636
https://www.redfin.com/MO/Saint-Louis/2915-Russell-Blvd-63104/home/93689962,4,Central,349,1016,6.017241379310345,17.517241379310345
https://www.redfin.com/MO/Saint-Louis/1039-Allen-Ave-63104/home/93685671,4,Central,349,1016,6.017241379310345,17.517241379310345
https://www.redfin.com/MO/Saint-Louis/4327-Washington-Blvd-63108/home/93720051,3,Central,216,761,3.9272727272727272,13.836363636363636
https://www.redfin.com/MO/Saint-Louis/1430-N-Park-Pl-63107/home/93702747,4,Central,349,1016,6.017241379310345,17.517241379310345
https://www.redfin.com/MO/Saint-Louis/3627-Utah-Pl-63116/home/93700109,1,South,197,781,3.7884615384615383,15.019230769230768
https://www.redfin.com/MO/Saint-Louis/3225-S-Jefferson-Ave-63118/home/93694226,2,South,118,726,2.681818181818182,16.5
https://www.redfin.com/MO/Saint-Louis/2707-Lemp-Ave-63118/home/93697301,4,Central,349,1016,6.017241379310345,17.517241379310345
https://www.redfin.com/MO/Saint-Louis/1024-Mississippi-Ave-63104/home/62763603,4,Central,349,1016,6.017241379310345,17.517241379310345
https://www.redfin.com/MO/Saint-Louis/3727-McDonald-Ave-63116/home/62751717,1,South,197,781,3.7884615384615383,15.019230769230768
https://www.redfin.com/MO/Saint-Louis/3514-S-Jefferson-Ave-63118/home/93671325,2,South,118,726,2.681818181818182,16.5
https://www.redfin.com/MO/Saint-Louis/4364-Vista-Ave-63110/home/92224786,3,Central,216,761,3.9272727272727272,13.836363636363636
https://www.redfin.com/MO/Saint-Louis/1201-Dolman-St-63104/home/93682970,4,Central,349,1016,6.017241379310345,17.517241379310345
https://www.redfin.com/MO/Saint-Louis/3009-Allen-Ave-63104/home/62751987,3,Central,216,761,3.9272727272727272,13.836363636363636
https://www.redfin.com/MO/Saint-Louis/2908-Park-Ave-63104/home/143286629,4,Central,349,1016,6.017241379310345,17.517241379310345
https://www.redfin.com/MO/Saint-Louis/4111-Cleveland-Ave-63110/home/93746448,3,Central,216,761,3.9272727272727272,13.836363636363636
https://www.redfin.com/MO/Saint-Louis/3231-Indiana-Ave-63118/home/93694265,2,South,118,726,2.681818181818182,16.5
https://www.redfin.com/MO/Saint-Louis/2049-Ann-Ave-63104/home/93690471,4,Central,349,1016,6.017241379310345,17.517241379310345
https://www.redfin.com/MO/Saint-Louis/3258-Copelin-Ave-63104/home/93689591,3,Central,216,761,3.9272727272727272,13.836363636363636
https://www.redfin.com/MO/Saint-Louis/3622-S-Jefferson-Ave-63118/home/93696718,2,South,118,726,2.681818181818182,16.5
https://www.redfin.com/MO/Saint-Louis/3528-Pestalozzi-St-63118/home/143286520,3,Central,216,761,3.9272727272727272,13.836363636363636
https://www.redfin.com/MO/Saint-Louis/5240-Washington-Pl-63108/home/93749445,3,Central,216,761,3.9272727272727272,13.836363636363636
https://www.redfin.com/MO/Saint-Louis/2400-McNair-Ave-63104/home/93671315,4,Central,349,1016,6.017241379310345,17.517241379310345
https://www.redfin.com/MO/Saint-Louis/1801-Lasalle-St-63104/home/62726326,4,Central,349,1016,6.017241379310345,17.517241379310345
https://www.redfin.com/MO/Saint-Louis/3735-Connecticut-St-63116/home/62772719,3,Central,216,761,3.9272727272727272,13.836363636363636
https://www.redfin.com/MO/Saint-Louis/3931-McRee-Ave-63110/home/103203001,3,Central,216,761,3.9272727272727272,13.836363636363636
https://www.redfin.com/MO/Saint-Louis/2341-S-12th-St-63104/home/93686145,4,Central,349,1016,6.017241379310345,17.517241379310345
https://www.redfin.com/MO/Saint-Louis/4480-Maryland-Ave-63108/home/93724879,3,Central,216,761,3.9272727272727272,13.836363636363636
https://www.redfin.com/MO/Saint-Louis/3152-S-Compton-Ave-63118/home/93693189,1,South,197,781,3.7884615384615383,15.019230769230768
https://www.redfin.com/MO/Saint-Louis/1113-Victor-St-63104/home/93686770,4,Central,349,1016,6.017241379310345,17.517241379310345
https://www.redfin.com/MO/Saint-Louis/216-Nagel-Ave-63111/home/62752134,1,South,197,781,3.7884615384615383,15.019230769230768
https://www.redfin.com/MO/Saint-Louis/5502-Beacon-Ave-63120/home/93762835,5,North,287,878,5.857142857142857,17.918367346938773
https://www.redfin.com/MO/Saint-Louis/5440-Nagel-Ave-63109/home/93775850,1,South,197,781,3.7884615384615383,15.019230769230768
https://www.redfin.com/MO/Saint-Louis/3630-Roswell-Ave-63116/home/93711781,1,South,197,781,3.7884615384615383,15.019230769230768
https://www.redfin.com/MO/Saint-Louis/5146-Cologne-Ave-63116/home/93761639,1,South,197,781,3.7884615384615383,15.019230769230768
https://www.redfin.com/MO/Saint-Louis/3174-Nebraska-Ave-63118/home/93692964,1,South,197,781,3.7884615384615383,15.019230769230768
https://www.redfin.com/MO/Saint-Louis/3719-Koeln-Ave-63116/home/93751442,1,South,197,781,3.7884615384615383,15.019230769230768
https://www.redfin.com/MO/Saint-Louis/2215-Keokuk-St-63118/home/93696824,2,South,118,726,2.681818181818182,16.5
https://www.redfin.com/MO/Saint-Louis/6960-Sutherland-Ave-63109/home/93774215,1,South,197,781,3.7884615384615383,15.019230769230768
https://www.redfin.com/MO/Saint-Louis/6406-Hancock-Ave-63139/home/93748793,3,Central,216,761,3.9272727272727272,13.836363636363636
https://www.redfin.com/MO/Saint-Louis/1014-Geyer-Ave-63104/home/62720757,4,Central,349,1016,6.017241379310345,17.517241379310345
https://www.redfin.com/MO/Saint-Louis/2001-Withnell-Ave-63118/home/93693976,2,South,118,726,2.681818181818182,16.5
https://www.redfin.com/MO/Saint-Louis/2809-Chariton-St-63111/home/93705480,1,South,197,781,3.7884615384615383,15.019230769230768
https://www.redfin.com/MO/Saint-Louis/5908-W-Park-Ave-63110/home/93761427,3,Central,216,761,3.9272727272727272,13.836363636363636
https://www.redfin.com/MO/Saint-Louis/7159-Wellington-Ct-63143/home/93751094,3,Central,216,761,3.9272727272727272,13.836363636363636
https://www.redfin.com/MO/Saint-Louis/4740-S-Compton-Ave-63111/home/93706981,1,South,197,781,3.7884615384615383,15.019230769230768
https://www.redfin.com/MO/Saint-Louis/4607-Cecil-Pl-63116/home/93759354,1,South,197,781,3.7884615384615383,15.019230769230768
https://www.redfin.com/MO/Saint-Louis/6655-Villa-Ave-63139/home/93750138,3,Central,216,761,3.9272727272727272,13.836363636363636
https://www.redfin.com/MO/Saint-Louis/5501-Davison-Ave-63120/home/93762864,5,North,287,878,5.857142857142857,17.918367346938773
https://www.redfin.com/MO/Saint-Louis/4104-Fillmore-St-63116/home/93776346,1,South,197,781,3.7884615384615383,15.019230769230768
https://www.redfin.com/MO/Saint-Louis/4072-Schiller-Pl-63116/home/93781107,1,South,197,781,3.7884615384615383,15.019230769230768
https://www.redfin.com/MO/Saint-Louis/4070-Schiller-Pl-63116/home/93781108,1,South,197,781,3.7884615384615383,15.019230769230768
https://www.redfin.com/MO/Saint-Louis/4419-Eichelberger-St-63116/home/93764928,1,South,197,781,3.7884615384615383,15.019230769230768
https://www.redfin.com/MO/Saint-Louis/5825-W-Park-Ave-63110/home/62718940,3,Central,216,761,3.9272727272727272,13.836363636363636
https://www.redfin.com/MO/Saint-Louis/4844-Austria-Ave-63116/home/93755515,1,South,197,781,3.7884615384615383,15.019230769230768
https://www.redfin.com/MO/Saint-Louis/201-Hill-St-63111/home/93707636,1,South,197,781,3.7884615384615383,15.019230769230768
https://www.redfin.com/MO/Saint-Louis/6803-Virginia-Ave-63111/home/93710517,1,South,197,781,3.7884615384615383,15.019230769230768
https://www.redfin.com/MO/Saint-Louis/3454-Macklind-Ave-63139/home/93742657,1,South,197,781,3.7884615384615383,15.019230769230768
https://www.redfin.com/MO/Saint-Louis/6838-Salzburger-Ave-63116/home/93759289,1,South,197,781,3.7884615384615383,15.019230769230768
https://www.redfin.com/MO/Saint-Louis/3944-Randall-St-63116/home/93750187,1,South,197,781,3.7884615384615383,15.019230769230768
https://www.redfin.com/MO/Saint-Louis/6212-Wanda-Ave-63116/home/93765676,1,South,197,781,3.7884615384615383,15.019230769230768
https://www.redfin.com/MO/Saint-Louis/5917-Emma-Ave-63136/home/93758923,5,North,287,878,5.857142857142857,17.918367346938773
https://www.redfin.com/MO/Saint-Louis/6822-Hancock-Ave-63139/home/93743294,3,Central,216,761,3.9272727272727272,13.836363636363636
https://www.redfin.com/MO/Saint-Louis/4039-Taft-Ave-63116/home/93762163,1,South,197,781,3.7884615384615383,15.019230769230768
https://www.redfin.com/MO/Saint-Louis/5244-Daggett-Ave-63110/home/93727665,3,Central,216,761,3.9272727272727272,13.836363636363636
https://www.redfin.com/MO/Saint-Louis/917-Fillmore-St-63111/home/93708877,1,South,197,781,3.7884615384615383,15.019230769230768
https://www.redfin.com/MO/Saint-Louis/3506-S-Compton-Ave-63118/home/93694993,1,South,197,781,3.7884615384615383,15.019230769230768
https://www.redfin.com/MO/Saint-Louis/6840-Salzburger-Ave-63116/home/93759288,1,South,197,781,3.7884615384615383,15.019230769230768
https://www.redfin.com/MO/Saint-Louis/4455-Itaska-St-63116/home/93764126,1,South,197,781,3.7884615384615383,15.019230769230768
https://www.redfin.com/MO/Saint-Louis/3267-Morganford-Rd-63116/home/93751427,1,South,197,781,3.7884615384615383,15.019230769230768
https://www.redfin.com/MO/Saint-Louis/4627-Steffens-Ave-63116/home/93770935,1,South,197,781,3.7884615384615383,15.019230769230768
https://www.redfin.com/MO/Saint-Louis/6453-Marquette-Ave-63139/home/93749099,3,Central,216,761,3.9272727272727272,13.836363636363636
https://www.redfin.com/MO/Saint-Louis/4473-Gannett-St-63116/home/93763660,1,South,197,781,3.7884615384615383,15.019230769230768
https://www.redfin.com/MO/Saint-Louis/2629-January-Ave-63139/home/65990418,3,Central,216,761,3.9272727272727272,13.836363636363636
https://www.redfin.com/MO/Saint-Louis/5548-Elizabeth-Ave-63110/home/93772592,3,Central,216,761,3.9272727272727272,13.836363636363636
https://www.redfin.com/MO/Saint-Louis/308-Quincy-St-63111/home/93710245,1,South,197,781,3.7884615384615383,15.019230769230768
https://www.redfin.com/MO/Saint-Louis/4718-Lexington-Ave-63115/home/93735373,3,Central,216,761,3.9272727272727272,13.836363636363636
https://www.redfin.com/MO/Saint-Louis/5409-Dresden-Ave-63116/home/93758034,1,South,197,781,3.7884615384615383,15.019230769230768
https://www.redfin.com/MO/Saint-Louis/5912-Nashville-Ave-63110/home/93761512,3,Central,216,761,3.9272727272727272,13.836363636363636
https://www.redfin.com/MO/Saint-Louis/4270-Miami-St-63116/home/93728578,1,South,197,781,3.7884615384615383,15.019230769230768
https://www.redfin.com/MO/Saint-Louis/6018-Minnesota-Ave-63111/home/93709094,1,South,197,781,3.7884615384615383,15.019230769230768
https://www.redfin.com/MO/Saint-Louis/5508-Beacon-Ave-63120/home/93762873,5,North,287,878,5.857142857142857,17.918367346938773
https://www.redfin.com/MO/Saint-Louis/3838-Neosho-St-63116/home/93730908,1,South,197,781,3.7884615384615383,15.019230769230768
https://www.redfin.com/MO/Saint-Louis/8425-Pennsylvania-Ave-63111/home/93711567,1,South,197,781,3.7884615384615383,15.019230769230768
https://www.redfin.com/MO/Saint-Louis/6746-Odell-St-63139/home/93743844,3,Central,216,761,3.9272727272727272,13.836363636363636
https://www.redfin.com/MO/Saint-Louis/5908-Nashville-Ave-63110/home/93761513,3,Central,216,761,3.9272727272727272,13.836363636363636
https://www.redfin.com/MO/Saint-Louis/6209-Hancock-Ave-63139/home/93743079,3,Central,216,761,3.9272727272727272,13.836363636363636
https://www.redfin.com/MO/Saint-Louis/3931-Delor-St-63116/home/62755835,1,South,197,781,3.7884615384615383,15.019230769230768
https://www.redfin.com/MO/Saint-Louis/4474-Wallace-St-63116/home/93764092,1,South,197,781,3.7884615384615383,15.019230769230768
https://www.redfin.com/MO/Saint-Louis/4417-Bingham-Ave-63116/home/93772039,1,South,197,781,3.7884615384615383,15.019230769230768
https://www.redfin.com/MO/Saint-Louis/6738-Dale-Ave-63139/home/93740756,3,Central,216,761,3.9272727272727272,13.836363636363636
https://www.redfin.com/MO/Saint-Louis/5760-Acme-Ave-63136/home/93761230,5,North,287,878,5.857142857142857,17.918367346938773
https://www.redfin.com/MO/Saint-Louis/3979-Schiller-Pl-63116/home/93770281,1,South,197,781,3.7884615384615383,15.019230769230768
https://www.redfin.com/MO/Saint-Louis/4453-Gannett-St-63116/home/62696687,1,South,197,781,3.7884615384615383,15.019230769230768
https://www.redfin.com/MO/Saint-Louis/1421-Brock-St-63139/home/62696547,3,Central,216,761,3.9272727272727272,13.836363636363636
https://www.redfin.com/MO/Saint-Louis/1433-Brock-St-63139/home/65540656,3,Central,216,761,3.9272727272727272,13.836363636363636
https://www.redfin.com/MO/Saint-Louis/5657-Leona-St-63116/home/93761945,1,South,197,781,3.7884615384615383,15.019230769230768
https://www.redfin.com/MO/Saint-Louis/4850-Goethe-Ave-63116/home/93763280,1,South,197,781,3.7884615384615383,15.019230769230768
https://www.redfin.com/MO/Saint-Louis/2820-Indiana-Ave-63118/home/77448190,4,Central,349,1016,6.017241379310345,17.517241379310345
https://www.redfin.com/MO/Saint-Louis/4511-Jamieson-Ave-63109/home/93774113,1,South,197,781,3.7884615384615383,15.019230769230768
https://www.redfin.com/MO/Saint-Louis/3429-Osage-St-63118/home/93704806,1,South,197,781,3.7884615384615383,15.019230769230768
https://www.redfin.com/MO/Saint-Louis/4691-Tesson-St-63116/home/93775239,1,South,197,781,3.7884615384615383,15.019230769230768
https://www.redfin.com/MO/Saint-Louis/3534-Lucy-St-63116/home/93730082,1,South,197,781,3.7884615384615383,15.019230769230768
https://www.redfin.com/MO/Saint-Louis/6927-Dale-Ave-63139/home/93765557,3,Central,216,761,3.9272727272727272,13.836363636363636
https://www.redfin.com/MO/Saint-Louis/5541-Connecticut-St-63139/home/93765791,3,Central,216,761,3.9272727272727272,13.836363636363636
https://www.redfin.com/MO/Saint-Louis/6062-Thekla-Ave-63136/home/93758632,5,North,287,878,5.857142857142857,17.918367346938773
https://www.redfin.com/MO/Saint-Louis/4130-Burgen-Ave-63116/home/93762032,1,South,197,781,3.7884615384615383,15.019230769230768
https://www.redfin.com/MO/Saint-Louis/4006-Neosho-St-63116/home/93767236,1,South,197,781,3.7884615384615383,15.019230769230768
https://www.redfin.com/MO/Saint-Louis/4435-Arco-Ave-63110/home/93750923,3,Central,216,761,3.9272727272727272,13.836363636363636
https://www.redfin.com/MO/Saint-Louis/4136-Miami-St-63116/home/93728519,1,South,197,781,3.7884615384615383,15.019230769230768
https://www.redfin.com/MO/Saint-Louis/4531-Minnesota-Ave-63111/home/93706263,1,South,197,781,3.7884615384615383,15.019230769230768
https://www.redfin.com/MO/Saint-Louis/3424-Louisiana-Ave-63118/home/93695146,1,South,197,781,3.7884615384615383,15.019230769230768
https://www.redfin.com/MO/Saint-Louis/709-Gimblin-Rd-63147/home/93731692,6,North,310,717,6.739130434782608,15.58695652173913
https://www.redfin.com/MO/Saint-Louis/4548-Ray-Ave-63116/home/62747698,1,South,197,781,3.7884615384615383,15.019230769230768
https://www.redfin.com/MO/Saint-Louis/3505-Itaska-St-63111/home/93707161,1,South,197,781,3.7884615384615383,15.019230769230768
https://www.redfin.com/MO/Saint-Louis/6338-Hancock-Ave-63139/home/93748798,3,Central,216,761,3.9272727272727272,13.836363636363636
https://www.redfin.com/MO/Saint-Louis/6340-Lena-Ave-63136/home/93420323,5,North,287,878,5.857142857142857,17.918367346938773
https://www.redfin.com/MO/Saint-Louis/7211-Eugene-Ave-63116/home/93711975,1,South,197,781,3.7884615384615383,15.019230769230768
https://www.redfin.com/MO/Saint-Louis/1511-Fairmount-Ave-63139/home/93741220,3,Central,216,761,3.9272727272727272,13.836363636363636
https://www.redfin.com/MO/Saint-Louis/4751-Beacon-Ave-63120/home/93767284,5,North,287,878,5.857142857142857,17.918367346938773
https://www.redfin.com/MO/Saint-Louis/4738-Minnesota-Ave-63111/home/93707039,1,South,197,781,3.7884615384615383,15.019230769230768
https://www.redfin.com/MO/Saint-Louis/313-Fillmore-St-63111/home/93708978,1,South,197,781,3.7884615384615383,15.019230769230768
https://www.redfin.com/MO/Saint-Louis/4718-Hummel-Ave-63116/home/93758067,1,South,197,781,3.7884615384615383,15.019230769230768
https://www.redfin.com/MO/Saint-Louis/7142-Alabama-Ave-63111/home/93710307,1,South,197,781,3.7884615384615383,15.019230769230768
https://www.redfin.com/MO/Saint-Louis/4327-Jessica-Ave-63116/home/62748216,1,South,197,781,3.7884615384615383,15.019230769230768
https://www.redfin.com/MO/Saint-Louis/3192-Watson-Rd-63139/home/92911180,3,Central,216,761,3.9272727272727272,13.836363636363636
https://www.redfin.com/MO/Saint-Louis/4507-Oregon-Ave-63111/home/93706535,1,South,197,781,3.7884615384615383,15.019230769230768
https://www.redfin.com/MO/Saint-Louis/6009-Marquette-Ave-63139/home/93749026,1,South,197,781,3.7884615384615383,15.019230769230768
https://www.redfin.com/MO/Saint-Louis/4213-Osceola-St-63116/home/93726622,1,South,197,781,3.7884615384615383,15.019230769230768
https://www.redfin.com/MO/Saint-Louis/1033-Graham-St-63139/home/93756165,3,Central,216,761,3.9272727272727272,13.836363636363636
https://www.redfin.com/MO/Saint-Louis/3451-Sublette-Ave-63139/home/93742313,1,South,197,781,3.7884615384615383,15.019230769230768
https://www.redfin.com/MO/Saint-Louis/6215-Idaho-Ave-63111/home/92335969,1,South,197,781,3.7884615384615383,15.019230769230768
https://www.redfin.com/MO/Saint-Louis/4172-Schiller-Pl-63116/home/93781167,1,South,197,781,3.7884615384615383,15.019230769230768
https://www.redfin.com/MO/Saint-Louis/4336-Humphrey-St-63116/home/93751337,1,South,197,781,3.7884615384615383,15.019230769230768
https://www.redfin.com/MO/Saint-Louis/4151-Concordia-Ave-63116/home/93761972,1,South,197,781,3.7884615384615383,15.019230769230768
https://www.redfin.com/MO/Saint-Louis/1241-Graham-St-63139/home/93726413,3,Central,216,761,3.9272727272727272,13.836363636363636
https://www.redfin.com/MO/Saint-Louis/4258-Miami-St-63116/home/93728580,1,South,197,781,3.7884615384615383,15.019230769230768
https://www.redfin.com/MO/Saint-Louis/3248-Morganford-Rd-63116/home/93729427,1,South,197,781,3.7884615384615383,15.019230769230768
https://www.redfin.com/MO/Saint-Louis/3244-Morganford-Rd-63116/home/93729425,1,South,197,781,3.7884615384615383,15.019230769230768
https://www.redfin.com/MO/Saint-Louis/2839-Indiana-Ave-63118/home/93692103,4,Central,349,1016,6.017241379310345,17.517241379310345
https://www.redfin.com/MO/Saint-Louis/3418-Michigan-Ave-63118/home/93694922,1,South,197,781,3.7884615384615383,15.019230769230768
https://www.redfin.com/MO/Saint-Louis/5133-Dresden-Ave-63116/home/93764019,1,South,197,781,3.7884615384615383,15.019230769230768
https://www.redfin.com/MO/Saint-Louis/505-Hurck-St-63111/home/93711460,1,South,197,781,3.7884615384615383,15.019230769230768
https://www.redfin.com/MO/Saint-Louis/4355-Maryland-Ave-63108/unit-110/home/93725625,3,Central,216,761,3.9272727272727272,13.836363636363636
https://www.redfin.com/MO/Saint-Louis/5646-Waterman-Blvd-63112/unit-1NW/home/93672300,3,Central,216,761,3.9272727272727272,13.836363636363636
https://www.redfin.com/MO/Saint-Louis/4695-Primm-St-63116/home/93775233,1,South,197,781,3.7884615384615383,15.019230769230768
https://www.redfin.com/MO/Saint-Louis/4394-Haven-St-63116/home/93771810,1,South,197,781,3.7884615384615383,15.019230769230768
https://www.redfin.com/MO/Saint-Louis/6925-Field-Ave-63116/home/93773265,1,South,197,781,3.7884615384615383,15.019230769230768
https://www.redfin.com/MO/Saint-Louis/5458-Gravois-Ave-63116/home/93757182,1,South,197,781,3.7884615384615383,15.019230769230768
https://www.redfin.com/MO/Saint-Louis/1382-Mobile-Ct-63139/home/62710085,3,Central,216,761,3.9272727272727272,13.836363636363636
https://www.redfin.com/MO/Saint-Louis/4750-Plover-Ave-63120/home/93761814,5,North,287,878,5.857142857142857,17.918367346938773
https://www.redfin.com/MO/Saint-Louis/4734-Hamburg-Ave-63123/home/93759455,1,South,197,781,3.7884615384615383,15.019230769230768
https://www.redfin.com/MO/Saint-Louis/5944-Floy-Ave-63147/home/93768981,5,North,287,878,5.857142857142857,17.918367346938773
https://www.redfin.com/MO/Saint-Louis/1517-Kraft-St-63139/home/93773120,3,Central,216,761,3.9272727272727272,13.836363636363636
https://www.redfin.com/MO/Saint-Louis/6800-Wanda-Ave-63116/home/93771822,1,South,197,781,3.7884615384615383,15.019230769230768
https://www.redfin.com/MO/Saint-Louis/1375-Childress-Ave-63139/home/93740870,3,Central,216,761,3.9272727272727272,13.836363636363636
https://www.redfin.com/MO/Saint-Louis/1561-Kraft-St-63139/home/93773056,3,Central,216,761,3.9272727272727272,13.836363636363636
https://www.redfin.com/MO/Saint-Louis/4149-Wilmington-Ave-63116/home/93770974,1,South,197,781,3.7884615384615383,15.019230769230768
https://www.redfin.com/MO/Saint-Louis/3227-Jasper-Park-63139/home/93742962,3,Central,216,761,3.9272727272727272,13.836363636363636
https://www.redfin.com/MO/Saint-Louis/3975-Eichelberger-St-63116/home/93757742,1,South,197,781,3.7884615384615383,15.019230769230768
https://www.redfin.com/MO/Saint-Louis/4373-Loughborough-Ave-63116/home/93771856,1,South,197,781,3.7884615384615383,15.019230769230768
https://www.redfin.com/MO/Saint-Louis/8414-S-Broadway-63111/home/93711683,1,South,197,781,3.7884615384615383,15.019230769230768
https://www.redfin.com/MO/Saint-Louis/3922-Itaska-St-63116/home/93750177,1,South,197,781,3.7884615384615383,15.019230769230768
https://www.redfin.com/MO/Saint-Louis/4658-Dewey-Ave-63116/home/93742471,1,South,197,781,3.7884615384615383,15.019230769230768
https://www.redfin.com/MO/Saint-Louis/4351-Potomac-St-63116/home/93774408,1,South,197,781,3.7884615384615383,15.019230769230768
https://www.redfin.com/MO/Saint-Louis/6713-Wanda-Ave-63116/home/93771851,1,South,197,781,3.7884615384615383,15.019230769230768
https://www.redfin.com/MO/Saint-Louis/5224-Fyler-Ave-63139/home/93742692,3,Central,216,761,3.9272727272727272,13.836363636363636
https://www.redfin.com/MO/Saint-Louis/7413-Pennsylvania-Ave-63111/home/93710786,1,South,197,781,3.7884615384615383,15.019230769230768
https://www.redfin.com/MO/Saint-Louis/4639-Primm-St-63116/home/93775213,1,South,197,781,3.7884615384615383,15.019230769230768
https://www.redfin.com/MO/Saint-Louis/4882-Anderson-Ave-63115/home/93733350,5,North,287,878,5.857142857142857,17.918367346938773
https://www.redfin.com/MO/Saint-Louis/4878-Anderson-Ave-63115/home/93733349,5,North,287,878,5.857142857142857,17.918367346938773
https://www.redfin.com/MO/Saint-Louis/8757-Lowell-St-63147/home/93766305,6,North,310,717,6.739130434782608,15.58695652173913
https://www.redfin.com/MO/Saint-Louis/2153-Knox-Ave-63139/home/93761533,3,Central,216,761,3.9272727272727272,13.836363636363636
https://www.redfin.com/MO/Saint-Louis/3306-California-Ave-63118/unit-A/home/93681730,2,South,118,726,2.681818181818182,16.5
https://www.redfin.com/MO/Saint-Louis/4416-Wallace-St-63116/home/93763767,1,South,197,781,3.7884615384615383,15.019230769230768
https://www.redfin.com/MO/Saint-Louis/4845-Carter-Ave-63115/home/93733294,5,North,287,878,5.857142857142857,17.918367346938773
https://www.redfin.com/MO/Saint-Louis/2731-Osceola-St-63111/home/93705777,1,South,197,781,3.7884615384615383,15.019230769230768
https://www.redfin.com/MO/Saint-Louis/5502-Vermont-Ave-63111/home/93708614,1,South,197,781,3.7884615384615383,15.019230769230768
https://www.redfin.com/MO/Saint-Louis/3726-Michigan-Ave-63118/home/62767415,1,South,197,781,3.7884615384615383,15.019230769230768
https://www.redfin.com/MO/Saint-Louis/6826-Dale-Ave-63139/home/63667571,3,Central,216,761,3.9272727272727272,13.836363636363636
https://www.redfin.com/MO/Saint-Louis/4273-Wyoming-St-63116/home/93729840,3,Central,216,761,3.9272727272727272,13.836363636363636
https://www.redfin.com/MO/Saint-Louis/4327-Chippewa-St-63116/home/93729724,1,South,197,781,3.7884615384615383,15.019230769230768
https://www.redfin.com/MO/Saint-Louis/4935-Alcott-Ave-63120/home/93756771,5,North,287,878,5.857142857142857,17.918367346938773
https://www.redfin.com/MO/Saint-Louis/2917-Minnesota-Ave-63118/home/93692131,3,Central,216,761,3.9272727272727272,13.836363636363636
https://www.redfin.com/MO/Saint-Louis/4061-Concordia-Ave-63116/home/93761941,1,South,197,781,3.7884615384615383,15.019230769230768
https://www.redfin.com/MO/Saint-Louis/1029-Tamm-Ave-63139/home/93774502,3,Central,216,761,3.9272727272727272,13.836363636363636
https://www.redfin.com/MO/Saint-Louis/6448-Wade-Ave-63139/home/93740755,3,Central,216,761,3.9272727272727272,13.836363636363636
https://www.redfin.com/MO/Saint-Louis/2909-Clara-Ave-63120/home/93755286,3,Central,216,761,3.9272727272727272,13.836363636363636
https://www.redfin.com/MO/Saint-Louis/4838-Goethe-Ave-63116/home/93763276,1,South,197,781,3.7884615384615383,15.019230769230768
https://www.redfin.com/MO/Saint-Louis/6409-Marquette-Ave-63139/home/93749115,3,Central,216,761,3.9272727272727272,13.836363636363636
https://www.redfin.com/MO/Saint-Louis/5523-Connecticut-St-63139/home/93765779,3,Central,216,761,3.9272727272727272,13.836363636363636
https://www.redfin.com/MO/Saint-Louis/5147-Pattison-Ave-63110/home/93728080,3,Central,216,761,3.9272727272727272,13.836363636363636
https://www.redfin.com/MO/Saint-Louis/3850-Marine-Ave-63118/home/93697186,2,South,118,726,2.681818181818182,16.5
https://www.redfin.com/MO/Saint-Louis/7923-Water-St-63111/home/93711251,1,South,197,781,3.7884615384615383,15.019230769230768
https://www.redfin.com/MO/Saint-Louis/3230-Osceola-St-63111/home/93706111,1,South,197,781,3.7884615384615383,15.019230769230768
https://www.redfin.com/MO/Saint-Louis/3232-Osceola-St-63111/home/93706112,1,South,197,781,3.7884615384615383,15.019230769230768
https://www.redfin.com/MO/Saint-Louis/7015-Field-Ave-63116/home/93773247,1,South,197,781,3.7884615384615383,15.019230769230768
https://www.redfin.com/MO/Saint-Louis/4132-Miami-St-63116/home/93728518,1,South,197,781,3.7884615384615383,15.019230769230768
https://www.redfin.com/MO/Saint-Louis/4616-S-Spring-Ave-63116/home/93767571,1,South,197,781,3.7884615384615383,15.019230769230768
https://www.redfin.com/MO/Saint-Louis/3307-N-19th-St-63107/home/93688880,4,Central,349,1016,6.017241379310345,17.517241379310345
https://www.redfin.com/MO/Saint-Louis/3889-Walsh-St-63116/home/93766579,1,South,197,781,3.7884615384615383,15.019230769230768
https://www.redfin.com/MO/Saint-Louis/6012-Fyler-Ave-63139/home/93742984,3,Central,216,761,3.9272727272727272,13.836363636363636
https://www.redfin.com/MO/Saint-Louis/7717-Vermont-Ave-63111/home/93711031,1,South,197,781,3.7884615384615383,15.019230769230768
https://www.redfin.com/MO/Saint-Louis/7075-Mardel-Ave-63109/home/93747908,1,South,197,781,3.7884615384615383,15.019230769230768
https://www.redfin.com/MO/Saint-Louis/4057-Cottage-Ave-63113/home/93716651,3,Central,216,761,3.9272727272727272,13.836363636363636
https://www.redfin.com/MO/Saint-Louis/2620-Tamm-Ave-63139/home/93743611,3,Central,216,761,3.9272727272727272,13.836363636363636
https://www.redfin.com/MO/Saint-Louis/4049-W-Iowa-Ave-63118/home/62754944,1,South,197,781,3.7884615384615383,15.019230769230768
https://www.redfin.com/MO/Saint-Louis/2604-Tamm-Ave-63139/home/93743614,3,Central,216,761,3.9272727272727272,13.836363636363636
https://www.redfin.com/MO/Saint-Louis/4157-Concordia-Ave-63116/home/93761967,1,South,197,781,3.7884615384615383,15.019230769230768
https://www.redfin.com/MO/Saint-Louis/4159-Bowen-St-63116/home/93776368,1,South,197,781,3.7884615384615383,15.019230769230768
https://www.redfin.com/MO/Saint-Louis/2628-Tamm-Ave-63139/home/93743612,3,Central,216,761,3.9272727272727272,13.836363636363636
https://www.redfin.com/MO/Saint-Louis/4066-Burgen-Ave-63116/home/82702094,1,South,197,781,3.7884615384615383,15.019230769230768
https://www.redfin.com/MO/Saint-Louis/2611-Macklind-Ave-63139/home/93727444,3,Central,216,761,3.9272727272727272,13.836363636363636
https://www.redfin.com/MO/Saint-Louis/3306-California-Ave-63118/unit-C/home/93681721,2,South,118,726,2.681818181818182,16.5
https://www.redfin.com/MO/Saint-Louis/1913-Senate-St-63118/unit-A/home/93672839,4,Central,349,1016,6.017241379310345,17.517241379310345
https://www.redfin.com/MO/Saint-Louis/1386-Mobile-Ct-63139/home/93740873,3,Central,216,761,3.9272727272727272,13.836363636363636
https://www.redfin.com/MO/Saint-Louis/6411-Marquette-Ave-63139/home/62724999,3,Central,216,761,3.9272727272727272,13.836363636363636
https://www.redfin.com/MO/Saint-Louis/5532-Robin-Ave-63120/home/93751871,5,North,287,878,5.857142857142857,17.918367346938773
https://www.redfin.com/MO/St-Louis/4250-Juniata-St-63116/home/93729823,3,Central,216,761,3.9272727272727272,13.836363636363636
https://www.redfin.com/MO/Saint-Louis/6107-Alaska-Ave-63111/home/93709558,1,South,197,781,3.7884615384615383,15.019230769230768
https://www.redfin.com/MO/Saint-Louis/4261-Humphrey-St-63116/home/93729592,1,South,197,781,3.7884615384615383,15.019230769230768
https://www.redfin.com/MO/Saint-Louis/4712-Nebraska-Ave-63111/home/93706897,1,South,197,781,3.7884615384615383,15.019230769230768
https://www.redfin.com/MO/Saint-Louis/4073-Schiller-Pl-63116/home/93770299,1,South,197,781,3.7884615384615383,15.019230769230768
https://www.redfin.com/MO/Saint-Louis/4416-S-Spring-Ave-63116/home/93730877,1,South,197,781,3.7884615384615383,15.019230769230768
https://www.redfin.com/MO/Saint-Louis/5212-Columbia-Ave-63139/home/93727626,3,Central,216,761,3.9272727272727272,13.836363636363636
https://www.redfin.com/MO/Saint-Louis/7219-Eugene-Ave-63116/home/93712115,1,South,197,781,3.7884615384615383,15.019230769230768
https://www.redfin.com/MO/Saint-Louis/1509-W-Billon-Ave-63139/home/93741495,3,Central,216,761,3.9272727272727272,13.836363636363636
https://www.redfin.com/MO/Saint-Louis/1317-Hughes-Pl-63110/home/93726302,3,Central,216,761,3.9272727272727272,13.836363636363636
https://www.redfin.com/MO/Saint-Louis/2750-Hermitage-Ave-63143/home/93745086,3,Central,216,761,3.9272727272727272,13.836363636363636
https://www.redfin.com/MO/Saint-Louis/5516-Botanical-Ave-63110/home/93727089,3,Central,216,761,3.9272727272727272,13.836363636363636
https://www.redfin.com/MO/Saint-Louis/1519-Angelrodt-St-63107/home/93679631,4,Central,349,1016,6.017241379310345,17.517241379310345
https://www.redfin.com/MO/Saint-Louis/5626-Vivian-Pl-63136/home/93769783,5,North,287,878,5.857142857142857,17.918367346938773
https://www.redfin.com/MO/Saint-Louis/2031-Agnes-St-63107/home/93688793,4,Central,349,1016,6.017241379310345,17.517241379310345
https://www.redfin.com/MO/Saint-Louis/2025-Agnes-St-63107/home/93688794,4,Central,349,1016,6.017241379310345,17.517241379310345
https://www.redfin.com/MO/Saint-Louis/1304-S-Boyle-Ave-63110/home/93726637,3,Central,216,761,3.9272727272727272,13.836363636363636
https://www.redfin.com/MO/Saint-Louis/4110-Dryden-Ave-63115/home/93767335,3,Central,216,761,3.9272727272727272,13.836363636363636
https://www.redfin.com/MO/Saint-Louis/2033-Schaeffer-Pl-63139/home/93741328,3,Central,216,761,3.9272727272727272,13.836363636363636
https://www.redfin.com/MO/Saint-Louis/4627-Maffitt-Ave-63113/home/87394741,3,Central,216,761,3.9272727272727272,13.836363636363636
https://www.redfin.com/MO/Saint-Louis/3709-Blow-St-63116/home/62751740,1,South,197,781,3.7884615384615383,15.019230769230768
https://www.redfin.com/MO/Saint-Louis/4660-Dewey-Ave-63116/home/69946383,1,South,197,781,3.7884615384615383,15.019230769230768
https://www.redfin.com/MO/Saint-Louis/4687-Primm-St-63116/home/93775235,1,South,197,781,3.7884615384615383,15.019230769230768
https://www.redfin.com/MO/Saint-Louis/5837-Arsenal-St-63139/home/93726720,3,Central,216,761,3.9272727272727272,13.836363636363636
https://www.redfin.com/MO/Saint-Louis/3716-Illinois-Ave-63118/home/93696927,2,South,118,726,2.681818181818182,16.5
https://www.redfin.com/MO/Saint-Louis/4248-Juniata-St-63116/home/93672398,3,Central,216,761,3.9272727272727272,13.836363636363636
https://www.redfin.com/MO/Saint-Louis/4709-Allemania-St-63116/home/93775535,1,South,197,781,3.7884615384615383,15.019230769230768
https://www.redfin.com/MO/Saint-Louis/6307-Arsenal-St-63139/home/93768098,3,Central,216,761,3.9272727272727272,13.836363636363636
https://www.redfin.com/MO/Saint-Louis/4248-Schiller-Pl-63116/home/93781161,1,South,197,781,3.7884615384615383,15.019230769230768
https://www.redfin.com/MO/Saint-Louis/3639-Roswell-Ave-63116/home/93711735,1,South,197,781,3.7884615384615383,15.019230769230768
https://www.redfin.com/MO/Saint-Louis/5919-Sherry-Ave-63136/home/93758734,5,North,287,878,5.857142857142857,17.918367346938773
https://www.redfin.com/MO/Saint-Louis/6223-Wyoming-St-63139/home/93775933,3,Central,216,761,3.9272727272727272,13.836363636363636
https://www.redfin.com/MO/Saint-Louis/5018-Geraldine-Ave-63115/home/93750494,5,North,287,878,5.857142857142857,17.918367346938773
https://www.redfin.com/MO/Saint-Louis/4609-Steffens-Ave-63116/home/62758711,1,South,197,781,3.7884615384615383,15.019230769230768
https://www.redfin.com/MO/Saint-Louis/4006-Schiller-Pl-63116/home/93781146,1,South,197,781,3.7884615384615383,15.019230769230768
https://www.redfin.com/MO/Saint-Louis/5123-Pattison-Ave-63110/home/63733070,3,Central,216,761,3.9272727272727272,13.836363636363636
https://www.redfin.com/MO/Saint-Louis/7142-Winona-Ave-63109/home/93747829,1,South,197,781,3.7884615384615383,15.019230769230768
https://www.redfin.com/MO/Saint-Louis/8986-Edna-St-63147/home/93760652,5,North,287,878,5.857142857142857,17.918367346938773
https://www.redfin.com/MO/Saint-Louis/3834-Texas-Ave-63118/home/93696571,2,South,118,726,2.681818181818182,16.5
https://www.redfin.com/MO/Saint-Louis/1409-E-Gano-Ave-63107/home/93712591,4,Central,349,1016,6.017241379310345,17.517241379310345
https://www.redfin.com/MO/Saint-Louis/925-Iron-St-63111/home/93709512,1,South,197,781,3.7884615384615383,15.019230769230768
https://www.redfin.com/MO/Saint-Louis/5524-Alaska-Ave-63111/home/93708540,1,South,197,781,3.7884615384615383,15.019230769230768
https://www.redfin.com/MO/Saint-Louis/3649-Koeln-Ave-63116/home/93712077,1,South,197,781,3.7884615384615383,15.019230769230768
https://www.redfin.com/MO/Saint-Louis/4617-Michigan-Ave-63111/home/62743733,1,South,197,781,3.7884615384615383,15.019230769230768
https://www.redfin.com/MO/Saint-Louis/5005-Jamieson-Ave-63109/unit-2N/home/92894593,1,South,197,781,3.7884615384615383,15.019230769230768
https://www.redfin.com/MO/Saint-Louis/1045-Childress-Ave-63139/home/93740424,3,Central,216,761,3.9272727272727272,13.836363636363636
https://www.redfin.com/MO/Saint-Louis/5916-Lalite-Ave-63136/home/93758726,5,North,287,878,5.857142857142857,17.918367346938773
https://www.redfin.com/MO/Saint-Louis/4714-Dahlia-Ave-63116/home/62720049,1,South,197,781,3.7884615384615383,15.019230769230768
https://www.redfin.com/MO/Saint-Louis/6027-Leona-St-63116/home/93770851,1,South,197,781,3.7884615384615383,15.019230769230768
https://www.redfin.com/MO/Saint-Louis/4454-Bingham-Ave-63116/home/93772056,1,South,197,781,3.7884615384615383,15.019230769230768
https://www.redfin.com/MO/Saint-Louis/961-Switzer-Ave-63147/home/93730567,5,North,287,878,5.857142857142857,17.918367346938773
https://www.redfin.com/MO/Saint-Louis/5236-Grace-Ave-63116/home/93742564,1,South,197,781,3.7884615384615383,15.019230769230768
https://www.redfin.com/MO/Saint-Louis/4733-Hummel-Ave-63116/home/93763392,1,South,197,781,3.7884615384615383,15.019230769230768
https://www.redfin.com/MO/Saint-Louis/4873-Goethe-Ave-63116/home/93763305,1,South,197,781,3.7884615384615383,15.019230769230768
https://www.redfin.com/MO/Saint-Louis/4924-Blow-St-63109/home/93758371,1,South,197,781,3.7884615384615383,15.019230769230768
https://www.redfin.com/MO/Saint-Louis/3857-Neosho-St-63116/home/93767657,1,South,197,781,3.7884615384615383,15.019230769230768
https://www.redfin.com/MO/Saint-Louis/5134-Cologne-Ave-63116/home/93761649,1,South,197,781,3.7884615384615383,15.019230769230768
https://www.redfin.com/MO/Saint-Louis/1501-Sproule-Ave-63139/home/93761913,3,Central,216,761,3.9272727272727272,13.836363636363636
https://www.redfin.com/MO/Saint-Louis/3928-Itaska-St-63116/home/93750175,1,South,197,781,3.7884615384615383,15.019230769230768
https://www.redfin.com/MO/Saint-Louis/3380-Commonwealth-Ave-63143/home/93751173,3,Central,216,761,3.9272727272727272,13.836363636363636
https://www.redfin.com/MO/Saint-Louis/5736-Devonshire-Ave-63109/home/93753132,1,South,197,781,3.7884615384615383,15.019230769230768
https://www.redfin.com/MO/Saint-Louis/3658-Roswell-Ave-63116/home/93711772,1,South,197,781,3.7884615384615383,15.019230769230768
https://www.redfin.com/MO/Saint-Louis/7043-Lansdowne-Ave-63109/home/62718856,1,South,197,781,3.7884615384615383,15.019230769230768
https://www.redfin.com/MO/Saint-Louis/5434-Christy-Ave-63116/home/93757892,1,South,197,781,3.7884615384615383,15.019230769230768
https://www.redfin.com/MO/Saint-Louis/2517-Tamm-Ave-63139/home/69385646,3,Central,216,761,3.9272727272727272,13.836363636363636
https://www.redfin.com/MO/Saint-Louis/4734-Goethe-Ave-63116/home/93757169,1,South,197,781,3.7884615384615383,15.019230769230768
https://www.redfin.com/MO/Saint-Louis/3870-Marine-Ave-63118/home/93697180,2,South,118,726,2.681818181818182,16.5
https://www.redfin.com/MO/Saint-Louis/4864-Calvin-Ave-63115/home/93733011,5,North,287,878,5.857142857142857,17.918367346938773
https://www.redfin.com/MO/Saint-Louis/4083-Burgen-Ave-63116/home/93761893,1,South,197,781,3.7884615384615383,15.019230769230768
https://www.redfin.com/MO/Saint-Louis/5458-Harney-Ave-63120/home/93762782,5,North,287,878,5.857142857142857,17.918367346938773
https://www.redfin.com/MO/Saint-Louis/1812-James-a-Harvey-Ln-63133/home/93444245,3,Central,216,761,3.9272727272727272,13.836363636363636
https://www.redfin.com/MO/Saint-Louis/870-Elias-Ave-63147/home/93756055,5,North,287,878,5.857142857142857,17.918367346938773
https://www.redfin.com/MO/Saint-Louis/7246-Stolle-St-63116/home/93775493,1,South,197,781,3.7884615384615383,15.019230769230768
https://www.redfin.com/MO/Saint-Louis/4695-Tesson-St-63116/home/93775247,1,South,197,781,3.7884615384615383,15.019230769230768
https://www.redfin.com/MO/Saint-Louis/4414-Oleatha-Ave-63116/home/93756203,1,South,197,781,3.7884615384615383,15.019230769230768
https://www.redfin.com/MO/Saint-Louis/4007-Delor-St-63116/home/93750353,1,South,197,781,3.7884615384615383,15.019230769230768
https://www.redfin.com/MO/Saint-Louis/6943-Sutherland-Ave-63109/home/93774259,1,South,197,781,3.7884615384615383,15.019230769230768
https://www.redfin.com/MO/Saint-Louis/5343-Blow-St-63109/home/62713417,1,South,197,781,3.7884615384615383,15.019230769230768
https://www.redfin.com/MO/Saint-Louis/4838-Potomac-St-63116/home/93756234,1,South,197,781,3.7884615384615383,15.019230769230768
https://www.redfin.com/MO/Saint-Louis/2607-Michigan-Ave-63118/home/93691996,3,Central,216,761,3.9272727272727272,13.836363636363636
https://www.redfin.com/MO/Saint-Louis/4363-Miami-St-63116/home/93730021,1,South,197,781,3.7884615384615383,15.019230769230768
https://www.redfin.com/MO/Saint-Louis/3117-Michigan-Ave-63118/home/93692808,3,Central,216,761,3.9272727272727272,13.836363636363636
https://www.redfin.com/MO/Saint-Louis/6026-Thekla-Ave-63136/home/93759076,5,North,287,878,5.857142857142857,17.918367346938773
https://www.redfin.com/MO/Saint-Louis/6030-Arthur-Ave-63139/home/93742983,3,Central,216,761,3.9272727272727272,13.836363636363636
https://www.redfin.com/MO/Saint-Louis/3967-Eichelberger-St-63116/home/93757739,1,South,197,781,3.7884615384615383,15.019230769230768
https://www.redfin.com/MO/Saint-Louis/4722-Primm-St-63116/home/93775513,1,South,197,781,3.7884615384615383,15.019230769230768
https://www.redfin.com/MO/Saint-Louis/1414-McCausland-Ave-63117/home/93740570,3,Central,216,761,3.9272727272727272,13.836363636363636
https://www.redfin.com/MO/Saint-Louis/6560-Villa-Ave-63139/home/93740701,3,Central,216,761,3.9272727272727272,13.836363636363636
https://www.redfin.com/MO/Saint-Louis/5418-Milentz-Ave-63109/home/93771267,1,South,197,781,3.7884615384615383,15.019230769230768
https://www.redfin.com/MO/Saint-Louis/2807-Chariton-St-63111/home/93705481,1,South,197,781,3.7884615384615383,15.019230769230768
https://www.redfin.com/MO/Saint-Louis/3837-Bates-St-63116/home/93761598,1,South,197,781,3.7884615384615383,15.019230769230768
https://www.redfin.com/MO/Saint-Louis/5812-Victoria-Ave-63110/home/93769203,3,Central,216,761,3.9272727272727272,13.836363636363636
https://www.redfin.com/MO/Saint-Louis/4741-Milentz-Ave-63116/home/93756829,1,South,197,781,3.7884615384615383,15.019230769230768
https://www.redfin.com/MO/Saint-Louis/1933-Chippewa-St-63118/home/93697387,2,South,118,726,2.681818181818182,16.5
https://www.redfin.com/MO/Saint-Louis/1937-Chippewa-St-63118/home/93697385,2,South,118,726,2.681818181818182,16.5
https://www.redfin.com/MO/Saint-Louis/5638-Hancock-Ave-63139/home/93749140,1,South,197,781,3.7884615384615383,15.019230769230768
https://www.redfin.com/MO/Saint-Louis/4600-Richard-Pl-63115/home/93734527,5,North,287,878,5.857142857142857,17.918367346938773
https://www.redfin.com/MO/Saint-Louis/5649-Hancock-Ave-63139/home/62744315,1,South,197,781,3.7884615384615383,15.019230769230768
https://www.redfin.com/MO/Saint-Louis/5641-Marquette-Ave-63139/home/93749128,1,South,197,781,3.7884615384615383,15.019230769230768
https://www.redfin.com/MO/Saint-Louis/4566-Lewis-Pl-63113/home/93749619,3,Central,216,761,3.9272727272727272,13.836363636363636
https://www.redfin.com/MO/Saint-Louis/1310-San-Jacinto-Ct-63139/home/93750089,3,Central,216,761,3.9272727272727272,13.836363636363636
https://www.redfin.com/MO/Saint-Louis/5629-Marquette-Ave-63139/home/93749131,1,South,197,781,3.7884615384615383,15.019230769230768
https://www.redfin.com/MO/Saint-Louis/4523-Anderson-Ave-63115/home/93734114,3,Central,216,761,3.9272727272727272,13.836363636363636
https://www.redfin.com/MO/Saint-Louis/4521-Anderson-Ave-63115/home/93734136,3,Central,216,761,3.9272727272727272,13.836363636363636
https://www.redfin.com/MO/Saint-Louis/4631-Primm-St-63116/home/93775221,1,South,197,781,3.7884615384615383,15.019230769230768
https://www.redfin.com/MO/Saint-Louis/5315-Alfred-Ave-63116/home/93761696,1,South,197,781,3.7884615384615383,15.019230769230768
https://www.redfin.com/MO/Saint-Louis/4121-Taft-Ave-63116/home/93757851,1,South,197,781,3.7884615384615383,15.019230769230768
https://www.redfin.com/MO/Saint-Louis/4340-Miami-St-63116/home/93730104,1,South,197,781,3.7884615384615383,15.019230769230768
https://www.redfin.com/MO/Saint-Louis/2603-Brannon-Ave-63139/home/93727383,3,Central,216,761,3.9272727272727272,13.836363636363636
https://www.redfin.com/MO/Saint-Louis/935-Fillmore-St-63111/home/93708887,1,South,197,781,3.7884615384615383,15.019230769230768
https://www.redfin.com/MO/Saint-Louis/8512-Minnesota-Ave-63111/home/93711571,1,South,197,781,3.7884615384615383,15.019230769230768
https://www.redfin.com/MO/Saint-Louis/7125-Vermont-Ave-63111/home/93710425,1,South,197,781,3.7884615384615383,15.019230769230768
https://www.redfin.com/MO/Saint-Louis/3663-Steins-St-63116/home/93757118,1,South,197,781,3.7884615384615383,15.019230769230768
https://www.redfin.com/MO/Saint-Louis/3461-S-Grand-Blvd-63118/home/93695492,1,South,197,781,3.7884615384615383,15.019230769230768
https://www.redfin.com/MO/Saint-Louis/1319-San-Jacinto-Ct-63139/home/93750079,3,Central,216,761,3.9272727272727272,13.836363636363636
https://www.redfin.com/MO/Saint-Louis/2827-Abner-Pl-63120/home/93738219,3,Central,216,761,3.9272727272727272,13.836363636363636
https://www.redfin.com/MO/Saint-Louis/4518-Tennessee-Ave-63111/home/93706295,1,South,197,781,3.7884615384615383,15.019230769230768
https://www.redfin.com/MO/Saint-Louis/6041-Harney-Ave-63136/home/93758448,5,North,287,878,5.857142857142857,17.918367346938773
https://www.redfin.com/MO/Saint-Louis/4175-Newport-Ct-63116/home/62743526,1,South,197,781,3.7884615384615383,15.019230769230768
https://www.redfin.com/MO/Saint-Louis/4717-Michigan-Ave-63111/home/93707473,1,South,197,781,3.7884615384615383,15.019230769230768
https://www.redfin.com/MO/Saint-Louis/246-Woodbourne-Dr-63105/home/93771920,3,Central,216,761,3.9272727272727272,13.836363636363636
https://www.redfin.com/MO/University-City/6238-Washington-Ave-63130/home/93760196,3,Central,216,761,3.9272727272727272,13.836363636363636
https://www.redfin.com/MO/Saint-Louis/15-Arundel-Pl-63105/home/93766545,3,Central,216,761,3.9272727272727272,13.836363636363636
https://www.redfin.com/MO/Saint-Louis/1414-Mississippi-Ave-63104/home/62765202,4,Central,349,1016,6.017241379310345,17.517241379310345
https://www.redfin.com/MO/Saint-Louis/907-N-Taylor-Ave-63122/home/93512270,3,Central,216,761,3.9272727272727272,13.836363636363636
https://www.redfin.com/MO/Saint-Louis/4538-Pershing-Pl-63108/home/93724614,3,Central,216,761,3.9272727272727272,13.836363636363636
https://www.redfin.com/MO/University-City/6223-Washington-Ave-63130/home/93760159,3,Central,216,761,3.9272727272727272,13.836363636363636
https://www.redfin.com/MO/Saint-Louis/4624-Pershing-Pl-63108/home/93724640,3,Central,216,761,3.9272727272727272,13.836363636363636
https://www.redfin.com/MO/Saint-Louis/1817-Lasalle-St-63104/home/93701280,4,Central,349,1016,6.017241379310345,17.517241379310345
https://www.redfin.com/MO/Saint-Louis/2741-Lafayette-Ave-63104/home/193545739,4,Central,349,1016,6.017241379310345,17.517241379310345
https://www.redfin.com/MO/Saint-Louis/4355-W-Pine-Blvd-63108/home/93725232,3,Central,216,761,3.9272727272727272,13.836363636363636
https://www.redfin.com/MO/Saint-Louis/5239-Wilson-Ave-63110/home/93727734,3,Central,216,761,3.9272727272727272,13.836363636363636
https://www.redfin.com/MO/Saint-Louis/17-Arundel-Pl-63105/home/93766546,3,Central,216,761,3.9272727272727272,13.836363636363636
https://www.redfin.com/MO/Saint-Louis/5443-Columbia-Ave-63139/home/93771705,3,Central,216,761,3.9272727272727272,13.836363636363636
https://www.redfin.com/MO/Saint-Louis/5302-Wilson-Ave-63110/home/178545699,3,Central,216,761,3.9272727272727272,13.836363636363636
https://www.redfin.com/MO/Saint-Louis/362-Walton-Row-63108/home/62756938,3,Central,216,761,3.9272727272727272,13.836363636363636
https://www.redfin.com/MO/St-Louis/3758-Olive-St-63108/unit-14/home/195107699,3,Central,216,761,3.9272727272727272,13.836363636363636
https://www.redfin.com/MO/Saint-Louis/1038-Geyer-Ave-63104/home/93685666,4,Central,349,1016,6.017241379310345,17.517241379310345
https://www.redfin.com/MO/Saint-Louis/6327-Wade-Ave-63139/home/93726459,3,Central,216,761,3.9272727272727272,13.836363636363636
https://www.redfin.com/MO/Saint-Louis/4731-Westminster-Pl-63108/home/93709316,3,Central,216,761,3.9272727272727272,13.836363636363636
https://www.redfin.com/MO/Saint-Louis/4508-Pershing-Pl-63108/home/93724628,3,Central,216,761,3.9272727272727272,13.836363636363636
https://www.redfin.com/MO/Saint-Louis/1103-Dolman-St-63104/home/93683537,4,Central,349,1016,6.017241379310345,17.517241379310345
https://www.redfin.com/MO/Saint-Louis/2017-Park-Ave-63104/home/93672793,4,Central,349,1016,6.017241379310345,17.517241379310345
https://www.redfin.com/MO/Saint-Louis/6225-San-Bonita-Ave-63105/home/93768160,3,Central,216,761,3.9272727272727272,13.836363636363636
https://www.redfin.com/MO/Saint-Louis/6310-Alexander-Dr-63105/home/93477165,3,Central,216,761,3.9272727272727272,13.836363636363636
https://www.redfin.com/MO/Saint-Louis/1912-Rutger-St-63104/home/168304422,4,Central,349,1016,6.017241379310345,17.517241379310345
https://www.redfin.com/MO/Saint-Louis/8-W-Pine-Ct-63108/home/93724529,3,Central,216,761,3.9272727272727272,13.836363636363636
https://www.redfin.com/MO/Saint-Louis/6732-Delor-St-63109/home/93781392,1,South,197,781,3.7884615384615383,15.019230769230768
https://www.redfin.com/MO/Saint-Louis/1823-Hickory-St-63104/home/93701221,4,Central,349,1016,6.017241379310345,17.517241379310345
https://www.redfin.com/MO/Saint-Louis/1218-Dolman-St-63104/home/146873435,4,Central,349,1016,6.017241379310345,17.517241379310345
https://www.redfin.com/MO/Saint-Louis/4533-Westminster-Pl-63108/home/93739871,3,Central,216,761,3.9272727272727272,13.836363636363636
https://www.redfin.com/MO/Saint-Louis/10-Arundel-Pl-63105/home/93769346,3,Central,216,761,3.9272727272727272,13.836363636363636
https://www.redfin.com/MO/Saint-Louis/370-Walton-Row-63108/home/93724710,3,Central,216,761,3.9272727272727272,13.836363636363636
https://www.redfin.com/MO/Saint-Louis/3525-Crittenden-St-63118/home/93692731,3,Central,216,761,3.9272727272727272,13.836363636363636
https://www.redfin.com/MO/Saint-Louis/4016-Flora-Pl-63110/home/93746617,3,Central,216,761,3.9272727272727272,13.836363636363636
https://www.redfin.com/MO/Saint-Louis/4385-McPherson-Ave-63108/home/93740334,3,Central,216,761,3.9272727272727272,13.836363636363636
https://www.redfin.com/MO/Saint-Louis/5951-Jamieson-Ave-63109/home/62742167,1,South,197,781,3.7884615384615383,15.019230769230768
https://www.redfin.com/MO/University-City/6249-Washington-Ave-63130/home/62753318,3,Central,216,761,3.9272727272727272,13.836363636363636
https://www.redfin.com/MO/Saint-Louis/4424-Laclede-Ave-63108/home/93725073,3,Central,216,761,3.9272727272727272,13.836363636363636
https://www.redfin.com/MO/Saint-Louis/1409-Vail-Pl-63104/home/93673161,4,Central,349,1016,6.017241379310345,17.517241379310345
https://www.redfin.com/MO/Saint-Louis/4347-McPherson-Ave-63108/home/93740305,3,Central,216,761,3.9272727272727272,13.836363636363636
https://www.redfin.com/MO/Saint-Louis/5156-Westminster-Pl-63108/home/77510183,3,Central,216,761,3.9272727272727272,13.836363636363636
https://www.redfin.com/MO/Saint-Louis/2309-Sublette-Ave-63110/home/181867568,3,Central,216,761,3.9272727272727272,13.836363636363636
https://www.redfin.com/MO/Saint-Louis/3834-Olive-St-63108/home/176875143,3,Central,216,761,3.9272727272727272,13.836363636363636
https://www.redfin.com/MO/Saint-Louis/2328-Albion-Pl-63104/home/93672036,4,Central,349,1016,6.017241379310345,17.517241379310345
https://www.redfin.com/MO/Saint-Louis/5027-Daggett-Ave-63110/home/93728145,3,Central,216,761,3.9272727272727272,13.836363636363636
https://www.redfin.com/MO/Saint-Louis/5223-Botanical-Ave-63110/home/93727552,3,Central,216,761,3.9272727272727272,13.836363636363636
https://www.redfin.com/MO/Saint-Louis/6253-Murdoch-Ave-63109/home/93780082,1,South,197,781,3.7884615384615383,15.019230769230768
https://www.redfin.com/MO/Saint-Louis/1901-Lafayette-Ave-63104/home/93697406,4,Central,349,1016,6.017241379310345,17.517241379310345
https://www.redfin.com/MO/Saint-Louis/1908-Lasalle-St-63104/home/93701184,4,Central,349,1016,6.017241379310345,17.517241379310345
https://www.redfin.com/MO/Saint-Louis/5102-Waterman-Blvd-63108/home/93745900,3,Central,216,761,3.9272727272727272,13.836363636363636
https://www.redfin.com/MO/Saint-Louis/5150-Westminster-Pl-63108/home/93745986,3,Central,216,761,3.9272727272727272,13.836363636363636
https://www.redfin.com/MO/Saint-Louis/4440-Laclede-Ave-63108/home/93672249,3,Central,216,761,3.9272727272727272,13.836363636363636
https://www.redfin.com/MO/Saint-Louis/4351-Laclede-Ave-63108/home/93725182,3,Central,216,761,3.9272727272727272,13.836363636363636
https://www.redfin.com/MO/Saint-Louis/4235-Maryland-Ave-63108/home/93725334,3,Central,216,761,3.9272727272727272,13.836363636363636
https://www.redfin.com/MO/St-Louis/2223-Hickory-63104/home/186089507,4,Central,349,1016,6.017241379310345,17.517241379310345
https://www.redfin.com/MO/Saint-Louis/4312-Laclede-Ave-63108/home/93725190,3,Central,216,761,3.9272727272727272,13.836363636363636
https://www.redfin.com/MO/Saint-Louis/2920-Milton-Blvd-63104/home/93691199,3,Central,216,761,3.9272727272727272,13.836363636363636
https://www.redfin.com/MO/Saint-Louis/2614-Dalton-Ave-63139/home/93726773,3,Central,216,761,3.9272727272727272,13.836363636363636
https://www.redfin.com/MO/Saint-Louis/6207-Delor-St-63109/home/93780310,1,South,197,781,3.7884615384615383,15.019230769230768
https://www.redfin.com/MO/Saint-Louis/3810-Olive-St-63108/unit-10/home/176875147,3,Central,216,761,3.9272727272727272,13.836363636363636
https://www.redfin.com/MO/Saint-Louis/1216-Dolman-St-63104/home/103203498,4,Central,349,1016,6.017241379310345,17.517241379310345
https://www.redfin.com/MO/Saint-Louis/336-N-Newstead-Ave-63108/home/93725641,3,Central,216,761,3.9272727272727272,13.836363636363636
https://www.redfin.com/MO/Saint-Louis/1928-Lasalle-St-63104/home/76811282,4,Central,349,1016,6.017241379310345,17.517241379310345
https://www.redfin.com/MO/Saint-Louis/4211-Shenandoah-Ave-63110/home/62698685,3,Central,216,761,3.9272727272727272,13.836363636363636
https://www.redfin.com/MO/Saint-Louis/4319-McPherson-Ave-63108/home/70105615,3,Central,216,761,3.9272727272727272,13.836363636363636
https://www.redfin.com/MO/Saint-Louis/4230-Maryland-Ave-63108/home/146873905,3,Central,216,761,3.9272727272727272,13.836363636363636
https://www.redfin.com/MO/Saint-Louis/4234-Olive-St-63108/home/62726464,3,Central,216,761,3.9272727272727272,13.836363636363636
https://www.redfin.com/MO/Saint-Louis/5217-Botanical-Ave-63110/home/146873938,3,Central,216,761,3.9272727272727272,13.836363636363636
https://www.redfin.com/MO/Saint-Louis/6242-Loran-Ave-63109/home/93779934,1,South,197,781,3.7884615384615383,15.019230769230768
https://www.redfin.com/MO/Saint-Louis/3649-Cleveland-Ave-63110/home/93700316,3,Central,216,761,3.9272727272727272,13.836363636363636
https://www.redfin.com/MO/Saint-Louis/5918-Crane-Cir-63109/home/67168265,1,South,197,781,3.7884615384615383,15.019230769230768
https://www.redfin.com/MO/Saint-Louis/2747-Lafayette-Ave-63104/home/77299754,4,Central,349,1016,6.017241379310345,17.517241379310345
https://www.redfin.com/MO/Saint-Louis/4366-Laclede-Ave-63108/home/93725198,3,Central,216,761,3.9272727272727272,13.836363636363636
https://www.redfin.com/MO/Saint-Louis/4527-Maryland-Ave-63108/home/93724738,3,Central,216,761,3.9272727272727272,13.836363636363636
https://www.redfin.com/MO/Saint-Louis/6347-Devonshire-Ave-63109/home/93780130,1,South,197,781,3.7884615384615383,15.019230769230768
https://www.redfin.com/MO/Saint-Louis/4008-Flora-Pl-63110/home/77526639,3,Central,216,761,3.9272727272727272,13.836363636363636
https://www.redfin.com/MO/St-Louis/3810-Olive-St-63108/unit-10/home/192866158,3,Central,216,761,3.9272727272727272,13.836363636363636
https://www.redfin.com/MO/St-Louis/2227-Hickory-63104/home/171387812,4,Central,349,1016,6.017241379310345,17.517241379310345
https://www.redfin.com/MO/Saint-Louis/2235-Hickory-St-63104/home/181866124,4,Central,349,1016,6.017241379310345,17.517241379310345
https://www.redfin.com/MO/Saint-Louis/3918-Cleveland-Ave-63110/home/93746314,3,Central,216,761,3.9272727272727272,13.836363636363636
https://www.redfin.com/MO/Saint-Louis/6127-Kingsbury-Ave-63112/home/62765009,3,Central,216,761,3.9272727272727272,13.836363636363636
https://www.redfin.com/MO/Saint-Louis/3816-Castleman-Ave-63110/home/93747266,3,Central,216,761,3.9272727272727272,13.836363636363636
https://www.redfin.com/MO/Saint-Louis/3847-Holly-Hills-Blvd-63116/home/93773684,1,South,197,781,3.7884615384615383,15.019230769230768
https://www.redfin.com/MO/Saint-Louis/5945-Clifton-Ave-63109/home/93783994,1,South,197,781,3.7884615384615383,15.019230769230768
https://www.redfin.com/MO/Saint-Louis/3011-Wisconsin-Ave-63118/home/93699107,2,South,118,726,2.681818181818182,16.5
https://www.redfin.com/MO/Saint-Louis/1226-Dolman-St-63104/home/143286332,4,Central,349,1016,6.017241379310345,17.517241379310345
https://www.redfin.com/MO/Saint-Louis/4001-Cleveland-Ave-63110/home/93746567,3,Central,216,761,3.9272727272727272,13.836363636363636
https://www.redfin.com/MO/Saint-Louis/3511-Pestalozzi-St-63118/home/93692428,3,Central,216,761,3.9272727272727272,13.836363636363636
https://www.redfin.com/MO/Saint-Louis/3740-Texas-Ave-63118/home/93696622,2,South,118,726,2.681818181818182,16.5
https://www.redfin.com/MO/Saint-Louis/4650-Saint-Louis-Ave-63115/home/93718424,3,Central,216,761,3.9272727272727272,13.836363636363636
https://www.redfin.com/MO/Saint-Louis/6111-Sherry-Ave-63136/home/93745584,5,North,287,878,5.857142857142857,17.918367346938773
https://www.redfin.com/MO/Saint-Louis/2917-Abner-Pl-63120/home/93738363,3,Central,216,761,3.9272727272727272,13.836363636363636
https://www.redfin.com/MO/Saint-Louis/6119-Lillian-Ave-63136/home/93762141,5,North,287,878,5.857142857142857,17.918367346938773
https://www.redfin.com/MO/Saint-Louis/4031-Pennsylvania-Ave-63118/home/93704923,1,South,197,781,3.7884615384615383,15.019230769230768
https://www.redfin.com/MO/Saint-Louis/4561-Lexington-Ave-63115/home/93735549,3,Central,216,761,3.9272727272727272,13.836363636363636
https://www.redfin.com/MO/Saint-Louis/3958-Kennerly-Ave-63113/home/62732076,4,Central,349,1016,6.017241379310345,17.517241379310345
https://www.redfin.com/MO/Saint-Louis/1517-Herder-St-63107/home/93689192,4,Central,349,1016,6.017241379310345,17.517241379310345
https://www.redfin.com/MO/Saint-Louis/4239-E-San-Francisco-Ave-63115/home/93715655,3,Central,216,761,3.9272727272727272,13.836363636363636
https://www.redfin.com/MO/Saint-Louis/4240-Nebraska-Ave-63111/home/93705540,1,South,197,781,3.7884615384615383,15.019230769230768
https://www.redfin.com/MO/Saint-Louis/5053-Claxton-Ave-63120/home/93764180,5,North,287,878,5.857142857142857,17.918367346938773
https://www.redfin.com/MO/Saint-Louis/5114-Maffitt-Ave-63113/home/93737481,3,Central,216,761,3.9272727272727272,13.836363636363636
https://www.redfin.com/MO/Saint-Louis/5088-Queens-Ave-63115/home/93768753,5,North,287,878,5.857142857142857,17.918367346938773
https://www.redfin.com/MO/Saint-Louis/5219-Maffitt-Ave-63113/home/93737456,3,Central,216,761,3.9272727272727272,13.836363636363636
https://www.redfin.com/MO/Saint-Louis/1169-Howell-St-63147/home/62715313,5,North,287,878,5.857142857142857,17.918367346938773
https://www.redfin.com/MO/Saint-Louis/3130-Oregon-Ave-63118/home/93692934,2,South,118,726,2.681818181818182,16.5
https://www.redfin.com/MO/Saint-Louis/4633-Michigan-Ave-63111/home/93706837,1,South,197,781,3.7884615384615383,15.019230769230768
https://www.redfin.com/MO/Saint-Louis/3223-Taft-Ave-63111/home/93706216,1,South,197,781,3.7884615384615383,15.019230769230768
https://www.redfin.com/MO/Saint-Louis/4961-Margaretta-Ave-63115/home/93761346,3,Central,216,761,3.9272727272727272,13.836363636363636
https://www.redfin.com/MO/Saint-Louis/4623-Elmbank-Ave-63115/home/93736030,3,Central,216,761,3.9272727272727272,13.836363636363636
https://www.redfin.com/MO/Saint-Louis/819-Elias-Ave-63147/home/93782975,6,North,310,717,6.739130434782608,15.58695652173913
https://www.redfin.com/MO/Saint-Louis/5359-Maffitt-Ave-63112/home/93738256,3,Central,216,761,3.9272727272727272,13.836363636363636
https://www.redfin.com/MO/Saint-Louis/4976-Genevieve-Ave-63120/home/93757409,5,North,287,878,5.857142857142857,17.918367346938773
https://www.redfin.com/MO/Saint-Louis/4414-Carter-Ave-63115/home/93734231,3,Central,216,761,3.9272727272727272,13.836363636363636
https://www.redfin.com/MO/St-Louis/5955-Harney-63135/home/196025851,5,North,287,878,5.857142857142857,17.918367346938773
https://www.redfin.com/MO/Saint-Louis/4330-California-Ave-63111/home/93705808,1,South,197,781,3.7884615384615383,15.019230769230768
https://www.redfin.com/MO/Saint-Louis/6301-Laura-Ave-63136/home/93762194,5,North,287,878,5.857142857142857,17.918367346938773
https://www.redfin.com/MO/Saint-Louis/3918-California-Ave-63118/home/93704319,1,South,197,781,3.7884615384615383,15.019230769230768
https://www.redfin.com/MO/Saint-Louis/1122-McLaran-Ave-63147/home/93731328,5,North,287,878,5.857142857142857,17.918367346938773
https://www.redfin.com/MO/Saint-Louis/6155-Sherry-Ave-63136/home/93745573,5,North,287,878,5.857142857142857,17.918367346938773
https://www.redfin.com/MO/Saint-Louis/5920-Lalite-Ave-63136/home/93758733,5,North,287,878,5.857142857142857,17.918367346938773
https://www.redfin.com/MO/Saint-Louis/6341-Sherry-Ave-63136/home/93762091,5,North,287,878,5.857142857142857,17.918367346938773
https://www.redfin.com/MO/Saint-Louis/4319-Prairie-Ave-63107/home/93712823,4,Central,349,1016,6.017241379310345,17.517241379310345
https://www.redfin.com/MO/Saint-Louis/918-Nassau-Dr-63147/home/93759802,5,North,287,878,5.857142857142857,17.918367346938773
https://www.redfin.com/MO/Saint-Louis/4512-Ashland-Ave-63115/home/93735876,3,Central,216,761,3.9272727272727272,13.836363636363636
https://www.redfin.com/MO/Saint-Louis/8421-Church-Rd-63147/home/93731366,5,North,287,878,5.857142857142857,17.918367346938773
https://www.redfin.com/MO/Saint-Louis/3408-Marcus-Ave-63115/home/93735833,3,Central,216,761,3.9272727272727272,13.836363636363636
https://www.redfin.com/MO/Saint-Louis/4629-Michigan-Ave-63111/home/93706838,1,South,197,781,3.7884615384615383,15.019230769230768
https://www.redfin.com/MO/Saint-Louis/8408-Church-Rd-63147/home/62720046,5,North,287,878,5.857142857142857,17.918367346938773
https://www.redfin.com/MO/Saint-Louis/1434-E-Gano-Ave-63107/home/93703701,4,Central,349,1016,6.017241379310345,17.517241379310345
https://www.redfin.com/MO/Saint-Louis/3720-Virginia-Ave-63118/home/93695656,1,South,197,781,3.7884615384615383,15.019230769230768
https://www.redfin.com/MO/Saint-Louis/4593-Maffitt-Ave-63113/home/93718538,3,Central,216,761,3.9272727272727272,13.836363636363636
https://www.redfin.com/MO/Saint-Louis/4853-Calvin-Ave-63115/home/93732990,5,North,287,878,5.857142857142857,17.918367346938773
https://www.redfin.com/MO/Saint-Louis/5267-Beacon-Ave-63120/home/93763135,5,North,287,878,5.857142857142857,17.918367346938773
https://www.redfin.com/MO/Saint-Louis/5129-Maffitt-Ave-63113/home/93737305,3,Central,216,761,3.9272727272727272,13.836363636363636
https://www.redfin.com/MO/Saint-Louis/6315-Sherry-Ave-63136/home/93762113,5,North,287,878,5.857142857142857,17.918367346938773
https://www.redfin.com/MO/Saint-Louis/5340-Mimika-Ave-63136/home/62737698,5,North,287,878,5.857142857142857,17.918367346938773
https://www.redfin.com/MO/Saint-Louis/1913-Belle-Glade-Ave-63113/home/146873830,3,Central,216,761,3.9272727272727272,13.836363636363636
https://www.redfin.com/MO/Saint-Louis/5962-Goodfellow-Blvd-63147/home/93768975,5,North,287,878,5.857142857142857,17.918367346938773
https://www.redfin.com/MO/Saint-Louis/2242-Osage-St-63118/home/93704952,2,South,118,726,2.681818181818182,16.5
https://www.redfin.com/MO/Saint-Louis/4939-Alcott-Ave-63120/home/93756770,5,North,287,878,5.857142857142857,17.918367346938773
https://www.redfin.com/MO/Saint-Louis/4429-Marcus-Ave-63115/home/93733139,5,North,287,878,5.857142857142857,17.918367346938773
https://www.redfin.com/MO/Saint-Louis/3414-Michigan-Ave-63118/home/62698371,1,South,197,781,3.7884615384615383,15.019230769230768
https://www.redfin.com/MO/Saint-Louis/4217-Clarence-Ave-63115/home/93714357,3,Central,216,761,3.9272727272727272,13.836363636363636
https://www.redfin.com/MO/Saint-Louis/3607-Clay-Ave-63115/home/62716875,4,Central,349,1016,6.017241379310345,17.517241379310345
https://www.redfin.com/MO/Saint-Louis/4530-Greer-Ave-63115/home/93718336,3,Central,216,761,3.9272727272727272,13.836363636363636
https://www.redfin.com/MO/Saint-Louis/811-Hornsby-Ave-63147/home/93761177,6,North,310,717,6.739130434782608,15.58695652173913
https://www.redfin.com/MO/Saint-Louis/5710-Saint-Louis-Ave-63120/home/93755003,3,Central,216,761,3.9272727272727272,13.836363636363636
https://www.redfin.com/MO/Saint-Louis/4224-Penrose-St-63115/home/93714441,4,Central,349,1016,6.017241379310345,17.517241379310345
https://www.redfin.com/MO/Saint-Louis/2823-Nebraska-Ave-63118/home/93691796,3,Central,216,761,3.9272727272727272,13.836363636363636
https://www.redfin.com/MO/Saint-Louis/5242-Wabada-Ave-63113/home/93737902,3,Central,216,761,3.9272727272727272,13.836363636363636
https://www.redfin.com/MO/Saint-Louis/6133-Lillian-Ave-63136/home/93762121,5,North,287,878,5.857142857142857,17.918367346938773
https://www.redfin.com/MO/Saint-Louis/828-Elias-Ave-63147/home/93759939,5,North,287,878,5.857142857142857,17.918367346938773
https://www.redfin.com/MO/Saint-Louis/5521-Genevieve-Ave-63120/home/93763193,5,North,287,878,5.857142857142857,17.918367346938773
https://www.redfin.com/MO/Saint-Louis/4749-Beacon-Ave-63120/home/93767278,5,North,287,878,5.857142857142857,17.918367346938773
https://www.redfin.com/MO/Saint-Louis/827-Canaan-Ave-63147/home/93759983,5,North,287,878,5.857142857142857,17.918367346938773
https://www.redfin.com/MO/Saint-Louis/5039-Queens-Ave-63115/home/93768737,5,North,287,878,5.857142857142857,17.918367346938773
https://www.redfin.com/MO/Saint-Louis/5086-Arlington-Ave-63120/home/93764196,5,North,287,878,5.857142857142857,17.918367346938773
https://www.redfin.com/MO/Saint-Louis/4150-Shreve-Ave-63115/home/93733223,3,Central,216,761,3.9272727272727272,13.836363636363636
https://www.redfin.com/MO/Saint-Louis/8504-Concord-Pl-63147/home/93766425,5,North,287,878,5.857142857142857,17.918367346938773
https://www.redfin.com/MO/Saint-Louis/3203-N-Taylor-Ave-63115/home/93735858,3,Central,216,761,3.9272727272727272,13.836363636363636
https://www.redfin.com/MO/Saint-Louis/5521-Alcott-Ave-63120/home/93765959,5,North,287,878,5.857142857142857,17.918367346938773
https://www.redfin.com/MO/Saint-Louis/6165-Sherry-Ave-63136/home/93745570,5,North,287,878,5.857142857142857,17.918367346938773
https://www.redfin.com/MO/Saint-Louis/6018-Margaretta-Ave-63120/home/93731992,5,North,287,878,5.857142857142857,17.918367346938773
https://www.redfin.com/MO/Saint-Louis/5353-Maffitt-Ave-63112/home/93738250,3,Central,216,761,3.9272727272727272,13.836363636363636
https://www.redfin.com/MO/Saint-Louis/4419-Farlin-Ave-63115/home/62714719,3,Central,216,761,3.9272727272727272,13.836363636363636
https://www.redfin.com/MO/Saint-Louis/5556-Floy-Ave-63136/home/93770012,5,North,287,878,5.857142857142857,17.918367346938773
https://www.redfin.com/MO/Saint-Louis/5305-Minnesota-Ave-63111/home/93708123,1,South,197,781,3.7884615384615383,15.019230769230768
https://www.redfin.com/MO/Saint-Louis/4962-Lilburn-Ave-63115/home/93761118,5,North,287,878,5.857142857142857,17.918367346938773
https://www.redfin.com/MO/Saint-Louis/1519-Herder-St-63107/home/93689197,4,Central,349,1016,6.017241379310345,17.517241379310345
https://www.redfin.com/MO/Saint-Louis/5205-Emerson-Ave-63120/home/93765007,5,North,287,878,5.857142857142857,17.918367346938773
https://www.redfin.com/MO/Saint-Louis/5155-Terry-Ave-63115/home/93737294,3,Central,216,761,3.9272727272727272,13.836363636363636
https://www.redfin.com/MO/Saint-Louis/3006-Miami-St-63118/home/93696351,1,South,197,781,3.7884615384615383,15.019230769230768
https://www.redfin.com/MO/Saint-Louis/4012-Penrose-St-63107/home/93714908,4,Central,349,1016,6.017241379310345,17.517241379310345
https://www.redfin.com/MO/Saint-Louis/610-Fremont-Ave-63147/unit-R/home/93785876,6,North,310,717,6.739130434782608,15.58695652173913
https://www.redfin.com/MO/Saint-Louis/4860-Anderson-Ave-63115/home/93733352,5,North,287,878,5.857142857142857,17.918367346938773
https://www.redfin.com/MO/Saint-Louis/949-Canaan-Ave-63147/home/93756372,5,North,287,878,5.857142857142857,17.918367346938773
https://www.redfin.com/MO/Saint-Louis/5561-Floy-Ave-63136/home/93770097,5,North,287,878,5.857142857142857,17.918367346938773
https://www.redfin.com/MO/Saint-Louis/4420-Cottage-Ave-63113/home/93717915,3,Central,216,761,3.9272727272727272,13.836363636363636
https://www.redfin.com/MO/Saint-Louis/2036-E-De-Soto-Ave-63107/home/93712614,4,Central,349,1016,6.017241379310345,17.517241379310345
https://www.redfin.com/MO/Saint-Louis/8116-Pelham-Ave-63147/home/93731456,6,North,310,717,6.739130434782608,15.58695652173913
https://www.redfin.com/MO/Saint-Louis/5431-Arlington-Ave-63120/home/93764910,5,North,287,878,5.857142857142857,17.918367346938773
https://www.redfin.com/MO/Saint-Louis/3711-Gravois-Ave-63116/home/93730381,1,South,197,781,3.7884615384615383,15.019230769230768
https://www.redfin.com/MO/Saint-Louis/3122-N-Taylor-Ave-63115/home/93715395,3,Central,216,761,3.9272727272727272,13.836363636363636
https://www.redfin.com/MO/Saint-Louis/8214-Pelham-Ave-63147/home/62765519,6,North,310,717,6.739130434782608,15.58695652173913
https://www.redfin.com/MO/Saint-Louis/2236-Sullivan-Ave-63107/home/93687500,4,Central,349,1016,6.017241379310345,17.517241379310345
https://www.redfin.com/MO/Saint-Louis/4307-Gravois-Ave-63116/home/93726571,1,South,197,781,3.7884615384615383,15.019230769230768
https://www.redfin.com/MO/Saint-Louis/7142-Idaho-Ave-63111/home/93710297,1,South,197,781,3.7884615384615383,15.019230769230768
https://www.redfin.com/MO/Saint-Louis/4619-Natural-Bridge-Ave-63115/home/93733803,3,Central,216,761,3.9272727272727272,13.836363636363636
https://www.redfin.com/MO/Saint-Louis/8514-Mora-Ln-63147/home/93732241,5,North,287,878,5.857142857142857,17.918367346938773
https://www.redfin.com/MO/Saint-Louis/1632-Belt-Ave-63112/home/93738859,3,Central,216,761,3.9272727272727272,13.836363636363636
https://www.redfin.com/MO/Saint-Louis/4869-Carter-Ave-63115/home/62737650,5,North,287,878,5.857142857142857,17.918367346938773
https://www.redfin.com/MO/Saint-Louis/4965-Lilburn-Ave-63115/home/93756184,5,North,287,878,5.857142857142857,17.918367346938773
https://www.redfin.com/MO/Saint-Louis/1919-Belt-Ave-63112/home/93739032,3,Central,216,761,3.9272727272727272,13.836363636363636
https://www.redfin.com/MO/Saint-Louis/4652-Tennessee-Ave-63111/home/93707226,1,South,197,781,3.7884615384615383,15.019230769230768
https://www.redfin.com/MO/Saint-Louis/5930-Shulte-Ave-63136/home/93758953,5,North,287,878,5.857142857142857,17.918367346938773
https://www.redfin.com/MO/Saint-Louis/2630-Arsenal-St-63118/home/93697115,2,South,118,726,2.681818181818182,16.5
https://www.redfin.com/MO/Saint-Louis/4625-Kossuth-Ave-63115/home/93733711,3,Central,216,761,3.9272727272727272,13.836363636363636
https://www.redfin.com/MO/Saint-Louis/963-Canaan-Ave-63147/home/93756369,5,North,287,878,5.857142857142857,17.918367346938773
https://www.redfin.com/MO/Saint-Louis/2927-Harper-St-63107/home/93698835,4,Central,349,1016,6.017241379310345,17.517241379310345
https://www.redfin.com/MO/Saint-Louis/4307-Randall-Pl-63107/home/93703612,4,Central,349,1016,6.017241379310345,17.517241379310345
https://www.redfin.com/MO/Saint-Louis/8800-Jordan-Ave-63147/home/93783349,5,North,287,878,5.857142857142857,17.918367346938773
https://www.redfin.com/MO/Saint-Louis/1337-Walton-Ave-63113/home/93720721,3,Central,216,761,3.9272727272727272,13.836363636363636
https://www.redfin.com/MO/Saint-Louis/5220-Highland-Ave-63113/home/93737923,3,Central,216,761,3.9272727272727272,13.836363636363636
https://www.redfin.com/MO/Saint-Louis/4514-Bircher-Blvd-63115/home/93734637,5,North,287,878,5.857142857142857,17.918367346938773
https://www.redfin.com/MO/Saint-Louis/5920-Floy-Ave-63147/home/93769003,5,North,287,878,5.857142857142857,17.918367346938773
https://www.redfin.com/MO/Saint-Louis/711-Gimblin-Rd-63147/home/93731691,6,North,310,717,6.739130434782608,15.58695652173913
https://www.redfin.com/MO/Saint-Louis/4403-Cottage-Ave-63113/home/93717880,3,Central,216,761,3.9272727272727272,13.836363636363636
https://www.redfin.com/MO/Saint-Louis/5875-Roosevelt-Pl-63120/home/93777758,5,North,287,878,5.857142857142857,17.918367346938773
https://www.redfin.com/MO/Saint-Louis/1652-McLaran-Ave-63147/home/93732167,5,North,287,878,5.857142857142857,17.918367346938773
https://www.redfin.com/MO/Saint-Louis/1001-Veronica-Ave-63147/home/93755611,5,North,287,878,5.857142857142857,17.918367346938773
https://www.redfin.com/MO/Saint-Louis/4215-W-Page-Blvd-63113/home/93719033,3,Central,216,761,3.9272727272727272,13.836363636363636
https://www.redfin.com/MO/Saint-Louis/5054-Thrush-Ave-63120/home/93757577,5,North,287,878,5.857142857142857,17.918367346938773
https://www.redfin.com/MO/Saint-Louis/4112-Turner-Ave-63115/home/93734779,3,Central,216,761,3.9272727272727272,13.836363636363636
https://www.redfin.com/MO/Saint-Louis/1008-Wall-St-63147/home/93760924,5,North,287,878,5.857142857142857,17.918367346938773
https://www.redfin.com/MO/Saint-Louis/3425-Itaska-St-63111/home/93707193,1,South,197,781,3.7884615384615383,15.019230769230768
https://www.redfin.com/MO/Saint-Louis/8845-Portland-Ter-63147/home/93783295,6,North,310,717,6.739130434782608,15.58695652173913
https://www.redfin.com/MO/Saint-Louis/5041-Lotus-Ave-63113/home/93738024,3,Central,216,761,3.9272727272727272,13.836363636363636
https://www.redfin.com/MO/Saint-Louis/3744-Blow-St-63116/home/93711943,1,South,197,781,3.7884615384615383,15.019230769230768
https://www.redfin.com/MO/Saint-Louis/4110-Oregon-Ave-63118/home/93705075,1,South,197,781,3.7884615384615383,15.019230769230768
https://www.redfin.com/MO/Saint-Louis/6343-Amelia-Ave-63120/home/93778225,5,North,287,878,5.857142857142857,17.918367346938773
https://www.redfin.com/MO/Saint-Louis/1026-Hornsby-Ave-63147/home/93755602,5,North,287,878,5.857142857142857,17.918367346938773
https://www.redfin.com/MO/Saint-Louis/322-E-Davis-St-63111/home/93711372,1,South,197,781,3.7884615384615383,15.019230769230768
https://www.redfin.com/MO/Saint-Louis/5407-Genevieve-Ave-63120/home/93762890,5,North,287,878,5.857142857142857,17.918367346938773
https://www.redfin.com/MO/Saint-Louis/4234-Shreve-Ave-63115/home/93733413,3,Central,216,761,3.9272727272727272,13.836363636363636
https://www.redfin.com/MO/Saint-Louis/4500-Carter-Ave-63115/home/62746336,3,Central,216,761,3.9272727272727272,13.836363636363636
https://www.redfin.com/MO/Saint-Louis/2248-Sullivan-Ave-63107/home/93687497,4,Central,349,1016,6.017241379310345,17.517241379310345
https://www.redfin.com/MO/Saint-Louis/5949-McArthur-Ave-63120/home/93768543,5,North,287,878,5.857142857142857,17.918367346938773
https://www.redfin.com/MO/Saint-Louis/2015-Chippewa-St-63118/home/93696852,2,South,118,726,2.681818181818182,16.5
https://www.redfin.com/MO/Saint-Louis/4545-Alice-Ave-63115/home/93713956,4,Central,349,1016,6.017241379310345,17.517241379310345
https://www.redfin.com/MO/Saint-Louis/4669-Elmbank-Ave-63115/home/93735917,3,Central,216,761,3.9272727272727272,13.836363636363636
https://www.redfin.com/MO/Saint-Louis/3619-Cora-Ave-63115/home/93735643,3,Central,216,761,3.9272727272727272,13.836363636363636
https://www.redfin.com/MO/Saint-Louis/4228-Red-Bud-Ave-63115/home/93714776,4,Central,349,1016,6.017241379310345,17.517241379310345
https://www.redfin.com/MO/Saint-Louis/6008-Lucille-Ave-63136/home/93758554,5,North,287,878,5.857142857142857,17.918367346938773
https://www.redfin.com/MO/Saint-Louis/3210-Chippewa-St-63118/home/93695832,1,South,197,781,3.7884615384615383,15.019230769230768
https://www.redfin.com/MO/Saint-Louis/3047-Whittier-St-63115/home/62685467,3,Central,216,761,3.9272727272727272,13.836363636363636
https://www.redfin.com/MO/Saint-Louis/7515-Pennsylvania-Ave-63111/home/93710922,1,South,197,781,3.7884615384615383,15.019230769230768
https://www.redfin.com/MO/Saint-Louis/5433-Beacon-Ave-63120/home/87133502,5,North,287,878,5.857142857142857,17.918367346938773
https://www.redfin.com/MO/Saint-Louis/4137-E-Lee-Ave-63115/home/93714992,4,Central,349,1016,6.017241379310345,17.517241379310345
https://www.redfin.com/MO/Saint-Louis/8415-N-Broadway-63147/home/93754501,5,North,287,878,5.857142857142857,17.918367346938773
https://www.redfin.com/MO/Saint-Louis/6004-N-Pointe-Blvd-63147/home/93770342,5,North,287,878,5.857142857142857,17.918367346938773
https://www.redfin.com/MO/Saint-Louis/4106-Nebraska-Ave-63118/home/93705205,1,South,197,781,3.7884615384615383,15.019230769230768
https://www.redfin.com/MO/Saint-Louis/615-Fillmore-St-63111/home/93709044,1,South,197,781,3.7884615384615383,15.019230769230768
https://www.redfin.com/MO/Saint-Louis/6300-Pennsylvania-Ave-63111/home/93709595,1,South,197,781,3.7884615384615383,15.019230769230768
https://www.redfin.com/MO/Saint-Louis/4274-Penrose-St-63115/home/93714348,4,Central,349,1016,6.017241379310345,17.517241379310345
https://www.redfin.com/MO/Saint-Louis/836-Harlan-Ave-63147/home/93783036,5,North,287,878,5.857142857142857,17.918367346938773
https://www.redfin.com/MO/Saint-Louis/4307-McRee-Ave-63110/home/93747512,3,Central,216,761,3.9272727272727272,13.836363636363636
https://www.redfin.com/MO/Saint-Louis/1965-Arlington-Ave-63112/home/62762399,3,Central,216,761,3.9272727272727272,13.836363636363636
https://www.redfin.com/MO/Saint-Louis/4223-W-Labadie-Ave-63115/home/93736512,3,Central,216,761,3.9272727272727272,13.836363636363636
https://www.redfin.com/MO/Saint-Louis/3964-Botanical-Ave-63110/home/93746222,3,Central,216,761,3.9272727272727272,13.836363636363636
https://www.redfin.com/MO/Saint-Louis/4030-Russell-Blvd-63110/home/93747145,3,Central,216,761,3.9272727272727272,13.836363636363636
https://www.redfin.com/MO/Saint-Louis/2348-Hickory-St-63104/home/93700619,4,Central,349,1016,6.017241379310345,17.517241379310345
https://www.redfin.com/MO/Saint-Louis/1811-Rutger-St-63104/home/93685618,4,Central,349,1016,6.017241379310345,17.517241379310345
https://www.redfin.com/MO/Saint-Louis/2909-Accomac-St-63104/home/93691030,4,Central,349,1016,6.017241379310345,17.517241379310345
https://www.redfin.com/MO/Saint-Louis/4248-Flad-Ave-63110/home/93746876,3,Central,216,761,3.9272727272727272,13.836363636363636
https://www.redfin.com/MO/Saint-Louis/3030-Hawthorne-Blvd-63104/home/93690745,4,Central,349,1016,6.017241379310345,17.517241379310345
https://www.redfin.com/MO/Saint-Louis/3822-Humphrey-St-63116/home/103204133,1,South,197,781,3.7884615384615383,15.019230769230768
https://www.redfin.com/MO/Saint-Louis/3839-Shaw-Blvd-63110/home/93760777,3,Central,216,761,3.9272727272727272,13.836363636363636
https://www.redfin.com/MO/Saint-Louis/6239-Alamo-Ave-63105/home/93768145,3,Central,216,761,3.9272727272727272,13.836363636363636
https://www.redfin.com/MO/Saint-Louis/2-W-Pine-Ct-63108/home/62748683,3,Central,216,761,3.9272727272727272,13.836363636363636
https://www.redfin.com/MO/Saint-Louis/1215-Mississippi-Ave-63104/home/62700032,4,Central,349,1016,6.017241379310345,17.517241379310345
https://www.redfin.com/MO/Saint-Louis/3904-Juniata-St-63116/home/93729943,3,Central,216,761,3.9272727272727272,13.836363636363636
https://www.redfin.com/MO/Saint-Louis/4561-Washington-Blvd-63108/home/62755214,3,Central,216,761,3.9272727272727272,13.836363636363636
https://www.redfin.com/MO/Saint-Louis/4053-Connecticut-St-63116/home/93729922,3,Central,216,761,3.9272727272727272,13.836363636363636
https://www.redfin.com/MO/Saint-Louis/6621-Oleatha-Ave-63139/home/62745834,1,South,197,781,3.7884615384615383,15.019230769230768
https://www.redfin.com/MO/Saint-Louis/4237-Hartford-St-63116/home/86202763,3,Central,216,761,3.9272727272727272,13.836363636363636
https://www.redfin.com/MO/Saint-Louis/3642-Wyoming-St-63116/home/62765499,1,South,197,781,3.7884615384615383,15.019230769230768
https://www.redfin.com/MO/Saint-Louis/4020-Flad-Ave-63110/home/93746583,3,Central,216,761,3.9272727272727272,13.836363636363636
https://www.redfin.com/MO/Saint-Louis/2361-S-39th-St-63110/home/93746137,3,Central,216,761,3.9272727272727272,13.836363636363636
https://www.redfin.com/MO/Saint-Louis/3893-Humphrey-St-63116/home/93728444,1,South,197,781,3.7884615384615383,15.019230769230768
https://www.redfin.com/MO/Saint-Louis/6135-McPherson-Ave-63112/home/93760397,3,Central,216,761,3.9272727272727272,13.836363636363636
https://www.redfin.com/MO/Saint-Louis/2336-Menard-St-63104/home/93686066,4,Central,349,1016,6.017241379310345,17.517241379310345
https://www.redfin.com/MO/Saint-Louis/3424-Halliday-Ave-63118/home/93692388,3,Central,216,761,3.9272727272727272,13.836363636363636
https://www.redfin.com/MO/Saint-Louis/4496-Laclede-Ave-63108/home/93662285,3,Central,216,761,3.9272727272727272,13.836363636363636
https://www.redfin.com/MO/Saint-Louis/3860-Juniata-St-63116/home/93728354,3,Central,216,761,3.9272727272727272,13.836363636363636
https://www.redfin.com/MO/Saint-Louis/1220-S-18th-St-63104/home/93686011,4,Central,349,1016,6.017241379310345,17.517241379310345
https://www.redfin.com/MO/Saint-Louis/6758-Neosho-St-63109/home/93781443,1,South,197,781,3.7884615384615383,15.019230769230768
https://www.redfin.com/MO/Saint-Louis/4176-Folsom-Ave-63110/home/176876175,3,Central,216,761,3.9272727272727272,13.836363636363636
https://www.redfin.com/MO/Saint-Louis/4038-Botanical-Ave-63110/home/93746663,3,Central,216,761,3.9272727272727272,13.836363636363636
https://www.redfin.com/MO/Saint-Louis/1032-Geyer-Ave-63104/home/93685669,4,Central,349,1016,6.017241379310345,17.517241379310345
https://www.redfin.com/MO/Saint-Louis/6305-Devonshire-Ave-63109/home/93780095,1,South,197,781,3.7884615384615383,15.019230769230768
https://www.redfin.com/MO/Saint-Louis/1920-Victor-St-63104/home/93691526,4,Central,349,1016,6.017241379310345,17.517241379310345
https://www.redfin.com/MO/Saint-Louis/3618-Arsenal-St-63116/home/93699876,3,Central,216,761,3.9272727272727272,13.836363636363636
https://www.redfin.com/MO/Saint-Louis/4427-Vista-Ave-63110/home/169425114,3,Central,216,761,3.9272727272727272,13.836363636363636
https://www.redfin.com/MO/Saint-Louis/3728-Arsenal-St-63116/home/93699856,3,Central,216,761,3.9272727272727272,13.836363636363636
https://www.redfin.com/MO/Saint-Louis/6758-Delor-St-63109/home/93781395,1,South,197,781,3.7884615384615383,15.019230769230768
https://www.redfin.com/MO/St-Louis/2225-Hickory-63104/home/186089734,4,Central,349,1016,6.017241379310345,17.517241379310345
https://www.redfin.com/MO/Saint-Louis/3877-Utah-Pl-63116/home/93728589,1,South,197,781,3.7884615384615383,15.019230769230768
https://www.redfin.com/MO/Saint-Louis/3315-Shenandoah-Ave-63104/home/93691091,3,Central,216,761,3.9272727272727272,13.836363636363636
https://www.redfin.com/MO/Saint-Louis/2721-January-Ave-63139/home/93727173,3,Central,216,761,3.9272727272727272,13.836363636363636
https://www.redfin.com/MO/Saint-Louis/929-Buena-Vista-Ave-63105/home/93768143,3,Central,216,761,3.9272727272727272,13.836363636363636
https://www.redfin.com/MO/Saint-Louis/1214-S-18th-St-63104/home/143286334,4,Central,349,1016,6.017241379310345,17.517241379310345
https://www.redfin.com/MO/Saint-Louis/4456-Maryland-Ave-63108/home/93724883,3,Central,216,761,3.9272727272727272,13.836363636363636
https://www.redfin.com/MO/Saint-Louis/5843-Delor-St-63109/home/93769011,1,South,197,781,3.7884615384615383,15.019230769230768
https://www.redfin.com/MO/Saint-Louis/2116-Hereford-St-63110/home/173620185,3,Central,216,761,3.9272727272727272,13.836363636363636
https://www.redfin.com/MO/St-Louis/6299-Magnolia-Ave-63139/home/194558193,3,Central,216,761,3.9272727272727272,13.836363636363636
https://www.redfin.com/MO/St-Louis/4435-Vista-Ave-63110/home/191017328,3,Central,216,761,3.9272727272727272,13.836363636363636
https://www.redfin.com/MO/Saint-Louis/3919-Hartford-St-63116/home/93749686,3,Central,216,761,3.9272727272727272,13.836363636363636
https://www.redfin.com/MO/Saint-Louis/5310-Tamm-Ave-63109/home/63495172,1,South,197,781,3.7884615384615383,15.019230769230768
https://www.redfin.com/MO/Saint-Louis/5338-Tamm-Ave-63109/home/93779931,1,South,197,781,3.7884615384615383,15.019230769230768
https://www.redfin.com/MO/Saint-Louis/3837-Utah-Pl-63116/home/93728583,1,South,197,781,3.7884615384615383,15.019230769230768
https://www.redfin.com/MO/Saint-Louis/4418-Vista-Ave-63110/home/93726107,3,Central,216,761,3.9272727272727272,13.836363636363636
https://www.redfin.com/MO/Saint-Louis/4941-Botanical-Ave-63110/home/93743953,3,Central,216,761,3.9272727272727272,13.836363636363636
https://www.redfin.com/MO/Saint-Louis/4121-Shenandoah-Ave-63110/home/93746479,3,Central,216,761,3.9272727272727272,13.836363636363636
https://www.redfin.com/MO/Saint-Louis/4143-Blaine-Ave-63110/home/93747464,3,Central,216,761,3.9272727272727272,13.836363636363636
https://www.redfin.com/MO/Saint-Louis/4133-Botanical-Ave-63110/home/93746370,3,Central,216,761,3.9272727272727272,13.836363636363636
https://www.redfin.com/MO/Saint-Louis/3641-Wyoming-St-63116/home/93700071,1,South,197,781,3.7884615384615383,15.019230769230768
https://www.redfin.com/MO/St-Louis/6301-Magnolia-Ave-63139/home/194009231,3,Central,216,761,3.9272727272727272,13.836363636363636
https://www.redfin.com/MO/Saint-Louis/4176-Blaine-Ave-63110/home/93684869,3,Central,216,761,3.9272727272727272,13.836363636363636
https://www.redfin.com/MO/Saint-Louis/3863-Utah-Pl-63116/home/93684209,1,South,197,781,3.7884615384615383,15.019230769230768
https://www.redfin.com/MO/Saint-Louis/2401-S-13th-St-63104/home/93686681,4,Central,349,1016,6.017241379310345,17.517241379310345
https://www.redfin.com/MO/Saint-Louis/1959-Lynch-St-63118/home/93677876,4,Central,349,1016,6.017241379310345,17.517241379310345
https://www.redfin.com/MO/Saint-Louis/1303-Childress-Ave-63139/home/62757834,3,Central,216,761,3.9272727272727272,13.836363636363636
https://www.redfin.com/MO/Saint-Louis/2340-S-12th-St-63104/home/93686132,4,Central,349,1016,6.017241379310345,17.517241379310345
https://www.redfin.com/MO/Saint-Louis/1822-Hickory-St-63104/home/62700814,4,Central,349,1016,6.017241379310345,17.517241379310345
https://www.redfin.com/MO/Saint-Louis/4719-Clifton-Ave-63109/home/62693434,1,South,197,781,3.7884615384615383,15.019230769230768
https://www.redfin.com/MO/Saint-Louis/3832-Utah-Pl-63116/home/93700028,1,South,197,781,3.7884615384615383,15.019230769230768
https://www.redfin.com/MO/Saint-Louis/3714-Wyoming-St-63116/home/93700100,1,South,197,781,3.7884615384615383,15.019230769230768
https://www.redfin.com/MO/Saint-Louis/2518-S-12th-St-63104/home/173618256,4,Central,349,1016,6.017241379310345,17.517241379310345
https://www.redfin.com/MO/Saint-Louis/4433-Vista-Ave-63110/home/169425116,3,Central,216,761,3.9272727272727272,13.836363636363636
https://www.redfin.com/MO/Saint-Louis/4154-Shenandoah-Ave-63110/home/62750067,3,Central,216,761,3.9272727272727272,13.836363636363636
https://www.redfin.com/MO/Saint-Louis/2630-Tennessee-Ave-63118/home/93692191,3,Central,216,761,3.9272727272727272,13.836363636363636
https://www.redfin.com/MO/Saint-Louis/3929-Burgen-Ave-63116/home/93781490,1,South,197,781,3.7884615384615383,15.019230769230768
https://www.redfin.com/MO/Saint-Louis/4667-Louisiana-Ave-63111/home/93707159,1,South,197,781,3.7884615384615383,15.019230769230768
https://www.redfin.com/MO/Saint-Louis/4107-Robert-Ave-63116/home/93784104,1,South,197,781,3.7884615384615383,15.019230769230768
https://www.redfin.com/MO/Saint-Louis/7024-W-Park-Ave-63117/home/62753160,3,Central,216,761,3.9272727272727272,13.836363636363636
https://www.redfin.com/MO/Saint-Louis/4037-Robert-Ave-63116/home/62700486,1,South,197,781,3.7884615384615383,15.019230769230768
https://www.redfin.com/MO/Saint-Louis/6059-Wanda-Ave-63116/home/62765968,1,South,197,781,3.7884615384615383,15.019230769230768
https://www.redfin.com/MO/Saint-Louis/10068-Lookaway-Dr-63137/home/93672592,6,North,310,717,6.739130434782608,15.58695652173913
https://www.redfin.com/MO/Saint-Louis/3828-McRee-Ave-63110/home/93760802,3,Central,216,761,3.9272727272727272,13.836363636363636
https://www.redfin.com/MO/Saint-Louis/1533-Gieseking-Ln-63147/home/93732276,5,North,287,878,5.857142857142857,17.918367346938773
https://www.redfin.com/MO/Saint-Louis/4123-Blow-St-63116/home/93772919,1,South,197,781,3.7884615384615383,15.019230769230768
https://www.redfin.com/MO/Saint-Louis/5005-Parker-Ave-63139/home/93777171,1,South,197,781,3.7884615384615383,15.019230769230768
https://www.redfin.com/MO/Saint-Louis/5178-Eichelberger-St-63109/home/93769483,1,South,197,781,3.7884615384615383,15.019230769230768
https://www.redfin.com/MO/Saint-Louis/6703-Vermont-Ave-63111/home/93710029,1,South,197,781,3.7884615384615383,15.019230769230768
https://www.redfin.com/MO/Saint-Louis/1739-Grape-Ave-63147/home/93778759,5,North,287,878,5.857142857142857,17.918367346938773
https://www.redfin.com/MO/Saint-Louis/5417-Rhodes-Ave-63109/home/93771274,1,South,197,781,3.7884615384615383,15.019230769230768
https://www.redfin.com/MO/Saint-Louis/3460-Regal-Pl-63139/home/93780846,1,South,197,781,3.7884615384615383,15.019230769230768
https://www.redfin.com/MO/Saint-Louis/4264-Hartford-St-63116/home/93749883,3,Central,216,761,3.9272727272727272,13.836363636363636
https://www.redfin.com/MO/Saint-Louis/5121-Rosa-Ave-63109/home/93769614,1,South,197,781,3.7884615384615383,15.019230769230768
https://www.redfin.com/MO/Saint-Louis/4033-Weber-Rd-63123/home/93783890,1,South,197,781,3.7884615384615383,15.019230769230768
https://www.redfin.com/MO/Saint-Louis/5250-Murdoch-Ave-63109/home/93753457,1,South,197,781,3.7884615384615383,15.019230769230768
https://www.redfin.com/MO/Saint-Louis/4131-Utah-St-63116/home/79031579,1,South,197,781,3.7884615384615383,15.019230769230768
https://www.redfin.com/MO/Saint-Louis/3823-Michigan-Ave-63118/home/93695733,1,South,197,781,3.7884615384615383,15.019230769230768
https://www.redfin.com/MO/Saint-Louis/6412-Lansdowne-Ave-63109/home/93779781,1,South,197,781,3.7884615384615383,15.019230769230768
https://www.redfin.com/MO/Saint-Louis/4080-Wilmington-Ave-63116/home/93770838,1,South,197,781,3.7884615384615383,15.019230769230768
https://www.redfin.com/MO/Saint-Louis/5208-Gresham-Ave-63109/home/93764561,1,South,197,781,3.7884615384615383,15.019230769230768
https://www.redfin.com/MO/Saint-Louis/4435-Itaska-St-63116/home/93764123,1,South,197,781,3.7884615384615383,15.019230769230768
https://www.redfin.com/MO/Saint-Louis/1318-Kraft-St-63139/home/93750061,3,Central,216,761,3.9272727272727272,13.836363636363636
https://www.redfin.com/MO/Saint-Louis/6627-Winona-Ave-63109/home/93774969,1,South,197,781,3.7884615384615383,15.019230769230768
https://www.redfin.com/MO/Saint-Louis/7404-Yates-St-63116/home/93784811,1,South,197,781,3.7884615384615383,15.019230769230768
https://www.redfin.com/MO/Saint-Louis/5319-Itaska-St-63109/home/93767034,1,South,197,781,3.7884615384615383,15.019230769230768
https://www.redfin.com/MO/Saint-Louis/2204-Menard-St-63104/home/93686413,4,Central,349,1016,6.017241379310345,17.517241379310345
https://www.redfin.com/MO/Saint-Louis/3890-McDonald-Ave-63116/home/93730346,1,South,197,781,3.7884615384615383,15.019230769230768
https://www.redfin.com/MO/Saint-Louis/4646-S-Grand-Blvd-63111/home/93706511,1,South,197,781,3.7884615384615383,15.019230769230768
https://www.redfin.com/MO/Saint-Louis/2725-January-Ave-63139/home/62729734,3,Central,216,761,3.9272727272727272,13.836363636363636
https://www.redfin.com/MO/Saint-Louis/5527-Goethe-Ave-63109/home/93775707,1,South,197,781,3.7884615384615383,15.019230769230768
https://www.redfin.com/MO/Saint-Louis/4322-Holly-Hills-Blvd-63116/home/93769709,1,South,197,781,3.7884615384615383,15.019230769230768
https://www.redfin.com/MO/Saint-Louis/6315-Winona-Ave-63109/home/93782101,1,South,197,781,3.7884615384615383,15.019230769230768
https://www.redfin.com/MO/Saint-Louis/4718-Newport-Ave-63116/home/93768304,1,South,197,781,3.7884615384615383,15.019230769230768
https://www.redfin.com/MO/Saint-Louis/3136-Nebraska-Ave-63118/home/93692947,1,South,197,781,3.7884615384615383,15.019230769230768
https://www.redfin.com/MO/Saint-Louis/3811-Fillmore-St-63116/home/93773612,1,South,197,781,3.7884615384615383,15.019230769230768
https://www.redfin.com/MO/Saint-Louis/6124-Westminster-Pl-63112/home/93760331,3,Central,216,761,3.9272727272727272,13.836363636363636
https://www.redfin.com/MO/Saint-Louis/3993-Dover-Pl-63116/home/93774794,1,South,197,781,3.7884615384615383,15.019230769230768
https://www.redfin.com/MO/Saint-Louis/6400-Myrlette-Ct-63116/home/93783566,1,South,197,781,3.7884615384615383,15.019230769230768
https://www.redfin.com/MO/Saint-Louis/1464-Graham-St-63139/home/62728030,3,Central,216,761,3.9272727272727272,13.836363636363636
https://www.redfin.com/MO/Saint-Louis/2640-Ann-Ave-63104/home/93690678,4,Central,349,1016,6.017241379310345,17.517241379310345
https://www.redfin.com/MO/Saint-Louis/2830-59th-St-63139/home/93726750,3,Central,216,761,3.9272727272727272,13.836363636363636
https://www.redfin.com/MO/Saint-Louis/5811-Oleatha-Ave-63139/home/93780603,1,South,197,781,3.7884615384615383,15.019230769230768
https://www.redfin.com/MO/Saint-Louis/5312-Nagel-Ave-63109/home/93771165,1,South,197,781,3.7884615384615383,15.019230769230768
https://www.redfin.com/MO/Saint-Louis/6635-Devonshire-Ave-63109/home/93779514,1,South,197,781,3.7884615384615383,15.019230769230768
https://www.redfin.com/MO/Saint-Louis/4151-Fillmore-St-63116/home/93776109,1,South,197,781,3.7884615384615383,15.019230769230768
https://www.redfin.com/MO/Saint-Louis/6932-Garner-Ave-63139/home/93741054,3,Central,216,761,3.9272727272727272,13.836363636363636
https://www.redfin.com/MO/Saint-Louis/5618-Fyler-Ave-63139/home/93743037,3,Central,216,761,3.9272727272727272,13.836363636363636
https://www.redfin.com/MO/Saint-Louis/5217-Bonita-Ave-63109/home/93769411,1,South,197,781,3.7884615384615383,15.019230769230768
https://www.redfin.com/MO/Saint-Louis/4420-Sexauer-Ave-63115/home/62728906,5,North,287,878,5.857142857142857,17.918367346938773
https://www.redfin.com/MO/Saint-Louis/5618-Nottingham-Ave-63109/home/93767812,1,South,197,781,3.7884615384615383,15.019230769230768
https://www.redfin.com/MO/Saint-Louis/6015-Arthur-Ave-63139/home/93742988,3,Central,216,761,3.9272727272727272,13.836363636363636
https://www.redfin.com/MO/Saint-Louis/3328-Lemp-Ave-63118/home/93694165,2,South,118,726,2.681818181818182,16.5
https://www.redfin.com/MO/Saint-Louis/4614-S-39th-St-63116/home/93767669,1,South,197,781,3.7884615384615383,15.019230769230768
https://www.redfin.com/MO/Saint-Louis/5724-Rosa-Ave-63109/home/62751995,1,South,197,781,3.7884615384615383,15.019230769230768
https://www.redfin.com/MO/Saint-Louis/6266-Marmaduke-Ave-63139/home/93767693,3,Central,216,761,3.9272727272727272,13.836363636363636
https://www.redfin.com/MO/Saint-Louis/3010-Salena-St-63118/home/62722469,2,South,118,726,2.681818181818182,16.5
https://www.redfin.com/MO/Saint-Louis/4632-Varrelmann-Ave-63116/home/93757092,1,South,197,781,3.7884615384615383,15.019230769230768
https://www.redfin.com/MO/Saint-Louis/3815-Tamm-Ave-63109/home/62748599,1,South,197,781,3.7884615384615383,15.019230769230768
https://www.redfin.com/MO/Saint-Louis/3516-Magnolia-Ave-63118/home/93692363,3,Central,216,761,3.9272727272727272,13.836363636363636
https://www.redfin.com/MO/Saint-Louis/5251-Walsh-St-63109/home/93768008,1,South,197,781,3.7884615384615383,15.019230769230768
https://www.redfin.com/MO/Saint-Louis/3924-Parker-Ave-63116/home/93729236,1,South,197,781,3.7884615384615383,15.019230769230768
https://www.redfin.com/MO/Saint-Louis/4066-McRee-Ave-63110/home/109914648,3,Central,216,761,3.9272727272727272,13.836363636363636
https://www.redfin.com/MO/Saint-Louis/2859-Ohio-Ave-63118/home/93691709,4,Central,349,1016,6.017241379310345,17.517241379310345
https://www.redfin.com/MO/Saint-Louis/8725-Goodfellow-Blvd-63147/home/93778666,5,North,287,878,5.857142857142857,17.918367346938773
https://www.redfin.com/MO/Saint-Louis/4410-S-Spring-Ave-63116/home/93730882,1,South,197,781,3.7884615384615383,15.019230769230768
https://www.redfin.com/MO/Saint-Louis/2026-Sidney-St-63104/home/93697729,4,Central,349,1016,6.017241379310345,17.517241379310345
https://www.redfin.com/MO/Saint-Louis/6122-McPherson-Ave-63112/home/93760243,3,Central,216,761,3.9272727272727272,13.836363636363636
https://www.redfin.com/MO/Saint-Louis/2810-Norwood-Ave-63115/home/93737485,3,Central,216,761,3.9272727272727272,13.836363636363636
https://www.redfin.com/MO/Saint-Louis/6569-Pernod-Ave-63139/home/73953641,1,South,197,781,3.7884615384615383,15.019230769230768
https://www.redfin.com/MO/Saint-Louis/3917-Crosby-Dr-63123/home/93784807,1,South,197,781,3.7884615384615383,15.019230769230768
https://www.redfin.com/MO/Saint-Louis/7221-Field-Ave-63116/home/93679222,1,South,197,781,3.7884615384615383,15.019230769230768
https://www.redfin.com/MO/Saint-Louis/6179-Kingsbury-Ave-63112/home/93760349,3,Central,216,761,3.9272727272727272,13.836363636363636
https://www.redfin.com/MO/Saint-Louis/5226-Elizabeth-Ave-63110/home/93727559,3,Central,216,761,3.9272727272727272,13.836363636363636
https://www.redfin.com/MO/Saint-Louis/2845-Chippewa-St-63118/home/93696482,1,South,197,781,3.7884615384615383,15.019230769230768
https://www.redfin.com/MO/Saint-Louis/5544-Murdoch-Ave-63109/home/93753439,1,South,197,781,3.7884615384615383,15.019230769230768
https://www.redfin.com/MO/Saint-Louis/3704-Palm-St-63107/home/62773859,4,Central,349,1016,6.017241379310345,17.517241379310345
https://www.redfin.com/MO/Saint-Louis/1115-Forest-Ave-63139/home/92933525,3,Central,216,761,3.9272727272727272,13.836363636363636
https://www.redfin.com/MO/Saint-Louis/5648-Marquette-Ave-63139/home/88443158,1,South,197,781,3.7884615384615383,15.019230769230768
https://www.redfin.com/MO/Saint-Louis/6963-Sutherland-Ave-63109/home/93774257,1,South,197,781,3.7884615384615383,15.019230769230768
https://www.redfin.com/MO/Saint-Louis/6633-Tholozan-Ave-63109/home/93775075,1,South,197,781,3.7884615384615383,15.019230769230768
https://www.redfin.com/MO/Saint-Louis/5205-S-Kingshighway-Blvd-63109/home/93766882,1,South,197,781,3.7884615384615383,15.019230769230768
https://www.redfin.com/MO/Saint-Louis/3927-Childress-Ave-63109/home/93778383,1,South,197,781,3.7884615384615383,15.019230769230768
https://www.redfin.com/MO/Saint-Louis/4967-Parker-Ave-63139/home/93777151,1,South,197,781,3.7884615384615383,15.019230769230768
https://www.redfin.com/MO/Saint-Louis/6329-Potomac-St-63139/home/62735103,1,South,197,781,3.7884615384615383,15.019230769230768
https://www.redfin.com/MO/Saint-Louis/4950-Quincy-St-63109/home/93758332,1,South,197,781,3.7884615384615383,15.019230769230768
https://www.redfin.com/MO/Saint-Louis/3166-Pennsylvania-Ave-63118/home/93692984,1,South,197,781,3.7884615384615383,15.019230769230768
https://www.redfin.com/MO/Saint-Louis/4125-Miami-St-63116/home/62712295,1,South,197,781,3.7884615384615383,15.019230769230768
https://www.redfin.com/MO/Saint-Louis/5456-Gravois-Ave-63116/home/93757183,1,South,197,781,3.7884615384615383,15.019230769230768
https://www.redfin.com/MO/Saint-Louis/6830-Glades-Ave-63139/home/93741076,3,Central,216,761,3.9272727272727272,13.836363636363636
https://www.redfin.com/MO/Saint-Louis/5039-Grace-Ave-63116/home/93742558,1,South,197,781,3.7884615384615383,15.019230769230768
https://www.redfin.com/MO/Saint-Louis/6127-Alaska-Ave-63111/home/93709535,1,South,197,781,3.7884615384615383,15.019230769230768
https://www.redfin.com/MO/Saint-Louis/5732-Winona-Ave-63109/home/62749480,1,South,197,781,3.7884615384615383,15.019230769230768
https://www.redfin.com/MO/Saint-Louis/6718-Oleatha-Ave-63139/home/86019215,1,South,197,781,3.7884615384615383,15.019230769230768
https://www.redfin.com/MO/Saint-Louis/4008-Blaine-Ave-63110/home/93680533,3,Central,216,761,3.9272727272727272,13.836363636363636
https://www.redfin.com/MO/Saint-Louis/4464-Lee-Ave-63115/home/93733884,3,Central,216,761,3.9272727272727272,13.836363636363636
https://www.redfin.com/MO/Saint-Louis/3854-Loughborough-Ave-63116/home/93773254,1,South,197,781,3.7884615384615383,15.019230769230768
https://www.redfin.com/MO/Saint-Louis/1334-Fairmount-Ct-63139/home/93750072,3,Central,216,761,3.9272727272727272,13.836363636363636
https://www.redfin.com/MO/Saint-Louis/2315-Russell-Blvd-63104/home/93690684,4,Central,349,1016,6.017241379310345,17.517241379310345
https://www.redfin.com/MO/Saint-Louis/3431-Indiana-Ave-63118/home/93694649,2,South,118,726,2.681818181818182,16.5
https://www.redfin.com/MO/Saint-Louis/5454-Gresham-Ave-63109/home/93769396,1,South,197,781,3.7884615384615383,15.019230769230768
https://www.redfin.com/MO/Saint-Louis/1719-Edwards-St-63110/home/93726508,3,Central,216,761,3.9272727272727272,13.836363636363636
https://www.redfin.com/MO/Saint-Louis/2909-McNair-Ave-63118/home/93699038,2,South,118,726,2.681818181818182,16.5
https://www.redfin.com/MO/Saint-Louis/4114-McDonald-Ave-63116/home/93728856,1,South,197,781,3.7884615384615383,15.019230769230768
https://www.redfin.com/MO/Saint-Louis/5636-Marquette-Ave-63139/home/93780701,1,South,197,781,3.7884615384615383,15.019230769230768
https://www.redfin.com/MO/Saint-Louis/5939-Hilgard-Pl-63109/home/93784028,1,South,197,781,3.7884615384615383,15.019230769230768
https://www.redfin.com/MO/Saint-Louis/6024-Scanlan-Ave-63139/home/93742954,3,Central,216,761,3.9272727272727272,13.836363636363636
https://www.redfin.com/MO/Saint-Louis/8624-Riverview-Blvd-63147/home/93730749,5,North,287,878,5.857142857142857,17.918367346938773
https://www.redfin.com/MO/Saint-Louis/5123-Goethe-Ave-63109/home/77446731,1,South,197,781,3.7884615384615383,15.019230769230768
https://www.redfin.com/MO/Saint-Louis/5621-Botanical-Ave-63110/home/68108481,3,Central,216,761,3.9272727272727272,13.836363636363636
https://www.redfin.com/MO/Saint-Louis/3310-Michigan-Ave-63118/home/62771703,1,South,197,781,3.7884615384615383,15.019230769230768
https://www.redfin.com/MO/Saint-Louis/5556-Arthur-Ave-63139/home/93742752,1,South,197,781,3.7884615384615383,15.019230769230768
https://www.redfin.com/MO/Saint-Louis/4744-Bonita-Ave-63116/home/93766459,1,South,197,781,3.7884615384615383,15.019230769230768
https://www.redfin.com/MO/Saint-Louis/4323-Bingham-Ave-63116/home/93771913,1,South,197,781,3.7884615384615383,15.019230769230768
https://www.redfin.com/MO/Saint-Louis/925-Riverview-Blvd-63147/home/93783208,5,North,287,878,5.857142857142857,17.918367346938773
https://www.redfin.com/MO/Saint-Louis/6036-Horton-Pl-63112/home/93723563,3,Central,216,761,3.9272727272727272,13.836363636363636
https://www.redfin.com/MO/Saint-Louis/6011-S-Grand-Blvd-63111/home/93772421,1,South,197,781,3.7884615384615383,15.019230769230768
https://www.redfin.com/MO/Saint-Louis/4254-McRee-Ave-63110/home/62720952,3,Central,216,761,3.9272727272727272,13.836363636363636
https://www.redfin.com/MO/Saint-Louis/5750-Gresham-Ave-63109/home/82734593,1,South,197,781,3.7884615384615383,15.019230769230768
https://www.redfin.com/MO/Saint-Louis/2703-Pestalozzi-St-63118/home/93691711,4,Central,349,1016,6.017241379310345,17.517241379310345
https://www.redfin.com/MO/Saint-Louis/2638-Park-Ave-63104/home/93700724,4,Central,349,1016,6.017241379310345,17.517241379310345
https://www.redfin.com/MO/Saint-Louis/2520-California-Ave-63104/home/93699948,4,Central,349,1016,6.017241379310345,17.517241379310345
https://www.redfin.com/MO/Saint-Louis/6412-Potomac-St-63139/home/93775208,1,South,197,781,3.7884615384615383,15.019230769230768
https://www.redfin.com/MO/Saint-Louis/5727-Winona-Ave-63109/home/93780968,1,South,197,781,3.7884615384615383,15.019230769230768
https://www.redfin.com/MO/Saint-Louis/4747-Milentz-Ave-63116/home/93756831,1,South,197,781,3.7884615384615383,15.019230769230768
https://www.redfin.com/MO/Saint-Louis/2922-Sidney-St-63104/home/93699577,3,Central,216,761,3.9272727272727272,13.836363636363636
https://www.redfin.com/MO/Saint-Louis/7124-Marwinette-Ave-63116/home/93784068,1,South,197,781,3.7884615384615383,15.019230769230768
https://www.redfin.com/MO/Saint-Louis/2834-Mount-Pleasant-St-63111/home/62739023,1,South,197,781,3.7884615384615383,15.019230769230768
https://www.redfin.com/MO/Saint-Louis/2339-Sulphur-Ave-63139/home/93741606,3,Central,216,761,3.9272727272727272,13.836363636363636
https://www.redfin.com/MO/Saint-Louis/1523-Graham-St-63139/home/93761909,3,Central,216,761,3.9272727272727272,13.836363636363636
https://www.redfin.com/MO/Saint-Louis/7121-Leona-St-63116/home/93784106,1,South,197,781,3.7884615384615383,15.019230769230768
https://www.redfin.com/MO/Saint-Louis/1615-Veronica-Ave-63147/home/93731838,5,North,287,878,5.857142857142857,17.918367346938773
https://www.redfin.com/MO/Saint-Louis/3025-Mount-Pleasant-St-63111/home/93706256,1,South,197,781,3.7884615384615383,15.019230769230768
https://www.redfin.com/MO/Saint-Louis/8111-Southpark-Ct-63125/home/93785118,1,South,197,781,3.7884615384615383,15.019230769230768
https://www.redfin.com/MO/Saint-Louis/3829-Burgen-Ave-63116/home/93781505,1,South,197,781,3.7884615384615383,15.019230769230768
https://www.redfin.com/MO/Saint-Louis/3215-Jasper-Park-63139/home/93742960,3,Central,216,761,3.9272727272727272,13.836363636363636
https://www.redfin.com/MO/Saint-Louis/7300-Vermont-Ave-63111/home/62725111,1,South,197,781,3.7884615384615383,15.019230769230768
https://www.redfin.com/MO/Saint-Louis/4533-Ray-Ave-63116/home/93756010,1,South,197,781,3.7884615384615383,15.019230769230768
https://www.redfin.com/MO/Saint-Louis/2828-59th-St-63139/home/93726749,3,Central,216,761,3.9272727272727272,13.836363636363636
https://www.redfin.com/MO/Saint-Louis/2217-Keokuk-St-63118/home/93696829,2,South,118,726,2.681818181818182,16.5
https://www.redfin.com/MO/Saint-Louis/5425-Bates-St-63116/home/93767474,1,South,197,781,3.7884615384615383,15.019230769230768
https://www.redfin.com/MO/Saint-Louis/2225-Richert-Pl-63143/home/93741480,3,Central,216,761,3.9272727272727272,13.836363636363636
https://www.redfin.com/MO/Saint-Louis/7122-Picadilly-Ave-63143/home/81570103,3,Central,216,761,3.9272727272727272,13.836363636363636
https://www.redfin.com/MO/Saint-Louis/2702-Indiana-Ave-63118/home/93697785,4,Central,349,1016,6.017241379310345,17.517241379310345
https://www.redfin.com/MO/Saint-Louis/5221-Delor-St-63109/home/93766693,1,South,197,781,3.7884615384615383,15.019230769230768
https://www.redfin.com/MO/Saint-Louis/6591-Scanlan-Ave-63139/home/93742252,3,Central,216,761,3.9272727272727272,13.836363636363636
https://www.redfin.com/MO/Saint-Louis/3415-Vista-Ave-63104/home/93700940,3,Central,216,761,3.9272727272727272,13.836363636363636
https://www.redfin.com/MO/Saint-Louis/7200-Lanham-Ave-63143/home/93743627,3,Central,216,761,3.9272727272727272,13.836363636363636
https://www.redfin.com/MO/Saint-Louis/5015-Gerritt-Ave-63116/home/62710610,1,South,197,781,3.7884615384615383,15.019230769230768
https://www.redfin.com/MO/Saint-Louis/5920-Morganford-Rd-63116/home/93776115,1,South,197,781,3.7884615384615383,15.019230769230768
https://www.redfin.com/MO/Saint-Louis/6020-Potomac-St-63139/home/88995357,1,South,197,781,3.7884615384615383,15.019230769230768
https://www.redfin.com/MO/Saint-Louis/3956-Connecticut-St-63116/home/93729642,3,Central,216,761,3.9272727272727272,13.836363636363636
https://www.redfin.com/MO/Saint-Louis/5251-Pernod-Ave-63139/home/93777338,1,South,197,781,3.7884615384615383,15.019230769230768
https://www.redfin.com/MO/Saint-Louis/4222-Flad-Ave-63110/home/62764603,3,Central,216,761,3.9272727272727272,13.836363636363636
https://www.redfin.com/MO/Saint-Louis/4955-Nagel-Ave-63109/home/93758304,1,South,197,781,3.7884615384615383,15.019230769230768
https://www.redfin.com/MO/Saint-Louis/3442-Chippewa-St-63118/home/93695359,1,South,197,781,3.7884615384615383,15.019230769230768
https://www.redfin.com/MO/Saint-Louis/2801-Missouri-Ave-63118/home/93677429,4,Central,349,1016,6.017241379310345,17.517241379310345
https://www.redfin.com/MO/Saint-Louis/5242-Quincy-St-63109/home/93758225,1,South,197,781,3.7884615384615383,15.019230769230768
https://www.redfin.com/MO/Saint-Louis/3139-Mount-Pleasant-St-63111/home/93706190,1,South,197,781,3.7884615384615383,15.019230769230768
https://www.redfin.com/MO/Saint-Louis/3710-Berger-Ave-63109/home/93779094,1,South,197,781,3.7884615384615383,15.019230769230768
https://www.redfin.com/MO/Saint-Louis/7827-Clymer-Dr-63123/home/93784965,1,South,197,781,3.7884615384615383,15.019230769230768
https://www.redfin.com/MO/Saint-Louis/5455-Walsh-St-63109/home/62696031,1,South,197,781,3.7884615384615383,15.019230769230768
https://www.redfin.com/MO/Saint-Louis/4441-Oakland-Ave-63110/home/93751248,3,Central,216,761,3.9272727272727272,13.836363636363636
https://www.redfin.com/MO/Saint-Louis/6648-Dale-Ave-63139/home/93741217,3,Central,216,761,3.9272727272727272,13.836363636363636
https://www.redfin.com/MO/Saint-Louis/4822-Hamburg-Ave-63123/home/93759311,1,South,197,781,3.7884615384615383,15.019230769230768
https://www.redfin.com/MO/Saint-Louis/5746-Pernod-Ave-63139/home/62717562,1,South,197,781,3.7884615384615383,15.019230769230768
https://www.redfin.com/MO/Saint-Louis/3933-McDonald-Ave-63116/home/93729377,1,South,197,781,3.7884615384615383,15.019230769230768
https://www.redfin.com/MO/Saint-Louis/6028-Potomac-St-63139/home/62751224,1,South,197,781,3.7884615384615383,15.019230769230768
https://www.redfin.com/MO/Saint-Louis/6444-Plateau-Ave-63139/home/93740836,3,Central,216,761,3.9272727272727272,13.836363636363636
https://www.redfin.com/MO/Saint-Louis/1112-Hornsby-Ave-63147/home/93760917,5,North,287,878,5.857142857142857,17.918367346938773
https://www.redfin.com/MO/Saint-Louis/5716-Winona-Ave-63109/home/93780869,1,South,197,781,3.7884615384615383,15.019230769230768
https://www.redfin.com/MO/Saint-Louis/5252-Botanical-Ave-63110/home/93727589,3,Central,216,761,3.9272727272727272,13.836363636363636
https://www.redfin.com/MO/Saint-Louis/4978-Odell-St-63139/home/62725667,3,Central,216,761,3.9272727272727272,13.836363636363636
https://www.redfin.com/MO/Saint-Louis/5828-Pamplin-Ave-63147/home/93770356,5,North,287,878,5.857142857142857,17.918367346938773
https://www.redfin.com/MO/Saint-Louis/5717-Lansdowne-Ave-63109/home/93752731,1,South,197,781,3.7884615384615383,15.019230769230768
https://www.redfin.com/MO/Saint-Louis/3420-Humphrey-St-63118/home/93671832,1,South,197,781,3.7884615384615383,15.019230769230768
https://www.redfin.com/MO/Saint-Louis/3940-Randall-St-63116/home/62748904,1,South,197,781,3.7884615384615383,15.019230769230768
https://www.redfin.com/MO/Saint-Louis/5712-Floy-Ave-63136/home/93765406,5,North,287,878,5.857142857142857,17.918367346938773
https://www.redfin.com/MO/Saint-Louis/2636-Hereford-St-63139/home/93727617,3,Central,216,761,3.9272727272727272,13.836363636363636
https://www.redfin.com/MO/Saint-Louis/4546-Arco-Ave-63110/home/93749278,3,Central,216,761,3.9272727272727272,13.836363636363636
https://www.redfin.com/MO/Saint-Louis/1226-Sidney-St-63104/home/93686652,4,Central,349,1016,6.017241379310345,17.517241379310345
https://www.redfin.com/MO/Saint-Louis/3724-Bamberger-Ave-63116/home/62692922,1,South,197,781,3.7884615384615383,15.019230769230768
https://www.redfin.com/MO/Saint-Louis/5962-S-Cuba-Ct-63139/home/93775539,3,Central,216,761,3.9272727272727272,13.836363636363636
https://www.redfin.com/MO/Saint-Louis/3729-Upton-St-63116/home/93712148,1,South,197,781,3.7884615384615383,15.019230769230768
https://www.redfin.com/MO/Saint-Louis/5620-Bischoff-Ave-63110/home/62739721,3,Central,216,761,3.9272727272727272,13.836363636363636
https://www.redfin.com/MO/Saint-Louis/3718-S-Spring-Ave-63116/home/93730228,1,South,197,781,3.7884615384615383,15.019230769230768
https://www.redfin.com/MO/Saint-Louis/3408-Winnebago-St-63118/home/93695337,1,South,197,781,3.7884615384615383,15.019230769230768
https://www.redfin.com/MO/Saint-Louis/6118-Newport-Ave-63116/home/62732448,1,South,197,781,3.7884615384615383,15.019230769230768
https://www.redfin.com/MO/Saint-Louis/6409-Sutherland-Ave-63109/home/93780027,1,South,197,781,3.7884615384615383,15.019230769230768
https://www.redfin.com/MO/Saint-Louis/6156-Louisiana-Ave-63111/home/93709515,1,South,197,781,3.7884615384615383,15.019230769230768
https://www.redfin.com/MO/Saint-Louis/6650-Odell-St-63139/home/93743853,3,Central,216,761,3.9272727272727272,13.836363636363636
https://www.redfin.com/MO/Saint-Louis/4862-Goethe-Ave-63116/home/93763271,1,South,197,781,3.7884615384615383,15.019230769230768
https://www.redfin.com/MO/Saint-Louis/3817-Childress-Ave-63109/home/62726699,1,South,197,781,3.7884615384615383,15.019230769230768
https://www.redfin.com/MO/Saint-Louis/819-Portland-Ter-63147/home/93783298,6,North,310,717,6.739130434782608,15.58695652173913
https://www.redfin.com/MO/Saint-Louis/4227-Prather-Ave-63109/home/93769781,1,South,197,781,3.7884615384615383,15.019230769230768
https://www.redfin.com/MO/Saint-Louis/1371-Louisville-Ave-63139/home/62710958,3,Central,216,761,3.9272727272727272,13.836363636363636
https://www.redfin.com/MO/Saint-Louis/6201-Oleatha-Ave-63139/home/62718380,1,South,197,781,3.7884615384615383,15.019230769230768
https://www.redfin.com/MO/Saint-Louis/5633-Walsh-St-63109/home/62767315,1,South,197,781,3.7884615384615383,15.019230769230768
https://www.redfin.com/MO/Saint-Louis/5007-Alabama-Ave-63111/home/93707892,1,South,197,781,3.7884615384615383,15.019230769230768
https://www.redfin.com/MO/Saint-Louis/5450-Dresden-Ave-63116/home/62711780,1,South,197,781,3.7884615384615383,15.019230769230768
https://www.redfin.com/MO/Saint-Louis/3903-Prather-Ave-63109/home/93769756,1,South,197,781,3.7884615384615383,15.019230769230768
https://www.redfin.com/MO/Saint-Louis/5947-Summit-Pl-63147/home/93770503,5,North,287,878,5.857142857142857,17.918367346938773
https://www.redfin.com/MO/Saint-Louis/2258-S-Jefferson-Ave-63104/home/93690918,4,Central,349,1016,6.017241379310345,17.517241379310345
https://www.redfin.com/MO/Saint-Louis/7413-Ray-Ave-63116/home/93784358,1,South,197,781,3.7884615384615383,15.019230769230768
https://www.redfin.com/MO/Saint-Louis/6635-Arsenal-St-63139/home/93741807,3,Central,216,761,3.9272727272727272,13.836363636363636
https://www.redfin.com/MO/Saint-Louis/6453-Colletta-Dr-63139/home/93784581,3,Central,216,761,3.9272727272727272,13.836363636363636
https://www.redfin.com/MO/Saint-Louis/5405-Michigan-Ave-63111/home/62711080,1,South,197,781,3.7884615384615383,15.019230769230768
https://www.redfin.com/MO/Saint-Louis/6553-Lindenwood-Pl-63109/home/93775143,1,South,197,781,3.7884615384615383,15.019230769230768
https://www.redfin.com/MO/Saint-Louis/3426-Nebraska-Ave-63118/home/93694320,1,South,197,781,3.7884615384615383,15.019230769230768
https://www.redfin.com/MO/Saint-Louis/6215-Southland-Ave-63109/home/62732882,1,South,197,781,3.7884615384615383,15.019230769230768
https://www.redfin.com/MO/Saint-Louis/1338-Fairmount-Ct-63139/home/62717950,3,Central,216,761,3.9272727272727272,13.836363636363636
https://www.redfin.com/MO/Saint-Louis/3241-Geyer-Ave-63104/home/93689578,3,Central,216,761,3.9272727272727272,13.836363636363636
https://www.redfin.com/MO/Saint-Louis/4151-Quincy-St-63116/home/93772878,1,South,197,781,3.7884615384615383,15.019230769230768
https://www.redfin.com/MO/Saint-Louis/2637-Pearl-Ave-63139/home/103203201,3,Central,216,761,3.9272727272727272,13.836363636363636
https://www.redfin.com/MO/Saint-Louis/5616-Milentz-Ave-63109/home/93771372,1,South,197,781,3.7884615384615383,15.019230769230768
https://www.redfin.com/MO/Saint-Louis/4252-Gertrude-Ave-63116/home/93781035,1,South,197,781,3.7884615384615383,15.019230769230768
https://www.redfin.com/MO/Saint-Louis/5133-Goethe-Ave-63109/home/93769447,1,South,197,781,3.7884615384615383,15.019230769230768
https://www.redfin.com/MO/Saint-Louis/3000-California-Ave-63118/home/93699315,4,Central,349,1016,6.017241379310345,17.517241379310345
https://www.redfin.com/MO/Saint-Louis/5753-Lindenwood-Ave-63109/home/93780908,1,South,197,781,3.7884615384615383,15.019230769230768
https://www.redfin.com/MO/Saint-Louis/3927-Weber-Rd-63123/home/93785639,1,South,197,781,3.7884615384615383,15.019230769230768
https://www.redfin.com/MO/Saint-Louis/4448-Itaska-St-63116/home/62751687,1,South,197,781,3.7884615384615383,15.019230769230768
https://www.redfin.com/MO/Saint-Louis/5034-Ray-Ave-63116/home/93767090,1,South,197,781,3.7884615384615383,15.019230769230768
https://www.redfin.com/MO/Saint-Louis/3332-Nebraska-Ave-63118/home/93693671,1,South,197,781,3.7884615384615383,15.019230769230768
https://www.redfin.com/MO/St-Louis/4113-Hartford-St-63116/home/201215071,3,Central,216,761,3.9272727272727272,13.836363636363636
https://www.redfin.com/MO/Saint-Louis/2332-Hickory-St-63104/home/93700594,4,Central,349,1016,6.017241379310345,17.517241379310345
https://www.redfin.com/MO/Saint-Louis/1408-E-Linton-Ave-63107/home/93713184,4,Central,349,1016,6.017241379310345,17.517241379310345
https://www.redfin.com/MO/Saint-Louis/3968-Schiller-Pl-63116/home/93781153,1,South,197,781,3.7884615384615383,15.019230769230768
https://www.redfin.com/MO/Saint-Louis/8554-Drury-Ln-63147/home/93732326,5,North,287,878,5.857142857142857,17.918367346938773
https://www.redfin.com/MO/Saint-Louis/6414-Center-Ct-63116/home/93779360,1,South,197,781,3.7884615384615383,15.019230769230768
https://www.redfin.com/MO/Saint-Louis/6220-Minnesota-Ave-63111/home/85025438,1,South,197,781,3.7884615384615383,15.019230769230768
https://www.redfin.com/MO/St-Louis/1520-Washington-Ave-63103/unit-604/home/168590453,4,Central,349,1016,6.017241379310345,17.517241379310345
https://www.redfin.com/MO/Saint-Louis/7821-Parkwood-Dr-63123/home/93783865,1,South,197,781,3.7884615384615383,15.019230769230768
https://www.redfin.com/MO/Saint-Louis/6023-Elizabeth-Ave-63139/home/93761602,3,Central,216,761,3.9272727272727272,13.836363636363636
https://www.redfin.com/MO/Saint-Louis/617-Haven-St-63111/home/93709890,1,South,197,781,3.7884615384615383,15.019230769230768
https://www.redfin.com/MO/Saint-Louis/5011-Alaska-Ave-63111/home/93707524,1,South,197,781,3.7884615384615383,15.019230769230768
https://www.redfin.com/MO/Saint-Louis/4716-Olive-St-63108/home/93709331,3,Central,216,761,3.9272727272727272,13.836363636363636
https://www.redfin.com/MO/Saint-Louis/5447-Robert-Ave-63109/home/93775961,1,South,197,781,3.7884615384615383,15.019230769230768
https://www.redfin.com/MO/Saint-Louis/6107-Alabama-Ave-63111/home/93709179,1,South,197,781,3.7884615384615383,15.019230769230768
https://www.redfin.com/MO/Saint-Louis/2918-Wisconsin-Ave-63118/home/93698939,2,South,118,726,2.681818181818182,16.5
https://www.redfin.com/MO/Saint-Louis/7132-Vermont-Ave-63111/home/93710409,1,South,197,781,3.7884615384615383,15.019230769230768
https://www.redfin.com/MO/Saint-Louis/6634-Elmer-Ave-63109/home/79108391,1,South,197,781,3.7884615384615383,15.019230769230768
https://www.redfin.com/MO/Saint-Louis/6415-Blow-St-63109/home/93774279,1,South,197,781,3.7884615384615383,15.019230769230768
https://www.redfin.com/MO/Saint-Louis/2706-Alhambra-Ct-63118/home/93692269,3,Central,216,761,3.9272727272727272,13.836363636363636
https://www.redfin.com/MO/Saint-Louis/5139-Goethe-Ave-63109/home/93769443,1,South,197,781,3.7884615384615383,15.019230769230768
https://www.redfin.com/MO/Saint-Louis/4410-Wallace-St-63116/home/93763769,1,South,197,781,3.7884615384615383,15.019230769230768
https://www.redfin.com/MO/Saint-Louis/4153-Loughborough-Ave-63116/home/93778163,1,South,197,781,3.7884615384615383,15.019230769230768
https://www.redfin.com/MO/Saint-Louis/4817-Goethe-Ave-63116/home/93763405,1,South,197,781,3.7884615384615383,15.019230769230768
https://www.redfin.com/MO/Saint-Louis/3231-Ohio-Ave-63118/home/93694183,2,South,118,726,2.681818181818182,16.5
https://www.redfin.com/MO/Saint-Louis/4455-Oakland-Ave-63110/home/93750910,3,Central,216,761,3.9272727272727272,13.836363636363636
https://www.redfin.com/MO/Saint-Louis/5725-Westminster-Pl-63112/home/93767242,3,Central,216,761,3.9272727272727272,13.836363636363636
https://www.redfin.com/MO/Saint-Louis/5344-Lansdowne-Ave-63109/home/62733865,1,South,197,781,3.7884615384615383,15.019230769230768
https://www.redfin.com/MO/Saint-Louis/4918-Wise-Ave-63110/home/93726654,3,Central,216,761,3.9272727272727272,13.836363636363636
https://www.redfin.com/MO/Saint-Louis/3409-Macklind-Ave-63139/home/93742744,1,South,197,781,3.7884615384615383,15.019230769230768
https://www.redfin.com/MO/Saint-Louis/5433-Donovan-Ave-63109/home/93782781,1,South,197,781,3.7884615384615383,15.019230769230768
https://www.redfin.com/MO/Saint-Louis/7109-Canterbury-Ave-63143/home/93745012,3,Central,216,761,3.9272727272727272,13.836363636363636
https://www.redfin.com/MO/Saint-Louis/4521-Gibson-Ave-63110/home/93750278,3,Central,216,761,3.9272727272727272,13.836363636363636
https://www.redfin.com/MO/Saint-Louis/5662-Tholozan-Ave-63109/home/93781656,1,South,197,781,3.7884615384615383,15.019230769230768
https://www.redfin.com/MO/Saint-Louis/3525-Hartford-St-63118/home/93692682,3,Central,216,761,3.9272727272727272,13.836363636363636
https://www.redfin.com/MO/Saint-Louis/4934-Walsh-St-63109/home/93767177,1,South,197,781,3.7884615384615383,15.019230769230768
https://www.redfin.com/MO/Saint-Louis/3143-Lavender-Ln-63139/home/62740402,3,Central,216,761,3.9272727272727272,13.836363636363636
https://www.redfin.com/MO/Saint-Louis/4224-McRee-Ave-63110/home/93683808,3,Central,216,761,3.9272727272727272,13.836363636363636
https://www.redfin.com/MO/Saint-Louis/923-Withnell-Ave-63118/home/93699695,2,South,118,726,2.681818181818182,16.5
https://www.redfin.com/MO/Saint-Louis/6331-Saloma-Ave-63136/home/93778231,5,North,287,878,5.857142857142857,17.918367346938773
https://www.redfin.com/MO/Saint-Louis/5608-Holly-Hills-Ave-63109/home/93777486,1,South,197,781,3.7884615384615383,15.019230769230768
https://www.redfin.com/MO/Saint-Louis/6228-Marquette-Ave-63139/home/93775406,1,South,197,781,3.7884615384615383,15.019230769230768
https://www.redfin.com/MO/Saint-Louis/3241-California-Ave-63118/home/93693823,2,South,118,726,2.681818181818182,16.5
https://www.redfin.com/MO/Saint-Louis/5612-Rosa-Ave-63109/home/66028777,1,South,197,781,3.7884615384615383,15.019230769230768
https://www.redfin.com/MO/Saint-Louis/5521-Murdoch-Ave-63109/home/93753279,1,South,197,781,3.7884615384615383,15.019230769230768
https://www.redfin.com/MO/Saint-Louis/6518-Odell-St-63139/home/93741808,3,Central,216,761,3.9272727272727272,13.836363636363636
https://www.redfin.com/MO/Saint-Louis/3138-Clifton-Ave-63139/home/93775742,3,Central,216,761,3.9272727272727272,13.836363636363636
https://www.redfin.com/MO/Saint-Louis/2119-Chippewa-St-63118/home/93696678,2,South,118,726,2.681818181818182,16.5
https://www.redfin.com/MO/Saint-Louis/5521-Itaska-St-63109/home/93765274,1,South,197,781,3.7884615384615383,15.019230769230768
https://www.redfin.com/MO/Saint-Louis/1178-Riverview-Blvd-63147/home/93760573,5,North,287,878,5.857142857142857,17.918367346938773
https://www.redfin.com/MO/Saint-Louis/6565-Winnebago-St-63109/home/93775081,1,South,197,781,3.7884615384615383,15.019230769230768
https://www.redfin.com/MO/Saint-Louis/2628-Indiana-Ave-63118/home/93697767,4,Central,349,1016,6.017241379310345,17.517241379310345
https://www.redfin.com/MO/Saint-Louis/6539-Bancroft-Ave-63109/home/93775552,1,South,197,781,3.7884615384615383,15.019230769230768
https://www.redfin.com/MO/Saint-Louis/3949-Flad-Ave-63110/home/93746633,3,Central,216,761,3.9272727272727272,13.836363636363636
https://www.redfin.com/MO/Saint-Louis/5208-Murdoch-Ave-63109/home/62734760,1,South,197,781,3.7884615384615383,15.019230769230768
https://www.redfin.com/MO/Saint-Louis/4948-Tyrolean-Ave-63109/home/93764360,1,South,197,781,3.7884615384615383,15.019230769230768
https://www.redfin.com/MO/Saint-Louis/3920-De-Tonty-St-63110/home/93756966,3,Central,216,761,3.9272727272727272,13.836363636363636
https://www.redfin.com/MO/Saint-Louis/6136-Victoria-Ave-63139/home/62731294,3,Central,216,761,3.9272727272727272,13.836363636363636
https://www.redfin.com/MO/Saint-Louis/1624-Forest-Ave-63139/home/93741384,3,Central,216,761,3.9272727272727272,13.836363636363636
https://www.redfin.com/MO/Saint-Louis/6242-Marmaduke-Ave-63139/home/93767674,3,Central,216,761,3.9272727272727272,13.836363636363636
https://www.redfin.com/MO/Saint-Louis/4436-Miami-St-63116/home/93756344,1,South,197,781,3.7884615384615383,15.019230769230768
https://www.redfin.com/MO/Saint-Louis/3254-Jasper-Park-63139/home/93742796,3,Central,216,761,3.9272727272727272,13.836363636363636
https://www.redfin.com/MO/Saint-Louis/2922-Virginia-Ave-63118/home/93692639,3,Central,216,761,3.9272727272727272,13.836363636363636
https://www.redfin.com/MO/Saint-Louis/2846-Accomac-St-63104/home/62738663,4,Central,349,1016,6.017241379310345,17.517241379310345
https://www.redfin.com/MO/Saint-Louis/3979-Burgen-Ave-63116/home/93771888,1,South,197,781,3.7884615384615383,15.019230769230768
https://www.redfin.com/MO/Saint-Louis/6531-Hoffman-Ave-63139/home/93741766,3,Central,216,761,3.9272727272727272,13.836363636363636
https://www.redfin.com/MO/Saint-Louis/6036-Hartford-St-63139/home/93775720,3,Central,216,761,3.9272727272727272,13.836363636363636
https://www.redfin.com/MO/Saint-Louis/2402-S-10th-St-63104/home/93785923,4,Central,349,1016,6.017241379310345,17.517241379310345
https://www.redfin.com/MO/Saint-Louis/4438-Neosho-St-63116/home/93763600,1,South,197,781,3.7884615384615383,15.019230769230768
https://www.redfin.com/MO/Saint-Louis/3470-Regal-Pl-63139/home/93780843,1,South,197,781,3.7884615384615383,15.019230769230768
https://www.redfin.com/MO/Saint-Louis/6034-Childress-Ave-63109/home/79079011,1,South,197,781,3.7884615384615383,15.019230769230768
https://www.redfin.com/MO/Saint-Louis/4928-Walsh-St-63109/home/93767178,1,South,197,781,3.7884615384615383,15.019230769230768
https://www.redfin.com/MO/Saint-Louis/5729-Finkman-St-63109/home/93777510,1,South,197,781,3.7884615384615383,15.019230769230768
https://www.redfin.com/MO/Saint-Louis/4932-Bonita-Ave-63109/home/93764432,1,South,197,781,3.7884615384615383,15.019230769230768
https://www.redfin.com/MO/Saint-Louis/1364-Kraft-St-63139/home/93750147,3,Central,216,761,3.9272727272727272,13.836363636363636
https://www.redfin.com/MO/Saint-Louis/7132-Lindenwood-Pl-63109/home/93748031,1,South,197,781,3.7884615384615383,15.019230769230768
https://www.redfin.com/MO/Saint-Louis/6410-Wade-Ave-63139/home/93740728,3,Central,216,761,3.9272727272727272,13.836363636363636
https://www.redfin.com/MO/Saint-Louis/6542-Lindenwood-Pl-63109/home/62733118,1,South,197,781,3.7884615384615383,15.019230769230768
https://www.redfin.com/MO/Saint-Louis/5461-Alabama-Ave-63111/home/93708507,1,South,197,781,3.7884615384615383,15.019230769230768
https://www.redfin.com/MO/Saint-Louis/3918-Wyoming-St-63116/home/93729571,1,South,197,781,3.7884615384615383,15.019230769230768
https://www.redfin.com/MO/Saint-Louis/5705-Lisette-Ave-63109/home/93776704,1,South,197,781,3.7884615384615383,15.019230769230768
https://www.redfin.com/MO/Saint-Louis/1123-Graham-St-63139/home/93707578,3,Central,216,761,3.9272727272727272,13.836363636363636
https://www.redfin.com/MO/Saint-Louis/6717-Bradley-Ave-63139/home/93741900,3,Central,216,761,3.9272727272727272,13.836363636363636
https://www.redfin.com/MO/Saint-Louis/2104-Robert-Ruggeri-Pl-63110/home/173620203,3,Central,216,761,3.9272727272727272,13.836363636363636
https://www.redfin.com/MO/Saint-Louis/6112-Wanda-Ave-63116/home/93779253,1,South,197,781,3.7884615384615383,15.019230769230768
https://www.redfin.com/MO/Saint-Louis/5238-Alabama-Ave-63111/home/93707946,1,South,197,781,3.7884615384615383,15.019230769230768
https://www.redfin.com/MO/Saint-Louis/2630-Arkansas-Ave-63118/home/93692337,3,Central,216,761,3.9272727272727272,13.836363636363636
https://www.redfin.com/MO/Saint-Louis/4609-Milentz-Ave-63116/home/93756669,1,South,197,781,3.7884615384615383,15.019230769230768
https://www.redfin.com/MO/Saint-Louis/6223-W-Park-Ave-63139/home/93726398,3,Central,216,761,3.9272727272727272,13.836363636363636
https://www.redfin.com/MO/Saint-Louis/6205-Odell-St-63139/home/93767678,3,Central,216,761,3.9272727272727272,13.836363636363636
https://www.redfin.com/MO/Saint-Louis/4919-Tyrolean-Ave-63109/home/93764507,1,South,197,781,3.7884615384615383,15.019230769230768
https://www.redfin.com/MO/Saint-Louis/6160-Crescent-Ave-63139/home/93707370,3,Central,216,761,3.9272727272727272,13.836363636363636
https://www.redfin.com/MO/Saint-Louis/1470-Sproule-Ave-63139/home/62760323,3,Central,216,761,3.9272727272727272,13.836363636363636
https://www.redfin.com/MO/Saint-Louis/7313-Yates-St-63116/home/93784726,1,South,197,781,3.7884615384615383,15.019230769230768
https://www.redfin.com/MO/Saint-Louis/6442-Hoffman-Ave-63139/home/93741755,3,Central,216,761,3.9272727272727272,13.836363636363636
https://www.redfin.com/MO/Saint-Louis/5348-Gilson-Ave-63116/home/93761572,1,South,197,781,3.7884615384615383,15.019230769230768
https://www.redfin.com/MO/Saint-Louis/3229-Childress-Ave-63139/home/93776361,3,Central,216,761,3.9272727272727272,13.836363636363636
https://www.redfin.com/MO/Saint-Louis/4611-Quincy-St-63116/home/93742154,1,South,197,781,3.7884615384615383,15.019230769230768
https://www.redfin.com/MO/Saint-Louis/5614-S-Compton-Ave-63111/home/93708724,1,South,197,781,3.7884615384615383,15.019230769230768
https://www.redfin.com/MO/Saint-Louis/3216-Jasper-Park-63139/home/62731040,3,Central,216,761,3.9272727272727272,13.836363636363636
https://www.redfin.com/MO/Saint-Louis/5510-Botanical-Ave-63110/home/93727094,3,Central,216,761,3.9272727272727272,13.836363636363636
https://www.redfin.com/MO/Saint-Louis/3118-Magnolia-Ave-63118/home/85689546,3,Central,216,761,3.9272727272727272,13.836363636363636
https://www.redfin.com/MO/Saint-Louis/4005-McDonald-Ave-63116/home/93729301,1,South,197,781,3.7884615384615383,15.019230769230768
https://www.redfin.com/MO/Saint-Louis/2262-Blendon-Pl-63143/home/62731941,3,Central,216,761,3.9272727272727272,13.836363636363636
https://www.redfin.com/MO/Saint-Louis/2724-McNair-Ave-63118/home/62761029,4,Central,349,1016,6.017241379310345,17.517241379310345
https://www.redfin.com/MO/Saint-Louis/4337-Wyoming-St-63116/home/93751386,3,Central,216,761,3.9272727272727272,13.836363636363636
https://www.redfin.com/MO/Saint-Louis/1519-Sanford-Ave-63139/home/93740917,3,Central,216,761,3.9272727272727272,13.836363636363636
https://www.redfin.com/MO/Saint-Louis/2617-Alfred-Ave-63110/home/93728283,3,Central,216,761,3.9272727272727272,13.836363636363636
https://www.redfin.com/MO/Saint-Louis/3647-S-Compton-Ave-63118/home/93695674,1,South,197,781,3.7884615384615383,15.019230769230768
https://www.redfin.com/MO/Saint-Louis/4049-Humphrey-St-63116/home/93729530,1,South,197,781,3.7884615384615383,15.019230769230768
https://www.redfin.com/MO/Saint-Louis/3317-Indiana-Ave-63118/home/109912645,2,South,118,726,2.681818181818182,16.5
https://www.redfin.com/MO/Saint-Louis/5563-Devonshire-Ave-63109/home/93753020,1,South,197,781,3.7884615384615383,15.019230769230768
https://www.redfin.com/MO/Saint-Louis/5041-Rosa-Ave-63109/home/93765459,1,South,197,781,3.7884615384615383,15.019230769230768
https://www.redfin.com/MO/Saint-Louis/2307-Sidney-St-63104/home/93691420,4,Central,349,1016,6.017241379310345,17.517241379310345
https://www.redfin.com/MO/Saint-Louis/6111-Idaho-Ave-63111/home/93709409,1,South,197,781,3.7884615384615383,15.019230769230768
https://www.redfin.com/MO/Saint-Louis/5311-Blow-St-63109/home/93758342,1,South,197,781,3.7884615384615383,15.019230769230768
https://www.redfin.com/MO/Saint-Louis/1457-Sproule-Ave-63139/home/62757847,3,Central,216,761,3.9272727272727272,13.836363636363636
https://www.redfin.com/MO/Saint-Louis/6554-Mitchell-Ter-63139/home/93741165,3,Central,216,761,3.9272727272727272,13.836363636363636
https://www.redfin.com/MO/Saint-Louis/5610-Leona-St-63116/home/93771861,1,South,197,781,3.7884615384615383,15.019230769230768
https://www.redfin.com/MO/Saint-Louis/4215-Flad-Ave-63110/home/93746819,3,Central,216,761,3.9272727272727272,13.836363636363636
https://www.redfin.com/MO/Saint-Louis/4126-Bates-St-63116/home/90713278,1,South,197,781,3.7884615384615383,15.019230769230768
https://www.redfin.com/MO/Saint-Louis/5308-Quincy-St-63109/home/93758213,1,South,197,781,3.7884615384615383,15.019230769230768
https://www.redfin.com/MO/Saint-Louis/4435-Miami-St-63116/home/62766805,1,South,197,781,3.7884615384615383,15.019230769230768
https://www.redfin.com/MO/Saint-Louis/5421-Odell-St-63139/home/93727360,3,Central,216,761,3.9272727272727272,13.836363636363636
https://www.redfin.com/MO/Saint-Louis/4253-Neosho-St-63116/home/93772454,1,South,197,781,3.7884615384615383,15.019230769230768
https://www.redfin.com/MO/Saint-Louis/2146-Esther-Ave-63139/home/93761453,3,Central,216,761,3.9272727272727272,13.836363636363636
https://www.redfin.com/MO/Saint-Louis/4056-Quincy-St-63116/home/93777645,1,South,197,781,3.7884615384615383,15.019230769230768
https://www.redfin.com/MO/Saint-Louis/4753-Goethe-Ave-63116/home/85615048,1,South,197,781,3.7884615384615383,15.019230769230768
https://www.redfin.com/MO/Saint-Louis/3855-Bingham-Ave-63116/home/93780441,1,South,197,781,3.7884615384615383,15.019230769230768
https://www.redfin.com/MO/Saint-Louis/1115-Childress-Ave-63139/home/93782134,3,Central,216,761,3.9272727272727272,13.836363636363636
https://www.redfin.com/MO/Saint-Louis/4148-Federer-St-63116/home/79030504,1,South,197,781,3.7884615384615383,15.019230769230768
https://www.redfin.com/MO/Saint-Louis/6418-Oleatha-Ave-63139/home/93775319,1,South,197,781,3.7884615384615383,15.019230769230768
https://www.redfin.com/MO/Saint-Louis/4035-Fairview-Ave-63116/home/93729082,1,South,197,781,3.7884615384615383,15.019230769230768
https://www.redfin.com/MO/Saint-Louis/4449-Shaw-Blvd-63110/home/62692063,3,Central,216,761,3.9272727272727272,13.836363636363636
https://www.redfin.com/MO/Saint-Louis/5444-Eichelberger-St-63109/home/93775620,1,South,197,781,3.7884615384615383,15.019230769230768
https://www.redfin.com/MO/Saint-Louis/7309-Esplanade-St-63143/home/93751272,3,Central,216,761,3.9272727272727272,13.836363636363636
https://www.redfin.com/MO/Saint-Louis/6734-Plainview-Ave-63109/home/93779508,1,South,197,781,3.7884615384615383,15.019230769230768
https://www.redfin.com/MO/Saint-Louis/6515-Devonshire-Ave-63109/home/93779039,1,South,197,781,3.7884615384615383,15.019230769230768
https://www.redfin.com/MO/Saint-Louis/2354-Louisiana-Ave-63104/home/93692058,3,Central,216,761,3.9272727272727272,13.836363636363636
https://www.redfin.com/MO/Saint-Louis/5241-Lindenwood-Ave-63109/home/93781788,1,South,197,781,3.7884615384615383,15.019230769230768
https://www.redfin.com/MO/Saint-Louis/6100-Garesche-Ave-63136/home/93745631,5,North,287,878,5.857142857142857,17.918367346938773
https://www.redfin.com/MO/Saint-Louis/2026-Allen-Ave-63104/home/93690474,4,Central,349,1016,6.017241379310345,17.517241379310345
https://www.redfin.com/MO/Saint-Louis/4009-Delor-St-63116/home/93750360,1,South,197,781,3.7884615384615383,15.019230769230768
https://www.redfin.com/MO/Saint-Louis/2853-S-18th-St-63118/home/93691520,2,South,118,726,2.681818181818182,16.5
https://www.redfin.com/MO/Saint-Louis/5578-Lindenwood-Ave-63109/home/93782853,1,South,197,781,3.7884615384615383,15.019230769230768
https://www.redfin.com/MO/Saint-Louis/2625-Arkansas-Ave-63118/home/93692258,3,Central,216,761,3.9272727272727272,13.836363636363636
https://www.redfin.com/MO/Saint-Louis/2336-Esther-Ave-63139/home/62764755,3,Central,216,761,3.9272727272727272,13.836363636363636
https://www.redfin.com/MO/St-Louis/2650-Pennsylvania-Ave-63118/home/62737617,3,Central,216,761,3.9272727272727272,13.836363636363636
https://www.redfin.com/MO/Saint-Louis/1310-Mackay-Pl-63104/home/93680153,4,Central,349,1016,6.017241379310345,17.517241379310345
https://www.redfin.com/MO/Saint-Louis/6309-Marquette-Ave-63139/home/80167785,1,South,197,781,3.7884615384615383,15.019230769230768
https://www.redfin.com/MO/Saint-Louis/6031-Lansdowne-Ave-63109/home/93782411,1,South,197,781,3.7884615384615383,15.019230769230768
https://www.redfin.com/MO/Saint-Louis/3449-Utah-St-63118/home/93693058,1,South,197,781,3.7884615384615383,15.019230769230768
https://www.redfin.com/MO/Saint-Louis/3401-Halliday-Ave-63118/home/93692499,3,Central,216,761,3.9272727272727272,13.836363636363636
https://www.redfin.com/MO/Saint-Louis/6941-Hillsland-Ave-63109/home/93781330,1,South,197,781,3.7884615384615383,15.019230769230768
https://www.redfin.com/MO/Saint-Louis/3436-Tedmar-Ave-63139/home/93742311,1,South,197,781,3.7884615384615383,15.019230769230768
https://www.redfin.com/MO/Saint-Louis/4711-Ray-Ave-63116/home/93768312,1,South,197,781,3.7884615384615383,15.019230769230768
https://www.redfin.com/MO/Saint-Louis/6437-Brockschmidt-Pl-63139/home/93740845,3,Central,216,761,3.9272727272727272,13.836363636363636
https://www.redfin.com/MO/Saint-Louis/6017-Juniata-St-63139/home/93775760,3,Central,216,761,3.9272727272727272,13.836363636363636
https://www.redfin.com/MO/Saint-Louis/5410-Lindenwood-Ave-63109/home/93782849,1,South,197,781,3.7884615384615383,15.019230769230768
https://www.redfin.com/MO/Saint-Louis/5919-Scanlan-Ave-63139/home/93775807,3,Central,216,761,3.9272727272727272,13.836363636363636
https://www.redfin.com/MO/Saint-Louis/6409-Myrlette-Ct-63116/home/93783504,1,South,197,781,3.7884615384615383,15.019230769230768
https://www.redfin.com/MO/Saint-Louis/1518-Graham-St-63139/home/93761908,3,Central,216,761,3.9272727272727272,13.836363636363636
https://www.redfin.com/MO/Saint-Louis/4509-Holly-Hills-Ave-63116/home/93756699,1,South,197,781,3.7884615384615383,15.019230769230768
https://www.redfin.com/MO/Saint-Louis/8-Lawn-Pl-63110/home/93765846,3,Central,216,761,3.9272727272727272,13.836363636363636
https://www.redfin.com/MO/Saint-Louis/5416-Neosho-St-63109/home/93765137,1,South,197,781,3.7884615384615383,15.019230769230768
https://www.redfin.com/MO/Saint-Louis/2842-Knox-Ct-63139/home/93773963,3,Central,216,761,3.9272727272727272,13.836363636363636
https://www.redfin.com/MO/Saint-Louis/4567-Arco-Ave-63110/home/93749294,3,Central,216,761,3.9272727272727272,13.836363636363636
https://www.redfin.com/MO/Saint-Louis/6304-Wyoming-St-63139/home/93775921,3,Central,216,761,3.9272727272727272,13.836363636363636
https://www.redfin.com/MO/Saint-Louis/2126-Franz-Park-Ln-63139/home/62752480,3,Central,216,761,3.9272727272727272,13.836363636363636
https://www.redfin.com/MO/Saint-Louis/5347-Tholozan-Ave-63109/home/93781812,1,South,197,781,3.7884615384615383,15.019230769230768
https://www.redfin.com/MO/Saint-Louis/4338-Oregon-Ave-63111/home/93705798,1,South,197,781,3.7884615384615383,15.019230769230768
https://www.redfin.com/MO/Saint-Louis/6413-Lloyd-Ave-63139/home/93740887,3,Central,216,761,3.9272727272727272,13.836363636363636
https://www.redfin.com/MO/Saint-Louis/5742-Lansdowne-Ave-63109/home/93753030,1,South,197,781,3.7884615384615383,15.019230769230768
https://www.redfin.com/MO/Saint-Louis/6424-Bradley-Ave-63139/home/93742097,3,Central,216,761,3.9272727272727272,13.836363636363636
https://www.redfin.com/MO/Saint-Louis/8464-Edna-St-63147/home/93731349,5,North,287,878,5.857142857142857,17.918367346938773
https://www.redfin.com/MO/Saint-Louis/5346-Tholozan-Ave-63109/home/62699125,1,South,197,781,3.7884615384615383,15.019230769230768
https://www.redfin.com/MO/Saint-Louis/5927-W-Park-Ave-63110/home/93672322,3,Central,216,761,3.9272727272727272,13.836363636363636
https://www.redfin.com/MO/Saint-Louis/1220-Mackay-Pl-63104/home/93701240,4,Central,349,1016,6.017241379310345,17.517241379310345
https://www.redfin.com/MO/Saint-Louis/3326-Humphrey-St-63118/home/93693023,1,South,197,781,3.7884615384615383,15.019230769230768
https://www.redfin.com/MO/Saint-Louis/6610-Alabama-Ave-63111/home/93709856,1,South,197,781,3.7884615384615383,15.019230769230768
https://www.redfin.com/MO/Saint-Louis/5435-Christy-Ave-63116/home/93757974,1,South,197,781,3.7884615384615383,15.019230769230768
https://www.redfin.com/MO/Saint-Louis/5604-Itaska-St-63109/home/68486186,1,South,197,781,3.7884615384615383,15.019230769230768
https://www.redfin.com/MO/Saint-Louis/4426-Beethoven-Ave-63116/home/93764615,1,South,197,781,3.7884615384615383,15.019230769230768
https://www.redfin.com/MO/Saint-Louis/5610-Winona-Ave-63109/home/93781633,1,South,197,781,3.7884615384615383,15.019230769230768
https://www.redfin.com/MO/Saint-Louis/3954-Russell-Blvd-63110/home/93747570,3,Central,216,761,3.9272727272727272,13.836363636363636
https://www.redfin.com/MO/Saint-Louis/6119-Archwood-Ln-63123/home/93783414,1,South,197,781,3.7884615384615383,15.019230769230768
https://www.redfin.com/MO/Saint-Louis/4439-Grace-Ave-63116/home/93706398,1,South,197,781,3.7884615384615383,15.019230769230768
https://www.redfin.com/MO/Saint-Louis/7113-Coronado-Ave-63116/home/93784075,1,South,197,781,3.7884615384615383,15.019230769230768
https://www.redfin.com/MO/Saint-Louis/5722-Murdoch-Ave-63109/home/93753518,1,South,197,781,3.7884615384615383,15.019230769230768
https://www.redfin.com/MO/Saint-Louis/2921-Virginia-Ave-63118/home/69299980,3,Central,216,761,3.9272727272727272,13.836363636363636
https://www.redfin.com/MO/Saint-Louis/3974-Wyoming-St-63116/home/62743551,1,South,197,781,3.7884615384615383,15.019230769230768
https://www.redfin.com/MO/Saint-Louis/6924-Bancroft-Ave-63109/home/93774172,1,South,197,781,3.7884615384615383,15.019230769230768
https://www.redfin.com/MO/Saint-Louis/6416-Pernod-Ave-63139/home/62758642,1,South,197,781,3.7884615384615383,15.019230769230768
https://www.redfin.com/MO/Saint-Louis/4015-Magnolia-Pl-63110/home/93746706,3,Central,216,761,3.9272727272727272,13.836363636363636
https://www.redfin.com/MO/Saint-Louis/4343-Hunt-Ave-63110/home/93726066,3,Central,216,761,3.9272727272727272,13.836363636363636
https://www.redfin.com/MO/Saint-Louis/4237-Wyoming-St-63116/home/62719110,3,Central,216,761,3.9272727272727272,13.836363636363636
https://www.redfin.com/MO/Saint-Louis/3319-Magnolia-Ave-63118/home/93692206,3,Central,216,761,3.9272727272727272,13.836363636363636
https://www.redfin.com/MO/Saint-Louis/3915-Prather-Ave-63109/home/93769759,1,South,197,781,3.7884615384615383,15.019230769230768
https://www.redfin.com/MO/Saint-Louis/6639-Arsenal-St-63139/home/93741806,3,Central,216,761,3.9272727272727272,13.836363636363636
https://www.redfin.com/MO/Saint-Louis/6221-Hancock-Ave-63139/home/62694290,3,Central,216,761,3.9272727272727272,13.836363636363636
https://www.redfin.com/MO/Saint-Louis/5989-N-Cuba-Ct-63139/home/93775577,3,Central,216,761,3.9272727272727272,13.836363636363636
https://www.redfin.com/MO/Saint-Louis/4467-Wilcox-Ave-63116/home/93764994,1,South,197,781,3.7884615384615383,15.019230769230768
https://www.redfin.com/MO/Saint-Louis/2316-Sulphur-Ave-63139/home/93741631,3,Central,216,761,3.9272727272727272,13.836363636363636
https://www.redfin.com/MO/Saint-Louis/3532-Arsenal-St-63118/home/93692738,3,Central,216,761,3.9272727272727272,13.836363636363636
https://www.redfin.com/MO/Saint-Louis/3959-Keokuk-St-63116/home/93730133,1,South,197,781,3.7884615384615383,15.019230769230768
https://www.redfin.com/MO/Saint-Louis/4417-Itaska-St-63116/home/62734963,1,South,197,781,3.7884615384615383,15.019230769230768
https://www.redfin.com/MO/Saint-Louis/6652-Hancock-Ave-63139/home/93748816,3,Central,216,761,3.9272727272727272,13.836363636363636
https://www.redfin.com/MO/Saint-Louis/5548-Shaw-Ave-63110/home/93726989,3,Central,216,761,3.9272727272727272,13.836363636363636
https://www.redfin.com/MO/Saint-Louis/4044-Walsh-St-63116/home/93757560,1,South,197,781,3.7884615384615383,15.019230769230768
https://www.redfin.com/MO/Saint-Louis/2330-S-9th-St-63104/home/93686174,4,Central,349,1016,6.017241379310345,17.517241379310345
https://www.redfin.com/MO/Saint-Louis/3315-Lemp-Ave-63118/home/93694079,2,South,118,726,2.681818181818182,16.5
https://www.redfin.com/MO/Saint-Louis/5904-Crane-Cir-63109/home/93783991,1,South,197,781,3.7884615384615383,15.019230769230768
https://www.redfin.com/MO/Saint-Louis/2133-Allen-Ave-63104/home/93690619,4,Central,349,1016,6.017241379310345,17.517241379310345
https://www.redfin.com/MO/Saint-Louis/3932-Botanical-Ave-63110/home/93746151,3,Central,216,761,3.9272727272727272,13.836363636363636
https://www.redfin.com/MO/Saint-Louis/2808-Russell-Blvd-63104/home/93690787,4,Central,349,1016,6.017241379310345,17.517241379310345
https://www.redfin.com/MO/Saint-Louis/2805-Wyoming-St-63118/home/93677487,2,South,118,726,2.681818181818182,16.5
https://www.redfin.com/MO/Saint-Louis/5235-Oleatha-Ave-63139/home/93777466,1,South,197,781,3.7884615384615383,15.019230769230768
https://www.redfin.com/MO/Saint-Louis/4368-Evans-Ave-63113/home/93718950,3,Central,216,761,3.9272727272727272,13.836363636363636
https://www.redfin.com/MO/Saint-Louis/1301-Kentucky-Ave-63110/home/93726594,3,Central,216,761,3.9272727272727272,13.836363636363636
https://www.redfin.com/MO/Saint-Louis/2024-Blendon-Pl-63143/home/93744126,3,Central,216,761,3.9272727272727272,13.836363636363636
https://www.redfin.com/MO/Saint-Louis/3216-Henrietta-St-63104/home/146873629,3,Central,216,761,3.9272727272727272,13.836363636363636
https://www.redfin.com/MO/Saint-Louis/3808-Wyoming-St-63116/home/62699741,1,South,197,781,3.7884615384615383,15.019230769230768
https://www.redfin.com/MO/Saint-Louis/2870-Texas-Ave-63118/home/62695693,4,Central,349,1016,6.017241379310345,17.517241379310345
https://www.redfin.com/MO/Saint-Louis/2842-Victor-St-63104/home/93699882,4,Central,349,1016,6.017241379310345,17.517241379310345
https://www.redfin.com/MO/Saint-Louis/2419-S-12th-St-63104/home/93686776,4,Central,349,1016,6.017241379310345,17.517241379310345
https://www.redfin.com/MO/Saint-Louis/6149-Marwinette-Ave-63116/home/62745727,1,South,197,781,3.7884615384615383,15.019230769230768
https://www.redfin.com/MO/Saint-Louis/3936-McRee-Ave-63110/home/93674086,3,Central,216,761,3.9272727272727272,13.836363636363636
https://www.redfin.com/MO/Saint-Louis/2820-Accomac-St-63104/home/93691155,4,Central,349,1016,6.017241379310345,17.517241379310345
https://www.redfin.com/MO/Saint-Louis/1721-Carroll-St-63104/home/93689729,4,Central,349,1016,6.017241379310345,17.517241379310345
https://www.redfin.com/MO/St-Louis/3946-Juniata-St-63116/home/200782915,3,Central,216,761,3.9272727272727272,13.836363636363636
https://www.redfin.com/MO/Saint-Louis/5755-Waterman-Blvd-63112/home/93762695,3,Central,216,761,3.9272727272727272,13.836363636363636
https://www.redfin.com/MO/Saint-Louis/5817-Dressell-Ave-63120/home/93768482,5,North,287,878,5.857142857142857,17.918367346938773
https://www.redfin.com/MO/Saint-Louis/4120-Olive-St-63108/home/62747260,3,Central,216,761,3.9272727272727272,13.836363636363636
https://www.redfin.com/MO/Saint-Louis/3712-S-Jefferson-Ave-63118/home/93680198,2,South,118,726,2.681818181818182,16.5
https://www.redfin.com/MO/Saint-Louis/1913-Hickory-St-63104/home/62723713,4,Central,349,1016,6.017241379310345,17.517241379310345
https://www.redfin.com/MO/Saint-Louis/1206-Lynch-St-63118/home/177026261,4,Central,349,1016,6.017241379310345,17.517241379310345
https://www.redfin.com/MO/Saint-Louis/5647-Chamberlain-Ave-63112/home/93722403,3,Central,216,761,3.9272727272727272,13.836363636363636
https://www.redfin.com/MO/Saint-Louis/2623-S-11th-St-63118/home/93684435,4,Central,349,1016,6.017241379310345,17.517241379310345
https://www.redfin.com/MO/Saint-Louis/3935-McCausland-Ave-63109/home/92586581,1,South,197,781,3.7884615384615383,15.019230769230768
https://www.redfin.com/MO/Saint-Louis/6145-Colorado-Ave-63111/home/103204458,1,South,197,781,3.7884615384615383,15.019230769230768
https://www.redfin.com/MO/Saint-Louis/2648-California-Ave-63118/home/93699469,4,Central,349,1016,6.017241379310345,17.517241379310345
https://www.redfin.com/MO/Saint-Louis/3872-Humphrey-St-63116/home/93728445,1,South,197,781,3.7884615384615383,15.019230769230768
https://www.redfin.com/MO/Saint-Louis/3181-Portis-Ave-63116/home/62766309,3,Central,216,761,3.9272727272727272,13.836363636363636
https://www.redfin.com/MO/Saint-Louis/6522-Parkwood-Pl-63116/home/93771928,1,South,197,781,3.7884615384615383,15.019230769230768
https://www.redfin.com/MO/Saint-Louis/3204-Dakota-St-63111/home/82405546,1,South,197,781,3.7884615384615383,15.019230769230768
https://www.redfin.com/MO/Saint-Louis/3138-Lafayette-Ave-63104/home/93683664,3,Central,216,761,3.9272727272727272,13.836363636363636
https://www.redfin.com/MO/Saint-Louis/4131-Shenandoah-Ave-63110/home/93746480,3,Central,216,761,3.9272727272727272,13.836363636363636
https://www.redfin.com/MO/Saint-Louis/3547-Nebraska-Ave-63118/home/93694802,1,South,197,781,3.7884615384615383,15.019230769230768
https://www.redfin.com/MO/Saint-Louis/2842-Shenandoah-Ave-63104/home/93699596,4,Central,349,1016,6.017241379310345,17.517241379310345
https://www.redfin.com/MO/Saint-Louis/1920-Senate-St-63118/home/93697297,4,Central,349,1016,6.017241379310345,17.517241379310345
https://www.redfin.com/MO/Saint-Louis/3824-Michigan-Ave-63118/home/93695996,1,South,197,781,3.7884615384615383,15.019230769230768
https://www.redfin.com/MO/Saint-Louis/3211-Ohio-Ave-63118/home/93694221,2,South,118,726,2.681818181818182,16.5
https://www.redfin.com/MO/Saint-Louis/3449-Tennessee-Ave-63118/home/62761889,1,South,197,781,3.7884615384615383,15.019230769230768
https://www.redfin.com/MO/Saint-Louis/3408-Hartford-St-63118/home/93692686,3,Central,216,761,3.9272727272727272,13.836363636363636
https://www.redfin.com/MO/Saint-Louis/5027-S-Grand-Blvd-63111/home/62773763,1,South,197,781,3.7884615384615383,15.019230769230768
https://www.redfin.com/MO/Saint-Louis/5368-Odell-St-63139/home/93727772,3,Central,216,761,3.9272727272727272,13.836363636363636
https://www.redfin.com/MO/Saint-Louis/4509-Idaho-Ave-63111/home/93706364,1,South,197,781,3.7884615384615383,15.019230769230768
https://www.redfin.com/MO/Saint-Louis/6568-Smiley-Ave-63139/home/93742277,3,Central,216,761,3.9272727272727272,13.836363636363636
https://www.redfin.com/MO/Saint-Louis/5745-De-Giverville-Ave-63112/home/93763218,3,Central,216,761,3.9272727272727272,13.836363636363636
https://www.redfin.com/MO/Saint-Louis/1208-S-13th-St-63104/home/109007751,4,Central,349,1016,6.017241379310345,17.517241379310345
https://www.redfin.com/MO/Saint-Louis/515-Loughborough-Ave-63111/home/62692890,1,South,197,781,3.7884615384615383,15.019230769230768
https://www.redfin.com/MO/Saint-Louis/5500-Lindenwood-Ave-63109/home/93782525,1,South,197,781,3.7884615384615383,15.019230769230768
https://www.redfin.com/MO/Saint-Louis/5327-Itaska-St-63109/home/93766997,1,South,197,781,3.7884615384615383,15.019230769230768
https://www.redfin.com/MO/Saint-Louis/3413-Oregon-Ave-63118/home/93694789,1,South,197,781,3.7884615384615383,15.019230769230768
https://www.redfin.com/MO/Saint-Louis/4169-McPherson-Ave-63108/home/93725348,3,Central,216,761,3.9272727272727272,13.836363636363636
https://www.redfin.com/MO/Saint-Louis/2748-Accomac-St-63104/home/93691194,4,Central,349,1016,6.017241379310345,17.517241379310345
https://www.redfin.com/MO/Saint-Louis/4211-Norfolk-Ave-63110/home/93725987,3,Central,216,761,3.9272727272727272,13.836363636363636
https://www.redfin.com/MO/Saint-Louis/6968-Lansdowne-Ave-63109/home/93774104,1,South,197,781,3.7884615384615383,15.019230769230768
https://www.redfin.com/MO/Saint-Louis/3215-Magnolia-Ave-63118/home/93691972,3,Central,216,761,3.9272727272727272,13.836363636363636
https://www.redfin.com/MO/Saint-Louis/1831-Victor-St-63104/home/93691288,4,Central,349,1016,6.017241379310345,17.517241379310345
https://www.redfin.com/MO/Saint-Louis/6054-Oleatha-Ave-63139/home/93775378,1,South,197,781,3.7884615384615383,15.019230769230768
https://www.redfin.com/MO/Saint-Louis/6210-Walsh-St-63109/home/93780258,1,South,197,781,3.7884615384615383,15.019230769230768
https://www.redfin.com/MO/Saint-Louis/3139-Ivanhoe-Ave-63139/home/93741919,3,Central,216,761,3.9272727272727272,13.836363636363636
https://www.redfin.com/MO/Saint-Louis/4627-Rosa-Ave-63116/home/93759006,1,South,197,781,3.7884615384615383,15.019230769230768
https://www.redfin.com/MO/Saint-Louis/3419-California-Ave-63118/home/93694324,1,South,197,781,3.7884615384615383,15.019230769230768
https://www.redfin.com/MO/Saint-Louis/4608-S-Grand-Blvd-63111/home/93706623,1,South,197,781,3.7884615384615383,15.019230769230768
https://www.redfin.com/MO/Saint-Louis/5784-McPherson-Ave-63112/home/143294155,3,Central,216,761,3.9272727272727272,13.836363636363636
https://www.redfin.com/MO/Saint-Louis/2911-Michigan-Ave-63118/home/93692558,3,Central,216,761,3.9272727272727272,13.836363636363636
https://www.redfin.com/MO/Saint-Louis/2010-Oregon-Ave-63104/home/93690058,4,Central,349,1016,6.017241379310345,17.517241379310345
https://www.redfin.com/MO/Saint-Louis/3434-Sidney-St-63104/home/93692319,3,Central,216,761,3.9272727272727272,13.836363636363636
https://www.redfin.com/MO/Saint-Louis/3285-Jasper-Park-63139/home/62762693,3,Central,216,761,3.9272727272727272,13.836363636363636
https://www.redfin.com/MO/Saint-Louis/919-Pendleton-Ave-63108/home/93739849,3,Central,216,761,3.9272727272727272,13.836363636363636
https://www.redfin.com/MO/Saint-Louis/3957-Shaw-Blvd-63110/home/109007223,3,Central,216,761,3.9272727272727272,13.836363636363636
https://www.redfin.com/MO/Saint-Louis/1111-Allen-Ave-63104/home/93672772,4,Central,349,1016,6.017241379310345,17.517241379310345
https://www.redfin.com/MO/Saint-Louis/4731-Holly-Hills-Ave-63116/home/93756713,1,South,197,781,3.7884615384615383,15.019230769230768
https://www.redfin.com/MO/Saint-Louis/6206-Victoria-Ave-63139/home/93726369,3,Central,216,761,3.9272727272727272,13.836363636363636
https://www.redfin.com/MO/Saint-Louis/3129-Maury-Ave-63116/home/93767069,3,Central,216,761,3.9272727272727272,13.836363636363636
https://www.redfin.com/MO/Saint-Louis/6953-Arthur-Ave-63139/home/93743537,3,Central,216,761,3.9272727272727272,13.836363636363636
https://www.redfin.com/MO/Saint-Louis/3125-Morganford-Rd-63116/home/93749581,3,Central,216,761,3.9272727272727272,13.836363636363636
https://www.redfin.com/MO/Saint-Louis/3324-Wyoming-St-63118/home/93693085,1,South,197,781,3.7884615384615383,15.019230769230768
https://www.redfin.com/MO/Saint-Louis/4046-Magnolia-Pl-63110/home/93746694,3,Central,216,761,3.9272727272727272,13.836363636363636
https://www.redfin.com/MO/Saint-Louis/6718-Glades-Ave-63139/home/93741249,3,Central,216,761,3.9272727272727272,13.836363636363636
https://www.redfin.com/MO/Saint-Louis/1507-Brock-St-63139/home/93740791,3,Central,216,761,3.9272727272727272,13.836363636363636
https://www.redfin.com/MO/Saint-Louis/4390-Chouteau-Ave-63110/home/175305510,3,Central,216,761,3.9272727272727272,13.836363636363636
https://www.redfin.com/MO/Saint-Louis/4371-W-Belle-Pl-63108/home/93739744,3,Central,216,761,3.9272727272727272,13.836363636363636
https://www.redfin.com/MO/Saint-Louis/6451-Devonshire-Ave-63109/home/62719364,1,South,197,781,3.7884615384615383,15.019230769230768
https://www.redfin.com/MO/Saint-Louis/1014-Bittner-St-63147/home/93730724,5,North,287,878,5.857142857142857,17.918367346938773
https://www.redfin.com/MO/Saint-Louis/4118-Russell-Blvd-63110/home/93747036,3,Central,216,761,3.9272727272727272,13.836363636363636
https://www.redfin.com/MO/Saint-Louis/6227-Oleatha-Ave-63139/home/93775308,1,South,197,781,3.7884615384615383,15.019230769230768
https://www.redfin.com/MO/Saint-Louis/4675-Tennessee-Ave-63111/home/93707155,1,South,197,781,3.7884615384615383,15.019230769230768
https://www.redfin.com/MO/Saint-Louis/4705-Virginia-Ave-63111/home/62772531,1,South,197,781,3.7884615384615383,15.019230769230768
https://www.redfin.com/MO/Saint-Louis/5632-S-Magnolia-Ave-63139/home/93727129,3,Central,216,761,3.9272727272727272,13.836363636363636
https://www.redfin.com/MO/Saint-Louis/1913-Lasalle-St-63104/home/93701274,4,Central,349,1016,6.017241379310345,17.517241379310345
https://www.redfin.com/MO/Saint-Louis/5510-Rhodes-Ave-63109/home/93771583,1,South,197,781,3.7884615384615383,15.019230769230768
https://www.redfin.com/MO/Saint-Louis/2238-Edwards-St-63110/home/93672324,3,Central,216,761,3.9272727272727272,13.836363636363636
https://www.redfin.com/MO/Saint-Louis/6541-Lindenwood-Pl-63109/home/93775147,1,South,197,781,3.7884615384615383,15.019230769230768
https://www.redfin.com/MO/Saint-Louis/5065-Miami-St-63139/home/93777375,1,South,197,781,3.7884615384615383,15.019230769230768
https://www.redfin.com/MO/Saint-Louis/5609-Oleatha-Ave-63139/home/90082902,1,South,197,781,3.7884615384615383,15.019230769230768
https://www.redfin.com/MO/Saint-Louis/2600-Tennessee-Ave-63118/home/93692196,3,Central,216,761,3.9272727272727272,13.836363636363636
https://www.redfin.com/MO/Saint-Louis/5505-Milentz-Ave-63109/home/93771350,1,South,197,781,3.7884615384615383,15.019230769230768
https://www.redfin.com/MO/Saint-Louis/4118-Quincy-St-63116/home/93772931,1,South,197,781,3.7884615384615383,15.019230769230768
https://www.redfin.com/MO/Saint-Louis/4140-Shaw-Blvd-63110/home/66529019,3,Central,216,761,3.9272727272727272,13.836363636363636
https://www.redfin.com/MO/Saint-Louis/5505-S-Kingshighway-Blvd-63109/home/93765482,1,South,197,781,3.7884615384615383,15.019230769230768
https://www.redfin.com/MO/Saint-Louis/3113-Wyoming-St-63118/home/93693203,1,South,197,781,3.7884615384615383,15.019230769230768
https://www.redfin.com/MO/Saint-Louis/3500-California-Ave-63118/home/62744258,1,South,197,781,3.7884615384615383,15.019230769230768
https://www.redfin.com/MO/Saint-Louis/5854-Waterman-Blvd-63112/home/93762436,3,Central,216,761,3.9272727272727272,13.836363636363636
https://www.redfin.com/MO/Saint-Louis/7062-Winona-Ave-63109/home/62764318,1,South,197,781,3.7884615384615383,15.019230769230768
https://www.redfin.com/MO/Saint-Louis/3632-Hartford-St-63116/home/93699752,3,Central,216,761,3.9272727272727272,13.836363636363636
https://www.redfin.com/MO/Saint-Louis/1021-Lafayette-Ave-63104/home/93685325,4,Central,349,1016,6.017241379310345,17.517241379310345
https://www.redfin.com/MO/Saint-Louis/6721-Scanlan-Ave-63139/home/93742242,3,Central,216,761,3.9272727272727272,13.836363636363636
https://www.redfin.com/MO/Saint-Louis/3705-Illinois-Ave-63118/home/62736877,2,South,118,726,2.681818181818182,16.5
https://www.redfin.com/MO/Saint-Louis/7120-Bancroft-Ave-63109/home/93749073,1,South,197,781,3.7884615384615383,15.019230769230768
https://www.redfin.com/MO/Saint-Louis/905-Hornsby-Ave-63147/home/93761181,5,North,287,878,5.857142857142857,17.918367346938773
https://www.redfin.com/MO/Saint-Louis/7856-Leona-St-63123/home/93784432,1,South,197,781,3.7884615384615383,15.019230769230768
https://www.redfin.com/MO/Saint-Louis/4921-S-Compton-Ave-63111/home/93707740,1,South,197,781,3.7884615384615383,15.019230769230768
https://www.redfin.com/MO/Saint-Louis/6753-Oleatha-Ave-63139/home/93778987,1,South,197,781,3.7884615384615383,15.019230769230768
https://www.redfin.com/MO/Saint-Louis/1403-Montrose-Ave-63104/home/93689825,4,Central,349,1016,6.017241379310345,17.517241379310345
https://www.redfin.com/MO/Saint-Louis/6924-Fyler-Ave-63139/home/93743402,3,Central,216,761,3.9272727272727272,13.836363636363636
https://www.redfin.com/MO/Saint-Louis/1324-Graham-St-63139/home/93726361,3,Central,216,761,3.9272727272727272,13.836363636363636
https://www.redfin.com/MO/Saint-Louis/1348-Kraft-St-63139/home/65542487,3,Central,216,761,3.9272727272727272,13.836363636363636
https://www.redfin.com/MO/Saint-Louis/6915-Hancock-Ave-63139/home/93743525,3,Central,216,761,3.9272727272727272,13.836363636363636
https://www.redfin.com/MO/Saint-Louis/5534-Winona-Ave-63109/home/62752123,1,South,197,781,3.7884615384615383,15.019230769230768
https://www.redfin.com/MO/Saint-Louis/6546-Arsenal-St-63139/home/93742269,3,Central,216,761,3.9272727272727272,13.836363636363636
https://www.redfin.com/MO/Saint-Louis/6615-Fyler-Ave-63139/home/70413579,3,Central,216,761,3.9272727272727272,13.836363636363636
https://www.redfin.com/MO/Saint-Louis/5201-Kingwood-Dr-63123/home/93783012,1,South,197,781,3.7884615384615383,15.019230769230768
https://www.redfin.com/MO/Saint-Louis/7068-Winona-Ave-63109/home/93747650,1,South,197,781,3.7884615384615383,15.019230769230768
https://www.redfin.com/MO/Saint-Louis/6431-Hancock-Ave-63139/home/93743263,3,Central,216,761,3.9272727272727272,13.836363636363636
https://www.redfin.com/MO/Saint-Louis/7047-Tholozan-Ave-63109/home/93747958,1,South,197,781,3.7884615384615383,15.019230769230768
https://www.redfin.com/MO/Saint-Louis/7226-Virginia-Ave-63111/home/93710435,1,South,197,781,3.7884615384615383,15.019230769230768
https://www.redfin.com/MO/Saint-Louis/7081-Winona-Ave-63109/home/93747743,1,South,197,781,3.7884615384615383,15.019230769230768
https://www.redfin.com/MO/Saint-Louis/2661-Iowa-Ave-63118/home/93699479,4,Central,349,1016,6.017241379310345,17.517241379310345
https://www.redfin.com/MO/Saint-Louis/3914-Bates-St-63116/home/93781586,1,South,197,781,3.7884615384615383,15.019230769230768
https://www.redfin.com/MO/Saint-Louis/1116-McLaran-Ave-63147/home/93731327,5,North,287,878,5.857142857142857,17.918367346938773
https://www.redfin.com/MO/Saint-Louis/8578-Drury-Ln-63147/home/93732306,5,North,287,878,5.857142857142857,17.918367346938773
https://www.redfin.com/MO/Saint-Louis/3832-Louis-St-63116/home/93785292,1,South,197,781,3.7884615384615383,15.019230769230768
https://www.redfin.com/MO/Saint-Louis/919-Bates-St-63111/home/93708532,1,South,197,781,3.7884615384615383,15.019230769230768
https://www.redfin.com/MO/Saint-Louis/4556-Carter-Ave-63115/home/93734106,3,Central,216,761,3.9272727272727272,13.836363636363636
https://www.redfin.com/MO/Saint-Louis/5714-Park-Ln-63147/home/93770313,5,North,287,878,5.857142857142857,17.918367346938773
https://www.redfin.com/MO/Saint-Louis/4028-Blow-St-63116/home/93784131,1,South,197,781,3.7884615384615383,15.019230769230768
https://www.redfin.com/MO/Saint-Louis/5730-Park-Ln-63147/home/63495459,5,North,287,878,5.857142857142857,17.918367346938773
https://www.redfin.com/MO/Saint-Louis/6416-Brockschmidt-Pl-63139/home/62697249,3,Central,216,761,3.9272727272727272,13.836363636363636
https://www.redfin.com/MO/Saint-Louis/5938-Keith-Pl-63109/home/93783975,1,South,197,781,3.7884615384615383,15.019230769230768
https://www.redfin.com/MO/Saint-Louis/8014-Morganford-Rd-63123/home/93784186,1,South,197,781,3.7884615384615383,15.019230769230768
https://www.redfin.com/MO/Saint-Louis/4116-Koeln-Ave-63116/home/93784371,1,South,197,781,3.7884615384615383,15.019230769230768
https://www.redfin.com/MO/Saint-Louis/3633-Poepping-St-63125/home/62716050,1,South,197,781,3.7884615384615383,15.019230769230768
https://www.redfin.com/MO/Saint-Louis/6759-Delor-St-63109/home/93781467,1,South,197,781,3.7884615384615383,15.019230769230768
https://www.redfin.com/MO/Saint-Louis/7401-Morganford-Rd-63116/home/93783786,1,South,197,781,3.7884615384615383,15.019230769230768
https://www.redfin.com/MO/Saint-Louis/6411-Hancock-Ave-63139/home/93743260,3,Central,216,761,3.9272727272727272,13.836363636363636
https://www.redfin.com/MO/Saint-Louis/510-Holly-Hills-Ave-63111/home/93709675,1,South,197,781,3.7884615384615383,15.019230769230768
https://www.redfin.com/MO/Saint-Louis/7051-Nashville-Ave-63117/home/62733529,3,Central,216,761,3.9272727272727272,13.836363636363636
https://www.redfin.com/MO/Saint-Louis/5701-Arthur-Ave-63139/home/93743048,3,Central,216,761,3.9272727272727272,13.836363636363636
https://www.redfin.com/MO/Saint-Louis/5531-Arthur-Ave-63139/home/93742850,3,Central,216,761,3.9272727272727272,13.836363636363636
https://www.redfin.com/MO/Saint-Louis/5689-Pernod-Ave-63139/home/93780762,1,South,197,781,3.7884615384615383,15.019230769230768
https://www.redfin.com/MO/Saint-Louis/3428-Indiana-Ave-63118/home/93694556,2,South,118,726,2.681818181818182,16.5
https://www.redfin.com/MO/Saint-Louis/6446-Virginia-Ave-63111/home/93709661,1,South,197,781,3.7884615384615383,15.019230769230768
https://www.redfin.com/MO/Saint-Louis/5458-Murdoch-Ave-63109/home/93753485,1,South,197,781,3.7884615384615383,15.019230769230768
https://www.redfin.com/MO/Saint-Louis/7305-Coronado-Ave-63116/home/93785089,1,South,197,781,3.7884615384615383,15.019230769230768
https://www.redfin.com/MO/Saint-Louis/7816-Wilmar-Pl-63123/home/93784777,1,South,197,781,3.7884615384615383,15.019230769230768
https://www.redfin.com/MO/Saint-Louis/7824-Decatur-Dr-63123/home/93784929,1,South,197,781,3.7884615384615383,15.019230769230768
https://www.redfin.com/MO/Saint-Louis/4312-Steins-St-63116/home/93783755,1,South,197,781,3.7884615384615383,15.019230769230768
https://www.redfin.com/MO/Saint-Louis/4267-Miami-St-63116/home/93728724,1,South,197,781,3.7884615384615383,15.019230769230768
https://www.redfin.com/MO/Saint-Louis/8770-Jordan-Ave-63147/home/93782959,5,North,287,878,5.857142857142857,17.918367346938773
https://www.redfin.com/MO/Saint-Louis/2817-Knox-Ct-63139/home/62731523,3,Central,216,761,3.9272727272727272,13.836363636363636
https://www.redfin.com/MO/Saint-Louis/6462-Villa-Ave-63139/home/93740899,3,Central,216,761,3.9272727272727272,13.836363636363636
https://www.redfin.com/MO/Saint-Louis/4172-Parker-Ave-63116/home/93729136,1,South,197,781,3.7884615384615383,15.019230769230768
https://www.redfin.com/MO/Saint-Louis/4352-Steins-St-63116/home/93783782,1,South,197,781,3.7884615384615383,15.019230769230768
https://www.redfin.com/MO/Saint-Louis/3566-Bamberger-Ave-63116/home/93730446,1,South,197,781,3.7884615384615383,15.019230769230768
https://www.redfin.com/MO/Saint-Louis/3183-Clifton-Ave-63139/home/93775835,3,Central,216,761,3.9272727272727272,13.836363636363636
https://www.redfin.com/MO/Saint-Louis/4336-Al-Clare-Dr-63123/home/93784696,1,South,197,781,3.7884615384615383,15.019230769230768
https://www.redfin.com/MO/Saint-Louis/3971-Juniata-St-63116/home/93749833,3,Central,216,761,3.9272727272727272,13.836363636363636
https://www.redfin.com/MO/Saint-Louis/4317-Alma-Ave-63116/home/93771930,1,South,197,781,3.7884615384615383,15.019230769230768
https://www.redfin.com/MO/Saint-Louis/1719-Veronica-Ave-63147/home/93778775,5,North,287,878,5.857142857142857,17.918367346938773
https://www.redfin.com/MO/Saint-Louis/5634-Fyler-Ave-63139/home/93742905,3,Central,216,761,3.9272727272727272,13.836363636363636
https://www.redfin.com/MO/Saint-Louis/4239-Eichelberger-St-63116/home/93773996,1,South,197,781,3.7884615384615383,15.019230769230768
https://www.redfin.com/MO/Saint-Louis/6919-Marquette-Ave-63139/home/62739915,3,Central,216,761,3.9272727272727272,13.836363636363636
https://www.redfin.com/MO/Saint-Louis/4412-Pennsylvania-Ave-63111/home/62746968,1,South,197,781,3.7884615384615383,15.019230769230768
https://www.redfin.com/MO/Saint-Louis/5540-Arthur-Ave-63139/home/93742756,1,South,197,781,3.7884615384615383,15.019230769230768
https://www.redfin.com/MO/Saint-Louis/5549-Lindenwood-Ave-63109/home/93782495,1,South,197,781,3.7884615384615383,15.019230769230768
https://www.redfin.com/MO/Saint-Louis/8015-Parkwood-Dr-63123/home/93783874,1,South,197,781,3.7884615384615383,15.019230769230768
https://www.redfin.com/MO/Saint-Louis/324-Hurck-St-63111/home/93711861,1,South,197,781,3.7884615384615383,15.019230769230768
https://www.redfin.com/MO/Saint-Louis/7700-Michigan-Ave-63111/home/93684134,1,South,197,781,3.7884615384615383,15.019230769230768
https://www.redfin.com/MO/Saint-Louis/3728-Arkansas-Ave-63118/home/93785856,1,South,197,781,3.7884615384615383,15.019230769230768
https://www.redfin.com/MO/Saint-Louis/4375-Haven-St-63116/home/93770778,1,South,197,781,3.7884615384615383,15.019230769230768
https://www.redfin.com/MO/Saint-Louis/2159-McCausland-Ave-63143/home/93744176,3,Central,216,761,3.9272727272727272,13.836363636363636
https://www.redfin.com/MO/Saint-Louis/7417-Ray-Ave-63116/home/93784359,1,South,197,781,3.7884615384615383,15.019230769230768
https://www.redfin.com/MO/Saint-Louis/6136-Adkins-Ave-63116/home/93776767,1,South,197,781,3.7884615384615383,15.019230769230768
https://www.redfin.com/MO/Saint-Louis/3145-Clifton-Ave-63139/home/93775897,3,Central,216,761,3.9272727272727272,13.836363636363636
https://www.redfin.com/MO/Saint-Louis/5614-Bancroft-Ave-63109/home/93753095,1,South,197,781,3.7884615384615383,15.019230769230768
https://www.redfin.com/MO/Saint-Louis/5060-Potomac-St-63139/home/62689742,1,South,197,781,3.7884615384615383,15.019230769230768
https://www.redfin.com/MO/Saint-Louis/1122-Grandview-Pl-63139/home/93765054,3,Central,216,761,3.9272727272727272,13.836363636363636
https://www.redfin.com/MO/Saint-Louis/4359-Toenges-Ave-63116/home/88153802,1,South,197,781,3.7884615384615383,15.019230769230768
https://www.redfin.com/MO/Saint-Louis/6231-Archwood-Ln-63123/home/93783440,1,South,197,781,3.7884615384615383,15.019230769230768
https://www.redfin.com/MO/Saint-Louis/5011-Lindenwood-Ave-63109/home/93776237,1,South,197,781,3.7884615384615383,15.019230769230768
https://www.redfin.com/MO/Saint-Louis/3905-Cottage-Ave-63113/home/103202894,4,Central,349,1016,6.017241379310345,17.517241379310345
https://www.redfin.com/MO/Saint-Louis/3653-Taft-Ave-63116/home/93706495,1,South,197,781,3.7884615384615383,15.019230769230768
https://www.redfin.com/MO/Saint-Louis/4475-N-Taylor-Ave-63115/home/93734728,5,North,287,878,5.857142857142857,17.918367346938773
https://www.redfin.com/MO/Saint-Louis/6511-Southwest-Ave-63139/home/93784493,3,Central,216,761,3.9272727272727272,13.836363636363636
https://www.redfin.com/MO/Saint-Louis/7337-Sharp-Ave-63116/home/93784838,1,South,197,781,3.7884615384615383,15.019230769230768
https://www.redfin.com/MO/Saint-Louis/4348-Chippewa-St-63116/home/93771871,1,South,197,781,3.7884615384615383,15.019230769230768
https://www.redfin.com/MO/Saint-Louis/7048-Lansdowne-Ave-63109/home/93774127,1,South,197,781,3.7884615384615383,15.019230769230768
https://www.redfin.com/MO/Saint-Louis/5533-S-Kingshighway-Blvd-63109/home/93765488,1,South,197,781,3.7884615384615383,15.019230769230768
https://www.redfin.com/MO/Saint-Louis/4117-Oleatha-Ave-63116/home/93728791,1,South,197,781,3.7884615384615383,15.019230769230768
https://www.redfin.com/MO/Saint-Louis/4989-Odell-St-63139/home/93727970,3,Central,216,761,3.9272727272727272,13.836363636363636
https://www.redfin.com/MO/Saint-Louis/4818-Oleatha-Ave-63116/home/93756226,1,South,197,781,3.7884615384615383,15.019230769230768
https://www.redfin.com/MO/Saint-Louis/3892-Kingsland-Ct-63116/home/93780394,1,South,197,781,3.7884615384615383,15.019230769230768
https://www.redfin.com/MO/Saint-Louis/5339-Murdoch-Ave-63109/home/93753350,1,South,197,781,3.7884615384615383,15.019230769230768
https://www.redfin.com/MO/Saint-Louis/6318-Bradley-Ave-63139/home/93776323,3,Central,216,761,3.9272727272727272,13.836363636363636
https://www.redfin.com/MO/Saint-Louis/4250-Ellenwood-Ave-63116/home/93772441,1,South,197,781,3.7884615384615383,15.019230769230768
https://www.redfin.com/MO/Saint-Louis/4743-Maffitt-Ave-63113/home/93748635,3,Central,216,761,3.9272727272727272,13.836363636363636
https://www.redfin.com/MO/Saint-Louis/4119-Castleman-Ave-63110/home/93747063,3,Central,216,761,3.9272727272727272,13.836363636363636
https://www.redfin.com/MO/Saint-Louis/5644-Murdoch-Ave-63109/home/93753509,1,South,197,781,3.7884615384615383,15.019230769230768
https://www.redfin.com/MO/Saint-Louis/6021-Leona-St-63116/home/93770843,1,South,197,781,3.7884615384615383,15.019230769230768
https://www.redfin.com/MO/Saint-Louis/5230-Gresham-Ave-63109/home/93764460,1,South,197,781,3.7884615384615383,15.019230769230768
https://www.redfin.com/MO/Saint-Louis/6147-Adkins-Ave-63116/home/93776831,1,South,197,781,3.7884615384615383,15.019230769230768
https://www.redfin.com/MO/Saint-Louis/3865-Hartford-St-63116/home/93728262,3,Central,216,761,3.9272727272727272,13.836363636363636
https://www.redfin.com/MO/Saint-Louis/938-Catalpa-St-63112/home/79932477,3,Central,216,761,3.9272727272727272,13.836363636363636
https://www.redfin.com/MO/Saint-Louis/5400-Itaska-St-63109/home/93766590,1,South,197,781,3.7884615384615383,15.019230769230768
https://www.redfin.com/MO/Saint-Louis/1727-Veronica-Ave-63147/home/93778777,5,North,287,878,5.857142857142857,17.918367346938773
https://www.redfin.com/MO/Saint-Louis/4261-Red-Bud-Ave-63115/home/93714723,4,Central,349,1016,6.017241379310345,17.517241379310345
https://www.redfin.com/MO/Saint-Louis/8623-Partridge-Ave-63147/home/93730784,5,North,287,878,5.857142857142857,17.918367346938773
https://www.redfin.com/MO/Saint-Louis/8635-Partridge-Ave-63147/home/93730787,5,North,287,878,5.857142857142857,17.918367346938773
https://www.redfin.com/MO/Saint-Louis/4010-Schiller-Pl-63116/home/93781145,1,South,197,781,3.7884615384615383,15.019230769230768
https://www.redfin.com/MO/Saint-Louis/8622-Partridge-Ave-63147/home/93731019,5,North,287,878,5.857142857142857,17.918367346938773
https://www.redfin.com/MO/Saint-Louis/3316-Commonwealth-Ave-63143/home/62739229,3,Central,216,761,3.9272727272727272,13.836363636363636
https://www.redfin.com/MO/Saint-Louis/5821-Oleatha-Ave-63139/home/93780599,1,South,197,781,3.7884615384615383,15.019230769230768
https://www.redfin.com/MO/Saint-Louis/6433-Woodbine-Ct-63109/home/93774330,1,South,197,781,3.7884615384615383,15.019230769230768
https://www.redfin.com/MO/Saint-Louis/5250-Highland-Ave-63113/home/93737940,3,Central,216,761,3.9272727272727272,13.836363636363636
https://www.redfin.com/MO/Saint-Louis/4417-Wallace-St-63116/home/93764109,1,South,197,781,3.7884615384615383,15.019230769230768
https://www.redfin.com/MO/Saint-Louis/3840-S-Compton-Ave-63118/home/93695741,1,South,197,781,3.7884615384615383,15.019230769230768
https://www.redfin.com/MO/Saint-Louis/3831-Oregon-Ave-63118/home/93696465,1,South,197,781,3.7884615384615383,15.019230769230768
https://www.redfin.com/MO/Saint-Louis/3120-Gurney-Ave-63116/home/93767082,3,Central,216,761,3.9272727272727272,13.836363636363636
https://www.redfin.com/MO/Saint-Louis/2840-Dalton-Ave-63139/home/93727174,3,Central,216,761,3.9272727272727272,13.836363636363636
https://www.redfin.com/MO/Saint-Louis/1234-Louisville-Ave-63139/home/93750110,3,Central,216,761,3.9272727272727272,13.836363636363636
https://www.redfin.com/MO/Saint-Louis/4024-Wyoming-St-63116/home/93729612,1,South,197,781,3.7884615384615383,15.019230769230768
https://www.redfin.com/MO/Saint-Louis/3937-Humphrey-St-63116/home/93729560,1,South,197,781,3.7884615384615383,15.019230769230768
https://www.redfin.com/MO/Saint-Louis/2932-Lemp-Ave-63118/home/64357964,2,South,118,726,2.681818181818182,16.5
https://www.redfin.com/MO/Saint-Louis/3833-McDonald-Ave-63116/home/93699973,1,South,197,781,3.7884615384615383,15.019230769230768
https://www.redfin.com/MO/Saint-Louis/3922-Burgen-Ave-63116/home/93774759,1,South,197,781,3.7884615384615383,15.019230769230768
https://www.redfin.com/MO/Saint-Louis/5531-Eichelberger-St-63109/home/79022343,1,South,197,781,3.7884615384615383,15.019230769230768
https://www.redfin.com/MO/Saint-Louis/2917-S-18th-St-63118/home/93698929,2,South,118,726,2.681818181818182,16.5
https://www.redfin.com/MO/Saint-Louis/4346-Vista-Ave-63110/home/93726031,3,Central,216,761,3.9272727272727272,13.836363636363636
https://www.redfin.com/MO/Saint-Louis/4326-Vista-Ave-63110/home/93726068,3,Central,216,761,3.9272727272727272,13.836363636363636
https://www.redfin.com/MO/Saint-Louis/6614-Clayton-Ave-63139/home/93740392,3,Central,216,761,3.9272727272727272,13.836363636363636
https://www.redfin.com/MO/Saint-Louis/4836-Terrace-Ave-63116/home/93763410,1,South,197,781,3.7884615384615383,15.019230769230768
https://www.redfin.com/MO/Saint-Louis/6019-Elizabeth-Ave-63139/home/62693720,3,Central,216,761,3.9272727272727272,13.836363636363636
https://www.redfin.com/MO/Saint-Louis/1370-Mobile-Ct-63139/home/93740877,3,Central,216,761,3.9272727272727272,13.836363636363636
https://www.redfin.com/MO/Saint-Louis/4345-Itaska-St-63116/home/93763647,1,South,197,781,3.7884615384615383,15.019230769230768
https://www.redfin.com/MO/Saint-Louis/5159-Kensington-Ave-63108/home/93744761,3,Central,216,761,3.9272727272727272,13.836363636363636
https://www.redfin.com/MO/Saint-Louis/3539-Pennsylvania-Ave-63118/home/93694902,1,South,197,781,3.7884615384615383,15.019230769230768
https://www.redfin.com/MO/Saint-Louis/4116-Virginia-Ave-63118/home/93705284,1,South,197,781,3.7884615384615383,15.019230769230768
https://www.redfin.com/MO/Saint-Louis/2324-Arkansas-Ave-63104/home/93692313,3,Central,216,761,3.9272727272727272,13.836363636363636
https://www.redfin.com/MO/Saint-Louis/4230-Connecticut-St-63116/home/93729906,3,Central,216,761,3.9272727272727272,13.836363636363636
https://www.redfin.com/MO/Saint-Louis/4250-E-Kossuth-Ave-63115/home/93735044,4,Central,349,1016,6.017241379310345,17.517241379310345
https://www.redfin.com/MO/Saint-Louis/4050-Quincy-St-63116/home/93777639,1,South,197,781,3.7884615384615383,15.019230769230768
https://www.redfin.com/MO/Saint-Louis/4951-Blow-St-63109/home/62723176,1,South,197,781,3.7884615384615383,15.019230769230768
https://www.redfin.com/MO/Saint-Louis/4609-S-38th-St-63116/home/93767576,1,South,197,781,3.7884615384615383,15.019230769230768
https://www.redfin.com/MO/Saint-Louis/6038-Columbia-Ave-63139/home/93757207,3,Central,216,761,3.9272727272727272,13.836363636363636
https://www.redfin.com/MO/St-Louis/2643-Accomac-St-63104/home/197962286,4,Central,349,1016,6.017241379310345,17.517241379310345
https://www.redfin.com/MO/Saint-Louis/4063-Wyoming-St-63116/home/93729811,3,Central,216,761,3.9272727272727272,13.836363636363636
https://www.redfin.com/MO/Saint-Louis/2643-Ann-Ave-63104/home/93690633,4,Central,349,1016,6.017241379310345,17.517241379310345
https://www.redfin.com/MO/Saint-Louis/3000-Louisiana-Ave-63118/home/93692647,3,Central,216,761,3.9272727272727272,13.836363636363636
https://www.redfin.com/MO/Saint-Louis/4258-Swan-Ave-63110/home/93725992,3,Central,216,761,3.9272727272727272,13.836363636363636
https://www.redfin.com/MO/Saint-Louis/3820-McDonald-Ave-63116/home/93684198,1,South,197,781,3.7884615384615383,15.019230769230768
https://www.redfin.com/MO/Saint-Louis/4255-Lafayette-Ave-63110/home/91573025,3,Central,216,761,3.9272727272727272,13.836363636363636
https://www.redfin.com/MO/Saint-Louis/3150-Nebraska-Ave-63118/home/73978472,1,South,197,781,3.7884615384615383,15.019230769230768
https://www.redfin.com/MO/Saint-Louis/2712-Allen-Ave-63104/home/93690158,4,Central,349,1016,6.017241379310345,17.517241379310345
https://www.redfin.com/MO/Saint-Louis/2920-Sidney-St-63104/home/93699574,3,Central,216,761,3.9272727272727272,13.836363636363636
https://www.redfin.com/MO/Saint-Louis/4426-Vista-Ave-63110/home/169425121,3,Central,216,761,3.9272727272727272,13.836363636363636
https://www.redfin.com/MO/Saint-Louis/10-Lawn-Pl-63110/home/93765845,3,Central,216,761,3.9272727272727272,13.836363636363636
https://www.redfin.com/MO/Saint-Louis/6059-McPherson-Ave-63112/home/93760500,3,Central,216,761,3.9272727272727272,13.836363636363636
https://www.redfin.com/MO/Saint-Louis/2029-Forest-Ave-63139/home/93671175,3,Central,216,761,3.9272727272727272,13.836363636363636
https://www.redfin.com/MO/Saint-Louis/3928-Folsom-Ave-63110/home/103204110,3,Central,216,761,3.9272727272727272,13.836363636363636
https://www.redfin.com/MO/St-Louis/3002-California-63118/home/197714955,4,Central,349,1016,6.017241379310345,17.517241379310345
https://www.redfin.com/MO/Saint-Louis/3214-California-Ave-63118/home/103203833,2,South,118,726,2.681818181818182,16.5
https://www.redfin.com/MO/Saint-Louis/2106-Hereford-St-63110/home/171139790,3,Central,216,761,3.9272727272727272,13.836363636363636
https://www.redfin.com/MO/Saint-Louis/1902-Lasalle-St-63104/home/93701187,4,Central,349,1016,6.017241379310345,17.517241379310345
https://www.redfin.com/MO/Saint-Louis/6019-Potomac-St-63139/home/93775445,1,South,197,781,3.7884615384615383,15.019230769230768
https://www.redfin.com/MO/Saint-Louis/6430-Sutherland-Ave-63109/home/93779819,1,South,197,781,3.7884615384615383,15.019230769230768
https://www.redfin.com/MO/Saint-Louis/6443-Alabama-Ave-63111/home/93709700,1,South,197,781,3.7884615384615383,15.019230769230768
https://www.redfin.com/MO/Saint-Louis/3526-Bamberger-Ave-63116/home/93730429,1,South,197,781,3.7884615384615383,15.019230769230768
https://www.redfin.com/MO/Saint-Louis/3411-Itaska-St-63111/home/93707217,1,South,197,781,3.7884615384615383,15.019230769230768
https://www.redfin.com/MO/Saint-Louis/4032-Wyoming-St-63116/home/93729606,1,South,197,781,3.7884615384615383,15.019230769230768
https://www.redfin.com/MO/Saint-Louis/4249-Utah-St-63116/home/62692343,1,South,197,781,3.7884615384615383,15.019230769230768
https://www.redfin.com/MO/Saint-Louis/4662-Tesson-St-63116/home/93776481,1,South,197,781,3.7884615384615383,15.019230769230768
https://www.redfin.com/MO/Saint-Louis/5408-Magnolia-Ave-63139/home/93727287,3,Central,216,761,3.9272727272727272,13.836363636363636
https://www.redfin.com/MO/Saint-Louis/2121-Esther-Ave-63139/home/93761463,3,Central,216,761,3.9272727272727272,13.836363636363636
https://www.redfin.com/MO/Saint-Louis/4642-Leona-St-63116/home/93769608,1,South,197,781,3.7884615384615383,15.019230769230768
https://www.redfin.com/MO/Saint-Louis/4533-Lexington-Ave-63115/home/93735537,3,Central,216,761,3.9272727272727272,13.836363636363636
https://www.redfin.com/MO/Saint-Louis/4547-Bessie-Ave-63115/home/93782164,3,Central,216,761,3.9272727272727272,13.836363636363636
https://www.redfin.com/MO/Saint-Louis/6225-Juniata-St-63139/home/93741660,3,Central,216,761,3.9272727272727272,13.836363636363636
https://www.redfin.com/MO/Saint-Louis/6426-Odell-St-63139/home/93741845,3,Central,216,761,3.9272727272727272,13.836363636363636
https://www.redfin.com/MO/Saint-Louis/4853-Lee-Ave-63115/home/93733287,3,Central,216,761,3.9272727272727272,13.836363636363636
https://www.redfin.com/MO/Saint-Louis/3406-Juniata-St-63118/home/93693271,3,Central,216,761,3.9272727272727272,13.836363636363636
https://www.redfin.com/MO/Saint-Louis/3540-S-Spring-Ave-63116/home/93730352,1,South,197,781,3.7884615384615383,15.019230769230768
https://www.redfin.com/MO/Saint-Louis/5664-Marquette-Ave-63139/home/93780720,1,South,197,781,3.7884615384615383,15.019230769230768
https://www.redfin.com/MO/Saint-Louis/1067-Melvin-Ave-63137/home/93782253,5,North,287,878,5.857142857142857,17.918367346938773
https://www.redfin.com/MO/Saint-Louis/5412-Reber-Pl-63139/home/93727371,3,Central,216,761,3.9272727272727272,13.836363636363636
https://www.redfin.com/MO/Saint-Louis/6432-Wanda-Ave-63116/home/93770660,1,South,197,781,3.7884615384615383,15.019230769230768
https://www.redfin.com/MO/Saint-Louis/4019-Meramec-St-63116/home/93778746,1,South,197,781,3.7884615384615383,15.019230769230768
https://www.redfin.com/MO/Saint-Louis/3808-Burgen-Ave-63116/home/62699066,1,South,197,781,3.7884615384615383,15.019230769230768
https://www.redfin.com/MO/Saint-Louis/4076-Wilmington-Ave-63116/home/93770839,1,South,197,781,3.7884615384615383,15.019230769230768
https://www.redfin.com/MO/Saint-Louis/4843-Lee-Ave-63115/home/93732905,3,Central,216,761,3.9272727272727272,13.836363636363636
https://www.redfin.com/MO/Saint-Louis/5511-Lansdowne-Ave-63109/home/93752736,1,South,197,781,3.7884615384615383,15.019230769230768
https://www.redfin.com/MO/Saint-Louis/4745-Louisiana-Ave-63111/home/93707336,1,South,197,781,3.7884615384615383,15.019230769230768
https://www.redfin.com/MO/Saint-Louis/4848-Calvin-Ave-63115/home/93733013,5,North,287,878,5.857142857142857,17.918367346938773
https://www.redfin.com/MO/Saint-Louis/5332-Loughborough-Ave-63109/home/93771559,1,South,197,781,3.7884615384615383,15.019230769230768
https://www.redfin.com/MO/Saint-Louis/6007-Odell-St-63139/home/93768861,3,Central,216,761,3.9272727272727272,13.836363636363636
https://www.redfin.com/MO/Saint-Louis/3445-Itaska-St-63111/home/93707239,1,South,197,781,3.7884615384615383,15.019230769230768
https://www.redfin.com/MO/Saint-Louis/4335-Beethoven-Ave-63116/home/93764885,1,South,197,781,3.7884615384615383,15.019230769230768
https://www.redfin.com/MO/Saint-Louis/3333-Delor-St-63111/home/93707407,1,South,197,781,3.7884615384615383,15.019230769230768
https://www.redfin.com/MO/Saint-Louis/4437-S-37th-St-63116/home/93706518,1,South,197,781,3.7884615384615383,15.019230769230768
https://www.redfin.com/MO/Saint-Louis/3740-Meramec-St-63116/home/93705355,1,South,197,781,3.7884615384615383,15.019230769230768
https://www.redfin.com/MO/Saint-Louis/5343-Chippewa-St-63109/home/93781925,1,South,197,781,3.7884615384615383,15.019230769230768
https://www.redfin.com/MO/Saint-Louis/6414-West-Ct-63116/home/93779276,1,South,197,781,3.7884615384615383,15.019230769230768
https://www.redfin.com/MO/Saint-Louis/4470-Bingham-Ave-63116/home/93772073,1,South,197,781,3.7884615384615383,15.019230769230768
https://www.redfin.com/MO/Saint-Louis/5452-Pernod-Ave-63139/home/93782028,1,South,197,781,3.7884615384615383,15.019230769230768
https://www.redfin.com/MO/Saint-Louis/4733-Terrace-Ave-63116/home/93758044,1,South,197,781,3.7884615384615383,15.019230769230768
https://www.redfin.com/MO/Saint-Louis/6065-Wanda-Ave-63116/home/93772661,1,South,197,781,3.7884615384615383,15.019230769230768
https://www.redfin.com/MO/Saint-Louis/5410-Emerson-Ave-63120/home/93764892,5,North,287,878,5.857142857142857,17.918367346938773
https://www.redfin.com/MO/Saint-Louis/5975-N-Cuba-Ct-63139/home/93775580,3,Central,216,761,3.9272727272727272,13.836363636363636
https://www.redfin.com/MO/Saint-Louis/5916-Alpha-Ave-63147/home/93770417,5,North,287,878,5.857142857142857,17.918367346938773
https://www.redfin.com/MO/Saint-Louis/2501-Sublette-Ave-63110/home/93727092,3,Central,216,761,3.9272727272727272,13.836363636363636
https://www.redfin.com/MO/Saint-Louis/4454-S-Spring-Ave-63116/home/93730851,1,South,197,781,3.7884615384615383,15.019230769230768
https://www.redfin.com/MO/Saint-Louis/3355-Sublette-Ave-63139/home/93742748,1,South,197,781,3.7884615384615383,15.019230769230768
https://www.redfin.com/MO/Saint-Louis/2611-Brannon-Ave-63139/home/93727386,3,Central,216,761,3.9272727272727272,13.836363636363636
https://www.redfin.com/MO/Saint-Louis/4035-Schiller-Pl-63116/home/62697780,1,South,197,781,3.7884615384615383,15.019230769230768
https://www.redfin.com/MO/Saint-Louis/3279-Regal-Pl-63139/home/93742928,3,Central,216,761,3.9272727272727272,13.836363636363636
https://www.redfin.com/MO/Saint-Louis/6613-Parkwood-Pl-63116/home/93770653,1,South,197,781,3.7884615384615383,15.019230769230768
https://www.redfin.com/MO/Saint-Louis/6610-Parkwood-Pl-63116/home/62755033,1,South,197,781,3.7884615384615383,15.019230769230768
https://www.redfin.com/MO/Saint-Louis/6564-Villa-Ave-63139/home/93740702,3,Central,216,761,3.9272727272727272,13.836363636363636
https://www.redfin.com/MO/Saint-Louis/1361-Louisville-Ave-63139/home/93750104,3,Central,216,761,3.9272727272727272,13.836363636363636
https://www.redfin.com/MO/Saint-Louis/4334-Beethoven-Ave-63116/home/93764730,1,South,197,781,3.7884615384615383,15.019230769230768
https://www.redfin.com/MO/Saint-Louis/4412-Wallace-St-63116/home/93763768,1,South,197,781,3.7884615384615383,15.019230769230768
https://www.redfin.com/MO/Saint-Louis/4444-Gannett-St-63116/home/93763663,1,South,197,781,3.7884615384615383,15.019230769230768
https://www.redfin.com/MO/Saint-Louis/1438-Central-Ave-63139/home/93740643,3,Central,216,761,3.9272727272727272,13.836363636363636
https://www.redfin.com/MO/Saint-Louis/4421-Bingham-Ave-63116/home/93772040,1,South,197,781,3.7884615384615383,15.019230769230768
https://www.redfin.com/MO/Saint-Louis/4625-Adkins-Ave-63116/home/93757024,1,South,197,781,3.7884615384615383,15.019230769230768
https://www.redfin.com/MO/Saint-Louis/4720-Goethe-Ave-63116/home/93757176,1,South,197,781,3.7884615384615383,15.019230769230768
https://www.redfin.com/MO/Saint-Louis/4311-Bates-St-63116/home/88383634,1,South,197,781,3.7884615384615383,15.019230769230768
https://www.redfin.com/MO/Saint-Louis/2409-Menard-St-63104/home/93686747,4,Central,349,1016,6.017241379310345,17.517241379310345
https://www.redfin.com/MO/Saint-Louis/3627-Blow-St-63116/home/93711827,1,South,197,781,3.7884615384615383,15.019230769230768
https://www.redfin.com/MO/Saint-Louis/4033-Blow-St-63116/home/93777715,1,South,197,781,3.7884615384615383,15.019230769230768
https://www.redfin.com/MO/Saint-Louis/3800-Fairview-Ave-63116/home/93730413,1,South,197,781,3.7884615384615383,15.019230769230768
https://www.redfin.com/MO/Saint-Louis/5619-Arendes-Dr-63116/home/93781569,1,South,197,781,3.7884615384615383,15.019230769230768
https://www.redfin.com/MO/Saint-Louis/3905-Itaska-St-63116/home/93769636,1,South,197,781,3.7884615384615383,15.019230769230768
https://www.redfin.com/MO/Saint-Louis/6135-Idaho-Ave-63111/home/93709441,1,South,197,781,3.7884615384615383,15.019230769230768
https://www.redfin.com/MO/Saint-Louis/125-Koeln-Ave-63111/home/93710694,1,South,197,781,3.7884615384615383,15.019230769230768
https://www.redfin.com/MO/Saint-Louis/7320-Eugene-Ave-63116/home/93712053,1,South,197,781,3.7884615384615383,15.019230769230768
https://www.redfin.com/MO/Saint-Louis/5217-Loughborough-Ave-63109/home/93769539,1,South,197,781,3.7884615384615383,15.019230769230768
https://www.redfin.com/MO/Saint-Louis/4918-Gresham-Ave-63109/home/62732324,1,South,197,781,3.7884615384615383,15.019230769230768
https://www.redfin.com/MO/Saint-Louis/3161-Ohio-Ave-63118/home/93697089,2,South,118,726,2.681818181818182,16.5
https://www.redfin.com/MO/Saint-Louis/5705-Devonshire-Ave-63109/home/93753150,1,South,197,781,3.7884615384615383,15.019230769230768
https://www.redfin.com/MO/Saint-Louis/4644-Minnesota-Ave-63111/home/93706812,1,South,197,781,3.7884615384615383,15.019230769230768
https://www.redfin.com/MO/Saint-Louis/5613-Rhodes-Ave-63109/home/93771379,1,South,197,781,3.7884615384615383,15.019230769230768
https://www.redfin.com/MO/Saint-Louis/5412-Idaho-Ave-63111/home/93708315,1,South,197,781,3.7884615384615383,15.019230769230768
https://www.redfin.com/MO/Saint-Louis/5920-Dressell-Ave-63120/home/93768510,5,North,287,878,5.857142857142857,17.918367346938773
https://www.redfin.com/MO/Saint-Louis/4250-Connecticut-St-63116/home/62746666,3,Central,216,761,3.9272727272727272,13.836363636363636
https://www.redfin.com/MO/Saint-Louis/5524-Lindenwood-Ave-63109/home/93782528,1,South,197,781,3.7884615384615383,15.019230769230768
https://www.redfin.com/MO/Saint-Louis/5424-Bischoff-Ave-63110/home/93772170,3,Central,216,761,3.9272727272727272,13.836363636363636
https://www.redfin.com/MO/Saint-Louis/4630-Idaho-Ave-63111/home/93706674,1,South,197,781,3.7884615384615383,15.019230769230768
https://www.redfin.com/MO/Saint-Louis/6714-Bancroft-Ave-63109/home/93774164,1,South,197,781,3.7884615384615383,15.019230769230768
https://www.redfin.com/MO/Saint-Louis/4659-Tennessee-Ave-63111/home/93707145,1,South,197,781,3.7884615384615383,15.019230769230768
https://www.redfin.com/MO/Saint-Louis/4649-Louisiana-Ave-63111/home/93706640,1,South,197,781,3.7884615384615383,15.019230769230768
https://www.redfin.com/MO/Saint-Louis/3618-Gasconade-St-63116/home/93705641,1,South,197,781,3.7884615384615383,15.019230769230768
https://www.redfin.com/MO/Saint-Louis/7408-Ray-Ave-63116/home/93784867,1,South,197,781,3.7884615384615383,15.019230769230768
https://www.redfin.com/MO/Saint-Louis/5632-Devonshire-Ave-63109/home/93753157,1,South,197,781,3.7884615384615383,15.019230769230768
https://www.redfin.com/MO/Saint-Louis/5737-Devonshire-Ave-63109/home/62717891,1,South,197,781,3.7884615384615383,15.019230769230768
https://www.redfin.com/MO/Saint-Louis/4359-Tholozan-Ave-63116/home/93730112,1,South,197,781,3.7884615384615383,15.019230769230768
https://www.redfin.com/MO/Saint-Louis/4372-Ellenwood-Ave-63116/home/93762066,1,South,197,781,3.7884615384615383,15.019230769230768
https://www.redfin.com/MO/Saint-Louis/6818-Salzburger-Ave-63116/home/93759295,1,South,197,781,3.7884615384615383,15.019230769230768
https://www.redfin.com/MO/Saint-Louis/6462-Wanda-Ave-63116/home/93770615,1,South,197,781,3.7884615384615383,15.019230769230768
https://www.redfin.com/MO/Saint-Louis/5115-Cologne-Ave-63116/home/93763925,1,South,197,781,3.7884615384615383,15.019230769230768
https://www.redfin.com/MO/Saint-Louis/6339-Marquette-Ave-63139/home/93749113,3,Central,216,761,3.9272727272727272,13.836363636363636
https://www.redfin.com/MO/Saint-Louis/2020-Ann-Ave-63104/home/93691274,4,Central,349,1016,6.017241379310345,17.517241379310345
https://www.redfin.com/MO/Saint-Louis/5441-Bates-St-63116/home/93767472,1,South,197,781,3.7884615384615383,15.019230769230768
https://www.redfin.com/MO/Saint-Louis/5203-Dewey-Ave-63116/home/93742514,1,South,197,781,3.7884615384615383,15.019230769230768
https://www.redfin.com/MO/Saint-Louis/3633-Fillmore-St-63116/home/93772404,1,South,197,781,3.7884615384615383,15.019230769230768
https://www.redfin.com/MO/Saint-Louis/4981-Pernod-Ave-63139/home/93776953,1,South,197,781,3.7884615384615383,15.019230769230768
https://www.redfin.com/MO/Saint-Louis/1216-McCausland-Ave-63117/home/93765628,3,Central,216,761,3.9272727272727272,13.836363636363636
https://www.redfin.com/MO/Saint-Louis/6743-W-Park-Ave-63139/home/93765752,3,Central,216,761,3.9272727272727272,13.836363636363636
https://www.redfin.com/MO/Saint-Louis/3349-Macklind-Ave-63139/home/93742830,1,South,197,781,3.7884615384615383,15.019230769230768
https://www.redfin.com/MO/Saint-Louis/4333-Ellenwood-Ave-63116/home/93764787,1,South,197,781,3.7884615384615383,15.019230769230768
https://www.redfin.com/MO/Saint-Louis/4369-Evans-Ave-63113/home/93718901,3,Central,216,761,3.9272727272727272,13.836363636363636
https://www.redfin.com/MO/Saint-Louis/3647-Wisconsin-Ave-63118/home/93696919,2,South,118,726,2.681818181818182,16.5
https://www.redfin.com/MO/Saint-Louis/5474-Queens-Ave-63115/home/62697755,5,North,287,878,5.857142857142857,17.918367346938773
https://www.redfin.com/MO/Saint-Louis/5924-Michigan-Ave-63111/home/93708988,1,South,197,781,3.7884615384615383,15.019230769230768
https://www.redfin.com/MO/Saint-Louis/5379-Wabada-Ave-63112/home/93738313,3,Central,216,761,3.9272727272727272,13.836363636363636
https://www.redfin.com/MO/Saint-Louis/4739-Bessie-Ct-63115/home/93733490,3,Central,216,761,3.9272727272727272,13.836363636363636
https://www.redfin.com/MO/Saint-Louis/4454-Holly-Ave-63115/home/93714645,4,Central,349,1016,6.017241379310345,17.517241379310345
https://www.redfin.com/MO/Saint-Louis/3820-Greer-Ave-63107/home/93715936,4,Central,349,1016,6.017241379310345,17.517241379310345
https://www.redfin.com/MO/Saint-Louis/4543-Michigan-Ave-63111/home/93706187,1,South,197,781,3.7884615384615383,15.019230769230768
https://www.redfin.com/MO/Saint-Louis/4552-Ray-Ave-63116/home/93755947,1,South,197,781,3.7884615384615383,15.019230769230768
https://www.redfin.com/MO/Saint-Louis/2719-Keokuk-St-63118/home/93696287,1,South,197,781,3.7884615384615383,15.019230769230768
https://www.redfin.com/MO/Saint-Louis/4045-Walsh-St-63116/home/93767039,1,South,197,781,3.7884615384615383,15.019230769230768
https://www.redfin.com/MO/Saint-Louis/1545-Sells-Ave-63147/home/93732200,5,North,287,878,5.857142857142857,17.918367346938773
https://www.redfin.com/MO/Saint-Louis/3018-Texas-Ave-63118/home/93699066,2,South,118,726,2.681818181818182,16.5
https://www.redfin.com/MO/Saint-Louis/4540-Nebraska-Ave-63111/home/93706549,1,South,197,781,3.7884615384615383,15.019230769230768
https://www.redfin.com/MO/Saint-Louis/4610-Penrose-St-63115/home/93734190,3,Central,216,761,3.9272727272727272,13.836363636363636
https://www.redfin.com/MO/Saint-Louis/212-Espenschied-St-63111/home/93711574,1,South,197,781,3.7884615384615383,15.019230769230768
https://www.redfin.com/MO/Saint-Louis/122-W-Courtois-St-63111/home/93711186,1,South,197,781,3.7884615384615383,15.019230769230768
https://www.redfin.com/MO/Saint-Louis/4471-Dewey-Ave-63116/home/93730861,1,South,197,781,3.7884615384615383,15.019230769230768
https://www.redfin.com/MO/Saint-Louis/831-Hornsby-Ave-63147/home/93761174,5,North,287,878,5.857142857142857,17.918367346938773
https://www.redfin.com/MO/Saint-Louis/3623-S-Spring-Ave-63116/home/93766327,1,South,197,781,3.7884615384615383,15.019230769230768
https://www.redfin.com/MO/St-Louis/4431-Alaska-63116/home/194911825,1,South,197,781,3.7884615384615383,15.019230769230768
https://www.redfin.com/MO/Saint-Louis/3515-Itaska-St-63111/home/93707165,1,South,197,781,3.7884615384615383,15.019230769230768
https://www.redfin.com/MO/Saint-Louis/6418-West-Ct-63116/home/93779275,1,South,197,781,3.7884615384615383,15.019230769230768
https://www.redfin.com/MO/Saint-Louis/7721-Michigan-Ave-63111/home/93711084,1,South,197,781,3.7884615384615383,15.019230769230768
https://www.redfin.com/MO/Saint-Louis/3729-S-Spring-Ave-63116/home/93766361,1,South,197,781,3.7884615384615383,15.019230769230768
https://www.redfin.com/MO/Saint-Louis/3641-Hebert-St-63107/home/93702075,4,Central,349,1016,6.017241379310345,17.517241379310345
https://www.redfin.com/MO/Saint-Louis/4823-Terrace-Ave-63116/home/93759241,1,South,197,781,3.7884615384615383,15.019230769230768
https://www.redfin.com/MO/Saint-Louis/7725-Ivory-Ave-63111/home/62750546,1,South,197,781,3.7884615384615383,15.019230769230768
https://www.redfin.com/MO/Saint-Louis/4762-Hamburg-Ave-63123/home/93759443,1,South,197,781,3.7884615384615383,15.019230769230768
https://www.redfin.com/MO/Saint-Louis/3125-Michigan-Ave-63118/home/93692807,3,Central,216,761,3.9272727272727272,13.836363636363636
https://www.redfin.com/MO/Saint-Louis/5741-Itaska-St-63109/home/93767952,1,South,197,781,3.7884615384615383,15.019230769230768
https://www.redfin.com/MO/Saint-Louis/5923-Scanlan-Ave-63139/home/93775802,3,Central,216,761,3.9272727272727272,13.836363636363636
https://www.redfin.com/MO/Saint-Louis/5447-Eichelberger-St-63109/home/62744530,1,South,197,781,3.7884615384615383,15.019230769230768
https://www.redfin.com/MO/Saint-Louis/4404-Taft-Ave-63116/home/93764695,1,South,197,781,3.7884615384615383,15.019230769230768
https://www.redfin.com/MO/Saint-Louis/4140-Cleveland-Ave-63110/home/62728310,3,Central,216,761,3.9272727272727272,13.836363636363636
https://www.redfin.com/MO/Saint-Louis/3953-Eiler-St-63116/home/93770156,1,South,197,781,3.7884615384615383,15.019230769230768
https://www.redfin.com/MO/Saint-Louis/3445-Ivanhoe-Ave-63139/home/93743437,3,Central,216,761,3.9272727272727272,13.836363636363636
https://www.redfin.com/MO/Saint-Louis/5456-Pernod-Ave-63139/home/93782048,1,South,197,781,3.7884615384615383,15.019230769230768
https://www.redfin.com/MO/Saint-Louis/5129-Cologne-Ave-63116/home/62730257,1,South,197,781,3.7884615384615383,15.019230769230768
https://www.redfin.com/MO/Saint-Louis/6817-W-Park-Ave-63139/home/93765625,3,Central,216,761,3.9272727272727272,13.836363636363636
https://www.redfin.com/MO/Saint-Louis/4000-Steffens-Ave-63116/home/93785705,1,South,197,781,3.7884615384615383,15.019230769230768
https://www.redfin.com/MO/Saint-Louis/6170-McPherson-Ave-63112/home/77510184,3,Central,216,761,3.9272727272727272,13.836363636363636
https://www.redfin.com/MO/Saint-Louis/6758-Wise-Ave-63139/home/62694448,3,Central,216,761,3.9272727272727272,13.836363636363636
https://www.redfin.com/MO/Saint-Louis/6815-Wise-Ave-63139/home/93759932,3,Central,216,761,3.9272727272727272,13.836363636363636
https://www.redfin.com/MO/Saint-Louis/6732-Sutherland-Ave-63109/home/93774252,1,South,197,781,3.7884615384615383,15.019230769230768
https://www.redfin.com/MO/Saint-Louis/5747-Lansdowne-Ave-63109/home/93752710,1,South,197,781,3.7884615384615383,15.019230769230768
https://www.redfin.com/MO/Saint-Louis/2138-Knox-Ave-63139/home/93761520,3,Central,216,761,3.9272727272727272,13.836363636363636
https://www.redfin.com/MO/Saint-Louis/6925-Wanda-Ct-63116/home/93784379,1,South,197,781,3.7884615384615383,15.019230769230768
https://www.redfin.com/MO/Saint-Louis/6709-Lansdowne-Ave-63109/home/93774225,1,South,197,781,3.7884615384615383,15.019230769230768
https://www.redfin.com/MO/Saint-Louis/3832-Connecticut-St-63116/home/62712114,3,Central,216,761,3.9272727272727272,13.836363636363636
https://www.redfin.com/MO/Saint-Louis/5730-Pernod-Ave-63139/home/62722488,1,South,197,781,3.7884615384615383,15.019230769230768
https://www.redfin.com/MO/Saint-Louis/5907-Leona-St-63116/home/93770873,1,South,197,781,3.7884615384615383,15.019230769230768
https://www.redfin.com/MO/Saint-Louis/2421-S-13th-St-63104/home/93686686,4,Central,349,1016,6.017241379310345,17.517241379310345
https://www.redfin.com/MO/Saint-Louis/5818-Rhodes-Ave-63109/home/93777685,1,South,197,781,3.7884615384615383,15.019230769230768
https://www.redfin.com/MO/Saint-Louis/4068-Toenges-Ave-63116/home/92224175,1,South,197,781,3.7884615384615383,15.019230769230768
https://www.redfin.com/MO/Saint-Louis/4164-Kettler-Rd-63123/home/62737512,1,South,197,781,3.7884615384615383,15.019230769230768
https://www.redfin.com/MO/Saint-Louis/5157-Eichelberger-St-63109/home/93767755,1,South,197,781,3.7884615384615383,15.019230769230768
https://www.redfin.com/MO/Saint-Louis/5441-Nottingham-Ave-63109/home/87279943,1,South,197,781,3.7884615384615383,15.019230769230768
https://www.redfin.com/MO/Saint-Louis/3436-McKean-Ave-63118/home/93693082,1,South,197,781,3.7884615384615383,15.019230769230768
https://www.redfin.com/MO/Saint-Louis/4028-Quincy-St-63116/home/93777719,1,South,197,781,3.7884615384615383,15.019230769230768
https://www.redfin.com/MO/Saint-Louis/532-Fassen-St-63111/home/69444307,1,South,197,781,3.7884615384615383,15.019230769230768
https://www.redfin.com/MO/Saint-Louis/3400-Humphrey-St-63118/home/93693356,1,South,197,781,3.7884615384615383,15.019230769230768
https://www.redfin.com/MO/Saint-Louis/2235-Edwards-St-63110/home/93727470,3,Central,216,761,3.9272727272727272,13.836363636363636
https://www.redfin.com/MO/Saint-Louis/6326-Juniata-St-63139/home/93741718,3,Central,216,761,3.9272727272727272,13.836363636363636
https://www.redfin.com/MO/Saint-Louis/3712-Juniata-St-63116/home/93699760,3,Central,216,761,3.9272727272727272,13.836363636363636
https://www.redfin.com/MO/Saint-Louis/2613-Arkansas-Ave-63118/home/93692259,3,Central,216,761,3.9272727272727272,13.836363636363636
https://www.redfin.com/MO/Saint-Louis/5974-Park-Ln-63147/home/93770493,5,North,287,878,5.857142857142857,17.918367346938773
https://www.redfin.com/MO/St-Louis/3221-Ivanhoe-Ave-63139/home/198198927,3,Central,216,761,3.9272727272727272,13.836363636363636
https://www.redfin.com/MO/Saint-Louis/6631-Pernod-Ave-63139/home/62757044,1,South,197,781,3.7884615384615383,15.019230769230768
https://www.redfin.com/MO/Saint-Louis/5319-Daggett-Ave-63110/home/93726891,3,Central,216,761,3.9272727272727272,13.836363636363636
https://www.redfin.com/MO/Saint-Louis/4941-Delor-St-63109/home/93766864,1,South,197,781,3.7884615384615383,15.019230769230768
https://www.redfin.com/MO/Saint-Louis/2415-Menard-St-63104/home/93686791,4,Central,349,1016,6.017241379310345,17.517241379310345
https://www.redfin.com/MO/Saint-Louis/2816-Oregon-Ave-63118/home/62769364,4,Central,349,1016,6.017241379310345,17.517241379310345
https://www.redfin.com/MO/Saint-Louis/5710-Walsh-St-63109/home/93768205,1,South,197,781,3.7884615384615383,15.019230769230768
https://www.redfin.com/MO/Saint-Louis/6425-Alabama-Ave-63111/home/93709380,1,South,197,781,3.7884615384615383,15.019230769230768
https://www.redfin.com/MO/Saint-Louis/5733-Tholozan-Ave-63109/home/93781059,1,South,197,781,3.7884615384615383,15.019230769230768
https://www.redfin.com/MO/Saint-Louis/5701-Goethe-Ave-63109/home/93779181,1,South,197,781,3.7884615384615383,15.019230769230768
https://www.redfin.com/MO/Saint-Louis/6388-Smiley-Ave-63139/home/93741709,3,Central,216,761,3.9272727272727272,13.836363636363636
https://www.redfin.com/MO/Saint-Louis/6719-Nashville-Ave-63139/home/93765597,3,Central,216,761,3.9272727272727272,13.836363636363636
https://www.redfin.com/MO/Saint-Louis/2912-Virginia-Ave-63118/home/93692621,3,Central,216,761,3.9272727272727272,13.836363636363636
https://www.redfin.com/MO/Saint-Louis/4462-Wilcox-Ave-63116/home/93761689,1,South,197,781,3.7884615384615383,15.019230769230768
https://www.redfin.com/MO/Saint-Louis/7813-Decatur-Dr-63123/home/93784755,1,South,197,781,3.7884615384615383,15.019230769230768
https://www.redfin.com/MO/Saint-Louis/6605-Morganford-Rd-63116/home/93771795,1,South,197,781,3.7884615384615383,15.019230769230768
https://www.redfin.com/MO/Saint-Louis/5636-Leona-St-63116/home/93774786,1,South,197,781,3.7884615384615383,15.019230769230768
https://www.redfin.com/MO/Saint-Louis/4317-Duke-St-63116/home/93765092,1,South,197,781,3.7884615384615383,15.019230769230768
https://www.redfin.com/MO/Saint-Louis/5670-Pernod-Ave-63139/home/93781945,1,South,197,781,3.7884615384615383,15.019230769230768
https://www.redfin.com/MO/Saint-Louis/6627-Arsenal-St-63139/home/93741831,3,Central,216,761,3.9272727272727272,13.836363636363636
https://www.redfin.com/MO/Saint-Louis/4333-Schirmer-St-63116/home/93783775,1,South,197,781,3.7884615384615383,15.019230769230768
https://www.redfin.com/MO/Saint-Louis/3749-Roswell-Ave-63116/home/93711986,1,South,197,781,3.7884615384615383,15.019230769230768
https://www.redfin.com/MO/Saint-Louis/7015-Marquette-Ave-63139/home/93743475,3,Central,216,761,3.9272727272727272,13.836363636363636
https://www.redfin.com/MO/Saint-Louis/4108-Haven-St-63116/home/93778183,1,South,197,781,3.7884615384615383,15.019230769230768
https://www.redfin.com/MO/Saint-Louis/5441-Reber-Pl-63139/home/93727326,3,Central,216,761,3.9272727272727272,13.836363636363636
https://www.redfin.com/MO/Saint-Louis/6624-Neosho-St-63109/home/62768312,1,South,197,781,3.7884615384615383,15.019230769230768
https://www.redfin.com/MO/Saint-Louis/6457-Lloyd-Ave-63139/home/93740819,3,Central,216,761,3.9272727272727272,13.836363636363636
https://www.redfin.com/MO/Saint-Louis/4477-Itaska-St-63116/home/62691956,1,South,197,781,3.7884615384615383,15.019230769230768
https://www.redfin.com/MO/Saint-Louis/4642-Steffens-Ave-63116/home/93767187,1,South,197,781,3.7884615384615383,15.019230769230768
https://www.redfin.com/MO/Saint-Louis/4417-Shaw-Blvd-63110/home/93767508,3,Central,216,761,3.9272727272727272,13.836363636363636
https://www.redfin.com/MO/Saint-Louis/3219-Regal-Pl-63139/home/143286862,3,Central,216,761,3.9272727272727272,13.836363636363636
https://www.redfin.com/MO/Saint-Louis/4119-Haven-St-63116/home/62691743,1,South,197,781,3.7884615384615383,15.019230769230768
https://www.redfin.com/MO/Saint-Louis/6811-Marquette-Ave-63139/home/93743425,3,Central,216,761,3.9272727272727272,13.836363636363636
https://www.redfin.com/MO/Saint-Louis/6421-Hancock-Ave-63139/home/93743265,3,Central,216,761,3.9272727272727272,13.836363636363636
https://www.redfin.com/MO/Saint-Louis/1503-Cutter-Ave-63139/home/93672436,3,Central,216,761,3.9272727272727272,13.836363636363636
https://www.redfin.com/MO/Saint-Louis/3634-Childress-Ave-63109/home/93778339,1,South,197,781,3.7884615384615383,15.019230769230768
https://www.redfin.com/MO/Saint-Louis/6331-Henry-Ave-63116/home/93756828,1,South,197,781,3.7884615384615383,15.019230769230768
https://www.redfin.com/MO/Saint-Louis/4133-Lafayette-Ave-63110/home/93760825,3,Central,216,761,3.9272727272727272,13.836363636363636
https://www.redfin.com/MO/Saint-Louis/3627-Louisiana-Ave-63118/home/93695220,1,South,197,781,3.7884615384615383,15.019230769230768
https://www.redfin.com/MO/Crystal-City/6921-Blow-63019/home/196000074,1,South,197,781,3.7884615384615383,15.019230769230768
https://www.redfin.com/MO/Saint-Louis/5261-Fairview-Ave-63139/home/62769464,1,South,197,781,3.7884615384615383,15.019230769230768
https://www.redfin.com/MO/Saint-Louis/4177-Walsh-St-63116/home/93767022,1,South,197,781,3.7884615384615383,15.019230769230768
https://www.redfin.com/MO/Saint-Louis/3651-Blaine-Ave-63110/home/93700364,3,Central,216,761,3.9272727272727272,13.836363636363636
https://www.redfin.com/MO/Saint-Louis/7059-Sutherland-Ave-63109/home/93774599,1,South,197,781,3.7884615384615383,15.019230769230768
https://www.redfin.com/MO/Saint-Louis/1033-Fairmount-Ave-63139/home/62758934,3,Central,216,761,3.9272727272727272,13.836363636363636
https://www.redfin.com/MO/Saint-Louis/5341-Lindenwood-Ave-63109/home/93781777,1,South,197,781,3.7884615384615383,15.019230769230768
https://www.redfin.com/MO/Saint-Louis/6308-Lansdowne-Ave-63109/home/62733221,1,South,197,781,3.7884615384615383,15.019230769230768
https://www.redfin.com/MO/Saint-Louis/4504-Eichelberger-St-63116/home/93767609,1,South,197,781,3.7884615384615383,15.019230769230768
https://www.redfin.com/MO/Saint-Louis/5041-Rhodes-Ave-63109/home/93771240,1,South,197,781,3.7884615384615383,15.019230769230768
https://www.redfin.com/MO/Saint-Louis/5091-Milentz-Ave-63109/home/93771218,1,South,197,781,3.7884615384615383,15.019230769230768
https://www.redfin.com/MO/Saint-Louis/4258-Hartford-St-63116/home/93749891,3,Central,216,761,3.9272727272727272,13.836363636363636
https://www.redfin.com/MO/Saint-Louis/5000-Plover-Ave-63120/home/93759738,5,North,287,878,5.857142857142857,17.918367346938773
https://www.redfin.com/MO/Saint-Louis/2926-Salena-St-63118/home/93698920,2,South,118,726,2.681818181818182,16.5
https://www.redfin.com/MO/Saint-Louis/6312-Bradley-Ave-63139/home/93776324,3,Central,216,761,3.9272727272727272,13.836363636363636
https://www.redfin.com/MO/Saint-Louis/4023-Walsh-St-63116/home/93777268,1,South,197,781,3.7884615384615383,15.019230769230768
https://www.redfin.com/MO/Saint-Louis/5300-Loughborough-Ave-63109/home/62739203,1,South,197,781,3.7884615384615383,15.019230769230768
https://www.redfin.com/MO/Saint-Louis/6444-Murdoch-Ave-63109/home/93779853,1,South,197,781,3.7884615384615383,15.019230769230768
https://www.redfin.com/MO/Saint-Louis/5529-Murdoch-Ave-63109/home/93753275,1,South,197,781,3.7884615384615383,15.019230769230768
https://www.redfin.com/MO/Saint-Louis/4543-Varrelmann-Ave-63116/home/93756280,1,South,197,781,3.7884615384615383,15.019230769230768
https://www.redfin.com/MO/Saint-Louis/3521-Arsenal-St-63118/home/93692712,3,Central,216,761,3.9272727272727272,13.836363636363636
https://www.redfin.com/MO/Saint-Louis/5225-Dewey-Ave-63116/home/93742609,1,South,197,781,3.7884615384615383,15.019230769230768
https://www.redfin.com/MO/Saint-Louis/3904-Louis-St-63116/home/93785288,1,South,197,781,3.7884615384615383,15.019230769230768
https://www.redfin.com/MO/Saint-Louis/5233-Parker-Ave-63139/home/93742676,1,South,197,781,3.7884615384615383,15.019230769230768
https://www.redfin.com/MO/Saint-Louis/5234-Wilson-Ave-63110/home/93727661,3,Central,216,761,3.9272727272727272,13.836363636363636
https://www.redfin.com/MO/Saint-Louis/3541-Tennessee-Ave-63118/home/93695426,1,South,197,781,3.7884615384615383,15.019230769230768
https://www.redfin.com/MO/Saint-Louis/5533-Murdoch-Ave-63109/home/93753276,1,South,197,781,3.7884615384615383,15.019230769230768
https://www.redfin.com/MO/Saint-Louis/6203-Wade-Ave-63139/home/93726346,3,Central,216,761,3.9272727272727272,13.836363636363636
https://www.redfin.com/MO/Saint-Louis/6210-Reber-Pl-63139/home/93754695,3,Central,216,761,3.9272727272727272,13.836363636363636
https://www.redfin.com/MO/Saint-Louis/4035-S-Grand-Blvd-63118/home/93704444,1,South,197,781,3.7884615384615383,15.019230769230768
https://www.redfin.com/MO/Saint-Louis/7808-Wanda-Ave-63123/home/62756526,1,South,197,781,3.7884615384615383,15.019230769230768
https://www.redfin.com/MO/Saint-Louis/5411-Pernod-Ave-63139/home/93742325,1,South,197,781,3.7884615384615383,15.019230769230768
https://www.redfin.com/MO/Saint-Louis/7052-Tholozan-Ave-63109/home/93747886,1,South,197,781,3.7884615384615383,15.019230769230768
https://www.redfin.com/MO/Saint-Louis/5642-Winona-Ave-63109/home/62734706,1,South,197,781,3.7884615384615383,15.019230769230768
https://www.redfin.com/MO/Saint-Louis/4716-Alexander-St-63116/home/93750205,1,South,197,781,3.7884615384615383,15.019230769230768
https://www.redfin.com/MO/Saint-Louis/4077-Holly-Hills-Blvd-63116/home/93782076,1,South,197,781,3.7884615384615383,15.019230769230768
https://www.redfin.com/MO/Saint-Louis/5524-Devonshire-Ave-63109/home/62730905,1,South,197,781,3.7884615384615383,15.019230769230768
https://www.redfin.com/MO/Saint-Louis/6639-Marquette-Ave-63139/home/93748836,3,Central,216,761,3.9272727272727272,13.836363636363636
https://www.redfin.com/MO/Saint-Louis/3235-Hartford-St-63118/home/93692775,3,Central,216,761,3.9272727272727272,13.836363636363636
https://www.redfin.com/MO/Saint-Louis/2007-Lilly-Ave-63110/home/93726911,3,Central,216,761,3.9272727272727272,13.836363636363636
https://www.redfin.com/MO/Saint-Louis/4932-Fairview-Ave-63139/home/62737376,1,South,197,781,3.7884615384615383,15.019230769230768
https://www.redfin.com/MO/Saint-Louis/6265-Walsh-St-63109/home/93780264,1,South,197,781,3.7884615384615383,15.019230769230768
https://www.redfin.com/MO/Saint-Louis/6562-Oleatha-Ave-63139/home/74295518,1,South,197,781,3.7884615384615383,15.019230769230768
https://www.redfin.com/MO/Saint-Louis/3845-Blow-St-63116/home/93773591,1,South,197,781,3.7884615384615383,15.019230769230768
https://www.redfin.com/MO/Saint-Louis/1230-Missouri-Ave-63104/home/62758516,4,Central,349,1016,6.017241379310345,17.517241379310345
https://www.redfin.com/MO/Saint-Louis/5211-Delor-St-63109/home/93766848,1,South,197,781,3.7884615384615383,15.019230769230768
https://www.redfin.com/MO/Saint-Louis/2725-Macklind-Ave-63139/home/93727293,3,Central,216,761,3.9272727272727272,13.836363636363636
https://www.redfin.com/MO/Saint-Louis/2258-Shenandoah-Ave-63104/home/93682969,4,Central,349,1016,6.017241379310345,17.517241379310345
https://www.redfin.com/MO/Saint-Louis/6634-Lindenwood-Pl-63109/home/93774954,1,South,197,781,3.7884615384615383,15.019230769230768
https://www.redfin.com/MO/Saint-Louis/4939-Lansdowne-Ave-63109/home/93752859,1,South,197,781,3.7884615384615383,15.019230769230768
https://www.redfin.com/MO/Saint-Louis/3124-Franke-Ct-63139/home/62729428,3,Central,216,761,3.9272727272727272,13.836363636363636
https://www.redfin.com/MO/Saint-Louis/5701-Finkman-St-63109/home/93777529,1,South,197,781,3.7884615384615383,15.019230769230768
https://www.redfin.com/MO/Saint-Louis/4528-Tholozan-Ave-63116/home/93730024,1,South,197,781,3.7884615384615383,15.019230769230768
https://www.redfin.com/MO/Saint-Louis/5210-Parker-Ave-63139/home/93742702,1,South,197,781,3.7884615384615383,15.019230769230768
https://www.redfin.com/MO/Saint-Louis/4444-Taft-Ave-63116/home/93764662,1,South,197,781,3.7884615384615383,15.019230769230768
https://www.redfin.com/MO/Saint-Louis/4239-Botanical-Ave-63110/home/62748652,3,Central,216,761,3.9272727272727272,13.836363636363636
https://www.redfin.com/MO/Saint-Louis/6757-Eichelberger-St-63109/home/93781552,1,South,197,781,3.7884615384615383,15.019230769230768
https://www.redfin.com/MO/Saint-Louis/4805-Allemania-St-63116/home/93756701,1,South,197,781,3.7884615384615383,15.019230769230768
https://www.redfin.com/MO/Saint-Louis/1505-Kraft-St-63139/home/93773124,3,Central,216,761,3.9272727272727272,13.836363636363636
https://www.redfin.com/MO/Saint-Louis/6423-Arsenal-St-63139/home/93741802,3,Central,216,761,3.9272727272727272,13.836363636363636
https://www.redfin.com/MO/Saint-Louis/4122-Federer-St-63116/home/93776671,1,South,197,781,3.7884615384615383,15.019230769230768
https://www.redfin.com/MO/Saint-Louis/5472-Nottingham-Ave-63109/home/93765210,1,South,197,781,3.7884615384615383,15.019230769230768
https://www.redfin.com/MO/Saint-Louis/4898-Margaretta-Ave-63115/home/93732586,3,Central,216,761,3.9272727272727272,13.836363636363636
https://www.redfin.com/MO/Saint-Louis/6821-Minnesota-Ave-63111/home/93710471,1,South,197,781,3.7884615384615383,15.019230769230768
https://www.redfin.com/MO/Saint-Louis/4450-Tholozan-Ave-63116/home/93730030,1,South,197,781,3.7884615384615383,15.019230769230768
https://www.redfin.com/MO/Saint-Louis/4226-Bates-St-63116/home/93761876,1,South,197,781,3.7884615384615383,15.019230769230768
https://www.redfin.com/MO/Saint-Louis/2327-Esther-Ave-63139/home/93741590,3,Central,216,761,3.9272727272727272,13.836363636363636
https://www.redfin.com/MO/Saint-Louis/6623-Fyler-Ave-63139/home/93741962,3,Central,216,761,3.9272727272727272,13.836363636363636
https://www.redfin.com/MO/Saint-Louis/4471-Beck-Ave-63116/home/93729771,1,South,197,781,3.7884615384615383,15.019230769230768
https://www.redfin.com/MO/Saint-Louis/6212-Michigan-Ave-63111/home/93709637,1,South,197,781,3.7884615384615383,15.019230769230768
https://www.redfin.com/MO/Saint-Louis/7156-Mardel-Ave-63109/home/62687152,1,South,197,781,3.7884615384615383,15.019230769230768
https://www.redfin.com/MO/Saint-Louis/1505-Tamm-Ave-63139/home/93740806,3,Central,216,761,3.9272727272727272,13.836363636363636
https://www.redfin.com/MO/Saint-Louis/8627-Park-Ln-63147/home/93732047,5,North,287,878,5.857142857142857,17.918367346938773
https://www.redfin.com/MO/Saint-Louis/3136-Rutger-St-63104/home/93689891,3,Central,216,761,3.9272727272727272,13.836363636363636
https://www.redfin.com/MO/Saint-Louis/2964-Milton-Blvd-63104/home/93691097,3,Central,216,761,3.9272727272727272,13.836363636363636
https://www.redfin.com/MO/Saint-Louis/6403-Macklind-Ave-63109/home/77306465,1,South,197,781,3.7884615384615383,15.019230769230768
https://www.redfin.com/MO/Saint-Louis/6214-Pershing-Ave-63130/home/93760143,3,Central,216,761,3.9272727272727272,13.836363636363636
https://www.redfin.com/MO/Saint-Louis/6752-Eichelberger-St-63109/home/62728115,1,South,197,781,3.7884615384615383,15.019230769230768
https://www.redfin.com/MO/Saint-Louis/6425-Myrlette-Ct-63116/home/66604230,1,South,197,781,3.7884615384615383,15.019230769230768
https://www.redfin.com/MO/Saint-Louis/6537-Marmaduke-Ave-63139/home/93743897,3,Central,216,761,3.9272727272727272,13.836363636363636
https://www.redfin.com/MO/Saint-Louis/4639-Virginia-Ave-63111/home/93673296,1,South,197,781,3.7884615384615383,15.019230769230768
https://www.redfin.com/MO/Saint-Louis/4558-Tower-Grove-Pl-63110/home/93728244,3,Central,216,761,3.9272727272727272,13.836363636363636
https://www.redfin.com/MO/Saint-Louis/3120-Eads-Ave-63104/home/93700451,3,Central,216,761,3.9272727272727272,13.836363636363636
https://www.redfin.com/MO/Saint-Louis/7401-Sharp-Ave-63116/home/93784844,1,South,197,781,3.7884615384615383,15.019230769230768
https://www.redfin.com/MO/Saint-Louis/6561-Bancroft-Ave-63109/home/93775540,1,South,197,781,3.7884615384615383,15.019230769230768
https://www.redfin.com/MO/Saint-Louis/6300-Juniata-St-63139/home/62735992,3,Central,216,761,3.9272727272727272,13.836363636363636
https://www.redfin.com/MO/Saint-Louis/6211-Odell-St-63139/home/93767635,3,Central,216,761,3.9272727272727272,13.836363636363636
https://www.redfin.com/MO/Saint-Louis/6523-Fyler-Ave-63139/home/93742107,3,Central,216,761,3.9272727272727272,13.836363636363636
https://www.redfin.com/MO/Saint-Louis/7120-Rabenberg-Pl-63143/home/93743159,3,Central,216,761,3.9272727272727272,13.836363636363636
https://www.redfin.com/MO/Saint-Louis/6750-Plateau-Ave-63139/home/93740802,3,Central,216,761,3.9272727272727272,13.836363636363636
https://www.redfin.com/MO/Saint-Louis/6151-Columbia-Ave-63139/home/93743722,3,Central,216,761,3.9272727272727272,13.836363636363636
https://www.redfin.com/MO/Saint-Louis/1516-Switzer-Ave-63147/home/93732297,5,North,287,878,5.857142857142857,17.918367346938773
https://www.redfin.com/MO/Saint-Louis/4144-Davis-St-63123/home/93783899,1,South,197,781,3.7884615384615383,15.019230769230768
https://www.redfin.com/MO/Saint-Louis/7128-Bancroft-Ave-63109/home/93749069,1,South,197,781,3.7884615384615383,15.019230769230768
https://www.redfin.com/MO/Saint-Louis/6401-Clifton-Hills-Dr-63139/home/93784656,3,Central,216,761,3.9272727272727272,13.836363636363636
https://www.redfin.com/MO/Saint-Louis/2733-Hermitage-Ave-63143/home/93743942,3,Central,216,761,3.9272727272727272,13.836363636363636
https://www.redfin.com/MO/Saint-Louis/7054-Eichelberger-Dr-63123/home/93782468,1,South,197,781,3.7884615384615383,15.019230769230768
https://www.redfin.com/MO/Saint-Louis/6641-Pernod-Ave-63139/home/93778932,1,South,197,781,3.7884615384615383,15.019230769230768
https://www.redfin.com/MO/Saint-Louis/6721-Itaska-St-63109/home/93781447,1,South,197,781,3.7884615384615383,15.019230769230768
https://www.redfin.com/MO/Saint-Louis/6718-Marquette-Ave-63139/home/93778808,1,South,197,781,3.7884615384615383,15.019230769230768
https://www.redfin.com/MO/Saint-Louis/5929-Cates-Ave-63112/home/93739608,3,Central,216,761,3.9272727272727272,13.836363636363636
https://www.redfin.com/MO/Saint-Louis/5453-Bancroft-Ave-63109/home/62757066,1,South,197,781,3.7884615384615383,15.019230769230768
https://www.redfin.com/MO/Saint-Louis/6271-Kinsey-Pl-63109/home/93783593,1,South,197,781,3.7884615384615383,15.019230769230768
https://www.redfin.com/MO/Saint-Louis/6962-Plainview-Ave-63109/home/62732880,1,South,197,781,3.7884615384615383,15.019230769230768
https://www.redfin.com/MO/Saint-Louis/2638-Dalton-Ave-63139/home/93726796,3,Central,216,761,3.9272727272727272,13.836363636363636
https://www.redfin.com/MO/Saint-Louis/3807-Tamm-Ave-63109/home/62715461,1,South,197,781,3.7884615384615383,15.019230769230768
https://www.redfin.com/MO/Saint-Louis/6625-Hancock-Ave-63139/home/93743312,3,Central,216,761,3.9272727272727272,13.836363636363636
https://www.redfin.com/MO/Saint-Louis/1231-Hornsby-Ave-63147/home/93731557,5,North,287,878,5.857142857142857,17.918367346938773
https://www.redfin.com/MO/Saint-Louis/6056-Childress-Ave-63109/home/93783870,1,South,197,781,3.7884615384615383,15.019230769230768
https://www.redfin.com/MO/Saint-Louis/5341-Reber-Pl-63139/home/93727504,3,Central,216,761,3.9272727272727272,13.836363636363636
https://www.redfin.com/MO/Saint-Louis/5700-Arthur-Ave-63139/home/93743028,3,Central,216,761,3.9272727272727272,13.836363636363636
https://www.redfin.com/MO/Saint-Louis/6568-Odell-St-63139/home/62768107,3,Central,216,761,3.9272727272727272,13.836363636363636
https://www.redfin.com/MO/Saint-Louis/4005-Eichelberger-St-63116/home/93757720,1,South,197,781,3.7884615384615383,15.019230769230768
https://www.redfin.com/MO/Saint-Louis/6451-Odell-St-63139/home/93744977,3,Central,216,761,3.9272727272727272,13.836363636363636
https://www.redfin.com/MO/Saint-Louis/1712-Belle-Glade-Ave-63113/home/93786431,3,Central,216,761,3.9272727272727272,13.836363636363636
https://www.redfin.com/MO/Saint-Louis/4023-Healy-Ct-63123/home/93783882,1,South,197,781,3.7884615384615383,15.019230769230768
https://www.redfin.com/MO/Saint-Louis/6445-Odell-St-63139/home/62765346,3,Central,216,761,3.9272727272727272,13.836363636363636
https://www.redfin.com/MO/Saint-Louis/6945-Lindenwood-Pl-63109/home/93748050,1,South,197,781,3.7884615384615383,15.019230769230768
https://www.redfin.com/MO/Saint-Louis/6608-Oakland-Ave-63139/home/93740545,3,Central,216,761,3.9272727272727272,13.836363636363636
https://www.redfin.com/MO/Saint-Louis/6203-Tilden-Ave-63116/home/93765712,1,South,197,781,3.7884615384615383,15.019230769230768
https://www.redfin.com/MO/Saint-Louis/1501-Switzer-Ave-63147/home/63685813,5,North,287,878,5.857142857142857,17.918367346938773
https://www.redfin.com/MO/Saint-Louis/3838-Federer-Pl-63116/home/93773567,1,South,197,781,3.7884615384615383,15.019230769230768
https://www.redfin.com/MO/Saint-Louis/7026-Winona-Ave-63109/home/93747686,1,South,197,781,3.7884615384615383,15.019230769230768
https://www.redfin.com/MO/Saint-Louis/7105-S-Grand-Ave-63111/home/93711751,1,South,197,781,3.7884615384615383,15.019230769230768
https://www.redfin.com/MO/Saint-Louis/6968-Winona-Ave-63109/home/93747737,1,South,197,781,3.7884615384615383,15.019230769230768
https://www.redfin.com/MO/Saint-Louis/7217-Pennsylvania-Ave-63111/home/93710708,1,South,197,781,3.7884615384615383,15.019230769230768
https://www.redfin.com/MO/Saint-Louis/6682-W-Park-Ave-63139/home/93750063,3,Central,216,761,3.9272727272727272,13.836363636363636
https://www.redfin.com/MO/Saint-Louis/3138-Illinois-Ave-63118/home/93699278,2,South,118,726,2.681818181818182,16.5
https://www.redfin.com/MO/Saint-Louis/4251-W-Maffitt-Ave-63113/home/93678024,3,Central,216,761,3.9272727272727272,13.836363636363636
https://www.redfin.com/MO/Saint-Louis/7033-Pernod-Ave-63139/home/93748475,1,South,197,781,3.7884615384615383,15.019230769230768
https://www.redfin.com/MO/Saint-Louis/913-Morrison-Ave-63104/home/93685512,4,Central,349,1016,6.017241379310345,17.517241379310345
https://www.redfin.com/MO/Saint-Louis/6509-Marquette-Ave-63139/home/93748834,1,South,197,781,3.7884615384615383,15.019230769230768
https://www.redfin.com/MO/Saint-Louis/4112-Poepping-St-63123/home/93784338,1,South,197,781,3.7884615384615383,15.019230769230768
https://www.redfin.com/MO/Saint-Louis/4950-Eichelberger-St-63109/home/93765434,1,South,197,781,3.7884615384615383,15.019230769230768
https://www.redfin.com/MO/Saint-Louis/1648-Orchid-Ave-63147/home/93731806,5,North,287,878,5.857142857142857,17.918367346938773
https://www.redfin.com/MO/Saint-Louis/4101-Healy-Ct-63123/home/62716808,1,South,197,781,3.7884615384615383,15.019230769230768
https://www.redfin.com/MO/Saint-Louis/5932-Finkman-St-63109/home/93784014,1,South,197,781,3.7884615384615383,15.019230769230768
https://www.redfin.com/MO/Saint-Louis/5972-Tara-Ln-63147/home/93770711,5,North,287,878,5.857142857142857,17.918367346938773
https://www.redfin.com/MO/Saint-Louis/7018-Holly-Hills-Ave-63123/home/93782471,1,South,197,781,3.7884615384615383,15.019230769230768
https://www.redfin.com/MO/Saint-Louis/6656-Oleatha-Ave-63139/home/93778993,1,South,197,781,3.7884615384615383,15.019230769230768
https://www.redfin.com/MO/Saint-Louis/5811-Finkman-St-63109/home/93777660,1,South,197,781,3.7884615384615383,15.019230769230768
https://www.redfin.com/MO/Saint-Louis/3425-Halliday-Ave-63118/home/93692504,3,Central,216,761,3.9272727272727272,13.836363636363636
https://www.redfin.com/MO/Saint-Louis/5445-N-Kingshighway-Blvd-63115/home/93752026,5,North,287,878,5.857142857142857,17.918367346938773
https://www.redfin.com/MO/Saint-Louis/5536-Lisette-Ave-63109/home/93776618,1,South,197,781,3.7884615384615383,15.019230769230768
https://www.redfin.com/MO/Saint-Louis/6269-Kinsey-Pl-63109/home/93783592,1,South,197,781,3.7884615384615383,15.019230769230768
https://www.redfin.com/MO/Saint-Louis/3915-Blow-St-63116/home/93773365,1,South,197,781,3.7884615384615383,15.019230769230768
https://www.redfin.com/MO/Saint-Louis/4815-Minnesota-Ave-63111/home/93707667,1,South,197,781,3.7884615384615383,15.019230769230768
https://www.redfin.com/MO/Saint-Louis/4916-W-Florissant-Ave-63115/home/62695103,5,North,287,878,5.857142857142857,17.918367346938773
https://www.redfin.com/MO/Saint-Louis/5730-Bancroft-Ave-63109/home/93753092,1,South,197,781,3.7884615384615383,15.019230769230768
https://www.redfin.com/MO/Saint-Louis/2765-Tamm-Ave-63139/home/93707792,3,Central,216,761,3.9272727272727272,13.836363636363636
https://www.redfin.com/MO/Saint-Louis/5169-Vernon-Ave-63113/home/62773850,3,Central,216,761,3.9272727272727272,13.836363636363636
https://www.redfin.com/MO/Saint-Louis/6505-Michigan-Ave-63111/home/93709683,1,South,197,781,3.7884615384615383,15.019230769230768
https://www.redfin.com/MO/Saint-Louis/6821-Garner-Ave-63139/home/93741066,3,Central,216,761,3.9272727272727272,13.836363636363636
https://www.redfin.com/MO/Saint-Louis/6817-Garner-Ave-63139/home/93741059,3,Central,216,761,3.9272727272727272,13.836363636363636
https://www.redfin.com/MO/Saint-Louis/8120-Parkridge-Dr-63123/home/93784253,1,South,197,781,3.7884615384615383,15.019230769230768
https://www.redfin.com/MO/Saint-Louis/3848-Eiler-St-63116/home/93761611,1,South,197,781,3.7884615384615383,15.019230769230768
https://www.redfin.com/MO/Saint-Louis/5273-Parker-Ave-63139/home/93742681,1,South,197,781,3.7884615384615383,15.019230769230768
https://www.redfin.com/MO/Saint-Louis/8954-Edna-St-63147/home/93731519,5,North,287,878,5.857142857142857,17.918367346938773
https://www.redfin.com/MO/Saint-Louis/5467-Clifton-Ave-63109/home/93783476,1,South,197,781,3.7884615384615383,15.019230769230768
https://www.redfin.com/MO/Saint-Louis/6580-Oleatha-Ave-63139/home/93778938,1,South,197,781,3.7884615384615383,15.019230769230768
https://www.redfin.com/MO/Saint-Louis/2747-Rutger-St-63104/home/173619015,4,Central,349,1016,6.017241379310345,17.517241379310345
https://www.redfin.com/MO/Saint-Louis/7024-Stanley-Ave-63143/home/93744193,3,Central,216,761,3.9272727272727272,13.836363636363636
https://www.redfin.com/MO/Saint-Louis/2349-S-11th-St-63104/home/62741473,4,Central,349,1016,6.017241379310345,17.517241379310345
https://www.redfin.com/MO/Saint-Louis/4329-Alma-Ave-63116/home/93771926,1,South,197,781,3.7884615384615383,15.019230769230768
https://www.redfin.com/MO/Saint-Louis/4253-Holly-Ave-63115/home/93714413,4,Central,349,1016,6.017241379310345,17.517241379310345
https://www.redfin.com/MO/Saint-Louis/5185-Enright-Ave-63108/home/93744914,3,Central,216,761,3.9272727272727272,13.836363636363636
https://www.redfin.com/MO/Saint-Louis/1063-Hornsby-Ave-63147/home/93761150,5,North,287,878,5.857142857142857,17.918367346938773
https://www.redfin.com/MO/Saint-Louis/7223-Pennsylvania-Ave-63111/home/93710707,1,South,197,781,3.7884615384615383,15.019230769230768
https://www.redfin.com/MO/Saint-Louis/5095-Raymond-Ave-63113/home/93752500,3,Central,216,761,3.9272727272727272,13.836363636363636
https://www.redfin.com/MO/Saint-Louis/3141-Potomac-St-63118/home/93695074,1,South,197,781,3.7884615384615383,15.019230769230768
https://www.redfin.com/MO/Saint-Louis/4725-Maffitt-Ave-63113/home/93748625,3,Central,216,761,3.9272727272727272,13.836363636363636
https://www.redfin.com/MO/Saint-Louis/4246-Nebraska-Ave-63111/home/93705534,1,South,197,781,3.7884615384615383,15.019230769230768
https://www.redfin.com/MO/Saint-Louis/7307-Minnesota-Ave-63111/home/93710809,1,South,197,781,3.7884615384615383,15.019230769230768
https://www.redfin.com/MO/Saint-Louis/8226-Frederick-St-63147/home/93760550,5,North,287,878,5.857142857142857,17.918367346938773
https://www.redfin.com/MO/Saint-Louis/4116-E-Iowa-Ave-63118/home/93705061,1,South,197,781,3.7884615384615383,15.019230769230768
https://www.redfin.com/MO/Saint-Louis/4339-Linton-Ave-63107/home/93712881,4,Central,349,1016,6.017241379310345,17.517241379310345
https://www.redfin.com/MO/Saint-Louis/6619-Vermont-Ave-63111/home/93709861,1,South,197,781,3.7884615384615383,15.019230769230768
https://www.redfin.com/MO/Saint-Louis/3906-Bates-St-63116/home/93781580,1,South,197,781,3.7884615384615383,15.019230769230768
https://www.redfin.com/MO/Saint-Louis/3841-Michigan-Ave-63118/home/93695739,1,South,197,781,3.7884615384615383,15.019230769230768
https://www.redfin.com/MO/Saint-Louis/4419-Holly-Ave-63115/home/93714503,4,Central,349,1016,6.017241379310345,17.517241379310345
https://www.redfin.com/MO/Saint-Louis/6049-Shulte-Ave-63136/home/93758488,5,North,287,878,5.857142857142857,17.918367346938773
https://www.redfin.com/MO/Saint-Louis/5653-Park-Ln-63136/home/93769991,5,North,287,878,5.857142857142857,17.918367346938773
https://www.redfin.com/MO/Saint-Louis/4871-Anderson-Ave-63115/home/93732968,5,North,287,878,5.857142857142857,17.918367346938773
https://www.redfin.com/MO/Saint-Louis/4422-Pennsylvania-Ave-63111/home/93706067,1,South,197,781,3.7884615384615383,15.019230769230768
https://www.redfin.com/MO/Saint-Louis/4950-Labadie-Ave-63115/home/93755807,3,Central,216,761,3.9272727272727272,13.836363636363636
https://www.redfin.com/MO/Saint-Louis/3417-Park-Ave-63104/home/93700999,3,Central,216,761,3.9272727272727272,13.836363636363636
https://www.redfin.com/MO/Saint-Louis/3114-Clarence-Pl-63115/home/93736150,3,Central,216,761,3.9272727272727272,13.836363636363636
https://www.redfin.com/MO/Saint-Louis/4341-Minnesota-Ave-63111/home/93705880,1,South,197,781,3.7884615384615383,15.019230769230768
https://www.redfin.com/MO/Saint-Louis/6270-Gravois-Ave-63116/home/62724793,1,South,197,781,3.7884615384615383,15.019230769230768
https://www.redfin.com/MO/Saint-Louis/3008-Chippewa-St-63118/home/93695956,1,South,197,781,3.7884615384615383,15.019230769230768
https://www.redfin.com/MO/Saint-Louis/4960-Thekla-Ave-63115/home/93763161,5,North,287,878,5.857142857142857,17.918367346938773
https://www.redfin.com/MO/Saint-Louis/4621-Evans-Ave-63113/home/93721002,3,Central,216,761,3.9272727272727272,13.836363636363636
https://www.redfin.com/MO/Saint-Louis/5276-Genevieve-Ave-63120/home/93763129,5,North,287,878,5.857142857142857,17.918367346938773
https://www.redfin.com/MO/Saint-Louis/8460-Edna-St-63147/home/93731350,5,North,287,878,5.857142857142857,17.918367346938773
https://www.redfin.com/MO/Saint-Louis/4859-Sacramento-Ave-63115/home/93732634,3,Central,216,761,3.9272727272727272,13.836363636363636
https://www.redfin.com/MO/Saint-Louis/2912-Indiana-Ave-63118/home/93699027,4,Central,349,1016,6.017241379310345,17.517241379310345
https://www.redfin.com/MO/Saint-Louis/3030-Chippewa-St-63118/home/93696023,1,South,197,781,3.7884615384615383,15.019230769230768
https://www.redfin.com/MO/Saint-Louis/5714-Maple-Ave-63112/home/93709829,3,Central,216,761,3.9272727272727272,13.836363636363636
https://www.redfin.com/MO/Saint-Louis/2012-Mallinckrodt-St-63107/home/93688826,4,Central,349,1016,6.017241379310345,17.517241379310345
https://www.redfin.com/MO/Saint-Louis/4844-Northland-Ave-63113/home/93737180,3,Central,216,761,3.9272727272727272,13.836363636363636
https://www.redfin.com/MO/Saint-Louis/7027-Michigan-Ave-63111/home/93710184,1,South,197,781,3.7884615384615383,15.019230769230768
https://www.redfin.com/MO/Saint-Louis/5447-Claxton-Ave-63120/home/93764862,5,North,287,878,5.857142857142857,17.918367346938773
https://www.redfin.com/MO/Saint-Louis/4430-Sexauer-Ave-63115/home/93733135,5,North,287,878,5.857142857142857,17.918367346938773
https://www.redfin.com/MO/Saint-Louis/6012-N-Pointe-Blvd-63147/home/93770348,5,North,287,878,5.857142857142857,17.918367346938773
https://www.redfin.com/MO/Saint-Louis/5417-Pennsylvania-Ave-63111/home/93708189,1,South,197,781,3.7884615384615383,15.019230769230768
https://www.redfin.com/MO/Saint-Louis/4644-Michigan-Ave-63111/home/93706785,1,South,197,781,3.7884615384615383,15.019230769230768
https://www.redfin.com/MO/Saint-Louis/3125-Miami-St-63118/home/62745567,1,South,197,781,3.7884615384615383,15.019230769230768
https://www.redfin.com/MO/Saint-Louis/820-Elias-Ave-63147/home/93759941,6,North,310,717,6.739130434782608,15.58695652173913
https://www.redfin.com/MO/Saint-Louis/4315-Lafayette-Ave-63110/home/93753965,3,Central,216,761,3.9272727272727272,13.836363636363636
https://www.redfin.com/MO/Saint-Louis/4526-Alice-Ave-63115/home/93713847,4,Central,349,1016,6.017241379310345,17.517241379310345
https://www.redfin.com/MO/Saint-Louis/1412-Rowan-Ave-63112/home/93678068,3,Central,216,761,3.9272727272727272,13.836363636363636
https://www.redfin.com/MO/Saint-Louis/4312-Oregon-Ave-63111/home/93705805,1,South,197,781,3.7884615384615383,15.019230769230768
https://www.redfin.com/MO/Saint-Louis/5226-Saint-Louis-Ave-63115/home/93737349,3,Central,216,761,3.9272727272727272,13.836363636363636
https://www.redfin.com/MO/Saint-Louis/5046-S-37th-St-63116/home/93742425,1,South,197,781,3.7884615384615383,15.019230769230768
https://www.redfin.com/MO/Saint-Louis/7413-Michigan-Ave-63111/home/93710778,1,South,197,781,3.7884615384615383,15.019230769230768
https://www.redfin.com/MO/Saint-Louis/5232-Highland-Ave-63113/home/62739245,3,Central,216,761,3.9272727272727272,13.836363636363636
https://www.redfin.com/MO/Saint-Louis/5756-Floy-Ave-63136/home/93765411,5,North,287,878,5.857142857142857,17.918367346938773
https://www.redfin.com/MO/Saint-Louis/3819-California-Ave-63118/home/93696136,1,South,197,781,3.7884615384615383,15.019230769230768
https://www.redfin.com/MO/Saint-Louis/1514-Grape-Ave-63147/home/93731739,5,North,287,878,5.857142857142857,17.918367346938773
https://www.redfin.com/MO/Saint-Louis/5922-Lillian-Ave-63136/home/93777938,5,North,287,878,5.857142857142857,17.918367346938773
https://www.redfin.com/MO/Saint-Louis/2817-S-Jefferson-Ave-63118/home/93691732,4,Central,349,1016,6.017241379310345,17.517241379310345
https://www.redfin.com/MO/Saint-Louis/4325-Morganford-Rd-63116/home/93772026,1,South,197,781,3.7884615384615383,15.019230769230768
https://www.redfin.com/MO/Saint-Louis/4743-Louisiana-Ave-63111/home/93707337,1,South,197,781,3.7884615384615383,15.019230769230768
https://www.redfin.com/MO/Saint-Louis/3931-Pennsylvania-Ave-63118/home/93704347,1,South,197,781,3.7884615384615383,15.019230769230768
https://www.redfin.com/MO/Saint-Louis/4101-E-Lee-Ave-63115/home/93714956,4,Central,349,1016,6.017241379310345,17.517241379310345
https://www.redfin.com/MO/Saint-Louis/5936-Theodore-Ave-63136/home/93758717,5,North,287,878,5.857142857142857,17.918367346938773
https://www.redfin.com/MO/Saint-Louis/3522-S-Compton-Ave-63118/home/93695014,1,South,197,781,3.7884615384615383,15.019230769230768
https://www.redfin.com/MO/Saint-Louis/3757-Itaska-St-63116/home/93742464,1,South,197,781,3.7884615384615383,15.019230769230768
https://www.redfin.com/MO/Saint-Louis/1740-Grape-Ave-63147/home/93778782,5,North,287,878,5.857142857142857,17.918367346938773
https://www.redfin.com/MO/Saint-Louis/4453-Morganford-Rd-63116/home/93764712,1,South,197,781,3.7884615384615383,15.019230769230768
https://www.redfin.com/MO/Saint-Louis/5968-De-Giverville-Ave-63112/home/93762540,3,Central,216,761,3.9272727272727272,13.836363636363636
https://www.redfin.com/MO/Saint-Louis/4214-Bingham-Ave-63116/home/93726563,1,South,197,781,3.7884615384615383,15.019230769230768
https://www.redfin.com/MO/Saint-Louis/2239-University-St-63107/home/93687537,4,Central,349,1016,6.017241379310345,17.517241379310345
https://www.redfin.com/MO/Saint-Louis/6336-Laura-Ave-63136/home/93762169,5,North,287,878,5.857142857142857,17.918367346938773
https://www.redfin.com/MO/Saint-Louis/3614-Iowa-Ave-63118/home/93696177,2,South,118,726,2.681818181818182,16.5
https://www.redfin.com/MO/Saint-Louis/3420-Alberta-St-63118/home/93704826,1,South,197,781,3.7884615384615383,15.019230769230768
https://www.redfin.com/MO/Saint-Louis/4406-Gannett-St-63116/home/93764136,1,South,197,781,3.7884615384615383,15.019230769230768
https://www.redfin.com/MO/Saint-Louis/4442-Morganford-Rd-63116/home/62758278,1,South,197,781,3.7884615384615383,15.019230769230768
https://www.redfin.com/MO/Saint-Louis/5950-N-Pointe-Blvd-63147/home/93769869,5,North,287,878,5.857142857142857,17.918367346938773
https://www.redfin.com/MO/Saint-Louis/5613-Pennsylvania-Ave-63111/home/93708606,1,South,197,781,3.7884615384615383,15.019230769230768
https://www.redfin.com/MO/Saint-Louis/4023-Giles-Ave-63116/home/93772906,1,South,197,781,3.7884615384615383,15.019230769230768
https://www.redfin.com/MO/Saint-Louis/7505-Pennsylvania-Ave-63111/home/93710919,1,South,197,781,3.7884615384615383,15.019230769230768
https://www.redfin.com/MO/Saint-Louis/5640-Hiller-Pl-63136/home/62719986,5,North,287,878,5.857142857142857,17.918367346938773
https://www.redfin.com/MO/Saint-Louis/217-Schirmer-St-63111/home/63496781,1,South,197,781,3.7884615384615383,15.019230769230768
https://www.redfin.com/MO/Saint-Louis/8648-Oriole-Ave-63147/home/93731159,5,North,287,878,5.857142857142857,17.918367346938773
https://www.redfin.com/MO/Saint-Louis/3240-Michigan-Ave-63118/home/93693468,1,South,197,781,3.7884615384615383,15.019230769230768
https://www.redfin.com/MO/Saint-Louis/1025-Hornsby-Ave-63147/home/93760931,5,North,287,878,5.857142857142857,17.918367346938773
https://www.redfin.com/MO/Saint-Louis/5141-Dresden-Ave-63116/home/93764014,1,South,197,781,3.7884615384615383,15.019230769230768
https://www.redfin.com/MO/Saint-Louis/6016-Minnesota-Ave-63111/home/93709125,1,South,197,781,3.7884615384615383,15.019230769230768
https://www.redfin.com/MO/Saint-Louis/5713-Goodfellow-Blvd-63136/home/93761214,5,North,287,878,5.857142857142857,17.918367346938773
https://www.redfin.com/MO/Saint-Louis/887-Wall-St-63147/home/77407593,5,North,287,878,5.857142857142857,17.918367346938773
https://www.redfin.com/MO/Saint-Louis/5021-Davison-Ave-63120/home/93755100,5,North,287,878,5.857142857142857,17.918367346938773
https://www.redfin.com/MO/Saint-Louis/3540-Michigan-Ave-63118/home/93694890,1,South,197,781,3.7884615384615383,15.019230769230768
https://www.redfin.com/MO/Saint-Louis/3658-Salena-St-63118/home/62687641,2,South,118,726,2.681818181818182,16.5
https://www.redfin.com/MO/Saint-Louis/4740-Nebraska-Ave-63111/home/93706889,1,South,197,781,3.7884615384615383,15.019230769230768
https://www.redfin.com/MO/Saint-Louis/4300-Dewey-Ave-63116/home/93706005,1,South,197,781,3.7884615384615383,15.019230769230768
https://www.redfin.com/MO/Saint-Louis/5636-Winona-Ave-63109/home/93781629,1,South,197,781,3.7884615384615383,15.019230769230768
https://www.redfin.com/MO/Saint-Louis/3841-Bowen-St-63116/home/93773632,1,South,197,781,3.7884615384615383,15.019230769230768
https://www.redfin.com/MO/Saint-Louis/2103-Boardman-St-63110/home/173620164,3,Central,216,761,3.9272727272727272,13.836363636363636
https://www.redfin.com/MO/St-Louis/6297-Magnolia-Ave-63139/home/192669047,3,Central,216,761,3.9272727272727272,13.836363636363636
https://www.redfin.com/MO/Saint-Louis/6543-Hancock-Ave-63139/home/90732000,3,Central,216,761,3.9272727272727272,13.836363636363636
https://www.redfin.com/MO/Saint-Louis/4080-Burgen-Ave-63116/home/93761954,1,South,197,781,3.7884615384615383,15.019230769230768
https://www.redfin.com/MO/Saint-Louis/3119-Tamm-Ave-63139/home/93772162,3,Central,216,761,3.9272727272727272,13.836363636363636
https://www.redfin.com/MO/Saint-Louis/6646-Mardel-Ave-63109/home/93774875,1,South,197,781,3.7884615384615383,15.019230769230768
https://www.redfin.com/MO/Saint-Louis/1508-Graham-St-63139/home/93761918,3,Central,216,761,3.9272727272727272,13.836363636363636
https://www.redfin.com/MO/Saint-Louis/6272-Magnolia-Ave-63139/home/93754746,3,Central,216,761,3.9272727272727272,13.836363636363636
https://www.redfin.com/MO/Saint-Louis/2323-Macklind-Ave-63110/home/93771688,3,Central,216,761,3.9272727272727272,13.836363636363636
https://www.redfin.com/MO/Saint-Louis/5872-Walsh-St-63109/home/93768784,1,South,197,781,3.7884615384615383,15.019230769230768
https://www.redfin.com/MO/Saint-Louis/5425-Pernod-Ave-63139/home/93742298,1,South,197,781,3.7884615384615383,15.019230769230768
https://www.redfin.com/MO/Saint-Louis/2123-Boardman-St-63110/home/173620154,3,Central,216,761,3.9272727272727272,13.836363636363636
https://www.redfin.com/MO/Saint-Louis/4216-Wyoming-St-63116/home/93729443,3,Central,216,761,3.9272727272727272,13.836363636363636
https://www.redfin.com/MO/Saint-Louis/5406-Reber-Pl-63139/home/93727377,3,Central,216,761,3.9272727272727272,13.836363636363636
https://www.redfin.com/MO/Saint-Louis/6309-Potomac-St-63139/home/89124361,1,South,197,781,3.7884615384615383,15.019230769230768
https://www.redfin.com/MO/Saint-Louis/6365-Lansdowne-Ave-63109/home/93780101,1,South,197,781,3.7884615384615383,15.019230769230768
https://www.redfin.com/MO/Saint-Louis/6312-Berthold-Ave-63139/home/93707617,3,Central,216,761,3.9272727272727272,13.836363636363636
https://www.redfin.com/MO/Saint-Louis/5477-Marquette-Ave-63139/home/62723051,1,South,197,781,3.7884615384615383,15.019230769230768
https://www.redfin.com/MO/Saint-Louis/5660-Pernod-Ave-63139/home/93781941,1,South,197,781,3.7884615384615383,15.019230769230768
https://www.redfin.com/MO/Saint-Louis/5504-Mardel-Ave-63109/home/62733343,1,South,197,781,3.7884615384615383,15.019230769230768
https://www.redfin.com/MO/Saint-Louis/5534-Devonshire-Ave-63109/home/93753292,1,South,197,781,3.7884615384615383,15.019230769230768
https://www.redfin.com/MO/Saint-Louis/1943-McCausland-Ave-63117/home/93744119,3,Central,216,761,3.9272727272727272,13.836363636363636
https://www.redfin.com/MO/Saint-Louis/2125-Boardman-St-63110/home/173620153,3,Central,216,761,3.9272727272727272,13.836363636363636
https://www.redfin.com/MO/Saint-Louis/5616-Neosho-St-63109/home/62718027,1,South,197,781,3.7884615384615383,15.019230769230768
https://www.redfin.com/MO/Saint-Louis/5708-Columbia-Ave-63139/home/93726781,3,Central,216,761,3.9272727272727272,13.836363636363636
https://www.redfin.com/MO/Saint-Louis/6756-Dolan-Pl-63139/home/93740474,3,Central,216,761,3.9272727272727272,13.836363636363636
https://www.redfin.com/MO/Saint-Louis/1333-Ripple-St-63139/home/93726452,3,Central,216,761,3.9272727272727272,13.836363636363636
https://www.redfin.com/MO/Saint-Louis/6023-Arsenal-St-63139/home/93768866,3,Central,216,761,3.9272727272727272,13.836363636363636
https://www.redfin.com/MO/Saint-Louis/6232-Devonshire-Ave-63109/home/81562910,1,South,197,781,3.7884615384615383,15.019230769230768
https://www.redfin.com/MO/Saint-Louis/1933-Blendon-Pl-63143/home/93744213,3,Central,216,761,3.9272727272727272,13.836363636363636
https://www.redfin.com/MO/Saint-Louis/6044-Sutherland-Ave-63109/home/93782418,1,South,197,781,3.7884615384615383,15.019230769230768
https://www.redfin.com/MO/Saint-Louis/2016-Hereford-St-63110/home/173620199,3,Central,216,761,3.9272727272727272,13.836363636363636
https://www.redfin.com/MO/Saint-Louis/4064-Potomac-St-63116/home/77280528,1,South,197,781,3.7884615384615383,15.019230769230768
https://www.redfin.com/MO/Saint-Louis/5632-Bischoff-Ave-63110/home/93727065,3,Central,216,761,3.9272727272727272,13.836363636363636
https://www.redfin.com/MO/Saint-Louis/7022-Ethel-Ave-63117/home/93740189,3,Central,216,761,3.9272727272727272,13.836363636363636
https://www.redfin.com/MO/Saint-Louis/7365-Marwinette-Ave-63116/home/93785094,1,South,197,781,3.7884615384615383,15.019230769230768
https://www.redfin.com/MO/Saint-Louis/3734-Arsenal-St-63116/home/93675401,3,Central,216,761,3.9272727272727272,13.836363636363636
https://www.redfin.com/MO/Saint-Louis/6619-Dale-Ave-63139/home/93740747,3,Central,216,761,3.9272727272727272,13.836363636363636
https://www.redfin.com/MO/Saint-Louis/5541-Columbia-Ave-63139/home/93727027,3,Central,216,761,3.9272727272727272,13.836363636363636
https://www.redfin.com/MO/Saint-Louis/4819-Milentz-Ave-63116/home/62767027,1,South,197,781,3.7884615384615383,15.019230769230768
https://www.redfin.com/MO/Saint-Louis/2235-Cuggiono-Ct-63110/home/93769430,3,Central,216,761,3.9272727272727272,13.836363636363636
https://www.redfin.com/MO/Saint-Louis/6659-Tholozan-Ave-63109/home/93775056,1,South,197,781,3.7884615384615383,15.019230769230768
https://www.redfin.com/MO/Saint-Louis/5337-Winona-Ave-63109/home/62749403,1,South,197,781,3.7884615384615383,15.019230769230768
https://www.redfin.com/MO/Saint-Louis/3271-Alfred-Ave-63116/home/93785791,1,South,197,781,3.7884615384615383,15.019230769230768
https://www.redfin.com/MO/Saint-Louis/4357-Miami-St-63116/home/93730044,1,South,197,781,3.7884615384615383,15.019230769230768
https://www.redfin.com/MO/Saint-Louis/5736-Lindenwood-Ave-63109/home/93780954,1,South,197,781,3.7884615384615383,15.019230769230768
https://www.redfin.com/MO/Saint-Louis/5236-Lansdowne-Ave-63109/home/93753006,1,South,197,781,3.7884615384615383,15.019230769230768
https://www.redfin.com/MO/Saint-Louis/5460-Walsh-St-63109/home/93767778,1,South,197,781,3.7884615384615383,15.019230769230768
https://www.redfin.com/MO/Saint-Louis/4016-Parker-Ave-63116/home/93729098,1,South,197,781,3.7884615384615383,15.019230769230768
https://www.redfin.com/MO/Saint-Louis/1612-Mississippi-Ave-63104/home/93672856,4,Central,349,1016,6.017241379310345,17.517241379310345
https://www.redfin.com/MO/Saint-Louis/1424-Louisville-Ave-63139/home/93740864,3,Central,216,761,3.9272727272727272,13.836363636363636
https://www.redfin.com/MO/Saint-Louis/4940-Walsh-St-63109/home/62724238,1,South,197,781,3.7884615384615383,15.019230769230768
https://www.redfin.com/MO/Saint-Louis/5340-Tholozan-Ave-63109/home/93781817,1,South,197,781,3.7884615384615383,15.019230769230768
https://www.redfin.com/MO/Saint-Louis/6550-Walsh-St-63109/home/93779692,1,South,197,781,3.7884615384615383,15.019230769230768
https://www.redfin.com/MO/Saint-Louis/6429-Southwest-Ave-63139/home/93784630,3,Central,216,761,3.9272727272727272,13.836363636363636
https://www.redfin.com/MO/Saint-Louis/5858-Kingwood-Dr-63123/home/93782482,1,South,197,781,3.7884615384615383,15.019230769230768
https://www.redfin.com/MO/Saint-Louis/2910-Missouri-Ave-63118/home/93699035,2,South,118,726,2.681818181818182,16.5
https://www.redfin.com/MO/Saint-Louis/6532-Southwest-Ave-63139/home/93743732,3,Central,216,761,3.9272727272727272,13.836363636363636
https://www.redfin.com/MO/Saint-Louis/5911-Scanlan-Ave-63139/home/93775805,3,Central,216,761,3.9272727272727272,13.836363636363636
https://www.redfin.com/MO/Saint-Louis/5733-Delor-St-63109/home/93768114,1,South,197,781,3.7884615384615383,15.019230769230768
https://www.redfin.com/MO/Saint-Louis/3932-Humphrey-St-63116/home/93729416,1,South,197,781,3.7884615384615383,15.019230769230768
https://www.redfin.com/MO/Saint-Louis/4020-Neosho-St-63116/home/93767225,1,South,197,781,3.7884615384615383,15.019230769230768
https://www.redfin.com/MO/Saint-Louis/3123-Alfred-Ave-63116/home/93748603,3,Central,216,761,3.9272727272727272,13.836363636363636
https://www.redfin.com/MO/Saint-Louis/5114-Rosa-Ave-63109/home/93769455,1,South,197,781,3.7884615384615383,15.019230769230768
https://www.redfin.com/MO/Saint-Louis/4130-Fillmore-St-63116/home/93776339,1,South,197,781,3.7884615384615383,15.019230769230768
https://www.redfin.com/MO/Saint-Louis/6039-Oleatha-Ave-63139/home/93775370,1,South,197,781,3.7884615384615383,15.019230769230768
https://www.redfin.com/MO/Saint-Louis/4328-Laclede-Ave-63108/home/62694008,3,Central,216,761,3.9272727272727272,13.836363636363636
https://www.redfin.com/MO/Saint-Louis/7114-Bancroft-Ave-63109/home/93749072,1,South,197,781,3.7884615384615383,15.019230769230768
https://www.redfin.com/MO/Saint-Louis/4034-Parker-Ave-63116/home/93729061,1,South,197,781,3.7884615384615383,15.019230769230768
https://www.redfin.com/MO/Saint-Louis/4080-Fillmore-St-63116/home/93770887,1,South,197,781,3.7884615384615383,15.019230769230768
https://www.redfin.com/MO/Saint-Louis/4068-Utah-St-63116/home/62842554,1,South,197,781,3.7884615384615383,15.019230769230768
https://www.redfin.com/MO/Saint-Louis/5421-Itaska-St-63109/home/93765288,1,South,197,781,3.7884615384615383,15.019230769230768
https://www.redfin.com/MO/Saint-Louis/4721-Prague-Ave-63109/home/93780248,1,South,197,781,3.7884615384615383,15.019230769230768
https://www.redfin.com/MO/Saint-Louis/5525-Magnolia-Ave-63139/home/93727273,3,Central,216,761,3.9272727272727272,13.836363636363636
https://www.redfin.com/MO/Saint-Louis/5579-Lansdowne-Ave-63109/home/62756753,1,South,197,781,3.7884615384615383,15.019230769230768
https://www.redfin.com/MO/Saint-Louis/29-Benton-Pl-63104/home/93701232,4,Central,349,1016,6.017241379310345,17.517241379310345
https://www.redfin.com/MO/Saint-Louis/5520-Nottingham-Ave-63109/home/93765278,1,South,197,781,3.7884615384615383,15.019230769230768
https://www.redfin.com/MO/Saint-Louis/4939-Nottingham-Ave-63109/home/93753326,1,South,197,781,3.7884615384615383,15.019230769230768
https://www.redfin.com/MO/Saint-Louis/6517-Tholozan-Ave-63109/home/93775003,1,South,197,781,3.7884615384615383,15.019230769230768
https://www.redfin.com/MO/Saint-Louis/4421-Rosa-Ave-63116/home/93772830,1,South,197,781,3.7884615384615383,15.019230769230768
https://www.redfin.com/MO/Saint-Louis/4388-Maryland-Ave-63108/home/93725224,3,Central,216,761,3.9272727272727272,13.836363636363636
https://www.redfin.com/MO/Saint-Louis/5864-Walsh-St-63109/home/93768814,1,South,197,781,3.7884615384615383,15.019230769230768
https://www.redfin.com/MO/Saint-Louis/1126-Art-Hill-Pl-63139/home/93782284,3,Central,216,761,3.9272727272727272,13.836363636363636
https://www.redfin.com/MO/Saint-Louis/4169-Parker-Ave-63116/home/93728877,1,South,197,781,3.7884615384615383,15.019230769230768
https://www.redfin.com/MO/Saint-Louis/4109-Upton-Ct-63116/home/93784287,1,South,197,781,3.7884615384615383,15.019230769230768
https://www.redfin.com/MO/Saint-Louis/1037-Louisville-Ave-63139/home/93740404,3,Central,216,761,3.9272727272727272,13.836363636363636
https://www.redfin.com/MO/Saint-Louis/6821-W-Park-Ave-63139/home/93765627,3,Central,216,761,3.9272727272727272,13.836363636363636
https://www.redfin.com/MO/Saint-Louis/4151-Hartford-St-63116/home/93751066,3,Central,216,761,3.9272727272727272,13.836363636363636
https://www.redfin.com/MO/Saint-Louis/6027-Arsenal-St-63139/home/93768867,3,Central,216,761,3.9272727272727272,13.836363636363636
https://www.redfin.com/MO/Saint-Louis/4170-Utah-St-63116/home/86088363,1,South,197,781,3.7884615384615383,15.019230769230768
https://www.redfin.com/MO/Saint-Louis/3880-Hartford-St-63116/home/62729843,3,Central,216,761,3.9272727272727272,13.836363636363636
https://www.redfin.com/MO/Saint-Louis/5225-Quincy-St-63109/home/93771485,1,South,197,781,3.7884615384615383,15.019230769230768
https://www.redfin.com/MO/Saint-Louis/5454-Lisette-Ave-63109/home/93776621,1,South,197,781,3.7884615384615383,15.019230769230768
https://www.redfin.com/MO/Saint-Louis/2715-Watson-Rd-63139/home/93773032,3,Central,216,761,3.9272727272727272,13.836363636363636
https://www.redfin.com/MO/Saint-Louis/6211-Hoffman-Ave-63139/home/93767970,3,Central,216,761,3.9272727272727272,13.836363636363636
https://www.redfin.com/MO/Saint-Louis/6016-Scanlan-Ave-63139/home/93742885,3,Central,216,761,3.9272727272727272,13.836363636363636
https://www.redfin.com/MO/Saint-Louis/4251-McPherson-Ave-63108/home/93673842,3,Central,216,761,3.9272727272727272,13.836363636363636
https://www.redfin.com/MO/Saint-Louis/5329-Murdoch-Ave-63109/home/93753348,1,South,197,781,3.7884615384615383,15.019230769230768
https://www.redfin.com/MO/Saint-Louis/2222-Shenandoah-Ave-63104/home/146873668,4,Central,349,1016,6.017241379310345,17.517241379310345
https://www.redfin.com/MO/Saint-Louis/1597-Fairmount-Ave-63139/home/93681881,3,Central,216,761,3.9272727272727272,13.836363636363636
https://www.redfin.com/MO/Saint-Louis/5748-Delor-St-63109/home/93768137,1,South,197,781,3.7884615384615383,15.019230769230768
https://www.redfin.com/MO/Saint-Louis/5701-Woodland-Ave-63120/home/93787342,5,North,287,878,5.857142857142857,17.918367346938773
https://www.redfin.com/MO/Saint-Louis/6420-Pennsylvania-Ave-63111/home/93709804,1,South,197,781,3.7884615384615383,15.019230769230768
https://www.redfin.com/MO/Saint-Louis/4065-Fairview-Ave-63116/home/62764807,1,South,197,781,3.7884615384615383,15.019230769230768
https://www.redfin.com/MO/Saint-Louis/4948-Davison-Ave-63120/home/93756776,5,North,287,878,5.857142857142857,17.918367346938773
https://www.redfin.com/MO/Saint-Louis/2839-Osage-St-63118/home/93704376,1,South,197,781,3.7884615384615383,15.019230769230768
https://www.redfin.com/MO/Saint-Louis/5448-Bancroft-Ave-63109/home/93753065,1,South,197,781,3.7884615384615383,15.019230769230768
https://www.redfin.com/MO/Saint-Louis/4427-Arco-Ave-63110/home/93750940,3,Central,216,761,3.9272727272727272,13.836363636363636
https://www.redfin.com/MO/Saint-Louis/4123-Schiller-Pl-63116/home/93770307,1,South,197,781,3.7884615384615383,15.019230769230768
https://www.redfin.com/MO/Saint-Louis/5141-Pattison-Ave-63110/home/93728076,3,Central,216,761,3.9272727272727272,13.836363636363636
https://www.redfin.com/MO/Saint-Louis/4037-Parker-Ave-63116/home/93729189,1,South,197,781,3.7884615384615383,15.019230769230768
https://www.redfin.com/MO/Saint-Louis/6421-Lansdowne-Ave-63109/home/93779914,1,South,197,781,3.7884615384615383,15.019230769230768
https://www.redfin.com/MO/Saint-Louis/5726-Sutherland-Ave-63109/home/93752768,1,South,197,781,3.7884615384615383,15.019230769230768
https://www.redfin.com/MO/Saint-Louis/4704-Prague-Ave-63109/home/93780230,1,South,197,781,3.7884615384615383,15.019230769230768
https://www.redfin.com/MO/Saint-Louis/4233-Shenandoah-Ave-63110/home/93746885,3,Central,216,761,3.9272727272727272,13.836363636363636
https://www.redfin.com/MO/Saint-Louis/4975-Schollmeyer-Ave-63109/home/93764454,1,South,197,781,3.7884615384615383,15.019230769230768
https://www.redfin.com/MO/Saint-Louis/4864-Carter-Ave-63115/home/93733317,5,North,287,878,5.857142857142857,17.918367346938773
https://www.redfin.com/MO/Saint-Louis/4087-Wilmington-Ave-63116/home/93770936,1,South,197,781,3.7884615384615383,15.019230769230768
https://www.redfin.com/MO/Saint-Louis/2714-Saint-Vincent-Ave-63104/home/93700637,4,Central,349,1016,6.017241379310345,17.517241379310345
https://www.redfin.com/MO/Saint-Louis/6105-Louisiana-Ave-63111/home/93709451,1,South,197,781,3.7884615384615383,15.019230769230768
https://www.redfin.com/MO/Saint-Louis/6440-Marquette-Ave-63139/home/93775174,1,South,197,781,3.7884615384615383,15.019230769230768
https://www.redfin.com/MO/Saint-Louis/4112-Humphrey-St-63116/home/93729494,1,South,197,781,3.7884615384615383,15.019230769230768
https://www.redfin.com/MO/Saint-Louis/2342-Michigan-Ave-63104/home/93691906,3,Central,216,761,3.9272727272727272,13.836363636363636
https://www.redfin.com/MO/Saint-Louis/5208-Tholozan-Ave-63109/home/62725780,1,South,197,781,3.7884615384615383,15.019230769230768
https://www.redfin.com/MO/Saint-Louis/3640-Alberta-St-63116/home/93704590,1,South,197,781,3.7884615384615383,15.019230769230768
https://www.redfin.com/MO/Saint-Louis/3221-Harper-St-63107/home/93698738,4,Central,349,1016,6.017241379310345,17.517241379310345
https://www.redfin.com/MO/Saint-Louis/4957-Robert-Ave-63109/home/93771058,1,South,197,781,3.7884615384615383,15.019230769230768
https://www.redfin.com/MO/Saint-Louis/4259-Maryland-Ave-63108/home/93684088,3,Central,216,761,3.9272727272727272,13.836363636363636
https://www.redfin.com/MO/Saint-Louis/3107-Harlequin-Ln-63139/home/62753667,3,Central,216,761,3.9272727272727272,13.836363636363636
https://www.redfin.com/MO/Saint-Louis/5322-Loughborough-Ave-63109/home/93771555,1,South,197,781,3.7884615384615383,15.019230769230768
https://www.redfin.com/MO/Saint-Louis/8112-Carlsbad-Dr-63123/home/93784316,1,South,197,781,3.7884615384615383,15.019230769230768
https://www.redfin.com/MO/Saint-Louis/3183-Alfred-Ave-63116/home/62756456,3,Central,216,761,3.9272727272727272,13.836363636363636
https://www.redfin.com/MO/Saint-Louis/3318-Michigan-Ave-63118/home/93693458,1,South,197,781,3.7884615384615383,15.019230769230768
https://www.redfin.com/MO/Saint-Louis/5312-Shaw-Ave-63110/home/93726857,3,Central,216,761,3.9272727272727272,13.836363636363636
https://www.redfin.com/MO/Saint-Louis/5523-Davison-Ave-63120/home/93762865,5,North,287,878,5.857142857142857,17.918367346938773
https://www.redfin.com/MO/Saint-Louis/4750-Milentz-Ave-63116/home/93756736,1,South,197,781,3.7884615384615383,15.019230769230768
https://www.redfin.com/MO/Saint-Louis/5944-Era-Ave-63147/home/93768899,5,North,287,878,5.857142857142857,17.918367346938773
https://www.redfin.com/MO/Saint-Louis/4227-Connecticut-St-63116/home/93729845,3,Central,216,761,3.9272727272727272,13.836363636363636
https://www.redfin.com/MO/Saint-Louis/6449-W-Park-Ave-63139/home/93749952,3,Central,216,761,3.9272727272727272,13.836363636363636
https://www.redfin.com/MO/Saint-Louis/3642-Hebert-St-63107/home/93702165,4,Central,349,1016,6.017241379310345,17.517241379310345
https://www.redfin.com/MO/Saint-Louis/5521-Lindenwood-Ave-63109/home/93782536,1,South,197,781,3.7884615384615383,15.019230769230768
https://www.redfin.com/MO/Saint-Louis/7143-Mardel-Ave-63109/home/93747880,1,South,197,781,3.7884615384615383,15.019230769230768
https://www.redfin.com/MO/Saint-Louis/4318-Bingham-Ave-63116/home/93772023,1,South,197,781,3.7884615384615383,15.019230769230768
https://www.redfin.com/MO/Saint-Louis/3998-Bowen-St-63116/home/62734767,1,South,197,781,3.7884615384615383,15.019230769230768
https://www.redfin.com/MO/Saint-Louis/4105-Louisiana-Ave-63118/home/93705716,1,South,197,781,3.7884615384615383,15.019230769230768
https://www.redfin.com/MO/Saint-Louis/5519-Lisette-Ave-63109/home/93776635,1,South,197,781,3.7884615384615383,15.019230769230768
https://www.redfin.com/MO/Saint-Louis/5937-W-Park-Ave-63110/home/93726367,3,Central,216,761,3.9272727272727272,13.836363636363636
https://www.redfin.com/MO/Saint-Louis/3730-Palm-St-63107/home/93702082,4,Central,349,1016,6.017241379310345,17.517241379310345
https://www.redfin.com/MO/Saint-Louis/6921-Vermont-Ave-63111/home/93710177,1,South,197,781,3.7884615384615383,15.019230769230768
https://www.redfin.com/MO/Saint-Louis/4353-Evans-Ave-63113/home/93718921,3,Central,216,761,3.9272727272727272,13.836363636363636
https://www.redfin.com/MO/Saint-Louis/4439-Arco-Ave-63110/home/93750925,3,Central,216,761,3.9272727272727272,13.836363636363636
https://www.redfin.com/MO/Saint-Louis/1007-Wall-St-63147/home/93756077,5,North,287,878,5.857142857142857,17.918367346938773
https://www.redfin.com/MO/Saint-Louis/2865-Texas-Ave-63118/home/93691687,4,Central,349,1016,6.017241379310345,17.517241379310345
https://www.redfin.com/MO/Saint-Louis/4309-Jamieson-Ave-63109/home/93774169,1,South,197,781,3.7884615384615383,15.019230769230768
https://www.redfin.com/MO/Saint-Louis/6518-Hoffman-Ave-63139/home/93741774,3,Central,216,761,3.9272727272727272,13.836363636363636
https://www.redfin.com/MO/Saint-Louis/4636-Idaho-Ave-63111/home/93706676,1,South,197,781,3.7884615384615383,15.019230769230768
https://www.redfin.com/MO/Saint-Louis/1134-Childress-Ave-63139/home/93782288,3,Central,216,761,3.9272727272727272,13.836363636363636
https://www.redfin.com/MO/Saint-Louis/6630-Vermont-Ave-63111/home/93709866,1,South,197,781,3.7884615384615383,15.019230769230768
https://www.redfin.com/MO/Saint-Louis/5721-Rhodes-Ave-63109/home/93771409,1,South,197,781,3.7884615384615383,15.019230769230768
https://www.redfin.com/MO/Saint-Louis/3625-Koeln-Ave-63116/home/93712067,1,South,197,781,3.7884615384615383,15.019230769230768
https://www.redfin.com/MO/Saint-Louis/5376-Magnolia-Ave-63139/home/62719588,3,Central,216,761,3.9272727272727272,13.836363636363636
https://www.redfin.com/MO/Saint-Louis/4921-Loughborough-Ave-63109/home/93764346,1,South,197,781,3.7884615384615383,15.019230769230768
https://www.redfin.com/MO/Saint-Louis/3828-Missouri-Ave-63118/home/93696810,2,South,118,726,2.681818181818182,16.5
https://www.redfin.com/MO/Saint-Louis/3624-Winnebago-St-63116/home/93695593,1,South,197,781,3.7884615384615383,15.019230769230768
https://www.redfin.com/MO/Saint-Louis/5640-Finkman-St-63109/home/93776711,1,South,197,781,3.7884615384615383,15.019230769230768
https://www.redfin.com/MO/Saint-Louis/3944-S-Compton-Ave-63118/home/93704728,1,South,197,781,3.7884615384615383,15.019230769230768
https://www.redfin.com/MO/Saint-Louis/3443-Keokuk-St-63118/home/93695279,1,South,197,781,3.7884615384615383,15.019230769230768
https://www.redfin.com/MO/Saint-Louis/8001-Church-Rd-63147/home/93730701,5,North,287,878,5.857142857142857,17.918367346938773
https://www.redfin.com/MO/Saint-Louis/5508-Sutherland-Ave-63109/home/93752749,1,South,197,781,3.7884615384615383,15.019230769230768
https://www.redfin.com/MO/Saint-Louis/4622-Minnesota-Ave-63111/home/76808767,1,South,197,781,3.7884615384615383,15.019230769230768
https://www.redfin.com/MO/Saint-Louis/5721-Acme-Ave-63136/home/93421442,5,North,287,878,5.857142857142857,17.918367346938773
https://www.redfin.com/MO/Saint-Louis/4830-Goethe-Ave-63116/home/93763260,1,South,197,781,3.7884615384615383,15.019230769230768
https://www.redfin.com/MO/Saint-Louis/4977-Fairview-Ave-63139/home/62751175,1,South,197,781,3.7884615384615383,15.019230769230768
https://www.redfin.com/MO/Saint-Louis/4335-Loughborough-Ave-63116/home/62710816,1,South,197,781,3.7884615384615383,15.019230769230768
https://www.redfin.com/MO/Saint-Louis/5249-Delor-St-63109/home/93766790,1,South,197,781,3.7884615384615383,15.019230769230768
https://www.redfin.com/MO/Saint-Louis/4213-Dardenne-Dr-63120/home/93431457,5,North,287,878,5.857142857142857,17.918367346938773
https://www.redfin.com/MO/Saint-Louis/3954-McRee-Ave-63110/home/103204046,3,Central,216,761,3.9272727272727272,13.836363636363636
https://www.redfin.com/MO/Saint-Louis/5227-Saint-Louis-Ave-63115/home/93737681,3,Central,216,761,3.9272727272727272,13.836363636363636
https://www.redfin.com/MO/Saint-Louis/4777-Milentz-Ave-63116/home/93757151,1,South,197,781,3.7884615384615383,15.019230769230768
https://www.redfin.com/MO/Saint-Louis/6538-W-Park-Ave-63139/home/62768386,3,Central,216,761,3.9272727272727272,13.836363636363636
https://www.redfin.com/MO/Saint-Louis/4500-W-Pine-Blvd-63108/home/93673660,3,Central,216,761,3.9272727272727272,13.836363636363636
https://www.redfin.com/MO/St-Louis/4512-W-Pine-Blvd-63108/home/200563323,3,Central,216,761,3.9272727272727272,13.836363636363636
https://www.redfin.com/MO/Saint-Louis/3117-Russell-Blvd-63104/home/93690015,3,Central,216,761,3.9272727272727272,13.836363636363636
https://www.redfin.com/MO/Saint-Louis/2205-Hickory-St-63104/home/181866114,4,Central,349,1016,6.017241379310345,17.517241379310345
https://www.redfin.com/MO/Saint-Louis/2612-S-12th-St-63118/home/93686350,4,Central,349,1016,6.017241379310345,17.517241379310345
https://www.redfin.com/MO/Saint-Louis/6906-Bruno-Ave-63139/home/146874014,3,Central,216,761,3.9272727272727272,13.836363636363636
https://www.redfin.com/MO/Saint-Louis/4917-Pershing-Pl-63108/home/93724402,3,Central,216,761,3.9272727272727272,13.836363636363636
https://www.redfin.com/MO/Saint-Louis/5257-Westminster-Pl-63108/home/93749525,3,Central,216,761,3.9272727272727272,13.836363636363636
https://www.redfin.com/MO/Saint-Louis/3500-Russell-Blvd-63104/home/62734477,3,Central,216,761,3.9272727272727272,13.836363636363636
https://www.redfin.com/MO/Saint-Louis/5095-Westminster-Pl-63108/home/62751909,3,Central,216,761,3.9272727272727272,13.836363636363636
https://www.redfin.com/MO/Saint-Louis/2211-Hickory-St-63104/home/181866116,4,Central,349,1016,6.017241379310345,17.517241379310345
https://www.redfin.com/MO/Saint-Louis/5137-Washington-Pl-63108/home/93749488,3,Central,216,761,3.9272727272727272,13.836363636363636
https://www.redfin.com/MO/Saint-Louis/1819-Lafayette-Ave-63104/home/93697464,4,Central,349,1016,6.017241379310345,17.517241379310345
https://www.redfin.com/MO/Saint-Louis/4410-Westminster-Pl-63108/home/93740237,3,Central,216,761,3.9272727272727272,13.836363636363636
https://www.redfin.com/MO/Saint-Louis/1804-Hickory-St-63104/home/93685596,4,Central,349,1016,6.017241379310345,17.517241379310345
https://www.redfin.com/MO/Saint-Louis/34-Waterman-Pl-63112/home/93724336,3,Central,216,761,3.9272727272727272,13.836363636363636
https://www.redfin.com/MO/Saint-Louis/4361-Westminster-Pl-63108/home/64816053,3,Central,216,761,3.9272727272727272,13.836363636363636
https://www.redfin.com/MO/Saint-Louis/2012-Lafayette-Ave-63104/home/93690812,4,Central,349,1016,6.017241379310345,17.517241379310345
https://www.redfin.com/MO/Saint-Louis/4321-Maryland-Ave-63108/home/62779526,3,Central,216,761,3.9272727272727272,13.836363636363636
https://www.redfin.com/MO/Saint-Louis/2731-Lafayette-Ave-63104/home/77299603,4,Central,349,1016,6.017241379310345,17.517241379310345
https://www.redfin.com/MO/Saint-Louis/2346-Albion-Pl-63104/home/93700569,4,Central,349,1016,6.017241379310345,17.517241379310345
https://www.redfin.com/MO/Saint-Louis/5849-De-Giverville-Ave-63112/home/93762610,3,Central,216,761,3.9272727272727272,13.836363636363636
https://www.redfin.com/MO/University-City/6203-Washington-Ave-63130/home/93760161,3,Central,216,761,3.9272727272727272,13.836363636363636
https://www.redfin.com/MO/Saint-Louis/1816-Hickory-St-63104/home/93685593,4,Central,349,1016,6.017241379310345,17.517241379310345
https://www.redfin.com/MO/Saint-Louis/2024-Rutger-St-63104/home/93701233,4,Central,349,1016,6.017241379310345,17.517241379310345
https://www.redfin.com/MO/Saint-Louis/1225-Dolman-St-63104/home/93685993,4,Central,349,1016,6.017241379310345,17.517241379310345
https://www.redfin.com/MO/Saint-Louis/5250-Wilson-Ave-63110/home/93727654,3,Central,216,761,3.9272727272727272,13.836363636363636
https://www.redfin.com/MO/Saint-Louis/3445-Juniata-St-63118/home/169424315,3,Central,216,761,3.9272727272727272,13.836363636363636
https://www.redfin.com/MO/Saint-Louis/4225-Maryland-Ave-63108/home/93725336,3,Central,216,761,3.9272727272727272,13.836363636363636
https://www.redfin.com/MO/Saint-Louis/30-Kingsbury-Pl-63112/home/93724138,3,Central,216,761,3.9272727272727272,13.836363636363636
https://www.redfin.com/MO/Saint-Louis/4608-McPherson-Ave-63108/home/93754475,3,Central,216,761,3.9272727272727272,13.836363636363636
https://www.redfin.com/MO/Saint-Louis/6120-Victoria-Ave-63139/home/93726407,3,Central,216,761,3.9272727272727272,13.836363636363636
https://www.redfin.com/MO/Saint-Louis/6980-Tholozan-Ave-63109/home/145288681,1,South,197,781,3.7884615384615383,15.019230769230768
https://www.redfin.com/MO/Saint-Louis/3738-Olive-St-63108/home/176875154,3,Central,216,761,3.9272727272727272,13.836363636363636
https://www.redfin.com/MO/St-Louis/4439-4441-Gibson-Ave-63110/home/202328837,3,Central,216,761,3.9272727272727272,13.836363636363636
https://www.redfin.com/MO/Saint-Louis/310-N-Newstead-Ave-63108/home/62763590,3,Central,216,761,3.9272727272727272,13.836363636363636
https://www.redfin.com/MO/Saint-Louis/3850-Arsenal-St-63116/home/93728235,3,Central,216,761,3.9272727272727272,13.836363636363636
https://www.redfin.com/MO/Saint-Louis/1919-Hickory-St-63104/home/93701209,4,Central,349,1016,6.017241379310345,17.517241379310345
https://www.redfin.com/MO/Saint-Louis/6157-Kingsbury-Ave-63112/home/93760352,3,Central,216,761,3.9272727272727272,13.836363636363636
https://www.redfin.com/MO/Saint-Louis/4937-Washington-Blvd-63108/home/93724414,3,Central,216,761,3.9272727272727272,13.836363636363636
https://www.redfin.com/MO/Saint-Louis/4251-Maryland-Ave-63108/home/62735920,3,Central,216,761,3.9272727272727272,13.836363636363636
https://www.redfin.com/MO/Saint-Louis/5089-Waterman-Blvd-63108/home/93745949,3,Central,216,761,3.9272727272727272,13.836363636363636
https://www.redfin.com/MO/Saint-Louis/2745-Armand-Pl-63104/home/93690846,4,Central,349,1016,6.017241379310345,17.517241379310345
https://www.redfin.com/MO/Saint-Louis/4257-Maryland-Ave-63108/home/93682381,3,Central,216,761,3.9272727272727272,13.836363636363636
https://www.redfin.com/MO/Saint-Louis/5782-McPherson-Ave-63112/home/93674546,3,Central,216,761,3.9272727272727272,13.836363636363636
https://www.redfin.com/MO/Saint-Louis/1845-S-9th-St-63104/home/93685162,4,Central,349,1016,6.017241379310345,17.517241379310345
https://www.redfin.com/MO/Saint-Louis/3662-Humphrey-St-63116/home/109919824,1,South,197,781,3.7884615384615383,15.019230769230768
https://www.redfin.com/MO/Saint-Louis/4328-Vista-Ave-63110/home/93726069,3,Central,216,761,3.9272727272727272,13.836363636363636
https://www.redfin.com/MO/Saint-Louis/5843-Enright-Ave-63112/home/93739333,3,Central,216,761,3.9272727272727272,13.836363636363636
https://www.redfin.com/MO/Saint-Louis/2406-S-13th-St-63104/home/93686678,4,Central,349,1016,6.017241379310345,17.517241379310345
https://www.redfin.com/MO/Saint-Louis/3865-Connecticut-St-63116/home/89320742,3,Central,216,761,3.9272727272727272,13.836363636363636
https://www.redfin.com/MO/Saint-Louis/4546-Washington-Blvd-63108/home/77289222,3,Central,216,761,3.9272727272727272,13.836363636363636
https://www.redfin.com/MO/Saint-Louis/1936-Arsenal-St-63118/home/93699323,2,South,118,726,2.681818181818182,16.5
https://www.redfin.com/MO/Saint-Louis/5816-Reber-Pl-63139/home/93726683,3,Central,216,761,3.9272727272727272,13.836363636363636
https://www.redfin.com/MO/Saint-Louis/1123-Kentucky-Ave-63110/home/146873929,3,Central,216,761,3.9272727272727272,13.836363636363636
https://www.redfin.com/MO/Saint-Louis/4452-Gibson-Ave-63110/home/93750912,3,Central,216,761,3.9272727272727272,13.836363636363636
https://www.redfin.com/MO/Saint-Louis/902-Geyer-Ave-63104/home/93685732,4,Central,349,1016,6.017241379310345,17.517241379310345
https://www.redfin.com/MO/Saint-Louis/4161-Flad-Ave-63110/home/93746539,3,Central,216,761,3.9272727272727272,13.836363636363636
https://www.redfin.com/MO/Saint-Louis/6259-Magnolia-Ave-63139/home/93743641,3,Central,216,761,3.9272727272727272,13.836363636363636
https://www.redfin.com/MO/Saint-Louis/4033-Cleveland-Ave-63110/home/93786133,3,Central,216,761,3.9272727272727272,13.836363636363636
https://www.redfin.com/MO/Saint-Louis/3401-Pestalozzi-St-63118/home/93692366,3,Central,216,761,3.9272727272727272,13.836363636363636
https://www.redfin.com/MO/Saint-Louis/1000-Barton-St-63104/home/187271178,4,Central,349,1016,6.017241379310345,17.517241379310345
https://www.redfin.com/MO/Saint-Louis/2117-S-13th-St-63104/home/93686274,4,Central,349,1016,6.017241379310345,17.517241379310345
https://www.redfin.com/MO/Saint-Louis/2922-S-Compton-Ave-63118/home/93785831,3,Central,216,761,3.9272727272727272,13.836363636363636
https://www.redfin.com/MO/Saint-Louis/4140-Burgen-Ave-63116/home/93762021,1,South,197,781,3.7884615384615383,15.019230769230768
https://www.redfin.com/MO/Saint-Louis/4037-McRee-Ave-63110/home/109914637,3,Central,216,761,3.9272727272727272,13.836363636363636
https://www.redfin.com/MO/Saint-Louis/3940-Shaw-Blvd-63110/home/109919797,3,Central,216,761,3.9272727272727272,13.836363636363636
https://www.redfin.com/MO/Saint-Louis/4116-Flad-Ave-63110/home/93746440,3,Central,216,761,3.9272727272727272,13.836363636363636
https://www.redfin.com/MO/Saint-Louis/6623-Leona-St-63116/home/93777945,1,South,197,781,3.7884615384615383,15.019230769230768
https://www.redfin.com/MO/Saint-Louis/4209-Norfolk-Ave-63110/home/93725977,3,Central,216,761,3.9272727272727272,13.836363636363636
https://www.redfin.com/MO/Saint-Louis/6609-Pernod-Ave-63139/home/93778999,1,South,197,781,3.7884615384615383,15.019230769230768
https://www.redfin.com/MO/Saint-Louis/5931-Clifton-Ave-63109/home/62758309,1,South,197,781,3.7884615384615383,15.019230769230768
https://www.redfin.com/MO/Saint-Louis/4272-Hartford-St-63116/home/93749882,3,Central,216,761,3.9272727272727272,13.836363636363636
https://www.redfin.com/MO/Saint-Louis/5323-Bischoff-Ave-63110/home/93726845,3,Central,216,761,3.9272727272727272,13.836363636363636
https://www.redfin.com/MO/Saint-Louis/1524-McCausland-Ave-63117/home/93740584,3,Central,216,761,3.9272727272727272,13.836363636363636
https://www.redfin.com/MO/Saint-Louis/3434-Humphrey-St-63118/home/93683397,1,South,197,781,3.7884615384615383,15.019230769230768
https://www.redfin.com/MO/Saint-Louis/5622-Murdoch-Ave-63109/home/93753508,1,South,197,781,3.7884615384615383,15.019230769230768
https://www.redfin.com/MO/Saint-Louis/1404-Monroe-St-63106/home/93685866,4,Central,349,1016,6.017241379310345,17.517241379310345
https://www.redfin.com/MO/Saint-Louis/2633-Allen-Ave-63104/home/93690348,4,Central,349,1016,6.017241379310345,17.517241379310345
https://www.redfin.com/MO/St-Louis/1926-Allen-Ave-63104/home/201509855,4,Central,349,1016,6.017241379310345,17.517241379310345
https://www.redfin.com/MO/Saint-Louis/1916-S-12th-St-63104/home/93685699,4,Central,349,1016,6.017241379310345,17.517241379310345
https://www.redfin.com/MO/Saint-Louis/4213-Washington-Blvd-63108/home/93719932,3,Central,216,761,3.9272727272727272,13.836363636363636
https://www.redfin.com/MO/Saint-Louis/2432-McNair-Ave-63104/home/93691374,4,Central,349,1016,6.017241379310345,17.517241379310345
https://www.redfin.com/MO/Saint-Louis/5911-Pershing-Ave-63112/home/93762461,3,Central,216,761,3.9272727272727272,13.836363636363636
https://www.redfin.com/MO/Saint-Louis/3305-Pestalozzi-St-63118/home/62720084,3,Central,216,761,3.9272727272727272,13.836363636363636
https://www.redfin.com/MO/Saint-Louis/1623-Forest-Ave-63139/home/93674027,3,Central,216,761,3.9272727272727272,13.836363636363636
https://www.redfin.com/MO/Saint-Louis/2869-Missouri-Ave-63118/home/93671848,4,Central,349,1016,6.017241379310345,17.517241379310345
https://www.redfin.com/MO/Saint-Louis/3417-Humphrey-St-63118/home/62717086,1,South,197,781,3.7884615384615383,15.019230769230768
https://www.redfin.com/MO/Saint-Louis/1941-Congress-St-63118/home/93785616,4,Central,349,1016,6.017241379310345,17.517241379310345
https://www.redfin.com/MO/Saint-Louis/4273-Juniata-St-63116/home/93750032,3,Central,216,761,3.9272727272727272,13.836363636363636
https://www.redfin.com/MO/Saint-Louis/2827-Oregon-Ave-63118/home/193545590,4,Central,349,1016,6.017241379310345,17.517241379310345
https://www.redfin.com/MO/Saint-Louis/7071-Mardel-Ave-63109/home/93747903,1,South,197,781,3.7884615384615383,15.019230769230768
https://www.redfin.com/MO/Saint-Louis/5938-Clemens-Ave-63112/home/93739287,3,Central,216,761,3.9272727272727272,13.836363636363636
https://www.redfin.com/MO/Saint-Louis/4038-Juniata-St-63116/home/93730004,3,Central,216,761,3.9272727272727272,13.836363636363636
https://www.redfin.com/MO/Saint-Louis/7032-Lansdowne-Ave-63109/home/93774136,1,South,197,781,3.7884615384615383,15.019230769230768
https://www.redfin.com/MO/Saint-Louis/4008-Botanical-Ave-63110/home/109007321,3,Central,216,761,3.9272727272727272,13.836363636363636
https://www.redfin.com/MO/Saint-Louis/2843-January-Ave-63139/home/62724656,3,Central,216,761,3.9272727272727272,13.836363636363636
https://www.redfin.com/MO/Saint-Louis/5800-Pershing-Ave-63112/home/93762442,3,Central,216,761,3.9272727272727272,13.836363636363636
https://www.redfin.com/MO/Saint-Louis/3006-Virginia-Ave-63118/home/93692637,3,Central,216,761,3.9272727272727272,13.836363636363636
https://www.redfin.com/MO/Saint-Louis/3423-Giles-Ave-63116/home/93730339,1,South,197,781,3.7884615384615383,15.019230769230768
https://www.redfin.com/MO/Saint-Louis/2316-S-9th-St-63104/home/93686366,4,Central,349,1016,6.017241379310345,17.517241379310345
https://www.redfin.com/MO/Saint-Louis/4349-Gibson-Ave-63110/home/93751305,3,Central,216,761,3.9272727272727272,13.836363636363636
https://www.redfin.com/MO/Saint-Louis/5621-Pernod-Ave-63139/home/63125819,1,South,197,781,3.7884615384615383,15.019230769230768
https://www.redfin.com/MO/St-Louis/6413-6415-Bradley-Ave-63139/home/202233805,3,Central,216,761,3.9272727272727272,13.836363636363636
https://www.redfin.com/MO/Saint-Louis/3433-Texas-Ave-63118/home/179021915,2,South,118,726,2.681818181818182,16.5
https://www.redfin.com/MO/Saint-Louis/4249-Arco-Ave-63110/home/93750950,3,Central,216,761,3.9272727272727272,13.836363636363636
https://www.redfin.com/MO/Saint-Louis/7038-Pernod-Ave-63139/home/93747939,1,South,197,781,3.7884615384615383,15.019230769230768
https://www.redfin.com/MO/Saint-Louis/4062-Arsenal-St-63116/home/93786324,3,Central,216,761,3.9272727272727272,13.836363636363636
https://www.redfin.com/MO/Saint-Louis/4444-Arco-Ave-63110/home/93751242,3,Central,216,761,3.9272727272727272,13.836363636363636
https://www.redfin.com/MO/Saint-Louis/4939-Lisette-Ave-63109/home/93742177,1,South,197,781,3.7884615384615383,15.019230769230768
https://www.redfin.com/MO/Saint-Louis/2010-Blendon-Pl-63143/home/93744131,3,Central,216,761,3.9272727272727272,13.836363636363636
https://www.redfin.com/MO/Saint-Louis/2414-S-11th-St-63104/home/93686734,4,Central,349,1016,6.017241379310345,17.517241379310345
https://www.redfin.com/MO/Saint-Louis/1829-Oregon-Ave-63104/home/93690103,4,Central,349,1016,6.017241379310345,17.517241379310345
https://www.redfin.com/MO/Saint-Louis/4935-Cote-Brilliante-Ave-63113/home/93737212,3,Central,216,761,3.9272727272727272,13.836363636363636
https://www.redfin.com/MO/Saint-Louis/4142-Cleveland-Ave-63110/home/93746488,3,Central,216,761,3.9272727272727272,13.836363636363636
https://www.redfin.com/MO/Saint-Louis/6125-Marwinette-Ave-63116/home/62744072,1,South,197,781,3.7884615384615383,15.019230769230768
https://www.redfin.com/MO/Saint-Louis/4557-Arco-Ave-63110/home/93749289,3,Central,216,761,3.9272727272727272,13.836363636363636
https://www.redfin.com/MO/Saint-Louis/2739-Utah-St-63118/home/93693788,2,South,118,726,2.681818181818182,16.5
https://www.redfin.com/MO/Saint-Louis/3307-Wisconsin-Ave-63118/home/62747963,2,South,118,726,2.681818181818182,16.5
https://www.redfin.com/MO/Saint-Louis/3467-Giles-Ave-63116/home/93730302,1,South,197,781,3.7884615384615383,15.019230769230768
https://www.redfin.com/MO/Saint-Louis/5239-Oleatha-Ave-63139/home/62721572,1,South,197,781,3.7884615384615383,15.019230769230768
https://www.redfin.com/MO/Saint-Louis/7119-Trainor-Pl-63116/home/93679204,1,South,197,781,3.7884615384615383,15.019230769230768
https://www.redfin.com/MO/Saint-Louis/6059-Clemens-Ave-63112/home/91490586,3,Central,216,761,3.9272727272727272,13.836363636363636
https://www.redfin.com/MO/Saint-Louis/5972-Cates-Ave-63112/home/71335714,3,Central,216,761,3.9272727272727272,13.836363636363636
https://www.redfin.com/MO/Saint-Louis/6523-Odell-St-63139/home/93743840,3,Central,216,761,3.9272727272727272,13.836363636363636
https://www.redfin.com/MO/Saint-Louis/5588-Bartmer-Ave-63112/home/93722455,3,Central,216,761,3.9272727272727272,13.836363636363636
https://www.redfin.com/MO/Saint-Louis/6533-Tholozan-Ave-63109/home/93774987,1,South,197,781,3.7884615384615383,15.019230769230768
https://www.redfin.com/MO/St-Louis/4253-Washington-Ave-63108/unit-D/home/190928999,3,Central,216,761,3.9272727272727272,13.836363636363636
https://www.redfin.com/MO/Saint-Louis/3302-Ohio-Ave-63118/home/93694284,2,South,118,726,2.681818181818182,16.5
https://www.redfin.com/MO/Saint-Louis/3332-Wisconsin-Ave-63118/home/173618772,2,South,118,726,2.681818181818182,16.5
https://www.redfin.com/MO/Saint-Louis/6014-Potomac-St-63139/home/93775389,1,South,197,781,3.7884615384615383,15.019230769230768
https://www.redfin.com/MO/Saint-Louis/2318-Louisiana-Ave-63104/home/104434520,3,Central,216,761,3.9272727272727272,13.836363636363636
https://www.redfin.com/MO/Saint-Louis/5665-Oleatha-Ave-63139/home/93780690,1,South,197,781,3.7884615384615383,15.019230769230768
https://www.redfin.com/MO/Saint-Louis/2143-Hickory-St-63104/home/62696165,4,Central,349,1016,6.017241379310345,17.517241379310345
https://www.redfin.com/MO/Saint-Louis/1810-Utah-St-63118/home/93694151,2,South,118,726,2.681818181818182,16.5
https://www.redfin.com/MO/Saint-Louis/1901-Allen-Ave-63104/home/93690378,4,Central,349,1016,6.017241379310345,17.517241379310345
https://www.redfin.com/MO/Saint-Louis/5230-Bancroft-Ave-63109/home/93752671,1,South,197,781,3.7884615384615383,15.019230769230768
https://www.redfin.com/MO/Saint-Louis/1500-E-Linton-Ave-63107/home/93713259,4,Central,349,1016,6.017241379310345,17.517241379310345
https://www.redfin.com/MO/Saint-Louis/5622-Pernod-Ave-63139/home/93781950,1,South,197,781,3.7884615384615383,15.019230769230768
https://www.redfin.com/MO/Saint-Louis/4465-Greer-Ave-63115/home/93715389,3,Central,216,761,3.9272727272727272,13.836363636363636
https://www.redfin.com/MO/Saint-Louis/3503-Wisconsin-Ave-63118/home/93694499,2,South,118,726,2.681818181818182,16.5
https://www.redfin.com/MO/Saint-Louis/1323-Shenandoah-Ave-63104/home/62714065,4,Central,349,1016,6.017241379310345,17.517241379310345
https://www.redfin.com/MO/Saint-Louis/1924-Withnell-Ave-63118/home/62722013,2,South,118,726,2.681818181818182,16.5
https://www.redfin.com/MO/Saint-Louis/3445-Michigan-Ave-63118/home/184672079,1,South,197,781,3.7884615384615383,15.019230769230768
https://www.redfin.com/MO/Saint-Louis/5449-Mardel-Ave-63109/home/93782003,1,South,197,781,3.7884615384615383,15.019230769230768
https://www.redfin.com/MO/Saint-Louis/2248-Jules-St-63104/home/62735438,4,Central,349,1016,6.017241379310345,17.517241379310345
https://www.redfin.com/MO/Saint-Louis/5810-S-Kingshighway-Blvd-63109/home/63691768,1,South,197,781,3.7884615384615383,15.019230769230768
https://www.redfin.com/MO/Saint-Louis/5477-Loughborough-Ave-63109/home/93774312,1,South,197,781,3.7884615384615383,15.019230769230768
https://www.redfin.com/MO/Saint-Louis/3725-N-20th-St-63107/home/93671267,4,Central,349,1016,6.017241379310345,17.517241379310345
https://www.redfin.com/MO/Saint-Louis/7016-Michigan-Ave-63111/home/143285890,1,South,197,781,3.7884615384615383,15.019230769230768
https://www.redfin.com/MO/Saint-Louis/1725-Oregon-Pl-63104/home/93690072,4,Central,349,1016,6.017241379310345,17.517241379310345
https://www.redfin.com/MO/Saint-Louis/4361-Enright-Ave-63108/home/93739837,3,Central,216,761,3.9272727272727272,13.836363636363636
https://www.redfin.com/MO/Saint-Louis/2758-Rutger-St-63104/home/93697600,4,Central,349,1016,6.017241379310345,17.517241379310345
https://www.redfin.com/MO/Saint-Louis/5363-Reber-Pl-63139/home/93727529,3,Central,216,761,3.9272727272727272,13.836363636363636
https://www.redfin.com/MO/Saint-Louis/5530-Magnolia-Ave-63139/home/93727165,3,Central,216,761,3.9272727272727272,13.836363636363636
https://www.redfin.com/MO/Saint-Louis/1464-Sproule-Ave-63139/home/93778573,3,Central,216,761,3.9272727272727272,13.836363636363636
https://www.redfin.com/MO/Saint-Louis/3509-Park-Ave-63104/home/93689866,3,Central,216,761,3.9272727272727272,13.836363636363636
https://www.redfin.com/MO/Saint-Louis/20-Lawn-Pl-63110/home/93765850,3,Central,216,761,3.9272727272727272,13.836363636363636
https://www.redfin.com/MO/Saint-Louis/4253-Swan-Ave-63110/home/67379319,3,Central,216,761,3.9272727272727272,13.836363636363636
https://www.redfin.com/MO/Saint-Louis/1544-Saint-Vincent-Ct-63104/home/93700600,4,Central,349,1016,6.017241379310345,17.517241379310345
https://www.redfin.com/MO/Saint-Louis/6816-Wise-Ave-63139/home/93765619,3,Central,216,761,3.9272727272727272,13.836363636363636
https://www.redfin.com/MO/Saint-Louis/4058-Botanical-Ave-63110/home/76771316,3,Central,216,761,3.9272727272727272,13.836363636363636
https://www.redfin.com/MO/Saint-Louis/2925-Macklind-Ave-63139/home/93727350,3,Central,216,761,3.9272727272727272,13.836363636363636
https://www.redfin.com/MO/Saint-Louis/3516-Illinois-Ave-63118/home/109007317,2,South,118,726,2.681818181818182,16.5
https://www.redfin.com/MO/Saint-Louis/4100-Potomac-St-63116/home/93728788,1,South,197,781,3.7884615384615383,15.019230769230768
https://www.redfin.com/MO/Saint-Louis/905-Russell-Blvd-63104/home/93686208,4,Central,349,1016,6.017241379310345,17.517241379310345
https://www.redfin.com/MO/Saint-Louis/3706-Iowa-Ave-63118/home/93696181,2,South,118,726,2.681818181818182,16.5
https://www.redfin.com/MO/Saint-Louis/7153-Whaley-Pl-63116/home/93785432,1,South,197,781,3.7884615384615383,15.019230769230768
https://www.redfin.com/MO/Saint-Louis/4120-Loughborough-Ave-63116/home/93772837,1,South,197,781,3.7884615384615383,15.019230769230768
https://www.redfin.com/MO/Saint-Louis/1911-Lynch-St-63118/home/93697264,4,Central,349,1016,6.017241379310345,17.517241379310345
https://www.redfin.com/MO/Saint-Louis/2830-Hampton-Ave-63139/home/69131459,3,Central,216,761,3.9272727272727272,13.836363636363636
https://www.redfin.com/MO/Saint-Louis/5439-Vernon-Ave-63112/home/93786376,3,Central,216,761,3.9272727272727272,13.836363636363636
https://www.redfin.com/MO/Saint-Louis/3878-Marine-Ave-63118/home/93697250,2,South,118,726,2.681818181818182,16.5
https://www.redfin.com/MO/Saint-Louis/7146-Mardel-Ave-63109/home/93747995,1,South,197,781,3.7884615384615383,15.019230769230768
https://www.redfin.com/MO/Saint-Louis/5238-Botanical-Ave-63110/home/93727570,3,Central,216,761,3.9272727272727272,13.836363636363636
https://www.redfin.com/MO/Saint-Louis/3024-Caroline-St-63104/home/93672743,4,Central,349,1016,6.017241379310345,17.517241379310345
https://www.redfin.com/MO/Saint-Louis/5829-Bartmer-Ave-63112/home/93680377,3,Central,216,761,3.9272727272727272,13.836363636363636
https://www.redfin.com/MO/Saint-Louis/2320-S-9th-St-63104/home/92954023,4,Central,349,1016,6.017241379310345,17.517241379310345
https://www.redfin.com/MO/Saint-Louis/6217-Marmaduke-Ave-63139/home/93754701,3,Central,216,761,3.9272727272727272,13.836363636363636
https://www.redfin.com/MO/Saint-Louis/4729-Adkins-Ave-63116/home/93758982,1,South,197,781,3.7884615384615383,15.019230769230768
https://www.redfin.com/MO/Saint-Louis/3337-Michigan-Ave-63118/home/93693546,1,South,197,781,3.7884615384615383,15.019230769230768
https://www.redfin.com/MO/Saint-Louis/4014-Miami-St-63116/home/93728662,1,South,197,781,3.7884615384615383,15.019230769230768
https://www.redfin.com/MO/Saint-Louis/6557-Odell-St-63139/home/93743819,3,Central,216,761,3.9272727272727272,13.836363636363636
https://www.redfin.com/MO/Saint-Louis/3112-Wyoming-St-63118/home/93693478,1,South,197,781,3.7884615384615383,15.019230769230768
https://www.redfin.com/MO/Saint-Louis/4963-Sutherland-Ave-63109/home/89324264,1,South,197,781,3.7884615384615383,15.019230769230768
https://www.redfin.com/MO/Saint-Louis/3223-Utah-St-63118/home/104237048,1,South,197,781,3.7884615384615383,15.019230769230768
https://www.redfin.com/MO/Saint-Louis/6531-Bancroft-Ave-63109/home/93775558,1,South,197,781,3.7884615384615383,15.019230769230768
https://www.redfin.com/MO/Saint-Louis/3324-Louisiana-Ave-63118/home/93693130,1,South,197,781,3.7884615384615383,15.019230769230768
https://www.redfin.com/MO/Saint-Louis/Undisclosed-address-63106/home/169424163,4,Central,349,1016,6.017241379310345,17.517241379310345
https://www.redfin.com/MO/Saint-Louis/3325-Minnesota-Ave-63118/home/93693448,1,South,197,781,3.7884615384615383,15.019230769230768
https://www.redfin.com/MO/Saint-Louis/5414-Lindenwood-Ave-63109/home/93782848,1,South,197,781,3.7884615384615383,15.019230769230768
https://www.redfin.com/MO/Saint-Louis/7321-Coronado-Ave-63116/home/93785043,1,South,197,781,3.7884615384615383,15.019230769230768
https://www.redfin.com/MO/Saint-Louis/4948-Neosho-St-63109/home/62764377,1,South,197,781,3.7884615384615383,15.019230769230768
https://www.redfin.com/MO/Saint-Louis/5325-Quincy-St-63109/home/93771490,1,South,197,781,3.7884615384615383,15.019230769230768
https://www.redfin.com/MO/Saint-Louis/5008-Sutherland-Ave-63109/home/93752833,1,South,197,781,3.7884615384615383,15.019230769230768
https://www.redfin.com/MO/Saint-Louis/4844-Sigel-Ave-63116/home/93763288,1,South,197,781,3.7884615384615383,15.019230769230768
https://www.redfin.com/MO/Saint-Louis/4224-California-Ave-63111/home/93705491,1,South,197,781,3.7884615384615383,15.019230769230768
https://www.redfin.com/MO/Saint-Louis/5507-Vermont-Ave-63111/home/93708496,1,South,197,781,3.7884615384615383,15.019230769230768
https://www.redfin.com/MO/Saint-Louis/3911-Sullivan-Ave-63107/home/93753728,4,Central,349,1016,6.017241379310345,17.517241379310345
https://www.redfin.com/MO/Saint-Louis/6019-Hartford-St-63139/home/93775873,3,Central,216,761,3.9272727272727272,13.836363636363636
https://www.redfin.com/MO/Saint-Louis/3832-Iowa-Ave-63118/home/93696263,1,South,197,781,3.7884615384615383,15.019230769230768
https://www.redfin.com/MO/Saint-Louis/5477-Oleatha-Ave-63139/home/93780849,1,South,197,781,3.7884615384615383,15.019230769230768
https://www.redfin.com/MO/Saint-Louis/4936-Delor-St-63109/home/69445400,1,South,197,781,3.7884615384615383,15.019230769230768
https://www.redfin.com/MO/Saint-Louis/3440-Potomac-St-63118/home/93695417,1,South,197,781,3.7884615384615383,15.019230769230768
https://www.redfin.com/MO/Saint-Louis/4337-Loughborough-Ave-63116/home/93771767,1,South,197,781,3.7884615384615383,15.019230769230768
https://www.redfin.com/MO/Saint-Louis/5341-Neosho-St-63109/home/93755145,1,South,197,781,3.7884615384615383,15.019230769230768
https://www.redfin.com/MO/Saint-Louis/3759-Kosciusko-St-63118/home/93697209,2,South,118,726,2.681818181818182,16.5
https://www.redfin.com/MO/Saint-Louis/5444-Sunshine-Dr-63109/home/93775861,1,South,197,781,3.7884615384615383,15.019230769230768
https://www.redfin.com/MO/Saint-Louis/5453-Nottingham-Ave-63109/home/93753441,1,South,197,781,3.7884615384615383,15.019230769230768
https://www.redfin.com/MO/Saint-Louis/6916-Hampton-Ave-63109/home/93758074,1,South,197,781,3.7884615384615383,15.019230769230768
https://www.redfin.com/MO/Saint-Louis/5612-Arthur-Ave-63139/home/93743063,3,Central,216,761,3.9272727272727272,13.836363636363636
https://www.redfin.com/MO/Saint-Louis/4739-Hummel-Ave-63116/home/93763387,1,South,197,781,3.7884615384615383,15.019230769230768
https://www.redfin.com/MO/Saint-Louis/5186-Vernon-Ave-63113/home/93752405,3,Central,216,761,3.9272727272727272,13.836363636363636
https://www.redfin.com/MO/Saint-Louis/5946-Julian-Ave-63112/home/109924547,3,Central,216,761,3.9272727272727272,13.836363636363636
https://www.redfin.com/MO/Saint-Louis/3662-Minnesota-Ave-63118/home/93695976,1,South,197,781,3.7884615384615383,15.019230769230768
https://www.redfin.com/MO/Saint-Louis/1907-Lynch-St-63118/home/93671871,4,Central,349,1016,6.017241379310345,17.517241379310345
https://www.redfin.com/MO/Saint-Louis/5218-Lisette-Ave-63109/home/62693805,1,South,197,781,3.7884615384615383,15.019230769230768
https://www.redfin.com/MO/Saint-Louis/4259-W-Cote-Brilliante-Ave-63113/home/62759429,3,Central,216,761,3.9272727272727272,13.836363636363636
https://www.redfin.com/MO/Saint-Louis/4405-Alaska-Ave-63111/home/62743886,1,South,197,781,3.7884615384615383,15.019230769230768
https://www.redfin.com/MO/Saint-Louis/5453-Robert-Ave-63109/home/93775968,1,South,197,781,3.7884615384615383,15.019230769230768
https://www.redfin.com/MO/Saint-Louis/4319-Eichelberger-St-63116/home/93757142,1,South,197,781,3.7884615384615383,15.019230769230768
https://www.redfin.com/MO/Saint-Louis/3523-Pennsylvania-Ave-63118/home/87395007,1,South,197,781,3.7884615384615383,15.019230769230768
https://www.redfin.com/MO/St-Louis/3708-Bamberger-Ave-63116/home/193769352,1,South,197,781,3.7884615384615383,15.019230769230768
https://www.redfin.com/MO/Saint-Louis/3340-Bendick-Ave-63139/home/62755741,3,Central,216,761,3.9272727272727272,13.836363636363636
https://www.redfin.com/MO/Saint-Louis/5411-Tennessee-Ave-63111/home/93708247,1,South,197,781,3.7884615384615383,15.019230769230768
https://www.redfin.com/MO/Saint-Louis/2214-McCausland-Ave-63143/home/93741105,3,Central,216,761,3.9272727272727272,13.836363636363636
https://www.redfin.com/MO/Saint-Louis/5300-Chippewa-St-63109/home/93781862,1,South,197,781,3.7884615384615383,15.019230769230768
https://www.redfin.com/MO/Saint-Louis/3414-Cherokee-St-63118/home/62734586,1,South,197,781,3.7884615384615383,15.019230769230768
https://www.redfin.com/MO/Saint-Louis/4401-Wilcox-Ave-63116/home/93764968,1,South,197,781,3.7884615384615383,15.019230769230768
https://www.redfin.com/MO/Saint-Louis/4139-Tholozan-Ave-63116/home/93728549,1,South,197,781,3.7884615384615383,15.019230769230768
https://www.redfin.com/MO/Saint-Louis/5608-S-Kingshighway-Blvd-63109/home/64095996,1,South,197,781,3.7884615384615383,15.019230769230768
https://www.redfin.com/MO/Saint-Louis/2015-Schaeffer-Pl-63139/home/93741323,3,Central,216,761,3.9272727272727272,13.836363636363636
https://www.redfin.com/MO/Saint-Louis/3999-Dover-Pl-63116/home/93774790,1,South,197,781,3.7884615384615383,15.019230769230768
https://www.redfin.com/MO/Saint-Louis/4117-Louis-St-63116/home/93784352,1,South,197,781,3.7884615384615383,15.019230769230768
https://www.redfin.com/MO/Saint-Louis/4348-Schirmer-St-63116/home/93783610,1,South,197,781,3.7884615384615383,15.019230769230768
https://www.redfin.com/MO/Saint-Louis/4059-Phillips-Ave-63116/home/93748976,1,South,197,781,3.7884615384615383,15.019230769230768
https://www.redfin.com/MO/Saint-Louis/6109-Newport-Ave-63116/home/93776760,1,South,197,781,3.7884615384615383,15.019230769230768
https://www.redfin.com/MO/Saint-Louis/4418-Louisiana-Ave-63111/home/93706038,1,South,197,781,3.7884615384615383,15.019230769230768
https://www.redfin.com/MO/Saint-Louis/2913-Gasconade-St-63118/home/93704871,1,South,197,781,3.7884615384615383,15.019230769230768
https://www.redfin.com/MO/Saint-Louis/5120-Wicklow-Pl-63111/home/93707651,1,South,197,781,3.7884615384615383,15.019230769230768
https://www.redfin.com/MO/Saint-Louis/6736-Wise-Ave-63139/home/93765724,3,Central,216,761,3.9272727272727272,13.836363636363636
https://www.redfin.com/MO/Saint-Louis/4550-Enright-Ave-63108/home/93720014,3,Central,216,761,3.9272727272727272,13.836363636363636
https://www.redfin.com/MO/Saint-Louis/5933-Arsenal-St-63139/home/93768701,3,Central,216,761,3.9272727272727272,13.836363636363636
https://www.redfin.com/MO/Saint-Louis/6300-Potomac-St-63139/home/62699120,1,South,197,781,3.7884615384615383,15.019230769230768
https://www.redfin.com/MO/Saint-Louis/3702-Garnier-St-63116/home/93747398,1,South,197,781,3.7884615384615383,15.019230769230768
https://www.redfin.com/MO/Saint-Louis/2720-McNair-Ave-63118/home/93697739,4,Central,349,1016,6.017241379310345,17.517241379310345
https://www.redfin.com/MO/Saint-Louis/5342-Loughborough-Ave-63109/home/62692085,1,South,197,781,3.7884615384615383,15.019230769230768
https://www.redfin.com/MO/Saint-Louis/3667-Steins-St-63116/home/93757111,1,South,197,781,3.7884615384615383,15.019230769230768
https://www.redfin.com/MO/Saint-Louis/2700-Arsenal-St-63118/home/93697155,2,South,118,726,2.681818181818182,16.5
https://www.redfin.com/MO/Saint-Louis/6301-Marquette-Ave-63139/home/93749021,1,South,197,781,3.7884615384615383,15.019230769230768
https://www.redfin.com/MO/Saint-Louis/7316-Sharp-Ave-63116/home/93785055,1,South,197,781,3.7884615384615383,15.019230769230768
https://www.redfin.com/MO/Saint-Louis/5418-Virginia-Ave-63111/home/93708154,1,South,197,781,3.7884615384615383,15.019230769230768
https://www.redfin.com/MO/Saint-Louis/3524-Grace-Ave-63116/home/93695414,1,South,197,781,3.7884615384615383,15.019230769230768
https://www.redfin.com/MO/Saint-Louis/3930-Pennsylvania-Ave-63118/home/93704421,1,South,197,781,3.7884615384615383,15.019230769230768
https://www.redfin.com/MO/Saint-Louis/4120-Nebraska-Ave-63118/home/93705202,1,South,197,781,3.7884615384615383,15.019230769230768
https://www.redfin.com/MO/Saint-Louis/4724-Hummel-Ave-63116/home/93758065,1,South,197,781,3.7884615384615383,15.019230769230768
https://www.redfin.com/MO/St-Louis/4122-Nebraska-Ave-63118/home/202385139,1,South,197,781,3.7884615384615383,15.019230769230768
https://www.redfin.com/MO/Saint-Louis/612-Holly-Hills-Ave-63111/home/93709701,1,South,197,781,3.7884615384615383,15.019230769230768
https://www.redfin.com/MO/Saint-Louis/6559-Marmaduke-Ave-63139/home/93743876,3,Central,216,761,3.9272727272727272,13.836363636363636
https://www.redfin.com/MO/Saint-Louis/4233-Delor-St-63116/home/93759008,1,South,197,781,3.7884615384615383,15.019230769230768
https://www.redfin.com/MO/Saint-Louis/7137-Marwinette-Ave-63116/home/62734965,1,South,197,781,3.7884615384615383,15.019230769230768
https://www.redfin.com/MO/Saint-Louis/3450-Minnesota-Ave-63118/home/93694821,1,South,197,781,3.7884615384615383,15.019230769230768
https://www.redfin.com/MO/Saint-Louis/3533-Illinois-Ave-63118/home/93694536,2,South,118,726,2.681818181818182,16.5
https://www.redfin.com/MO/Saint-Louis/4052-Nebraska-Ave-63118/home/93704879,1,South,197,781,3.7884615384615383,15.019230769230768
https://www.redfin.com/MO/Saint-Louis/6033-Carlsbad-Ave-63116/home/93772781,1,South,197,781,3.7884615384615383,15.019230769230768
https://www.redfin.com/MO/Saint-Louis/4601-Ray-Ave-63116/home/93757345,1,South,197,781,3.7884615384615383,15.019230769230768
https://www.redfin.com/MO/Saint-Louis/1802-Switzer-Ave-63147/home/93781515,5,North,287,878,5.857142857142857,17.918367346938773
https://www.redfin.com/MO/Saint-Louis/7857-Wanda-Ave-63123/home/93784474,1,South,197,781,3.7884615384615383,15.019230769230768
https://www.redfin.com/MO/Saint-Louis/4434-Enright-Ave-63108/home/93739815,3,Central,216,761,3.9272727272727272,13.836363636363636
https://www.redfin.com/MO/Saint-Louis/5827-W-Park-Ave-63110/home/93769204,3,Central,216,761,3.9272727272727272,13.836363636363636
https://www.redfin.com/MO/Saint-Louis/4049-Cottage-Ave-63113/home/143286700,3,Central,216,761,3.9272727272727272,13.836363636363636
https://www.redfin.com/MO/Saint-Louis/5366-Southwest-Ave-63139/home/93727390,3,Central,216,761,3.9272727272727272,13.836363636363636
https://www.redfin.com/MO/Saint-Louis/1440-Central-Ave-63139/home/93740644,3,Central,216,761,3.9272727272727272,13.836363636363636
https://www.redfin.com/MO/Saint-Louis/7328-Parkwood-Dr-63116/home/93783715,1,South,197,781,3.7884615384615383,15.019230769230768
https://www.redfin.com/MO/Saint-Louis/6300-Fyler-Ave-63139/home/93743111,3,Central,216,761,3.9272727272727272,13.836363636363636
https://www.redfin.com/MO/Saint-Louis/2303-Arsenal-St-63118/home/93699058,2,South,118,726,2.681818181818182,16.5
https://www.redfin.com/MO/Saint-Louis/4177-Itaska-St-63116/home/93757084,1,South,197,781,3.7884615384615383,15.019230769230768
https://www.redfin.com/MO/Saint-Louis/4228-Schiller-Pl-63116/home/67986625,1,South,197,781,3.7884615384615383,15.019230769230768
https://www.redfin.com/MO/Saint-Louis/6717-Minnesota-Ave-63111/home/93710454,1,South,197,781,3.7884615384615383,15.019230769230768
https://www.redfin.com/MO/Saint-Louis/5132-Dresden-Ave-63116/home/93763928,1,South,197,781,3.7884615384615383,15.019230769230768
https://www.redfin.com/MO/Saint-Louis/4629-Alaska-Ave-63111/home/93706713,1,South,197,781,3.7884615384615383,15.019230769230768
https://www.redfin.com/MO/Saint-Louis/6228-Fyler-Ave-63139/home/93743109,3,Central,216,761,3.9272727272727272,13.836363636363636
https://www.redfin.com/MO/St-Louis/3831-S-Grand-Blvd-63118/home/176874415,1,South,197,781,3.7884615384615383,15.019230769230768
https://www.redfin.com/MO/Saint-Louis/3820-Iowa-Ave-63118/home/93696268,1,South,197,781,3.7884615384615383,15.019230769230768
https://www.redfin.com/MO/Saint-Louis/3825-Missouri-Ave-63118/home/93696784,2,South,118,726,2.681818181818182,16.5
https://www.redfin.com/MO/Saint-Louis/4916-Blow-St-63109/home/93758301,1,South,197,781,3.7884615384615383,15.019230769230768
https://www.redfin.com/MO/St-Louis/2311-Rutger-St-63104/unit-C/home/191941959,4,Central,349,1016,6.017241379310345,17.517241379310345
https://www.redfin.com/MO/Saint-Louis/7342-Vermont-Ave-63111/home/93710767,1,South,197,781,3.7884615384615383,15.019230769230768
https://www.redfin.com/MO/Saint-Louis/7507-Virginia-Ave-63111/home/93710942,1,South,197,781,3.7884615384615383,15.019230769230768
https://www.redfin.com/MO/Saint-Louis/5018-Leona-St-63116/home/93777294,1,South,197,781,3.7884615384615383,15.019230769230768
https://www.redfin.com/MO/Saint-Louis/4500-Miami-St-63116/home/93756217,1,South,197,781,3.7884615384615383,15.019230769230768
https://www.redfin.com/MO/Saint-Louis/3943-Ohio-Ave-63118/home/62736783,1,South,197,781,3.7884615384615383,15.019230769230768
https://www.redfin.com/MO/Saint-Louis/940-Maple-Pl-63112/home/93723863,3,Central,216,761,3.9272727272727272,13.836363636363636
https://www.redfin.com/MO/Saint-Louis/6011-Michigan-Ave-63111/home/93709031,1,South,197,781,3.7884615384615383,15.019230769230768
https://www.redfin.com/MO/Saint-Louis/4827-Miami-St-63116/home/93756229,1,South,197,781,3.7884615384615383,15.019230769230768
https://www.redfin.com/MO/Saint-Louis/2335-Louisiana-Ave-63104/home/67655211,3,Central,216,761,3.9272727272727272,13.836363636363636
https://www.redfin.com/MO/Saint-Louis/4725-Terrace-Ave-63116/home/93758042,1,South,197,781,3.7884615384615383,15.019230769230768
https://www.redfin.com/MO/Saint-Louis/6452-Southwest-Ave-63139/home/62716251,3,Central,216,761,3.9272727272727272,13.836363636363636
https://www.redfin.com/MO/Saint-Louis/4140-Tesson-St-63123/home/93784152,1,South,197,781,3.7884615384615383,15.019230769230768
https://www.redfin.com/MO/Saint-Louis/4342-Frieda-Ave-63116/home/93757236,1,South,197,781,3.7884615384615383,15.019230769230768
https://www.redfin.com/MO/Saint-Louis/2630-Geyer-Ave-63104/home/93690340,4,Central,349,1016,6.017241379310345,17.517241379310345
https://www.redfin.com/MO/Saint-Louis/8321-Minnesota-Ave-63111/home/93711868,1,South,197,781,3.7884615384615383,15.019230769230768
https://www.redfin.com/MO/Saint-Louis/4128-Michigan-Ave-63118/home/93705171,1,South,197,781,3.7884615384615383,15.019230769230768
https://www.redfin.com/MO/Saint-Louis/1211-Clara-Ave-63112/home/93722542,3,Central,216,761,3.9272727272727272,13.836363636363636
https://www.redfin.com/MO/Saint-Louis/5462-Christy-Ave-63116/home/93757910,1,South,197,781,3.7884615384615383,15.019230769230768
https://www.redfin.com/MO/Saint-Louis/4147-Beethoven-Ave-63116/home/93758119,1,South,197,781,3.7884615384615383,15.019230769230768
https://www.redfin.com/MO/Saint-Louis/4651-Tennessee-Ave-63111/home/64459744,1,South,197,781,3.7884615384615383,15.019230769230768
https://www.redfin.com/MO/Saint-Louis/3471-Morganford-Rd-63116/home/93774387,1,South,197,781,3.7884615384615383,15.019230769230768
https://www.redfin.com/MO/Saint-Louis/7101-Virginia-Ave-63111/home/93710438,1,South,197,781,3.7884615384615383,15.019230769230768
https://www.redfin.com/MO/Saint-Louis/3616-Louisiana-Ave-63118/home/91489867,1,South,197,781,3.7884615384615383,15.019230769230768
https://www.redfin.com/MO/Saint-Louis/6027-Etzel-Ave-63112/home/93723128,3,Central,216,761,3.9272727272727272,13.836363636363636
https://www.redfin.com/MO/Saint-Louis/6437-Colletta-Dr-63139/home/93784611,3,Central,216,761,3.9272727272727272,13.836363636363636
https://www.redfin.com/MO/Saint-Louis/5343-Conde-St-63107/home/93713437,4,Central,349,1016,6.017241379310345,17.517241379310345
https://www.redfin.com/MO/Saint-Louis/5649-Roosevelt-Pl-63120/home/93755010,3,Central,216,761,3.9272727272727272,13.836363636363636
https://www.redfin.com/MO/Saint-Louis/2518-Whittier-St-63113/home/93717082,3,Central,216,761,3.9272727272727272,13.836363636363636
https://www.redfin.com/MO/Saint-Louis/5204-Saint-Louis-Ave-63115/home/67369281,3,Central,216,761,3.9272727272727272,13.836363636363636
https://www.redfin.com/MO/Saint-Louis/5275-Alcott-Ave-63120/home/93765029,5,North,287,878,5.857142857142857,17.918367346938773
https://www.redfin.com/MO/Saint-Louis/4130-Oregon-Ave-63118/home/93705090,1,South,197,781,3.7884615384615383,15.019230769230768
https://www.redfin.com/MO/Saint-Louis/5530-Partridge-Ave-63120/home/93751796,5,North,287,878,5.857142857142857,17.918367346938773
https://www.redfin.com/MO/Saint-Louis/357-Adrian-Dr-63137/home/93394124,6,North,310,717,6.739130434782608,15.58695652173913
https://www.redfin.com/MO/Saint-Louis/3901-Sherman-Pl-63107/home/62725207,4,Central,349,1016,6.017241379310345,17.517241379310345
https://www.redfin.com/MO/Saint-Louis/5338-Wabada-Ave-63112/home/93738689,3,Central,216,761,3.9272727272727272,13.836363636363636
https://www.redfin.com/MO/Saint-Louis/4936-Harney-Ave-63115/home/93756145,5,North,287,878,5.857142857142857,17.918367346938773
https://www.redfin.com/MO/Saint-Louis/5636-Acme-Ave-63136/home/93761373,5,North,287,878,5.857142857142857,17.918367346938773
https://www.redfin.com/MO/Saint-Louis/4808-Cupples-Pl-63113/home/93736337,3,Central,216,761,3.9272727272727272,13.836363636363636
https://www.redfin.com/MO/Saint-Louis/4224-N-Florissant-Ave-63107/home/93703140,4,Central,349,1016,6.017241379310345,17.517241379310345
https://www.redfin.com/MO/Saint-Louis/3981-Schiller-Pl-63116/home/93770282,1,South,197,781,3.7884615384615383,15.019230769230768
https://www.redfin.com/MO/Saint-Louis/4314-Penrose-St-63115/home/93714837,3,Central,216,761,3.9272727272727272,13.836363636363636
https://www.redfin.com/MO/Saint-Louis/210-N-17th-St-63103/unit-1409/home/93680867,4,Central,349,1016,6.017241379310345,17.517241379310345
https://www.redfin.com/MO/Saint-Louis/5918-Dressell-Ave-63120/home/93768511,5,North,287,878,5.857142857142857,17.918367346938773
https://www.redfin.com/MO/Saint-Louis/3850-Kennerly-Ave-63113/home/93716085,4,Central,349,1016,6.017241379310345,17.517241379310345
https://www.redfin.com/MO/Saint-Louis/4426-Carter-Ave-63115/home/93734211,3,Central,216,761,3.9272727272727272,13.836363636363636
https://www.redfin.com/MO/Saint-Louis/6000-Thekla-Ave-63136/home/93759084,5,North,287,878,5.857142857142857,17.918367346938773
https://www.redfin.com/MO/Saint-Louis/5119-Terry-Ave-63115/home/64451660,3,Central,216,761,3.9272727272727272,13.836363636363636
https://www.redfin.com/MO/Saint-Louis/5929-Lucille-Ave-63136/home/93758811,5,North,287,878,5.857142857142857,17.918367346938773
https://www.redfin.com/MO/Saint-Louis/5345-N-Kingshighway-Blvd-63115/home/93752050,5,North,287,878,5.857142857142857,17.918367346938773
https://www.redfin.com/MO/Saint-Louis/4778-Highland-Ave-63113/home/93736696,3,Central,216,761,3.9272727272727272,13.836363636363636
https://www.redfin.com/MO/Saint-Louis/5420-Queens-Ave-63115/home/93752006,5,North,287,878,5.857142857142857,17.918367346938773
https://www.redfin.com/MO/Saint-Louis/7719-Minnesota-Ave-63111/home/93711110,1,South,197,781,3.7884615384615383,15.019230769230768
https://www.redfin.com/MO/Saint-Louis/3753-Marine-Ave-63118/home/93697380,2,South,118,726,2.681818181818182,16.5
https://www.redfin.com/MO/Saint-Louis/4409-Virginia-Ave-63111/home/93705955,1,South,197,781,3.7884615384615383,15.019230769230768
https://www.redfin.com/MO/Saint-Louis/5628-Hiller-Pl-63136/home/93769961,5,North,287,878,5.857142857142857,17.918367346938773
https://www.redfin.com/MO/Saint-Louis/4210-E-Carter-Ave-63115/home/93714763,4,Central,349,1016,6.017241379310345,17.517241379310345
https://www.redfin.com/MO/Saint-Louis/4470-Bessie-Ave-63115/home/93734404,3,Central,216,761,3.9272727272727272,13.836363636363636
https://www.redfin.com/MO/Saint-Louis/5322-Michigan-Ave-63111/home/93708061,1,South,197,781,3.7884615384615383,15.019230769230768
https://www.redfin.com/MO/Saint-Louis/889-Gustav-Ave-63147/home/62758221,5,North,287,878,5.857142857142857,17.918367346938773
https://www.redfin.com/MO/Saint-Louis/5825-Romaine-Pl-63112/home/93722849,3,Central,216,761,3.9272727272727272,13.836363636363636
https://www.redfin.com/MO/Saint-Louis/4003-Lexington-Ave-63107/home/93753780,4,Central,349,1016,6.017241379310345,17.517241379310345
https://www.redfin.com/MO/Saint-Louis/4429-Pennsylvania-Ave-63111/home/93706050,1,South,197,781,3.7884615384615383,15.019230769230768
https://www.redfin.com/MO/Saint-Louis/1005-Switzer-Ave-63147/home/93730648,5,North,287,878,5.857142857142857,17.918367346938773
https://www.redfin.com/MO/Saint-Louis/3020-Mount-Pleasant-St-63111/home/93706798,1,South,197,781,3.7884615384615383,15.019230769230768
https://www.redfin.com/MO/Saint-Louis/1219-Sullivan-Ave-63107/home/93688458,4,Central,349,1016,6.017241379310345,17.517241379310345
https://www.redfin.com/MO/Saint-Louis/5806-Woodland-Ave-63120/home/93759544,5,North,287,878,5.857142857142857,17.918367346938773
https://www.redfin.com/MO/Saint-Louis/4724-Kossuth-Ave-63115/home/93733445,3,Central,216,761,3.9272727272727272,13.836363636363636
https://www.redfin.com/MO/Saint-Louis/4412-Clarence-Ave-63115/home/68482572,4,Central,349,1016,6.017241379310345,17.517241379310345
https://www.redfin.com/MO/Saint-Louis/5917-Harney-Ave-63136/home/93758957,5,North,287,878,5.857142857142857,17.918367346938773
https://www.redfin.com/MO/Saint-Louis/1727-N-Leffingwell-Ave-63106/home/93697705,4,Central,349,1016,6.017241379310345,17.517241379310345
https://www.redfin.com/MO/Saint-Louis/1040-Sells-Ave-63147/home/93731358,5,North,287,878,5.857142857142857,17.918367346938773
https://www.redfin.com/MO/Saint-Louis/405-Christian-Ave-63147/home/88156373,6,North,310,717,6.739130434782608,15.58695652173913
https://www.redfin.com/MO/Saint-Louis/8455-Concord-Pl-63147/home/93766440,5,North,287,878,5.857142857142857,17.918367346938773
https://www.redfin.com/MO/Saint-Louis/4028-Grove-St-63107/home/93698367,4,Central,349,1016,6.017241379310345,17.517241379310345
https://www.redfin.com/MO/Saint-Louis/4204-N-Euclid-Ave-63115/home/93733369,5,North,287,878,5.857142857142857,17.918367346938773
https://www.redfin.com/MO/Saint-Louis/7118-Vermont-Ave-63111/home/93710413,1,South,197,781,3.7884615384615383,15.019230769230768
https://www.redfin.com/MO/Saint-Louis/743-N-Euclid-Ave-63108/home/93720198,3,Central,216,761,3.9272727272727272,13.836363636363636
https://www.redfin.com/MO/Saint-Louis/1514-N-Leffingwell-Ave-63106/home/93697610,4,Central,349,1016,6.017241379310345,17.517241379310345
https://www.redfin.com/MO/Saint-Louis/4453-Athlone-Ave-63115/home/93714647,4,Central,349,1016,6.017241379310345,17.517241379310345
https://www.redfin.com/MO/Saint-Louis/8539-Robin-Ave-63147/home/93730809,5,North,287,878,5.857142857142857,17.918367346938773
https://www.redfin.com/MO/Saint-Louis/5901-McArthur-Ave-63120/home/93768494,5,North,287,878,5.857142857142857,17.918367346938773
https://www.redfin.com/MO/Saint-Louis/4876-Calvin-Ave-63115/home/93733007,5,North,287,878,5.857142857142857,17.918367346938773
https://www.redfin.com/MO/Saint-Louis/4849-Anderson-Ave-63115/home/93732936,5,North,287,878,5.857142857142857,17.918367346938773
https://www.redfin.com/MO/Saint-Louis/8659-Oriole-Ave-63147/home/93731086,5,North,287,878,5.857142857142857,17.918367346938773
https://www.redfin.com/MO/Saint-Louis/1734-N-Euclid-Ave-63113/home/93737110,3,Central,216,761,3.9272727272727272,13.836363636363636
https://www.redfin.com/MO/Saint-Louis/887-Gustav-Ave-63147/home/93783315,5,North,287,878,5.857142857142857,17.918367346938773
https://www.redfin.com/MO/Saint-Louis/1139-Canaan-Ave-63147/home/93760672,5,North,287,878,5.857142857142857,17.918367346938773
https://www.redfin.com/MO/Saint-Louis/3067-Marcus-Ave-63115/home/62705237,3,Central,216,761,3.9272727272727272,13.836363636363636
https://www.redfin.com/MO/Saint-Louis/882-Gustav-Ave-63147/home/93783363,5,North,287,878,5.857142857142857,17.918367346938773
https://www.redfin.com/MO/Saint-Louis/863-Gustav-Ave-63147/home/93783338,5,North,287,878,5.857142857142857,17.918367346938773
https://www.redfin.com/MO/Saint-Louis/886-Gustav-Ave-63147/home/93783362,5,North,287,878,5.857142857142857,17.918367346938773
https://www.redfin.com/MO/Saint-Louis/5960-Minerva-Ave-63112/home/93723243,3,Central,216,761,3.9272727272727272,13.836363636363636
https://www.redfin.com/MO/Saint-Louis/4636-Saint-Ferdinand-Ave-63113/home/93736768,3,Central,216,761,3.9272727272727272,13.836363636363636
https://www.redfin.com/MO/Saint-Louis/3726-Oregon-Ave-63118/home/93696123,1,South,197,781,3.7884615384615383,15.019230769230768
https://www.redfin.com/MO/Saint-Louis/753-Aubert-Ave-63108/home/62692051,3,Central,216,761,3.9272727272727272,13.836363636363636
https://www.redfin.com/MO/Saint-Louis/5414-S-Kingshighway-Blvd-63109/home/93759258,1,South,197,781,3.7884615384615383,15.019230769230768
https://www.redfin.com/MO/Saint-Louis/3726-Osceola-St-63116/home/93706486,1,South,197,781,3.7884615384615383,15.019230769230768
https://www.redfin.com/MO/Saint-Louis/5516-Acme-Ave-63136/home/93761405,5,North,287,878,5.857142857142857,17.918367346938773
https://www.redfin.com/MO/Saint-Louis/1389-Hamilton-Ave-63112/home/93723355,3,Central,216,761,3.9272727272727272,13.836363636363636
https://www.redfin.com/MO/Saint-Louis/3502-Cora-Ave-63115/home/93735719,3,Central,216,761,3.9272727272727272,13.836363636363636
https://www.redfin.com/MO/Saint-Louis/5475-Gilmore-Ave-63120/home/93752204,5,North,287,878,5.857142857142857,17.918367346938773
https://www.redfin.com/MO/Saint-Louis/8447-Concord-Pl-63147/home/93766442,5,North,287,878,5.857142857142857,17.918367346938773
https://www.redfin.com/MO/Saint-Louis/7819-Vermont-Ave-63111/home/93711268,1,South,197,781,3.7884615384615383,15.019230769230768
https://www.redfin.com/MO/Saint-Louis/4538-San-Francisco-Ave-63115/home/93733765,3,Central,216,761,3.9272727272727272,13.836363636363636
https://www.redfin.com/MO/Saint-Louis/1761-Grape-Ave-63147/home/93778791,5,North,287,878,5.857142857142857,17.918367346938773
https://www.redfin.com/MO/Saint-Louis/3846-Virginia-Ave-63118/home/93695792,1,South,197,781,3.7884615384615383,15.019230769230768
https://www.redfin.com/MO/Saint-Louis/8838-Park-Ln-63147/home/93778678,5,North,287,878,5.857142857142857,17.918367346938773
https://www.redfin.com/MO/Saint-Louis/5381-Queens-Ave-63115/home/93752085,5,North,287,878,5.857142857142857,17.918367346938773
https://www.redfin.com/MO/Saint-Louis/5977-Lalite-Ave-63136/home/93758705,5,North,287,878,5.857142857142857,17.918367346938773
https://www.redfin.com/MO/Saint-Louis/3710-S-Broadway-63118/home/93696730,2,South,118,726,2.681818181818182,16.5
https://www.redfin.com/MO/Saint-Louis/4000-N-Grand-Blvd-63107/home/93698853,4,Central,349,1016,6.017241379310345,17.517241379310345
https://www.redfin.com/MO/Saint-Louis/6343-Sherry-Ave-63136/home/93762085,5,North,287,878,5.857142857142857,17.918367346938773
https://www.redfin.com/MO/Saint-Louis/4502-Harris-Ave-63115/home/93713905,4,Central,349,1016,6.017241379310345,17.517241379310345
https://www.redfin.com/MO/Saint-Louis/4615-Newport-Ave-63116/home/93757281,1,South,197,781,3.7884615384615383,15.019230769230768
https://www.redfin.com/MO/Saint-Louis/4176-Newport-Ct-63116/home/93757068,1,South,197,781,3.7884615384615383,15.019230769230768
https://www.redfin.com/MO/Saint-Louis/5994-Theodore-Ave-63136/home/93759063,5,North,287,878,5.857142857142857,17.918367346938773
https://www.redfin.com/MO/Saint-Louis/5520-Louisiana-Ave-63111/home/93708521,1,South,197,781,3.7884615384615383,15.019230769230768
https://www.redfin.com/MO/Saint-Louis/9006-Edna-St-63147/home/93760692,5,North,287,878,5.857142857142857,17.918367346938773
https://www.redfin.com/MO/Saint-Louis/3437-Keokuk-St-63118/home/93695281,1,South,197,781,3.7884615384615383,15.019230769230768
https://www.redfin.com/MO/Saint-Louis/4431-Virginia-Ave-63111/home/93705930,1,South,197,781,3.7884615384615383,15.019230769230768
https://www.redfin.com/MO/Saint-Louis/4222-Osceola-St-63116/home/93758162,1,South,197,781,3.7884615384615383,15.019230769230768
https://www.redfin.com/MO/Saint-Louis/5344-Northland-Ave-63112/home/93738295,3,Central,216,761,3.9272727272727272,13.836363636363636
https://www.redfin.com/MO/Saint-Louis/3307-Winnebago-St-63118/home/93695645,1,South,197,781,3.7884615384615383,15.019230769230768
https://www.redfin.com/MO/Saint-Louis/3814-Greer-Ave-63107/home/93715934,4,Central,349,1016,6.017241379310345,17.517241379310345
https://www.redfin.com/MO/Saint-Louis/4502-Adelaide-Ave-63115/home/93713857,4,Central,349,1016,6.017241379310345,17.517241379310345
https://www.redfin.com/MO/Saint-Louis/4823-San-Francisco-Ave-63115/home/93732689,3,Central,216,761,3.9272727272727272,13.836363636363636
https://www.redfin.com/MO/Saint-Louis/5923-Mimika-Ave-63147/home/93768928,5,North,287,878,5.857142857142857,17.918367346938773
https://www.redfin.com/MO/Saint-Louis/8422-Pennsylvania-Ave-63111/home/169424599,1,South,197,781,3.7884615384615383,15.019230769230768
https://www.redfin.com/MO/Saint-Louis/4635-Oregon-Ave-63111/home/93706944,1,South,197,781,3.7884615384615383,15.019230769230768
https://www.redfin.com/MO/Saint-Louis/815-Portland-Ter-63147/home/93783297,6,North,310,717,6.739130434782608,15.58695652173913
https://www.redfin.com/MO/Saint-Louis/858-Canaan-Ave-63147/home/93756093,5,North,287,878,5.857142857142857,17.918367346938773
https://www.redfin.com/MO/Saint-Louis/9123-Church-Rd-63137/home/93783212,5,North,287,878,5.857142857142857,17.918367346938773
https://www.redfin.com/MO/Saint-Louis/1215-Oakley-Pl-63112/home/93723252,3,Central,216,761,3.9272727272727272,13.836363636363636
https://www.redfin.com/MO/Saint-Louis/8937-Edna-St-63147/home/93731511,5,North,287,878,5.857142857142857,17.918367346938773
https://www.redfin.com/MO/Saint-Louis/5958-Park-Ln-63147/home/93770519,5,North,287,878,5.857142857142857,17.918367346938773
https://www.redfin.com/MO/Saint-Louis/854-Canaan-Ave-63147/home/93756094,5,North,287,878,5.857142857142857,17.918367346938773
https://www.redfin.com/MO/Saint-Louis/3719-Marine-Ave-63118/home/93697328,2,South,118,726,2.681818181818182,16.5
https://www.redfin.com/MO/Saint-Louis/6318-Lalite-Ave-63136/home/93762104,5,North,287,878,5.857142857142857,17.918367346938773
https://www.redfin.com/MO/Saint-Louis/6429-Idaho-Ave-63111/home/93709392,1,South,197,781,3.7884615384615383,15.019230769230768
https://www.redfin.com/MO/Saint-Louis/5941-Park-Ln-63147/home/93770586,5,North,287,878,5.857142857142857,17.918367346938773
https://www.redfin.com/MO/Saint-Louis/2642-Geyer-Ave-63104/home/93690217,4,Central,349,1016,6.017241379310345,17.517241379310345
https://www.redfin.com/MO/Saint-Louis/4556-Elmbank-Ave-63115/home/93736010,3,Central,216,761,3.9272727272727272,13.836363636363636
https://www.redfin.com/MO/Saint-Louis/4534-Margaretta-Ave-63115/home/93734323,3,Central,216,761,3.9272727272727272,13.836363636363636
https://www.redfin.com/MO/Saint-Louis/7353-Virginia-Ave-63111/home/62715500,1,South,197,781,3.7884615384615383,15.019230769230768
https://www.redfin.com/MO/Saint-Louis/4260-Bates-St-63116/home/93761870,1,South,197,781,3.7884615384615383,15.019230769230768
https://www.redfin.com/MO/Saint-Louis/5718-Etzel-Ave-63112/home/93722423,3,Central,216,761,3.9272727272727272,13.836363636363636
https://www.redfin.com/MO/Saint-Louis/5636-Columbia-Ave-63139/home/93727248,3,Central,216,761,3.9272727272727272,13.836363636363636
https://www.redfin.com/MO/Saint-Louis/3123-Rutger-St-63104/home/93689899,4,Central,349,1016,6.017241379310345,17.517241379310345
https://www.redfin.com/MO/Saint-Louis/3719-Minnesota-Ave-63118/home/62699628,1,South,197,781,3.7884615384615383,15.019230769230768
https://www.redfin.com/MO/Saint-Louis/5122-Aubert-Ave-63115/home/93765261,5,North,287,878,5.857142857142857,17.918367346938773
https://www.redfin.com/MO/Saint-Louis/4807-Milentz-Ave-63116/home/93763328,1,South,197,781,3.7884615384615383,15.019230769230768
https://www.redfin.com/MO/Saint-Louis/4463-Bessie-Ave-63115/home/93734479,3,Central,216,761,3.9272727272727272,13.836363636363636
https://www.redfin.com/MO/Saint-Louis/3412-Alberta-St-63118/home/93704824,1,South,197,781,3.7884615384615383,15.019230769230768
https://www.redfin.com/MO/Saint-Louis/1823-Eton-Ln-63147/home/93781587,5,North,287,878,5.857142857142857,17.918367346938773
https://www.redfin.com/MO/Saint-Louis/3904-Walsh-St-63116/home/93757690,1,South,197,781,3.7884615384615383,15.019230769230768
https://www.redfin.com/MO/Saint-Louis/6016-Garesche-Ave-63136/home/93759096,5,North,287,878,5.857142857142857,17.918367346938773
https://www.redfin.com/MO/Saint-Louis/837-Wall-St-63147/home/93755977,5,North,287,878,5.857142857142857,17.918367346938773
https://www.redfin.com/MO/Saint-Louis/4429-Greer-Ave-63115/home/62714620,3,Central,216,761,3.9272727272727272,13.836363636363636
https://www.redfin.com/MO/Saint-Louis/2906-Park-Ave-63104/home/93700773,4,Central,349,1016,6.017241379310345,17.517241379310345
https://www.redfin.com/MO/Saint-Louis/3923-Gravois-Ave-63116/home/93749000,1,South,197,781,3.7884615384615383,15.019230769230768
https://www.redfin.com/MO/Saint-Louis/536-Eiler-St-63111/home/93708307,1,South,197,781,3.7884615384615383,15.019230769230768
https://www.redfin.com/MO/Saint-Louis/4820-Potomac-St-63116/home/93756239,1,South,197,781,3.7884615384615383,15.019230769230768
https://www.redfin.com/MO/Saint-Louis/2027-Destrehan-St-63107/home/93688764,4,Central,349,1016,6.017241379310345,17.517241379310345
https://www.redfin.com/MO/St-Louis/1412-Bremen-Ave-63107/home/196160641,4,Central,349,1016,6.017241379310345,17.517241379310345
https://www.redfin.com/MO/Saint-Louis/3930-Itaska-St-63116/home/62731693,1,South,197,781,3.7884615384615383,15.019230769230768
https://www.redfin.com/MO/Saint-Louis/4834-Margaretta-Ave-63115/home/93732704,3,Central,216,761,3.9272727272727272,13.836363636363636
https://www.redfin.com/MO/Saint-Louis/2813-Meramec-St-63118/home/93705218,1,South,197,781,3.7884615384615383,15.019230769230768
https://www.redfin.com/MO/Saint-Louis/5936-Pamplin-Ave-63147/home/93770558,5,North,287,878,5.857142857142857,17.918367346938773
https://www.redfin.com/MO/St-Louis/4713-4715-Natural-Bridge-Ave-63115/home/197635329,3,Central,216,761,3.9272727272727272,13.836363636363636
https://www.redfin.com/MO/Saint-Louis/3308-Miami-St-63118/home/93695710,1,South,197,781,3.7884615384615383,15.019230769230768
https://www.redfin.com/MO/Saint-Louis/5518-Maffitt-Ave-63112/home/62728841,3,Central,216,761,3.9272727272727272,13.836363636363636
https://www.redfin.com/MO/Saint-Louis/1439-McLaran-Ave-63147/home/93779444,5,North,287,878,5.857142857142857,17.918367346938773
https://www.redfin.com/MO/Saint-Louis/3721-S-Compton-Ave-63118/home/93695800,1,South,197,781,3.7884615384615383,15.019230769230768
https://www.redfin.com/MO/Saint-Louis/1403-Walton-Ave-63113/home/62721616,3,Central,216,761,3.9272727272727272,13.836363636363636
https://www.redfin.com/MO/Saint-Louis/3716-Minnesota-Ave-63118/home/93695953,1,South,197,781,3.7884615384615383,15.019230769230768
https://www.redfin.com/MO/Saint-Louis/3712-Phillips-Pl-63116/home/93730201,1,South,197,781,3.7884615384615383,15.019230769230768
https://www.redfin.com/MO/Saint-Louis/4650-Michigan-Ave-63111/home/93706780,1,South,197,781,3.7884615384615383,15.019230769230768
https://www.redfin.com/MO/Saint-Louis/3814-Illinois-Ave-63118/home/93696832,2,South,118,726,2.681818181818182,16.5
https://www.redfin.com/MO/Saint-Louis/5218-Lotus-Ave-63113/home/93737974,3,Central,216,761,3.9272727272727272,13.836363636363636
https://www.redfin.com/MO/Saint-Louis/4649-Oregon-Ave-63111/home/93706946,1,South,197,781,3.7884615384615383,15.019230769230768
https://www.redfin.com/MO/Saint-Louis/5919-Summit-Pl-63147/home/93770535,5,North,287,878,5.857142857142857,17.918367346938773
https://www.redfin.com/MO/Saint-Louis/3926-Tholozan-Ave-63116/home/62728630,1,South,197,781,3.7884615384615383,15.019230769230768
https://www.redfin.com/MO/Saint-Louis/8636-Riverview-Blvd-63147/home/93730752,5,North,287,878,5.857142857142857,17.918367346938773
https://www.redfin.com/MO/Saint-Louis/8425-Halls-Ferry-Rd-63147/home/93731413,5,North,287,878,5.857142857142857,17.918367346938773
https://www.redfin.com/MO/Saint-Louis/8516-Pennsylvania-Ave-63111/home/93711612,1,South,197,781,3.7884615384615383,15.019230769230768
https://www.redfin.com/MO/Saint-Louis/4544-Elmbank-Ave-63115/home/93736015,3,Central,216,761,3.9272727272727272,13.836363636363636
https://www.redfin.com/MO/Saint-Louis/5030-Grace-Ave-63116/home/93742544,1,South,197,781,3.7884615384615383,15.019230769230768
https://www.redfin.com/MO/Saint-Louis/8644-Church-Rd-63147/home/93755735,5,North,287,878,5.857142857142857,17.918367346938773
https://www.redfin.com/MO/Saint-Louis/6204-Vermont-Ave-63111/home/93709642,1,South,197,781,3.7884615384615383,15.019230769230768
https://www.redfin.com/MO/Saint-Louis/4335-California-Ave-63111/home/62719559,1,South,197,781,3.7884615384615383,15.019230769230768
https://www.redfin.com/MO/Saint-Louis/8622-Goodfellow-Blvd-63147/home/93731956,5,North,287,878,5.857142857142857,17.918367346938773
https://www.redfin.com/MO/Saint-Louis/3860-Neosho-St-63116/home/93730901,1,South,197,781,3.7884615384615383,15.019230769230768
https://www.redfin.com/MO/Saint-Louis/3342-Iowa-Ave-63118/home/93693855,2,South,118,726,2.681818181818182,16.5
https://www.redfin.com/MO/Saint-Louis/7915-S-Broadway-63111/home/93711225,1,South,197,781,3.7884615384615383,15.019230769230768
https://www.redfin.com/MO/Saint-Louis/4925-Schollmeyer-Ave-63109/home/93764464,1,South,197,781,3.7884615384615383,15.019230769230768
https://www.redfin.com/MO/Saint-Louis/3710-Bamberger-Ave-63116/home/93766213,1,South,197,781,3.7884615384615383,15.019230769230768
https://www.redfin.com/MO/Saint-Louis/3645-Dunnica-Ave-63116/home/93695571,1,South,197,781,3.7884615384615383,15.019230769230768
https://www.redfin.com/MO/Saint-Louis/5088-Minerva-Ave-63113/home/56546583,3,Central,216,761,3.9272727272727272,13.836363636363636
https://www.redfin.com/MO/Saint-Louis/3829-Primm-St-63123/home/93712258,1,South,197,781,3.7884615384615383,15.019230769230768
https://www.redfin.com/MO/Saint-Louis/4447-Gannett-St-63116/home/93763672,1,South,197,781,3.7884615384615383,15.019230769230768
https://www.redfin.com/MO/Saint-Louis/1124-Blendon-Pl-63117/home/93740221,3,Central,216,761,3.9272727272727272,13.836363636363636
https://www.redfin.com/MO/Saint-Louis/2202-Osage-St-63118/home/93704987,2,South,118,726,2.681818181818182,16.5
https://www.redfin.com/MO/Saint-Louis/3708-Neosho-St-63116/home/62741894,1,South,197,781,3.7884615384615383,15.019230769230768
https://www.redfin.com/MO/Saint-Louis/915-Bates-St-63111/home/62714322,1,South,197,781,3.7884615384615383,15.019230769230768
https://www.redfin.com/MO/Saint-Louis/4140-Virginia-Ave-63118/home/93705277,1,South,197,781,3.7884615384615383,15.019230769230768
https://www.redfin.com/MO/Saint-Louis/6728-Alabama-Ave-63111/home/93710020,1,South,197,781,3.7884615384615383,15.019230769230768
https://www.redfin.com/MO/Saint-Louis/3745-Primm-St-63123/home/62765121,1,South,197,781,3.7884615384615383,15.019230769230768
https://www.redfin.com/MO/Saint-Louis/4404-Floriss-Pl-63115/home/93672078,6,North,310,717,6.739130434782608,15.58695652173913
https://www.redfin.com/MO/Saint-Louis/3019-Chippewa-St-63118/home/93680322,1,South,197,781,3.7884615384615383,15.019230769230768
https://www.redfin.com/MO/Saint-Louis/4709-Lewis-Pl-63113/home/93739454,3,Central,216,761,3.9272727272727272,13.836363636363636
https://www.redfin.com/MO/Saint-Louis/5331-Ridge-Ave-63112/home/93721149,3,Central,216,761,3.9272727272727272,13.836363636363636
https://www.redfin.com/MO/Saint-Louis/1434-Cutter-Ave-63139/home/93740657,3,Central,216,761,3.9272727272727272,13.836363636363636
https://www.redfin.com/MO/Saint-Louis/4707-Ray-Ave-63116/home/93768311,1,South,197,781,3.7884615384615383,15.019230769230768
https://www.redfin.com/MO/Saint-Louis/1215-N-Euclid-Ave-63113/home/93720422,3,Central,216,761,3.9272727272727272,13.836363636363636
https://www.redfin.com/MO/Saint-Louis/3517-Pennsylvania-Ave-63118/home/93694969,1,South,197,781,3.7884615384615383,15.019230769230768
https://www.redfin.com/MO/Saint-Louis/4172-Concordia-Ave-63116/home/66745676,1,South,197,781,3.7884615384615383,15.019230769230768
https://www.redfin.com/MO/Saint-Louis/3455-Alberta-St-63118/home/93704771,1,South,197,781,3.7884615384615383,15.019230769230768
https://www.redfin.com/MO/Saint-Louis/4428-Dewey-Ave-63116/home/80170339,1,South,197,781,3.7884615384615383,15.019230769230768
https://www.redfin.com/MO/Saint-Louis/2107-Stansbury-St-63118/home/93696772,2,South,118,726,2.681818181818182,16.5
https://www.redfin.com/MO/Saint-Louis/4816-Sacramento-Ave-63115/home/93766118,3,Central,216,761,3.9272727272727272,13.836363636363636
https://www.redfin.com/MO/Saint-Louis/4441-Minnesota-Ave-63111/home/93706133,1,South,197,781,3.7884615384615383,15.019230769230768
https://www.redfin.com/MO/Saint-Louis/3169-Pennsylvania-Ave-63118/home/93693166,1,South,197,781,3.7884615384615383,15.019230769230768
https://www.redfin.com/MO/Saint-Louis/3150-Mount-Pleasant-St-63111/home/62705042,1,South,197,781,3.7884615384615383,15.019230769230768
https://www.redfin.com/MO/Saint-Louis/6025-W-Cabanne-Pl-63112/home/93728753,3,Central,216,761,3.9272727272727272,13.836363636363636
https://www.redfin.com/MO/Saint-Louis/2618-Missouri-Ave-63118/home/93697820,4,Central,349,1016,6.017241379310345,17.517241379310345
https://www.redfin.com/MO/Saint-Louis/7075-Lansdowne-Ave-63109/home/93774074,1,South,197,781,3.7884615384615383,15.019230769230768
https://www.redfin.com/MO/Saint-Louis/6540-McCune-Ave-63139/home/93743884,3,Central,216,761,3.9272727272727272,13.836363636363636
https://www.redfin.com/MO/Saint-Louis/1871-Madison-St-63106/home/93701693,4,Central,349,1016,6.017241379310345,17.517241379310345
https://www.redfin.com/MO/Saint-Louis/3706-Taft-Ave-63116/home/93767622,1,South,197,781,3.7884615384615383,15.019230769230768
https://www.redfin.com/MO/Saint-Louis/3521-Michigan-Ave-63118/home/93694997,1,South,197,781,3.7884615384615383,15.019230769230768
https://www.redfin.com/MO/Saint-Louis/1424-Sulphur-Ave-63110/home/93726235,3,Central,216,761,3.9272727272727272,13.836363636363636
https://www.redfin.com/MO/Saint-Louis/5531-Maple-Ave-63112/home/93745118,3,Central,216,761,3.9272727272727272,13.836363636363636
https://www.redfin.com/MO/Saint-Louis/3841-California-Ave-63118/home/93696062,1,South,197,781,3.7884615384615383,15.019230769230768
https://www.redfin.com/MO/Saint-Louis/3635-S-Spring-Ave-63116/home/93766356,1,South,197,781,3.7884615384615383,15.019230769230768
https://www.redfin.com/MO/Saint-Louis/4163-Walsh-St-63116/home/93767019,1,South,197,781,3.7884615384615383,15.019230769230768
https://www.redfin.com/MO/Saint-Louis/3425-Alberta-St-63118/home/93704837,1,South,197,781,3.7884615384615383,15.019230769230768
https://www.redfin.com/MO/Saint-Louis/4460-Itaska-St-63116/home/93764082,1,South,197,781,3.7884615384615383,15.019230769230768
https://www.redfin.com/MO/Saint-Louis/4605-Ray-Ave-63116/home/66774137,1,South,197,781,3.7884615384615383,15.019230769230768
https://www.redfin.com/MO/Saint-Louis/2164-Knox-Ave-63139/home/93761540,3,Central,216,761,3.9272727272727272,13.836363636363636
https://www.redfin.com/MO/Saint-Louis/4338-Humphrey-St-63116/home/93751336,1,South,197,781,3.7884615384615383,15.019230769230768
https://www.redfin.com/MO/Saint-Louis/617-Loughborough-Ave-63111/home/93710520,1,South,197,781,3.7884615384615383,15.019230769230768
https://www.redfin.com/MO/Saint-Louis/5930-Wanda-Ave-63116/home/93772716,1,South,197,781,3.7884615384615383,15.019230769230768
