url,walk_score,transit_score,bike_score
https://www.redfin.com/MO/Saint-Louis/10-Portland-Pl-63108/home/93745965,60.0,43.0,67.0
https://www.redfin.com/MO/Saint-Louis/2007-Park-Ave-63104/home/93701262,87.0,54.0,69.0
https://www.redfin.com/MO/Saint-Louis/2501-Clifton-Ave-63139/home/93743222,57.0,32.0,30.0
https://www.redfin.com/MO/Saint-Louis/6755-Itaska-St-63109/home/93781433,65.0,45.0,56.0
https://www.redfin.com/MO/Saint-Louis/8-Kingsbury-Pl-63112/home/93724307,63.0,53.0,73.0
https://www.redfin.com/MO/Saint-Louis/2817-S-Kingshighway-Blvd-63139/home/93727955,72.0,32.0,65.0
https://www.redfin.com/MO/Saint-Louis/53-Portland-Pl-63108/home/93745915,63.0,51.0,75.0
https://www.redfin.com/MO/Saint-Louis/2101-Sidney-St-63104/home/93691406,86.0,42.0,63.0
https://www.redfin.com/MO/Saint-Louis/27-Waterman-Pl-63112/home/93724315,65.0,52.0,78.0
https://www.redfin.com/MO/Saint-Louis/4949-Pershing-Pl-63108/home/93724387,87.0,44.0,60.0
https://www.redfin.com/MO/Saint-Louis/4700-Gravois-Ave-63116/home/93766619,82.0,38.0,69.0
https://www.redfin.com/MO/Saint-Louis/5095-Waterman-Blvd-63108/home/93745955,77.0,45.0,62.0
https://www.redfin.com/MO/Saint-Louis/37-Kingsbury-Pl-63112/home/93763722,56.0,54.0,76.0
https://www.redfin.com/MO/Saint-Louis/6170-Colorado-Ave-63111/home/93787116,59.0,40.0,55.0
https://www.redfin.com/MO/Saint-Louis/7-Portland-Pl-63108/home/62731987,78.0,43.0,60.0
https://www.redfin.com/MO/Saint-Louis/42-Westmoreland-Pl-63108/home/93745420,61.0,49.0,78.0
https://www.redfin.com/MO/Saint-Louis/1100-Dolman-St-63104/home/143286329,83.0,63.0,61.0
https://www.redfin.com/MO/Saint-Louis/33-Westmoreland-Pl-63108/home/93746100,66.0,47.0,76.0
https://www.redfin.com/MO/Saint-Louis/4509-Pershing-Pl-63108/home/93724700,86.0,44.0,60.0
https://www.redfin.com/MO/Saint-Louis/3733-Washington-Blvd-63108/home/93701266,74.0,50.0,64.0
https://www.redfin.com/MO/Saint-Louis/3726-Wyoming-St-63116/home/93700097,82.0,44.0,74.0
https://www.redfin.com/MO/Saint-Louis/81-Waterman-Pl-63112/home/93724343,57.0,54.0,80.0
https://www.redfin.com/MO/Saint-Louis/5211-Ridge-Ave-63113/home/93721444,69.0,42.0,66.0
https://www.redfin.com/MO/Saint-Louis/5373-Lindell-Blvd-63112/home/93723621,43.0,53.0,79.0
https://www.redfin.com/MO/Saint-Louis/3406-Hawthorne-Blvd-63104/home/93691070,75.0,42.0,75.0
https://www.redfin.com/MO/Saint-Louis/5257-Lindell-Blvd-63108/home/93745458,58.0,50.0,77.0
https://www.redfin.com/MO/Saint-Louis/1304-S-18th-St-63104/home/93685995,86.0,58.0,65.0
https://www.redfin.com/MO/Saint-Louis/5211-Westminster-Pl-63108/home/62725740,76.0,47.0,67.0
https://www.redfin.com/MO/Saint-Louis/38-Kingsbury-Pl-63112/home/62749213,56.0,54.0,76.0
https://www.redfin.com/MO/Saint-Louis/43-Portland-Pl-63108/home/93745534,63.0,49.0,74.0
https://www.redfin.com/MO/Saint-Louis/1611-Missouri-Ave-63104/home/93700584,85.0,40.0,67.0
https://www.redfin.com/MO/Saint-Louis/11-Washington-Ter-63112/home/93766103,61.0,52.0,67.0
https://www.redfin.com/MO/Saint-Louis/5959-W-Cabanne-Pl-63112/home/93728625,52.0,51.0,50.0
https://www.redfin.com/MO/Saint-Louis/15-Thornby-Pl-63112/home/93723567,52.0,47.0,45.0
https://www.redfin.com/MO/Saint-Louis/4549-Westminster-Pl-63108/home/93739874,87.0,45.0,58.0
https://www.redfin.com/MO/Saint-Louis/4330-W-Pine-Blvd-63108/home/93725149,75.0,56.0,66.0
https://www.redfin.com/MO/Saint-Louis/4327-W-Belle-Pl-63108/home/93740086,61.0,43.0,49.0
https://www.redfin.com/MO/Saint-Louis/3635-S-Compton-Ave-63118/home/62773758,81.0,47.0,57.0
https://www.redfin.com/MO/Saint-Louis/3522-Arsenal-St-63118/home/62694250,87.0,43.0,82.0
https://www.redfin.com/MO/Saint-Louis/5715-Chippewa-St-63109/home/93780996,82.0,38.0,60.0
https://www.redfin.com/MO/Saint-Louis/3810-Botanical-Ave-63110/home/93699823,72.0,40.0,72.0
https://www.redfin.com/MO/Saint-Louis/3029-Saint-Vincent-Ave-63104/home/103204941,65.0,38.0,45.0
https://www.redfin.com/MO/Saint-Louis/4468-Maryland-Ave-63108/home/93724880,80.0,54.0,66.0
https://www.redfin.com/MO/Saint-Louis/5076-Westminster-Pl-63108/home/93746017,77.0,45.0,62.0
https://www.redfin.com/MO/Saint-Louis/2331-Albion-Pl-63104/home/93700534,83.0,41.0,66.0
https://www.redfin.com/MO/Saint-Louis/5519-Bartmer-Ave-63112/home/93722354,56.0,40.0,53.0
https://www.redfin.com/MO/Saint-Louis/6145-Lindell-Blvd-63112/home/93763512,57.0,54.0,79.0
https://www.redfin.com/MO/Saint-Louis/4220-Botanical-Ave-63110/home/78372176,72.0,34.0,69.0
https://www.redfin.com/MO/Saint-Louis/2822-Victor-St-63104/home/93699935,84.0,42.0,64.0
https://www.redfin.com/MO/Saint-Louis/5103-Waterman-Blvd-63108/home/93745953,71.0,46.0,66.0
https://www.redfin.com/MO/Saint-Louis/2107-Park-Ave-63104/home/93701253,82.0,48.0,67.0
https://www.redfin.com/MO/Saint-Louis/3630-Flad-Ave-63110/home/93700186,80.0,38.0,74.0
https://www.redfin.com/MO/Saint-Louis/2112-S-11th-St-63104/home/62775653,88.0,38.0,58.0
https://www.redfin.com/MO/Saint-Louis/5225-Lindell-Blvd-63108/home/93745428,63.0,48.0,75.0
https://www.redfin.com/MO/Saint-Louis/4251-Connecticut-St-63116/home/93729851,77.0,32.0,63.0
https://www.redfin.com/MO/Saint-Louis/3964-Arsenal-St-63116/home/93749655,67.0,37.0,69.0
https://www.redfin.com/MO/Saint-Louis/5277-Lindell-Blvd-63108/home/93745464,55.0,50.0,78.0
https://www.redfin.com/MO/Saint-Louis/5501-Cates-Ave-63112/home/143291150,53.0,43.0,53.0
https://www.redfin.com/MO/Saint-Louis/2241-Hickory-St-63104/home/181866125,78.0,50.0,60.0
https://www.redfin.com/MO/Saint-Louis/2305-Saint-Louis-Ave-63106/home/62766774,61.0,44.0,56.0
https://www.redfin.com/MO/Saint-Louis/8-Hortense-Pl-63108/home/93724401,87.0,44.0,60.0
https://www.redfin.com/MO/Saint-Louis/4101-W-Pine-Blvd-63108/unit-4/home/169424934,74.0,55.0,70.0
https://www.redfin.com/MO/Saint-Louis/3023-Bailey-Ave-63107/home/93698431,72.0,46.0,61.0
https://www.redfin.com/MO/Saint-Louis/4506-Pershing-Pl-63108/home/93724627,83.0,44.0,62.0
https://www.redfin.com/MO/Saint-Louis/3801-Hartford-St-63116/home/93728270,83.0,42.0,77.0
https://www.redfin.com/MO/Saint-Louis/1000-Russell-Blvd-63104/home/93686257,88.0,38.0,61.0
https://www.redfin.com/MO/Saint-Louis/4552-Westminster-Pl-63108/home/93739869,88.0,44.0,58.0
https://www.redfin.com/MO/Saint-Louis/11-Lenox-Pl-63108/home/93754474,88.0,44.0,59.0
https://www.redfin.com/MO/Saint-Louis/3-Beverly-Pl-63112/home/93753998,61.0,51.0,63.0
https://www.redfin.com/MO/Saint-Louis/6966-Sutherland-Ave-63109/home/93774076,58.0,49.0,66.0
https://www.redfin.com/MO/Saint-Louis/46-Kingsbury-Pl-63112/home/62768129,57.0,55.0,76.0
https://www.redfin.com/MO/Saint-Louis/5280-Westminster-Pl-63108/home/93745880,69.0,50.0,67.0
https://www.redfin.com/MO/Saint-Louis/1833-S-8th-St-63104/home/93685148,92.0,37.0,59.0
https://www.redfin.com/MO/Saint-Louis/1401-Missouri-Ave-63104/home/93700547,79.0,45.0,66.0
https://www.redfin.com/MO/Saint-Louis/4350-McPherson-Ave-63108/home/93725552,77.0,43.0,62.0
https://www.redfin.com/MO/Saint-Louis/1424-Mississippi-Ave-63104/home/93697505,86.0,51.0,69.0
https://www.redfin.com/MO/Saint-Louis/4616-McPherson-Ave-63108/home/65207091,88.0,44.0,59.0
https://www.redfin.com/MO/Saint-Louis/3614-California-Ave-63118/home/93696248,83.0,43.0,53.0
https://www.redfin.com/MO/Saint-Louis/4318-Laclede-Ave-63108/home/93725206,73.0,57.0,65.0
https://www.redfin.com/MO/Saint-Louis/3801-Utah-Pl-63116/home/93682376,79.0,44.0,65.0
https://www.redfin.com/MO/St-Louis/3209-Shenandoah-Ave-63104/home/198866717,82.0,43.0,70.0
https://www.redfin.com/MO/Saint-Louis/4254-Arsenal-St-63116/home/93750753,77.0,32.0,67.0
https://www.redfin.com/MO/Saint-Louis/2712-S-Compton-Ave-63118/home/93692010,82.0,44.0,72.0
https://www.redfin.com/MO/Saint-Louis/5105-Cabanne-Ave-63113/home/93752273,78.0,42.0,55.0
https://www.redfin.com/MO/Saint-Louis/2319-Whittemore-Pl-63104/home/93700522,85.0,40.0,67.0
https://www.redfin.com/MO/Saint-Louis/2625-Ohio-Ave-63118/home/178428436,86.0,42.0,62.0
https://www.redfin.com/MO/Saint-Louis/5245-Washington-Pl-63108/home/93749456,74.0,48.0,66.0
https://www.redfin.com/MO/Saint-Louis/3524-Victor-St-63104/home/93692412,84.0,42.0,75.0
https://www.redfin.com/MO/Saint-Louis/2317-Park-Ave-63104/home/93701057,81.0,43.0,65.0
https://www.redfin.com/MO/St-Louis/2147-College-Ave-63107/home/194354353,43.0,44.0,65.0
https://www.redfin.com/MO/Saint-Louis/4467-McPherson-Ave-63108/home/93740227,82.0,44.0,60.0
https://www.redfin.com/MO/Saint-Louis/30-Portland-Pl-63108/home/93745960,65.0,48.0,72.0
https://www.redfin.com/MO/Saint-Louis/32-Washington-Ter-63112/home/93763739,58.0,53.0,68.0
https://www.redfin.com/MO/Saint-Louis/2912-Iowa-Ave-63118/home/143288513,85.0,42.0,61.0
https://www.redfin.com/MO/Saint-Louis/4448-Maryland-Ave-63108/home/62754057,77.0,53.0,64.0
https://www.redfin.com/MO/Saint-Louis/3536-Victor-St-63104/home/93692413,84.0,42.0,75.0
https://www.redfin.com/MO/Saint-Louis/3859-Flora-Pl-63110/home/109920094,75.0,38.0,61.0
https://www.redfin.com/MO/Saint-Louis/4312-Washington-Blvd-63108/home/93683779,71.0,43.0,52.0
https://www.redfin.com/MO/Saint-Louis/5231-Westminster-Pl-63108/home/62725318,70.0,49.0,70.0
https://www.redfin.com/MO/Saint-Louis/5901-Highfield-Rd-63109/home/93782887,48.0,31.0,50.0
https://www.redfin.com/MO/Saint-Louis/3634-Flad-Ave-63110/home/93700189,80.0,38.0,74.0
https://www.redfin.com/MO/Saint-Louis/4167-Enright-Ave-63108/home/93745176,62.0,43.0,52.0
https://www.redfin.com/MO/Saint-Louis/2118-Lafayette-Ave-63104/home/62739077,84.0,40.0,66.0
https://www.redfin.com/MO/Saint-Louis/4550-Pershing-Pl-63108/home/93724616,87.0,44.0,61.0
https://www.redfin.com/MO/Saint-Louis/2656-January-Ave-63139/home/84307902,82.0,32.0,62.0
https://www.redfin.com/MO/Saint-Louis/3846-Flad-Ave-63110/home/93700319,76.0,37.0,67.0
https://www.redfin.com/MO/Saint-Louis/4137-McDonald-Ave-63116/home/93728835,62.0,40.0,57.0
https://www.redfin.com/MO/St-Louis/4101-W-Pine-Blvd-63108/unit-1-Benton/home/167145579,74.0,55.0,70.0
https://www.redfin.com/MO/St-Louis/215-N-Sarah-St-63108/unit-10-Monet/home/184905662,74.0,55.0,70.0
https://www.redfin.com/MO/Saint-Louis/53-Westmoreland-Pl-63108/home/93745453,63.0,52.0,79.0
https://www.redfin.com/MO/Saint-Louis/2404-S-11th-St-63104/home/93686741,87.0,40.0,59.0
https://www.redfin.com/MO/St-Louis/1027-Lami-St-63104/home/195978952,88.0,38.0,59.0
https://www.redfin.com/MO/Saint-Louis/5847-Holly-Hills-Ave-63109/home/93777677,72.0,33.0,53.0
https://www.redfin.com/MO/Saint-Louis/1010-Russell-Blvd-63104/home/93686253,88.0,38.0,61.0
https://www.redfin.com/MO/Saint-Louis/2819-Lafayette-Ave-63104/home/93700511,74.0,38.0,54.0
https://www.redfin.com/MO/Saint-Louis/4050-Shreve-Ave-63115/home/93733577,64.0,40.0,42.0
https://www.redfin.com/MO/Saint-Louis/4009-Burgen-Ave-63116/home/93771883,53.0,35.0,49.0
https://www.redfin.com/MO/Saint-Louis/5307-Shaw-Ave-63110/home/93726501,80.0,31.0,62.0
https://www.redfin.com/MO/Saint-Louis/4365-Forest-Park-Ave-63108/home/62735044,72.0,58.0,64.0
https://www.redfin.com/MO/Saint-Louis/1010-Allen-Ave-63104/home/169424102,88.0,38.0,61.0
https://www.redfin.com/MO/Saint-Louis/3137-Parc-Ridge-Ln-63139/home/93674343,69.0,32.0,64.0
https://www.redfin.com/MO/Saint-Louis/2848-McNair-Ave-63118/home/93691569,86.0,42.0,56.0
https://www.redfin.com/MO/Saint-Louis/3507-McKean-Ave-63118/home/93693020,88.0,46.0,74.0
https://www.redfin.com/MO/Saint-Louis/5099-Waterman-Blvd-63108/home/93745954,77.0,45.0,62.0
https://www.redfin.com/MO/Saint-Louis/8-Lewis-Pl-63113/home/62716012,63.0,43.0,51.0
https://www.redfin.com/MO/Saint-Louis/2342-Albion-Pl-63104/home/70078076,85.0,38.0,64.0
https://www.redfin.com/MO/Saint-Louis/1723-Waverly-Pl-63104/home/93690358,78.0,41.0,65.0
https://www.redfin.com/MO/Saint-Louis/2613-S-11th-St-63118/home/93686370,85.0,39.0,54.0
https://www.redfin.com/MO/Saint-Louis/2714-S-Jefferson-Ave-63118/home/93697448,85.0,41.0,63.0
https://www.redfin.com/MO/Saint-Louis/5156-Maple-Ave-63113/home/93752434,67.0,42.0,61.0
https://www.redfin.com/MO/Saint-Louis/210-Woodbourne-Dr-63105/home/93771918,49.0,46.0,71.0
https://www.redfin.com/MO/Saint-Louis/6025-Lindell-Blvd-63112/home/93763504,50.0,53.0,78.0
https://www.redfin.com/MO/Saint-Louis/3501-Victor-St-63104/home/62702344,84.0,42.0,77.0
https://www.redfin.com/MO/Saint-Louis/3904-Botanical-Ave-63110/home/62693530,74.0,40.0,71.0
https://www.redfin.com/MO/Saint-Louis/3802-Olive-St-63108/unit-12/home/176875148,68.0,51.0,64.0
https://www.redfin.com/MO/Saint-Louis/8460-Lowell-St-63147/home/93776011,50.0,43.0,50.0
https://www.redfin.com/MO/Saint-Louis/5335-Botanical-Ave-63110/home/93768175,85.0,34.0,54.0
https://www.redfin.com/MO/Saint-Louis/6141-McPherson-Ave-63112/home/93760398,78.0,56.0,76.0
https://www.redfin.com/MO/Saint-Louis/2703-Keokuk-St-63118/home/93696285,80.0,39.0,60.0
https://www.redfin.com/MO/Saint-Louis/2704-Utah-St-63118/home/93693846,92.0,43.0,55.0
https://www.redfin.com/MO/Saint-Louis/3448-Longfellow-Blvd-63104/home/93748649,73.0,39.0,73.0
https://www.redfin.com/MO/Saint-Louis/4668-Pershing-Pl-63108/home/93724629,88.0,44.0,62.0
https://www.redfin.com/MO/Saint-Louis/1216-S-Boyle-Ave-63110/home/93726645,88.0,53.0,76.0
https://www.redfin.com/MO/Saint-Louis/3809-Cleveland-Ave-63110/home/93700310,79.0,38.0,71.0
https://www.redfin.com/MO/Saint-Louis/22-Benton-Pl-63104/home/93701242,82.0,55.0,64.0
https://www.redfin.com/MO/Saint-Louis/3670-Flora-Pl-63110/home/93700277,76.0,38.0,67.0
https://www.redfin.com/MO/Saint-Louis/4416-Westminster-Pl-63108/home/93740238,77.0,44.0,61.0
https://www.redfin.com/MO/Saint-Louis/919-S-Skinker-Blvd-63105/home/93787385,73.0,36.0,81.0
https://www.redfin.com/MO/Saint-Louis/4660-Pershing-Pl-63108/home/62716690,88.0,44.0,62.0
https://www.redfin.com/MO/Saint-Louis/3217-Lafayette-Ave-63104/unit-3217/home/62745668,64.0,39.0,47.0
https://www.redfin.com/MO/Saint-Louis/3530-Magnolia-Ave-63118/home/93692362,84.0,43.0,79.0
https://www.redfin.com/MO/St-Louis/4101-W-Pine-Blvd-63108/unit-3-Picasso/home/167145581,74.0,55.0,70.0
https://www.redfin.com/MO/Saint-Louis/3306-S-9th-St-63118/home/109007348,70.0,39.0,46.0
https://www.redfin.com/MO/Saint-Louis/4925-Pershing-Pl-63108/home/93724384,87.0,44.0,60.0
https://www.redfin.com/MO/Saint-Louis/805-Allen-Ave-63104/home/93685716,91.0,37.0,64.0
https://www.redfin.com/MO/Saint-Louis/2336-Macklind-Ave-63110/home/93768176,85.0,34.0,54.0
https://www.redfin.com/MO/Saint-Louis/2910-Milton-Blvd-63104/home/93691197,82.0,42.0,63.0
https://www.redfin.com/MO/Saint-Louis/4246-Cleveland-Ave-63110/home/93746803,73.0,30.0,68.0
https://www.redfin.com/MO/Saint-Louis/4136-W-Pine-Blvd-63108/home/93725498,72.0,56.0,69.0
https://www.redfin.com/MO/Saint-Louis/2012-Saint-Louis-Ave-63106/home/93688191,68.0,43.0,59.0
https://www.redfin.com/MO/Saint-Louis/4349-Washington-Blvd-63108/home/103203274,69.0,43.0,55.0
https://www.redfin.com/MO/Saint-Louis/6317-Mardel-Ave-63109/home/62721277,82.0,39.0,67.0
https://www.redfin.com/MO/Saint-Louis/4363-McPherson-Ave-63108/home/93740332,77.0,43.0,62.0
https://www.redfin.com/MO/Saint-Louis/1-Lenox-Pl-63108/home/93754478,86.0,44.0,60.0
https://www.redfin.com/MO/Saint-Louis/1202-Sidney-St-63104/home/62757286,86.0,41.0,56.0
https://www.redfin.com/MO/Saint-Louis/3235-S-Jefferson-Ave-63118/home/93694229,91.0,43.0,54.0
https://www.redfin.com/MO/Saint-Louis/6142-Kingsbury-Ave-63112/home/93760370,78.0,56.0,76.0
https://www.redfin.com/MO/Saint-Louis/6151-Westminster-Pl-63112/home/93760453,87.0,56.0,70.0
https://www.redfin.com/MO/Saint-Louis/1727-Lafayette-Ave-63104/home/161387920,85.0,49.0,62.0
https://www.redfin.com/MO/Saint-Louis/4013-Castleman-Ave-63110/home/93747130,70.0,38.0,63.0
https://www.redfin.com/MO/Saint-Louis/3830-Olive-St-63108/home/176875144,68.0,50.0,69.0
https://www.redfin.com/MO/Saint-Louis/3407-Hartford-St-63118/home/93692818,87.0,44.0,82.0
https://www.redfin.com/MO/Saint-Louis/3500-Humphrey-St-63118/home/93693329,89.0,45.0,79.0
https://www.redfin.com/MO/Saint-Louis/3500-Halliday-Ave-63118/home/93692424,84.0,43.0,79.0
https://www.redfin.com/MO/Saint-Louis/6364-Murdoch-Ave-63109/home/93780200,78.0,40.0,65.0
https://www.redfin.com/MO/Saint-Louis/121-W-Steins-St-63111/home/103203734,82.0,39.0,69.0
https://www.redfin.com/MO/Saint-Louis/6377-Murdoch-Ave-63109/home/93780202,78.0,40.0,65.0
https://www.redfin.com/MO/Saint-Louis/3145-Hawthorne-Blvd-63104/home/93691043,78.0,42.0,65.0
https://www.redfin.com/MO/Saint-Louis/14-Aberdeen-Pl-63105/home/93766508,65.0,43.0,82.0
https://www.redfin.com/MO/Saint-Louis/3854-Shenandoah-Ave-63110/home/143286604,75.0,39.0,65.0
https://www.redfin.com/MO/Saint-Louis/6-Arundel-Pl-63105/home/93769341,65.0,43.0,82.0
https://www.redfin.com/MO/Saint-Louis/4270-Delmar-Blvd-63108/home/103203752,68.0,43.0,53.0
https://www.redfin.com/MO/Saint-Louis/1224-S-9th-St-63104/home/93685451,68.0,56.0,62.0
https://www.redfin.com/MO/Saint-Louis/2115-Arsenal-St-63118/home/93699049,87.0,43.0,52.0
https://www.redfin.com/MO/Saint-Louis/3125-Russell-Blvd-63104/home/93690016,68.0,38.0,59.0
https://www.redfin.com/MO/Saint-Louis/3710-Utah-Pl-63116/home/93699899,85.0,45.0,65.0
https://www.redfin.com/MO/Saint-Louis/2326-Albion-Pl-63104/home/70101019,85.0,40.0,67.0
https://www.redfin.com/MO/Saint-Louis/5492-Pernod-Ave-63139/home/80168569,70.0,38.0,58.0
https://www.redfin.com/MO/Saint-Louis/4617-Westminster-Pl-63108/home/93739880,89.0,45.0,55.0
https://www.redfin.com/MO/Saint-Louis/6154-Kingsbury-Ave-63112/home/66186996,78.0,56.0,76.0
https://www.redfin.com/MO/Saint-Louis/5715-Walsh-St-63109/home/93768210,81.0,37.0,51.0
https://www.redfin.com/MO/Saint-Louis/2628-Lafayette-Ave-63104/home/109314191,84.0,38.0,53.0
https://www.redfin.com/MO/Saint-Louis/2037-Geyer-Ave-63104/home/93690315,82.0,41.0,72.0
https://www.redfin.com/MO/Saint-Louis/4101-W-Pine-Blvd-63108/unit-5/home/188992885,74.0,55.0,70.0
https://www.redfin.com/MO/Saint-Louis/5072-Cates-Ave-63108/home/85688089,79.0,43.0,53.0
https://www.redfin.com/MO/Saint-Louis/3451-Halliday-Ave-63118/home/93692530,83.0,44.0,79.0
https://www.redfin.com/MO/Saint-Louis/3656-Russell-Blvd-63110/unit-B/home/93680520,76.0,38.0,67.0
https://www.redfin.com/MO/Saint-Louis/1-Arundel-Pl-63105/home/93766512,62.0,43.0,70.0
https://www.redfin.com/MO/Saint-Louis/5893-Nina-Pl-63112/home/62721241,75.0,55.0,75.0
https://www.redfin.com/MO/Saint-Louis/4352-Westminster-Pl-63108/home/93740318,73.0,43.0,61.0
https://www.redfin.com/MO/Saint-Louis/3522-Crittenden-St-63118/home/93692725,87.0,44.0,81.0
https://www.redfin.com/MO/Saint-Louis/1317-Shenandoah-Ave-63104/home/93686294,81.0,41.0,58.0
https://www.redfin.com/MO/Saint-Louis/4263-Maryland-Ave-63108/home/109925963,75.0,54.0,65.0
https://www.redfin.com/MO/Saint-Louis/6075-W-Cabanne-Pl-63112/home/93746082,60.0,51.0,52.0
https://www.redfin.com/MO/Saint-Louis/2224-S-11th-St-63104/home/93686396,88.0,38.0,58.0
https://www.redfin.com/MO/Saint-Louis/2819-S-Kingshighway-Blvd-63139/home/93727935,72.0,32.0,65.0
https://www.redfin.com/MO/Saint-Louis/7406-Virginia-Ave-63111/home/93710763,80.0,41.0,71.0
https://www.redfin.com/MO/Saint-Louis/5112-Cabanne-Ave-63113/home/93744797,78.0,42.0,55.0
https://www.redfin.com/MO/Saint-Louis/6240-McPherson-Ave-63130/home/93760188,84.0,55.0,77.0
https://www.redfin.com/MO/Saint-Louis/5872-Cabanne-Ave-63112/home/93723926,63.0,50.0,51.0
https://www.redfin.com/MO/Saint-Louis/6202-Westminster-Pl-63130/home/93760179,90.0,55.0,71.0
https://www.redfin.com/MO/Saint-Louis/4483-Laclede-Ave-63108/home/93725038,84.0,58.0,66.0
https://www.redfin.com/MO/Saint-Louis/2918-Accomac-St-63104/home/93691012,78.0,41.0,60.0
https://www.redfin.com/MO/Saint-Louis/4469-Westminster-Pl-63108/home/62742627,85.0,45.0,55.0
https://www.redfin.com/MO/Saint-Louis/4618-Maryland-Ave-63108/home/93724575,87.0,44.0,63.0
https://www.redfin.com/MO/Saint-Louis/4257-McPherson-Ave-63108/home/93725679,75.0,51.0,64.0
https://www.redfin.com/MO/Saint-Louis/4731-Westminster-Pl-63108/home/173619560,89.0,45.0,54.0
https://www.redfin.com/MO/Saint-Louis/4918-Tamm-Ave-63109/home/93780327,76.0,38.0,51.0
https://www.redfin.com/MO/Saint-Louis/6002-W-Cabanne-Pl-63112/home/93739649,52.0,51.0,50.0
https://www.redfin.com/MO/Saint-Louis/4222-Hartford-St-63116/home/93749851,79.0,32.0,67.0
https://www.redfin.com/MO/Saint-Louis/6234-Pershing-Ave-63130/home/93760148,77.0,54.0,77.0
https://www.redfin.com/MO/Saint-Louis/6142-Westminster-Pl-63112/home/93760333,87.0,56.0,70.0
https://www.redfin.com/MO/Saint-Louis/6515-Odell-St-63139/home/93743834,55.0,33.0,55.0
https://www.redfin.com/MO/Saint-Louis/4373-McPherson-Ave-63108/home/93740336,77.0,43.0,62.0
https://www.redfin.com/MO/Saint-Louis/4534-Pershing-Pl-63108/home/93724621,83.0,44.0,62.0
https://www.redfin.com/MO/Saint-Louis/3407-Giles-Ave-63116/home/93730338,85.0,45.0,65.0
https://www.redfin.com/MO/Saint-Louis/5605-Chamberlain-Ave-63112/home/93681462,51.0,43.0,47.0
https://www.redfin.com/MO/Saint-Louis/5089-Westminster-Pl-63108/home/93749498,81.0,44.0,61.0
https://www.redfin.com/MO/Saint-Louis/6643-Villa-Ave-63139/home/93750136,57.0,33.0,42.0
https://www.redfin.com/MO/Saint-Louis/6424-Southland-Ave-63109/home/93774316,62.0,37.0,55.0
https://www.redfin.com/MO/Saint-Louis/1835-Lafayette-Ave-63104/home/93697465,86.0,47.0,65.0
https://www.redfin.com/MO/Saint-Louis/4617-Maryland-Ave-63108/home/93672243,87.0,44.0,63.0
https://www.redfin.com/MO/Saint-Louis/2713-Utah-St-63118/home/93694189,92.0,43.0,55.0
https://www.redfin.com/MO/Saint-Louis/3716-Arsenal-St-63116/home/93699835,83.0,42.0,77.0
https://www.redfin.com/MO/Saint-Louis/6229-San-Bonita-Ave-63105/home/62724448,73.0,36.0,81.0
https://www.redfin.com/MO/Saint-Louis/2017-Allen-Ave-63104/home/109919979,82.0,41.0,71.0
https://www.redfin.com/MO/Saint-Louis/4622-Tower-Grove-Pl-63110/home/62757152,72.0,32.0,70.0
https://www.redfin.com/MO/Saint-Louis/2810-Park-Ave-63104/home/93682320,76.0,37.0,56.0
https://www.redfin.com/MO/Saint-Louis/3953-Lafayette-Ave-63110/home/103204037,63.0,39.0,54.0
https://www.redfin.com/MO/Saint-Louis/4410-Louisiana-Ave-63111/home/93706036,78.0,41.0,50.0
https://www.redfin.com/MO/Saint-Louis/605-Fassen-St-63111/home/93708324,68.0,40.0,59.0
https://www.redfin.com/MO/Saint-Louis/5357-Lindell-Blvd-63112/home/93723615,43.0,53.0,79.0
https://www.redfin.com/MO/Saint-Louis/40-Waterman-Pl-63112/home/93724354,60.0,53.0,79.0
https://www.redfin.com/MO/Saint-Louis/2705-Lemp-Ave-63118/home/93697303,85.0,42.0,53.0
https://www.redfin.com/MO/Saint-Louis/1926-Withnell-Ave-63118/home/93693991,87.0,42.0,58.0
https://www.redfin.com/MO/Saint-Louis/4210-Wyoming-St-63116/home/80167991,77.0,32.0,63.0
https://www.redfin.com/MO/Saint-Louis/4012-Hartford-St-63116/home/93749776,72.0,36.0,69.0
https://www.redfin.com/MO/Saint-Louis/3814-Fairview-Ave-63116/home/93730411,85.0,46.0,57.0
https://www.redfin.com/MO/Saint-Louis/3402-Longfellow-Blvd-63104/home/93748658,75.0,39.0,70.0
https://www.redfin.com/MO/Saint-Louis/2805-Russell-Blvd-63104/home/93671782,78.0,39.0,59.0
https://www.redfin.com/MO/Saint-Louis/4040-Hartford-St-63116/home/62688221,72.0,36.0,69.0
https://www.redfin.com/MO/Saint-Louis/1040-Lami-St-63104/home/93686072,87.0,40.0,59.0
https://www.redfin.com/MO/University-City/6208-Washington-Ave-63130/home/93760194,92.0,55.0,67.0
https://www.redfin.com/MO/Saint-Louis/6405-Hancock-Ave-63139/home/93743262,64.0,33.0,63.0
https://www.redfin.com/MO/Saint-Louis/3147-Garden-Hill-Ln-63139/home/93674318,69.0,32.0,64.0
https://www.redfin.com/MO/Saint-Louis/1415-S-Cardinal-Ave-63104/home/103202863,63.0,39.0,48.0
https://www.redfin.com/MO/Saint-Louis/4504-Pershing-Pl-63108/home/93724626,83.0,44.0,62.0
https://www.redfin.com/MO/St-Louis/1615-Carroll-St-63104/home/62747707,89.0,52.0,61.0
https://www.redfin.com/MO/Saint-Louis/4118-S-Compton-Ave-63118/home/93705255,81.0,45.0,48.0
https://www.redfin.com/MO/Saint-Louis/2135-S-Jefferson-Ave-63104/home/93690706,86.0,39.0,65.0
https://www.redfin.com/MO/Saint-Louis/1919-Pestalozzi-St-63118/home/187272116,84.0,42.0,52.0
https://www.redfin.com/MO/Saint-Louis/4626-Maryland-Ave-63108/home/93724533,89.0,44.0,65.0
https://www.redfin.com/MO/Saint-Louis/1045-S-Taylor-Ave-63110/home/93749265,80.0,57.0,79.0
https://www.redfin.com/MO/Saint-Louis/2101-Lynch-St-63118/home/103204412,85.0,42.0,60.0
https://www.redfin.com/MO/Saint-Louis/6639-Villa-Ave-63139/home/173620407,57.0,33.0,42.0
https://www.redfin.com/MO/Saint-Louis/711-Geyer-Ave-63104/home/62758507,93.0,37.0,59.0
https://www.redfin.com/MO/Saint-Louis/5900-W-Cabanne-Pl-63112/home/169426501,63.0,50.0,51.0
https://www.redfin.com/MO/Saint-Louis/4161-Olive-St-63108/home/103204152,73.0,43.0,60.0
https://www.redfin.com/MO/Saint-Louis/7332-Yates-St-63116/home/93784853,42.0,27.0,59.0
https://www.redfin.com/MO/Saint-Louis/2227-S-11th-St-63104/home/93686398,87.0,40.0,57.0
https://www.redfin.com/MO/Saint-Louis/2956-Milton-Blvd-63104/home/93691101,77.0,42.0,62.0
https://www.redfin.com/MO/Saint-Louis/6559-Itaska-St-63109/home/93779608,63.0,42.0,57.0
https://www.redfin.com/MO/Saint-Louis/4211-McPherson-Ave-63108/home/93786186,75.0,51.0,63.0
https://www.redfin.com/MO/Saint-Louis/5036-Cabanne-Ave-63113/home/93744622,81.0,42.0,52.0
https://www.redfin.com/MO/Saint-Louis/5526-Dugan-Ave-63110/home/93727051,82.0,33.0,53.0
https://www.redfin.com/MO/Saint-Louis/6658-Bancroft-Ave-63109/home/62779592,68.0,45.0,52.0
https://www.redfin.com/MO/Saint-Louis/2138-Nebraska-Ave-63104/home/80260873,77.0,39.0,58.0
https://www.redfin.com/MO/Saint-Louis/2209-S-11th-St-63104/home/69753536,88.0,40.0,59.0
https://www.redfin.com/MO/Saint-Louis/3219-Iowa-Ave-63118/home/143287833,91.0,43.0,56.0
https://www.redfin.com/MO/Saint-Louis/6252-Westminster-Pl-63130/home/93760181,88.0,55.0,72.0
https://www.redfin.com/MO/St-Louis/1835-S-9th-St-63104/home/93676007,92.0,37.0,59.0
https://www.redfin.com/MO/Saint-Louis/1224-Kraft-St-63139/home/93750262,65.0,33.0,53.0
https://www.redfin.com/MO/Saint-Louis/4425-McPherson-Ave-63108/home/93740223,77.0,44.0,61.0
https://www.redfin.com/MO/Saint-Louis/3638-Russell-Blvd-63110/home/93747356,73.0,38.0,69.0
https://www.redfin.com/MO/Saint-Louis/4732-Westminster-Pl-63108/home/93709310,89.0,45.0,54.0
https://www.redfin.com/MO/Saint-Louis/3010-Geyer-Ave-63104/home/69350823,62.0,39.0,43.0
https://www.redfin.com/MO/Saint-Louis/3631-Utah-Pl-63116/home/93700110,86.0,45.0,74.0
https://www.redfin.com/MO/Saint-Louis/6049-Tholozan-Ave-63109/home/93780484,82.0,38.0,65.0
https://www.redfin.com/MO/Saint-Louis/1034-Geyer-Ave-63104/home/93685668,88.0,38.0,61.0
https://www.redfin.com/MO/Saint-Louis/3815-Robert-Ave-63116/home/93679219,42.0,35.0,58.0
https://www.redfin.com/MO/St-Louis/1919-Geyer-Ave-63104/home/160565074,84.0,42.0,67.0
https://www.redfin.com/MO/Saint-Louis/3244-Michigan-Ave-63118/home/62773908,89.0,45.0,66.0
https://www.redfin.com/MO/Saint-Louis/3624-Cleveland-Ave-63110/home/93700167,82.0,40.0,76.0
https://www.redfin.com/MO/Saint-Louis/4208-Delmar-Blvd-63108/home/103203048,68.0,43.0,56.0
https://www.redfin.com/MO/Saint-Louis/1226-Dolman-St-63104/home/143286333,86.0,58.0,65.0
https://www.redfin.com/MO/Saint-Louis/5882-Delor-St-63109/home/93768886,83.0,35.0,52.0
https://www.redfin.com/MO/Saint-Louis/1800-S-13th-St-63104/home/93671092,86.0,45.0,45.0
https://www.redfin.com/MO/Saint-Louis/3223-Geyer-Ave-63104/home/93689594,63.0,39.0,63.0
https://www.redfin.com/MO/Saint-Louis/1552-Fairmount-Ave-63139/home/103203130,65.0,32.0,35.0
https://www.redfin.com/MO/Saint-Louis/5733-Waterman-Blvd-63112/home/143294201,61.0,56.0,81.0
https://www.redfin.com/MO/Saint-Louis/3834-Flad-Ave-63110/home/68294038,76.0,37.0,67.0
https://www.redfin.com/MO/Saint-Louis/5366-Odell-St-63139/home/176875227,79.0,34.0,59.0
https://www.redfin.com/MO/Saint-Louis/24-Lewis-Pl-63113/home/93749621,53.0,43.0,50.0
https://www.redfin.com/MO/Saint-Louis/5257-Washington-Pl-63108/home/62730993,74.0,48.0,66.0
https://www.redfin.com/MO/Saint-Louis/7327-Pennsylvania-Ave-63111/home/62774153,82.0,40.0,72.0
https://www.redfin.com/MO/Saint-Louis/1906-Wyoming-St-63118/home/62697998,84.0,41.0,52.0
https://www.redfin.com/MO/Saint-Louis/2601-Louisiana-Ave-63118/home/62707327,82.0,43.0,77.0
https://www.redfin.com/MO/Saint-Louis/1231-Kraft-St-63139/home/93765763,62.0,32.0,54.0
https://www.redfin.com/MO/Saint-Louis/4228-Walsh-St-63116/home/93774010,76.0,36.0,65.0
https://www.redfin.com/MO/Saint-Louis/2018-Geyer-Ave-63104/home/93690492,82.0,41.0,72.0
https://www.redfin.com/MO/Saint-Louis/4059-Blaine-Ave-63110/home/143285861,63.0,40.0,63.0
https://www.redfin.com/MO/Saint-Louis/3854-Shenandoah-Ave-63110/home/143286603,75.0,39.0,65.0
https://www.redfin.com/MO/Saint-Louis/4233-Maryland-Ave-63108/home/93673900,74.0,54.0,65.0
https://www.redfin.com/MO/Saint-Louis/3904-Olive-St-63108/home/143285862,72.0,49.0,65.0
https://www.redfin.com/MO/Saint-Louis/4417-McPherson-Ave-63108/home/93740240,77.0,44.0,61.0
https://www.redfin.com/MO/Saint-Louis/6507-Murdoch-Ave-63109/home/93779546,73.0,43.0,61.0
https://www.redfin.com/MO/Saint-Louis/215-N-Sarah-St-63108/unit-9/home/181866739,74.0,55.0,70.0
https://www.redfin.com/MO/St-Louis/6293-Magnolia-Ave-63139/home/191523885,61.0,33.0,55.0
https://www.redfin.com/MO/Saint-Louis/4022-Flora-Pl-63110/home/93746618,72.0,37.0,60.0
https://www.redfin.com/MO/Saint-Louis/4166-Westminster-Pl-63108/home/93725349,75.0,51.0,63.0
https://www.redfin.com/MO/Saint-Louis/6246-Magnolia-Ave-63139/home/62745929,61.0,33.0,55.0
https://www.redfin.com/MO/Saint-Louis/3800-Connecticut-St-63116/home/93728467,82.0,44.0,74.0
https://www.redfin.com/MO/University-City/6219-Washington-Ave-63130/home/93760158,92.0,55.0,67.0
https://www.redfin.com/MO/Saint-Louis/4177-Shenandoah-Ave-63110/home/93746513,72.0,28.0,68.0
https://www.redfin.com/MO/Saint-Louis/5008-Raymond-Ave-63113/home/93752553,83.0,42.0,52.0
https://www.redfin.com/MO/Saint-Louis/5244-Westminster-Pl-63108/home/93745889,70.0,49.0,70.0
https://www.redfin.com/MO/Saint-Louis/5130-Washington-Pl-63108/home/93749475,78.0,46.0,64.0
https://www.redfin.com/MO/Saint-Louis/17-Windermere-Pl-63112/home/93723969,62.0,41.0,58.0
https://www.redfin.com/MO/Saint-Louis/5541-Chamberlain-Ave-63112/home/93722443,48.0,42.0,48.0
https://www.redfin.com/MO/Saint-Louis/1917-Hebert-St-63107/home/93688586,67.0,42.0,63.0
https://www.redfin.com/MO/Saint-Louis/5057-Westminster-Pl-63108/home/93749500,86.0,44.0,58.0
https://www.redfin.com/MO/Saint-Louis/3757-Westminster-Pl-63108/home/93726138,68.0,51.0,64.0
https://www.redfin.com/MO/Saint-Louis/5209-Cabanne-Ave-63113/home/93752322,73.0,42.0,59.0
https://www.redfin.com/MO/Saint-Louis/4405-Westminster-Pl-63108/home/93739936,75.0,43.0,60.0
https://www.redfin.com/MO/Saint-Louis/5031-Wells-Ave-63113/home/93720951,73.0,42.0,60.0
https://www.redfin.com/MO/Saint-Louis/3628-Castleman-Ave-63110/home/62694408,72.0,38.0,65.0
https://www.redfin.com/MO/Saint-Louis/3463-Longfellow-Blvd-63104/home/93691006,78.0,38.0,75.0
https://www.redfin.com/MO/Saint-Louis/3137-Longfellow-Blvd-63104/home/93690977,73.0,38.0,63.0
https://www.redfin.com/MO/Saint-Louis/2327-S-12th-St-63104/home/93686449,85.0,41.0,57.0
https://www.redfin.com/MO/Saint-Louis/1827-S-Compton-Ave-63104/home/93689585,67.0,39.0,59.0
https://www.redfin.com/MO/Saint-Louis/5226-Washington-Pl-63108/home/93749449,70.0,49.0,70.0
https://www.redfin.com/MO/Saint-Louis/5086-Westminster-Pl-63108/home/93746019,77.0,45.0,62.0
https://www.redfin.com/MO/Saint-Louis/8-Beverly-Pl-63112/home/93753987,61.0,51.0,63.0
https://www.redfin.com/MO/Saint-Louis/2715-Osage-St-63118/home/93704334,77.0,42.0,59.0
https://www.redfin.com/MO/Saint-Louis/6155-McPherson-Ave-63112/home/93760384,78.0,56.0,76.0
https://www.redfin.com/MO/Saint-Louis/4970-Wabada-Ave-63113/home/93737190,54.0,41.0,51.0
https://www.redfin.com/MO/Saint-Louis/6014-W-Cabanne-Pl-63112/home/93739664,52.0,51.0,50.0
https://www.redfin.com/MO/Saint-Louis/3215-Hawthorne-Blvd-63104/home/93748588,80.0,42.0,69.0
https://www.redfin.com/MO/Saint-Louis/7217-Minnesota-Ave-63111/home/93710397,80.0,40.0,72.0
https://www.redfin.com/MO/Saint-Louis/5-Lenox-Pl-63108/home/62720102,88.0,44.0,59.0
https://www.redfin.com/MO/Saint-Louis/5093-Washington-Pl-63108/home/93749544,81.0,44.0,61.0
https://www.redfin.com/MO/Saint-Louis/3604-Loughborough-Ave-63116/home/76779016,56.0,41.0,63.0
https://www.redfin.com/MO/Saint-Louis/4532-Newberry-Ter-63113/home/93739434,57.0,42.0,52.0
https://www.redfin.com/MO/Saint-Louis/5129-Vernon-Ave-63113/home/62699509,74.0,42.0,57.0
https://www.redfin.com/MO/Saint-Louis/4009-Labadie-Ave-63107/home/93716364,47.0,43.0,50.0
https://www.redfin.com/MO/Saint-Louis/5020-Creighton-Dr-63123/home/93783033,65.0,45.0,66.0
https://www.redfin.com/MO/Saint-Louis/6221-Nottingham-Ave-63109/home/93780188,82.0,38.0,59.0
https://www.redfin.com/MO/Saint-Louis/88-Waterman-Pl-63112/home/93724346,57.0,54.0,80.0
https://www.redfin.com/MO/Saint-Louis/4438-Enright-Ave-63108/home/93739817,73.0,44.0,52.0
https://www.redfin.com/MO/Saint-Louis/44-Kingsbury-Pl-63112/home/93724168,57.0,55.0,76.0
https://www.redfin.com/MO/Saint-Louis/7628-Pennsylvania-Ave-63111/home/93710626,81.0,38.0,65.0
https://www.redfin.com/MO/St-Louis/2038-Fair-Ave-63107/home/192431937,39.0,46.0,67.0
https://www.redfin.com/MO/Saint-Louis/4724-Westminster-Pl-63108/home/93709314,89.0,45.0,54.0
https://www.redfin.com/MO/Saint-Louis/6106-McPherson-Ave-63112/home/93760248,72.0,56.0,76.0
https://www.redfin.com/MO/Saint-Louis/3716-Hartford-St-63116/home/93699712,83.0,42.0,77.0
https://www.redfin.com/MO/Saint-Louis/3825-Hartford-St-63116/home/93728277,80.0,41.0,74.0
https://www.redfin.com/MO/Saint-Louis/5121-Washington-Pl-63108/home/93749490,78.0,46.0,64.0
https://www.redfin.com/MO/Saint-Louis/4329-Gravois-Ave-63116/home/93726574,74.0,40.0,72.0
https://www.redfin.com/MO/Saint-Louis/3456-Alberta-St-63118/home/93704689,83.0,46.0,54.0
https://www.redfin.com/MO/Saint-Louis/6123-Kingsbury-Ave-63112/home/63700685,72.0,56.0,76.0
https://www.redfin.com/MO/Saint-Louis/2323-Lafayette-Ave-63104/home/93700585,84.0,39.0,67.0
https://www.redfin.com/MO/Saint-Louis/3646-Hartford-St-63116/home/62758849,86.0,42.0,79.0
https://www.redfin.com/MO/Saint-Louis/3932-Missouri-Ave-63118/home/93704194,74.0,39.0,49.0
https://www.redfin.com/MO/Saint-Louis/5617-Vernon-Ave-63112/home/93709981,43.0,45.0,48.0
https://www.redfin.com/MO/Saint-Louis/3509-Sidney-St-63104/home/93692391,84.0,42.0,77.0
https://www.redfin.com/MO/Saint-Louis/5013-Maple-Ave-63113/home/93752638,80.0,42.0,56.0
https://www.redfin.com/MO/Saint-Louis/4397-Westminster-Pl-63108/home/93740311,75.0,43.0,60.0
https://www.redfin.com/MO/Saint-Louis/5135-Cabanne-Ave-63113/home/93752279,78.0,42.0,55.0
https://www.redfin.com/MO/Saint-Louis/5098-Westminster-Pl-63108/home/62691391,77.0,45.0,62.0
https://www.redfin.com/MO/Saint-Louis/6253-Westminster-Pl-63130/home/93760202,88.0,55.0,72.0
https://www.redfin.com/MO/Saint-Louis/1727-Carroll-St-63104/home/68327984,87.0,53.0,67.0
https://www.redfin.com/MO/Saint-Louis/11-Thornby-Pl-63112/home/93723566,56.0,49.0,48.0
https://www.redfin.com/MO/Saint-Louis/5123-Westminster-Pl-63108/home/93749504,78.0,46.0,64.0
https://www.redfin.com/MO/Saint-Louis/4033-Russell-Blvd-63110/home/93747106,71.0,38.0,61.0
https://www.redfin.com/MO/Saint-Louis/5828-Julian-Ave-63112/home/93723086,60.0,45.0,46.0
https://www.redfin.com/MO/Saint-Louis/4925-Fountain-Ave-63113/home/93787071,83.0,42.0,54.0
https://www.redfin.com/MO/Saint-Louis/5750-Waterman-Blvd-63112/home/93762753,61.0,56.0,81.0
https://www.redfin.com/MO/Saint-Louis/2933-Dodier-St-63107/home/93754633,68.0,44.0,61.0
https://www.redfin.com/MO/Saint-Louis/4537-Maryland-Ave-63108/home/93724735,83.0,44.0,62.0
https://www.redfin.com/MO/Saint-Louis/4407-S-Grand-Blvd-63111/home/62706849,82.0,43.0,53.0
https://www.redfin.com/MO/Saint-Louis/4931-Pershing-Pl-63108/home/62739141,87.0,44.0,60.0
https://www.redfin.com/MO/Saint-Louis/35-Kingsbury-Pl-63112/home/93763721,56.0,54.0,76.0
https://www.redfin.com/MO/Saint-Louis/2-Arundel-Pl-63105/home/93769343,66.0,41.0,72.0
https://www.redfin.com/MO/Saint-Louis/6185-Westminster-Pl-63112/home/93760455,90.0,55.0,71.0
https://www.redfin.com/MO/Saint-Louis/3200-Arsenal-St-63118/home/93692846,83.0,44.0,79.0
https://www.redfin.com/MO/Saint-Louis/4324-McPherson-Ave-63108/home/93725562,74.0,51.0,64.0
https://www.redfin.com/MO/Saint-Louis/2633-Clifton-Ave-63139/home/93743593,63.0,33.0,55.0
https://www.redfin.com/MO/Saint-Louis/3209-Utah-St-63118/home/93693103,88.0,45.0,73.0
https://www.redfin.com/MO/Saint-Louis/1550-Grape-Ave-63147/home/93731732,51.0,41.0,55.0
https://www.redfin.com/MO/Saint-Louis/3915-Greer-Ave-63107/home/93753580,51.0,43.0,53.0
https://www.redfin.com/MO/Saint-Louis/4554-Holly-Ave-63115/home/93714053,51.0,47.0,67.0
https://www.redfin.com/MO/Saint-Louis/5530-Etzel-Ave-63112/home/93722349,56.0,40.0,53.0
https://www.redfin.com/MO/Saint-Louis/2918-Geyer-Ave-63104/home/93690003,71.0,39.0,58.0
https://www.redfin.com/MO/Saint-Louis/3134-Longfellow-Blvd-63104/home/93691049,73.0,38.0,63.0
https://www.redfin.com/MO/Saint-Louis/4102-Concordia-Ave-63116/home/93770968,56.0,34.0,57.0
https://www.redfin.com/MO/Saint-Louis/4404-Washington-Blvd-63108/home/62685591,76.0,44.0,57.0
https://www.redfin.com/MO/Saint-Louis/5959-Clemens-Ave-63112/home/93739257,56.0,52.0,53.0
https://www.redfin.com/MO/Saint-Louis/5958-Plymouth-Ave-63112/home/93723095,55.0,49.0,40.0
https://www.redfin.com/MO/Saint-Louis/3506-Hawthorne-Blvd-63104/home/93691151,83.0,41.0,77.0
https://www.redfin.com/MO/Saint-Louis/6220-Westminster-Pl-63130/home/81949289,88.0,55.0,72.0
https://www.redfin.com/MO/Saint-Louis/2206-Saint-Louis-Ave-63106/home/93687692,66.0,43.0,59.0
https://www.redfin.com/MO/Saint-Louis/4315-Delmar-Blvd-63108/home/93739771,71.0,43.0,52.0
https://www.redfin.com/MO/Saint-Louis/3518-Crittenden-St-63118/home/93692726,87.0,44.0,81.0
https://www.redfin.com/MO/Saint-Louis/4152-Delmar-Blvd-63108/home/93745280,66.0,43.0,55.0
https://www.redfin.com/MO/Saint-Louis/4126-S-Grand-Blvd-63118/home/93705703,85.0,45.0,51.0
https://www.redfin.com/MO/Saint-Louis/5842-Clemens-Ave-63112/home/93739320,62.0,51.0,56.0
https://www.redfin.com/MO/Saint-Louis/3800-Flora-Pl-63110/home/93700330,76.0,38.0,67.0
https://www.redfin.com/MO/Saint-Louis/2116-S-Grand-Blvd-63104/home/93691111,76.0,38.0,70.0
https://www.redfin.com/MO/Saint-Louis/4358-McPherson-Ave-63108/home/93725554,77.0,43.0,62.0
https://www.redfin.com/MO/Saint-Louis/3501-Park-Ave-63104/home/93689867,55.0,39.0,52.0
https://www.redfin.com/MO/Saint-Louis/4266-Washington-Blvd-63108/home/93740291,68.0,42.0,57.0
https://www.redfin.com/MO/Saint-Louis/4001-Lafayette-Ave-63110/home/143286973,63.0,39.0,54.0
https://www.redfin.com/MO/Saint-Louis/5473-Enright-Ave-63112/home/93761761,57.0,51.0,57.0
https://www.redfin.com/MO/Saint-Louis/94-Waterman-Pl-63112/home/93724347,57.0,54.0,80.0
https://www.redfin.com/MO/Saint-Louis/3632-Cook-Ave-63113/home/93701333,78.0,46.0,63.0
https://www.redfin.com/MO/Saint-Louis/5614-Etzel-Ave-63112/home/93722431,59.0,43.0,51.0
https://www.redfin.com/MO/Saint-Louis/4484-Westminster-Pl-63108/home/62753064,85.0,45.0,55.0
https://www.redfin.com/MO/Saint-Louis/2249-Saint-Louis-Ave-63106/home/93687647,61.0,44.0,56.0
https://www.redfin.com/MO/Saint-Louis/48-Kingsbury-Pl-63112/home/93724162,57.0,55.0,76.0
https://www.redfin.com/MO/Saint-Louis/4023-Russell-Blvd-63110/home/93747124,71.0,38.0,61.0
https://www.redfin.com/MO/Saint-Louis/3880-Utah-Pl-63116/home/93700036,77.0,43.0,54.0
https://www.redfin.com/MO/Saint-Louis/4232-E-Labadie-Ave-63115/home/93716843,58.0,41.0,45.0
https://www.redfin.com/MO/Saint-Louis/5535-Maple-Ave-63112/home/93745117,48.0,42.0,48.0
https://www.redfin.com/MO/Saint-Louis/3400-Magnolia-Ave-63118/home/93692502,82.0,44.0,78.0
https://www.redfin.com/MO/Saint-Louis/3911-Greer-Ave-63107/home/62699419,57.0,44.0,55.0
https://www.redfin.com/MO/Saint-Louis/14-Lenox-Pl-63108/home/93754355,87.0,44.0,61.0
https://www.redfin.com/MO/Saint-Louis/2709-Accomac-St-63104/home/93690668,83.0,40.0,62.0
https://www.redfin.com/MO/Saint-Louis/5644-Bartmer-Ave-63112/home/93722467,53.0,44.0,49.0
https://www.redfin.com/MO/Saint-Louis/4210-Cleveland-Ave-63110/home/93746788,73.0,29.0,71.0
https://www.redfin.com/MO/Saint-Louis/5019-Raymond-Ave-63113/home/93752461,81.0,42.0,54.0
https://www.redfin.com/MO/Saint-Louis/1851-Menard-St-63104/home/93682366,87.0,38.0,55.0
https://www.redfin.com/MO/Saint-Louis/5020-Enright-Ave-63108/home/93744617,86.0,44.0,54.0
https://www.redfin.com/MO/Saint-Louis/4242-Oregon-Ave-63111/home/93705557,72.0,42.0,56.0
https://www.redfin.com/MO/Saint-Louis/33-Waterman-Pl-63112/home/93724314,60.0,53.0,79.0
https://www.redfin.com/MO/Saint-Louis/2110-Lafayette-Ave-63104/home/93690357,84.0,40.0,66.0
https://www.redfin.com/MO/Saint-Louis/4531-Washington-Blvd-63108/home/143292581,81.0,45.0,53.0
https://www.redfin.com/MO/Saint-Louis/4957-Holly-Hills-Ave-63109/home/93770801,72.0,39.0,53.0
https://www.redfin.com/MO/Saint-Louis/4912-Clifton-Ave-63109/home/93769164,84.0,36.0,56.0
https://www.redfin.com/MO/Saint-Louis/5554-Chamberlain-Ave-63112/home/93745112,48.0,42.0,48.0
https://www.redfin.com/MO/Saint-Louis/3451-Sidney-St-63104/home/80842841,84.0,42.0,77.0
https://www.redfin.com/MO/Saint-Louis/4929-Holly-Hills-Ave-63109/home/93770802,75.0,39.0,56.0
https://www.redfin.com/MO/Saint-Louis/1936-McCausland-Ave-63117/home/93741335,64.0,29.0,43.0
https://www.redfin.com/MO/Saint-Louis/1286-Oak-Ct-63112/home/93723207,63.0,48.0,42.0
https://www.redfin.com/MO/Saint-Louis/2919-Accomac-St-63104/home/93691013,78.0,41.0,60.0
https://www.redfin.com/MO/Saint-Louis/4260-Flora-Pl-63110/home/93746834,74.0,31.0,71.0
https://www.redfin.com/MO/Saint-Louis/4739-Westminster-Pl-63108/home/93709315,89.0,45.0,54.0
https://www.redfin.com/MO/Saint-Louis/3538-Illinois-Ave-63118/home/93694509,89.0,41.0,62.0
https://www.redfin.com/MO/Saint-Louis/5112-Westminster-Pl-63108/home/93746011,71.0,46.0,66.0
https://www.redfin.com/MO/Saint-Louis/1553-Grape-Ave-63147/home/93731756,51.0,41.0,55.0
https://www.redfin.com/MO/Saint-Louis/4564-Shenandoah-Ave-63110/home/93728323,72.0,33.0,69.0
https://www.redfin.com/MO/Saint-Louis/3803-Ashland-Ave-63107/home/93754005,68.0,44.0,61.0
https://www.redfin.com/MO/Saint-Louis/5950-Enright-Ave-63112/home/62720272,82.0,55.0,61.0
https://www.redfin.com/MO/Saint-Louis/4404-Enright-Ave-63108/home/93739802,67.0,43.0,51.0
https://www.redfin.com/MO/Saint-Louis/11152-Lookaway-Dr-63137/home/85689802,21.0,,32.0
https://www.redfin.com/MO/Saint-Louis/3651-Lafayette-Ave-63110/home/93700374,62.0,39.0,55.0
https://www.redfin.com/MO/St-Louis/3425-Pestalozzi-St-63118/home/182673840,84.0,44.0,79.0
https://www.redfin.com/MO/Saint-Louis/2-Lawn-Pl-63110/home/93765825,64.0,53.0,81.0
https://www.redfin.com/MO/Saint-Louis/3046-Hawthorne-Blvd-63104/home/93690744,78.0,41.0,60.0
https://www.redfin.com/MO/Saint-Louis/3915-California-Ave-63118/home/93704245,74.0,43.0,59.0
https://www.redfin.com/MO/Saint-Louis/1800-S-8th-St-63104/home/93685080,93.0,37.0,59.0
https://www.redfin.com/MO/Saint-Louis/4315-Washington-Blvd-63108/home/93719946,71.0,43.0,52.0
https://www.redfin.com/MO/Saint-Louis/4540-McPherson-Ave-63108/home/93724716,86.0,44.0,60.0
https://www.redfin.com/MO/Saint-Louis/4736-Labadie-Ave-63115/home/93736819,53.0,41.0,44.0
https://www.redfin.com/MO/Saint-Louis/4630-Korte-Ave-63115/home/93734518,48.0,43.0,37.0
https://www.redfin.com/MO/St-Louis/5062-Waterman-Blvd-63108/home/195603925,73.0,45.0,62.0
https://www.redfin.com/MO/Saint-Louis/2817-Miami-St-63118/home/93694343,87.0,44.0,50.0
https://www.redfin.com/MO/Unknown/4234-Wyoming-St-Unknown/home/193546374,77.0,32.0,63.0
https://www.redfin.com/MO/Saint-Louis/6604-Vermont-Ave-63111/home/93709868,57.0,40.0,63.0
https://www.redfin.com/MO/Saint-Louis/4750-Westminster-Pl-63108/home/62697374,90.0,44.0,56.0
https://www.redfin.com/MO/Saint-Louis/3952-Utah-St-63116/home/87280485,73.0,42.0,51.0
https://www.redfin.com/MO/Saint-Louis/3678-Liermann-Ave-63116/home/93704446,81.0,46.0,51.0
https://www.redfin.com/MO/Saint-Louis/6412-Blow-St-63109/home/93774283,63.0,39.0,51.0
https://www.redfin.com/MO/Saint-Louis/1002-Barton-St-63104/home/93686764,87.0,37.0,54.0
https://www.redfin.com/MO/Saint-Louis/3634-Russell-Blvd-63110/home/93747355,73.0,38.0,69.0
https://www.redfin.com/MO/Saint-Louis/4960-Magnolia-Ave-63139/home/83588157,72.0,33.0,67.0
https://www.redfin.com/MO/Saint-Louis/3730-Utah-Pl-63116/home/93699916,85.0,45.0,65.0
https://www.redfin.com/MO/Saint-Louis/4969-Reber-Pl-63139/home/93727896,74.0,32.0,67.0
https://www.redfin.com/MO/Saint-Louis/3109-Allen-Ave-63104/home/93689564,68.0,38.0,59.0
https://www.redfin.com/MO/Saint-Louis/3224-Lafayette-Ave-63104/home/93689524,58.0,39.0,56.0
https://www.redfin.com/MO/St-Louis/6300-Alexander-Dr-63105/home/182625180,52.0,45.0,80.0
https://www.redfin.com/MO/Saint-Louis/3677-McRee-Ave-63110/home/93700349,60.0,40.0,54.0
https://www.redfin.com/MO/Saint-Louis/4505-Tower-Grove-Pl-63110/home/93728306,68.0,32.0,72.0
https://www.redfin.com/MO/Saint-Louis/3530-Shenandoah-Ave-63104/home/93692275,83.0,41.0,75.0
https://www.redfin.com/MO/Saint-Louis/6931-Sutherland-Ave-63109/home/93774176,61.0,48.0,61.0
https://www.redfin.com/MO/Saint-Louis/3427-Chippewa-St-63118/home/62718941,82.0,47.0,56.0
https://www.redfin.com/MO/Saint-Louis/3830-Cleveland-Ave-63110/home/93700229,78.0,40.0,70.0
https://www.redfin.com/MO/Saint-Louis/4915-Gresham-Ave-63109/home/93742056,75.0,39.0,57.0
https://www.redfin.com/MO/Saint-Louis/6046-Westminster-Pl-63112/home/62735277,75.0,56.0,69.0
https://www.redfin.com/MO/Saint-Louis/5119-Maple-Ave-63113/home/93752380,72.0,42.0,60.0
https://www.redfin.com/MO/Saint-Louis/7022-Marquette-Ave-63139/home/62702141,34.0,28.0,51.0
https://www.redfin.com/MO/Saint-Louis/4158-Shaw-Blvd-63110/home/93746947,74.0,37.0,72.0
https://www.redfin.com/MO/Saint-Louis/4473-McPherson-Ave-63108/home/62756843,82.0,44.0,60.0
https://www.redfin.com/MO/Saint-Louis/2144-S-Grand-Blvd-63104/home/93691142,80.0,38.0,75.0
https://www.redfin.com/MO/Saint-Louis/3228-Lafayette-Ave-63104/home/93689527,58.0,39.0,56.0
https://www.redfin.com/MO/Saint-Louis/5408-Maple-Ave-63112/home/93709907,57.0,40.0,56.0
https://www.redfin.com/MO/Saint-Louis/5256-Westminster-Pl-63108/home/93745884,70.0,49.0,70.0
https://www.redfin.com/MO/Saint-Louis/6148-McPherson-Ave-63112/home/93760258,78.0,56.0,76.0
https://www.redfin.com/MO/Saint-Louis/3650-Juniata-St-63116/home/93699765,86.0,43.0,79.0
https://www.redfin.com/MO/Saint-Louis/4431-McPherson-Ave-63108/home/93740226,77.0,44.0,61.0
https://www.redfin.com/MO/Saint-Louis/4215-Maryland-Ave-63108/home/93725346,74.0,54.0,65.0
https://www.redfin.com/MO/Saint-Louis/5237-Enright-Ave-63108/home/93744949,72.0,47.0,63.0
https://www.redfin.com/MO/Saint-Louis/1718-Missouri-Ave-63104/home/93690361,84.0,39.0,67.0
https://www.redfin.com/MO/Saint-Louis/3914-Meramec-St-63116/home/93769554,70.0,44.0,52.0
https://www.redfin.com/MO/Saint-Louis/6766-Devonshire-Ave-63109/home/93781307,67.0,46.0,63.0
https://www.redfin.com/MO/Saint-Louis/3826-Arsenal-St-63116/home/93786215,80.0,41.0,74.0
https://www.redfin.com/MO/Saint-Louis/4550-Newberry-Ter-63113/home/93739431,57.0,42.0,52.0
https://www.redfin.com/MO/Saint-Louis/4460-Maryland-Ave-63108/home/93724884,80.0,54.0,66.0
https://www.redfin.com/MO/Saint-Louis/6188-Westminster-Pl-63112/home/93760391,90.0,55.0,71.0
https://www.redfin.com/MO/Saint-Louis/4548-McPherson-Ave-63108/home/93724712,88.0,44.0,58.0
https://www.redfin.com/MO/Saint-Louis/4457-Enright-Ave-63108/home/93739697,73.0,44.0,52.0
https://www.redfin.com/MO/Saint-Louis/4719-Westminster-Pl-63108/home/93709332,89.0,45.0,54.0
https://www.redfin.com/MO/Saint-Louis/3452-Sidney-St-63104/home/62720598,83.0,43.0,77.0
https://www.redfin.com/MO/Saint-Louis/2707-Keokuk-St-63118/home/93696286,80.0,39.0,60.0
https://www.redfin.com/MO/Saint-Louis/4256-Shenandoah-Ave-63110/home/93746811,73.0,30.0,68.0
https://www.redfin.com/MO/Saint-Louis/3510-Shenandoah-Ave-63104/home/93692277,83.0,41.0,77.0
https://www.redfin.com/MO/Saint-Louis/3709-Hartford-St-63116/home/93699869,86.0,42.0,79.0
https://www.redfin.com/MO/Saint-Louis/4528-Westminster-Pl-63108/home/93739893,87.0,45.0,58.0
https://www.redfin.com/MO/Saint-Louis/6229-Columbia-Ave-63139/home/93743581,63.0,33.0,55.0
https://www.redfin.com/MO/Saint-Louis/1640-Grape-Ave-63147/home/93731906,49.0,41.0,54.0
https://www.redfin.com/MO/Saint-Louis/4712-Westminster-Pl-63108/home/93709300,89.0,45.0,54.0
https://www.redfin.com/MO/Saint-Louis/4441-McPherson-Ave-63108/home/62736517,82.0,44.0,60.0
https://www.redfin.com/MO/Saint-Louis/1412-Wright-St-63107/home/93688380,72.0,41.0,64.0
https://www.redfin.com/MO/Saint-Louis/2057-Blendon-Pl-63143/home/93744113,72.0,29.0,56.0
https://www.redfin.com/MO/Saint-Louis/4753-Westminster-Pl-63108/home/93709319,89.0,45.0,54.0
https://www.redfin.com/MO/Saint-Louis/3141-Parc-Ridge-Ln-63139/home/93674332,69.0,32.0,64.0
https://www.redfin.com/MO/Saint-Louis/4208-Beethoven-Ave-63116/home/93757825,73.0,40.0,72.0
https://www.redfin.com/MO/Saint-Louis/5727-S-Grand-Blvd-63111/home/93772222,68.0,39.0,62.0
https://www.redfin.com/MO/Saint-Louis/3345-Oregon-Ave-63118/home/93693689,91.0,45.0,59.0
https://www.redfin.com/MO/Saint-Louis/4542-Gibson-Ave-63110/home/93786340,75.0,56.0,83.0
https://www.redfin.com/MO/Saint-Louis/6063-Westminster-Pl-63112/home/93760429,75.0,56.0,69.0
https://www.redfin.com/MO/Saint-Louis/2636-Russell-Blvd-63104/home/93690644,84.0,39.0,60.0
https://www.redfin.com/MO/Saint-Louis/3117-Longfellow-Blvd-63104/home/93690972,73.0,38.0,63.0
https://www.redfin.com/MO/Saint-Louis/6655-Pernod-Ave-63139/home/93778943,54.0,42.0,44.0
https://www.redfin.com/MO/Saint-Louis/5150-Page-Blvd-63113/home/93752399,72.0,42.0,60.0
https://www.redfin.com/MO/Saint-Louis/3844-French-Ct-63116/home/93773391,41.0,34.0,59.0
https://www.redfin.com/MO/Saint-Louis/5031-Sutherland-Ave-63109/home/93752677,73.0,39.0,60.0
https://www.redfin.com/MO/Saint-Louis/5171-Eichelberger-St-63109/home/93767752,71.0,39.0,51.0
https://www.redfin.com/MO/Saint-Louis/3156-Geyer-Ave-63104/home/93689568,67.0,39.0,59.0
https://www.redfin.com/MO/Saint-Louis/5101-Dresden-Ave-63116/home/93764009,75.0,39.0,61.0
https://www.redfin.com/MO/Saint-Louis/6419-Devonshire-Ave-63109/home/93779789,76.0,40.0,61.0
https://www.redfin.com/MO/Saint-Louis/7133-Lindenwood-Pl-63109/home/93747983,26.0,49.0,57.0
https://www.redfin.com/MO/Saint-Louis/2134-Nebraska-Ave-63104/home/93690716,77.0,39.0,58.0
https://www.redfin.com/MO/Saint-Louis/4421-Tholozan-Ave-63116/home/93756331,75.0,40.0,54.0
https://www.redfin.com/MO/Saint-Louis/3421-Halliday-Ave-63118/home/93692503,83.0,44.0,79.0
https://www.redfin.com/MO/Saint-Louis/5117-Pattison-Ave-63110/home/93728092,76.0,33.0,68.0
https://www.redfin.com/MO/Saint-Louis/6182-Kingsbury-Ave-63112/home/90908062,85.0,55.0,77.0
https://www.redfin.com/MO/Saint-Louis/6943-Lansdowne-Ave-63109/home/93774208,58.0,49.0,66.0
https://www.redfin.com/MO/Saint-Louis/5111-Pattison-Ave-63110/home/93728094,76.0,33.0,68.0
https://www.redfin.com/MO/Saint-Louis/7083-Lindenwood-Pl-63109/home/62723520,30.0,49.0,54.0
https://www.redfin.com/MO/Saint-Louis/7036-Bancroft-Ave-63109/home/93774589,48.0,49.0,63.0
https://www.redfin.com/MO/Saint-Louis/6911-Garner-Ave-63139/home/93671187,70.0,29.0,55.0
https://www.redfin.com/MO/Saint-Louis/6420-Wise-Ave-63139/home/93672447,73.0,34.0,65.0
https://www.redfin.com/MO/Saint-Louis/6605-Lindenwood-Pl-63109/home/62693826,66.0,43.0,50.0
https://www.redfin.com/MO/Saint-Louis/5384-Reber-Pl-63139/home/93727521,83.0,34.0,61.0
https://www.redfin.com/MO/Saint-Louis/6482-Lloyd-Ave-63139/home/93774434,70.0,33.0,49.0
https://www.redfin.com/MO/Saint-Louis/3-Shaw-Pl-63110/home/93700285,69.0,39.0,61.0
https://www.redfin.com/MO/Saint-Louis/3945-Comstock-Dr-63123/home/93784974,3.0,24.0,33.0
https://www.redfin.com/MO/Saint-Louis/4920-Walsh-St-63109/home/62747831,75.0,39.0,55.0
https://www.redfin.com/MO/Saint-Louis/4421-Oakland-Ave-63110/home/93751251,84.0,54.0,80.0
https://www.redfin.com/MO/Saint-Louis/4217-Connecticut-St-63116/home/93729842,77.0,32.0,63.0
https://www.redfin.com/MO/Saint-Louis/5575-Lansdowne-Ave-63109/home/93752892,72.0,38.0,56.0
https://www.redfin.com/MO/Saint-Louis/4009-Flad-Ave-63110/home/93746652,72.0,37.0,60.0
https://www.redfin.com/MO/Saint-Louis/5321-Nottingham-Ave-63109/home/93753478,73.0,39.0,48.0
https://www.redfin.com/MO/Saint-Louis/6558-Arsenal-St-63139/home/93742267,54.0,33.0,64.0
https://www.redfin.com/MO/Saint-Louis/4418-Arco-Ave-63110/home/62718448,84.0,54.0,80.0
https://www.redfin.com/MO/Saint-Louis/2366-Sulphur-Ave-63139/home/62747725,76.0,32.0,56.0
https://www.redfin.com/MO/Saint-Louis/6407-Lindenwood-Pl-63109/home/93778349,81.0,39.0,68.0
https://www.redfin.com/MO/Saint-Louis/6478-Lloyd-Ave-63139/home/93774435,70.0,33.0,49.0
https://www.redfin.com/MO/Saint-Louis/2651-Ann-Ave-63104/home/93690631,83.0,40.0,62.0
https://www.redfin.com/MO/Saint-Louis/4544-Arco-Ave-63110/home/62740877,75.0,56.0,83.0
https://www.redfin.com/MO/Saint-Louis/5410-Reber-Pl-63139/home/93727378,83.0,34.0,61.0
https://www.redfin.com/MO/Saint-Louis/6149-Washington-Blvd-63112/home/93760476,91.0,55.0,66.0
https://www.redfin.com/MO/Saint-Louis/4320-Itaska-St-63116/home/62694128,82.0,38.0,68.0
https://www.redfin.com/MO/Saint-Louis/6204-Rhodes-Ave-63109/home/70324171,42.0,32.0,49.0
https://www.redfin.com/MO/Saint-Louis/3628-Russell-Blvd-63110/home/93747361,73.0,38.0,69.0
https://www.redfin.com/MO/Saint-Louis/4148-Shaw-Blvd-63110/home/93747066,74.0,37.0,72.0
https://www.redfin.com/MO/Saint-Louis/3535-Hartford-St-63118/home/93692665,87.0,43.0,82.0
https://www.redfin.com/MO/Saint-Louis/3841-Juniata-St-63116/home/77520287,78.0,42.0,73.0
https://www.redfin.com/MO/Saint-Louis/5408-Winona-Ave-63109/home/93782454,71.0,38.0,59.0
https://www.redfin.com/MO/Saint-Louis/3337-Minnesota-Ave-63118/home/93693482,89.0,45.0,59.0
https://www.redfin.com/MO/Saint-Louis/5241-Nottingham-Ave-63109/home/93753505,74.0,40.0,54.0
https://www.redfin.com/MO/Saint-Louis/6015-Arsenal-St-63139/home/93768830,68.0,32.0,73.0
https://www.redfin.com/MO/Saint-Louis/3500-Connecticut-St-63118/home/92907663,89.0,44.0,82.0
https://www.redfin.com/MO/Saint-Louis/5725-Lansdowne-Ave-63109/home/62738753,82.0,38.0,53.0
https://www.redfin.com/MO/Saint-Louis/4409-Gibson-Ave-63110/home/93750856,85.0,56.0,69.0
https://www.redfin.com/MO/Saint-Louis/1425-Brock-St-63139/home/93740765,55.0,31.0,37.0
https://www.redfin.com/MO/Saint-Louis/4222-Red-Bud-Ave-63115/home/93714778,58.0,42.0,47.0
https://www.redfin.com/MO/Saint-Louis/5660-Oleatha-Ave-63139/home/93780676,74.0,37.0,55.0
https://www.redfin.com/MO/Saint-Louis/5743-Westminster-Pl-63112/home/93767313,56.0,55.0,73.0
https://www.redfin.com/MO/Saint-Louis/3820-Wisconsin-Ave-63118/home/93696867,64.0,39.0,38.0
https://www.redfin.com/MO/Saint-Louis/4028-Pennsylvania-Ave-63118/home/93704947,73.0,45.0,52.0
https://www.redfin.com/MO/Saint-Louis/4938-Lansdowne-Ave-63109/home/93752989,79.0,40.0,58.0
https://www.redfin.com/MO/Saint-Louis/2816-McNair-Ave-63118/home/63588065,86.0,42.0,56.0
https://www.redfin.com/MO/Saint-Louis/3309-Commonwealth-Ave-63143/home/93751140,55.0,28.0,53.0
https://www.redfin.com/MO/Saint-Louis/3002-Geyer-Ave-63104/home/93690000,62.0,39.0,43.0
https://www.redfin.com/MO/Saint-Louis/3335-Pennsylvania-Ave-63118/home/93693565,89.0,45.0,59.0
https://www.redfin.com/MO/Saint-Louis/3936-Oregon-Ave-63118/home/93704260,74.0,43.0,59.0
https://www.redfin.com/MO/Saint-Louis/4111-California-Ave-63118/home/93705077,77.0,43.0,60.0
https://www.redfin.com/MO/Saint-Louis/1226-Russell-Blvd-63104/home/62759209,86.0,41.0,60.0
https://www.redfin.com/MO/Saint-Louis/5715-Enright-Ave-63112/home/93739395,60.0,53.0,58.0
https://www.redfin.com/MO/Saint-Louis/4738-Ray-Ave-63116/home/93778424,75.0,37.0,62.0
https://www.redfin.com/MO/Saint-Louis/2018-Senate-St-63118/unit-R/home/103204411,85.0,42.0,60.0
https://www.redfin.com/MO/Saint-Louis/4998-Fairview-Ave-63139/home/93777053,74.0,37.0,53.0
https://www.redfin.com/MO/Saint-Louis/3939-Botanical-Ave-63110/home/103203297,74.0,38.0,65.0
https://www.redfin.com/MO/Saint-Louis/4152-Flad-Ave-63110/home/93746497,76.0,29.0,70.0
https://www.redfin.com/MO/Saint-Louis/4934-Murdoch-Ave-63109/home/93753338,79.0,40.0,56.0
https://www.redfin.com/MO/Saint-Louis/2856-Russell-Blvd-63104/home/93690722,77.0,39.0,58.0
https://www.redfin.com/MO/Saint-Louis/1535-Gregg-Ave-63139/home/93762232,71.0,31.0,44.0
https://www.redfin.com/MO/Saint-Louis/6375-Devonshire-Ave-63109/home/93780137,78.0,40.0,65.0
https://www.redfin.com/MO/Saint-Louis/6128-Marwinette-Ave-63116/home/93773761,49.0,34.0,64.0
https://www.redfin.com/MO/Saint-Louis/4124-S-Compton-Ave-63118/home/93705257,81.0,45.0,48.0
https://www.redfin.com/MO/Saint-Louis/3251-Missouri-Ave-63118/home/93693898,93.0,43.0,53.0
https://www.redfin.com/MO/Saint-Louis/3756-Olive-St-63108/unit-15/home/176875150,68.0,51.0,64.0
https://www.redfin.com/MO/Saint-Louis/4634-Steffens-Ave-63116/home/93767189,68.0,38.0,52.0
https://www.redfin.com/MO/Saint-Louis/5700-Lansdowne-Ave-63109/home/93753048,76.0,38.0,55.0
https://www.redfin.com/MO/Saint-Louis/5473-Oleatha-Ave-63139/home/93780891,61.0,38.0,48.0
https://www.redfin.com/MO/Saint-Louis/5980-Astra-Ave-63147/home/93770366,63.0,38.0,58.0
https://www.redfin.com/MO/Saint-Louis/2000-Senate-St-63118/home/93697757,85.0,42.0,59.0
https://www.redfin.com/MO/Saint-Louis/5203-Windsor-Pkwy-63116/home/93765296,74.0,39.0,56.0
https://www.redfin.com/MO/Saint-Louis/6312-Lucille-Ave-63136/home/93745615,44.0,38.0,45.0
https://www.redfin.com/MO/Saint-Louis/6928-Garner-Ave-63139/home/93741053,70.0,29.0,55.0
https://www.redfin.com/MO/Saint-Louis/1131-Childress-Ave-63139/home/88995356,72.0,34.0,65.0
https://www.redfin.com/MO/Saint-Louis/3915-Russell-Blvd-63110/home/93747573,72.0,38.0,60.0
https://www.redfin.com/MO/Saint-Louis/3907-Burgen-Ave-63116/home/93781486,57.0,36.0,51.0
https://www.redfin.com/MO/Saint-Louis/3117-Mount-Pleasant-St-63111/home/93706244,62.0,40.0,54.0
https://www.redfin.com/MO/Saint-Louis/6434-Wanda-Ave-63116/home/93770659,67.0,34.0,71.0
https://www.redfin.com/MO/Saint-Louis/5621-Southwest-Ave-63139/home/93727233,80.0,33.0,62.0
https://www.redfin.com/MO/Saint-Louis/5415-Childress-Ave-63109/home/93782736,60.0,35.0,46.0
https://www.redfin.com/MO/Saint-Louis/6719-Dolan-Pl-63139/home/93765058,62.0,32.0,68.0
https://www.redfin.com/MO/Saint-Louis/3410-Halliday-Ave-63118/home/62694309,82.0,44.0,79.0
https://www.redfin.com/MO/Saint-Louis/4557-Wabash-Ave-63109/home/93780799,57.0,50.0,59.0
https://www.redfin.com/MO/Saint-Louis/4636-S-Compton-Ave-63111/home/93706850,67.0,40.0,52.0
https://www.redfin.com/MO/Saint-Louis/5721-Floy-Ave-63136/home/93765363,62.0,39.0,48.0
https://www.redfin.com/MO/Saint-Louis/2657-Oregon-Ave-63118/home/62748288,82.0,43.0,65.0
https://www.redfin.com/MO/Saint-Louis/4445-Tholozan-Ave-63116/home/93756361,75.0,40.0,54.0
https://www.redfin.com/MO/Saint-Louis/4219-Louisiana-Ave-63111/home/93705455,79.0,44.0,50.0
https://www.redfin.com/MO/Saint-Louis/5207-Gresham-Ave-63109/home/62723050,70.0,40.0,53.0
https://www.redfin.com/MO/Saint-Louis/2837-Wisconsin-Ave-63118/home/93691590,78.0,42.0,56.0
https://www.redfin.com/MO/Saint-Louis/4708-Vienna-Ave-63109/home/93780144,82.0,38.0,59.0
https://www.redfin.com/MO/Saint-Louis/4215-Utah-St-63116/home/93729436,74.0,37.0,60.0
https://www.redfin.com/MO/Saint-Louis/1955-Wyoming-St-63118/home/93681647,87.0,42.0,53.0
https://www.redfin.com/MO/Saint-Louis/1912-Lasalle-St-63104/home/62768969,85.0,59.0,63.0
https://www.redfin.com/MO/Saint-Louis/6122-Southwest-Ave-63139/home/93774019,68.0,33.0,64.0
https://www.redfin.com/MO/Saint-Louis/1207-Sidney-St-63104/home/93686969,86.0,41.0,56.0
https://www.redfin.com/MO/Saint-Louis/6256-Marmaduke-Ave-63139/home/93767690,57.0,32.0,65.0
https://www.redfin.com/MO/Saint-Louis/4246-Schiller-Pl-63116/home/93781162,82.0,35.0,68.0
https://www.redfin.com/MO/Saint-Louis/4108-Oregon-Ave-63118/home/93705074,76.0,43.0,58.0
https://www.redfin.com/MO/Saint-Louis/4312-Wabash-Ave-63109/home/93774601,44.0,50.0,55.0
https://www.redfin.com/MO/Saint-Louis/3947-Bowen-St-63116/home/93773835,50.0,34.0,66.0
https://www.redfin.com/MO/Saint-Louis/5021-S-Kingshighway-Blvd-63109/home/93766943,78.0,40.0,53.0
https://www.redfin.com/MO/Saint-Louis/3719-Ohio-Ave-63118/home/93696190,83.0,39.0,59.0
https://www.redfin.com/MO/Saint-Louis/5600-Rhodes-Ave-63109/home/93777545,68.0,38.0,50.0
https://www.redfin.com/MO/Saint-Louis/4032-Schiller-Pl-63116/home/93781112,60.0,35.0,41.0
https://www.redfin.com/MO/Saint-Louis/3507-Hawthorne-Blvd-63104/home/93748598,78.0,38.0,75.0
https://www.redfin.com/MO/Saint-Louis/4063-Magnolia-Ave-63110/home/93746397,67.0,36.0,68.0
https://www.redfin.com/MO/Saint-Louis/6709-Leona-St-63116/home/93779057,61.0,35.0,67.0
https://www.redfin.com/MO/Saint-Louis/5222-Parker-Ave-63139/home/62696267,63.0,37.0,48.0
https://www.redfin.com/MO/Saint-Louis/4041-Parker-Ave-63116/home/93729188,68.0,42.0,51.0
https://www.redfin.com/MO/Saint-Louis/3120-S-Compton-Ave-63118/home/93692763,83.0,44.0,79.0
https://www.redfin.com/MO/Saint-Louis/6541-Winnebago-St-63109/home/93775095,71.0,41.0,59.0
https://www.redfin.com/MO/Saint-Louis/5758-Gresham-Ave-63109/home/93774280,66.0,37.0,53.0
https://www.redfin.com/MO/Saint-Louis/6257-Hoffman-Ave-63139/home/93768062,61.0,33.0,69.0
https://www.redfin.com/MO/Saint-Louis/5224-Tamm-Ave-63109/home/93780274,74.0,36.0,50.0
https://www.redfin.com/MO/Saint-Louis/3651-Blow-St-63116/home/93711808,50.0,40.0,61.0
https://www.redfin.com/MO/Saint-Louis/5422-Odell-St-63139/home/93727341,76.0,34.0,60.0
https://www.redfin.com/MO/Saint-Louis/5263-Parker-Ave-63139/home/62748407,63.0,37.0,48.0
https://www.redfin.com/MO/Saint-Louis/5211-Nagel-Ave-63109/home/93758204,61.0,41.0,54.0
https://www.redfin.com/MO/Saint-Louis/5704-Lansdowne-Ave-63109/home/93753055,81.0,38.0,54.0
https://www.redfin.com/MO/Saint-Louis/3834-Bingham-Ave-63116/home/93767384,71.0,43.0,45.0
https://www.redfin.com/MO/Saint-Louis/4444-Bingham-Ave-63116/home/93772053,82.0,40.0,59.0
https://www.redfin.com/MO/Saint-Louis/3967-Holly-Hills-Blvd-63116/home/93773772,46.0,33.0,57.0
https://www.redfin.com/MO/Saint-Louis/5650-Leona-St-63116/home/62762329,54.0,34.0,52.0
https://www.redfin.com/MO/Saint-Louis/3800-Olive-St-63108/home/181866747,68.0,51.0,64.0
https://www.redfin.com/MO/Saint-Louis/6412-Colletta-Dr-63139/home/93784650,52.0,33.0,40.0
https://www.redfin.com/MO/Saint-Louis/6759-W-Park-Ave-63139/home/62761874,61.0,31.0,51.0
https://www.redfin.com/MO/St-Louis/3820-Olive-St-63108/unit-8/home/193424225,68.0,50.0,69.0
https://www.redfin.com/MO/Saint-Louis/1234-Dolman-St-63104/home/143286255,86.0,58.0,65.0
https://www.redfin.com/MO/Saint-Louis/4030-Saint-Louis-Ave-63107/home/93716538,53.0,43.0,51.0
https://www.redfin.com/MO/Saint-Louis/252-Woodbourne-Dr-63105/home/62705469,49.0,46.0,71.0
https://www.redfin.com/MO/Saint-Louis/2306-Sulphur-Ave-63139/home/93741634,76.0,32.0,42.0
https://www.redfin.com/MO/Saint-Louis/4339-Potomac-St-63116/home/93774397,70.0,39.0,51.0
https://www.redfin.com/MO/Saint-Louis/2631-January-Ave-63139/home/93726782,83.0,33.0,55.0
https://www.redfin.com/MO/Saint-Louis/8531-Lowell-St-63147/home/93731605,50.0,43.0,50.0
https://www.redfin.com/MO/Saint-Louis/3438-Russell-Blvd-63104/unit-303/home/93690987,68.0,39.0,66.0
https://www.redfin.com/MO/Saint-Louis/5962-Maple-Ave-63112/home/93723866,46.0,50.0,47.0
https://www.redfin.com/MO/Saint-Louis/6223-Potomac-St-63139/home/93775397,72.0,38.0,64.0
https://www.redfin.com/MO/Saint-Louis/6053-Bishops-Pl-63109/home/84228056,51.0,32.0,62.0
https://www.redfin.com/MO/Saint-Louis/7016-Horner-Ave-63117/home/93786067,51.0,30.0,40.0
https://www.redfin.com/MO/Saint-Louis/4003-Shreve-Ave-63115/home/93732828,67.0,40.0,44.0
https://www.redfin.com/MO/St-Louis/3826-Olive-St-63108/unit-7/home/194935156,68.0,50.0,69.0
https://www.redfin.com/MO/Saint-Louis/6739-Wise-Ave-63139/home/93740518,62.0,32.0,68.0
https://www.redfin.com/MO/Saint-Louis/6542-Hoffman-Ave-63139/home/93741675,53.0,33.0,65.0
https://www.redfin.com/MO/Saint-Louis/4128-Tesson-St-63123/home/93784162,18.0,30.0,53.0
https://www.redfin.com/MO/Saint-Louis/5512-Finkman-St-63109/home/93776605,67.0,39.0,48.0
https://www.redfin.com/MO/Saint-Louis/3704-Ohio-Ave-63118/home/93696540,85.0,40.0,58.0
https://www.redfin.com/MO/Saint-Louis/6801-Arthur-Ave-63139/home/93743408,55.0,31.0,51.0
https://www.redfin.com/MO/Saint-Louis/4729-Prague-Ave-63109/home/93780243,77.0,38.0,57.0
https://www.redfin.com/MO/St-Louis/4941-Fairview-Ave-63139/home/182673086,75.0,37.0,53.0
https://www.redfin.com/MO/Saint-Louis/4556-Athlone-Ave-63115/home/93714019,55.0,46.0,68.0
https://www.redfin.com/MO/Saint-Louis/4118-Botanical-Ave-63110/home/62733923,70.0,35.0,66.0
https://www.redfin.com/MO/Saint-Louis/4343-Delmar-Blvd-63108/home/146874005,67.0,43.0,51.0
https://www.redfin.com/MO/Saint-Louis/5435-Eichelberger-St-63109/home/93767698,71.0,39.0,48.0
https://www.redfin.com/MO/Saint-Louis/4002-Bates-St-63116/home/93771943,59.0,35.0,48.0
https://www.redfin.com/MO/Saint-Louis/4333-Connecticut-St-63116/home/93749724,78.0,31.0,66.0
https://www.redfin.com/MO/Saint-Louis/5231-Potomac-St-63139/home/93742667,65.0,37.0,50.0
https://www.redfin.com/MO/Saint-Louis/6604-Mardel-Ave-63109/home/93774884,62.0,42.0,48.0
https://www.redfin.com/MO/Saint-Louis/3865-Bowen-St-63116/home/93773630,55.0,35.0,57.0
https://www.redfin.com/MO/Saint-Louis/6271-Goener-Ave-63116/home/93756547,78.0,37.0,69.0
https://www.redfin.com/MO/Saint-Louis/5600-Tholozan-Ave-63109/home/93781642,70.0,38.0,58.0
https://www.redfin.com/MO/Saint-Louis/4581-Wabash-Ave-63109/home/93780806,53.0,49.0,59.0
https://www.redfin.com/MO/Saint-Louis/2920-Eads-Ave-63104/home/93787264,68.0,38.0,50.0
https://www.redfin.com/MO/Saint-Louis/3700-January-Ave-63109/home/93781974,76.0,38.0,57.0
https://www.redfin.com/MO/Saint-Louis/4323-Hunt-Ave-63110/home/93726054,86.0,46.0,73.0
https://www.redfin.com/MO/St-Louis/4153-Loughborough-62116/home/186481145,65.0,32.0,70.0
https://www.redfin.com/MO/Saint-Louis/7804-Clymer-Dr-63123/home/93784951,5.0,25.0,43.0
https://www.redfin.com/MO/Saint-Louis/3534-Pestalozzi-St-63118/home/93692740,86.0,43.0,81.0
https://www.redfin.com/MO/Saint-Louis/6416-Colletta-Dr-63139/home/62695677,52.0,33.0,40.0
https://www.redfin.com/MO/Saint-Louis/3822-Cleveland-Ave-63110/home/93700235,78.0,40.0,70.0
https://www.redfin.com/MO/Saint-Louis/3729-Ohio-Ave-63118/home/62691644,83.0,39.0,59.0
https://www.redfin.com/MO/Saint-Louis/3815-Pennsylvania-Ave-63118/home/93695954,72.0,45.0,54.0
https://www.redfin.com/MO/Saint-Louis/7051-Lansdowne-Ave-63109/home/62689082,52.0,50.0,59.0
https://www.redfin.com/MO/Saint-Louis/4327-Connecticut-St-63116/home/173620403,78.0,31.0,66.0
https://www.redfin.com/MO/Saint-Louis/3720-Humphrey-St-63116/home/93699991,82.0,45.0,69.0
https://www.redfin.com/MO/Saint-Louis/946-Bates-St-63111/home/93708411,68.0,40.0,60.0
https://www.redfin.com/MO/Saint-Louis/1820-Lasalle-St-63104/home/93701191,85.0,59.0,63.0
https://www.redfin.com/MO/Saint-Louis/2732-Utah-St-63118/home/93693777,92.0,43.0,57.0
https://www.redfin.com/MO/Saint-Louis/7512-Virginia-Ave-63111/home/93710970,82.0,40.0,72.0
https://www.redfin.com/MO/Saint-Louis/2811-Hickory-St-63104/home/93683240,68.0,37.0,55.0
https://www.redfin.com/MO/Saint-Louis/2345-Rutger-St-63104/home/93700627,81.0,43.0,65.0
https://www.redfin.com/MO/Saint-Louis/1538-Eton-Ln-63147/home/93732092,39.0,39.0,44.0
https://www.redfin.com/MO/Saint-Louis/3821-Regal-Pl-63109/home/93782538,72.0,38.0,61.0
https://www.redfin.com/MO/St-Louis/6291-Magnolia-Ave-63139/home/189846870,63.0,33.0,54.0
https://www.redfin.com/MO/Saint-Louis/5720-Murdoch-Ave-63109/home/62701032,83.0,37.0,55.0
https://www.redfin.com/MO/Saint-Louis/5932-Wise-Ave-63110/home/93726262,74.0,33.0,59.0
https://www.redfin.com/MO/Saint-Louis/2353-S-11th-St-63104/home/93686136,87.0,40.0,59.0
https://www.redfin.com/MO/Saint-Louis/4357-Evans-Ave-63113/home/187276175,70.0,41.0,58.0
https://www.redfin.com/MO/Saint-Louis/5771-Pershing-Ave-63112/home/93763162,59.0,55.0,83.0
https://www.redfin.com/MO/Saint-Louis/2932-Hereford-St-63139/home/86870687,75.0,32.0,59.0
https://www.redfin.com/MO/Saint-Louis/2120-Boardman-St-63110/home/173620173,81.0,33.0,72.0
https://www.redfin.com/MO/St-Louis/3536-Vista-63104/home/175982283,52.0,39.0,59.0
https://www.redfin.com/MO/Saint-Louis/164-Cahokia-St-63118/home/93697165,64.0,39.0,23.0
https://www.redfin.com/MO/Saint-Louis/2918-S-Compton-Ave-63118/unit-2918/home/109911639,81.0,44.0,78.0
https://www.redfin.com/MO/Saint-Louis/3708-Gustine-Ave-63116/home/93766232,79.0,44.0,58.0
https://www.redfin.com/MO/Saint-Louis/5505-Wyoming-St-63139/home/93742781,58.0,33.0,46.0
https://www.redfin.com/MO/Saint-Louis/5811-De-Giverville-Ave-63112/home/62756462,68.0,55.0,75.0
https://www.redfin.com/MO/Saint-Louis/3242-Regal-Pl-63139/home/93742813,52.0,32.0,44.0
https://www.redfin.com/MO/Saint-Louis/5410-Delmar-Blvd-63112/home/109911647,63.0,50.0,63.0
https://www.redfin.com/MO/Saint-Louis/3900-Randall-St-63116/home/93750332,66.0,37.0,43.0
https://www.redfin.com/MO/Saint-Louis/5351-Mardel-Ave-63109/home/62741226,70.0,38.0,60.0
https://www.redfin.com/MO/Saint-Louis/6002-Leona-St-63116/home/93773454,50.0,34.0,63.0
https://www.redfin.com/MO/Saint-Louis/4322-Haven-St-63116/home/93771773,70.0,35.0,69.0
https://www.redfin.com/MO/Saint-Louis/1504-Sproule-Ave-63139/home/93761938,73.0,34.0,45.0
https://www.redfin.com/MO/Saint-Louis/7042-Mitchell-Ave-63117/home/93744207,58.0,30.0,41.0
https://www.redfin.com/MO/Saint-Louis/2147-Sulphur-Ave-63139/home/62721462,71.0,32.0,40.0
https://www.redfin.com/MO/Saint-Louis/7845-Decatur-Dr-63123/home/62753994,3.0,24.0,33.0
https://www.redfin.com/MO/Saint-Louis/7360-Yates-St-63116/home/93784818,30.0,27.0,48.0
https://www.redfin.com/MO/Saint-Louis/7332-Rainor-Ct-63116/home/93785345,28.0,33.0,51.0
https://www.redfin.com/MO/Saint-Louis/3333-Michigan-Ave-63118/home/62773995,88.0,46.0,63.0
https://www.redfin.com/MO/Saint-Louis/4415-Vista-Ave-63110/home/169425110,79.0,45.0,80.0
https://www.redfin.com/MO/Saint-Louis/1256-Gimblin-St-63147/home/76422730,30.0,36.0,37.0
https://www.redfin.com/MO/Saint-Louis/5631-Botanical-Ave-63110/home/173620136,82.0,33.0,53.0
https://www.redfin.com/MO/Saint-Louis/406-Fassen-St-63111/home/93708656,65.0,39.0,54.0
https://www.redfin.com/MO/Saint-Louis/2233-Hickory-St-63104/home/181866123,78.0,50.0,60.0
https://www.redfin.com/MO/Saint-Louis/3131-Keokuk-St-63118/unit-3131/home/93672823,75.0,46.0,51.0
https://www.redfin.com/MO/Saint-Louis/4129-Cleveland-Ave-63110/home/109920100,72.0,34.0,66.0
https://www.redfin.com/MO/Saint-Louis/3835-Hartford-St-63116/home/93728256,80.0,41.0,74.0
https://www.redfin.com/MO/Saint-Louis/4313-S-37th-St-63116/home/93706009,78.0,43.0,49.0
https://www.redfin.com/MO/Saint-Louis/5406-S-Kingshighway-Blvd-63109/home/93759260,73.0,39.0,59.0
https://www.redfin.com/MO/Saint-Louis/8310-S-Broadway-63111/home/93711900,70.0,34.0,55.0
https://www.redfin.com/MO/Saint-Louis/6568-Mardel-Ave-63109/home/93775120,68.0,41.0,58.0
https://www.redfin.com/MO/Saint-Louis/1036-Sells-Ave-63147/home/93731357,62.0,36.0,44.0
https://www.redfin.com/MO/Saint-Louis/5334-Elizabeth-Ave-63110/home/93768182,85.0,34.0,54.0
https://www.redfin.com/MO/Saint-Louis/3900-Wyoming-St-63116/home/93729555,76.0,42.0,67.0
https://www.redfin.com/MO/Saint-Louis/3865-McDonald-Ave-63116/home/93699962,78.0,45.0,59.0
https://www.redfin.com/MO/Saint-Louis/5735-Arthur-Ave-63139/home/88662587,51.0,31.0,44.0
https://www.redfin.com/MO/Saint-Louis/4063-Potomac-St-63116/home/93729125,68.0,42.0,47.0
https://www.redfin.com/MO/St-Louis/7027-Plateau-Ave-63117/home/194342618,58.0,30.0,41.0
https://www.redfin.com/MO/Saint-Louis/5505-Cates-Ave-63112/home/93724003,53.0,43.0,53.0
https://www.redfin.com/MO/Saint-Louis/3025-Ohio-Ave-63118/home/93699151,87.0,42.0,59.0
https://www.redfin.com/MO/Saint-Louis/3924-Potomac-St-63116/home/93728923,78.0,44.0,46.0
https://www.redfin.com/MO/Saint-Louis/6827-Minnesota-Ave-63111/home/93710475,70.0,40.0,61.0
https://www.redfin.com/MO/Saint-Louis/5721-Lisette-Ave-63109/home/62718415,65.0,38.0,51.0
https://www.redfin.com/MO/Saint-Louis/3459-Itaska-St-63111/home/93707221,74.0,41.0,55.0
https://www.redfin.com/MO/Saint-Louis/4330-Chippewa-St-63116/home/93771903,77.0,40.0,63.0
https://www.redfin.com/MO/Saint-Louis/5639-Eichelberger-St-63109/home/93767861,81.0,37.0,51.0
https://www.redfin.com/MO/Saint-Louis/5301-Blow-St-63109/home/77289299,58.0,40.0,50.0
https://www.redfin.com/MO/Saint-Louis/3722-Keokuk-St-63116/home/93777693,81.0,46.0,54.0
https://www.redfin.com/MO/Saint-Louis/3407-Manhattan-Ave-63143/home/93751192,47.0,27.0,48.0
https://www.redfin.com/MO/Saint-Louis/6325-Winona-Ave-63109/home/88629084,83.0,39.0,68.0
https://www.redfin.com/MO/Saint-Louis/2002-Victor-St-63104/home/101771222,84.0,42.0,63.0
https://www.redfin.com/MO/Saint-Louis/3943-Juniata-St-63116/home/93749827,71.0,38.0,69.0
https://www.redfin.com/MO/Saint-Louis/4038-Fairview-Ave-63116/home/93728989,70.0,43.0,54.0
https://www.redfin.com/MO/Saint-Louis/6148-Tennessee-Ave-63111/home/93709466,63.0,40.0,61.0
https://www.redfin.com/MO/Saint-Louis/2909-Wyoming-St-63118/home/87395010,88.0,45.0,69.0
https://www.redfin.com/MO/Saint-Louis/5643-Pernod-Ave-63139/home/93780758,68.0,37.0,53.0
https://www.redfin.com/MO/Saint-Louis/6641-Villa-Ave-63139/home/173620408,57.0,33.0,42.0
https://www.redfin.com/MO/Saint-Louis/3841-Rainor-Ct-63116/home/93785251,35.0,32.0,56.0
https://www.redfin.com/MO/Saint-Louis/3327-Illinois-Ave-63118/home/93694036,92.0,42.0,56.0
https://www.redfin.com/MO/Saint-Louis/3511-Connecticut-St-63118/home/93693300,87.0,44.0,82.0
https://www.redfin.com/MO/Saint-Louis/6409-Lansdowne-Ave-63109/home/93779904,79.0,40.0,67.0
https://www.redfin.com/MO/Saint-Louis/2706-Saint-Vincent-Ave-63104/home/93700646,78.0,37.0,58.0
https://www.redfin.com/MO/Saint-Louis/3324-Vista-Ave-63104/home/93700908,54.0,39.0,49.0
https://www.redfin.com/MO/St-Louis/3301-Eads-Ave-63104/unit-6A/home/175626342,57.0,40.0,48.0
https://www.redfin.com/MO/Saint-Louis/3505-Illinois-Ave-63118/home/62758185,89.0,41.0,62.0
https://www.redfin.com/MO/Saint-Louis/3829-Flad-Ave-63110/home/93700268,76.0,37.0,67.0
https://www.redfin.com/MO/Saint-Louis/1508-Tamm-Ave-63139/home/93762236,76.0,33.0,45.0
https://www.redfin.com/MO/Saint-Louis/4200-Westminster-Pl-63108/home/62769117,75.0,51.0,63.0
https://www.redfin.com/MO/Saint-Louis/7123-Rabenberg-Pl-63143/home/62759942,66.0,30.0,69.0
https://www.redfin.com/MO/Saint-Louis/3221-Taft-Ave-63111/home/93706209,70.0,41.0,55.0
https://www.redfin.com/MO/Saint-Louis/4961-Schollmeyer-Ave-63109/home/93764457,71.0,40.0,54.0
https://www.redfin.com/MO/Saint-Louis/3204-Henrietta-St-63104/home/76312337,60.0,39.0,47.0
https://www.redfin.com/MO/Saint-Louis/3705-Blow-St-63116/home/93712025,49.0,38.0,62.0
https://www.redfin.com/MO/Saint-Louis/4046-Holly-Hills-Blvd-63116/home/81971252,58.0,33.0,64.0
https://www.redfin.com/MO/Saint-Louis/4700-Penrose-St-63115/home/93733149,60.0,40.0,43.0
https://www.redfin.com/MO/Saint-Louis/5734-Itaska-St-63109/home/93767934,82.0,37.0,52.0
https://www.redfin.com/MO/Saint-Louis/5461-Goethe-Ave-63109/home/93775700,70.0,38.0,49.0
https://www.redfin.com/MO/Saint-Louis/3131-Ivanhoe-Ave-63139/home/93741916,56.0,33.0,62.0
https://www.redfin.com/MO/Saint-Louis/6361-Devonshire-Ave-63109/home/93780127,78.0,40.0,65.0
https://www.redfin.com/MO/Saint-Louis/1448-Graham-St-63139/home/93778537,75.0,34.0,44.0
https://www.redfin.com/MO/Saint-Louis/4366-Osceola-St-63116/home/93764748,79.0,40.0,65.0
https://www.redfin.com/MO/Saint-Louis/3943-Tholozan-Ave-63116/home/93728608,76.0,44.0,57.0
https://www.redfin.com/MO/Saint-Louis/4249-Botanical-Ave-63110/home/93746771,71.0,34.0,71.0
https://www.redfin.com/MO/Saint-Louis/7137-Virginia-Ave-63111/home/93680054,78.0,41.0,76.0
https://www.redfin.com/MO/Saint-Louis/5476-Bischoff-Ave-63110/home/93772184,81.0,34.0,50.0
https://www.redfin.com/MO/Saint-Louis/5887-Cates-Ave-63112/home/93723948,65.0,51.0,53.0
https://www.redfin.com/MO/Saint-Louis/5609-Pennsylvania-Ave-63111/home/93708607,55.0,37.0,40.0
https://www.redfin.com/MO/Saint-Louis/5219-Dewey-Ave-63116/home/93742517,64.0,38.0,52.0
https://www.redfin.com/MO/Saint-Louis/4609-S-Broadway-63111/home/93706938,44.0,37.0,43.0
https://www.redfin.com/MO/Saint-Louis/3816-Flora-Pl-63110/home/93700327,75.0,38.0,61.0
https://www.redfin.com/MO/Saint-Louis/5016-Gerritt-Ave-63116/home/93766657,66.0,37.0,43.0
https://www.redfin.com/MO/St-Louis/2741-Lafayette-Ave-63104/home/194345320,79.0,38.0,55.0
https://www.redfin.com/MO/Saint-Louis/3428-Vista-Ave-63104/home/93700873,54.0,39.0,52.0
https://www.redfin.com/MO/Saint-Louis/6419-Woodbine-Ct-63109/home/93774318,66.0,39.0,50.0
https://www.redfin.com/MO/Saint-Louis/6423-Murdoch-Ave-63109/home/93779868,76.0,40.0,61.0
https://www.redfin.com/MO/Saint-Louis/2826-Oregon-Ave-63118/home/93691817,83.0,43.0,65.0
https://www.redfin.com/MO/Saint-Louis/5030-Lotus-Ave-63113/home/93738145,64.0,41.0,50.0
https://www.redfin.com/MO/Saint-Louis/8100-Southpark-Ct-63125/home/62731698,39.0,36.0,44.0
https://www.redfin.com/MO/Saint-Louis/2125-Macklind-Ave-63110/home/93726972,84.0,34.0,53.0
https://www.redfin.com/MO/Saint-Louis/4435-Tholozan-Ave-63116/home/63731720,75.0,40.0,54.0
https://www.redfin.com/MO/Saint-Louis/5813-Minnesota-Ave-63111/home/93708446,58.0,38.0,45.0
https://www.redfin.com/MO/Saint-Louis/2005-Hereford-St-63110/home/93728066,85.0,33.0,69.0
https://www.redfin.com/MO/Saint-Louis/3154-Garden-Hill-Ln-63139/home/93674337,69.0,32.0,64.0
https://www.redfin.com/MO/Saint-Louis/1807-Cambridge-Ln-63147/home/93781517,55.0,41.0,44.0
https://www.redfin.com/MO/Saint-Louis/7136-Bancroft-Ave-63109/home/62693489,36.0,50.0,45.0
https://www.redfin.com/MO/Saint-Louis/7227-Pennsylvania-Ave-63111/home/93710712,80.0,39.0,71.0
https://www.redfin.com/MO/Saint-Louis/7121-Yates-St-63116/home/93784129,52.0,33.0,64.0
https://www.redfin.com/MO/Saint-Louis/6949-Hancock-Ave-63139/home/93743562,49.0,30.0,54.0
https://www.redfin.com/MO/Saint-Louis/5451-Tedmar-Ct-63139/home/93742842,44.0,37.0,43.0
https://www.redfin.com/MO/Saint-Louis/3328-Norma-Ct-63139/home/93743346,62.0,33.0,58.0
https://www.redfin.com/MO/Saint-Louis/4237-Botanical-Ave-63110/home/93746763,71.0,34.0,71.0
https://www.redfin.com/MO/Saint-Louis/4351-Bingham-Ave-63116/home/93771900,77.0,40.0,63.0
https://www.redfin.com/MO/Saint-Louis/3829-Upton-St-63116/home/93785265,39.0,34.0,57.0
https://www.redfin.com/MO/Saint-Louis/6551-Winona-Ave-63109/home/93775458,72.0,42.0,59.0
https://www.redfin.com/MO/Saint-Louis/5542-Mardel-Ave-63109/home/93782549,72.0,38.0,61.0
https://www.redfin.com/MO/Saint-Louis/3833-Humphrey-St-63116/home/93728449,79.0,44.0,70.0
https://www.redfin.com/MO/Saint-Louis/4261-Swan-Ave-63110/home/93725772,88.0,53.0,79.0
https://www.redfin.com/MO/Saint-Louis/6042-Oleatha-Ave-63139/home/93775374,79.0,38.0,64.0
https://www.redfin.com/MO/Saint-Louis/1313-S-Boyle-Ave-63110/home/93725927,87.0,50.0,76.0
https://www.redfin.com/MO/Saint-Louis/3957-Cleveland-Ave-63110/home/93746275,73.0,37.0,60.0
https://www.redfin.com/MO/Saint-Louis/3117-Portis-Ave-63116/home/93748765,67.0,32.0,61.0
https://www.redfin.com/MO/Saint-Louis/3721-Hebert-St-63107/home/93702095,71.0,44.0,62.0
https://www.redfin.com/MO/Saint-Louis/5705-Lindenwood-Ave-63109/home/93780916,82.0,38.0,60.0
https://www.redfin.com/MO/Saint-Louis/7403-Commonwealth-Ave-63143/home/93751164,68.0,28.0,61.0
https://www.redfin.com/MO/Saint-Louis/4745-Sigel-Ave-63116/home/93759127,74.0,37.0,64.0
https://www.redfin.com/MO/Saint-Louis/5623-Milentz-Ave-63109/home/93771456,72.0,37.0,50.0
https://www.redfin.com/MO/Saint-Louis/4934-Rosalie-St-63115/home/93760988,29.0,41.0,38.0
https://www.redfin.com/MO/Saint-Louis/6222-Marmaduke-Ave-63139/home/93767672,63.0,32.0,67.0
https://www.redfin.com/MO/Saint-Louis/5318-Michigan-Ave-63111/home/62739357,62.0,38.0,51.0
https://www.redfin.com/MO/Saint-Louis/5110-Page-Blvd-63113/home/93752372,72.0,42.0,60.0
https://www.redfin.com/MO/Saint-Louis/2902-Michigan-Ave-63118/home/93692123,79.0,44.0,74.0
https://www.redfin.com/MO/Saint-Louis/6722-Dolan-Pl-63139/home/93740481,62.0,32.0,68.0
https://www.redfin.com/MO/Saint-Louis/3530-Wyoming-St-63118/home/93693425,87.0,44.0,82.0
https://www.redfin.com/MO/Saint-Louis/6923-Hillsland-Ave-63109/home/93781333,66.0,47.0,64.0
https://www.redfin.com/MO/Saint-Louis/5338-Northrup-Ave-63110/home/93726493,67.0,33.0,55.0
https://www.redfin.com/MO/Saint-Louis/5908-Victoria-Ave-63110/home/93726382,69.0,34.0,49.0
https://www.redfin.com/MO/Saint-Louis/719-Lami-St-63104/home/62767433,88.0,37.0,63.0
https://www.redfin.com/MO/Saint-Louis/6601-Lindenwood-Pl-63109/home/93774920,66.0,43.0,50.0
https://www.redfin.com/MO/St-Louis/3868-Blvd-Heights-Ct-63116/unit-67/home/177018858,39.0,34.0,57.0
https://www.redfin.com/MO/Saint-Louis/6600-Nottingham-Ave-63109/home/93779654,69.0,44.0,59.0
https://www.redfin.com/MO/Saint-Louis/4221-Wyoming-St-63116/home/89184043,77.0,32.0,63.0
https://www.redfin.com/MO/Saint-Louis/5522-Lisette-Ave-63109/home/93776615,64.0,39.0,48.0
https://www.redfin.com/MO/Saint-Louis/2008-Crittenden-St-63118/home/93699104,86.0,43.0,49.0
https://www.redfin.com/MO/Saint-Louis/1530-Gregg-Ave-63139/home/93761924,71.0,31.0,44.0
https://www.redfin.com/MO/Saint-Louis/4674-Rosa-Ave-63116/home/62732768,72.0,38.0,64.0
https://www.redfin.com/MO/Saint-Louis/1526-E-Linton-Ave-63107/home/93713250,43.0,44.0,54.0
https://www.redfin.com/MO/Saint-Louis/3718-Humphrey-St-63116/home/93699992,82.0,45.0,69.0
https://www.redfin.com/MO/Saint-Louis/6726-Dolan-Pl-63139/home/93740482,62.0,32.0,68.0
https://www.redfin.com/MO/Saint-Louis/4731-Rosa-Ave-63116/home/93759271,72.0,38.0,64.0
https://www.redfin.com/MO/Saint-Louis/5308-Nottingham-Ave-63109/home/93755143,73.0,39.0,48.0
https://www.redfin.com/MO/Saint-Louis/6830-Lansdowne-Ave-63109/home/93773943,65.0,47.0,61.0
https://www.redfin.com/MO/Saint-Louis/3415-Missouri-Ave-63118/home/93694542,93.0,42.0,61.0
https://www.redfin.com/MO/Saint-Louis/3911-Potomac-St-63116/home/93729002,78.0,44.0,46.0
https://www.redfin.com/MO/Saint-Louis/6910-Glades-Ave-63139/home/93741360,70.0,29.0,55.0
https://www.redfin.com/MO/Saint-Louis/1443-Graham-St-63139/home/93778433,77.0,34.0,46.0
https://www.redfin.com/MO/Saint-Louis/3944-Keokuk-St-63116/home/93778738,71.0,43.0,63.0
https://www.redfin.com/MO/Saint-Louis/416-Fassen-St-63111/home/93708653,65.0,39.0,54.0
https://www.redfin.com/MO/Saint-Louis/5322-Daggett-Ave-63110/home/93726884,84.0,34.0,58.0
https://www.redfin.com/MO/Saint-Louis/6263-Odell-St-63139/home/93767966,57.0,32.0,65.0
https://www.redfin.com/MO/Saint-Louis/4141-Utah-St-63116/home/93729514,75.0,38.0,57.0
https://www.redfin.com/MO/Saint-Louis/3418-Wisconsin-Ave-63118/home/93680298,89.0,41.0,60.0
https://www.redfin.com/MO/Saint-Louis/2221-Richert-Pl-63143/home/93741444,83.0,30.0,69.0
https://www.redfin.com/MO/Saint-Louis/1730-S-10th-St-63104/home/93683838,93.0,38.0,60.0
https://www.redfin.com/MO/Saint-Louis/3716-N-25th-St-63107/home/93697062,65.0,45.0,56.0
https://www.redfin.com/MO/Saint-Louis/3313-Vista-Ave-63104/home/93700928,57.0,39.0,48.0
https://www.redfin.com/MO/Saint-Louis/1729-Nicholson-Pl-63104/home/93690284,77.0,41.0,61.0
https://www.redfin.com/MO/Saint-Louis/1319-Lami-St-63104/home/93686447,82.0,41.0,56.0
https://www.redfin.com/MO/Saint-Louis/2516-Tamm-Ave-63139/home/93743586,57.0,33.0,47.0
https://www.redfin.com/MO/Saint-Louis/6064-Hancock-Ave-63139/home/93748787,74.0,37.0,63.0
https://www.redfin.com/MO/Saint-Louis/6024-Columbia-Ave-63139/home/93757210,76.0,32.0,56.0
https://www.redfin.com/MO/Saint-Louis/7301-Pennsylvania-Ave-63111/home/93710800,80.0,39.0,71.0
https://www.redfin.com/MO/Saint-Louis/5721-Devonshire-Ave-63109/home/93753128,81.0,38.0,54.0
https://www.redfin.com/MO/Saint-Louis/3830-Juniata-St-63116/home/93728336,78.0,42.0,73.0
https://www.redfin.com/MO/Saint-Louis/2609-N-Sarah-St-63113/home/93717240,60.0,43.0,51.0
https://www.redfin.com/MO/Saint-Louis/7025-Ethel-Ave-63117/home/93760633,80.0,31.0,80.0
https://www.redfin.com/MO/Saint-Louis/5627-Milentz-Ave-63109/home/93771457,72.0,37.0,50.0
https://www.redfin.com/MO/Saint-Louis/3948-Dover-Pl-63116/home/93774750,57.0,35.0,51.0
https://www.redfin.com/MO/Saint-Louis/6551-Smiley-Ave-63139/home/93742291,56.0,33.0,63.0
https://www.redfin.com/MO/Saint-Louis/2929-Dodier-St-63107/home/93754632,56.0,45.0,58.0
https://www.redfin.com/MO/Saint-Louis/625-Walsh-St-63111/home/62743719,71.0,41.0,58.0
https://www.redfin.com/MO/Saint-Louis/2631-Nebraska-Ave-63118/home/79074333,82.0,43.0,65.0
https://www.redfin.com/MO/Saint-Louis/6519-Devonshire-Ave-63109/home/93779040,72.0,44.0,64.0
https://www.redfin.com/MO/Saint-Louis/6308-Winona-Ave-63109/home/93782109,84.0,39.0,67.0
https://www.redfin.com/MO/Saint-Louis/4422-Vista-Ave-63110/home/169425125,79.0,45.0,80.0
https://www.redfin.com/MO/Saint-Louis/3834-Rainor-Ct-63116/home/93785343,28.0,33.0,51.0
https://www.redfin.com/MO/Saint-Louis/7375-Sharp-Ave-63116/home/93784841,30.0,25.0,49.0
https://www.redfin.com/MO/Saint-Louis/3927-Federer-Pl-63116/home/62740476,47.0,33.0,63.0
https://www.redfin.com/MO/St-Louis/5809-Park-63147/home/177024550,66.0,38.0,58.0
https://www.redfin.com/MO/Saint-Louis/21-Willmore-Rd-63109/home/93782583,39.0,37.0,55.0
https://www.redfin.com/MO/Saint-Louis/3327-Park-Ave-63104/home/93700901,54.0,39.0,49.0
https://www.redfin.com/MO/Saint-Louis/3912-Bates-St-63116/home/93781579,60.0,36.0,46.0
https://www.redfin.com/MO/Saint-Louis/2332-S-Compton-Ave-63104/home/93671850,82.0,43.0,70.0
https://www.redfin.com/MO/Saint-Louis/4715-Rosa-Ave-63116/home/62717755,72.0,38.0,64.0
https://www.redfin.com/MO/Saint-Louis/5230-Fairview-Ave-63139/home/93742629,65.0,37.0,50.0
https://www.redfin.com/MO/Saint-Louis/5217-Fairview-Ave-63139/home/62735421,63.0,37.0,48.0
https://www.redfin.com/MO/Saint-Louis/3923-Prather-Ave-63109/home/62752555,56.0,45.0,47.0
https://www.redfin.com/MO/Saint-Louis/6137-Colorado-Ave-63111/home/93709529,59.0,40.0,55.0
https://www.redfin.com/MO/Saint-Louis/5533-Winona-Ave-63109/home/93782360,75.0,38.0,59.0
https://www.redfin.com/MO/Saint-Louis/5833-Delor-St-63109/home/62759578,84.0,36.0,53.0
https://www.redfin.com/MO/Saint-Louis/6323-Alaska-Ave-63111/home/93709337,60.0,40.0,60.0
https://www.redfin.com/MO/Saint-Louis/4325-Koeln-Ave-63116/home/62765538,45.0,37.0,60.0
https://www.redfin.com/MO/Saint-Louis/3526-Nebraska-Ave-63118/home/93694855,89.0,45.0,53.0
https://www.redfin.com/MO/St-Louis/3201-Eads-Ave-63104/unit-1/home/177082425,59.0,39.0,48.0
https://www.redfin.com/MO/Saint-Louis/4321-Quincy-St-63116/home/93784481,68.0,36.0,67.0
https://www.redfin.com/MO/Saint-Louis/5736-Winona-Ave-63109/home/93780872,85.0,38.0,56.0
https://www.redfin.com/MO/Saint-Louis/5250-Sutherland-Ave-63109/home/93752869,72.0,39.0,59.0
https://www.redfin.com/MO/Saint-Louis/6039-Juniata-St-63139/home/62767316,68.0,32.0,71.0
https://www.redfin.com/MO/Saint-Louis/5101-McCausland-Ave-63109/home/93781547,61.0,43.0,50.0
https://www.redfin.com/MO/Saint-Louis/2106-S-11th-St-63104/home/93686332,88.0,38.0,58.0
https://www.redfin.com/MO/Saint-Louis/6309-Murdoch-Ave-63109/home/93780213,79.0,39.0,64.0
https://www.redfin.com/MO/Saint-Louis/7714-Vermont-Ave-63111/home/93711101,78.0,40.0,75.0
https://www.redfin.com/MO/Saint-Louis/6632-Winnebago-St-63109/home/62711231,60.0,44.0,48.0
https://www.redfin.com/MO/Saint-Louis/8725-Annetta-Ave-63147/home/93779397,55.0,39.0,48.0
https://www.redfin.com/MO/Saint-Louis/1923-Sublette-Ave-63110/home/93726535,72.0,33.0,48.0
https://www.redfin.com/MO/Saint-Louis/2311-Arsenal-St-63118/home/62740985,87.0,43.0,55.0
https://www.redfin.com/MO/Saint-Louis/4817-Rhodes-Ave-63116/home/93766553,75.0,38.0,58.0
https://www.redfin.com/MO/Saint-Louis/6823-Minnesota-Ave-63111/home/93710470,70.0,40.0,61.0
https://www.redfin.com/MO/Saint-Louis/6249-Marmaduke-Ave-63139/home/93754730,63.0,32.0,67.0
https://www.redfin.com/MO/Saint-Louis/2701-McNair-Ave-63118/home/93697833,85.0,42.0,60.0
https://www.redfin.com/MO/Saint-Louis/7005-Trainor-Ct-63116/home/93773352,41.0,34.0,59.0
https://www.redfin.com/MO/Saint-Louis/4558-Cote-Brilliante-Ave-63113/home/93718835,66.0,42.0,56.0
https://www.redfin.com/MO/Saint-Louis/3841-Fairview-Ave-63116/home/70323341,80.0,45.0,57.0
https://www.redfin.com/MO/Saint-Louis/5717-Bartmer-Ave-63112/home/93722564,51.0,45.0,50.0
https://www.redfin.com/MO/Saint-Louis/4502-Tholozan-Ave-63116/home/93730026,78.0,40.0,52.0
https://www.redfin.com/MO/Saint-Louis/5557-Elizabeth-Ave-63110/home/93772554,81.0,33.0,50.0
https://www.redfin.com/MO/Saint-Louis/6353-Murdoch-Ave-63109/home/93780222,78.0,40.0,65.0
https://www.redfin.com/MO/Saint-Louis/3743-Sullivan-Ave-63107/home/93702135,67.0,44.0,62.0
https://www.redfin.com/MO/Saint-Louis/3410-McCausland-Ave-63139/home/62695577,44.0,29.0,55.0
https://www.redfin.com/MO/Saint-Louis/8748-Jordan-Ave-63147/home/93782973,29.0,48.0,43.0
https://www.redfin.com/MO/Saint-Louis/3143-Ohio-Ave-63118/home/93697079,88.0,43.0,56.0
https://www.redfin.com/MO/Saint-Louis/6301-Potomac-St-63139/home/62708008,72.0,38.0,64.0
https://www.redfin.com/MO/Saint-Louis/3442-Potomac-St-63118/home/93695418,88.0,46.0,63.0
https://www.redfin.com/MO/Saint-Louis/6518-Parkwood-Pl-63116/home/62708481,67.0,34.0,71.0
https://www.redfin.com/MO/Saint-Louis/4149-Humphrey-St-63116/unit-4149/home/93679024,75.0,38.0,57.0
https://www.redfin.com/MO/Saint-Louis/4645-Adkins-Ave-63116/home/93757030,76.0,37.0,68.0
https://www.redfin.com/MO/Saint-Louis/3937-Russell-Blvd-63110/home/93747580,66.0,38.0,59.0
https://www.redfin.com/MO/Saint-Louis/1035-Central-Ave-63139/home/93759988,68.0,32.0,83.0
https://www.redfin.com/MO/Saint-Louis/3808-Olive-St-63108/home/181866746,68.0,51.0,64.0
https://www.redfin.com/MO/Saint-Louis/1917-S-Compton-Ave-63104/home/62762825,67.0,39.0,59.0
https://www.redfin.com/MO/Saint-Louis/4607-S-Spring-Ave-63116/home/62727936,57.0,41.0,48.0
https://www.redfin.com/MO/Saint-Louis/8601-Tara-Ln-63147/home/93732062,40.0,40.0,46.0
https://www.redfin.com/MO/Saint-Louis/5713-Acme-Ave-63136/home/93421445,62.0,39.0,46.0
https://www.redfin.com/MO/Saint-Louis/5852-Clemens-Ave-63112/home/93680626,62.0,51.0,56.0
https://www.redfin.com/MO/Saint-Louis/5431-Elizabeth-Ave-63110/home/93772092,84.0,34.0,53.0
https://www.redfin.com/MO/Saint-Louis/6456-Wade-Ave-63139/home/93740751,75.0,34.0,42.0
https://www.redfin.com/MO/Saint-Louis/5236-Daggett-Ave-63110/home/62689692,87.0,31.0,61.0
https://www.redfin.com/MO/Saint-Louis/4120-Haven-St-63116/home/62716855,66.0,35.0,69.0
https://www.redfin.com/MO/Saint-Louis/4865-Bessie-Ave-63115/home/93733388,60.0,40.0,45.0
https://www.redfin.com/MO/Saint-Louis/5958-Floy-Ave-63147/home/79024620,63.0,40.0,42.0
https://www.redfin.com/MO/Saint-Louis/4566-Washington-Blvd-63108/home/93676136,86.0,45.0,55.0
https://www.redfin.com/MO/Saint-Louis/3623-Oregon-Ave-63118/home/93696399,85.0,45.0,49.0
https://www.redfin.com/MO/Saint-Louis/4108-De-Tonty-St-63110/home/143286953,71.0,38.0,66.0
https://www.redfin.com/MO/Saint-Louis/4128-De-Tonty-St-63110/home/143286956,74.0,38.0,71.0
https://www.redfin.com/MO/St-Louis/4201-W-Pine-Blvd-63108/unit-106/home/175152249,73.0,55.0,66.0
https://www.redfin.com/MO/Saint-Louis/1505-W-Billon-Ave-63139/home/93741494,73.0,34.0,45.0
https://www.redfin.com/MO/Saint-Louis/3411-Vista-Ave-63104/home/93700939,53.0,39.0,52.0
https://www.redfin.com/MO/Saint-Louis/6927-Sutherland-Ave-63109/home/181867591,61.0,48.0,61.0
https://www.redfin.com/MO/Saint-Louis/3253-Texas-Ave-63118/home/62699239,93.0,43.0,55.0
https://www.redfin.com/MO/Saint-Louis/2208-Chippewa-St-63118/home/93696777,80.0,40.0,53.0
https://www.redfin.com/MO/Saint-Louis/7344-Sharp-Ave-63116/home/93785078,30.0,25.0,49.0
https://www.redfin.com/MO/Saint-Louis/2223-Sublette-Ave-63110/home/93772621,81.0,34.0,50.0
https://www.redfin.com/MO/Saint-Louis/3506-Pennsylvania-Ave-63118/home/93694885,87.0,46.0,53.0
https://www.redfin.com/MO/Saint-Louis/4424-Randall-Pl-63107/home/93703512,38.0,43.0,48.0
https://www.redfin.com/MO/Saint-Louis/4866-Carter-Ave-63115/home/93733318,51.0,40.0,35.0
https://www.redfin.com/MO/Saint-Louis/1524-Deer-St-63113/home/93718743,66.0,42.0,56.0
https://www.redfin.com/MO/Saint-Louis/4319-California-Ave-63111/home/93705736,67.0,39.0,57.0
https://www.redfin.com/MO/Saint-Louis/4737-Beacon-Ave-63120/home/62724376,19.0,36.0,31.0
https://www.redfin.com/MO/Saint-Louis/3819-Kossuth-Ave-63107/home/93715026,59.0,45.0,55.0
https://www.redfin.com/MO/Saint-Louis/5168-Vernon-Ave-63113/home/93752401,73.0,42.0,59.0
https://www.redfin.com/MO/Saint-Louis/2028-Destrehan-St-63107/home/93688743,55.0,42.0,57.0
https://www.redfin.com/MO/Saint-Louis/3615-Virginia-Ave-63118/home/93695713,81.0,47.0,57.0
https://www.redfin.com/MO/Saint-Louis/2349-S-Compton-Ave-63104/home/93691981,82.0,44.0,71.0
https://www.redfin.com/MO/Saint-Louis/4728-Primm-St-63116/home/93775511,43.0,41.0,62.0
https://www.redfin.com/MO/Saint-Louis/1131-Angelica-St-63107/home/93702897,44.0,42.0,45.0
https://www.redfin.com/MO/Saint-Louis/215-N-Sarah-St-63108/unit-11/home/182774033,74.0,55.0,70.0
https://www.redfin.com/MO/St-Louis/2231-Hickory-63104/home/173772914,79.0,54.0,56.0
https://www.redfin.com/MO/Saint-Louis/2630-S-11th-St-63118/home/93686926,85.0,39.0,54.0
https://www.redfin.com/MO/Saint-Louis/5306-Wilson-Ave-63110/home/178545804,86.0,34.0,56.0
https://www.redfin.com/MO/Saint-Louis/4461-Dewey-Ave-63116/home/93730857,67.0,42.0,39.0
https://www.redfin.com/MO/Saint-Louis/4501-Oregon-Ave-63111/home/93706556,54.0,37.0,48.0
https://www.redfin.com/MO/Saint-Louis/5204-Cabanne-Ave-63113/home/93745396,73.0,42.0,59.0
https://www.redfin.com/MO/Saint-Louis/9139-Edna-St-63137/home/93782309,34.0,46.0,51.0
https://www.redfin.com/MO/Saint-Louis/5054-Fyler-Ave-63139/home/93777184,68.0,37.0,50.0
https://www.redfin.com/MO/Saint-Louis/5304-Wilson-Ave-63110/home/178545736,86.0,34.0,56.0
https://www.redfin.com/MO/Saint-Louis/2113-Boardman-St-63110/home/173620159,81.0,33.0,72.0
https://www.redfin.com/MO/Saint-Louis/6119-Alabama-Ave-63111/home/93709140,49.0,40.0,43.0
https://www.redfin.com/MO/Saint-Louis/10102-Lookaway-Dr-63137/home/93785916,13.0,24.0,34.0
https://www.redfin.com/MO/Saint-Louis/6603-Villa-Ave-63139/home/93750101,67.0,33.0,43.0
https://www.redfin.com/MO/Saint-Louis/4107-Oleatha-Ave-63116/home/93728793,68.0,42.0,47.0
https://www.redfin.com/MO/Saint-Louis/3325-Itaska-St-63111/home/93707074,73.0,41.0,55.0
https://www.redfin.com/MO/Saint-Louis/5206-Morganford-Rd-63116/home/93773998,82.0,36.0,66.0
https://www.redfin.com/MO/Saint-Louis/3005-Lemp-Ave-63118/home/93698988,84.0,42.0,51.0
https://www.redfin.com/MO/Saint-Louis/5327-West-Ave-63116/home/93761672,79.0,39.0,60.0
https://www.redfin.com/MO/Saint-Louis/6832-Dale-Ave-63139/home/93740616,57.0,31.0,43.0
https://www.redfin.com/MO/Saint-Louis/2704-Stoddard-St-63106/home/93686858,72.0,45.0,51.0
https://www.redfin.com/MO/Saint-Louis/4316-Alma-Ave-63116/home/62709511,69.0,33.0,70.0
https://www.redfin.com/MO/Saint-Louis/4610-Lexington-Ave-63115/home/93735673,65.0,40.0,44.0
https://www.redfin.com/MO/Saint-Louis/5249-Vernon-Ave-63113/home/93710058,69.0,41.0,63.0
https://www.redfin.com/MO/Saint-Louis/3963-Palm-St-63107/home/93753891,58.0,44.0,49.0
https://www.redfin.com/MO/Saint-Louis/5658-Maffitt-Ave-63112/home/93754248,50.0,41.0,48.0
https://www.redfin.com/MO/Saint-Louis/3616-Osceola-St-63116/home/93706464,82.0,43.0,53.0
https://www.redfin.com/MO/Saint-Louis/4129-Enright-Ave-63108/home/93745145,62.0,43.0,52.0
https://www.redfin.com/MO/Saint-Louis/4606-Wherry-Ave-63109/home/93753230,73.0,39.0,53.0
https://www.redfin.com/MO/Saint-Louis/2235-Missouri-Ave-63104/home/93690901,84.0,41.0,68.0
https://www.redfin.com/MO/Saint-Louis/2023-Sidney-St-63104/home/93671861,84.0,42.0,63.0
https://www.redfin.com/MO/Saint-Louis/5109-Cote-Brilliante-Ave-63113/home/93738127,61.0,41.0,51.0
https://www.redfin.com/MO/Saint-Louis/5052-Plover-Ave-63120/home/93759787,41.0,37.0,37.0
https://www.redfin.com/MO/Saint-Louis/8528-Riverview-Blvd-63147/home/62717280,39.0,38.0,41.0
https://www.redfin.com/MO/Saint-Louis/8508-Drury-Ln-63147/home/93732315,46.0,39.0,46.0
https://www.redfin.com/MO/Saint-Louis/8050-Morganford-Rd-63123/home/93784188,31.0,19.0,55.0
https://www.redfin.com/MO/Saint-Louis/1827-Kennett-Pl-63104/home/62712447,86.0,47.0,65.0
https://www.redfin.com/MO/Saint-Louis/11-Henrietta-Pl-63104/home/93700466,79.0,38.0,55.0
https://www.redfin.com/MO/Saint-Louis/4146-Concordia-Ave-63116/home/93770979,63.0,34.0,62.0
https://www.redfin.com/MO/Saint-Louis/4481-Vista-Ave-63110/home/93726085,71.0,44.0,78.0
https://www.redfin.com/MO/Saint-Louis/4025-Tholozan-Ave-63116/home/93728643,74.0,43.0,65.0
https://www.redfin.com/MO/Saint-Louis/4095-Concordia-Ave-63116/home/93761979,56.0,34.0,57.0
https://www.redfin.com/MO/Saint-Louis/5046-Enright-Ave-63108/home/93744589,82.0,43.0,54.0
https://www.redfin.com/MO/Saint-Louis/4275-E-Ashland-Ave-63115/home/93735095,59.0,40.0,45.0
https://www.redfin.com/MO/Saint-Louis/6609-Pennsylvania-Ave-63111/home/93681591,59.0,38.0,47.0
https://www.redfin.com/MO/Saint-Louis/3743-Palm-St-63107/home/93702207,71.0,44.0,62.0
https://www.redfin.com/MO/Saint-Louis/4315-Oregon-Ave-63111/home/93705764,71.0,39.0,55.0
https://www.redfin.com/MO/Saint-Louis/3725-Minnesota-Ave-63118/home/93695864,75.0,45.0,56.0
https://www.redfin.com/MO/Saint-Louis/4101-W-Pine-Blvd-63108/unit-2/home/187671438,74.0,55.0,70.0
https://www.redfin.com/MO/Saint-Louis/5716-Minnesota-Ave-63111/home/93708383,60.0,38.0,48.0
https://www.redfin.com/MO/Saint-Louis/1440-S-18th-St-63104/home/93689711,87.0,53.0,67.0
https://www.redfin.com/MO/Saint-Louis/4528-Pennsylvania-Ave-63111/home/93706541,57.0,39.0,51.0
https://www.redfin.com/MO/Saint-Louis/2633-Wyoming-St-63118/home/79160574,91.0,43.0,55.0
https://www.redfin.com/MO/Saint-Louis/2625-Armand-Pl-63104/home/93690833,85.0,40.0,62.0
https://www.redfin.com/MO/Saint-Louis/8784-N-Broadway-63147/home/93766301,36.0,48.0,54.0
https://www.redfin.com/MO/Saint-Louis/4862-San-Francisco-Ave-63115/home/93732725,71.0,41.0,48.0
https://www.redfin.com/MO/Saint-Louis/1212-Dolman-St-63104/home/62779976,86.0,58.0,65.0
https://www.redfin.com/MO/Saint-Louis/6214-Fyler-Ave-63139/home/93743114,65.0,33.0,65.0
https://www.redfin.com/MO/Saint-Louis/3125-Potomac-St-63118/home/93695053,87.0,46.0,61.0
https://www.redfin.com/MO/Saint-Louis/4903-Michigan-Ave-63111/home/93707643,64.0,39.0,49.0
https://www.redfin.com/MO/Saint-Louis/2129-E-Gano-Ave-63107/home/93712548,54.0,45.0,64.0
https://www.redfin.com/MO/Saint-Louis/3834-De-Tonty-St-63110/home/93760785,69.0,39.0,60.0
https://www.redfin.com/MO/Saint-Louis/3716-Carondelet-Blvd-63123/home/93712317,18.0,36.0,48.0
https://www.redfin.com/MO/Saint-Louis/8117-Reilly-Ave-63111/home/93711411,53.0,32.0,51.0
https://www.redfin.com/MO/Saint-Louis/6448-Clifton-Hills-Dr-63139/home/92910361,59.0,33.0,47.0
https://www.redfin.com/MO/Saint-Louis/3916-Nebraska-Ave-63118/home/93704270,72.0,44.0,57.0
https://www.redfin.com/MO/Saint-Louis/1422-McCausland-Ave-63117/home/93740571,61.0,30.0,54.0
https://www.redfin.com/MO/Saint-Louis/5915-Era-Ave-63147/home/93768913,65.0,40.0,54.0
https://www.redfin.com/MO/Saint-Louis/5909-Hampton-Ave-63109/home/169429165,76.0,35.0,53.0
https://www.redfin.com/MO/Saint-Louis/8516-Church-Rd-63147/home/93754422,62.0,39.0,45.0
https://www.redfin.com/MO/Saint-Louis/8922-Edna-St-63147/home/93731544,59.0,44.0,57.0
https://www.redfin.com/MO/Saint-Louis/3966-Lexington-Ave-63107/home/93753754,51.0,43.0,49.0
https://www.redfin.com/MO/Saint-Louis/4035-California-Ave-63118/home/93705019,77.0,43.0,60.0
https://www.redfin.com/MO/Saint-Louis/7617-Ivory-Ave-63111/home/93673560,82.0,40.0,72.0
https://www.redfin.com/MO/Saint-Louis/4627-Adkins-Ave-63116/home/93757025,77.0,38.0,71.0
https://www.redfin.com/MO/Saint-Louis/4822-Milentz-Ave-63116/home/93766469,75.0,38.0,58.0
https://www.redfin.com/MO/Saint-Louis/7426-S-Grand-Ave-63111/home/93710837,58.0,40.0,59.0
https://www.redfin.com/MO/Saint-Louis/5639-Bancroft-Ave-63109/home/62757593,76.0,38.0,57.0
https://www.redfin.com/MO/Saint-Louis/1387-Temple-Pl-63112/home/93722303,64.0,42.0,53.0
https://www.redfin.com/MO/Saint-Louis/1111-Forest-Ave-63139/home/93759915,59.0,32.0,74.0
https://www.redfin.com/MO/Saint-Louis/3208-N-Dakota-St-63111/home/93705940,73.0,41.0,56.0
https://www.redfin.com/MO/Saint-Louis/4311-Loughborough-Ave-63116/home/93771844,68.0,35.0,68.0
https://www.redfin.com/MO/Saint-Louis/5741-Floy-Ave-63136/home/93765383,65.0,39.0,51.0
https://www.redfin.com/MO/Saint-Louis/5254-Maple-Ave-63113/home/93710061,69.0,41.0,63.0
https://www.redfin.com/MO/Saint-Louis/4143-Peck-St-63107/home/93702871,70.0,46.0,63.0
https://www.redfin.com/MO/Saint-Louis/5542-Era-Ave-63136/home/93770051,60.0,39.0,53.0
https://www.redfin.com/MO/Saint-Louis/1312-Sullivan-Ave-63107/home/169424164,72.0,41.0,64.0
https://www.redfin.com/MO/Saint-Louis/5532-Lansdowne-Ave-63109/home/93752944,70.0,39.0,54.0
https://www.redfin.com/MO/Saint-Louis/3447-Dunnica-Ave-63118/home/62700025,83.0,47.0,57.0
https://www.redfin.com/MO/Saint-Louis/4604-Varrelmann-Ave-63116/home/62755287,77.0,38.0,71.0
https://www.redfin.com/MO/Saint-Louis/3119-Iowa-Ave-63118/home/93697147,87.0,42.0,62.0
https://www.redfin.com/MO/Saint-Louis/2907-Salena-St-63118/home/62747655,84.0,43.0,52.0
https://www.redfin.com/MO/Saint-Louis/2909-Minnesota-Ave-63118/home/93692124,78.0,44.0,71.0
https://www.redfin.com/MO/Saint-Louis/1405-Missouri-Ave-63104/home/93700552,83.0,41.0,66.0
https://www.redfin.com/MO/Saint-Louis/2715-Meramec-St-63118/home/93705047,76.0,41.0,59.0
https://www.redfin.com/MO/Saint-Louis/2350-Hickory-St-63104/home/93700618,79.0,46.0,63.0
https://www.redfin.com/MO/Saint-Louis/4634-Tyrolean-Ave-63116/home/93759225,71.0,39.0,66.0
https://www.redfin.com/MO/Saint-Louis/7204-Emilie-St-63143/home/93743144,62.0,30.0,63.0
https://www.redfin.com/MO/Saint-Louis/5807-Columbia-Ave-63139/home/93741629,83.0,33.0,58.0
https://www.redfin.com/MO/Saint-Louis/4735-Tennessee-Ave-63111/home/93707179,74.0,40.0,58.0
https://www.redfin.com/MO/Saint-Louis/3159-Nebraska-Ave-63118/home/93693209,86.0,44.0,66.0
https://www.redfin.com/MO/Saint-Louis/6481-Westway-Rd-63109/home/93782718,42.0,35.0,51.0
https://www.redfin.com/MO/Saint-Louis/3862-Neosho-St-63116/home/93730902,63.0,40.0,47.0
https://www.redfin.com/MO/Saint-Louis/1225-Mackay-Pl-63104/home/93701075,80.0,51.0,61.0
https://www.redfin.com/MO/Saint-Louis/5309-Lindenwood-Ave-63109/home/93781770,70.0,38.0,60.0
https://www.redfin.com/MO/Saint-Louis/4610-Leona-St-63116/home/93769637,64.0,39.0,45.0
https://www.redfin.com/MO/Saint-Louis/4317-Enright-Ave-63108/home/93739851,66.0,43.0,50.0
https://www.redfin.com/MO/Saint-Louis/7036-Canterbury-Ave-63143/home/169427487,56.0,30.0,56.0
https://www.redfin.com/MO/Saint-Louis/4717-Hannover-Ave-63123/home/93557427,44.0,,54.0
https://www.redfin.com/MO/Saint-Louis/4946-Margaretta-Ave-63115/home/93761329,69.0,40.0,48.0
https://www.redfin.com/MO/Saint-Louis/4616-S-38th-St-63116/home/93767578,65.0,41.0,40.0
https://www.redfin.com/MO/Saint-Louis/4238-Cleveland-Ave-63110/home/93746805,73.0,30.0,68.0
https://www.redfin.com/MO/Saint-Louis/6279-Magnolia-Ave-63139/home/93743624,55.0,33.0,58.0
https://www.redfin.com/MO/Saint-Louis/4069-Germania-St-63116/home/93784832,28.0,31.0,42.0
https://www.redfin.com/MO/Saint-Louis/2706-Osage-St-63118/home/63473643,77.0,42.0,59.0
https://www.redfin.com/MO/Saint-Louis/8946-Halls-Ferry-Rd-63147/home/93731503,64.0,44.0,54.0
https://www.redfin.com/MO/Saint-Louis/3100-Rolla-Pl-63115/home/93736126,50.0,41.0,43.0
https://www.redfin.com/MO/Saint-Louis/5601-Vernon-Ave-63112/home/93709977,43.0,45.0,48.0
https://www.redfin.com/MO/Saint-Louis/4669-Allemania-St-63116/home/93776458,39.0,40.0,46.0
https://www.redfin.com/MO/St-Louis/1920-Park-Ave-63104/home/186511117,87.0,54.0,69.0
https://www.redfin.com/MO/Saint-Louis/7136-Mardel-Ave-63109/home/93748002,26.0,49.0,57.0
https://www.redfin.com/MO/Saint-Louis/3618-Hydraulic-Ave-63116/home/93766185,81.0,45.0,62.0
https://www.redfin.com/MO/Saint-Louis/3238-Tennyson-Sq-63143/home/93751158,68.0,28.0,61.0
https://www.redfin.com/MO/Saint-Louis/853-Nassau-Dr-63147/home/93783366,41.0,47.0,46.0
https://www.redfin.com/MO/Saint-Louis/3732-Blair-Ave-63107/home/182003302,45.0,42.0,50.0
https://www.redfin.com/MO/Saint-Louis/4247-Cleveland-Ave-63110/home/93746897,73.0,30.0,68.0
https://www.redfin.com/MO/Saint-Louis/5638-Murdoch-Ave-63109/home/93753511,79.0,38.0,56.0
https://www.redfin.com/MO/Saint-Louis/3730-Blair-Ave-63107/home/93689327,45.0,42.0,50.0
https://www.redfin.com/MO/Saint-Louis/5022-Daggett-Ave-63110/home/185740444,81.0,33.0,72.0
https://www.redfin.com/MO/Saint-Louis/4066-Bates-St-63116/home/93761900,59.0,35.0,52.0
https://www.redfin.com/MO/St-Louis/2247-Gravois-Ave-63104/home/195989609,84.0,41.0,65.0
https://www.redfin.com/MO/Saint-Louis/6214-Oleatha-Ave-63139/home/93775350,77.0,38.0,65.0
https://www.redfin.com/MO/Saint-Louis/4202-E-Carter-Ave-63115/home/93714767,57.0,42.0,55.0
https://www.redfin.com/MO/Saint-Louis/5234-Morganford-Rd-63116/home/62743619,82.0,35.0,68.0
https://www.redfin.com/MO/Saint-Louis/4471-S-Spring-Ave-63116/home/93730980,57.0,41.0,48.0
https://www.redfin.com/MO/Saint-Louis/6608-Idaho-Ave-63111/home/93709882,53.0,41.0,58.0
https://www.redfin.com/MO/Saint-Louis/3808-Primm-St-63123/home/93785180,,,
https://www.redfin.com/MO/Saint-Louis/2021-Boardman-St-63110/home/173620190,81.0,33.0,
https://www.redfin.com/MO/Saint-Louis/4025-Lexington-Ave-63107/home/93753787,54.0,43.0,46.0
https://www.redfin.com/MO/Saint-Louis/1946-Arlington-Ave-63112/home/93738636,63.0,42.0,59.0
https://www.redfin.com/MO/Saint-Louis/2209-Edwards-St-63110/home/93727459,86.0,34.0,56.0
https://www.redfin.com/MO/Saint-Louis/5227-Ulena-Ave-63116/home/93757700,59.0,37.0,43.0
https://www.redfin.com/MO/Saint-Louis/2609-Macklind-Ave-63139/home/93727445,85.0,34.0,57.0
https://www.redfin.com/MO/Saint-Louis/5809-Pershing-Ave-63112/home/93762478,61.0,55.0,82.0
https://www.redfin.com/MO/Saint-Louis/7100-Idaho-Ave-63111/home/93710286,71.0,42.0,79.0
https://www.redfin.com/MO/Saint-Louis/3130-Russell-Blvd-63104/home/93690970,73.0,38.0,63.0
https://www.redfin.com/MO/Saint-Louis/3820-Shaw-Blvd-63110/home/93747197,69.0,39.0,61.0
https://www.redfin.com/MO/Saint-Louis/4246-N-Taylor-Ave-63115/home/93734461,52.0,42.0,34.0
https://www.redfin.com/MO/Saint-Louis/4112-W-Belle-Pl-63108/home/93745157,64.0,44.0,52.0
https://www.redfin.com/MO/Saint-Louis/7509-S-Grand-Ave-63111/home/93712219,58.0,40.0,59.0
https://www.redfin.com/MO/Saint-Louis/4845-Fountain-Ave-63113/home/93720369,79.0,44.0,53.0
https://www.redfin.com/MO/Saint-Louis/2810-Arlington-Ave-63120/home/93738400,62.0,41.0,40.0
https://www.redfin.com/MO/Saint-Louis/2222-S-12th-St-63104/home/62726504,87.0,40.0,57.0
https://www.redfin.com/MO/Saint-Louis/7826-Carlsbad-Dr-63123/home/64336757,25.0,37.0,59.0
https://www.redfin.com/MO/Saint-Louis/4525-Page-Blvd-63113/home/66080626,,,
https://www.redfin.com/MO/Saint-Louis/4985-Loughborough-Ave-63109/home/62748010,66.0,40.0,51.0
https://www.redfin.com/MO/Saint-Louis/6922-Magnolia-Ave-63143/home/93743673,,,
https://www.redfin.com/MO/Saint-Louis/1347-Graham-St-63139/home/62738008,78.0,34.0,48.0
https://www.redfin.com/MO/Saint-Louis/4413-Olive-St-63108/home/93739919,76.0,44.0,57.0
https://www.redfin.com/MO/Saint-Louis/3208-Henrietta-St-63104/home/169424254,60.0,39.0,47.0
https://www.redfin.com/MO/Saint-Louis/5730-Clemens-Ave-63112/home/93672371,57.0,49.0,50.0
https://www.redfin.com/MO/Saint-Louis/3649-Wisconsin-Ave-63118/home/103204410,77.0,40.0,57.0
https://www.redfin.com/MO/Saint-Louis/2034-Ann-Ave-63104/home/93691275,81.0,41.0,71.0
https://www.redfin.com/MO/Saint-Louis/2115-Cherokee-St-63118/home/93694018,92.0,42.0,56.0
https://www.redfin.com/MO/Saint-Louis/1113-Washington-Ave-63101/unit-607/home/93676722,95.0,64.0,56.0
https://www.redfin.com/MO/Saint-Louis/6928-Minnesota-Ave-63111/home/93710123,76.0,40.0,70.0
https://www.redfin.com/MO/Saint-Louis/2326-Park-Ave-63104/home/93700520,83.0,41.0,66.0
https://www.redfin.com/MO/Saint-Louis/5530-Columbia-Ave-63139/home/93727282,84.0,33.0,55.0
https://www.redfin.com/MO/Saint-Louis/4615-Maryland-Ave-63108/home/93724743,87.0,44.0,63.0
https://www.redfin.com/MO/Saint-Louis/2806-Keokuk-St-63118/home/93704247,74.0,43.0,59.0
https://www.redfin.com/MO/Saint-Louis/1925-Pestalozzi-St-63118/home/93691642,84.0,42.0,52.0
https://www.redfin.com/MO/Saint-Louis/8738-Partridge-Ave-63147/home/93779453,53.0,40.0,49.0
https://www.redfin.com/MO/Saint-Louis/3939-Itaska-St-63116/home/93769642,,,
https://www.redfin.com/MO/Saint-Louis/2721-Watson-Rd-63139/home/93773015,75.0,31.0,71.0
https://www.redfin.com/MO/Saint-Louis/2139-Sidney-St-63104/home/103204375,86.0,42.0,62.0
https://www.redfin.com/MO/Saint-Louis/4762-Plover-Ave-63120/home/93761810,26.0,35.0,37.0
https://www.redfin.com/MO/Saint-Louis/10211-Lookaway-Dr-63137/home/93779439,25.0,25.0,22.0
https://www.redfin.com/MO/Saint-Louis/948-Harlan-Ave-63147/home/93759860,46.0,46.0,48.0
https://www.redfin.com/MO/Saint-Louis/3325-Park-Ave-63104/home/93700900,54.0,39.0,49.0
https://www.redfin.com/MO/Saint-Louis/2862-Indiana-Ave-63118/home/143286489,87.0,42.0,56.0
https://www.redfin.com/MO/Saint-Louis/6201-Winona-Ave-63109/home/93782126,86.0,39.0,68.0
https://www.redfin.com/MO/Saint-Louis/2300-Saint-Louis-Ave-63106/home/93687965,61.0,44.0,56.0
https://www.redfin.com/MO/Saint-Louis/4486-Laclede-Ave-63108/unit-4486/home/93671100,80.0,59.0,65.0
https://www.redfin.com/MO/Saint-Louis/3204-Liberty-St-63111/home/93707108,66.0,40.0,49.0
https://www.redfin.com/MO/Saint-Louis/5339-Shaw-Ave-63110/home/93726863,81.0,34.0,55.0
https://www.redfin.com/MO/Saint-Louis/6165-Laura-Ave-63136/home/93762305,48.0,36.0,49.0
https://www.redfin.com/MO/Saint-Louis/4246-Botanical-Ave-63110/home/93672487,71.0,34.0,71.0
https://www.redfin.com/MO/Saint-Louis/6124-Marwinette-Ave-63116/home/93773762,49.0,34.0,64.0
https://www.redfin.com/MO/Saint-Louis/3522-Wisconsin-Ave-63118/home/62690727,89.0,41.0,62.0
https://www.redfin.com/MO/Saint-Louis/814-Wall-St-63147/home/93761143,51.0,45.0,47.0
https://www.redfin.com/MO/Saint-Louis/4068-Wilmington-Ave-63116/home/93770834,51.0,34.0,59.0
https://www.redfin.com/MO/Saint-Louis/2936-Greer-Ave-63107/home/93754589,68.0,44.0,61.0
https://www.redfin.com/MO/Saint-Louis/2131-McCausland-Ave-63143/home/93744169,78.0,30.0,65.0
https://www.redfin.com/MO/Saint-Louis/4632-Maryland-Ave-63108/home/93724535,89.0,44.0,65.0
https://www.redfin.com/MO/Saint-Louis/105-River-City-Blvd-63125/home/93712194,,,
https://www.redfin.com/MO/Saint-Louis/6737-Odell-St-63139/home/93743861,46.0,32.0,55.0
https://www.redfin.com/MO/Saint-Louis/2916-Hereford-St-63139/home/93727841,75.0,32.0,59.0
https://www.redfin.com/MO/Saint-Louis/5950-Lalite-Ave-63136/home/93758755,46.0,37.0,54.0
https://www.redfin.com/MO/Saint-Louis/3615-Nebraska-Ave-63118/home/93696375,83.0,46.0,54.0
https://www.redfin.com/MO/Saint-Louis/3220-Itaska-St-63111/home/62766259,69.0,40.0,48.0
https://www.redfin.com/MO/Saint-Louis/4431-Vista-Ave-63110/home/93726100,79.0,45.0,80.0
https://www.redfin.com/MO/Saint-Louis/3004-Indiana-Ave-63118/home/62756058,87.0,43.0,55.0
https://www.redfin.com/MO/Saint-Louis/4747-Ray-Ave-63116/home/93768345,75.0,37.0,62.0
https://www.redfin.com/MO/Saint-Louis/423-Christian-Ave-63147/home/93754312,53.0,29.0,49.0
https://www.redfin.com/MO/Saint-Louis/1721-Lafayette-Ave-63104/home/93689721,85.0,49.0,62.0
https://www.redfin.com/MO/Saint-Louis/5341-Goodfellow-Blvd-63136/home/93745621,51.0,38.0,48.0
https://www.redfin.com/MO/Saint-Louis/3017-Osage-St-63118/home/93704370,73.0,45.0,51.0
https://www.redfin.com/MO/Saint-Louis/3938-Nebraska-Ave-63118/home/93704261,72.0,44.0,57.0
https://www.redfin.com/MO/Saint-Louis/3744-Illinois-Ave-63118/home/93696920,78.0,40.0,51.0
https://www.redfin.com/MO/Saint-Louis/6659-Pernod-Ave-63139/home/93778944,54.0,42.0,44.0
https://www.redfin.com/MO/Saint-Louis/4141-Bowen-St-63116/home/93776391,63.0,34.0,65.0
https://www.redfin.com/MO/Saint-Louis/2219-Edwards-St-63110/home/93727463,86.0,34.0,56.0
https://www.redfin.com/MO/Saint-Louis/4614-Varrelmann-Ave-63116/home/93757033,77.0,38.0,71.0
https://www.redfin.com/MO/Saint-Louis/5307-Ruskin-Ave-63115/home/93684066,38.0,40.0,42.0
https://www.redfin.com/MO/Saint-Louis/4355-Osceola-St-63116/home/93772008,79.0,40.0,65.0
https://www.redfin.com/MO/Saint-Louis/5436-Holly-Hills-Ave-63109/home/93771509,68.0,39.0,46.0
https://www.redfin.com/MO/Saint-Louis/6911-Wise-Ave-63139/home/62725421,65.0,31.0,63.0
https://www.redfin.com/MO/Saint-Louis/4429-Vista-Ave-63110/home/93726101,79.0,45.0,80.0
https://www.redfin.com/MO/Saint-Louis/3022-Wyoming-St-63118/home/93693610,88.0,45.0,70.0
https://www.redfin.com/MO/Saint-Louis/4521-Tholozan-Ave-63116/home/93756351,78.0,40.0,52.0
https://www.redfin.com/MO/Saint-Louis/4126-Page-Blvd-63113/home/93719234,66.0,44.0,55.0
https://www.redfin.com/MO/Saint-Louis/1132-Washington-Ave-63101/unit-501/home/93677570,96.0,65.0,57.0
https://www.redfin.com/MO/Saint-Louis/2924-McNair-Ave-63118/home/143286569,86.0,43.0,51.0
https://www.redfin.com/MO/Saint-Louis/1552-Switzer-Ave-63147/home/93732283,40.0,40.0,46.0
https://www.redfin.com/MO/Saint-Louis/4728-Hammett-Pl-63113/home/64245033,59.0,42.0,53.0
https://www.redfin.com/MO/Saint-Louis/1844-Russell-Blvd-63104/home/63123378,82.0,41.0,65.0
https://www.redfin.com/MO/Saint-Louis/2016-Schaeffer-Pl-63139/home/93741312,62.0,30.0,48.0
https://www.redfin.com/MO/Saint-Louis/4532-Ray-Ave-63116/home/93755927,70.0,39.0,59.0
https://www.redfin.com/MO/Saint-Louis/4451-Washington-Blvd-63108/home/93720058,76.0,44.0,54.0
https://www.redfin.com/MO/Saint-Louis/3555-S-Spring-Ave-63116/home/93730508,86.0,46.0,59.0
https://www.redfin.com/MO/Saint-Louis/5301-Loughborough-Ave-63109/home/93774361,66.0,40.0,51.0
https://www.redfin.com/MO/Saint-Louis/3521-Kingsland-Ct-63111/home/93705438,79.0,44.0,50.0
https://www.redfin.com/MO/Saint-Louis/6012-Clemens-Ave-63112/home/93739280,81.0,52.0,55.0
https://www.redfin.com/MO/Saint-Louis/8553-Mora-Ln-63147/home/93732436,45.0,40.0,46.0
https://www.redfin.com/MO/Saint-Louis/3830-Ohio-Ave-63118/home/93696557,82.0,39.0,59.0
https://www.redfin.com/MO/Saint-Louis/5335-Shaw-Ave-63110/home/93726864,81.0,34.0,55.0
https://www.redfin.com/MO/Saint-Louis/3436-Minnesota-Ave-63118/home/93694953,89.0,46.0,54.0
https://www.redfin.com/MO/Saint-Louis/2614-Bennett-Ct-63139/home/62732436,59.0,33.0,47.0
https://www.redfin.com/MO/Saint-Louis/4740-Alaska-Ave-63111/home/93707280,73.0,41.0,54.0
https://www.redfin.com/MO/Saint-Louis/4648-S-Compton-Ave-63111/home/62733822,67.0,40.0,52.0
https://www.redfin.com/MO/Saint-Louis/5319-N-Kingshighway-Blvd-63115/home/93752088,31.0,40.0,41.0
https://www.redfin.com/MO/Saint-Louis/5124-Lotus-Ave-63113/home/93738014,61.0,41.0,51.0
https://www.redfin.com/MO/Saint-Louis/4607-Lee-Ave-63115/home/93734198,57.0,40.0,38.0
https://www.redfin.com/MO/Saint-Louis/4239-Neosho-St-63116/home/93772457,80.0,39.0,71.0
https://www.redfin.com/MO/Saint-Louis/3720-Comstock-Dr-63125/home/93712282,24.0,29.0,45.0
https://www.redfin.com/MO/Saint-Louis/6046-Mardel-Ave-63109/home/93785420,84.0,38.0,66.0
https://www.redfin.com/MO/Saint-Louis/1547-Hornsby-Ave-63147/home/93731773,56.0,42.0,59.0
https://www.redfin.com/MO/Saint-Louis/3546-Bamberger-Ave-63116/home/93730427,84.0,46.0,60.0
https://www.redfin.com/MO/Saint-Louis/3860-Blow-St-63116/home/93676866,41.0,34.0,59.0
https://www.redfin.com/MO/Saint-Louis/2035-Ann-Ave-63104/home/90358855,81.0,41.0,71.0
https://www.redfin.com/MO/Saint-Louis/2739-Allen-Ave-63104/home/103203640,80.0,39.0,59.0
https://www.redfin.com/MO/Saint-Louis/3458-Utah-St-63118/home/93683402,88.0,46.0,74.0
https://www.redfin.com/MO/Saint-Louis/5736-Goethe-Ave-63109/home/62757055,76.0,36.0,51.0
https://www.redfin.com/MO/Saint-Louis/4244-Olive-St-63108/home/62713382,74.0,43.0,61.0
https://www.redfin.com/MO/Saint-Louis/3824-Berger-Ave-63109/home/93779112,49.0,47.0,55.0
https://www.redfin.com/MO/Saint-Louis/5847-Hampton-Ave-63109/home/93777692,76.0,35.0,53.0
https://www.redfin.com/MO/Saint-Louis/4930-Botanical-Ave-63110/home/93744339,75.0,32.0,72.0
https://www.redfin.com/MO/Saint-Louis/5608-Murdoch-Ave-63109/home/93753513,77.0,38.0,55.0
https://www.redfin.com/MO/Saint-Louis/5110-Southwest-Ave-63110/home/93743955,81.0,32.0,68.0
https://www.redfin.com/MO/Saint-Louis/4935-Robert-Ave-63109/home/93771052,61.0,41.0,58.0
https://www.redfin.com/MO/Saint-Louis/4004-Walsh-St-63116/home/62709374,68.0,35.0,46.0
https://www.redfin.com/MO/Saint-Louis/4324-Virginia-Ave-63111/home/93705835,79.0,44.0,48.0
https://www.redfin.com/MO/Saint-Louis/3543-Nebraska-Ave-63118/home/93694799,85.0,45.0,49.0
https://www.redfin.com/MO/Saint-Louis/5308-Wilson-Ave-63110/home/93726811,86.0,34.0,56.0
https://www.redfin.com/MO/Saint-Louis/3907-Delor-St-63116/home/93750314,66.0,37.0,43.0
https://www.redfin.com/MO/Saint-Louis/3021-Henrietta-St-63104/home/93700423,66.0,38.0,47.0
https://www.redfin.com/MO/Saint-Louis/3323-Iowa-Ave-63118/home/93693780,92.0,43.0,57.0
https://www.redfin.com/MO/Saint-Louis/3870-Utah-Pl-63116/home/93684326,76.0,44.0,61.0
https://www.redfin.com/MO/Saint-Louis/4132-Hartford-St-63116/home/93749859,77.0,34.0,65.0
https://www.redfin.com/MO/Saint-Louis/3521-Salena-St-63118/home/93694483,87.0,40.0,61.0
https://www.redfin.com/MO/Saint-Louis/8316-Pennsylvania-Ave-63111/home/93711893,70.0,34.0,55.0
https://www.redfin.com/MO/Saint-Louis/4081-Bowen-St-63116/home/93770847,54.0,34.0,63.0
https://www.redfin.com/MO/Saint-Louis/5418-Elizabeth-Ave-63110/home/93771692,84.0,34.0,53.0
https://www.redfin.com/MO/Saint-Louis/2215-Hickory-St-63104/home/181866117,79.0,54.0,56.0
https://www.redfin.com/MO/Saint-Louis/3104-Providence-Pl-63111/home/93705550,77.0,43.0,52.0
https://www.redfin.com/MO/Saint-Louis/6553-Winnebago-St-63109/home/93775084,71.0,41.0,59.0
https://www.redfin.com/MO/Saint-Louis/3312-Saint-Vincent-Ave-63104/home/93684665,57.0,40.0,48.0
https://www.redfin.com/MO/Saint-Louis/5454-Daggett-Ave-63110/home/93726961,78.0,34.0,53.0
https://www.redfin.com/MO/Saint-Louis/3464-Macklind-Ave-63139/home/93742653,62.0,38.0,57.0
https://www.redfin.com/MO/Saint-Louis/4734-Ashland-Ct-63115/home/93735908,66.0,41.0,45.0
https://www.redfin.com/MO/Saint-Louis/4146-Holly-Hills-Blvd-63116/home/93777900,69.0,34.0,70.0
https://www.redfin.com/MO/Saint-Louis/6570-Winnebago-St-63109/home/62723302,69.0,43.0,51.0
https://www.redfin.com/MO/Saint-Louis/6544-Neosho-St-63109/home/93779566,69.0,44.0,59.0
https://www.redfin.com/MO/Saint-Louis/6707-Alexander-St-63116/home/93778191,62.0,35.0,69.0
https://www.redfin.com/MO/Saint-Louis/2017-Ann-Ave-63104/home/62751523,81.0,41.0,71.0
https://www.redfin.com/MO/Saint-Louis/4066-Wyoming-St-63116/home/93729621,69.0,40.0,59.0
https://www.redfin.com/MO/Saint-Louis/1341-McCausland-Ave-63117/home/93740205,60.0,30.0,54.0
https://www.redfin.com/MO/Saint-Louis/4711-Penrose-St-63115/home/93733481,52.0,40.0,41.0
https://www.redfin.com/MO/St-Louis/319-Rosedale-Ave-63112/unit-1/home/176133661,72.0,56.0,81.0
https://www.redfin.com/MO/Saint-Louis/3405-Itaska-St-63111/home/93707213,73.0,41.0,55.0
https://www.redfin.com/MO/Saint-Louis/6127-Lucille-Ave-63136/home/93745310,54.0,38.0,50.0
https://www.redfin.com/MO/Saint-Louis/3706-Connecticut-St-63116/home/93700052,82.0,44.0,74.0
https://www.redfin.com/MO/Saint-Louis/5328-Nagel-Ave-63109/home/93771168,55.0,40.0,51.0
https://www.redfin.com/MO/Saint-Louis/6520-Morganford-Rd-63116/home/93777994,68.0,34.0,69.0
https://www.redfin.com/MO/Saint-Louis/4416-Arsenal-St-63116/home/93748621,76.0,32.0,66.0
https://www.redfin.com/MO/Saint-Louis/5612-Eichelberger-St-63109/home/62748530,75.0,38.0,50.0
https://www.redfin.com/MO/Saint-Louis/2222-Macklind-Ave-63110/home/93727457,84.0,34.0,52.0
https://www.redfin.com/MO/Saint-Louis/1927-Pestalozzi-St-63118/home/93691639,84.0,42.0,52.0
https://www.redfin.com/MO/Saint-Louis/1127-Kentucky-Ave-63110/home/93726592,88.0,53.0,76.0
https://www.redfin.com/MO/Saint-Louis/7000-Plainview-Ave-63109/home/93781227,60.0,49.0,63.0
https://www.redfin.com/MO/Saint-Louis/3139-Cherokee-St-63118/home/93693525,88.0,46.0,63.0
https://www.redfin.com/MO/Saint-Louis/2117-Lilly-Ave-63110/home/93682766,76.0,34.0,47.0
https://www.redfin.com/MO/Saint-Louis/4725-Hummel-Ave-63116/home/93763383,73.0,38.0,63.0
https://www.redfin.com/MO/Saint-Louis/7425-Dianthan-Ln-63116/home/93784368,37.0,33.0,51.0
https://www.redfin.com/MO/Saint-Louis/5753-Park-Ln-63147/home/93770361,66.0,38.0,58.0
https://www.redfin.com/MO/Saint-Louis/5722-Itaska-St-63109/home/66023969,82.0,37.0,52.0
https://www.redfin.com/MO/Saint-Louis/1906-California-Ave-63104/home/93690259,80.0,39.0,59.0
https://www.redfin.com/MO/Saint-Louis/4996-Parker-Ave-63139/home/93776991,71.0,36.0,52.0
https://www.redfin.com/MO/Saint-Louis/7911-Pennsylvania-Ave-63111/home/93711283,78.0,35.0,60.0
https://www.redfin.com/MO/Saint-Louis/5025-Rosa-Ave-63109/home/93765422,72.0,39.0,56.0
https://www.redfin.com/MO/Saint-Louis/5131-Shaw-Ave-63110/home/93728109,82.0,33.0,68.0
https://www.redfin.com/MO/Saint-Louis/4230-Olive-St-63108/home/93673833,74.0,43.0,61.0
https://www.redfin.com/MO/Saint-Louis/5264-Oleatha-Ave-63139/home/93777445,60.0,38.0,49.0
https://www.redfin.com/MO/Saint-Louis/6566-Dale-Ave-63139/home/93740987,67.0,33.0,43.0
https://www.redfin.com/MO/Saint-Louis/8650-Oriole-Ave-63147/home/93731158,52.0,38.0,42.0
https://www.redfin.com/MO/Saint-Louis/1900-Belt-Ave-63112/home/93738942,63.0,42.0,55.0
https://www.redfin.com/MO/Saint-Louis/6727-W-Park-Ave-63139/home/93765773,62.0,32.0,54.0
https://www.redfin.com/MO/Saint-Louis/5504-Neosho-St-63109/home/62736585,77.0,38.0,52.0
https://www.redfin.com/MO/Saint-Louis/5549-Mardel-Ave-63109/home/62724919,76.0,38.0,57.0
https://www.redfin.com/MO/Saint-Louis/2867-Salena-St-63118/home/93691632,84.0,43.0,52.0
https://www.redfin.com/MO/Saint-Louis/6251-Loughborough-Ave-63109/home/93783930,56.0,33.0,59.0
https://www.redfin.com/MO/Saint-Louis/3194-Portis-Ave-63116/home/93748575,77.0,32.0,61.0
https://www.redfin.com/MO/Saint-Louis/1838-Kennett-Pl-63104/home/62756056,86.0,47.0,65.0
https://www.redfin.com/MO/Saint-Louis/6402-Lansdowne-Ave-63109/home/93779783,79.0,40.0,67.0
https://www.redfin.com/MO/Saint-Louis/4330-Vista-Ave-63110/home/176875186,77.0,46.0,79.0
https://www.redfin.com/MO/Saint-Louis/6700-Marquette-Ave-63139/home/93778817,59.0,39.0,47.0
https://www.redfin.com/MO/Saint-Louis/4027-Darby-St-63120/home/93731984,61.0,37.0,48.0
https://www.redfin.com/MO/Saint-Louis/6609-Marquette-Ave-63139/home/93748858,62.0,38.0,51.0
https://www.redfin.com/MO/Saint-Louis/5625-S-Magnolia-Ave-63139/home/93682759,82.0,32.0,62.0
https://www.redfin.com/MO/Saint-Louis/1421-Dodier-St-63107/home/93688954,73.0,41.0,63.0
https://www.redfin.com/MO/Saint-Louis/2601-N-Sarah-St-63113/home/93717223,60.0,43.0,51.0
https://www.redfin.com/MO/Saint-Louis/3540-Vista-Ave-63104/home/93689878,52.0,39.0,59.0
https://www.redfin.com/MO/Saint-Louis/3129-Keokuk-St-63118/unit-3129/home/93695771,75.0,46.0,51.0
https://www.redfin.com/MO/Saint-Louis/6415-Clifton-Hills-Dr-63139/home/62769033,57.0,33.0,51.0
https://www.redfin.com/MO/Saint-Louis/5725-Goener-Ave-63116/home/62751882,76.0,35.0,73.0
https://www.redfin.com/MO/Saint-Louis/2621-Sublette-Ave-63139/home/64113223,85.0,34.0,54.0
https://www.redfin.com/MO/Saint-Louis/3209-Winnebago-St-63118/home/93695647,82.0,47.0,53.0
https://www.redfin.com/MO/Saint-Louis/6916-Dale-Ave-63139/home/93740573,57.0,30.0,45.0
https://www.redfin.com/MO/St-Louis/4319-Beck-Ave-63116/home/198547429,70.0,40.0,64.0
https://www.redfin.com/MO/Saint-Louis/3869-Germania-St-63116/home/93785313,26.0,30.0,47.0
https://www.redfin.com/MO/Saint-Louis/7041-Plainview-Ave-63109/home/93774124,57.0,50.0,59.0
https://www.redfin.com/MO/Saint-Louis/7062-Sutherland-Ave-63109/home/93774065,52.0,50.0,59.0
https://www.redfin.com/MO/Saint-Louis/6951-Alabama-Ave-63111/home/93710331,71.0,42.0,79.0
https://www.redfin.com/MO/Saint-Louis/4014-Humphrey-St-63116/home/93729359,72.0,41.0,67.0
https://www.redfin.com/MO/Saint-Louis/4512-Minnesota-Ave-63111/home/93706232,57.0,39.0,54.0
https://www.redfin.com/MO/Saint-Louis/1928-Arsenal-St-63118/home/93699329,78.0,42.0,52.0
https://www.redfin.com/MO/Saint-Louis/6431-Oleatha-Ave-63139/home/93775197,74.0,39.0,66.0
https://www.redfin.com/MO/Saint-Louis/5220-Chouteaus-Bluff-Dr-63111/home/93680196,33.0,34.0,20.0
https://www.redfin.com/MO/Saint-Louis/5214-Chouteaus-Bluff-Dr-63111/home/93680191,33.0,34.0,20.0
https://www.redfin.com/MO/Saint-Louis/3014-Iowa-Ave-63118/home/93699172,85.0,42.0,61.0
https://www.redfin.com/MO/Saint-Louis/9836-Parkway-Dr-63137/home/62709631,4.0,23.0,43.0
https://www.redfin.com/MO/Saint-Louis/3704-Hebert-St-63107/home/93702145,70.0,44.0,63.0
https://www.redfin.com/MO/Saint-Louis/3702-Hebert-St-63107/home/187273178,,,
https://www.redfin.com/MO/Saint-Louis/9983-Riverview-Dr-63137/home/93768277,10.0,24.0,38.0
https://www.redfin.com/MO/Saint-Louis/3910-Walsh-St-63116/home/93757710,63.0,36.0,42.0
https://www.redfin.com/MO/Saint-Louis/3622-Flad-Ave-63110/home/93700192,80.0,38.0,74.0
https://www.redfin.com/MO/Saint-Louis/4370-Taft-Ave-63116/home/93764771,78.0,40.0,64.0
https://www.redfin.com/MO/Saint-Louis/1824-Allen-Ave-63104/home/93690393,82.0,41.0,57.0
https://www.redfin.com/MO/Saint-Louis/5435-Murdoch-Ave-63109/home/62718045,73.0,39.0,53.0
https://www.redfin.com/MO/Saint-Louis/4224-Grace-Ave-63116/home/93705348,81.0,44.0,53.0
https://www.redfin.com/MO/Saint-Louis/5-Homeland-Pl-63109/home/93782658,48.0,37.0,52.0
https://www.redfin.com/MO/Saint-Louis/5337-Lindell-Blvd-63112/home/93723617,43.0,53.0,79.0
https://www.redfin.com/MO/Saint-Louis/3339-Nebraska-Ave-63118/home/178781919,90.0,45.0,60.0
https://www.redfin.com/MO/Saint-Louis/6515-Minnesota-Ave-63111/home/93709693,61.0,39.0,53.0
https://www.redfin.com/MO/Saint-Louis/5405-S-Compton-Ave-63111/home/93708160,65.0,39.0,54.0
https://www.redfin.com/MO/Saint-Louis/9840-Parkway-Dr-63137/home/93768249,3.0,24.0,29.0
https://www.redfin.com/MO/Saint-Louis/3-Homeland-Pl-63109/home/93782664,37.0,35.0,49.0
https://www.redfin.com/MO/Saint-Louis/3937-Illinois-Ave-63118/home/93704204,74.0,39.0,49.0
https://www.redfin.com/MO/Saint-Louis/9834-Rivermont-Dr-63137/home/93381141,5.0,,34.0
https://www.redfin.com/MO/Saint-Louis/6204-Waterman-Ave-63130/home/93760104,80.0,55.0,82.0
https://www.redfin.com/MO/Saint-Louis/5010-Daggett-Ave-63110/home/173620186,79.0,33.0,75.0
https://www.redfin.com/MO/Saint-Louis/6255-Simpson-Ave-63139/home/93743602,60.0,33.0,46.0
https://www.redfin.com/MO/Saint-Louis/6177-Lucille-Ave-63136/home/93745295,51.0,38.0,48.0
https://www.redfin.com/MO/Saint-Louis/701-Valley-Dr-63137/home/93768267,5.0,,29.0
https://www.redfin.com/MO/Saint-Louis/6005-Bishops-Pl-63109/home/93782873,43.0,30.0,56.0
https://www.redfin.com/MO/Saint-Louis/4144-Flad-Ave-63110/home/93746501,76.0,29.0,70.0
https://www.redfin.com/MO/Saint-Louis/714-Lookout-Dr-63137/home/62688666,2.0,23.0,24.0
https://www.redfin.com/MO/Saint-Louis/9705-Riverview-Dr-63137/home/93768348,2.0,23.0,24.0
https://www.redfin.com/MO/Saint-Louis/9749-Riverview-Dr-63137/home/93768265,2.0,23.0,24.0
https://www.redfin.com/MO/Saint-Louis/10001-Riverview-Dr-63137/home/93768298,10.0,24.0,38.0
https://www.redfin.com/MO/Saint-Louis/6425-Kinsey-Pl-63109/home/93782766,60.0,35.0,46.0
https://www.redfin.com/MO/Saint-Louis/10277-Lookaway-Dr-63137/home/93779419,29.0,,26.0
https://www.redfin.com/MO/Saint-Louis/10257-Lookaway-Dr-63137/home/93779415,25.0,25.0,22.0
https://www.redfin.com/MO/Saint-Louis/7018-Plateau-Ave-63117/home/84264369,58.0,30.0,41.0
https://www.redfin.com/MO/Saint-Louis/6024-W-Cabanne-Pl-63112/home/93739665,44.0,51.0,48.0
https://www.redfin.com/MO/Saint-Louis/6725-Eichelberger-St-63109/home/93781410,52.0,39.0,54.0
https://www.redfin.com/MO/Saint-Louis/11-Willmore-Rd-63109/home/62742674,43.0,37.0,51.0
https://www.redfin.com/MO/Saint-Louis/3534-Hawthorne-Blvd-63104/home/93691152,80.0,38.0,75.0
https://www.redfin.com/MO/Saint-Louis/5015-Lindell-Blvd-63108/home/93745437,86.0,43.0,70.0
https://www.redfin.com/MO/Saint-Louis/5405-Bartmer-Ave-63112/home/93745005,42.0,41.0,55.0
https://www.redfin.com/MO/St-Louis/801-S-Skinker-Blvd-63105/unit-12D/home/148670985,73.0,36.0,81.0
https://www.redfin.com/MO/St-Louis/801-S-Skinker-Blvd-63105/unit-4B/home/62749080,73.0,36.0,81.0
https://www.redfin.com/MO/Saint-Louis/9910-Parkway-Dr-63137/home/93768246,3.0,24.0,29.0
https://www.redfin.com/MO/Saint-Louis/6250-Westminster-Pl-63130/home/93760182,88.0,55.0,72.0
https://www.redfin.com/MO/Saint-Louis/705-Jeffrey-Dr-63137/home/93768251,5.0,,34.0
https://www.redfin.com/MO/Saint-Louis/5100-Kingwood-Dr-63123/home/93783032,61.0,44.0,64.0
https://www.redfin.com/MO/Saint-Louis/243-Woodbourne-Dr-63105/home/93771925,52.0,45.0,80.0
https://www.redfin.com/MO/Saint-Louis/9810-Jeffrey-Dr-63137/home/93382669,5.0,,34.0
https://www.redfin.com/MO/Saint-Louis/5800-Clemens-Ave-63112/home/93671165,62.0,50.0,55.0
https://www.redfin.com/MO/Saint-Louis/1711-N-Taylor-Ave-63113/home/93718823,63.0,42.0,57.0
https://www.redfin.com/MO/Saint-Louis/3154-Longfellow-Blvd-63104/home/93691046,73.0,38.0,63.0
https://www.redfin.com/MO/Saint-Louis/1339-Kraft-St-63139/home/87131674,58.0,32.0,44.0
https://www.redfin.com/MO/Saint-Louis/6566-Southwest-Ave-63139/home/93743731,54.0,33.0,50.0
https://www.redfin.com/MO/Saint-Louis/6731-Fyler-Ave-63139/home/93741889,54.0,32.0,54.0
https://www.redfin.com/MO/Saint-Louis/4352-Schirmer-St-63116/home/93783613,35.0,37.0,51.0
https://www.redfin.com/MO/Saint-Louis/3140-Russell-Blvd-63104/home/76424599,73.0,38.0,63.0
https://www.redfin.com/MO/St-Louis/5911-Dale-Ave-63110/home/169433889,72.0,34.0,40.0
https://www.redfin.com/MO/Saint-Louis/5211-Washington-Pl-63108/home/93749433,76.0,47.0,63.0
https://www.redfin.com/MO/Saint-Louis/5352-Maple-Ave-63112/home/93709914,62.0,41.0,57.0
https://www.redfin.com/MO/Saint-Louis/4007-Blow-St-63116/home/93785744,51.0,33.0,62.0
https://www.redfin.com/MO/Saint-Louis/3-Willmore-Rd-63109/home/93782564,43.0,37.0,51.0
https://www.redfin.com/MO/Saint-Louis/6635-Fyler-Ave-63139/home/66023426,58.0,33.0,58.0
https://www.redfin.com/MO/Saint-Louis/64-Willmore-Rd-63109/home/93782705,30.0,29.0,51.0
https://www.redfin.com/MO/Saint-Louis/5879-Cabanne-Ave-63112/home/93723928,63.0,50.0,51.0
https://www.redfin.com/MO/Saint-Louis/8936-Gateland-Ave-63136/home/93404534,53.0,,50.0
https://www.redfin.com/MO/Saint-Louis/85-Willmore-Rd-63109/home/93782630,38.0,30.0,59.0
https://www.redfin.com/MO/Saint-Louis/7131-Sutherland-Ave-63109/home/93749222,36.0,50.0,45.0
https://www.redfin.com/MO/Saint-Louis/7096-Tholozan-Ave-63109/home/93747878,28.0,47.0,53.0
https://www.redfin.com/MO/Saint-Louis/6208-Pershing-Ave-63130/home/93760144,77.0,54.0,77.0
https://www.redfin.com/MO/Saint-Louis/59-Willmore-Rd-63109/home/93782645,25.0,28.0,44.0
https://www.redfin.com/MO/Saint-Louis/7857-Adkins-Ave-63123/home/93784232,33.0,33.0,55.0
https://www.redfin.com/MO/Saint-Louis/2902-Ellendale-Ave-63143/home/93743197,78.0,30.0,67.0
https://www.redfin.com/MO/Saint-Louis/6419-Clifton-Ave-63109/home/93782826,56.0,33.0,59.0
https://www.redfin.com/MO/Saint-Louis/3233-Hawthorne-Blvd-63104/home/93748586,77.0,42.0,72.0
https://www.redfin.com/MO/Saint-Louis/2750-Ellendale-Ave-63143/home/93743196,78.0,30.0,67.0
https://www.redfin.com/MO/Saint-Louis/6027-Guilford-Pl-63109/home/93782639,25.0,29.0,54.0
https://www.redfin.com/MO/Saint-Louis/5820-Lansdowne-Ave-63109/home/93769134,85.0,37.0,55.0
https://www.redfin.com/MO/Saint-Louis/4823-McCausland-Ave-63109/home/93781559,69.0,47.0,57.0
https://www.redfin.com/MO/Saint-Louis/1344-Central-Ave-63139/home/93765602,58.0,31.0,43.0
https://www.redfin.com/MO/Saint-Louis/38-Benton-Pl-63104/home/87947243,82.0,55.0,64.0
https://www.redfin.com/MO/Saint-Louis/5924-Childress-Ave-63109/home/93783856,56.0,31.0,52.0
https://www.redfin.com/MO/Saint-Louis/3224-Regal-Pl-63139/home/170010038,52.0,32.0,44.0
https://www.redfin.com/MO/Saint-Louis/4-Willmore-Rd-63109/home/93782668,48.0,37.0,52.0
https://www.redfin.com/MO/Saint-Louis/9745-E-Lookout-Ct-63137/home/93768332,2.0,,27.0
https://www.redfin.com/MO/Saint-Louis/4123-Poepping-St-63123/home/93784340,10.0,21.0,46.0
https://www.redfin.com/MO/Saint-Louis/2653-Shenandoah-Ave-63104/home/93690834,85.0,41.0,63.0
https://www.redfin.com/MO/Saint-Louis/6247-Magnolia-Ave-63139/home/93743644,61.0,33.0,55.0
https://www.redfin.com/MO/Saint-Louis/3943-Marine-Ave-63118/home/174211987,69.0,39.0,42.0
https://www.redfin.com/MO/Saint-Louis/6107-Lalite-Ave-63136/home/93745630,47.0,37.0,52.0
https://www.redfin.com/MO/Saint-Louis/3909-Marine-Ave-63118/home/93785507,65.0,39.0,26.0
https://www.redfin.com/MO/Saint-Louis/3316-Norma-Ct-63139/home/93743274,62.0,33.0,58.0
https://www.redfin.com/MO/Saint-Louis/1216-Victor-St-63104/home/93686953,86.0,41.0,56.0
https://www.redfin.com/MO/Saint-Louis/2510-Clifton-Ave-63139/home/93743620,57.0,32.0,30.0
https://www.redfin.com/MO/Saint-Louis/4362-W-Pine-Blvd-63108/home/93725148,76.0,56.0,66.0
https://www.redfin.com/MO/Saint-Louis/6125-Lalite-Ave-63136/home/93745633,47.0,37.0,52.0
https://www.redfin.com/MO/Saint-Louis/6777-Eichelberger-St-63109/home/93781554,52.0,40.0,55.0
https://www.redfin.com/MO/Saint-Louis/3755-Weber-Rd-63125/home/93785620,20.0,28.0,39.0
https://www.redfin.com/MO/Saint-Louis/4168-W-Pine-Blvd-63108/home/93725485,71.0,57.0,66.0
https://www.redfin.com/MO/Saint-Louis/6731-Odell-St-63139/home/93743862,46.0,31.0,51.0
https://www.redfin.com/MO/Saint-Louis/5873-Julian-Ave-63112/home/93723042,62.0,47.0,44.0
https://www.redfin.com/MO/Saint-Louis/6303-Lucille-Ave-63136/home/93745349,51.0,38.0,46.0
https://www.redfin.com/MO/Saint-Louis/6117-Lalite-Ave-63136/home/93745635,47.0,37.0,52.0
https://www.redfin.com/MO/Saint-Louis/6111-Lalite-Ave-63136/home/93745636,47.0,37.0,52.0
https://www.redfin.com/MO/Saint-Louis/5854-Neosho-St-63109/home/62756085,84.0,36.0,56.0
https://www.redfin.com/MO/Saint-Louis/6255-Pershing-Ave-63130/home/93760107,72.0,53.0,78.0
https://www.redfin.com/MO/Saint-Louis/7125-Emilie-St-63143/home/93743167,62.0,30.0,63.0
https://www.redfin.com/MO/Saint-Louis/6438-Bishops-Pl-63109/home/62700619,56.0,33.0,59.0
https://www.redfin.com/MO/Saint-Louis/3446-Nebraska-Ave-63118/home/109007522,90.0,45.0,53.0
https://www.redfin.com/MO/Saint-Louis/16-Aberdeen-Pl-63105/home/93766507,65.0,43.0,82.0
https://www.redfin.com/MO/Saint-Louis/6126-Lucille-Ave-63136/home/93745334,54.0,38.0,50.0
https://www.redfin.com/MO/Saint-Louis/6201-Wade-Ave-63139/home/93726347,77.0,34.0,46.0
https://www.redfin.com/MO/Saint-Louis/41-Willmore-Rd-63109/home/93782636,24.0,32.0,43.0
https://www.redfin.com/MO/Saint-Louis/7219-Emilie-St-63143/home/93743202,88.0,30.0,70.0
https://www.redfin.com/MO/Saint-Louis/3223-Tennyson-Sq-63143/home/93751124,80.0,,68.0
https://www.redfin.com/MO/Saint-Louis/4632-Pershing-Pl-63108/home/93724635,87.0,44.0,61.0
https://www.redfin.com/MO/Saint-Louis/1401-McCausland-Ave-63117/home/93744505,61.0,30.0,54.0
https://www.redfin.com/MO/Saint-Louis/4934-Columbia-Ave-63139/home/93727613,77.0,33.0,69.0
https://www.redfin.com/MO/Saint-Louis/2500-Clifton-Ave-63139/home/93743619,61.0,32.0,29.0
https://www.redfin.com/MO/Saint-Louis/3745-Weber-Rd-63125/home/93785623,26.0,29.0,41.0
https://www.redfin.com/MO/Saint-Louis/5562-Goodfellow-Blvd-63136/home/62769083,55.0,39.0,44.0
https://www.redfin.com/MO/Saint-Louis/40-Willmore-Rd-63109/home/93782578,28.0,35.0,50.0
https://www.redfin.com/MO/Saint-Louis/48-Willmore-Rd-63109/home/93782574,28.0,33.0,50.0
https://www.redfin.com/MO/Saint-Louis/5433-Vernon-Ave-63112/home/93683495,57.0,40.0,56.0
https://www.redfin.com/MO/Saint-Louis/4259-Louisiana-Ave-63111/home/93705473,79.0,44.0,50.0
https://www.redfin.com/MO/Saint-Louis/7417-Parkwood-Dr-63116/home/93783601,38.0,38.0,52.0
https://www.redfin.com/MO/Saint-Louis/6029-W-Cabanne-Pl-63112/home/93728752,44.0,51.0,48.0
https://www.redfin.com/MO/Saint-Louis/4388-McPherson-Ave-63108/home/109919933,77.0,43.0,62.0
https://www.redfin.com/MO/Saint-Louis/3903-Holly-Hills-Blvd-63116/home/93773769,47.0,33.0,63.0
https://www.redfin.com/MO/Saint-Louis/6827-Fyler-Ave-63139/home/93741878,54.0,32.0,54.0
https://www.redfin.com/MO/Saint-Louis/7151-Wellington-Ct-63143/home/93751093,48.0,26.0,54.0
https://www.redfin.com/MO/Saint-Louis/3005-Hawthorne-Blvd-63104/home/93691034,75.0,39.0,59.0
https://www.redfin.com/MO/Saint-Louis/6821-Bradley-Ave-63139/home/93742019,51.0,32.0,56.0
https://www.redfin.com/MO/Saint-Louis/8572-Oriole-Ave-63147/home/93758139,43.0,37.0,38.0
https://www.redfin.com/MO/Saint-Louis/6429-Myrlette-Ct-63116/home/93783500,67.0,37.0,66.0
https://www.redfin.com/MO/Saint-Louis/754-Bellerive-Blvd-63111/home/93708685,63.0,40.0,57.0
https://www.redfin.com/MO/Saint-Louis/3911-Comstock-Dr-63123/home/93784961,3.0,26.0,29.0
https://www.redfin.com/MO/Saint-Louis/4379-Holly-Hills-Blvd-63116/home/62698761,73.0,35.0,74.0
https://www.redfin.com/MO/Saint-Louis/3672-Bellerive-Blvd-63116/home/93772310,64.0,37.0,59.0
https://www.redfin.com/MO/Saint-Louis/7080-Plainview-Ave-63109/home/93780815,50.0,50.0,58.0
https://www.redfin.com/MO/Saint-Louis/6120-Garesche-Ave-63136/home/93745628,50.0,38.0,52.0
https://www.redfin.com/MO/Saint-Louis/6433-Odell-St-63139/home/93744974,58.0,33.0,57.0
https://www.redfin.com/MO/Saint-Louis/950-Beach-Ave-63112/home/93723823,53.0,50.0,49.0
https://www.redfin.com/MO/Saint-Louis/4754-Michigan-Ave-63111/home/93707028,59.0,39.0,49.0
https://www.redfin.com/MO/Saint-Louis/5325-Wherry-Ave-63109/home/93768200,83.0,36.0,51.0
https://www.redfin.com/MO/Saint-Louis/7094-Mardel-Ave-63109/home/93748077,30.0,49.0,54.0
https://www.redfin.com/MO/Saint-Louis/7127-Bancroft-Ave-63109/home/93747838,44.0,50.0,55.0
https://www.redfin.com/MO/Saint-Louis/5002-Columbia-Ave-63139/home/93727603,79.0,32.0,67.0
https://www.redfin.com/MO/Saint-Louis/6165-Lucille-Ave-63136/home/93745290,51.0,38.0,48.0
https://www.redfin.com/MO/Saint-Louis/8137-Carlsbad-Dr-63123/home/93784245,7.0,36.0,52.0
https://www.redfin.com/MO/Saint-Louis/3651-Germania-St-63116/home/93757106,47.0,38.0,49.0
https://www.redfin.com/MO/Saint-Louis/7430-Hildesheim-Ave-63123/home/93761272,44.0,,54.0
https://www.redfin.com/MO/Saint-Louis/4346-McPherson-Ave-63108/home/93725559,77.0,43.0,62.0
https://www.redfin.com/MO/Saint-Louis/6723-Marmaduke-Ave-63139/home/93743768,48.0,32.0,55.0
https://www.redfin.com/MO/Saint-Louis/6551-Fyler-Ave-63139/home/93741951,62.0,33.0,58.0
https://www.redfin.com/MO/Saint-Louis/8-Willmore-Rd-63109/home/93782666,43.0,37.0,51.0
https://www.redfin.com/MO/Saint-Louis/63-Kingsbury-Pl-63112/home/93763878,59.0,55.0,69.0
https://www.redfin.com/MO/Saint-Louis/4918-Pershing-Pl-63108/home/93724455,87.0,44.0,60.0
https://www.redfin.com/MO/Saint-Louis/5843-Clemens-Ave-63112/home/93739303,62.0,51.0,56.0
https://www.redfin.com/MO/St-Louis/3239-Lafayette-Ave-63104/home/76473548,58.0,39.0,56.0
https://www.redfin.com/MO/Saint-Louis/2010-Longfellow-Blvd-63104/home/93689964,68.0,38.0,59.0
https://www.redfin.com/MO/Saint-Louis/6165-Garesche-Ave-63136/home/93745323,51.0,38.0,48.0
https://www.redfin.com/MO/Saint-Louis/6230-Waterman-Ave-63130/home/93760120,77.0,54.0,77.0
https://www.redfin.com/MO/Saint-Louis/4136-Pennsylvania-Ave-63118/home/93705222,79.0,43.0,51.0
https://www.redfin.com/MO/Saint-Louis/6343-Garesche-Ave-63136/home/93420122,45.0,,46.0
https://www.redfin.com/MO/Saint-Louis/4437-S-39th-St-63116/home/93730965,52.0,42.0,49.0
https://www.redfin.com/MO/Saint-Louis/1352-Central-Ave-63139/unit-R/home/176876789,58.0,31.0,43.0
https://www.redfin.com/MO/Saint-Louis/3543-Victor-St-63104/home/93692405,84.0,42.0,75.0
https://www.redfin.com/MO/Saint-Louis/6334-Albertine-Ave-63136/home/93761396,52.0,39.0,42.0
https://www.redfin.com/MO/Saint-Louis/32-Kingsbury-Pl-63112/home/93724169,56.0,54.0,76.0
https://www.redfin.com/MO/Saint-Louis/3024-Lafayette-Ave-63104/home/86390956,68.0,39.0,43.0
https://www.redfin.com/MO/Saint-Louis/6921-Marquette-Ave-63139/home/90752889,40.0,29.0,51.0
https://www.redfin.com/MO/Saint-Louis/5255-Loughborough-Ave-63109/home/93769497,66.0,40.0,51.0
https://www.redfin.com/MO/Saint-Louis/4327-McRee-Ave-63110/home/109919834,82.0,36.0,79.0
https://www.redfin.com/MO/St-Louis/1426-Devlin-St-63110/home/87133434,68.0,33.0,44.0
https://www.redfin.com/MO/Saint-Louis/7003-Mardel-Ave-63109/home/93747922,36.0,47.0,52.0
https://www.redfin.com/MO/Saint-Louis/2808-Lafayette-Ave-63104/home/93690094,72.0,39.0,54.0
https://www.redfin.com/MO/Saint-Louis/7431-Sharp-Ave-63116/home/93784999,22.0,24.0,41.0
https://www.redfin.com/MO/St-Louis/2762-Park-Ave-63104/home/195200273,76.0,37.0,56.0
https://www.redfin.com/MO/Saint-Louis/10-Willmore-Rd-63109/home/93782665,43.0,37.0,51.0
https://www.redfin.com/MO/Saint-Louis/4466-Tholozan-Ave-63116/home/93730025,78.0,40.0,52.0
https://www.redfin.com/MO/Saint-Louis/3914-French-Ct-63116/home/93773358,48.0,34.0,62.0
https://www.redfin.com/MO/Saint-Louis/6711-Mitchell-Ave-63139/home/62772167,63.0,30.0,36.0
https://www.redfin.com/MO/Saint-Louis/4535-S-Grand-Blvd-63111/home/70105616,77.0,40.0,51.0
https://www.redfin.com/MO/Saint-Louis/6700-Morganford-Rd-63116/home/93671722,69.0,33.0,70.0
https://www.redfin.com/MO/Saint-Louis/4386-Westminster-Pl-63108/home/93740310,75.0,43.0,60.0
https://www.redfin.com/MO/Saint-Louis/1605-Missouri-Ave-63104/home/93700578,85.0,40.0,67.0
https://www.redfin.com/MO/Saint-Louis/4466-Westminster-Pl-63108/home/93740234,82.0,44.0,60.0
https://www.redfin.com/MO/Saint-Louis/1832-S-8th-St-63104/home/93685093,93.0,37.0,59.0
https://www.redfin.com/MO/Saint-Louis/4532-Westminster-Pl-63108/home/93739894,87.0,45.0,58.0
https://www.redfin.com/MO/Saint-Louis/7726-Virginia-Ave-63111/home/66027465,82.0,40.0,69.0
https://www.redfin.com/MO/Saint-Louis/3623-Ohio-Ave-63118/home/93696155,84.0,39.0,57.0
https://www.redfin.com/MO/Saint-Louis/4421-Westminster-Pl-63108/home/93739934,77.0,44.0,61.0
https://www.redfin.com/MO/St-Louis/3701-Cook-Ave-63113/home/102280390,72.0,46.0,65.0
https://www.redfin.com/MO/Saint-Louis/1919-Withnell-Ave-63118/home/93681739,87.0,42.0,58.0
https://www.redfin.com/MO/Saint-Louis/5275-Westminster-Pl-63108/home/93749533,69.0,50.0,67.0
https://www.redfin.com/MO/Saint-Louis/2423-S-13th-St-63104/home/93686692,86.0,41.0,58.0
https://www.redfin.com/MO/Saint-Louis/4367-McPherson-Ave-63108/home/62733049,77.0,43.0,62.0
https://www.redfin.com/MO/Saint-Louis/4445-Westminster-Pl-63108/home/93740253,80.0,44.0,55.0
https://www.redfin.com/MO/Saint-Louis/2316-S-12th-St-63104/home/93686426,87.0,40.0,57.0
https://www.redfin.com/MO/Saint-Louis/2621-Lemp-Ave-63118/home/93697318,85.0,42.0,53.0
https://www.redfin.com/MO/Saint-Louis/4132-W-Pine-Blvd-63108/home/62728575,72.0,56.0,69.0
https://www.redfin.com/MO/St-Louis/2930-Michigan-Ave-63118/home/93692160,79.0,44.0,75.0
https://www.redfin.com/MO/Saint-Louis/5026-Westminster-Pl-63108/home/93746007,81.0,43.0,61.0
https://www.redfin.com/MO/Saint-Louis/700-Bellerive-Blvd-63111/home/62745381,63.0,40.0,56.0
https://www.redfin.com/MO/Saint-Louis/5025-Enright-Ave-63108/home/93744562,84.0,44.0,53.0
https://www.redfin.com/MO/Saint-Louis/1221-Mackay-Pl-63104/home/93701074,80.0,51.0,61.0
https://www.redfin.com/MO/Saint-Louis/1808-Lafayette-Ave-63104/home/93690442,84.0,43.0,56.0
https://www.redfin.com/MO/Saint-Louis/3611-Ohio-Ave-63118/home/93696157,84.0,39.0,57.0
https://www.redfin.com/MO/Saint-Louis/1532-Mississippi-Ave-63104/home/93697404,86.0,51.0,69.0
https://www.redfin.com/MO/Saint-Louis/2838-Salena-St-63118/home/93691509,84.0,42.0,55.0
https://www.redfin.com/MO/Saint-Louis/2308-S-10th-St-63104/home/62742671,89.0,37.0,60.0
https://www.redfin.com/MO/Saint-Louis/2837-McNair-Ave-63118/home/93674687,86.0,42.0,56.0
https://www.redfin.com/MO/Saint-Louis/7411-S-Broadway-63111/home/93710676,80.0,38.0,68.0
https://www.redfin.com/MO/Saint-Louis/2624-S-11th-St-63118/home/93686929,85.0,39.0,54.0
https://www.redfin.com/MO/Saint-Louis/4466-Laclede-Ave-63108/home/69323591,80.0,59.0,65.0
https://www.redfin.com/MO/Saint-Louis/1920-Longfellow-Blvd-63104/home/93684678,68.0,38.0,59.0
https://www.redfin.com/MO/Saint-Louis/4745-Nebraska-Ave-63111/home/93707004,37.0,36.0,35.0
https://www.redfin.com/MO/Saint-Louis/7116-Michigan-Ave-63111/home/93710390,78.0,41.0,73.0
https://www.redfin.com/MO/Saint-Louis/3875-Federer-Pl-63116/home/93674969,50.0,34.0,68.0
https://www.redfin.com/MO/Saint-Louis/1728-Carroll-St-63104/home/103203316,85.0,49.0,62.0
https://www.redfin.com/MO/Saint-Louis/3322-S-9th-St-63118/home/109007231,70.0,39.0,46.0
https://www.redfin.com/MO/Saint-Louis/2319-S-12th-St-63104/home/93686452,85.0,41.0,57.0
https://www.redfin.com/MO/Saint-Louis/6189-Westminster-Pl-63112/home/93760456,90.0,55.0,71.0
https://www.redfin.com/MO/Saint-Louis/2330-Menard-St-63104/home/109007581,88.0,38.0,59.0
https://www.redfin.com/MO/Saint-Louis/2915-Accomac-St-63104/home/62768506,78.0,41.0,60.0
https://www.redfin.com/MO/Saint-Louis/2907-Texas-Ave-63118/home/93699247,87.0,42.0,60.0
https://www.redfin.com/MO/Saint-Louis/1407-Missouri-Ave-63104/home/93681612,83.0,41.0,66.0
https://www.redfin.com/MO/Saint-Louis/3864-Loughborough-Ave-63116/home/93773244,48.0,34.0,62.0
https://www.redfin.com/MO/St-Louis/5164-Waterman-Blvd-63108/home/190536101,68.0,48.0,70.0
https://www.redfin.com/MO/Saint-Louis/5855-Itaska-St-63109/home/93769155,84.0,36.0,56.0
https://www.redfin.com/MO/Saint-Louis/2815-Russell-Blvd-63104/home/109007478,78.0,39.0,59.0
https://www.redfin.com/MO/Saint-Louis/5325-Bischoff-Ave-63110/home/76427028,86.0,34.0,56.0
https://www.redfin.com/MO/Saint-Louis/2359-S-12th-St-63104/home/93686143,87.0,40.0,58.0
https://www.redfin.com/MO/Saint-Louis/2222-Nebraska-Ave-63104/home/93691237,78.0,41.0,60.0
https://www.redfin.com/MO/Saint-Louis/3127-Shenandoah-Ave-63104/home/143286453,81.0,43.0,67.0
https://www.redfin.com/MO/Saint-Louis/1817-S-9th-St-63104/home/109918774,93.0,38.0,60.0
https://www.redfin.com/MO/Saint-Louis/1025-Dolman-St-63104/home/93685580,83.0,61.0,63.0
https://www.redfin.com/MO/Saint-Louis/5710-Vera-Ct-63139/home/93679449,53.0,32.0,47.0
https://www.redfin.com/MO/Saint-Louis/5266-Washington-Pl-63108/home/93749443,69.0,50.0,67.0
https://www.redfin.com/MO/Saint-Louis/1956-Wyoming-St-63118/home/109919868,87.0,42.0,53.0
https://www.redfin.com/MO/Saint-Louis/4169-Flora-Pl-63110/home/93747157,77.0,31.0,73.0
https://www.redfin.com/MO/St-Louis/2605-S-Compton-63104/home/196160189,82.0,44.0,71.0
https://www.redfin.com/MO/Saint-Louis/2701-S-11th-St-63118/home/93686355,85.0,39.0,54.0
https://www.redfin.com/MO/Saint-Louis/4101-Pennsylvania-Ave-63118/home/93705186,79.0,45.0,47.0
https://www.redfin.com/MO/Saint-Louis/1943-Lynch-St-63118/home/93786841,84.0,42.0,55.0
https://www.redfin.com/MO/Saint-Louis/4253-Westminster-Pl-63108/home/93725735,75.0,43.0,61.0
https://www.redfin.com/MO/Saint-Louis/2106-S-Compton-Ave-63104/home/62744285,69.0,39.0,62.0
https://www.redfin.com/MO/Saint-Louis/2915-Russell-Blvd-63104/home/93689962,71.0,39.0,58.0
https://www.redfin.com/MO/Saint-Louis/1039-Allen-Ave-63104/home/93685671,88.0,38.0,61.0
https://www.redfin.com/MO/Saint-Louis/4327-Washington-Blvd-63108/home/93720051,71.0,43.0,52.0
https://www.redfin.com/MO/Saint-Louis/1430-N-Park-Pl-63107/home/93702747,41.0,42.0,49.0
https://www.redfin.com/MO/Saint-Louis/3627-Utah-Pl-63116/home/93700109,86.0,45.0,74.0
https://www.redfin.com/MO/Saint-Louis/3225-S-Jefferson-Ave-63118/home/93694226,91.0,43.0,54.0
https://www.redfin.com/MO/Saint-Louis/2707-Lemp-Ave-63118/home/93697301,84.0,41.0,46.0
https://www.redfin.com/MO/Saint-Louis/1024-Mississippi-Ave-63104/home/62763603,82.0,61.0,58.0
https://www.redfin.com/MO/Saint-Louis/3727-McDonald-Ave-63116/home/62751717,81.0,45.0,61.0
https://www.redfin.com/MO/Saint-Louis/3514-S-Jefferson-Ave-63118/home/93671325,90.0,42.0,60.0
https://www.redfin.com/MO/Saint-Louis/4364-Vista-Ave-63110/home/92224786,77.0,46.0,79.0
https://www.redfin.com/MO/Saint-Louis/1201-Dolman-St-63104/home/93682970,83.0,61.0,63.0
https://www.redfin.com/MO/Saint-Louis/3009-Allen-Ave-63104/home/62751987,71.0,39.0,58.0
https://www.redfin.com/MO/Saint-Louis/2908-Park-Ave-63104/home/143286629,73.0,38.0,53.0
https://www.redfin.com/MO/Saint-Louis/4111-Cleveland-Ave-63110/home/93746448,72.0,34.0,66.0
https://www.redfin.com/MO/Saint-Louis/3231-Indiana-Ave-63118/home/93694265,89.0,43.0,53.0
https://www.redfin.com/MO/Saint-Louis/2049-Ann-Ave-63104/home/93690471,83.0,41.0,69.0
https://www.redfin.com/MO/Saint-Louis/3258-Copelin-Ave-63104/home/93689591,58.0,39.0,56.0
https://www.redfin.com/MO/Saint-Louis/3622-S-Jefferson-Ave-63118/home/93696718,87.0,40.0,58.0
https://www.redfin.com/MO/Saint-Louis/3528-Pestalozzi-St-63118/home/143286520,85.0,43.0,81.0
https://www.redfin.com/MO/Saint-Louis/5240-Washington-Pl-63108/home/93749445,70.0,49.0,70.0
https://www.redfin.com/MO/Saint-Louis/2400-McNair-Ave-63104/home/93671315,78.0,42.0,66.0
https://www.redfin.com/MO/Saint-Louis/1801-Lasalle-St-63104/home/62726326,80.0,63.0,60.0
https://www.redfin.com/MO/Saint-Louis/3735-Connecticut-St-63116/home/62772719,84.0,42.0,76.0
https://www.redfin.com/MO/Saint-Louis/3931-McRee-Ave-63110/home/103203001,46.0,40.0,53.0
https://www.redfin.com/MO/Saint-Louis/2341-S-12th-St-63104/home/93686145,87.0,40.0,58.0
https://www.redfin.com/MO/Saint-Louis/4480-Maryland-Ave-63108/home/93724879,80.0,54.0,66.0
https://www.redfin.com/MO/Saint-Louis/3152-S-Compton-Ave-63118/home/93693189,84.0,45.0,76.0
https://www.redfin.com/MO/Saint-Louis/1113-Victor-St-63104/home/93686770,86.0,40.0,56.0
https://www.redfin.com/MO/Saint-Louis/216-Nagel-Ave-63111/home/62752134,80.0,40.0,72.0
https://www.redfin.com/MO/Saint-Louis/5502-Beacon-Ave-63120/home/93762835,55.0,38.0,40.0
https://www.redfin.com/MO/Saint-Louis/5440-Nagel-Ave-63109/home/93775850,59.0,39.0,53.0
https://www.redfin.com/MO/Saint-Louis/3630-Roswell-Ave-63116/home/93711781,50.0,40.0,61.0
https://www.redfin.com/MO/Saint-Louis/5146-Cologne-Ave-63116/home/93761639,80.0,38.0,67.0
https://www.redfin.com/MO/Saint-Louis/3174-Nebraska-Ave-63118/home/93692964,88.0,45.0,65.0
https://www.redfin.com/MO/Saint-Louis/3719-Koeln-Ave-63116/home/93751442,43.0,38.0,51.0
https://www.redfin.com/MO/Saint-Louis/2215-Keokuk-St-63118/home/93696824,76.0,40.0,52.0
https://www.redfin.com/MO/Saint-Louis/6960-Sutherland-Ave-63109/home/93774215,58.0,49.0,66.0
https://www.redfin.com/MO/Saint-Louis/6406-Hancock-Ave-63139/home/93748793,64.0,33.0,63.0
https://www.redfin.com/MO/Saint-Louis/1014-Geyer-Ave-63104/home/62720757,88.0,38.0,61.0
https://www.redfin.com/MO/Saint-Louis/2001-Withnell-Ave-63118/home/93693976,89.0,42.0,58.0
https://www.redfin.com/MO/Saint-Louis/2809-Chariton-St-63111/home/93705480,72.0,42.0,56.0
https://www.redfin.com/MO/Saint-Louis/5908-W-Park-Ave-63110/home/93761427,69.0,34.0,49.0
https://www.redfin.com/MO/Saint-Louis/7159-Wellington-Ct-63143/home/93751094,40.0,27.0,43.0
https://www.redfin.com/MO/Saint-Louis/4740-S-Compton-Ave-63111/home/93706981,64.0,39.0,49.0
https://www.redfin.com/MO/Saint-Louis/4607-Cecil-Pl-63116/home/93759354,73.0,38.0,66.0
https://www.redfin.com/MO/Saint-Louis/6655-Villa-Ave-63139/home/93750138,57.0,33.0,42.0
https://www.redfin.com/MO/Saint-Louis/5501-Davison-Ave-63120/home/93762864,55.0,38.0,40.0
https://www.redfin.com/MO/Saint-Louis/4104-Fillmore-St-63116/home/93776346,54.0,34.0,63.0
https://www.redfin.com/MO/Saint-Louis/4072-Schiller-Pl-63116/home/93781107,60.0,35.0,53.0
https://www.redfin.com/MO/Saint-Louis/4070-Schiller-Pl-63116/home/93781108,60.0,35.0,53.0
https://www.redfin.com/MO/Saint-Louis/4419-Eichelberger-St-63116/home/93764928,81.0,37.0,70.0
https://www.redfin.com/MO/Saint-Louis/5825-W-Park-Ave-63110/home/62718940,69.0,34.0,49.0
https://www.redfin.com/MO/Saint-Louis/4844-Austria-Ave-63116/home/93755515,51.0,41.0,65.0
https://www.redfin.com/MO/Saint-Louis/201-Hill-St-63111/home/93707636,42.0,37.0,44.0
https://www.redfin.com/MO/Saint-Louis/6803-Virginia-Ave-63111/home/93710517,65.0,41.0,68.0
https://www.redfin.com/MO/Saint-Louis/3454-Macklind-Ave-63139/home/93742657,62.0,38.0,57.0
https://www.redfin.com/MO/Saint-Louis/6838-Salzburger-Ave-63116/home/93759289,71.0,38.0,65.0
https://www.redfin.com/MO/Saint-Louis/3944-Randall-St-63116/home/93750187,64.0,38.0,43.0
https://www.redfin.com/MO/Saint-Louis/6212-Wanda-Ave-63116/home/93765676,73.0,35.0,74.0
https://www.redfin.com/MO/Saint-Louis/5917-Emma-Ave-63136/home/93758923,61.0,37.0,59.0
https://www.redfin.com/MO/Saint-Louis/6822-Hancock-Ave-63139/home/93743294,50.0,30.0,50.0
https://www.redfin.com/MO/Saint-Louis/4039-Taft-Ave-63116/home/93762163,69.0,39.0,60.0
https://www.redfin.com/MO/Saint-Louis/5244-Daggett-Ave-63110/home/93727665,85.0,31.0,62.0
https://www.redfin.com/MO/Saint-Louis/917-Fillmore-St-63111/home/93708877,61.0,40.0,53.0
https://www.redfin.com/MO/Saint-Louis/3506-S-Compton-Ave-63118/home/93694993,81.0,47.0,63.0
https://www.redfin.com/MO/Saint-Louis/6840-Salzburger-Ave-63116/home/93759288,71.0,38.0,65.0
https://www.redfin.com/MO/Saint-Louis/4455-Itaska-St-63116/home/93764126,77.0,40.0,60.0
https://www.redfin.com/MO/Saint-Louis/3267-Morganford-Rd-63116/home/93751427,75.0,36.0,59.0
https://www.redfin.com/MO/Saint-Louis/4627-Steffens-Ave-63116/home/93770935,72.0,38.0,56.0
https://www.redfin.com/MO/Saint-Louis/6453-Marquette-Ave-63139/home/93749099,68.0,38.0,62.0
https://www.redfin.com/MO/Saint-Louis/4473-Gannett-St-63116/home/93763660,79.0,40.0,54.0
https://www.redfin.com/MO/Saint-Louis/2629-January-Ave-63139/home/65990418,83.0,33.0,55.0
https://www.redfin.com/MO/Saint-Louis/5548-Elizabeth-Ave-63110/home/93772592,81.0,33.0,50.0
https://www.redfin.com/MO/Saint-Louis/308-Quincy-St-63111/home/93710245,76.0,40.0,70.0
https://www.redfin.com/MO/Saint-Louis/4718-Lexington-Ave-63115/home/93735373,66.0,40.0,45.0
https://www.redfin.com/MO/Saint-Louis/5409-Dresden-Ave-63116/home/93758034,78.0,38.0,61.0
https://www.redfin.com/MO/Saint-Louis/5912-Nashville-Ave-63110/home/93761512,72.0,34.0,40.0
https://www.redfin.com/MO/Saint-Louis/4270-Miami-St-63116/home/93728578,69.0,40.0,59.0
https://www.redfin.com/MO/Saint-Louis/6018-Minnesota-Ave-63111/home/93709094,53.0,38.0,46.0
https://www.redfin.com/MO/Saint-Louis/5508-Beacon-Ave-63120/home/93762873,55.0,38.0,40.0
https://www.redfin.com/MO/Saint-Louis/3838-Neosho-St-63116/home/93730908,65.0,41.0,45.0
https://www.redfin.com/MO/Saint-Louis/8425-Pennsylvania-Ave-63111/home/93711567,66.0,35.0,53.0
https://www.redfin.com/MO/Saint-Louis/6746-Odell-St-63139/home/93743844,46.0,32.0,55.0
https://www.redfin.com/MO/Saint-Louis/5908-Nashville-Ave-63110/home/93761513,72.0,34.0,40.0
https://www.redfin.com/MO/Saint-Louis/6209-Hancock-Ave-63139/home/93743079,63.0,33.0,63.0
https://www.redfin.com/MO/Saint-Louis/3931-Delor-St-63116/home/62755835,66.0,37.0,43.0
https://www.redfin.com/MO/Saint-Louis/4474-Wallace-St-63116/home/93764092,79.0,39.0,60.0
https://www.redfin.com/MO/Saint-Louis/4417-Bingham-Ave-63116/home/93772039,82.0,40.0,59.0
https://www.redfin.com/MO/Saint-Louis/6738-Dale-Ave-63139/home/93740756,58.0,31.0,43.0
https://www.redfin.com/MO/Saint-Louis/5760-Acme-Ave-63136/home/93761230,65.0,,48.0
https://www.redfin.com/MO/Saint-Louis/3979-Schiller-Pl-63116/home/93770281,60.0,35.0,41.0
https://www.redfin.com/MO/Saint-Louis/4453-Gannett-St-63116/home/62696687,79.0,40.0,54.0
https://www.redfin.com/MO/Saint-Louis/1421-Brock-St-63139/home/62696547,55.0,31.0,37.0
https://www.redfin.com/MO/Saint-Louis/1433-Brock-St-63139/home/65540656,55.0,31.0,37.0
https://www.redfin.com/MO/Saint-Louis/5657-Leona-St-63116/home/93761945,54.0,34.0,52.0
https://www.redfin.com/MO/Saint-Louis/4850-Goethe-Ave-63116/home/93763280,74.0,38.0,59.0
https://www.redfin.com/MO/Saint-Louis/2820-Indiana-Ave-63118/home/77448190,86.0,42.0,60.0
https://www.redfin.com/MO/Saint-Louis/4511-Jamieson-Ave-63109/home/93774113,65.0,48.0,63.0
https://www.redfin.com/MO/Saint-Louis/3429-Osage-St-63118/home/93704806,83.0,46.0,54.0
https://www.redfin.com/MO/Saint-Louis/4691-Tesson-St-63116/home/93775239,38.0,41.0,62.0
https://www.redfin.com/MO/Saint-Louis/3534-Lucy-St-63116/home/93730082,70.0,40.0,58.0
https://www.redfin.com/MO/Saint-Louis/6927-Dale-Ave-63139/home/93765557,57.0,30.0,45.0
https://www.redfin.com/MO/Saint-Louis/5541-Connecticut-St-63139/home/93765791,57.0,33.0,47.0
https://www.redfin.com/MO/Saint-Louis/6062-Thekla-Ave-63136/home/93758632,56.0,38.0,55.0
https://www.redfin.com/MO/Saint-Louis/4130-Burgen-Ave-63116/home/93762032,58.0,34.0,57.0
https://www.redfin.com/MO/Saint-Louis/4006-Neosho-St-63116/home/93767236,72.0,38.0,56.0
https://www.redfin.com/MO/Saint-Louis/4435-Arco-Ave-63110/home/93750923,84.0,54.0,80.0
https://www.redfin.com/MO/Saint-Louis/4136-Miami-St-63116/home/93728519,63.0,42.0,55.0
https://www.redfin.com/MO/Saint-Louis/4531-Minnesota-Ave-63111/home/93706263,57.0,39.0,54.0
https://www.redfin.com/MO/Saint-Louis/3424-Louisiana-Ave-63118/home/93695146,88.0,46.0,71.0
https://www.redfin.com/MO/Saint-Louis/709-Gimblin-Rd-63147/home/93731692,54.0,41.0,50.0
https://www.redfin.com/MO/Saint-Louis/4548-Ray-Ave-63116/home/62747698,70.0,39.0,59.0
https://www.redfin.com/MO/Saint-Louis/3505-Itaska-St-63111/home/93707161,74.0,41.0,55.0
https://www.redfin.com/MO/Saint-Louis/6338-Hancock-Ave-63139/home/93748798,64.0,33.0,63.0
https://www.redfin.com/MO/Saint-Louis/6340-Lena-Ave-63136/home/93420323,53.0,,30.0
https://www.redfin.com/MO/Saint-Louis/7211-Eugene-Ave-63116/home/93711975,48.0,39.0,59.0
https://www.redfin.com/MO/Saint-Louis/1511-Fairmount-Ave-63139/home/93741220,63.0,32.0,40.0
https://www.redfin.com/MO/Saint-Louis/4751-Beacon-Ave-63120/home/93767284,25.0,36.0,30.0
https://www.redfin.com/MO/Saint-Louis/4738-Minnesota-Ave-63111/home/93707039,59.0,39.0,49.0
https://www.redfin.com/MO/Saint-Louis/313-Fillmore-St-63111/home/93708978,58.0,39.0,46.0
https://www.redfin.com/MO/Saint-Louis/4718-Hummel-Ave-63116/home/93758067,77.0,38.0,67.0
https://www.redfin.com/MO/Saint-Louis/7142-Alabama-Ave-63111/home/93710307,77.0,42.0,77.0
https://www.redfin.com/MO/Saint-Louis/4327-Jessica-Ave-63116/home/62748216,70.0,40.0,73.0
https://www.redfin.com/MO/Saint-Louis/3192-Watson-Rd-63139/home/92911180,65.0,33.0,63.0
https://www.redfin.com/MO/Saint-Louis/4507-Oregon-Ave-63111/home/93706535,54.0,37.0,48.0
https://www.redfin.com/MO/Saint-Louis/6009-Marquette-Ave-63139/home/93749026,78.0,37.0,61.0
https://www.redfin.com/MO/Saint-Louis/4213-Osceola-St-63116/home/93726622,70.0,40.0,73.0
https://www.redfin.com/MO/Saint-Louis/1033-Graham-St-63139/home/93756165,70.0,34.0,64.0
https://www.redfin.com/MO/Saint-Louis/3451-Sublette-Ave-63139/home/93742313,62.0,38.0,57.0
https://www.redfin.com/MO/Saint-Louis/6215-Idaho-Ave-63111/home/92335969,55.0,40.0,45.0
https://www.redfin.com/MO/Saint-Louis/4172-Schiller-Pl-63116/home/93781167,67.0,35.0,65.0
https://www.redfin.com/MO/Saint-Louis/4336-Humphrey-St-63116/home/93751337,72.0,37.0,51.0
https://www.redfin.com/MO/Saint-Louis/4151-Concordia-Ave-63116/home/93761972,63.0,34.0,62.0
https://www.redfin.com/MO/Saint-Louis/1241-Graham-St-63139/home/93726413,77.0,34.0,60.0
https://www.redfin.com/MO/Saint-Louis/4258-Miami-St-63116/home/93728580,61.0,41.0,53.0
https://www.redfin.com/MO/Saint-Louis/3248-Morganford-Rd-63116/home/93729427,75.0,37.0,61.0
https://www.redfin.com/MO/Saint-Louis/3244-Morganford-Rd-63116/home/93729425,75.0,37.0,61.0
https://www.redfin.com/MO/Saint-Louis/2839-Indiana-Ave-63118/home/93692103,87.0,42.0,56.0
https://www.redfin.com/MO/Saint-Louis/3418-Michigan-Ave-63118/home/93694922,87.0,46.0,61.0
https://www.redfin.com/MO/Saint-Louis/5133-Dresden-Ave-63116/home/93764019,75.0,39.0,61.0
https://www.redfin.com/MO/Saint-Louis/505-Hurck-St-63111/home/93711460,74.0,35.0,50.0
https://www.redfin.com/MO/Saint-Louis/4355-Maryland-Ave-63108/unit-110/home/93725625,73.0,52.0,65.0
https://www.redfin.com/MO/Saint-Louis/5646-Waterman-Blvd-63112/unit-1NW/home/93672300,60.0,55.0,85.0
https://www.redfin.com/MO/Saint-Louis/4695-Primm-St-63116/home/93775233,38.0,41.0,62.0
https://www.redfin.com/MO/Saint-Louis/4394-Haven-St-63116/home/93771810,70.0,37.0,68.0
https://www.redfin.com/MO/Saint-Louis/6925-Field-Ave-63116/home/93773265,44.0,36.0,59.0
https://www.redfin.com/MO/Saint-Louis/5458-Gravois-Ave-63116/home/93757182,81.0,36.0,70.0
https://www.redfin.com/MO/Saint-Louis/1382-Mobile-Ct-63139/home/62710085,71.0,33.0,46.0
https://www.redfin.com/MO/Saint-Louis/4750-Plover-Ave-63120/home/93761814,19.0,35.0,38.0
https://www.redfin.com/MO/Saint-Louis/4734-Hamburg-Ave-63123/home/93759455,51.0,40.0,55.0
https://www.redfin.com/MO/Saint-Louis/5944-Floy-Ave-63147/home/93768981,63.0,40.0,42.0
https://www.redfin.com/MO/Saint-Louis/1517-Kraft-St-63139/home/93773120,60.0,32.0,38.0
https://www.redfin.com/MO/Saint-Louis/6800-Wanda-Ave-63116/home/93771822,70.0,36.0,71.0
https://www.redfin.com/MO/Saint-Louis/1375-Childress-Ave-63139/home/93740870,75.0,34.0,42.0
https://www.redfin.com/MO/Saint-Louis/1561-Kraft-St-63139/home/93773056,60.0,32.0,37.0
https://www.redfin.com/MO/Saint-Louis/4149-Wilmington-Ave-63116/home/93770974,67.0,34.0,66.0
https://www.redfin.com/MO/Saint-Louis/3227-Jasper-Park-63139/home/93742962,48.0,32.0,41.0
https://www.redfin.com/MO/Saint-Louis/3975-Eichelberger-St-63116/home/93757742,53.0,35.0,41.0
https://www.redfin.com/MO/Saint-Louis/4373-Loughborough-Ave-63116/home/93771856,68.0,36.0,67.0
https://www.redfin.com/MO/Saint-Louis/8414-S-Broadway-63111/home/93711683,64.0,34.0,49.0
https://www.redfin.com/MO/Saint-Louis/3922-Itaska-St-63116/home/93750177,64.0,38.0,43.0
https://www.redfin.com/MO/Saint-Louis/4658-Dewey-Ave-63116/home/93742471,66.0,38.0,39.0
https://www.redfin.com/MO/Saint-Louis/4351-Potomac-St-63116/home/93774408,70.0,39.0,51.0
https://www.redfin.com/MO/Saint-Louis/6713-Wanda-Ave-63116/home/93771851,70.0,36.0,71.0
https://www.redfin.com/MO/Saint-Louis/5224-Fyler-Ave-63139/home/93742692,64.0,33.0,51.0
https://www.redfin.com/MO/Saint-Louis/7413-Pennsylvania-Ave-63111/home/93710786,82.0,40.0,72.0
https://www.redfin.com/MO/Saint-Louis/4639-Primm-St-63116/home/93775213,35.0,39.0,44.0
https://www.redfin.com/MO/Saint-Louis/4882-Anderson-Ave-63115/home/93733350,56.0,40.0,43.0
https://www.redfin.com/MO/Saint-Louis/4878-Anderson-Ave-63115/home/93733349,56.0,40.0,43.0
https://www.redfin.com/MO/Saint-Louis/8757-Lowell-St-63147/home/93766305,36.0,48.0,54.0
https://www.redfin.com/MO/Saint-Louis/2153-Knox-Ave-63139/home/93761533,64.0,32.0,29.0
https://www.redfin.com/MO/Saint-Louis/3306-California-Ave-63118/unit-A/home/93681730,92.0,43.0,57.0
https://www.redfin.com/MO/Saint-Louis/4416-Wallace-St-63116/home/93763767,81.0,39.0,65.0
https://www.redfin.com/MO/Saint-Louis/4845-Carter-Ave-63115/home/93733294,51.0,40.0,35.0
https://www.redfin.com/MO/Saint-Louis/2731-Osceola-St-63111/home/93705777,63.0,37.0,
https://www.redfin.com/MO/Saint-Louis/5502-Vermont-Ave-63111/home/93708614,67.0,40.0,58.0
https://www.redfin.com/MO/Saint-Louis/3726-Michigan-Ave-63118/home/62767415,78.0,46.0,59.0
https://www.redfin.com/MO/Saint-Louis/6826-Dale-Ave-63139/home/63667571,57.0,31.0,43.0
https://www.redfin.com/MO/Saint-Louis/4273-Wyoming-St-63116/home/93729840,78.0,31.0,63.0
https://www.redfin.com/MO/Saint-Louis/4327-Chippewa-St-63116/home/93729724,77.0,40.0,63.0
https://www.redfin.com/MO/Saint-Louis/4935-Alcott-Ave-63120/home/93756771,32.0,37.0,35.0
https://www.redfin.com/MO/Saint-Louis/2917-Minnesota-Ave-63118/home/93692131,78.0,44.0,71.0
https://www.redfin.com/MO/Saint-Louis/4061-Concordia-Ave-63116/home/93761941,54.0,34.0,52.0
https://www.redfin.com/MO/Saint-Louis/1029-Tamm-Ave-63139/home/93774502,70.0,34.0,67.0
https://www.redfin.com/MO/Saint-Louis/6448-Wade-Ave-63139/home/93740755,75.0,34.0,42.0
https://www.redfin.com/MO/Saint-Louis/2909-Clara-Ave-63120/home/93755286,50.0,40.0,45.0
https://www.redfin.com/MO/Saint-Louis/4838-Goethe-Ave-63116/home/93763276,73.0,38.0,64.0
https://www.redfin.com/MO/Saint-Louis/6409-Marquette-Ave-63139/home/93749115,69.0,38.0,64.0
https://www.redfin.com/MO/Saint-Louis/5523-Connecticut-St-63139/home/93765779,66.0,33.0,50.0
https://www.redfin.com/MO/Saint-Louis/5147-Pattison-Ave-63110/home/93728080,76.0,33.0,68.0
https://www.redfin.com/MO/Saint-Louis/3850-Marine-Ave-63118/home/93697186,64.0,39.0,38.0
https://www.redfin.com/MO/Saint-Louis/7923-Water-St-63111/home/93711251,73.0,34.0,61.0
https://www.redfin.com/MO/Saint-Louis/3230-Osceola-St-63111/home/93706111,76.0,41.0,51.0
https://www.redfin.com/MO/Saint-Louis/3232-Osceola-St-63111/home/93706112,76.0,41.0,51.0
https://www.redfin.com/MO/Saint-Louis/7015-Field-Ave-63116/home/93773247,44.0,36.0,59.0
https://www.redfin.com/MO/Saint-Louis/4132-Miami-St-63116/home/93728518,63.0,42.0,55.0
https://www.redfin.com/MO/Saint-Louis/4616-S-Spring-Ave-63116/home/93767571,65.0,41.0,45.0
https://www.redfin.com/MO/Saint-Louis/3307-N-19th-St-63107/home/93688880,61.0,40.0,59.0
https://www.redfin.com/MO/Saint-Louis/3889-Walsh-St-63116/home/93766579,63.0,36.0,42.0
https://www.redfin.com/MO/Saint-Louis/6012-Fyler-Ave-63139/home/93742984,68.0,32.0,62.0
https://www.redfin.com/MO/Saint-Louis/7717-Vermont-Ave-63111/home/93711031,78.0,40.0,75.0
https://www.redfin.com/MO/Saint-Louis/7075-Mardel-Ave-63109/home/93747908,30.0,49.0,54.0
https://www.redfin.com/MO/Saint-Louis/4057-Cottage-Ave-63113/home/93716651,64.0,44.0,54.0
https://www.redfin.com/MO/Saint-Louis/2620-Tamm-Ave-63139/home/93743611,57.0,33.0,47.0
https://www.redfin.com/MO/Saint-Louis/4049-W-Iowa-Ave-63118/home/62754944,77.0,43.0,60.0
https://www.redfin.com/MO/Saint-Louis/2604-Tamm-Ave-63139/home/93743614,57.0,33.0,47.0
https://www.redfin.com/MO/Saint-Louis/4157-Concordia-Ave-63116/home/93761967,63.0,34.0,62.0
https://www.redfin.com/MO/Saint-Louis/4159-Bowen-St-63116/home/93776368,63.0,34.0,65.0
https://www.redfin.com/MO/Saint-Louis/2628-Tamm-Ave-63139/home/93743612,57.0,33.0,47.0
https://www.redfin.com/MO/Saint-Louis/4066-Burgen-Ave-63116/home/82702094,54.0,34.0,52.0
https://www.redfin.com/MO/Saint-Louis/2611-Macklind-Ave-63139/home/93727444,85.0,34.0,57.0
https://www.redfin.com/MO/Saint-Louis/3306-California-Ave-63118/unit-C/home/93681721,92.0,43.0,57.0
https://www.redfin.com/MO/Saint-Louis/1913-Senate-St-63118/unit-A/home/93672839,85.0,42.0,53.0
https://www.redfin.com/MO/Saint-Louis/1386-Mobile-Ct-63139/home/93740873,71.0,33.0,46.0
https://www.redfin.com/MO/Saint-Louis/6411-Marquette-Ave-63139/home/62724999,69.0,38.0,64.0
https://www.redfin.com/MO/Saint-Louis/5532-Robin-Ave-63120/home/93751871,58.0,36.0,54.0
https://www.redfin.com/MO/St-Louis/4250-Juniata-St-63116/home/93729823,79.0,32.0,67.0
https://www.redfin.com/MO/Saint-Louis/6107-Alaska-Ave-63111/home/93709558,59.0,40.0,56.0
https://www.redfin.com/MO/Saint-Louis/4261-Humphrey-St-63116/home/93729592,75.0,37.0,61.0
https://www.redfin.com/MO/Saint-Louis/4712-Nebraska-Ave-63111/home/93706897,42.0,37.0,44.0
https://www.redfin.com/MO/Saint-Louis/4073-Schiller-Pl-63116/home/93770299,60.0,35.0,53.0
https://www.redfin.com/MO/Saint-Louis/4416-S-Spring-Ave-63116/home/93730877,64.0,42.0,49.0
https://www.redfin.com/MO/Saint-Louis/5212-Columbia-Ave-63139/home/93727626,84.0,31.0,60.0
https://www.redfin.com/MO/Saint-Louis/7219-Eugene-Ave-63116/home/93712115,48.0,39.0,59.0
https://www.redfin.com/MO/Saint-Louis/1509-W-Billon-Ave-63139/home/93741495,73.0,34.0,45.0
https://www.redfin.com/MO/Saint-Louis/1317-Hughes-Pl-63110/home/93726302,59.0,34.0,45.0
https://www.redfin.com/MO/Saint-Louis/2750-Hermitage-Ave-63143/home/93745086,63.0,30.0,66.0
https://www.redfin.com/MO/Saint-Louis/5516-Botanical-Ave-63110/home/93727089,84.0,34.0,50.0
https://www.redfin.com/MO/Saint-Louis/1519-Angelrodt-St-63107/home/93679631,53.0,40.0,57.0
https://www.redfin.com/MO/Saint-Louis/5626-Vivian-Pl-63136/home/93769783,66.0,37.0,62.0
https://www.redfin.com/MO/Saint-Louis/2031-Agnes-St-63107/home/93688793,55.0,42.0,57.0
https://www.redfin.com/MO/Saint-Louis/2025-Agnes-St-63107/home/93688794,55.0,42.0,57.0
https://www.redfin.com/MO/Saint-Louis/1304-S-Boyle-Ave-63110/home/93726637,87.0,50.0,76.0
https://www.redfin.com/MO/Saint-Louis/4110-Dryden-Ave-63115/home/93767335,57.0,40.0,38.0
https://www.redfin.com/MO/Saint-Louis/2033-Schaeffer-Pl-63139/home/93741328,62.0,30.0,48.0
https://www.redfin.com/MO/Saint-Louis/4627-Maffitt-Ave-63113/home/87394741,52.0,41.0,46.0
https://www.redfin.com/MO/Saint-Louis/3709-Blow-St-63116/home/62751740,49.0,38.0,62.0
https://www.redfin.com/MO/Saint-Louis/4660-Dewey-Ave-63116/home/69946383,66.0,38.0,39.0
https://www.redfin.com/MO/Saint-Louis/4687-Primm-St-63116/home/93775235,38.0,41.0,62.0
https://www.redfin.com/MO/Saint-Louis/5837-Arsenal-St-63139/home/93726720,74.0,32.0,67.0
https://www.redfin.com/MO/Saint-Louis/3716-Illinois-Ave-63118/home/93696927,80.0,40.0,54.0
https://www.redfin.com/MO/Saint-Louis/4248-Juniata-St-63116/home/93672398,79.0,32.0,67.0
https://www.redfin.com/MO/Saint-Louis/4709-Allemania-St-63116/home/93775535,43.0,41.0,62.0
https://www.redfin.com/MO/Saint-Louis/6307-Arsenal-St-63139/home/93768098,61.0,33.0,69.0
https://www.redfin.com/MO/Saint-Louis/4248-Schiller-Pl-63116/home/93781161,82.0,35.0,68.0
https://www.redfin.com/MO/Saint-Louis/3639-Roswell-Ave-63116/home/93711735,50.0,40.0,61.0
https://www.redfin.com/MO/Saint-Louis/5919-Sherry-Ave-63136/home/93758734,46.0,37.0,54.0
https://www.redfin.com/MO/Saint-Louis/6223-Wyoming-St-63139/home/93775933,64.0,33.0,63.0
https://www.redfin.com/MO/Saint-Louis/5018-Geraldine-Ave-63115/home/93750494,37.0,39.0,40.0
https://www.redfin.com/MO/Saint-Louis/4609-Steffens-Ave-63116/home/62758711,72.0,38.0,56.0
https://www.redfin.com/MO/Saint-Louis/4006-Schiller-Pl-63116/home/93781146,60.0,35.0,41.0
https://www.redfin.com/MO/Saint-Louis/5123-Pattison-Ave-63110/home/63733070,76.0,33.0,68.0
https://www.redfin.com/MO/Saint-Louis/7142-Winona-Ave-63109/home/93747829,27.0,50.0,39.0
https://www.redfin.com/MO/Saint-Louis/8986-Edna-St-63147/home/93760652,58.0,45.0,54.0
https://www.redfin.com/MO/Saint-Louis/3834-Texas-Ave-63118/home/93696571,83.0,39.0,60.0
https://www.redfin.com/MO/Saint-Louis/1409-E-Gano-Ave-63107/home/93712591,45.0,42.0,44.0
https://www.redfin.com/MO/Saint-Louis/925-Iron-St-63111/home/93709512,59.0,40.0,55.0
https://www.redfin.com/MO/Saint-Louis/5524-Alaska-Ave-63111/home/93708540,70.0,41.0,60.0
https://www.redfin.com/MO/Saint-Louis/3649-Koeln-Ave-63116/home/93712077,52.0,39.0,56.0
https://www.redfin.com/MO/Saint-Louis/4617-Michigan-Ave-63111/home/62743733,62.0,40.0,54.0
https://www.redfin.com/MO/Saint-Louis/5005-Jamieson-Ave-63109/unit-2N/home/92894593,67.0,46.0,63.0
https://www.redfin.com/MO/Saint-Louis/1045-Childress-Ave-63139/home/93740424,66.0,34.0,68.0
https://www.redfin.com/MO/Saint-Louis/5916-Lalite-Ave-63136/home/93758726,48.0,37.0,53.0
https://www.redfin.com/MO/Saint-Louis/4714-Dahlia-Ave-63116/home/62720049,73.0,38.0,68.0
https://www.redfin.com/MO/Saint-Louis/6027-Leona-St-63116/home/93770851,50.0,34.0,63.0
https://www.redfin.com/MO/Saint-Louis/4454-Bingham-Ave-63116/home/93772056,82.0,40.0,59.0
https://www.redfin.com/MO/Saint-Louis/961-Switzer-Ave-63147/home/93730567,50.0,31.0,39.0
https://www.redfin.com/MO/Saint-Louis/5236-Grace-Ave-63116/home/93742564,69.0,38.0,59.0
https://www.redfin.com/MO/Saint-Louis/4733-Hummel-Ave-63116/home/93763392,73.0,38.0,63.0
https://www.redfin.com/MO/Saint-Louis/4873-Goethe-Ave-63116/home/93763305,74.0,38.0,59.0
https://www.redfin.com/MO/Saint-Louis/4924-Blow-St-63109/home/93758371,65.0,40.0,57.0
https://www.redfin.com/MO/Saint-Louis/3857-Neosho-St-63116/home/93767657,65.0,41.0,45.0
https://www.redfin.com/MO/Saint-Louis/5134-Cologne-Ave-63116/home/93761649,79.0,39.0,60.0
https://www.redfin.com/MO/Saint-Louis/1501-Sproule-Ave-63139/home/93761913,75.0,34.0,44.0
https://www.redfin.com/MO/Saint-Louis/3928-Itaska-St-63116/home/93750175,64.0,38.0,43.0
https://www.redfin.com/MO/Saint-Louis/3380-Commonwealth-Ave-63143/home/93751173,53.0,27.0,54.0
https://www.redfin.com/MO/Saint-Louis/5736-Devonshire-Ave-63109/home/93753132,81.0,38.0,54.0
https://www.redfin.com/MO/Saint-Louis/3658-Roswell-Ave-63116/home/93711772,48.0,39.0,59.0
https://www.redfin.com/MO/Saint-Louis/7043-Lansdowne-Ave-63109/home/62718856,52.0,50.0,59.0
https://www.redfin.com/MO/Saint-Louis/5434-Christy-Ave-63116/home/93757892,73.0,37.0,67.0
https://www.redfin.com/MO/Saint-Louis/2517-Tamm-Ave-63139/home/69385646,46.0,32.0,27.0
https://www.redfin.com/MO/Saint-Louis/4734-Goethe-Ave-63116/home/93757169,79.0,37.0,69.0
https://www.redfin.com/MO/Saint-Louis/3870-Marine-Ave-63118/home/93697180,65.0,39.0,26.0
https://www.redfin.com/MO/Saint-Louis/4864-Calvin-Ave-63115/home/93733011,56.0,40.0,43.0
https://www.redfin.com/MO/Saint-Louis/4083-Burgen-Ave-63116/home/93761893,59.0,35.0,52.0
https://www.redfin.com/MO/Saint-Louis/5458-Harney-Ave-63120/home/93762782,53.0,39.0,43.0
https://www.redfin.com/MO/Saint-Louis/1812-James-a-Harvey-Ln-63133/home/93444245,40.0,,42.0
https://www.redfin.com/MO/Saint-Louis/870-Elias-Ave-63147/home/93756055,49.0,46.0,42.0
https://www.redfin.com/MO/Saint-Louis/7246-Stolle-St-63116/home/93775493,47.0,41.0,67.0
https://www.redfin.com/MO/Saint-Louis/4695-Tesson-St-63116/home/93775247,43.0,41.0,62.0
https://www.redfin.com/MO/Saint-Louis/4414-Oleatha-Ave-63116/home/93756203,71.0,40.0,51.0
https://www.redfin.com/MO/Saint-Louis/4007-Delor-St-63116/home/93750353,68.0,37.0,46.0
https://www.redfin.com/MO/Saint-Louis/6943-Sutherland-Ave-63109/home/93774259,56.0,48.0,58.0
https://www.redfin.com/MO/Saint-Louis/5343-Blow-St-63109/home/62713417,59.0,39.0,51.0
https://www.redfin.com/MO/Saint-Louis/4838-Potomac-St-63116/home/93756234,77.0,38.0,54.0
https://www.redfin.com/MO/Saint-Louis/2607-Michigan-Ave-63118/home/93691996,82.0,44.0,71.0
https://www.redfin.com/MO/Saint-Louis/4363-Miami-St-63116/home/93730021,71.0,40.0,51.0
https://www.redfin.com/MO/Saint-Louis/3117-Michigan-Ave-63118/home/93692808,81.0,44.0,75.0
https://www.redfin.com/MO/Saint-Louis/6026-Thekla-Ave-63136/home/93759076,56.0,38.0,55.0
https://www.redfin.com/MO/Saint-Louis/6030-Arthur-Ave-63139/home/93742983,70.0,32.0,63.0
https://www.redfin.com/MO/Saint-Louis/3967-Eichelberger-St-63116/home/93757739,53.0,35.0,41.0
https://www.redfin.com/MO/Saint-Louis/4722-Primm-St-63116/home/93775513,43.0,41.0,62.0
https://www.redfin.com/MO/Saint-Louis/1414-McCausland-Ave-63117/home/93740570,61.0,30.0,54.0
https://www.redfin.com/MO/Saint-Louis/6560-Villa-Ave-63139/home/93740701,67.0,33.0,43.0
https://www.redfin.com/MO/Saint-Louis/5418-Milentz-Ave-63109/home/93771267,70.0,39.0,47.0
https://www.redfin.com/MO/Saint-Louis/2807-Chariton-St-63111/home/93705481,72.0,42.0,56.0
https://www.redfin.com/MO/Saint-Louis/3837-Bates-St-63116/home/93761598,64.0,37.0,53.0
https://www.redfin.com/MO/Saint-Louis/5812-Victoria-Ave-63110/home/93769203,69.0,34.0,49.0
https://www.redfin.com/MO/Saint-Louis/4741-Milentz-Ave-63116/home/93756829,78.0,38.0,66.0
https://www.redfin.com/MO/Saint-Louis/1933-Chippewa-St-63118/home/93697387,74.0,40.0,49.0
https://www.redfin.com/MO/Saint-Louis/1937-Chippewa-St-63118/home/93697385,74.0,40.0,49.0
https://www.redfin.com/MO/Saint-Louis/5638-Hancock-Ave-63139/home/93749140,38.0,36.0,43.0
https://www.redfin.com/MO/Saint-Louis/4600-Richard-Pl-63115/home/93734527,48.0,43.0,37.0
https://www.redfin.com/MO/Saint-Louis/5649-Hancock-Ave-63139/home/62744315,38.0,36.0,43.0
https://www.redfin.com/MO/Saint-Louis/5641-Marquette-Ave-63139/home/93749128,38.0,36.0,43.0
https://www.redfin.com/MO/Saint-Louis/4566-Lewis-Pl-63113/home/93749619,53.0,43.0,50.0
https://www.redfin.com/MO/Saint-Louis/1310-San-Jacinto-Ct-63139/home/93750089,69.0,33.0,53.0
https://www.redfin.com/MO/Saint-Louis/5629-Marquette-Ave-63139/home/93749131,38.0,36.0,43.0
https://www.redfin.com/MO/Saint-Louis/4523-Anderson-Ave-63115/home/93734114,52.0,42.0,39.0
https://www.redfin.com/MO/Saint-Louis/4521-Anderson-Ave-63115/home/93734136,52.0,42.0,39.0
https://www.redfin.com/MO/Saint-Louis/4631-Primm-St-63116/home/93775221,35.0,39.0,44.0
https://www.redfin.com/MO/Saint-Louis/5315-Alfred-Ave-63116/home/93761696,83.0,38.0,68.0
https://www.redfin.com/MO/Saint-Louis/4121-Taft-Ave-63116/home/93757851,73.0,39.0,75.0
https://www.redfin.com/MO/Saint-Louis/4340-Miami-St-63116/home/93730104,70.0,40.0,58.0
https://www.redfin.com/MO/Saint-Louis/2603-Brannon-Ave-63139/home/93727383,86.0,34.0,55.0
https://www.redfin.com/MO/Saint-Louis/935-Fillmore-St-63111/home/93708887,59.0,40.0,56.0
https://www.redfin.com/MO/Saint-Louis/8512-Minnesota-Ave-63111/home/93711571,66.0,35.0,53.0
https://www.redfin.com/MO/Saint-Louis/7125-Vermont-Ave-63111/home/93710425,71.0,42.0,79.0
https://www.redfin.com/MO/Saint-Louis/3663-Steins-St-63116/home/93757118,47.0,38.0,49.0
https://www.redfin.com/MO/Saint-Louis/3461-S-Grand-Blvd-63118/home/93695492,88.0,46.0,67.0
https://www.redfin.com/MO/Saint-Louis/1319-San-Jacinto-Ct-63139/home/93750079,59.0,33.0,42.0
https://www.redfin.com/MO/Saint-Louis/2827-Abner-Pl-63120/home/93738219,66.0,41.0,44.0
https://www.redfin.com/MO/Saint-Louis/4518-Tennessee-Ave-63111/home/93706295,78.0,41.0,52.0
https://www.redfin.com/MO/Saint-Louis/6041-Harney-Ave-63136/home/93758448,63.0,39.0,55.0
https://www.redfin.com/MO/Saint-Louis/4175-Newport-Ct-63116/home/62743526,80.0,38.0,69.0
https://www.redfin.com/MO/Saint-Louis/4717-Michigan-Ave-63111/home/93707473,66.0,40.0,49.0
https://www.redfin.com/MO/Saint-Louis/246-Woodbourne-Dr-63105/home/93771920,49.0,46.0,71.0
https://www.redfin.com/MO/University-City/6238-Washington-Ave-63130/home/93760196,92.0,54.0,69.0
https://www.redfin.com/MO/Saint-Louis/15-Arundel-Pl-63105/home/93766545,65.0,43.0,82.0
https://www.redfin.com/MO/Saint-Louis/1414-Mississippi-Ave-63104/home/62765202,87.0,54.0,69.0
https://www.redfin.com/MO/Saint-Louis/907-N-Taylor-Ave-63122/home/93512270,70.0,43.0,51.0
https://www.redfin.com/MO/Saint-Louis/4538-Pershing-Pl-63108/home/93724614,83.0,44.0,62.0
https://www.redfin.com/MO/University-City/6223-Washington-Ave-63130/home/93760159,92.0,55.0,67.0
https://www.redfin.com/MO/Saint-Louis/4624-Pershing-Pl-63108/home/93724640,87.0,44.0,61.0
https://www.redfin.com/MO/Saint-Louis/1817-Lasalle-St-63104/home/93701280,82.0,61.0,58.0
https://www.redfin.com/MO/Saint-Louis/2741-Lafayette-Ave-63104/home/193545739,79.0,38.0,55.0
https://www.redfin.com/MO/Saint-Louis/4355-W-Pine-Blvd-63108/home/93725232,76.0,56.0,66.0
https://www.redfin.com/MO/Saint-Louis/5239-Wilson-Ave-63110/home/93727734,87.0,31.0,61.0
https://www.redfin.com/MO/Saint-Louis/17-Arundel-Pl-63105/home/93766546,65.0,43.0,82.0
https://www.redfin.com/MO/Saint-Louis/5443-Columbia-Ave-63139/home/93771705,85.0,34.0,54.0
https://www.redfin.com/MO/Saint-Louis/5302-Wilson-Ave-63110/home/178545699,86.0,34.0,56.0
https://www.redfin.com/MO/Saint-Louis/362-Walton-Row-63108/home/62756938,86.0,44.0,60.0
https://www.redfin.com/MO/St-Louis/3758-Olive-St-63108/unit-14/home/195107699,68.0,51.0,64.0
https://www.redfin.com/MO/Saint-Louis/1038-Geyer-Ave-63104/home/93685666,88.0,38.0,61.0
https://www.redfin.com/MO/Saint-Louis/6327-Wade-Ave-63139/home/93726459,77.0,34.0,45.0
https://www.redfin.com/MO/Saint-Louis/4731-Westminster-Pl-63108/home/93709316,89.0,45.0,54.0
https://www.redfin.com/MO/Saint-Louis/4508-Pershing-Pl-63108/home/93724628,83.0,44.0,62.0
https://www.redfin.com/MO/Saint-Louis/1103-Dolman-St-63104/home/93683537,83.0,61.0,63.0
https://www.redfin.com/MO/Saint-Louis/2017-Park-Ave-63104/home/93672793,86.0,51.0,69.0
https://www.redfin.com/MO/Saint-Louis/6225-San-Bonita-Ave-63105/home/93768160,73.0,36.0,81.0
https://www.redfin.com/MO/Saint-Louis/6310-Alexander-Dr-63105/home/93477165,52.0,45.0,80.0
https://www.redfin.com/MO/Saint-Louis/1912-Rutger-St-63104/home/168304422,87.0,54.0,69.0
https://www.redfin.com/MO/Saint-Louis/8-W-Pine-Ct-63108/home/93724529,87.0,57.0,66.0
https://www.redfin.com/MO/Saint-Louis/6732-Delor-St-63109/home/93781392,58.0,42.0,60.0
https://www.redfin.com/MO/Saint-Louis/1823-Hickory-St-63104/home/93701221,85.0,59.0,63.0
https://www.redfin.com/MO/Saint-Louis/1218-Dolman-St-63104/home/146873435,86.0,58.0,65.0
https://www.redfin.com/MO/Saint-Louis/4533-Westminster-Pl-63108/home/93739871,87.0,45.0,58.0
https://www.redfin.com/MO/Saint-Louis/10-Arundel-Pl-63105/home/93769346,65.0,43.0,82.0
https://www.redfin.com/MO/Saint-Louis/370-Walton-Row-63108/home/93724710,86.0,44.0,60.0
https://www.redfin.com/MO/Saint-Louis/3525-Crittenden-St-63118/home/93692731,85.0,43.0,81.0
https://www.redfin.com/MO/Saint-Louis/4016-Flora-Pl-63110/home/93746617,72.0,37.0,60.0
https://www.redfin.com/MO/Saint-Louis/4385-McPherson-Ave-63108/home/93740334,77.0,43.0,62.0
https://www.redfin.com/MO/Saint-Louis/5951-Jamieson-Ave-63109/home/62742167,25.0,29.0,54.0
https://www.redfin.com/MO/University-City/6249-Washington-Ave-63130/home/62753318,92.0,54.0,69.0
https://www.redfin.com/MO/Saint-Louis/4424-Laclede-Ave-63108/home/93725073,74.0,58.0,65.0
https://www.redfin.com/MO/Saint-Louis/1409-Vail-Pl-63104/home/93673161,86.0,51.0,69.0
https://www.redfin.com/MO/Saint-Louis/4347-McPherson-Ave-63108/home/93740305,73.0,43.0,61.0
https://www.redfin.com/MO/Saint-Louis/5156-Westminster-Pl-63108/home/77510183,76.0,47.0,67.0
https://www.redfin.com/MO/Saint-Louis/2309-Sublette-Ave-63110/home/181867568,84.0,34.0,50.0
https://www.redfin.com/MO/Saint-Louis/3834-Olive-St-63108/home/176875143,68.0,50.0,69.0
https://www.redfin.com/MO/Saint-Louis/2328-Albion-Pl-63104/home/93672036,85.0,40.0,67.0
https://www.redfin.com/MO/Saint-Louis/5027-Daggett-Ave-63110/home/93728145,78.0,33.0,71.0
https://www.redfin.com/MO/Saint-Louis/5223-Botanical-Ave-63110/home/93727552,85.0,31.0,57.0
https://www.redfin.com/MO/Saint-Louis/6253-Murdoch-Ave-63109/home/93780082,83.0,38.0,63.0
https://www.redfin.com/MO/Saint-Louis/1901-Lafayette-Ave-63104/home/93697406,86.0,47.0,65.0
https://www.redfin.com/MO/Saint-Louis/1908-Lasalle-St-63104/home/93701184,85.0,59.0,63.0
https://www.redfin.com/MO/Saint-Louis/5102-Waterman-Blvd-63108/home/93745900,71.0,46.0,66.0
https://www.redfin.com/MO/Saint-Louis/5150-Westminster-Pl-63108/home/93745986,68.0,48.0,70.0
https://www.redfin.com/MO/Saint-Louis/4440-Laclede-Ave-63108/home/93672249,74.0,58.0,65.0
https://www.redfin.com/MO/Saint-Louis/4351-Laclede-Ave-63108/home/93725182,74.0,58.0,66.0
https://www.redfin.com/MO/Saint-Louis/4235-Maryland-Ave-63108/home/93725334,74.0,54.0,65.0
https://www.redfin.com/MO/St-Louis/2223-Hickory-63104/home/186089507,79.0,54.0,56.0
https://www.redfin.com/MO/Saint-Louis/4312-Laclede-Ave-63108/home/93725190,73.0,57.0,65.0
https://www.redfin.com/MO/Saint-Louis/2920-Milton-Blvd-63104/home/93691199,82.0,42.0,63.0
https://www.redfin.com/MO/Saint-Louis/2614-Dalton-Ave-63139/home/93726773,83.0,33.0,58.0
https://www.redfin.com/MO/Saint-Louis/6207-Delor-St-63109/home/93780310,79.0,35.0,51.0
https://www.redfin.com/MO/Saint-Louis/3810-Olive-St-63108/unit-10/home/176875147,68.0,51.0,64.0
https://www.redfin.com/MO/Saint-Louis/1216-Dolman-St-63104/home/103203498,86.0,58.0,65.0
https://www.redfin.com/MO/Saint-Louis/336-N-Newstead-Ave-63108/home/93725641,77.0,44.0,63.0
https://www.redfin.com/MO/Saint-Louis/1928-Lasalle-St-63104/home/76811282,81.0,59.0,55.0
https://www.redfin.com/MO/Saint-Louis/4211-Shenandoah-Ave-63110/home/62698685,73.0,29.0,71.0
https://www.redfin.com/MO/Saint-Louis/4319-McPherson-Ave-63108/home/70105615,73.0,43.0,61.0
https://www.redfin.com/MO/Saint-Louis/4230-Maryland-Ave-63108/home/146873905,74.0,54.0,65.0
https://www.redfin.com/MO/Saint-Louis/4234-Olive-St-63108/home/62726464,74.0,43.0,61.0
https://www.redfin.com/MO/Saint-Louis/5217-Botanical-Ave-63110/home/146873938,85.0,31.0,57.0
https://www.redfin.com/MO/Saint-Louis/6242-Loran-Ave-63109/home/93779934,72.0,35.0,49.0
https://www.redfin.com/MO/Saint-Louis/3649-Cleveland-Ave-63110/home/93700316,79.0,38.0,71.0
https://www.redfin.com/MO/Saint-Louis/5918-Crane-Cir-63109/home/67168265,51.0,30.0,52.0
https://www.redfin.com/MO/Saint-Louis/2747-Lafayette-Ave-63104/home/77299754,79.0,38.0,55.0
https://www.redfin.com/MO/Saint-Louis/4366-Laclede-Ave-63108/home/93725198,74.0,58.0,66.0
https://www.redfin.com/MO/Saint-Louis/4527-Maryland-Ave-63108/home/93724738,83.0,44.0,62.0
https://www.redfin.com/MO/Saint-Louis/6347-Devonshire-Ave-63109/home/93780130,79.0,39.0,64.0
https://www.redfin.com/MO/Saint-Louis/4008-Flora-Pl-63110/home/77526639,72.0,37.0,60.0
https://www.redfin.com/MO/St-Louis/3810-Olive-St-63108/unit-10/home/192866158,68.0,51.0,64.0
https://www.redfin.com/MO/St-Louis/2227-Hickory-63104/home/171387812,79.0,54.0,56.0
https://www.redfin.com/MO/Saint-Louis/2235-Hickory-St-63104/home/181866124,78.0,50.0,60.0
https://www.redfin.com/MO/Saint-Louis/3918-Cleveland-Ave-63110/home/93746314,74.0,37.0,65.0
https://www.redfin.com/MO/Saint-Louis/6127-Kingsbury-Ave-63112/home/62765009,72.0,56.0,76.0
https://www.redfin.com/MO/Saint-Louis/3816-Castleman-Ave-63110/home/93747266,73.0,39.0,63.0
https://www.redfin.com/MO/Saint-Louis/3847-Holly-Hills-Blvd-63116/home/93773684,51.0,36.0,69.0
https://www.redfin.com/MO/Saint-Louis/5945-Clifton-Ave-63109/home/93783994,62.0,32.0,54.0
https://www.redfin.com/MO/Saint-Louis/3011-Wisconsin-Ave-63118/home/93699107,86.0,43.0,49.0
https://www.redfin.com/MO/Saint-Louis/1226-Dolman-St-63104/home/143286332,86.0,58.0,65.0
https://www.redfin.com/MO/Saint-Louis/4001-Cleveland-Ave-63110/home/93746567,74.0,36.0,62.0
https://www.redfin.com/MO/Saint-Louis/3511-Pestalozzi-St-63118/home/93692428,85.0,43.0,81.0
https://www.redfin.com/MO/Saint-Louis/3740-Texas-Ave-63118/home/93696622,85.0,40.0,58.0
https://www.redfin.com/MO/Saint-Louis/4650-Saint-Louis-Ave-63115/home/93718424,55.0,40.0,43.0
https://www.redfin.com/MO/Saint-Louis/6111-Sherry-Ave-63136/home/93745584,45.0,37.0,54.0
https://www.redfin.com/MO/Saint-Louis/2917-Abner-Pl-63120/home/93738363,65.0,41.0,39.0
https://www.redfin.com/MO/Saint-Louis/6119-Lillian-Ave-63136/home/93762141,46.0,36.0,48.0
https://www.redfin.com/MO/Saint-Louis/4031-Pennsylvania-Ave-63118/home/93704923,73.0,45.0,52.0
https://www.redfin.com/MO/Saint-Louis/4561-Lexington-Ave-63115/home/93735549,65.0,39.0,43.0
https://www.redfin.com/MO/Saint-Louis/3958-Kennerly-Ave-63113/home/62732076,58.0,44.0,53.0
https://www.redfin.com/MO/Saint-Louis/1517-Herder-St-63107/home/93689192,61.0,40.0,59.0
https://www.redfin.com/MO/Saint-Louis/4239-E-San-Francisco-Ave-63115/home/93715655,64.0,40.0,46.0
https://www.redfin.com/MO/Saint-Louis/4240-Nebraska-Ave-63111/home/93705540,74.0,42.0,52.0
https://www.redfin.com/MO/Saint-Louis/5053-Claxton-Ave-63120/home/93764180,39.0,38.0,42.0
https://www.redfin.com/MO/Saint-Louis/5114-Maffitt-Ave-63113/home/93737481,58.0,41.0,50.0
https://www.redfin.com/MO/Saint-Louis/5088-Queens-Ave-63115/home/93768753,35.0,40.0,37.0
https://www.redfin.com/MO/Saint-Louis/5219-Maffitt-Ave-63113/home/93737456,58.0,41.0,49.0
https://www.redfin.com/MO/Saint-Louis/1169-Howell-St-63147/home/62715313,65.0,44.0,56.0
https://www.redfin.com/MO/Saint-Louis/3130-Oregon-Ave-63118/home/93692934,86.0,42.0,62.0
https://www.redfin.com/MO/Saint-Louis/4633-Michigan-Ave-63111/home/93706837,62.0,40.0,54.0
https://www.redfin.com/MO/Saint-Louis/3223-Taft-Ave-63111/home/93706216,70.0,41.0,55.0
https://www.redfin.com/MO/Saint-Louis/4961-Margaretta-Ave-63115/home/93761346,63.0,40.0,49.0
https://www.redfin.com/MO/Saint-Louis/4623-Elmbank-Ave-63115/home/93736030,61.0,40.0,43.0
https://www.redfin.com/MO/Saint-Louis/819-Elias-Ave-63147/home/93782975,46.0,47.0,43.0
https://www.redfin.com/MO/Saint-Louis/5359-Maffitt-Ave-63112/home/93738256,60.0,41.0,43.0
https://www.redfin.com/MO/Saint-Louis/4976-Genevieve-Ave-63120/home/93757409,35.0,36.0,39.0
https://www.redfin.com/MO/Saint-Louis/4414-Carter-Ave-63115/home/93734231,56.0,43.0,51.0
https://www.redfin.com/MO/St-Louis/5955-Harney-63135/home/196025851,64.0,38.0,61.0
https://www.redfin.com/MO/Saint-Louis/4330-California-Ave-63111/home/93705808,67.0,39.0,57.0
https://www.redfin.com/MO/Saint-Louis/6301-Laura-Ave-63136/home/93762194,49.0,36.0,51.0
https://www.redfin.com/MO/Saint-Louis/3918-California-Ave-63118/home/93704319,77.0,43.0,59.0
https://www.redfin.com/MO/Saint-Louis/1122-McLaran-Ave-63147/home/93731328,62.0,38.0,45.0
https://www.redfin.com/MO/Saint-Louis/6155-Sherry-Ave-63136/home/93745573,44.0,37.0,48.0
https://www.redfin.com/MO/Saint-Louis/5920-Lalite-Ave-63136/home/93758733,48.0,37.0,53.0
https://www.redfin.com/MO/Saint-Louis/6341-Sherry-Ave-63136/home/93762091,48.0,,50.0
https://www.redfin.com/MO/Saint-Louis/4319-Prairie-Ave-63107/home/93712823,56.0,45.0,61.0
https://www.redfin.com/MO/Saint-Louis/918-Nassau-Dr-63147/home/93759802,44.0,47.0,47.0
https://www.redfin.com/MO/Saint-Louis/4512-Ashland-Ave-63115/home/93735876,63.0,39.0,45.0
https://www.redfin.com/MO/Saint-Louis/8421-Church-Rd-63147/home/93731366,62.0,36.0,44.0
https://www.redfin.com/MO/Saint-Louis/3408-Marcus-Ave-63115/home/93735833,60.0,40.0,45.0
https://www.redfin.com/MO/Saint-Louis/4629-Michigan-Ave-63111/home/93706838,62.0,40.0,54.0
https://www.redfin.com/MO/Saint-Louis/8408-Church-Rd-63147/home/62720046,64.0,36.0,42.0
https://www.redfin.com/MO/Saint-Louis/1434-E-Gano-Ave-63107/home/93703701,48.0,42.0,48.0
https://www.redfin.com/MO/Saint-Louis/3720-Virginia-Ave-63118/home/93695656,82.0,47.0,53.0
https://www.redfin.com/MO/Saint-Louis/4593-Maffitt-Ave-63113/home/93718538,53.0,41.0,45.0
https://www.redfin.com/MO/Saint-Louis/4853-Calvin-Ave-63115/home/93732990,56.0,40.0,40.0
https://www.redfin.com/MO/Saint-Louis/5267-Beacon-Ave-63120/home/93763135,52.0,38.0,38.0
https://www.redfin.com/MO/Saint-Louis/5129-Maffitt-Ave-63113/home/93737305,58.0,41.0,50.0
https://www.redfin.com/MO/Saint-Louis/6315-Sherry-Ave-63136/home/93762113,49.0,36.0,51.0
https://www.redfin.com/MO/Saint-Louis/5340-Mimika-Ave-63136/home/62737698,56.0,38.0,55.0
https://www.redfin.com/MO/Saint-Louis/1913-Belle-Glade-Ave-63113/home/146873830,66.0,43.0,55.0
https://www.redfin.com/MO/Saint-Louis/5962-Goodfellow-Blvd-63147/home/93768975,65.0,39.0,42.0
https://www.redfin.com/MO/Saint-Louis/2242-Osage-St-63118/home/93704952,77.0,39.0,57.0
https://www.redfin.com/MO/Saint-Louis/4939-Alcott-Ave-63120/home/93756770,32.0,37.0,35.0
https://www.redfin.com/MO/Saint-Louis/4429-Marcus-Ave-63115/home/93733139,51.0,42.0,39.0
https://www.redfin.com/MO/Saint-Louis/3414-Michigan-Ave-63118/home/62698371,87.0,46.0,61.0
https://www.redfin.com/MO/Saint-Louis/4217-Clarence-Ave-63115/home/93714357,60.0,40.0,49.0
https://www.redfin.com/MO/Saint-Louis/3607-Clay-Ave-63115/home/62716875,52.0,43.0,45.0
https://www.redfin.com/MO/Saint-Louis/4530-Greer-Ave-63115/home/93718336,60.0,39.0,43.0
https://www.redfin.com/MO/Saint-Louis/811-Hornsby-Ave-63147/home/93761177,54.0,43.0,48.0
https://www.redfin.com/MO/Saint-Louis/5710-Saint-Louis-Ave-63120/home/93755003,48.0,40.0,45.0
https://www.redfin.com/MO/Saint-Louis/4224-Penrose-St-63115/home/93714441,58.0,41.0,46.0
https://www.redfin.com/MO/Saint-Louis/2823-Nebraska-Ave-63118/home/93691796,81.0,43.0,67.0
https://www.redfin.com/MO/Saint-Louis/5242-Wabada-Ave-63113/home/93737902,62.0,41.0,54.0
https://www.redfin.com/MO/Saint-Louis/6133-Lillian-Ave-63136/home/93762121,46.0,36.0,48.0
https://www.redfin.com/MO/Saint-Louis/828-Elias-Ave-63147/home/93759939,46.0,47.0,43.0
https://www.redfin.com/MO/Saint-Louis/5521-Genevieve-Ave-63120/home/93763193,54.0,36.0,43.0
https://www.redfin.com/MO/Saint-Louis/4749-Beacon-Ave-63120/home/93767278,25.0,36.0,30.0
https://www.redfin.com/MO/Saint-Louis/827-Canaan-Ave-63147/home/93759983,46.0,47.0,43.0
https://www.redfin.com/MO/Saint-Louis/5039-Queens-Ave-63115/home/93768737,36.0,39.0,39.0
https://www.redfin.com/MO/Saint-Louis/5086-Arlington-Ave-63120/home/93764196,42.0,39.0,43.0
https://www.redfin.com/MO/Saint-Louis/4150-Shreve-Ave-63115/home/93733223,62.0,40.0,42.0
https://www.redfin.com/MO/Saint-Louis/8504-Concord-Pl-63147/home/93766425,56.0,41.0,36.0
https://www.redfin.com/MO/Saint-Louis/3203-N-Taylor-Ave-63115/home/93735858,63.0,39.0,45.0
https://www.redfin.com/MO/Saint-Louis/5521-Alcott-Ave-63120/home/93765959,53.0,39.0,44.0
https://www.redfin.com/MO/Saint-Louis/6165-Sherry-Ave-63136/home/93745570,44.0,37.0,48.0
https://www.redfin.com/MO/Saint-Louis/6018-Margaretta-Ave-63120/home/93731992,59.0,,46.0
https://www.redfin.com/MO/Saint-Louis/5353-Maffitt-Ave-63112/home/93738250,62.0,41.0,45.0
https://www.redfin.com/MO/Saint-Louis/4419-Farlin-Ave-63115/home/62714719,63.0,40.0,49.0
https://www.redfin.com/MO/Saint-Louis/5556-Floy-Ave-63136/home/93770012,58.0,39.0,48.0
https://www.redfin.com/MO/Saint-Louis/5305-Minnesota-Ave-63111/home/93708123,62.0,38.0,51.0
https://www.redfin.com/MO/Saint-Louis/4962-Lilburn-Ave-63115/home/93761118,27.0,40.0,40.0
https://www.redfin.com/MO/Saint-Louis/1519-Herder-St-63107/home/93689197,61.0,40.0,59.0
https://www.redfin.com/MO/Saint-Louis/5205-Emerson-Ave-63120/home/93765007,40.0,38.0,43.0
https://www.redfin.com/MO/Saint-Louis/5155-Terry-Ave-63115/home/93737294,64.0,41.0,50.0
https://www.redfin.com/MO/Saint-Louis/3006-Miami-St-63118/home/93696351,83.0,46.0,54.0
https://www.redfin.com/MO/Saint-Louis/4012-Penrose-St-63107/home/93714908,48.0,44.0,48.0
https://www.redfin.com/MO/Saint-Louis/610-Fremont-Ave-63147/unit-R/home/93785876,29.0,48.0,54.0
https://www.redfin.com/MO/Saint-Louis/4860-Anderson-Ave-63115/home/93733352,56.0,40.0,43.0
https://www.redfin.com/MO/Saint-Louis/949-Canaan-Ave-63147/home/93756372,53.0,46.0,48.0
https://www.redfin.com/MO/Saint-Louis/5561-Floy-Ave-63136/home/93770097,58.0,39.0,48.0
https://www.redfin.com/MO/Saint-Louis/4420-Cottage-Ave-63113/home/93717915,64.0,41.0,51.0
https://www.redfin.com/MO/Saint-Louis/2036-E-De-Soto-Ave-63107/home/93712614,52.0,45.0,60.0
https://www.redfin.com/MO/Saint-Louis/8116-Pelham-Ave-63147/home/93731456,58.0,31.0,50.0
https://www.redfin.com/MO/Saint-Louis/5431-Arlington-Ave-63120/home/93764910,51.0,40.0,45.0
https://www.redfin.com/MO/Saint-Louis/3711-Gravois-Ave-63116/home/93730381,86.0,46.0,59.0
https://www.redfin.com/MO/Saint-Louis/3122-N-Taylor-Ave-63115/home/93715395,63.0,39.0,45.0
https://www.redfin.com/MO/Saint-Louis/8214-Pelham-Ave-63147/home/62765519,62.0,32.0,51.0
https://www.redfin.com/MO/Saint-Louis/2236-Sullivan-Ave-63107/home/93687500,60.0,44.0,58.0
https://www.redfin.com/MO/Saint-Louis/4307-Gravois-Ave-63116/home/93726571,67.0,40.0,68.0
https://www.redfin.com/MO/Saint-Louis/7142-Idaho-Ave-63111/home/93710297,69.0,42.0,75.0
https://www.redfin.com/MO/Saint-Louis/4619-Natural-Bridge-Ave-63115/home/93733803,64.0,40.0,44.0
https://www.redfin.com/MO/Saint-Louis/8514-Mora-Ln-63147/home/93732241,45.0,40.0,46.0
https://www.redfin.com/MO/Saint-Louis/1632-Belt-Ave-63112/home/93738859,63.0,42.0,55.0
https://www.redfin.com/MO/Saint-Louis/4869-Carter-Ave-63115/home/62737650,51.0,40.0,35.0
https://www.redfin.com/MO/Saint-Louis/4965-Lilburn-Ave-63115/home/93756184,30.0,41.0,41.0
https://www.redfin.com/MO/Saint-Louis/1919-Belt-Ave-63112/home/93739032,59.0,42.0,55.0
https://www.redfin.com/MO/Saint-Louis/4652-Tennessee-Ave-63111/home/93707226,74.0,40.0,53.0
https://www.redfin.com/MO/Saint-Louis/5930-Shulte-Ave-63136/home/93758953,64.0,38.0,61.0
https://www.redfin.com/MO/Saint-Louis/2630-Arsenal-St-63118/home/93697115,87.0,43.0,58.0
https://www.redfin.com/MO/Saint-Louis/4625-Kossuth-Ave-63115/home/93733711,57.0,40.0,38.0
https://www.redfin.com/MO/Saint-Louis/963-Canaan-Ave-63147/home/93756369,53.0,46.0,48.0
https://www.redfin.com/MO/Saint-Louis/2927-Harper-St-63107/home/93698835,69.0,46.0,60.0
https://www.redfin.com/MO/Saint-Louis/4307-Randall-Pl-63107/home/93703612,40.0,42.0,49.0
https://www.redfin.com/MO/Saint-Louis/8800-Jordan-Ave-63147/home/93783349,39.0,48.0,45.0
https://www.redfin.com/MO/Saint-Louis/1337-Walton-Ave-63113/home/93720721,66.0,43.0,58.0
https://www.redfin.com/MO/Saint-Louis/5220-Highland-Ave-63113/home/93737923,59.0,41.0,51.0
https://www.redfin.com/MO/Saint-Louis/4514-Bircher-Blvd-63115/home/93734637,42.0,44.0,39.0
https://www.redfin.com/MO/Saint-Louis/5920-Floy-Ave-63147/home/93769003,66.0,39.0,54.0
https://www.redfin.com/MO/Saint-Louis/711-Gimblin-Rd-63147/home/93731691,61.0,39.0,48.0
https://www.redfin.com/MO/Saint-Louis/4403-Cottage-Ave-63113/home/93717880,60.0,41.0,51.0
https://www.redfin.com/MO/Saint-Louis/5875-Roosevelt-Pl-63120/home/93777758,38.0,40.0,43.0
https://www.redfin.com/MO/Saint-Louis/1652-McLaran-Ave-63147/home/93732167,45.0,41.0,48.0
https://www.redfin.com/MO/Saint-Louis/1001-Veronica-Ave-63147/home/93755611,60.0,43.0,54.0
https://www.redfin.com/MO/Saint-Louis/4215-W-Page-Blvd-63113/home/93719033,66.0,42.0,56.0
https://www.redfin.com/MO/Saint-Louis/5054-Thrush-Ave-63120/home/93757577,41.0,37.0,37.0
https://www.redfin.com/MO/Saint-Louis/4112-Turner-Ave-63115/home/93734779,58.0,40.0,46.0
https://www.redfin.com/MO/Saint-Louis/1008-Wall-St-63147/home/93760924,57.0,44.0,55.0
https://www.redfin.com/MO/Saint-Louis/3425-Itaska-St-63111/home/93707193,73.0,41.0,54.0
https://www.redfin.com/MO/Saint-Louis/8845-Portland-Ter-63147/home/93783295,28.0,48.0,43.0
https://www.redfin.com/MO/Saint-Louis/5041-Lotus-Ave-63113/home/93738024,64.0,41.0,50.0
https://www.redfin.com/MO/Saint-Louis/3744-Blow-St-63116/home/93711943,45.0,37.0,59.0
https://www.redfin.com/MO/Saint-Louis/4110-Oregon-Ave-63118/home/93705075,76.0,43.0,58.0
https://www.redfin.com/MO/Saint-Louis/6343-Amelia-Ave-63120/home/93778225,49.0,,47.0
https://www.redfin.com/MO/Saint-Louis/1026-Hornsby-Ave-63147/home/93755602,60.0,43.0,54.0
https://www.redfin.com/MO/Saint-Louis/322-E-Davis-St-63111/home/93711372,58.0,33.0,55.0
https://www.redfin.com/MO/Saint-Louis/5407-Genevieve-Ave-63120/home/93762890,54.0,37.0,37.0
https://www.redfin.com/MO/Saint-Louis/4234-Shreve-Ave-63115/home/93733413,59.0,40.0,42.0
https://www.redfin.com/MO/Saint-Louis/4500-Carter-Ave-63115/home/62746336,51.0,43.0,33.0
https://www.redfin.com/MO/Saint-Louis/2248-Sullivan-Ave-63107/home/93687497,60.0,44.0,58.0
https://www.redfin.com/MO/Saint-Louis/5949-McArthur-Ave-63120/home/93768543,63.0,37.0,52.0
https://www.redfin.com/MO/Saint-Louis/2015-Chippewa-St-63118/home/93696852,78.0,40.0,51.0
https://www.redfin.com/MO/Saint-Louis/4545-Alice-Ave-63115/home/93713956,49.0,44.0,56.0
https://www.redfin.com/MO/Saint-Louis/4669-Elmbank-Ave-63115/home/93735917,60.0,40.0,45.0
https://www.redfin.com/MO/Saint-Louis/3619-Cora-Ave-63115/home/93735643,65.0,40.0,44.0
https://www.redfin.com/MO/Saint-Louis/4228-Red-Bud-Ave-63115/home/93714776,55.0,42.0,51.0
https://www.redfin.com/MO/Saint-Louis/6008-Lucille-Ave-63136/home/93758554,59.0,38.0,58.0
https://www.redfin.com/MO/Saint-Louis/3210-Chippewa-St-63118/home/93695832,80.0,46.0,53.0
https://www.redfin.com/MO/Saint-Louis/3047-Whittier-St-63115/home/62685467,56.0,42.0,45.0
https://www.redfin.com/MO/Saint-Louis/7515-Pennsylvania-Ave-63111/home/93710922,82.0,39.0,69.0
https://www.redfin.com/MO/Saint-Louis/5433-Beacon-Ave-63120/home/87133502,51.0,38.0,39.0
https://www.redfin.com/MO/Saint-Louis/4137-E-Lee-Ave-63115/home/93714992,55.0,43.0,45.0
https://www.redfin.com/MO/Saint-Louis/8415-N-Broadway-63147/home/93754501,61.0,39.0,48.0
https://www.redfin.com/MO/Saint-Louis/6004-N-Pointe-Blvd-63147/home/93770342,64.0,39.0,58.0
https://www.redfin.com/MO/Saint-Louis/4106-Nebraska-Ave-63118/home/93705205,76.0,43.0,58.0
https://www.redfin.com/MO/Saint-Louis/615-Fillmore-St-63111/home/93709044,50.0,40.0,50.0
https://www.redfin.com/MO/Saint-Louis/6300-Pennsylvania-Ave-63111/home/93709595,52.0,37.0,43.0
https://www.redfin.com/MO/Saint-Louis/4274-Penrose-St-63115/home/93714348,61.0,41.0,46.0
https://www.redfin.com/MO/Saint-Louis/836-Harlan-Ave-63147/home/93783036,29.0,48.0,43.0
https://www.redfin.com/MO/Saint-Louis/4307-McRee-Ave-63110/home/93747512,82.0,36.0,79.0
https://www.redfin.com/MO/Saint-Louis/1965-Arlington-Ave-63112/home/62762399,60.0,42.0,54.0
https://www.redfin.com/MO/Saint-Louis/4223-W-Labadie-Ave-63115/home/93736512,60.0,40.0,46.0
https://www.redfin.com/MO/Saint-Louis/3964-Botanical-Ave-63110/home/93746222,69.0,38.0,67.0
https://www.redfin.com/MO/Saint-Louis/4030-Russell-Blvd-63110/home/93747145,71.0,38.0,61.0
https://www.redfin.com/MO/Saint-Louis/2348-Hickory-St-63104/home/93700619,79.0,46.0,63.0
https://www.redfin.com/MO/Saint-Louis/1811-Rutger-St-63104/home/93685618,85.0,59.0,63.0
https://www.redfin.com/MO/Saint-Louis/2909-Accomac-St-63104/home/93691030,78.0,41.0,60.0
https://www.redfin.com/MO/Saint-Louis/4248-Flad-Ave-63110/home/93746876,74.0,31.0,71.0
https://www.redfin.com/MO/Saint-Louis/3030-Hawthorne-Blvd-63104/home/93690745,75.0,39.0,59.0
https://www.redfin.com/MO/Saint-Louis/3822-Humphrey-St-63116/home/103204133,79.0,44.0,65.0
https://www.redfin.com/MO/Saint-Louis/3839-Shaw-Blvd-63110/home/93760777,69.0,39.0,60.0
https://www.redfin.com/MO/Saint-Louis/6239-Alamo-Ave-63105/home/93768145,79.0,33.0,90.0
https://www.redfin.com/MO/Saint-Louis/2-W-Pine-Ct-63108/home/62748683,87.0,57.0,66.0
https://www.redfin.com/MO/Saint-Louis/1215-Mississippi-Ave-63104/home/62700032,85.0,57.0,63.0
https://www.redfin.com/MO/Saint-Louis/3904-Juniata-St-63116/home/93729943,76.0,40.0,67.0
https://www.redfin.com/MO/Saint-Louis/4561-Washington-Blvd-63108/home/62755214,84.0,45.0,53.0
https://www.redfin.com/MO/Saint-Louis/4053-Connecticut-St-63116/home/93729922,74.0,35.0,62.0
https://www.redfin.com/MO/Saint-Louis/6621-Oleatha-Ave-63139/home/62745834,59.0,39.0,47.0
https://www.redfin.com/MO/Saint-Louis/4237-Hartford-St-63116/home/86202763,77.0,32.0,67.0
https://www.redfin.com/MO/Saint-Louis/3642-Wyoming-St-63116/home/62765499,86.0,44.0,78.0
https://www.redfin.com/MO/Saint-Louis/4020-Flad-Ave-63110/home/93746583,74.0,36.0,62.0
https://www.redfin.com/MO/Saint-Louis/2361-S-39th-St-63110/home/93746137,74.0,40.0,71.0
https://www.redfin.com/MO/Saint-Louis/3893-Humphrey-St-63116/home/93728444,76.0,42.0,67.0
https://www.redfin.com/MO/Saint-Louis/6135-McPherson-Ave-63112/home/93760397,78.0,56.0,76.0
https://www.redfin.com/MO/Saint-Louis/2336-Menard-St-63104/home/93686066,88.0,38.0,59.0
https://www.redfin.com/MO/Saint-Louis/3424-Halliday-Ave-63118/home/93692388,84.0,44.0,79.0
https://www.redfin.com/MO/Saint-Louis/4496-Laclede-Ave-63108/home/93662285,84.0,58.0,66.0
https://www.redfin.com/MO/Saint-Louis/3860-Juniata-St-63116/home/93728354,76.0,41.0,70.0
https://www.redfin.com/MO/Saint-Louis/1220-S-18th-St-63104/home/93686011,86.0,58.0,65.0
https://www.redfin.com/MO/Saint-Louis/6758-Neosho-St-63109/home/93781443,65.0,45.0,56.0
https://www.redfin.com/MO/Saint-Louis/4176-Folsom-Ave-63110/home/176876175,78.0,35.0,75.0
https://www.redfin.com/MO/Saint-Louis/4038-Botanical-Ave-63110/home/93746663,70.0,36.0,64.0
https://www.redfin.com/MO/Saint-Louis/1032-Geyer-Ave-63104/home/93685669,88.0,38.0,61.0
https://www.redfin.com/MO/Saint-Louis/6305-Devonshire-Ave-63109/home/93780095,83.0,38.0,63.0
https://www.redfin.com/MO/Saint-Louis/1920-Victor-St-63104/home/93691526,78.0,42.0,60.0
https://www.redfin.com/MO/Saint-Louis/3618-Arsenal-St-63116/home/93699876,87.0,43.0,81.0
https://www.redfin.com/MO/Saint-Louis/4427-Vista-Ave-63110/home/169425114,79.0,45.0,80.0
https://www.redfin.com/MO/Saint-Louis/3728-Arsenal-St-63116/home/93699856,83.0,42.0,77.0
https://www.redfin.com/MO/Saint-Louis/6758-Delor-St-63109/home/93781395,58.0,42.0,60.0
https://www.redfin.com/MO/St-Louis/2225-Hickory-63104/home/186089734,79.0,54.0,56.0
https://www.redfin.com/MO/Saint-Louis/3877-Utah-Pl-63116/home/93728589,76.0,44.0,61.0
https://www.redfin.com/MO/Saint-Louis/3315-Shenandoah-Ave-63104/home/93691091,77.0,42.0,72.0
https://www.redfin.com/MO/Saint-Louis/2721-January-Ave-63139/home/93727173,82.0,32.0,62.0
https://www.redfin.com/MO/Saint-Louis/929-Buena-Vista-Ave-63105/home/93768143,78.0,35.0,89.0
https://www.redfin.com/MO/Saint-Louis/1214-S-18th-St-63104/home/143286334,86.0,58.0,65.0
https://www.redfin.com/MO/Saint-Louis/4456-Maryland-Ave-63108/home/93724883,80.0,54.0,66.0
https://www.redfin.com/MO/Saint-Louis/5843-Delor-St-63109/home/93769011,84.0,36.0,53.0
https://www.redfin.com/MO/Saint-Louis/2116-Hereford-St-63110/home/173620185,84.0,33.0,69.0
https://www.redfin.com/MO/St-Louis/6299-Magnolia-Ave-63139/home/194558193,63.0,33.0,54.0
https://www.redfin.com/MO/St-Louis/4435-Vista-Ave-63110/home/191017328,73.0,44.0,78.0
https://www.redfin.com/MO/Saint-Louis/3919-Hartford-St-63116/home/93749686,74.0,39.0,70.0
https://www.redfin.com/MO/Saint-Louis/5310-Tamm-Ave-63109/home/63495172,72.0,35.0,49.0
https://www.redfin.com/MO/Saint-Louis/5338-Tamm-Ave-63109/home/93779931,72.0,35.0,49.0
https://www.redfin.com/MO/Saint-Louis/3837-Utah-Pl-63116/home/93728583,79.0,44.0,65.0
https://www.redfin.com/MO/Saint-Louis/4418-Vista-Ave-63110/home/93726107,79.0,45.0,80.0
https://www.redfin.com/MO/Saint-Louis/4941-Botanical-Ave-63110/home/93743953,77.0,32.0,70.0
https://www.redfin.com/MO/Saint-Louis/4121-Shenandoah-Ave-63110/home/93746479,72.0,34.0,66.0
https://www.redfin.com/MO/Saint-Louis/4143-Blaine-Ave-63110/home/93747464,71.0,39.0,71.0
https://www.redfin.com/MO/Saint-Louis/4133-Botanical-Ave-63110/home/93746370,71.0,35.0,68.0
https://www.redfin.com/MO/Saint-Louis/3641-Wyoming-St-63116/home/93700071,86.0,44.0,78.0
https://www.redfin.com/MO/St-Louis/6301-Magnolia-Ave-63139/home/194009231,63.0,33.0,54.0
https://www.redfin.com/MO/Saint-Louis/4176-Blaine-Ave-63110/home/93684869,78.0,35.0,75.0
https://www.redfin.com/MO/Saint-Louis/3863-Utah-Pl-63116/home/93684209,76.0,44.0,61.0
https://www.redfin.com/MO/Saint-Louis/2401-S-13th-St-63104/home/93686681,86.0,41.0,58.0
https://www.redfin.com/MO/Saint-Louis/1959-Lynch-St-63118/home/93677876,85.0,42.0,59.0
https://www.redfin.com/MO/Saint-Louis/1303-Childress-Ave-63139/home/62757834,75.0,34.0,52.0
https://www.redfin.com/MO/Saint-Louis/2340-S-12th-St-63104/home/93686132,87.0,40.0,58.0
https://www.redfin.com/MO/Saint-Louis/1822-Hickory-St-63104/home/62700814,85.0,59.0,63.0
https://www.redfin.com/MO/Saint-Louis/4719-Clifton-Ave-63109/home/62693434,86.0,36.0,59.0
https://www.redfin.com/MO/Saint-Louis/3832-Utah-Pl-63116/home/93700028,79.0,44.0,65.0
https://www.redfin.com/MO/Saint-Louis/3714-Wyoming-St-63116/home/93700100,82.0,44.0,74.0
https://www.redfin.com/MO/Saint-Louis/2518-S-12th-St-63104/home/173618256,86.0,40.0,56.0
https://www.redfin.com/MO/Saint-Louis/4433-Vista-Ave-63110/home/169425116,73.0,44.0,78.0
https://www.redfin.com/MO/Saint-Louis/4154-Shenandoah-Ave-63110/home/62750067,71.0,35.0,68.0
https://www.redfin.com/MO/Saint-Louis/2630-Tennessee-Ave-63118/home/93692191,82.0,43.0,77.0
https://www.redfin.com/MO/Saint-Louis/3929-Burgen-Ave-63116/home/93781490,57.0,35.0,51.0
https://www.redfin.com/MO/Saint-Louis/4667-Louisiana-Ave-63111/home/93707159,74.0,41.0,55.0
https://www.redfin.com/MO/Saint-Louis/4107-Robert-Ave-63116/home/93784104,51.0,31.0,59.0
https://www.redfin.com/MO/Saint-Louis/7024-W-Park-Ave-63117/home/62753160,60.0,30.0,54.0
https://www.redfin.com/MO/Saint-Louis/4037-Robert-Ave-63116/home/62700486,51.0,29.0,63.0
https://www.redfin.com/MO/Saint-Louis/6059-Wanda-Ave-63116/home/62765968,70.0,35.0,71.0
https://www.redfin.com/MO/Saint-Louis/10068-Lookaway-Dr-63137/home/93672592,14.0,24.0,41.0
https://www.redfin.com/MO/Saint-Louis/3828-McRee-Ave-63110/home/93760802,47.0,40.0,54.0
https://www.redfin.com/MO/Saint-Louis/1533-Gieseking-Ln-63147/home/93732276,42.0,39.0,47.0
https://www.redfin.com/MO/Saint-Louis/4123-Blow-St-63116/home/93772919,59.0,33.0,65.0
https://www.redfin.com/MO/Saint-Louis/5005-Parker-Ave-63139/home/93777171,70.0,37.0,48.0
https://www.redfin.com/MO/Saint-Louis/5178-Eichelberger-St-63109/home/93769483,71.0,39.0,51.0
https://www.redfin.com/MO/Saint-Louis/6703-Vermont-Ave-63111/home/93710029,59.0,41.0,69.0
https://www.redfin.com/MO/Saint-Louis/1739-Grape-Ave-63147/home/93778759,53.0,42.0,49.0
https://www.redfin.com/MO/Saint-Louis/5417-Rhodes-Ave-63109/home/93771274,70.0,39.0,47.0
https://www.redfin.com/MO/Saint-Louis/3460-Regal-Pl-63139/home/93780846,58.0,37.0,47.0
https://www.redfin.com/MO/Saint-Louis/4264-Hartford-St-63116/home/93749883,80.0,31.0,68.0
https://www.redfin.com/MO/Saint-Louis/5121-Rosa-Ave-63109/home/93769614,71.0,39.0,54.0
https://www.redfin.com/MO/Saint-Louis/4033-Weber-Rd-63123/home/93783890,20.0,21.0,49.0
https://www.redfin.com/MO/Saint-Louis/5250-Murdoch-Ave-63109/home/93753457,74.0,40.0,54.0
https://www.redfin.com/MO/Saint-Louis/4131-Utah-St-63116/home/79031579,68.0,41.0,50.0
https://www.redfin.com/MO/Saint-Louis/3823-Michigan-Ave-63118/home/93695733,75.0,46.0,51.0
https://www.redfin.com/MO/Saint-Louis/6412-Lansdowne-Ave-63109/home/93779781,77.0,41.0,66.0
https://www.redfin.com/MO/Saint-Louis/4080-Wilmington-Ave-63116/home/93770838,56.0,34.0,57.0
https://www.redfin.com/MO/Saint-Louis/5208-Gresham-Ave-63109/home/93764561,70.0,40.0,53.0
https://www.redfin.com/MO/Saint-Louis/4435-Itaska-St-63116/home/93764123,78.0,40.0,64.0
https://www.redfin.com/MO/Saint-Louis/1318-Kraft-St-63139/home/93750061,65.0,33.0,53.0
https://www.redfin.com/MO/Saint-Louis/6627-Winona-Ave-63109/home/93774969,63.0,45.0,50.0
https://www.redfin.com/MO/Saint-Louis/7404-Yates-St-63116/home/93784811,30.0,27.0,48.0
https://www.redfin.com/MO/Saint-Louis/5319-Itaska-St-63109/home/93767034,73.0,40.0,46.0
https://www.redfin.com/MO/Saint-Louis/2204-Menard-St-63104/home/93686413,88.0,38.0,58.0
https://www.redfin.com/MO/Saint-Louis/3890-McDonald-Ave-63116/home/93730346,79.0,44.0,52.0
https://www.redfin.com/MO/Saint-Louis/4646-S-Grand-Blvd-63111/home/93706511,74.0,40.0,53.0
https://www.redfin.com/MO/Saint-Louis/2725-January-Ave-63139/home/62729734,82.0,32.0,62.0
https://www.redfin.com/MO/Saint-Louis/5527-Goethe-Ave-63109/home/93775707,70.0,38.0,49.0
https://www.redfin.com/MO/Saint-Louis/4322-Holly-Hills-Blvd-63116/home/93769709,71.0,34.0,70.0
https://www.redfin.com/MO/Saint-Louis/6315-Winona-Ave-63109/home/93782101,86.0,39.0,68.0
https://www.redfin.com/MO/Saint-Louis/4718-Newport-Ave-63116/home/93768304,75.0,37.0,62.0
https://www.redfin.com/MO/Saint-Louis/3136-Nebraska-Ave-63118/home/93692947,86.0,44.0,66.0
https://www.redfin.com/MO/Saint-Louis/3811-Fillmore-St-63116/home/93773612,60.0,36.0,62.0
https://www.redfin.com/MO/Saint-Louis/6124-Westminster-Pl-63112/home/93760331,87.0,56.0,70.0
https://www.redfin.com/MO/Saint-Louis/3993-Dover-Pl-63116/home/93774794,54.0,34.0,53.0
https://www.redfin.com/MO/Saint-Louis/6400-Myrlette-Ct-63116/home/93783566,67.0,37.0,66.0
https://www.redfin.com/MO/Saint-Louis/1464-Graham-St-63139/home/62728030,75.0,34.0,44.0
https://www.redfin.com/MO/Saint-Louis/2640-Ann-Ave-63104/home/93690678,83.0,40.0,62.0
https://www.redfin.com/MO/Saint-Louis/2830-59th-St-63139/home/93726750,76.0,32.0,69.0
https://www.redfin.com/MO/Saint-Louis/5811-Oleatha-Ave-63139/home/93780603,80.0,37.0,61.0
https://www.redfin.com/MO/Saint-Louis/5312-Nagel-Ave-63109/home/93771165,55.0,40.0,51.0
https://www.redfin.com/MO/Saint-Louis/6635-Devonshire-Ave-63109/home/93779514,69.0,45.0,60.0
https://www.redfin.com/MO/Saint-Louis/4151-Fillmore-St-63116/home/93776109,63.0,34.0,65.0
https://www.redfin.com/MO/Saint-Louis/6932-Garner-Ave-63139/home/93741054,70.0,29.0,55.0
https://www.redfin.com/MO/Saint-Louis/5618-Fyler-Ave-63139/home/93743037,52.0,32.0,41.0
https://www.redfin.com/MO/Saint-Louis/5217-Bonita-Ave-63109/home/93769411,67.0,40.0,49.0
https://www.redfin.com/MO/Saint-Louis/4420-Sexauer-Ave-63115/home/62728906,54.0,41.0,39.0
https://www.redfin.com/MO/Saint-Louis/5618-Nottingham-Ave-63109/home/93767812,81.0,38.0,56.0
https://www.redfin.com/MO/Saint-Louis/6015-Arthur-Ave-63139/home/93742988,73.0,32.0,62.0
https://www.redfin.com/MO/Saint-Louis/3328-Lemp-Ave-63118/home/93694165,84.0,40.0,60.0
https://www.redfin.com/MO/Saint-Louis/4614-S-39th-St-63116/home/93767669,57.0,41.0,48.0
https://www.redfin.com/MO/Saint-Louis/5724-Rosa-Ave-63109/home/62751995,58.0,36.0,49.0
https://www.redfin.com/MO/Saint-Louis/6266-Marmaduke-Ave-63139/home/93767693,57.0,32.0,65.0
https://www.redfin.com/MO/Saint-Louis/3010-Salena-St-63118/home/62722469,84.0,42.0,50.0
https://www.redfin.com/MO/Saint-Louis/4632-Varrelmann-Ave-63116/home/93757092,77.0,38.0,71.0
https://www.redfin.com/MO/Saint-Louis/3815-Tamm-Ave-63109/home/62748599,81.0,39.0,68.0
https://www.redfin.com/MO/Saint-Louis/3516-Magnolia-Ave-63118/home/93692363,84.0,43.0,79.0
https://www.redfin.com/MO/Saint-Louis/5251-Walsh-St-63109/home/93768008,71.0,39.0,46.0
https://www.redfin.com/MO/Saint-Louis/3924-Parker-Ave-63116/home/93729236,75.0,43.0,46.0
https://www.redfin.com/MO/Saint-Louis/4066-McRee-Ave-63110/home/109914648,69.0,39.0,63.0
https://www.redfin.com/MO/Saint-Louis/2859-Ohio-Ave-63118/home/93691709,84.0,42.0,63.0
https://www.redfin.com/MO/Saint-Louis/8725-Goodfellow-Blvd-63147/home/93778666,52.0,,44.0
https://www.redfin.com/MO/Saint-Louis/4410-S-Spring-Ave-63116/home/93730882,64.0,42.0,49.0
https://www.redfin.com/MO/Saint-Louis/2026-Sidney-St-63104/home/93697729,86.0,42.0,63.0
https://www.redfin.com/MO/Saint-Louis/6122-McPherson-Ave-63112/home/93760243,72.0,56.0,76.0
https://www.redfin.com/MO/Saint-Louis/2810-Norwood-Ave-63115/home/93737485,64.0,41.0,50.0
https://www.redfin.com/MO/Saint-Louis/6569-Pernod-Ave-63139/home/73953641,64.0,40.0,53.0
https://www.redfin.com/MO/Saint-Louis/3917-Crosby-Dr-63123/home/93784807,5.0,26.0,44.0
https://www.redfin.com/MO/Saint-Louis/7221-Field-Ave-63116/home/93679222,42.0,35.0,58.0
https://www.redfin.com/MO/Saint-Louis/6179-Kingsbury-Ave-63112/home/93760349,90.0,55.0,71.0
https://www.redfin.com/MO/Saint-Louis/5226-Elizabeth-Ave-63110/home/93727559,85.0,31.0,57.0
https://www.redfin.com/MO/Saint-Louis/2845-Chippewa-St-63118/home/93696482,77.0,44.0,57.0
https://www.redfin.com/MO/Saint-Louis/5544-Murdoch-Ave-63109/home/93753439,77.0,38.0,55.0
https://www.redfin.com/MO/Saint-Louis/3704-Palm-St-63107/home/62773859,73.0,45.0,60.0
https://www.redfin.com/MO/Saint-Louis/1115-Forest-Ave-63139/home/92933525,65.0,31.0,63.0
https://www.redfin.com/MO/Saint-Louis/5648-Marquette-Ave-63139/home/88443158,64.0,37.0,48.0
https://www.redfin.com/MO/Saint-Louis/6963-Sutherland-Ave-63109/home/93774257,58.0,49.0,66.0
https://www.redfin.com/MO/Saint-Louis/6633-Tholozan-Ave-63109/home/93775075,59.0,41.0,48.0
https://www.redfin.com/MO/Saint-Louis/5205-S-Kingshighway-Blvd-63109/home/93766882,73.0,39.0,51.0
https://www.redfin.com/MO/Saint-Louis/3927-Childress-Ave-63109/home/93778383,81.0,40.0,68.0
https://www.redfin.com/MO/Saint-Louis/4967-Parker-Ave-63139/home/93777151,72.0,36.0,52.0
https://www.redfin.com/MO/Saint-Louis/6329-Potomac-St-63139/home/62735103,70.0,38.0,65.0
https://www.redfin.com/MO/Saint-Louis/4950-Quincy-St-63109/home/93758332,65.0,40.0,57.0
https://www.redfin.com/MO/Saint-Louis/3166-Pennsylvania-Ave-63118/home/93692984,84.0,45.0,72.0
https://www.redfin.com/MO/Saint-Louis/4125-Miami-St-63116/home/62712295,63.0,42.0,55.0
https://www.redfin.com/MO/Saint-Louis/5456-Gravois-Ave-63116/home/93757183,81.0,36.0,70.0
https://www.redfin.com/MO/Saint-Louis/6830-Glades-Ave-63139/home/93741076,67.0,29.0,47.0
https://www.redfin.com/MO/Saint-Louis/5039-Grace-Ave-63116/home/93742558,71.0,39.0,58.0
https://www.redfin.com/MO/Saint-Louis/6127-Alaska-Ave-63111/home/93709535,59.0,40.0,56.0
https://www.redfin.com/MO/Saint-Louis/5732-Winona-Ave-63109/home/62749480,85.0,38.0,56.0
https://www.redfin.com/MO/Saint-Louis/6718-Oleatha-Ave-63139/home/86019215,54.0,40.0,44.0
https://www.redfin.com/MO/Saint-Louis/4008-Blaine-Ave-63110/home/93680533,57.0,40.0,54.0
https://www.redfin.com/MO/Saint-Louis/4464-Lee-Ave-63115/home/93733884,56.0,40.0,40.0
https://www.redfin.com/MO/Saint-Louis/3854-Loughborough-Ave-63116/home/93773254,47.0,35.0,61.0
https://www.redfin.com/MO/Saint-Louis/1334-Fairmount-Ct-63139/home/93750072,57.0,33.0,42.0
https://www.redfin.com/MO/Saint-Louis/2315-Russell-Blvd-63104/home/93690684,82.0,40.0,68.0
https://www.redfin.com/MO/Saint-Louis/3431-Indiana-Ave-63118/home/93694649,93.0,42.0,60.0
https://www.redfin.com/MO/Saint-Louis/5454-Gresham-Ave-63109/home/93769396,61.0,40.0,50.0
https://www.redfin.com/MO/Saint-Louis/1719-Edwards-St-63110/home/93726508,69.0,31.0,62.0
https://www.redfin.com/MO/Saint-Louis/2909-McNair-Ave-63118/home/93699038,86.0,43.0,51.0
https://www.redfin.com/MO/Saint-Louis/4114-McDonald-Ave-63116/home/93728856,68.0,41.0,50.0
https://www.redfin.com/MO/Saint-Louis/5636-Marquette-Ave-63139/home/93780701,64.0,37.0,48.0
https://www.redfin.com/MO/Saint-Louis/5939-Hilgard-Pl-63109/home/93784028,64.0,33.0,54.0
https://www.redfin.com/MO/Saint-Louis/6024-Scanlan-Ave-63139/home/93742954,62.0,32.0,66.0
https://www.redfin.com/MO/Saint-Louis/8624-Riverview-Blvd-63147/home/93730749,48.0,39.0,47.0
https://www.redfin.com/MO/Saint-Louis/5123-Goethe-Ave-63109/home/77446731,71.0,39.0,54.0
https://www.redfin.com/MO/Saint-Louis/5621-Botanical-Ave-63110/home/68108481,82.0,33.0,53.0
https://www.redfin.com/MO/Saint-Louis/3310-Michigan-Ave-63118/home/62771703,89.0,45.0,66.0
https://www.redfin.com/MO/Saint-Louis/5556-Arthur-Ave-63139/home/93742752,44.0,37.0,43.0
https://www.redfin.com/MO/Saint-Louis/4744-Bonita-Ave-63116/home/93766459,76.0,39.0,61.0
https://www.redfin.com/MO/Saint-Louis/4323-Bingham-Ave-63116/home/93771913,77.0,40.0,69.0
https://www.redfin.com/MO/Saint-Louis/925-Riverview-Blvd-63147/home/93783208,44.0,48.0,48.0
https://www.redfin.com/MO/Saint-Louis/6036-Horton-Pl-63112/home/93723563,43.0,49.0,44.0
https://www.redfin.com/MO/Saint-Louis/6011-S-Grand-Blvd-63111/home/93772421,68.0,39.0,62.0
https://www.redfin.com/MO/Saint-Louis/4254-McRee-Ave-63110/home/62720952,79.0,35.0,73.0
https://www.redfin.com/MO/Saint-Louis/5750-Gresham-Ave-63109/home/82734593,66.0,37.0,53.0
https://www.redfin.com/MO/Saint-Louis/2703-Pestalozzi-St-63118/home/93691711,84.0,42.0,63.0
https://www.redfin.com/MO/Saint-Louis/2638-Park-Ave-63104/home/93700724,80.0,38.0,63.0
https://www.redfin.com/MO/Saint-Louis/2520-California-Ave-63104/home/93699948,85.0,42.0,63.0
https://www.redfin.com/MO/Saint-Louis/6412-Potomac-St-63139/home/93775208,69.0,38.0,64.0
https://www.redfin.com/MO/Saint-Louis/5727-Winona-Ave-63109/home/93780968,85.0,38.0,56.0
https://www.redfin.com/MO/Saint-Louis/4747-Milentz-Ave-63116/home/93756831,78.0,38.0,66.0
https://www.redfin.com/MO/Saint-Louis/2922-Sidney-St-63104/home/93699577,82.0,43.0,66.0
https://www.redfin.com/MO/Saint-Louis/7124-Marwinette-Ave-63116/home/93784068,36.0,32.0,59.0
https://www.redfin.com/MO/Saint-Louis/2834-Mount-Pleasant-St-63111/home/62739023,44.0,37.0,43.0
https://www.redfin.com/MO/Saint-Louis/2339-Sulphur-Ave-63139/home/93741606,69.0,32.0,37.0
https://www.redfin.com/MO/Saint-Louis/1523-Graham-St-63139/home/93761909,71.0,31.0,44.0
https://www.redfin.com/MO/Saint-Louis/7121-Leona-St-63116/home/93784106,51.0,29.0,63.0
https://www.redfin.com/MO/Saint-Louis/1615-Veronica-Ave-63147/home/93731838,56.0,42.0,59.0
https://www.redfin.com/MO/Saint-Louis/3025-Mount-Pleasant-St-63111/home/93706256,56.0,39.0,51.0
https://www.redfin.com/MO/Saint-Louis/8111-Southpark-Ct-63125/home/93785118,32.0,34.0,43.0
https://www.redfin.com/MO/Saint-Louis/3829-Burgen-Ave-63116/home/93781505,57.0,36.0,51.0
https://www.redfin.com/MO/Saint-Louis/3215-Jasper-Park-63139/home/93742960,53.0,32.0,47.0
https://www.redfin.com/MO/Saint-Louis/7300-Vermont-Ave-63111/home/62725111,77.0,42.0,77.0
https://www.redfin.com/MO/Saint-Louis/4533-Ray-Ave-63116/home/93756010,70.0,39.0,59.0
https://www.redfin.com/MO/Saint-Louis/2828-59th-St-63139/home/93726749,76.0,32.0,69.0
https://www.redfin.com/MO/Saint-Louis/2217-Keokuk-St-63118/home/93696829,76.0,40.0,52.0
https://www.redfin.com/MO/Saint-Louis/5425-Bates-St-63116/home/93767474,79.0,37.0,71.0
https://www.redfin.com/MO/Saint-Louis/2225-Richert-Pl-63143/home/93741480,83.0,30.0,69.0
https://www.redfin.com/MO/Saint-Louis/7122-Picadilly-Ave-63143/home/81570103,47.0,27.0,48.0
https://www.redfin.com/MO/Saint-Louis/2702-Indiana-Ave-63118/home/93697785,85.0,41.0,63.0
https://www.redfin.com/MO/Saint-Louis/5221-Delor-St-63109/home/93766693,70.0,40.0,51.0
https://www.redfin.com/MO/Saint-Louis/6591-Scanlan-Ave-63139/home/93742252,57.0,33.0,60.0
https://www.redfin.com/MO/Saint-Louis/3415-Vista-Ave-63104/home/93700940,53.0,39.0,52.0
https://www.redfin.com/MO/Saint-Louis/7200-Lanham-Ave-63143/home/93743627,88.0,30.0,72.0
https://www.redfin.com/MO/Saint-Louis/5015-Gerritt-Ave-63116/home/62710610,66.0,36.0,44.0
https://www.redfin.com/MO/Saint-Louis/5920-Morganford-Rd-63116/home/93776115,63.0,34.0,65.0
https://www.redfin.com/MO/Saint-Louis/6020-Potomac-St-63139/home/88995357,79.0,38.0,64.0
https://www.redfin.com/MO/Saint-Louis/3956-Connecticut-St-63116/home/93729642,71.0,38.0,67.0
https://www.redfin.com/MO/Saint-Louis/5251-Pernod-Ave-63139/home/93777338,65.0,38.0,61.0
https://www.redfin.com/MO/Saint-Louis/4222-Flad-Ave-63110/home/62764603,75.0,29.0,71.0
https://www.redfin.com/MO/Saint-Louis/4955-Nagel-Ave-63109/home/93758304,61.0,41.0,54.0
https://www.redfin.com/MO/Saint-Louis/3442-Chippewa-St-63118/home/93695359,82.0,47.0,56.0
https://www.redfin.com/MO/Saint-Louis/2801-Missouri-Ave-63118/home/93677429,86.0,42.0,60.0
https://www.redfin.com/MO/Saint-Louis/5242-Quincy-St-63109/home/93758225,58.0,40.0,50.0
https://www.redfin.com/MO/Saint-Louis/3139-Mount-Pleasant-St-63111/home/93706190,66.0,40.0,56.0
https://www.redfin.com/MO/Saint-Louis/3710-Berger-Ave-63109/home/93779094,48.0,45.0,52.0
https://www.redfin.com/MO/Saint-Louis/7827-Clymer-Dr-63123/home/93784965,3.0,24.0,33.0
https://www.redfin.com/MO/Saint-Louis/5455-Walsh-St-63109/home/62696031,74.0,39.0,48.0
https://www.redfin.com/MO/Saint-Louis/4441-Oakland-Ave-63110/home/93751248,83.0,54.0,81.0
https://www.redfin.com/MO/Saint-Louis/6648-Dale-Ave-63139/home/93741217,60.0,32.0,38.0
https://www.redfin.com/MO/Saint-Louis/4822-Hamburg-Ave-63123/home/93759311,51.0,40.0,55.0
https://www.redfin.com/MO/Saint-Louis/5746-Pernod-Ave-63139/home/62717562,83.0,37.0,61.0
https://www.redfin.com/MO/Saint-Louis/3933-McDonald-Ave-63116/home/93729377,75.0,43.0,46.0
https://www.redfin.com/MO/Saint-Louis/6028-Potomac-St-63139/home/62751224,79.0,38.0,64.0
https://www.redfin.com/MO/Saint-Louis/6444-Plateau-Ave-63139/home/93740836,72.0,33.0,49.0
https://www.redfin.com/MO/Saint-Louis/1112-Hornsby-Ave-63147/home/93760917,59.0,44.0,57.0
https://www.redfin.com/MO/Saint-Louis/5716-Winona-Ave-63109/home/93780869,80.0,38.0,57.0
https://www.redfin.com/MO/Saint-Louis/5252-Botanical-Ave-63110/home/93727589,86.0,34.0,55.0
https://www.redfin.com/MO/Saint-Louis/4978-Odell-St-63139/home/62725667,72.0,32.0,60.0
https://www.redfin.com/MO/Saint-Louis/5828-Pamplin-Ave-63147/home/93770356,68.0,39.0,58.0
https://www.redfin.com/MO/Saint-Louis/5717-Lansdowne-Ave-63109/home/93752731,81.0,38.0,54.0
https://www.redfin.com/MO/Saint-Louis/3420-Humphrey-St-63118/home/93671832,90.0,45.0,82.0
https://www.redfin.com/MO/Saint-Louis/3940-Randall-St-63116/home/62748904,64.0,38.0,43.0
https://www.redfin.com/MO/Saint-Louis/5712-Floy-Ave-63136/home/93765406,65.0,39.0,51.0
https://www.redfin.com/MO/Saint-Louis/2636-Hereford-St-63139/home/93727617,79.0,32.0,67.0
https://www.redfin.com/MO/Saint-Louis/4546-Arco-Ave-63110/home/93749278,75.0,56.0,83.0
https://www.redfin.com/MO/Saint-Louis/1226-Sidney-St-63104/home/93686652,86.0,41.0,56.0
https://www.redfin.com/MO/Saint-Louis/3724-Bamberger-Ave-63116/home/62692922,81.0,46.0,61.0
https://www.redfin.com/MO/Saint-Louis/5962-S-Cuba-Ct-63139/home/93775539,72.0,31.0,71.0
https://www.redfin.com/MO/Saint-Louis/3729-Upton-St-63116/home/93712148,45.0,38.0,60.0
https://www.redfin.com/MO/Saint-Louis/5620-Bischoff-Ave-63110/home/62739721,76.0,33.0,48.0
https://www.redfin.com/MO/Saint-Louis/3718-S-Spring-Ave-63116/home/93730228,84.0,46.0,59.0
https://www.redfin.com/MO/Saint-Louis/3408-Winnebago-St-63118/home/93695337,82.0,47.0,54.0
https://www.redfin.com/MO/Saint-Louis/6118-Newport-Ave-63116/home/62732448,58.0,33.0,67.0
https://www.redfin.com/MO/Saint-Louis/6409-Sutherland-Ave-63109/home/93780027,79.0,40.0,69.0
https://www.redfin.com/MO/Saint-Louis/6156-Louisiana-Ave-63111/home/93709515,63.0,40.0,61.0
https://www.redfin.com/MO/Saint-Louis/6650-Odell-St-63139/home/93743853,53.0,32.0,59.0
https://www.redfin.com/MO/Saint-Louis/4862-Goethe-Ave-63116/home/93763271,74.0,38.0,59.0
https://www.redfin.com/MO/Saint-Louis/3817-Childress-Ave-63109/home/62726699,80.0,39.0,67.0
https://www.redfin.com/MO/Saint-Louis/819-Portland-Ter-63147/home/93783298,28.0,48.0,43.0
https://www.redfin.com/MO/Saint-Louis/4227-Prather-Ave-63109/home/93769781,61.0,46.0,50.0
https://www.redfin.com/MO/Saint-Louis/1371-Louisville-Ave-63139/home/62710958,67.0,33.0,43.0
https://www.redfin.com/MO/Saint-Louis/6201-Oleatha-Ave-63139/home/62718380,77.0,38.0,65.0
https://www.redfin.com/MO/Saint-Louis/5633-Walsh-St-63109/home/62767315,78.0,38.0,50.0
https://www.redfin.com/MO/Saint-Louis/5007-Alabama-Ave-63111/home/93707892,71.0,41.0,58.0
https://www.redfin.com/MO/Saint-Louis/5450-Dresden-Ave-63116/home/62711780,75.0,37.0,69.0
https://www.redfin.com/MO/Saint-Louis/3903-Prather-Ave-63109/home/93769756,56.0,45.0,47.0
https://www.redfin.com/MO/Saint-Louis/5947-Summit-Pl-63147/home/93770503,54.0,39.0,56.0
https://www.redfin.com/MO/Saint-Louis/2258-S-Jefferson-Ave-63104/home/93690918,86.0,40.0,65.0
https://www.redfin.com/MO/Saint-Louis/7413-Ray-Ave-63116/home/93784358,37.0,33.0,51.0
https://www.redfin.com/MO/Saint-Louis/6635-Arsenal-St-63139/home/93741807,57.0,33.0,62.0
https://www.redfin.com/MO/Saint-Louis/6453-Colletta-Dr-63139/home/93784581,53.0,33.0,33.0
https://www.redfin.com/MO/Saint-Louis/5405-Michigan-Ave-63111/home/62711080,65.0,39.0,54.0
https://www.redfin.com/MO/Saint-Louis/6553-Lindenwood-Pl-63109/home/93775143,71.0,41.0,59.0
https://www.redfin.com/MO/Saint-Louis/3426-Nebraska-Ave-63118/home/93694320,90.0,45.0,53.0
https://www.redfin.com/MO/Saint-Louis/6215-Southland-Ave-63109/home/62732882,64.0,36.0,55.0
https://www.redfin.com/MO/Saint-Louis/1338-Fairmount-Ct-63139/home/62717950,57.0,33.0,42.0
https://www.redfin.com/MO/Saint-Louis/3241-Geyer-Ave-63104/home/93689578,63.0,39.0,63.0
https://www.redfin.com/MO/Saint-Louis/4151-Quincy-St-63116/home/93772878,65.0,34.0,68.0
https://www.redfin.com/MO/Saint-Louis/2637-Pearl-Ave-63139/home/103203201,84.0,33.0,62.0
https://www.redfin.com/MO/Saint-Louis/5616-Milentz-Ave-63109/home/93771372,72.0,37.0,50.0
https://www.redfin.com/MO/Saint-Louis/4252-Gertrude-Ave-63116/home/93781035,79.0,34.0,68.0
https://www.redfin.com/MO/Saint-Louis/5133-Goethe-Ave-63109/home/93769447,71.0,39.0,54.0
https://www.redfin.com/MO/Saint-Louis/3000-California-Ave-63118/home/93699315,84.0,42.0,62.0
https://www.redfin.com/MO/Saint-Louis/5753-Lindenwood-Ave-63109/home/93780908,85.0,38.0,60.0
https://www.redfin.com/MO/Saint-Louis/3927-Weber-Rd-63123/home/93785639,3.0,25.0,26.0
https://www.redfin.com/MO/Saint-Louis/4448-Itaska-St-63116/home/62751687,77.0,40.0,60.0
https://www.redfin.com/MO/Saint-Louis/5034-Ray-Ave-63116/home/93767090,72.0,36.0,62.0
https://www.redfin.com/MO/Saint-Louis/3332-Nebraska-Ave-63118/home/93693671,90.0,45.0,60.0
https://www.redfin.com/MO/St-Louis/4113-Hartford-St-63116/home/201215071,71.0,35.0,68.0
https://www.redfin.com/MO/Saint-Louis/2332-Hickory-St-63104/home/93700594,79.0,46.0,63.0
https://www.redfin.com/MO/Saint-Louis/1408-E-Linton-Ave-63107/home/93713184,37.0,42.0,44.0
https://www.redfin.com/MO/Saint-Louis/3968-Schiller-Pl-63116/home/93781153,53.0,36.0,43.0
https://www.redfin.com/MO/Saint-Louis/8554-Drury-Ln-63147/home/93732326,42.0,40.0,46.0
https://www.redfin.com/MO/Saint-Louis/6414-Center-Ct-63116/home/93779360,77.0,38.0,64.0
https://www.redfin.com/MO/Saint-Louis/6220-Minnesota-Ave-63111/home/85025438,54.0,38.0,40.0
https://www.redfin.com/MO/St-Louis/1520-Washington-Ave-63103/unit-604/home/168590453,89.0,64.0,62.0
https://www.redfin.com/MO/Saint-Louis/7821-Parkwood-Dr-63123/home/93783865,29.0,36.0,56.0
https://www.redfin.com/MO/Saint-Louis/6023-Elizabeth-Ave-63139/home/93761602,68.0,32.0,34.0
https://www.redfin.com/MO/Saint-Louis/617-Haven-St-63111/home/93709890,59.0,41.0,69.0
https://www.redfin.com/MO/Saint-Louis/5011-Alaska-Ave-63111/home/93707524,72.0,41.0,57.0
https://www.redfin.com/MO/Saint-Louis/4716-Olive-St-63108/home/93709331,89.0,45.0,55.0
https://www.redfin.com/MO/Saint-Louis/5447-Robert-Ave-63109/home/93775961,54.0,40.0,58.0
https://www.redfin.com/MO/Saint-Louis/6107-Alabama-Ave-63111/home/93709179,49.0,40.0,43.0
https://www.redfin.com/MO/Saint-Louis/2918-Wisconsin-Ave-63118/home/93698939,84.0,43.0,52.0
https://www.redfin.com/MO/Saint-Louis/7132-Vermont-Ave-63111/home/93710409,77.0,42.0,77.0
https://www.redfin.com/MO/Saint-Louis/6634-Elmer-Ave-63109/home/79108391,74.0,39.0,60.0
https://www.redfin.com/MO/Saint-Louis/6415-Blow-St-63109/home/93774279,63.0,38.0,53.0
https://www.redfin.com/MO/Saint-Louis/2706-Alhambra-Ct-63118/home/93692269,84.0,42.0,77.0
https://www.redfin.com/MO/Saint-Louis/5139-Goethe-Ave-63109/home/93769443,71.0,39.0,54.0
https://www.redfin.com/MO/Saint-Louis/4410-Wallace-St-63116/home/93763769,81.0,39.0,65.0
https://www.redfin.com/MO/Saint-Louis/4153-Loughborough-Ave-63116/home/93778163,65.0,32.0,70.0
https://www.redfin.com/MO/Saint-Louis/4817-Goethe-Ave-63116/home/93763405,73.0,38.0,64.0
https://www.redfin.com/MO/Saint-Louis/3231-Ohio-Ave-63118/home/93694183,91.0,43.0,56.0
https://www.redfin.com/MO/Saint-Louis/4455-Oakland-Ave-63110/home/93750910,83.0,54.0,81.0
https://www.redfin.com/MO/Saint-Louis/5725-Westminster-Pl-63112/home/93767242,56.0,55.0,73.0
https://www.redfin.com/MO/Saint-Louis/5344-Lansdowne-Ave-63109/home/62733865,73.0,39.0,57.0
https://www.redfin.com/MO/Saint-Louis/4918-Wise-Ave-63110/home/93726654,68.0,50.0,83.0
https://www.redfin.com/MO/Saint-Louis/3409-Macklind-Ave-63139/home/93742744,58.0,37.0,52.0
https://www.redfin.com/MO/Saint-Louis/5433-Donovan-Ave-63109/home/93782781,48.0,36.0,50.0
https://www.redfin.com/MO/Saint-Louis/7109-Canterbury-Ave-63143/home/93745012,64.0,29.0,57.0
https://www.redfin.com/MO/Saint-Louis/4521-Gibson-Ave-63110/home/93750278,80.0,57.0,79.0
https://www.redfin.com/MO/Saint-Louis/5662-Tholozan-Ave-63109/home/93781656,76.0,38.0,57.0
https://www.redfin.com/MO/Saint-Louis/3525-Hartford-St-63118/home/93692682,87.0,43.0,82.0
https://www.redfin.com/MO/Saint-Louis/4934-Walsh-St-63109/home/93767177,71.0,39.0,55.0
https://www.redfin.com/MO/Saint-Louis/3143-Lavender-Ln-63139/home/62740402,69.0,32.0,64.0
https://www.redfin.com/MO/Saint-Louis/4224-McRee-Ave-63110/home/93683808,76.0,35.0,70.0
https://www.redfin.com/MO/Saint-Louis/923-Withnell-Ave-63118/home/93699695,61.0,39.0,47.0
https://www.redfin.com/MO/Saint-Louis/6331-Saloma-Ave-63136/home/93778231,46.0,35.0,41.0
https://www.redfin.com/MO/Saint-Louis/5608-Holly-Hills-Ave-63109/home/93777486,66.0,38.0,50.0
https://www.redfin.com/MO/Saint-Louis/6228-Marquette-Ave-63139/home/93775406,72.0,38.0,64.0
https://www.redfin.com/MO/Saint-Louis/3241-California-Ave-63118/home/93693823,91.0,43.0,59.0
https://www.redfin.com/MO/Saint-Louis/5612-Rosa-Ave-63109/home/66028777,75.0,38.0,50.0
https://www.redfin.com/MO/Saint-Louis/5521-Murdoch-Ave-63109/home/93753279,76.0,39.0,56.0
https://www.redfin.com/MO/Saint-Louis/6518-Odell-St-63139/home/93741808,55.0,33.0,55.0
https://www.redfin.com/MO/Saint-Louis/3138-Clifton-Ave-63139/home/93775742,66.0,32.0,73.0
https://www.redfin.com/MO/Saint-Louis/2119-Chippewa-St-63118/home/93696678,78.0,40.0,51.0
https://www.redfin.com/MO/Saint-Louis/5521-Itaska-St-63109/home/93765274,77.0,38.0,52.0
https://www.redfin.com/MO/Saint-Louis/1178-Riverview-Blvd-63147/home/93760573,65.0,44.0,56.0
https://www.redfin.com/MO/Saint-Louis/6565-Winnebago-St-63109/home/93775081,66.0,43.0,50.0
https://www.redfin.com/MO/Saint-Louis/2628-Indiana-Ave-63118/home/93697767,85.0,41.0,63.0
https://www.redfin.com/MO/Saint-Louis/6539-Bancroft-Ave-63109/home/93775552,76.0,42.0,64.0
https://www.redfin.com/MO/Saint-Louis/3949-Flad-Ave-63110/home/93746633,73.0,37.0,60.0
https://www.redfin.com/MO/Saint-Louis/5208-Murdoch-Ave-63109/home/62734760,76.0,40.0,54.0
https://www.redfin.com/MO/Saint-Louis/4948-Tyrolean-Ave-63109/home/93764360,71.0,40.0,54.0
https://www.redfin.com/MO/Saint-Louis/3920-De-Tonty-St-63110/home/93756966,71.0,39.0,60.0
https://www.redfin.com/MO/Saint-Louis/6136-Victoria-Ave-63139/home/62731294,77.0,34.0,54.0
https://www.redfin.com/MO/Saint-Louis/1624-Forest-Ave-63139/home/93741384,57.0,31.0,43.0
https://www.redfin.com/MO/Saint-Louis/6242-Marmaduke-Ave-63139/home/93767674,63.0,32.0,67.0
https://www.redfin.com/MO/Saint-Louis/4436-Miami-St-63116/home/93756344,75.0,40.0,54.0
https://www.redfin.com/MO/Saint-Louis/3254-Jasper-Park-63139/home/93742796,48.0,32.0,41.0
https://www.redfin.com/MO/Saint-Louis/2922-Virginia-Ave-63118/home/93692639,81.0,44.0,78.0
https://www.redfin.com/MO/Saint-Louis/2846-Accomac-St-63104/home/62738663,80.0,41.0,60.0
https://www.redfin.com/MO/Saint-Louis/3979-Burgen-Ave-63116/home/93771888,53.0,35.0,49.0
https://www.redfin.com/MO/Saint-Louis/6531-Hoffman-Ave-63139/home/93741766,53.0,33.0,65.0
https://www.redfin.com/MO/Saint-Louis/6036-Hartford-St-63139/home/93775720,68.0,32.0,71.0
https://www.redfin.com/MO/Saint-Louis/2402-S-10th-St-63104/home/93785923,87.0,37.0,54.0
https://www.redfin.com/MO/Saint-Louis/4438-Neosho-St-63116/home/93763600,78.0,40.0,62.0
https://www.redfin.com/MO/Saint-Louis/3470-Regal-Pl-63139/home/93780843,58.0,37.0,47.0
https://www.redfin.com/MO/Saint-Louis/6034-Childress-Ave-63109/home/79079011,55.0,31.0,55.0
https://www.redfin.com/MO/Saint-Louis/4928-Walsh-St-63109/home/93767178,75.0,39.0,55.0
https://www.redfin.com/MO/Saint-Louis/5729-Finkman-St-63109/home/93777510,67.0,37.0,51.0
https://www.redfin.com/MO/Saint-Louis/4932-Bonita-Ave-63109/home/93764432,70.0,40.0,53.0
https://www.redfin.com/MO/Saint-Louis/1364-Kraft-St-63139/home/93750147,58.0,32.0,44.0
https://www.redfin.com/MO/Saint-Louis/7132-Lindenwood-Pl-63109/home/93748031,26.0,49.0,57.0
https://www.redfin.com/MO/Saint-Louis/6410-Wade-Ave-63139/home/93740728,77.0,34.0,43.0
https://www.redfin.com/MO/Saint-Louis/6542-Lindenwood-Pl-63109/home/62733118,71.0,41.0,59.0
https://www.redfin.com/MO/Saint-Louis/5461-Alabama-Ave-63111/home/93708507,67.0,41.0,59.0
https://www.redfin.com/MO/Saint-Louis/3918-Wyoming-St-63116/home/93729571,76.0,42.0,67.0
https://www.redfin.com/MO/Saint-Louis/5705-Lisette-Ave-63109/home/93776704,65.0,38.0,51.0
https://www.redfin.com/MO/Saint-Louis/1123-Graham-St-63139/home/93707578,75.0,34.0,64.0
https://www.redfin.com/MO/Saint-Louis/6717-Bradley-Ave-63139/home/93741900,57.0,32.0,58.0
https://www.redfin.com/MO/Saint-Louis/2104-Robert-Ruggeri-Pl-63110/home/173620203,78.0,33.0,75.0
https://www.redfin.com/MO/Saint-Louis/6112-Wanda-Ave-63116/home/93779253,66.0,34.0,71.0
https://www.redfin.com/MO/Saint-Louis/5238-Alabama-Ave-63111/home/93707946,71.0,41.0,59.0
https://www.redfin.com/MO/Saint-Louis/2630-Arkansas-Ave-63118/home/93692337,83.0,43.0,77.0
https://www.redfin.com/MO/Saint-Louis/4609-Milentz-Ave-63116/home/93756669,78.0,37.0,69.0
https://www.redfin.com/MO/Saint-Louis/6223-W-Park-Ave-63139/home/93726398,78.0,34.0,48.0
https://www.redfin.com/MO/Saint-Louis/6205-Odell-St-63139/home/93767678,68.0,32.0,69.0
https://www.redfin.com/MO/Saint-Louis/4919-Tyrolean-Ave-63109/home/93764507,74.0,39.0,60.0
https://www.redfin.com/MO/Saint-Louis/6160-Crescent-Ave-63139/home/93707370,77.0,34.0,54.0
https://www.redfin.com/MO/Saint-Louis/1470-Sproule-Ave-63139/home/62760323,73.0,34.0,45.0
https://www.redfin.com/MO/Saint-Louis/7313-Yates-St-63116/home/93784726,42.0,27.0,59.0
https://www.redfin.com/MO/Saint-Louis/6442-Hoffman-Ave-63139/home/93741755,49.0,33.0,67.0
https://www.redfin.com/MO/Saint-Louis/5348-Gilson-Ave-63116/home/93761572,81.0,37.0,70.0
https://www.redfin.com/MO/Saint-Louis/3229-Childress-Ave-63139/home/93776361,63.0,33.0,59.0
https://www.redfin.com/MO/Saint-Louis/4611-Quincy-St-63116/home/93742154,66.0,40.0,64.0
https://www.redfin.com/MO/Saint-Louis/5614-S-Compton-Ave-63111/home/93708724,67.0,39.0,50.0
https://www.redfin.com/MO/Saint-Louis/3216-Jasper-Park-63139/home/62731040,53.0,32.0,47.0
https://www.redfin.com/MO/Saint-Louis/5510-Botanical-Ave-63110/home/93727094,84.0,34.0,50.0
https://www.redfin.com/MO/Saint-Louis/3118-Magnolia-Ave-63118/home/85689546,80.0,44.0,69.0
https://www.redfin.com/MO/Saint-Louis/4005-McDonald-Ave-63116/home/93729301,69.0,42.0,59.0
https://www.redfin.com/MO/Saint-Louis/2262-Blendon-Pl-63143/home/62731941,87.0,30.0,68.0
https://www.redfin.com/MO/Saint-Louis/2724-McNair-Ave-63118/home/62761029,85.0,42.0,60.0
https://www.redfin.com/MO/Saint-Louis/4337-Wyoming-St-63116/home/93751386,77.0,31.0,60.0
https://www.redfin.com/MO/Saint-Louis/1519-Sanford-Ave-63139/home/93740917,67.0,32.0,42.0
https://www.redfin.com/MO/Saint-Louis/2617-Alfred-Ave-63110/home/93728283,68.0,34.0,71.0
https://www.redfin.com/MO/Saint-Louis/3647-S-Compton-Ave-63118/home/93695674,81.0,47.0,57.0
https://www.redfin.com/MO/Saint-Louis/4049-Humphrey-St-63116/home/93729530,69.0,40.0,59.0
https://www.redfin.com/MO/Saint-Louis/3317-Indiana-Ave-63118/home/109912645,93.0,43.0,53.0
https://www.redfin.com/MO/Saint-Louis/5563-Devonshire-Ave-63109/home/93753020,72.0,38.0,56.0
https://www.redfin.com/MO/Saint-Louis/5041-Rosa-Ave-63109/home/93765459,72.0,39.0,56.0
https://www.redfin.com/MO/Saint-Louis/2307-Sidney-St-63104/home/93691420,85.0,41.0,64.0
https://www.redfin.com/MO/Saint-Louis/6111-Idaho-Ave-63111/home/93709409,55.0,40.0,45.0
https://www.redfin.com/MO/Saint-Louis/5311-Blow-St-63109/home/93758342,58.0,40.0,50.0
https://www.redfin.com/MO/Saint-Louis/1457-Sproule-Ave-63139/home/62757847,75.0,34.0,44.0
https://www.redfin.com/MO/Saint-Louis/6554-Mitchell-Ter-63139/home/93741165,62.0,30.0,48.0
https://www.redfin.com/MO/Saint-Louis/5610-Leona-St-63116/home/93771861,53.0,35.0,49.0
https://www.redfin.com/MO/Saint-Louis/4215-Flad-Ave-63110/home/93746819,75.0,29.0,71.0
https://www.redfin.com/MO/Saint-Louis/4126-Bates-St-63116/home/90713278,59.0,35.0,52.0
https://www.redfin.com/MO/Saint-Louis/5308-Quincy-St-63109/home/93758213,56.0,40.0,49.0
https://www.redfin.com/MO/Saint-Louis/4435-Miami-St-63116/home/62766805,72.0,39.0,52.0
https://www.redfin.com/MO/Saint-Louis/5421-Odell-St-63139/home/93727360,76.0,34.0,60.0
https://www.redfin.com/MO/Saint-Louis/4253-Neosho-St-63116/home/93772454,80.0,39.0,71.0
https://www.redfin.com/MO/Saint-Louis/2146-Esther-Ave-63139/home/93761453,68.0,32.0,34.0
https://www.redfin.com/MO/Saint-Louis/4056-Quincy-St-63116/home/93777645,60.0,34.0,68.0
https://www.redfin.com/MO/Saint-Louis/4753-Goethe-Ave-63116/home/85615048,74.0,37.0,64.0
https://www.redfin.com/MO/Saint-Louis/3855-Bingham-Ave-63116/home/93780441,73.0,44.0,50.0
https://www.redfin.com/MO/Saint-Louis/1115-Childress-Ave-63139/home/93782134,72.0,34.0,65.0
https://www.redfin.com/MO/Saint-Louis/4148-Federer-St-63116/home/79030504,64.0,34.0,69.0
https://www.redfin.com/MO/Saint-Louis/6418-Oleatha-Ave-63139/home/93775319,74.0,39.0,66.0
https://www.redfin.com/MO/Saint-Louis/4035-Fairview-Ave-63116/home/93729082,68.0,42.0,51.0
https://www.redfin.com/MO/Saint-Louis/4449-Shaw-Blvd-63110/home/62692063,77.0,34.0,82.0
https://www.redfin.com/MO/Saint-Louis/5444-Eichelberger-St-63109/home/93775620,71.0,39.0,48.0
https://www.redfin.com/MO/Saint-Louis/7309-Esplanade-St-63143/home/93751272,73.0,29.0,64.0
https://www.redfin.com/MO/Saint-Louis/6734-Plainview-Ave-63109/home/93779508,65.0,47.0,61.0
https://www.redfin.com/MO/Saint-Louis/6515-Devonshire-Ave-63109/home/93779039,72.0,44.0,64.0
https://www.redfin.com/MO/Saint-Louis/2354-Louisiana-Ave-63104/home/93692058,82.0,43.0,77.0
https://www.redfin.com/MO/Saint-Louis/5241-Lindenwood-Ave-63109/home/93781788,69.0,38.0,63.0
https://www.redfin.com/MO/Saint-Louis/6100-Garesche-Ave-63136/home/93745631,53.0,38.0,54.0
https://www.redfin.com/MO/Saint-Louis/2026-Allen-Ave-63104/home/93690474,82.0,41.0,71.0
https://www.redfin.com/MO/Saint-Louis/4009-Delor-St-63116/home/93750360,68.0,37.0,46.0
https://www.redfin.com/MO/Saint-Louis/2853-S-18th-St-63118/home/93691520,81.0,42.0,45.0
https://www.redfin.com/MO/Saint-Louis/5578-Lindenwood-Ave-63109/home/93782853,78.0,38.0,61.0
https://www.redfin.com/MO/Saint-Louis/2625-Arkansas-Ave-63118/home/93692258,83.0,43.0,77.0
https://www.redfin.com/MO/Saint-Louis/2336-Esther-Ave-63139/home/62764755,69.0,32.0,37.0
https://www.redfin.com/MO/St-Louis/2650-Pennsylvania-Ave-63118/home/62737617,73.0,43.0,67.0
https://www.redfin.com/MO/Saint-Louis/1310-Mackay-Pl-63104/home/93680153,80.0,51.0,61.0
https://www.redfin.com/MO/Saint-Louis/6309-Marquette-Ave-63139/home/80167785,70.0,38.0,65.0
https://www.redfin.com/MO/Saint-Louis/6031-Lansdowne-Ave-63109/home/93782411,84.0,37.0,63.0
https://www.redfin.com/MO/Saint-Louis/3449-Utah-St-63118/home/93693058,87.0,45.0,76.0
https://www.redfin.com/MO/Saint-Louis/3401-Halliday-Ave-63118/home/93692499,82.0,44.0,78.0
https://www.redfin.com/MO/Saint-Louis/6941-Hillsland-Ave-63109/home/93781330,66.0,47.0,64.0
https://www.redfin.com/MO/Saint-Louis/3436-Tedmar-Ave-63139/home/93742311,61.0,38.0,48.0
https://www.redfin.com/MO/Saint-Louis/4711-Ray-Ave-63116/home/93768312,75.0,37.0,62.0
https://www.redfin.com/MO/Saint-Louis/6437-Brockschmidt-Pl-63139/home/93740845,72.0,33.0,49.0
https://www.redfin.com/MO/Saint-Louis/6017-Juniata-St-63139/home/93775760,68.0,32.0,71.0
https://www.redfin.com/MO/Saint-Louis/5410-Lindenwood-Ave-63109/home/93782849,72.0,38.0,59.0
https://www.redfin.com/MO/Saint-Louis/5919-Scanlan-Ave-63139/home/93775807,63.0,31.0,61.0
https://www.redfin.com/MO/Saint-Louis/6409-Myrlette-Ct-63116/home/93783504,76.0,37.0,68.0
https://www.redfin.com/MO/Saint-Louis/1518-Graham-St-63139/home/93761908,70.0,32.0,44.0
https://www.redfin.com/MO/Saint-Louis/4509-Holly-Hills-Ave-63116/home/93756699,76.0,37.0,68.0
https://www.redfin.com/MO/Saint-Louis/8-Lawn-Pl-63110/home/93765846,64.0,53.0,81.0
https://www.redfin.com/MO/Saint-Louis/5416-Neosho-St-63109/home/93765137,75.0,39.0,47.0
https://www.redfin.com/MO/Saint-Louis/2842-Knox-Ct-63139/home/93773963,71.0,32.0,72.0
https://www.redfin.com/MO/Saint-Louis/4567-Arco-Ave-63110/home/93749294,68.0,56.0,84.0
https://www.redfin.com/MO/Saint-Louis/6304-Wyoming-St-63139/home/93775921,64.0,33.0,63.0
https://www.redfin.com/MO/Saint-Louis/2126-Franz-Park-Ln-63139/home/62752480,72.0,29.0,55.0
https://www.redfin.com/MO/Saint-Louis/5347-Tholozan-Ave-63109/home/93781812,66.0,38.0,57.0
https://www.redfin.com/MO/Saint-Louis/4338-Oregon-Ave-63111/home/93705798,67.0,39.0,57.0
https://www.redfin.com/MO/Saint-Louis/6413-Lloyd-Ave-63139/home/93740887,76.0,33.0,45.0
https://www.redfin.com/MO/Saint-Louis/5742-Lansdowne-Ave-63109/home/93753030,81.0,38.0,54.0
https://www.redfin.com/MO/Saint-Louis/6424-Bradley-Ave-63139/home/93742097,64.0,33.0,56.0
https://www.redfin.com/MO/Saint-Louis/8464-Edna-St-63147/home/93731349,57.0,38.0,44.0
https://www.redfin.com/MO/Saint-Louis/5346-Tholozan-Ave-63109/home/62699125,66.0,38.0,57.0
https://www.redfin.com/MO/Saint-Louis/5927-W-Park-Ave-63110/home/93672322,75.0,34.0,59.0
https://www.redfin.com/MO/Saint-Louis/1220-Mackay-Pl-63104/home/93701240,80.0,51.0,61.0
https://www.redfin.com/MO/Saint-Louis/3326-Humphrey-St-63118/home/93693023,89.0,45.0,79.0
https://www.redfin.com/MO/Saint-Louis/6610-Alabama-Ave-63111/home/93709856,52.0,41.0,66.0
https://www.redfin.com/MO/Saint-Louis/5435-Christy-Ave-63116/home/93757974,73.0,37.0,67.0
https://www.redfin.com/MO/Saint-Louis/5604-Itaska-St-63109/home/68486186,81.0,38.0,51.0
https://www.redfin.com/MO/Saint-Louis/4426-Beethoven-Ave-63116/home/93764615,78.0,40.0,64.0
https://www.redfin.com/MO/Saint-Louis/5610-Winona-Ave-63109/home/93781633,77.0,38.0,58.0
https://www.redfin.com/MO/Saint-Louis/3954-Russell-Blvd-63110/home/93747570,66.0,38.0,59.0
https://www.redfin.com/MO/Saint-Louis/6119-Archwood-Ln-63123/home/93783414,16.0,,46.0
https://www.redfin.com/MO/Saint-Louis/4439-Grace-Ave-63116/home/93706398,77.0,43.0,48.0
https://www.redfin.com/MO/Saint-Louis/7113-Coronado-Ave-63116/home/93784075,43.0,33.0,60.0
https://www.redfin.com/MO/Saint-Louis/5722-Murdoch-Ave-63109/home/93753518,83.0,37.0,55.0
https://www.redfin.com/MO/Saint-Louis/2921-Virginia-Ave-63118/home/69299980,84.0,44.0,80.0
https://www.redfin.com/MO/Saint-Louis/3974-Wyoming-St-63116/home/62743551,72.0,41.0,67.0
https://www.redfin.com/MO/Saint-Louis/6924-Bancroft-Ave-63109/home/93774172,56.0,48.0,58.0
https://www.redfin.com/MO/Saint-Louis/6416-Pernod-Ave-63139/home/62758642,79.0,39.0,67.0
https://www.redfin.com/MO/Saint-Louis/4015-Magnolia-Pl-63110/home/93746706,69.0,38.0,67.0
https://www.redfin.com/MO/Saint-Louis/4343-Hunt-Ave-63110/home/93726066,77.0,46.0,79.0
https://www.redfin.com/MO/Saint-Louis/4237-Wyoming-St-63116/home/62719110,77.0,32.0,63.0
https://www.redfin.com/MO/Saint-Louis/3319-Magnolia-Ave-63118/home/93692206,82.0,44.0,78.0
https://www.redfin.com/MO/Saint-Louis/3915-Prather-Ave-63109/home/93769759,56.0,45.0,47.0
https://www.redfin.com/MO/Saint-Louis/6639-Arsenal-St-63139/home/93741806,57.0,33.0,62.0
https://www.redfin.com/MO/Saint-Louis/6221-Hancock-Ave-63139/home/62694290,63.0,33.0,63.0
https://www.redfin.com/MO/Saint-Louis/5989-N-Cuba-Ct-63139/home/93775577,70.0,31.0,70.0
https://www.redfin.com/MO/Saint-Louis/4467-Wilcox-Ave-63116/home/93764994,79.0,39.0,60.0
https://www.redfin.com/MO/Saint-Louis/2316-Sulphur-Ave-63139/home/93741631,76.0,32.0,42.0
https://www.redfin.com/MO/Saint-Louis/3532-Arsenal-St-63118/home/93692738,87.0,43.0,82.0
https://www.redfin.com/MO/Saint-Louis/3959-Keokuk-St-63116/home/93730133,71.0,43.0,63.0
https://www.redfin.com/MO/Saint-Louis/4417-Itaska-St-63116/home/62734963,78.0,40.0,64.0
https://www.redfin.com/MO/Saint-Louis/6652-Hancock-Ave-63139/home/93748816,60.0,32.0,46.0
https://www.redfin.com/MO/Saint-Louis/5548-Shaw-Ave-63110/home/93726989,67.0,33.0,50.0
https://www.redfin.com/MO/Saint-Louis/4044-Walsh-St-63116/home/93757560,68.0,35.0,46.0
https://www.redfin.com/MO/Saint-Louis/2330-S-9th-St-63104/home/93686174,89.0,37.0,60.0
https://www.redfin.com/MO/Saint-Louis/3315-Lemp-Ave-63118/home/93694079,88.0,41.0,58.0
https://www.redfin.com/MO/Saint-Louis/5904-Crane-Cir-63109/home/93783991,51.0,30.0,52.0
https://www.redfin.com/MO/Saint-Louis/2133-Allen-Ave-63104/home/93690619,82.0,41.0,73.0
https://www.redfin.com/MO/Saint-Louis/3932-Botanical-Ave-63110/home/93746151,65.0,39.0,68.0
https://www.redfin.com/MO/Saint-Louis/2808-Russell-Blvd-63104/home/93690787,78.0,39.0,59.0
https://www.redfin.com/MO/Saint-Louis/2805-Wyoming-St-63118/home/93677487,88.0,42.0,61.0
https://www.redfin.com/MO/Saint-Louis/5235-Oleatha-Ave-63139/home/93777466,61.0,37.0,49.0
https://www.redfin.com/MO/Saint-Louis/4368-Evans-Ave-63113/home/93718950,69.0,41.0,57.0
https://www.redfin.com/MO/Saint-Louis/1301-Kentucky-Ave-63110/home/93726594,88.0,53.0,76.0
https://www.redfin.com/MO/Saint-Louis/2024-Blendon-Pl-63143/home/93744126,72.0,29.0,56.0
https://www.redfin.com/MO/Saint-Louis/3216-Henrietta-St-63104/home/146873629,60.0,39.0,47.0
https://www.redfin.com/MO/Saint-Louis/3808-Wyoming-St-63116/home/62699741,79.0,44.0,70.0
https://www.redfin.com/MO/Saint-Louis/2870-Texas-Ave-63118/home/62695693,87.0,42.0,60.0
https://www.redfin.com/MO/Saint-Louis/2842-Victor-St-63104/home/93699882,83.0,43.0,65.0
https://www.redfin.com/MO/Saint-Louis/2419-S-12th-St-63104/home/93686776,87.0,40.0,58.0
https://www.redfin.com/MO/Saint-Louis/6149-Marwinette-Ave-63116/home/62745727,50.0,33.0,61.0
https://www.redfin.com/MO/Saint-Louis/3936-McRee-Ave-63110/home/93674086,46.0,40.0,53.0
https://www.redfin.com/MO/Saint-Louis/2820-Accomac-St-63104/home/93691155,80.0,41.0,60.0
https://www.redfin.com/MO/Saint-Louis/1721-Carroll-St-63104/home/93689729,85.0,49.0,62.0
https://www.redfin.com/MO/St-Louis/3946-Juniata-St-63116/home/200782915,71.0,38.0,67.0
https://www.redfin.com/MO/Saint-Louis/5755-Waterman-Blvd-63112/home/93762695,61.0,56.0,81.0
https://www.redfin.com/MO/Saint-Louis/5817-Dressell-Ave-63120/home/93768482,54.0,37.0,47.0
https://www.redfin.com/MO/Saint-Louis/4120-Olive-St-63108/home/62747260,74.0,49.0,60.0
https://www.redfin.com/MO/Saint-Louis/3712-S-Jefferson-Ave-63118/home/93680198,85.0,40.0,57.0
https://www.redfin.com/MO/Saint-Louis/1913-Hickory-St-63104/home/62723713,85.0,59.0,63.0
https://www.redfin.com/MO/Saint-Louis/1206-Lynch-St-63118/home/177026261,83.0,41.0,50.0
https://www.redfin.com/MO/Saint-Louis/5647-Chamberlain-Ave-63112/home/93722403,53.0,44.0,49.0
https://www.redfin.com/MO/Saint-Louis/2623-S-11th-St-63118/home/93684435,85.0,39.0,54.0
https://www.redfin.com/MO/Saint-Louis/3935-McCausland-Ave-63109/home/92586581,43.0,48.0,55.0
https://www.redfin.com/MO/Saint-Louis/6145-Colorado-Ave-63111/home/103204458,59.0,40.0,55.0
https://www.redfin.com/MO/Saint-Louis/2648-California-Ave-63118/home/93699469,84.0,43.0,64.0
https://www.redfin.com/MO/Saint-Louis/3872-Humphrey-St-63116/home/93728445,76.0,44.0,61.0
https://www.redfin.com/MO/Saint-Louis/3181-Portis-Ave-63116/home/62766309,71.0,32.0,60.0
https://www.redfin.com/MO/Saint-Louis/6522-Parkwood-Pl-63116/home/93771928,67.0,34.0,71.0
https://www.redfin.com/MO/Saint-Louis/3204-Dakota-St-63111/home/82405546,73.0,41.0,56.0
https://www.redfin.com/MO/Saint-Louis/3138-Lafayette-Ave-63104/home/93683664,64.0,39.0,47.0
https://www.redfin.com/MO/Saint-Louis/4131-Shenandoah-Ave-63110/home/93746480,72.0,34.0,66.0
https://www.redfin.com/MO/Saint-Louis/3547-Nebraska-Ave-63118/home/93694802,85.0,45.0,49.0
https://www.redfin.com/MO/Saint-Louis/2842-Shenandoah-Ave-63104/home/93699596,83.0,42.0,62.0
https://www.redfin.com/MO/Saint-Louis/1920-Senate-St-63118/home/93697297,85.0,42.0,53.0
https://www.redfin.com/MO/Saint-Louis/3824-Michigan-Ave-63118/home/93695996,75.0,46.0,51.0
https://www.redfin.com/MO/Saint-Louis/3211-Ohio-Ave-63118/home/93694221,91.0,43.0,56.0
https://www.redfin.com/MO/Saint-Louis/3449-Tennessee-Ave-63118/home/62761889,88.0,46.0,63.0
https://www.redfin.com/MO/Saint-Louis/3408-Hartford-St-63118/home/93692686,87.0,44.0,82.0
https://www.redfin.com/MO/Saint-Louis/5027-S-Grand-Blvd-63111/home/62773763,71.0,39.0,58.0
https://www.redfin.com/MO/Saint-Louis/5368-Odell-St-63139/home/93727772,79.0,34.0,59.0
https://www.redfin.com/MO/Saint-Louis/4509-Idaho-Ave-63111/home/93706364,75.0,41.0,55.0
https://www.redfin.com/MO/Saint-Louis/6568-Smiley-Ave-63139/home/93742277,56.0,33.0,63.0
https://www.redfin.com/MO/Saint-Louis/5745-De-Giverville-Ave-63112/home/93763218,63.0,56.0,85.0
https://www.redfin.com/MO/Saint-Louis/1208-S-13th-St-63104/home/109007751,80.0,59.0,61.0
https://www.redfin.com/MO/Saint-Louis/515-Loughborough-Ave-63111/home/62692890,66.0,41.0,71.0
https://www.redfin.com/MO/Saint-Louis/5500-Lindenwood-Ave-63109/home/93782525,72.0,38.0,61.0
https://www.redfin.com/MO/Saint-Louis/5327-Itaska-St-63109/home/93766997,73.0,40.0,46.0
https://www.redfin.com/MO/Saint-Louis/3413-Oregon-Ave-63118/home/93694789,91.0,45.0,59.0
https://www.redfin.com/MO/Saint-Louis/4169-McPherson-Ave-63108/home/93725348,75.0,51.0,63.0
https://www.redfin.com/MO/Saint-Louis/2748-Accomac-St-63104/home/93691194,81.0,41.0,60.0
https://www.redfin.com/MO/Saint-Louis/4211-Norfolk-Ave-63110/home/93725987,88.0,50.0,78.0
https://www.redfin.com/MO/Saint-Louis/6968-Lansdowne-Ave-63109/home/93774104,58.0,49.0,66.0
https://www.redfin.com/MO/Saint-Louis/3215-Magnolia-Ave-63118/home/93691972,82.0,44.0,76.0
https://www.redfin.com/MO/Saint-Louis/1831-Victor-St-63104/home/93691288,75.0,41.0,52.0
https://www.redfin.com/MO/Saint-Louis/6054-Oleatha-Ave-63139/home/93775378,79.0,38.0,64.0
https://www.redfin.com/MO/Saint-Louis/6210-Walsh-St-63109/home/93780258,78.0,34.0,50.0
https://www.redfin.com/MO/Saint-Louis/3139-Ivanhoe-Ave-63139/home/93741919,56.0,33.0,62.0
https://www.redfin.com/MO/Saint-Louis/4627-Rosa-Ave-63116/home/93759006,77.0,37.0,69.0
https://www.redfin.com/MO/Saint-Louis/3419-California-Ave-63118/home/93694324,91.0,45.0,59.0
https://www.redfin.com/MO/Saint-Louis/4608-S-Grand-Blvd-63111/home/93706623,77.0,40.0,51.0
https://www.redfin.com/MO/Saint-Louis/5784-McPherson-Ave-63112/home/143294155,64.0,56.0,80.0
https://www.redfin.com/MO/Saint-Louis/2911-Michigan-Ave-63118/home/93692558,79.0,44.0,75.0
https://www.redfin.com/MO/Saint-Louis/2010-Oregon-Ave-63104/home/93690058,77.0,39.0,58.0
https://www.redfin.com/MO/Saint-Louis/3434-Sidney-St-63104/home/93692319,83.0,43.0,77.0
https://www.redfin.com/MO/Saint-Louis/3285-Jasper-Park-63139/home/62762693,51.0,31.0,44.0
https://www.redfin.com/MO/Saint-Louis/919-Pendleton-Ave-63108/home/93739849,66.0,43.0,50.0
https://www.redfin.com/MO/Saint-Louis/3957-Shaw-Blvd-63110/home/109007223,71.0,39.0,61.0
https://www.redfin.com/MO/Saint-Louis/1111-Allen-Ave-63104/home/93672772,87.0,38.0,60.0
https://www.redfin.com/MO/Saint-Louis/4731-Holly-Hills-Ave-63116/home/93756713,78.0,38.0,66.0
https://www.redfin.com/MO/Saint-Louis/6206-Victoria-Ave-63139/home/93726369,77.0,34.0,54.0
https://www.redfin.com/MO/Saint-Louis/3129-Maury-Ave-63116/home/93767069,69.0,32.0,62.0
https://www.redfin.com/MO/Saint-Louis/6953-Arthur-Ave-63139/home/93743537,49.0,30.0,54.0
https://www.redfin.com/MO/Saint-Louis/3125-Morganford-Rd-63116/home/93749581,80.0,31.0,68.0
https://www.redfin.com/MO/Saint-Louis/3324-Wyoming-St-63118/home/93693085,89.0,45.0,79.0
https://www.redfin.com/MO/Saint-Louis/4046-Magnolia-Pl-63110/home/93746694,67.0,37.0,67.0
https://www.redfin.com/MO/Saint-Louis/6718-Glades-Ave-63139/home/93741249,66.0,30.0,42.0
https://www.redfin.com/MO/Saint-Louis/1507-Brock-St-63139/home/93740791,55.0,31.0,37.0
https://www.redfin.com/MO/Saint-Louis/4390-Chouteau-Ave-63110/home/175305510,85.0,56.0,69.0
https://www.redfin.com/MO/Saint-Louis/4371-W-Belle-Pl-63108/home/93739744,63.0,43.0,49.0
https://www.redfin.com/MO/Saint-Louis/6451-Devonshire-Ave-63109/home/62719364,77.0,41.0,66.0
https://www.redfin.com/MO/Saint-Louis/1014-Bittner-St-63147/home/93730724,60.0,32.0,45.0
https://www.redfin.com/MO/Saint-Louis/4118-Russell-Blvd-63110/home/93747036,75.0,36.0,72.0
https://www.redfin.com/MO/Saint-Louis/6227-Oleatha-Ave-63139/home/93775308,77.0,38.0,65.0
https://www.redfin.com/MO/Saint-Louis/4675-Tennessee-Ave-63111/home/93707155,74.0,41.0,55.0
https://www.redfin.com/MO/Saint-Louis/4705-Virginia-Ave-63111/home/62772531,72.0,41.0,55.0
https://www.redfin.com/MO/Saint-Louis/5632-S-Magnolia-Ave-63139/home/93727129,82.0,32.0,62.0
https://www.redfin.com/MO/Saint-Louis/1913-Lasalle-St-63104/home/93701274,82.0,61.0,58.0
https://www.redfin.com/MO/Saint-Louis/5510-Rhodes-Ave-63109/home/93771583,68.0,38.0,49.0
https://www.redfin.com/MO/Saint-Louis/2238-Edwards-St-63110/home/93672324,86.0,34.0,55.0
https://www.redfin.com/MO/Saint-Louis/6541-Lindenwood-Pl-63109/home/93775147,71.0,41.0,59.0
https://www.redfin.com/MO/Saint-Louis/5065-Miami-St-63139/home/93777375,70.0,38.0,52.0
https://www.redfin.com/MO/Saint-Louis/5609-Oleatha-Ave-63139/home/90082902,64.0,38.0,52.0
https://www.redfin.com/MO/Saint-Louis/2600-Tennessee-Ave-63118/home/93692196,82.0,43.0,77.0
https://www.redfin.com/MO/Saint-Louis/5505-Milentz-Ave-63109/home/93771350,70.0,38.0,49.0
https://www.redfin.com/MO/Saint-Louis/4118-Quincy-St-63116/home/93772931,65.0,32.0,70.0
https://www.redfin.com/MO/Saint-Louis/4140-Shaw-Blvd-63110/home/66529019,74.0,37.0,72.0
https://www.redfin.com/MO/Saint-Louis/5505-S-Kingshighway-Blvd-63109/home/93765482,72.0,39.0,56.0
https://www.redfin.com/MO/Saint-Louis/3113-Wyoming-St-63118/home/93693203,88.0,45.0,70.0
https://www.redfin.com/MO/Saint-Louis/3500-California-Ave-63118/home/62744258,92.0,42.0,56.0
https://www.redfin.com/MO/Saint-Louis/5854-Waterman-Blvd-63112/home/93762436,67.0,54.0,80.0
https://www.redfin.com/MO/Saint-Louis/7062-Winona-Ave-63109/home/62764318,35.0,50.0,56.0
https://www.redfin.com/MO/Saint-Louis/3632-Hartford-St-63116/home/93699752,87.0,43.0,81.0
https://www.redfin.com/MO/Saint-Louis/1021-Lafayette-Ave-63104/home/93685325,93.0,46.0,53.0
https://www.redfin.com/MO/Saint-Louis/6721-Scanlan-Ave-63139/home/93742242,57.0,32.0,58.0
https://www.redfin.com/MO/Saint-Louis/3705-Illinois-Ave-63118/home/62736877,80.0,40.0,54.0
https://www.redfin.com/MO/Saint-Louis/7120-Bancroft-Ave-63109/home/93749073,44.0,50.0,55.0
https://www.redfin.com/MO/Saint-Louis/905-Hornsby-Ave-63147/home/93761181,56.0,45.0,48.0
https://www.redfin.com/MO/Saint-Louis/7856-Leona-St-63123/home/93784432,10.0,21.0,46.0
https://www.redfin.com/MO/Saint-Louis/4921-S-Compton-Ave-63111/home/93707740,59.0,40.0,47.0
https://www.redfin.com/MO/Saint-Louis/6753-Oleatha-Ave-63139/home/93778987,48.0,41.0,48.0
https://www.redfin.com/MO/Saint-Louis/1403-Montrose-Ave-63104/home/93689825,68.0,38.0,50.0
https://www.redfin.com/MO/Saint-Louis/6924-Fyler-Ave-63139/home/93743402,50.0,30.0,58.0
https://www.redfin.com/MO/Saint-Louis/1324-Graham-St-63139/home/93726361,78.0,34.0,48.0
https://www.redfin.com/MO/Saint-Louis/1348-Kraft-St-63139/home/65542487,58.0,32.0,44.0
https://www.redfin.com/MO/Saint-Louis/6915-Hancock-Ave-63139/home/93743525,40.0,29.0,51.0
https://www.redfin.com/MO/Saint-Louis/5534-Winona-Ave-63109/home/62752123,75.0,38.0,59.0
https://www.redfin.com/MO/Saint-Louis/6546-Arsenal-St-63139/home/93742269,54.0,33.0,64.0
https://www.redfin.com/MO/Saint-Louis/6615-Fyler-Ave-63139/home/70413579,58.0,33.0,57.0
https://www.redfin.com/MO/Saint-Louis/5201-Kingwood-Dr-63123/home/93783012,52.0,42.0,63.0
https://www.redfin.com/MO/Saint-Louis/7068-Winona-Ave-63109/home/93747650,35.0,50.0,56.0
https://www.redfin.com/MO/Saint-Louis/6431-Hancock-Ave-63139/home/93743263,65.0,33.0,62.0
https://www.redfin.com/MO/Saint-Louis/7047-Tholozan-Ave-63109/home/93747958,25.0,46.0,55.0
https://www.redfin.com/MO/Saint-Louis/7226-Virginia-Ave-63111/home/93710435,80.0,41.0,71.0
https://www.redfin.com/MO/Saint-Louis/7081-Winona-Ave-63109/home/93747743,35.0,50.0,56.0
https://www.redfin.com/MO/Saint-Louis/2661-Iowa-Ave-63118/home/93699479,84.0,42.0,63.0
https://www.redfin.com/MO/Saint-Louis/3914-Bates-St-63116/home/93781586,60.0,36.0,46.0
https://www.redfin.com/MO/Saint-Louis/1116-McLaran-Ave-63147/home/93731327,62.0,38.0,45.0
https://www.redfin.com/MO/Saint-Louis/8578-Drury-Ln-63147/home/93732306,42.0,40.0,46.0
https://www.redfin.com/MO/Saint-Louis/3832-Louis-St-63116/home/93785292,28.0,33.0,51.0
https://www.redfin.com/MO/Saint-Louis/919-Bates-St-63111/home/93708532,71.0,40.0,60.0
https://www.redfin.com/MO/Saint-Louis/4556-Carter-Ave-63115/home/93734106,52.0,42.0,39.0
https://www.redfin.com/MO/Saint-Louis/5714-Park-Ln-63147/home/93770313,67.0,38.0,61.0
https://www.redfin.com/MO/Saint-Louis/4028-Blow-St-63116/home/93784131,52.0,33.0,64.0
https://www.redfin.com/MO/Saint-Louis/5730-Park-Ln-63147/home/63495459,67.0,38.0,61.0
https://www.redfin.com/MO/Saint-Louis/6416-Brockschmidt-Pl-63139/home/62697249,72.0,31.0,45.0
https://www.redfin.com/MO/Saint-Louis/5938-Keith-Pl-63109/home/93783975,49.0,35.0,54.0
https://www.redfin.com/MO/Saint-Louis/8014-Morganford-Rd-63123/home/93784186,33.0,33.0,55.0
https://www.redfin.com/MO/Saint-Louis/4116-Koeln-Ave-63116/home/93784371,37.0,33.0,51.0
https://www.redfin.com/MO/Saint-Louis/3633-Poepping-St-63125/home/62716050,39.0,36.0,44.0
https://www.redfin.com/MO/Saint-Louis/6759-Delor-St-63109/home/93781467,58.0,42.0,60.0
https://www.redfin.com/MO/Saint-Louis/7401-Morganford-Rd-63116/home/93783786,50.0,35.0,58.0
https://www.redfin.com/MO/Saint-Louis/6411-Hancock-Ave-63139/home/93743260,64.0,33.0,63.0
https://www.redfin.com/MO/Saint-Louis/510-Holly-Hills-Ave-63111/home/93709675,54.0,40.0,51.0
https://www.redfin.com/MO/Saint-Louis/7051-Nashville-Ave-63117/home/62733529,58.0,,53.0
https://www.redfin.com/MO/Saint-Louis/5701-Arthur-Ave-63139/home/93743048,51.0,31.0,44.0
https://www.redfin.com/MO/Saint-Louis/5531-Arthur-Ave-63139/home/93742850,44.0,37.0,43.0
https://www.redfin.com/MO/Saint-Louis/5689-Pernod-Ave-63139/home/93780762,74.0,37.0,55.0
https://www.redfin.com/MO/Saint-Louis/3428-Indiana-Ave-63118/home/93694556,93.0,42.0,61.0
https://www.redfin.com/MO/Saint-Louis/6446-Virginia-Ave-63111/home/93709661,57.0,40.0,63.0
https://www.redfin.com/MO/Saint-Louis/5458-Murdoch-Ave-63109/home/93753485,76.0,39.0,56.0
https://www.redfin.com/MO/Saint-Louis/7305-Coronado-Ave-63116/home/93785089,35.0,32.0,56.0
https://www.redfin.com/MO/Saint-Louis/7816-Wilmar-Pl-63123/home/93784777,3.0,24.0,33.0
https://www.redfin.com/MO/Saint-Louis/7824-Decatur-Dr-63123/home/93784929,3.0,24.0,33.0
https://www.redfin.com/MO/Saint-Louis/4312-Steins-St-63116/home/93783755,35.0,36.0,53.0
https://www.redfin.com/MO/Saint-Louis/4267-Miami-St-63116/home/93728724,69.0,40.0,59.0
https://www.redfin.com/MO/Saint-Louis/8770-Jordan-Ave-63147/home/93782959,41.0,47.0,46.0
https://www.redfin.com/MO/Saint-Louis/2817-Knox-Ct-63139/home/62731523,71.0,32.0,72.0
https://www.redfin.com/MO/Saint-Louis/6462-Villa-Ave-63139/home/93740899,75.0,34.0,42.0
https://www.redfin.com/MO/Saint-Louis/4172-Parker-Ave-63116/home/93729136,60.0,40.0,54.0
https://www.redfin.com/MO/Saint-Louis/4352-Steins-St-63116/home/93783782,35.0,37.0,51.0
https://www.redfin.com/MO/Saint-Louis/3566-Bamberger-Ave-63116/home/93730446,84.0,46.0,61.0
https://www.redfin.com/MO/Saint-Louis/3183-Clifton-Ave-63139/home/93775835,64.0,33.0,66.0
https://www.redfin.com/MO/Saint-Louis/4336-Al-Clare-Dr-63123/home/93784696,16.0,,56.0
https://www.redfin.com/MO/Saint-Louis/3971-Juniata-St-63116/home/93749833,71.0,38.0,69.0
https://www.redfin.com/MO/Saint-Louis/4317-Alma-Ave-63116/home/93771930,67.0,34.0,71.0
https://www.redfin.com/MO/Saint-Louis/1719-Veronica-Ave-63147/home/93778775,53.0,42.0,49.0
https://www.redfin.com/MO/Saint-Louis/5634-Fyler-Ave-63139/home/93742905,52.0,32.0,41.0
https://www.redfin.com/MO/Saint-Louis/4239-Eichelberger-St-63116/home/93773996,76.0,36.0,65.0
https://www.redfin.com/MO/Saint-Louis/6919-Marquette-Ave-63139/home/62739915,40.0,29.0,51.0
https://www.redfin.com/MO/Saint-Louis/4412-Pennsylvania-Ave-63111/home/62746968,65.0,39.0,53.0
https://www.redfin.com/MO/Saint-Louis/5540-Arthur-Ave-63139/home/93742756,44.0,37.0,43.0
https://www.redfin.com/MO/Saint-Louis/5549-Lindenwood-Ave-63109/home/93782495,78.0,38.0,61.0
https://www.redfin.com/MO/Saint-Louis/8015-Parkwood-Dr-63123/home/93783874,30.0,35.0,60.0
https://www.redfin.com/MO/Saint-Louis/324-Hurck-St-63111/home/93711861,68.0,35.0,48.0
https://www.redfin.com/MO/Saint-Louis/7700-Michigan-Ave-63111/home/93684134,83.0,39.0,68.0
https://www.redfin.com/MO/Saint-Louis/3728-Arkansas-Ave-63118/home/93785856,84.0,47.0,59.0
https://www.redfin.com/MO/Saint-Louis/4375-Haven-St-63116/home/93770778,55.0,35.0,67.0
https://www.redfin.com/MO/Saint-Louis/2159-McCausland-Ave-63143/home/93744176,78.0,30.0,65.0
https://www.redfin.com/MO/Saint-Louis/7417-Ray-Ave-63116/home/93784359,37.0,33.0,51.0
https://www.redfin.com/MO/Saint-Louis/6136-Adkins-Ave-63116/home/93776767,64.0,34.0,70.0
https://www.redfin.com/MO/Saint-Louis/3145-Clifton-Ave-63139/home/93775897,66.0,32.0,73.0
https://www.redfin.com/MO/Saint-Louis/5614-Bancroft-Ave-63109/home/93753095,74.0,38.0,55.0
https://www.redfin.com/MO/Saint-Louis/5060-Potomac-St-63139/home/62689742,69.0,37.0,49.0
https://www.redfin.com/MO/Saint-Louis/1122-Grandview-Pl-63139/home/93765054,70.0,32.0,82.0
https://www.redfin.com/MO/Saint-Louis/4359-Toenges-Ave-63116/home/88153802,67.0,34.0,71.0
https://www.redfin.com/MO/Saint-Louis/6231-Archwood-Ln-63123/home/93783440,10.0,,37.0
https://www.redfin.com/MO/Saint-Louis/5011-Lindenwood-Ave-63109/home/93776237,77.0,38.0,62.0
https://www.redfin.com/MO/Saint-Louis/3905-Cottage-Ave-63113/home/103202894,68.0,44.0,60.0
https://www.redfin.com/MO/Saint-Louis/3653-Taft-Ave-63116/home/93706495,72.0,42.0,42.0
https://www.redfin.com/MO/Saint-Louis/4475-N-Taylor-Ave-63115/home/93734728,43.0,45.0,34.0
https://www.redfin.com/MO/Saint-Louis/6511-Southwest-Ave-63139/home/93784493,59.0,33.0,47.0
https://www.redfin.com/MO/Saint-Louis/7337-Sharp-Ave-63116/home/93784838,42.0,27.0,59.0
https://www.redfin.com/MO/Saint-Louis/4348-Chippewa-St-63116/home/93771871,77.0,40.0,63.0
https://www.redfin.com/MO/Saint-Louis/7048-Lansdowne-Ave-63109/home/93774127,52.0,50.0,59.0
https://www.redfin.com/MO/Saint-Louis/5533-S-Kingshighway-Blvd-63109/home/93765488,72.0,39.0,56.0
https://www.redfin.com/MO/Saint-Louis/4117-Oleatha-Ave-63116/home/93728791,68.0,42.0,47.0
https://www.redfin.com/MO/Saint-Louis/4989-Odell-St-63139/home/93727970,75.0,32.0,60.0
https://www.redfin.com/MO/Saint-Louis/4818-Oleatha-Ave-63116/home/93756226,76.0,39.0,55.0
https://www.redfin.com/MO/Saint-Louis/3892-Kingsland-Ct-63116/home/93780394,66.0,43.0,52.0
https://www.redfin.com/MO/Saint-Louis/5339-Murdoch-Ave-63109/home/93753350,72.0,39.0,54.0
https://www.redfin.com/MO/Saint-Louis/6318-Bradley-Ave-63139/home/93776323,65.0,33.0,65.0
https://www.redfin.com/MO/Saint-Louis/4250-Ellenwood-Ave-63116/home/93772441,80.0,39.0,71.0
https://www.redfin.com/MO/Saint-Louis/4743-Maffitt-Ave-63113/home/93748635,52.0,40.0,47.0
https://www.redfin.com/MO/Saint-Louis/4119-Castleman-Ave-63110/home/93747063,74.0,37.0,72.0
https://www.redfin.com/MO/Saint-Louis/5644-Murdoch-Ave-63109/home/93753509,79.0,38.0,56.0
https://www.redfin.com/MO/Saint-Louis/6021-Leona-St-63116/home/93770843,51.0,34.0,59.0
https://www.redfin.com/MO/Saint-Louis/5230-Gresham-Ave-63109/home/93764460,70.0,40.0,53.0
https://www.redfin.com/MO/Saint-Louis/6147-Adkins-Ave-63116/home/93776831,64.0,34.0,70.0
https://www.redfin.com/MO/Saint-Louis/3865-Hartford-St-63116/home/93728262,78.0,40.0,70.0
https://www.redfin.com/MO/Saint-Louis/938-Catalpa-St-63112/home/79932477,46.0,50.0,47.0
https://www.redfin.com/MO/Saint-Louis/5400-Itaska-St-63109/home/93766590,75.0,39.0,47.0
https://www.redfin.com/MO/Saint-Louis/1727-Veronica-Ave-63147/home/93778777,53.0,42.0,49.0
https://www.redfin.com/MO/Saint-Louis/4261-Red-Bud-Ave-63115/home/93714723,55.0,42.0,51.0
https://www.redfin.com/MO/Saint-Louis/8623-Partridge-Ave-63147/home/93730784,48.0,38.0,45.0
https://www.redfin.com/MO/Saint-Louis/8635-Partridge-Ave-63147/home/93730787,48.0,38.0,45.0
https://www.redfin.com/MO/Saint-Louis/4010-Schiller-Pl-63116/home/93781145,60.0,35.0,41.0
https://www.redfin.com/MO/Saint-Louis/8622-Partridge-Ave-63147/home/93731019,48.0,38.0,45.0
https://www.redfin.com/MO/Saint-Louis/3316-Commonwealth-Ave-63143/home/62739229,55.0,28.0,53.0
https://www.redfin.com/MO/Saint-Louis/5821-Oleatha-Ave-63139/home/93780599,80.0,37.0,61.0
https://www.redfin.com/MO/Saint-Louis/6433-Woodbine-Ct-63109/home/93774330,66.0,39.0,50.0
https://www.redfin.com/MO/Saint-Louis/5250-Highland-Ave-63113/home/93737940,62.0,41.0,54.0
https://www.redfin.com/MO/Saint-Louis/4417-Wallace-St-63116/home/93764109,81.0,39.0,65.0
https://www.redfin.com/MO/Saint-Louis/3840-S-Compton-Ave-63118/home/93695741,79.0,46.0,51.0
https://www.redfin.com/MO/Saint-Louis/3831-Oregon-Ave-63118/home/93696465,76.0,44.0,59.0
https://www.redfin.com/MO/Saint-Louis/3120-Gurney-Ave-63116/home/93767082,68.0,32.0,61.0
https://www.redfin.com/MO/Saint-Louis/2840-Dalton-Ave-63139/home/93727174,79.0,32.0,68.0
https://www.redfin.com/MO/Saint-Louis/1234-Louisville-Ave-63139/home/93750110,72.0,34.0,52.0
https://www.redfin.com/MO/Saint-Louis/4024-Wyoming-St-63116/home/93729612,72.0,41.0,67.0
https://www.redfin.com/MO/Saint-Louis/3937-Humphrey-St-63116/home/93729560,73.0,41.0,62.0
https://www.redfin.com/MO/Saint-Louis/2932-Lemp-Ave-63118/home/64357964,84.0,42.0,51.0
https://www.redfin.com/MO/Saint-Louis/3833-McDonald-Ave-63116/home/93699973,78.0,45.0,59.0
https://www.redfin.com/MO/Saint-Louis/3922-Burgen-Ave-63116/home/93774759,57.0,35.0,51.0
https://www.redfin.com/MO/Saint-Louis/5531-Eichelberger-St-63109/home/79022343,72.0,38.0,48.0
https://www.redfin.com/MO/Saint-Louis/2917-S-18th-St-63118/home/93698929,82.0,41.0,44.0
https://www.redfin.com/MO/Saint-Louis/4346-Vista-Ave-63110/home/93726031,77.0,46.0,79.0
https://www.redfin.com/MO/Saint-Louis/4326-Vista-Ave-63110/home/93726068,77.0,46.0,79.0
https://www.redfin.com/MO/Saint-Louis/6614-Clayton-Ave-63139/home/93740392,65.0,33.0,69.0
https://www.redfin.com/MO/Saint-Louis/4836-Terrace-Ave-63116/home/93763410,74.0,37.0,64.0
https://www.redfin.com/MO/Saint-Louis/6019-Elizabeth-Ave-63139/home/62693720,68.0,32.0,34.0
https://www.redfin.com/MO/Saint-Louis/1370-Mobile-Ct-63139/home/93740877,71.0,33.0,46.0
https://www.redfin.com/MO/Saint-Louis/4345-Itaska-St-63116/home/93763647,79.0,40.0,66.0
https://www.redfin.com/MO/Saint-Louis/5159-Kensington-Ave-63108/home/93744761,75.0,43.0,58.0
https://www.redfin.com/MO/Saint-Louis/3539-Pennsylvania-Ave-63118/home/93694902,87.0,46.0,53.0
https://www.redfin.com/MO/Saint-Louis/4116-Virginia-Ave-63118/home/93705284,81.0,45.0,48.0
https://www.redfin.com/MO/Saint-Louis/2324-Arkansas-Ave-63104/home/93692313,84.0,42.0,77.0
https://www.redfin.com/MO/Saint-Louis/4230-Connecticut-St-63116/home/93729906,77.0,32.0,63.0
https://www.redfin.com/MO/Saint-Louis/4250-E-Kossuth-Ave-63115/home/93735044,61.0,41.0,45.0
https://www.redfin.com/MO/Saint-Louis/4050-Quincy-St-63116/home/93777639,60.0,34.0,68.0
https://www.redfin.com/MO/Saint-Louis/4951-Blow-St-63109/home/62723176,65.0,40.0,57.0
https://www.redfin.com/MO/Saint-Louis/4609-S-38th-St-63116/home/93767576,65.0,41.0,40.0
https://www.redfin.com/MO/Saint-Louis/6038-Columbia-Ave-63139/home/93757207,71.0,33.0,54.0
https://www.redfin.com/MO/St-Louis/2643-Accomac-St-63104/home/197962286,83.0,40.0,62.0
https://www.redfin.com/MO/Saint-Louis/4063-Wyoming-St-63116/home/93729811,74.0,35.0,62.0
https://www.redfin.com/MO/Saint-Louis/2643-Ann-Ave-63104/home/93690633,83.0,40.0,62.0
https://www.redfin.com/MO/Saint-Louis/3000-Louisiana-Ave-63118/home/93692647,84.0,44.0,80.0
https://www.redfin.com/MO/Saint-Louis/4258-Swan-Ave-63110/home/93725992,88.0,53.0,79.0
https://www.redfin.com/MO/Saint-Louis/3820-McDonald-Ave-63116/home/93684198,81.0,45.0,61.0
https://www.redfin.com/MO/Saint-Louis/4255-Lafayette-Ave-63110/home/91573025,79.0,35.0,73.0
https://www.redfin.com/MO/Saint-Louis/3150-Nebraska-Ave-63118/home/73978472,86.0,44.0,66.0
https://www.redfin.com/MO/Saint-Louis/2712-Allen-Ave-63104/home/93690158,81.0,39.0,61.0
https://www.redfin.com/MO/Saint-Louis/2920-Sidney-St-63104/home/93699574,82.0,43.0,66.0
https://www.redfin.com/MO/Saint-Louis/4426-Vista-Ave-63110/home/169425121,79.0,45.0,80.0
https://www.redfin.com/MO/Saint-Louis/10-Lawn-Pl-63110/home/93765845,64.0,53.0,81.0
https://www.redfin.com/MO/Saint-Louis/6059-McPherson-Ave-63112/home/93760500,72.0,56.0,76.0
https://www.redfin.com/MO/Saint-Louis/2029-Forest-Ave-63139/home/93671175,68.0,29.0,53.0
https://www.redfin.com/MO/Saint-Louis/3928-Folsom-Ave-63110/home/103204110,57.0,40.0,57.0
https://www.redfin.com/MO/St-Louis/3002-California-63118/home/197714955,84.0,42.0,62.0
https://www.redfin.com/MO/Saint-Louis/3214-California-Ave-63118/home/103203833,91.0,43.0,59.0
https://www.redfin.com/MO/Saint-Louis/2106-Hereford-St-63110/home/171139790,84.0,33.0,69.0
https://www.redfin.com/MO/Saint-Louis/1902-Lasalle-St-63104/home/93701187,85.0,59.0,63.0
https://www.redfin.com/MO/Saint-Louis/6019-Potomac-St-63139/home/93775445,79.0,38.0,64.0
https://www.redfin.com/MO/Saint-Louis/6430-Sutherland-Ave-63109/home/93779819,77.0,41.0,66.0
https://www.redfin.com/MO/Saint-Louis/6443-Alabama-Ave-63111/home/93709700,55.0,41.0,60.0
https://www.redfin.com/MO/Saint-Louis/3526-Bamberger-Ave-63116/home/93730429,84.0,46.0,60.0
https://www.redfin.com/MO/Saint-Louis/3411-Itaska-St-63111/home/93707217,73.0,41.0,54.0
https://www.redfin.com/MO/Saint-Louis/4032-Wyoming-St-63116/home/93729606,72.0,41.0,67.0
https://www.redfin.com/MO/Saint-Louis/4249-Utah-St-63116/home/62692343,75.0,37.0,61.0
https://www.redfin.com/MO/Saint-Louis/4662-Tesson-St-63116/home/93776481,38.0,40.0,43.0
https://www.redfin.com/MO/Saint-Louis/5408-Magnolia-Ave-63139/home/93727287,85.0,34.0,60.0
https://www.redfin.com/MO/Saint-Louis/2121-Esther-Ave-63139/home/93761463,62.0,32.0,34.0
https://www.redfin.com/MO/Saint-Louis/4642-Leona-St-63116/home/93769608,64.0,39.0,45.0
https://www.redfin.com/MO/Saint-Louis/4533-Lexington-Ave-63115/home/93735537,62.0,39.0,43.0
https://www.redfin.com/MO/Saint-Louis/4547-Bessie-Ave-63115/home/93782164,57.0,40.0,42.0
https://www.redfin.com/MO/Saint-Louis/6225-Juniata-St-63139/home/93741660,65.0,33.0,69.0
https://www.redfin.com/MO/Saint-Louis/6426-Odell-St-63139/home/93741845,58.0,33.0,57.0
https://www.redfin.com/MO/Saint-Louis/4853-Lee-Ave-63115/home/93733287,62.0,40.0,47.0
https://www.redfin.com/MO/Saint-Louis/3406-Juniata-St-63118/home/93693271,88.0,45.0,82.0
https://www.redfin.com/MO/Saint-Louis/3540-S-Spring-Ave-63116/home/93730352,85.0,46.0,59.0
https://www.redfin.com/MO/Saint-Louis/5664-Marquette-Ave-63139/home/93780720,71.0,37.0,54.0
https://www.redfin.com/MO/Saint-Louis/1067-Melvin-Ave-63137/home/93782253,50.0,46.0,52.0
https://www.redfin.com/MO/Saint-Louis/5412-Reber-Pl-63139/home/93727371,83.0,34.0,61.0
https://www.redfin.com/MO/Saint-Louis/6432-Wanda-Ave-63116/home/93770660,67.0,34.0,71.0
https://www.redfin.com/MO/Saint-Louis/4019-Meramec-St-63116/home/93778746,68.0,42.0,64.0
https://www.redfin.com/MO/Saint-Louis/3808-Burgen-Ave-63116/home/62699066,62.0,37.0,56.0
https://www.redfin.com/MO/Saint-Louis/4076-Wilmington-Ave-63116/home/93770839,51.0,34.0,59.0
https://www.redfin.com/MO/Saint-Louis/4843-Lee-Ave-63115/home/93732905,63.0,40.0,43.0
https://www.redfin.com/MO/Saint-Louis/5511-Lansdowne-Ave-63109/home/93752736,71.0,39.0,54.0
https://www.redfin.com/MO/Saint-Louis/4745-Louisiana-Ave-63111/home/93707336,74.0,40.0,58.0
https://www.redfin.com/MO/Saint-Louis/4848-Calvin-Ave-63115/home/93733013,56.0,40.0,40.0
https://www.redfin.com/MO/Saint-Louis/5332-Loughborough-Ave-63109/home/93771559,56.0,40.0,49.0
https://www.redfin.com/MO/Saint-Louis/6007-Odell-St-63139/home/93768861,71.0,32.0,71.0
https://www.redfin.com/MO/Saint-Louis/3445-Itaska-St-63111/home/93707239,71.0,41.0,54.0
https://www.redfin.com/MO/Saint-Louis/4335-Beethoven-Ave-63116/home/93764885,77.0,40.0,68.0
https://www.redfin.com/MO/Saint-Louis/3333-Delor-St-63111/home/93707407,73.0,41.0,56.0
https://www.redfin.com/MO/Saint-Louis/4437-S-37th-St-63116/home/93706518,72.0,42.0,42.0
https://www.redfin.com/MO/Saint-Louis/3740-Meramec-St-63116/home/93705355,81.0,45.0,47.0
https://www.redfin.com/MO/Saint-Louis/5343-Chippewa-St-63109/home/93781925,73.0,38.0,59.0
https://www.redfin.com/MO/Saint-Louis/6414-West-Ct-63116/home/93779276,,,
https://www.redfin.com/MO/Saint-Louis/4470-Bingham-Ave-63116/home/93772073,83.0,40.0,60.0
https://www.redfin.com/MO/Saint-Louis/5452-Pernod-Ave-63139/home/93782028,68.0,38.0,59.0
https://www.redfin.com/MO/Saint-Louis/4733-Terrace-Ave-63116/home/93758044,73.0,37.0,67.0
https://www.redfin.com/MO/Saint-Louis/6065-Wanda-Ave-63116/home/93772661,70.0,35.0,71.0
https://www.redfin.com/MO/Saint-Louis/5410-Emerson-Ave-63120/home/93764892,51.0,40.0,45.0
https://www.redfin.com/MO/Saint-Louis/5975-N-Cuba-Ct-63139/home/93775580,70.0,31.0,70.0
https://www.redfin.com/MO/Saint-Louis/5916-Alpha-Ave-63147/home/93770417,64.0,39.0,58.0
https://www.redfin.com/MO/Saint-Louis/2501-Sublette-Ave-63110/home/93727092,84.0,34.0,50.0
https://www.redfin.com/MO/Saint-Louis/4454-S-Spring-Ave-63116/home/93730851,63.0,42.0,45.0
https://www.redfin.com/MO/Saint-Louis/3355-Sublette-Ave-63139/home/93742748,60.0,37.0,47.0
https://www.redfin.com/MO/Saint-Louis/2611-Brannon-Ave-63139/home/93727386,84.0,34.0,60.0
https://www.redfin.com/MO/Saint-Louis/4035-Schiller-Pl-63116/home/62697780,60.0,35.0,41.0
https://www.redfin.com/MO/Saint-Louis/3279-Regal-Pl-63139/home/93742928,52.0,32.0,41.0
https://www.redfin.com/MO/Saint-Louis/6613-Parkwood-Pl-63116/home/93770653,70.0,35.0,69.0
https://www.redfin.com/MO/Saint-Louis/6610-Parkwood-Pl-63116/home/62755033,69.0,33.0,70.0
https://www.redfin.com/MO/Saint-Louis/6564-Villa-Ave-63139/home/93740702,67.0,33.0,43.0
https://www.redfin.com/MO/Saint-Louis/1361-Louisville-Ave-63139/home/93750104,59.0,33.0,42.0
https://www.redfin.com/MO/Saint-Louis/4334-Beethoven-Ave-63116/home/93764730,77.0,40.0,68.0
https://www.redfin.com/MO/Saint-Louis/4412-Wallace-St-63116/home/93763768,81.0,39.0,65.0
https://www.redfin.com/MO/Saint-Louis/4444-Gannett-St-63116/home/93763663,78.0,40.0,64.0
https://www.redfin.com/MO/Saint-Louis/1438-Central-Ave-63139/home/93740643,50.0,31.0,39.0
https://www.redfin.com/MO/Saint-Louis/4421-Bingham-Ave-63116/home/93772040,82.0,40.0,59.0
https://www.redfin.com/MO/Saint-Louis/4625-Adkins-Ave-63116/home/93757024,77.0,38.0,71.0
https://www.redfin.com/MO/Saint-Louis/4720-Goethe-Ave-63116/home/93757176,79.0,37.0,69.0
https://www.redfin.com/MO/Saint-Louis/4311-Bates-St-63116/home/88383634,77.0,34.0,71.0
https://www.redfin.com/MO/Saint-Louis/2409-Menard-St-63104/home/93686747,86.0,39.0,56.0
https://www.redfin.com/MO/Saint-Louis/3627-Blow-St-63116/home/93711827,52.0,40.0,61.0
https://www.redfin.com/MO/Saint-Louis/4033-Blow-St-63116/home/93777715,52.0,33.0,64.0
https://www.redfin.com/MO/Saint-Louis/3800-Fairview-Ave-63116/home/93730413,85.0,46.0,57.0
https://www.redfin.com/MO/Saint-Louis/5619-Arendes-Dr-63116/home/93781569,64.0,37.0,53.0
https://www.redfin.com/MO/Saint-Louis/3905-Itaska-St-63116/home/93769636,62.0,39.0,42.0
https://www.redfin.com/MO/Saint-Louis/6135-Idaho-Ave-63111/home/93709441,55.0,40.0,45.0
https://www.redfin.com/MO/Saint-Louis/125-Koeln-Ave-63111/home/93710694,82.0,39.0,69.0
https://www.redfin.com/MO/Saint-Louis/7320-Eugene-Ave-63116/home/93712053,48.0,39.0,57.0
https://www.redfin.com/MO/Saint-Louis/5217-Loughborough-Ave-63109/home/93769539,69.0,40.0,51.0
https://www.redfin.com/MO/Saint-Louis/4918-Gresham-Ave-63109/home/62732324,75.0,39.0,57.0
https://www.redfin.com/MO/Saint-Louis/3161-Ohio-Ave-63118/home/93697089,88.0,43.0,56.0
https://www.redfin.com/MO/Saint-Louis/5705-Devonshire-Ave-63109/home/93753150,81.0,38.0,54.0
https://www.redfin.com/MO/Saint-Louis/4644-Minnesota-Ave-63111/home/93706812,56.0,38.0,45.0
https://www.redfin.com/MO/Saint-Louis/5613-Rhodes-Ave-63109/home/93771379,68.0,37.0,50.0
https://www.redfin.com/MO/Saint-Louis/5412-Idaho-Ave-63111/home/93708315,70.0,41.0,60.0
https://www.redfin.com/MO/Saint-Louis/5920-Dressell-Ave-63120/home/93768510,60.0,37.0,51.0
https://www.redfin.com/MO/Saint-Louis/4250-Connecticut-St-63116/home/62746666,77.0,32.0,63.0
https://www.redfin.com/MO/Saint-Louis/5524-Lindenwood-Ave-63109/home/93782528,72.0,38.0,61.0
https://www.redfin.com/MO/Saint-Louis/5424-Bischoff-Ave-63110/home/93772170,81.0,34.0,51.0
https://www.redfin.com/MO/Saint-Louis/4630-Idaho-Ave-63111/home/93706674,73.0,41.0,54.0
https://www.redfin.com/MO/Saint-Louis/6714-Bancroft-Ave-63109/home/93774164,61.0,46.0,50.0
https://www.redfin.com/MO/Saint-Louis/4659-Tennessee-Ave-63111/home/93707145,74.0,40.0,53.0
https://www.redfin.com/MO/Saint-Louis/4649-Louisiana-Ave-63111/home/93706640,71.0,41.0,54.0
https://www.redfin.com/MO/Saint-Louis/3618-Gasconade-St-63116/home/93705641,80.0,45.0,49.0
https://www.redfin.com/MO/Saint-Louis/7408-Ray-Ave-63116/home/93784867,37.0,31.0,53.0
https://www.redfin.com/MO/Saint-Louis/5632-Devonshire-Ave-63109/home/93753157,79.0,38.0,56.0
https://www.redfin.com/MO/Saint-Louis/5737-Devonshire-Ave-63109/home/62717891,81.0,38.0,54.0
https://www.redfin.com/MO/Saint-Louis/4359-Tholozan-Ave-63116/home/93730112,72.0,40.0,54.0
https://www.redfin.com/MO/Saint-Louis/4372-Ellenwood-Ave-63116/home/93762066,79.0,40.0,64.0
https://www.redfin.com/MO/Saint-Louis/6818-Salzburger-Ave-63116/home/93759295,71.0,38.0,65.0
https://www.redfin.com/MO/Saint-Louis/6462-Wanda-Ave-63116/home/93770615,55.0,35.0,67.0
https://www.redfin.com/MO/Saint-Louis/5115-Cologne-Ave-63116/home/93763925,75.0,39.0,61.0
https://www.redfin.com/MO/Saint-Louis/6339-Marquette-Ave-63139/home/93749113,70.0,38.0,65.0
https://www.redfin.com/MO/Saint-Louis/2020-Ann-Ave-63104/home/93691274,81.0,41.0,71.0
https://www.redfin.com/MO/Saint-Louis/5441-Bates-St-63116/home/93767472,79.0,37.0,71.0
https://www.redfin.com/MO/Saint-Louis/5203-Dewey-Ave-63116/home/93742514,64.0,38.0,52.0
https://www.redfin.com/MO/Saint-Louis/3633-Fillmore-St-63116/home/93772404,65.0,38.0,64.0
https://www.redfin.com/MO/Saint-Louis/4981-Pernod-Ave-63139/home/93776953,76.0,38.0,53.0
https://www.redfin.com/MO/Saint-Louis/1216-McCausland-Ave-63117/home/93765628,69.0,31.0,62.0
https://www.redfin.com/MO/Saint-Louis/6743-W-Park-Ave-63139/home/93765752,61.0,31.0,51.0
https://www.redfin.com/MO/Saint-Louis/3349-Macklind-Ave-63139/home/93742830,56.0,37.0,49.0
https://www.redfin.com/MO/Saint-Louis/4333-Ellenwood-Ave-63116/home/93764787,78.0,40.0,67.0
https://www.redfin.com/MO/Saint-Louis/4369-Evans-Ave-63113/home/93718901,69.0,41.0,57.0
https://www.redfin.com/MO/Saint-Louis/3647-Wisconsin-Ave-63118/home/93696919,77.0,40.0,57.0
https://www.redfin.com/MO/Saint-Louis/5474-Queens-Ave-63115/home/62697755,39.0,41.0,45.0
https://www.redfin.com/MO/Saint-Louis/5924-Michigan-Ave-63111/home/93708988,58.0,39.0,46.0
https://www.redfin.com/MO/Saint-Louis/5379-Wabada-Ave-63112/home/93738313,59.0,42.0,51.0
https://www.redfin.com/MO/Saint-Louis/4739-Bessie-Ct-63115/home/93733490,58.0,40.0,39.0
https://www.redfin.com/MO/Saint-Louis/4454-Holly-Ave-63115/home/93714645,56.0,45.0,62.0
https://www.redfin.com/MO/Saint-Louis/3820-Greer-Ave-63107/home/93715936,60.0,44.0,60.0
https://www.redfin.com/MO/Saint-Louis/4543-Michigan-Ave-63111/home/93706187,66.0,40.0,56.0
https://www.redfin.com/MO/Saint-Louis/4552-Ray-Ave-63116/home/93755947,70.0,39.0,59.0
https://www.redfin.com/MO/Saint-Louis/2719-Keokuk-St-63118/home/93696287,77.0,43.0,59.0
https://www.redfin.com/MO/Saint-Louis/4045-Walsh-St-63116/home/93767039,68.0,35.0,46.0
https://www.redfin.com/MO/Saint-Louis/1545-Sells-Ave-63147/home/93732200,48.0,40.0,50.0
https://www.redfin.com/MO/Saint-Louis/3018-Texas-Ave-63118/home/93699066,87.0,43.0,58.0
https://www.redfin.com/MO/Saint-Louis/4540-Nebraska-Ave-63111/home/93706549,53.0,38.0,48.0
https://www.redfin.com/MO/Saint-Louis/4610-Penrose-St-63115/home/93734190,57.0,40.0,42.0
https://www.redfin.com/MO/Saint-Louis/212-Espenschied-St-63111/home/93711574,66.0,35.0,53.0
https://www.redfin.com/MO/Saint-Louis/122-W-Courtois-St-63111/home/93711186,82.0,38.0,65.0
https://www.redfin.com/MO/Saint-Louis/4471-Dewey-Ave-63116/home/93730861,67.0,42.0,39.0
https://www.redfin.com/MO/Saint-Louis/831-Hornsby-Ave-63147/home/93761174,55.0,43.0,41.0
https://www.redfin.com/MO/Saint-Louis/3623-S-Spring-Ave-63116/home/93766327,80.0,46.0,62.0
https://www.redfin.com/MO/St-Louis/4431-Alaska-63116/home/194911825,73.0,41.0,54.0
https://www.redfin.com/MO/Saint-Louis/3515-Itaska-St-63111/home/93707165,74.0,41.0,55.0
https://www.redfin.com/MO/Saint-Louis/6418-West-Ct-63116/home/93779275,77.0,38.0,61.0
https://www.redfin.com/MO/Saint-Louis/7721-Michigan-Ave-63111/home/93711084,82.0,40.0,69.0
https://www.redfin.com/MO/Saint-Louis/3729-S-Spring-Ave-63116/home/93766361,81.0,46.0,61.0
https://www.redfin.com/MO/Saint-Louis/3641-Hebert-St-63107/home/93702075,73.0,44.0,63.0
https://www.redfin.com/MO/Saint-Louis/4823-Terrace-Ave-63116/home/93759241,72.0,38.0,64.0
https://www.redfin.com/MO/Saint-Louis/7725-Ivory-Ave-63111/home/62750546,81.0,39.0,70.0
https://www.redfin.com/MO/Saint-Louis/4762-Hamburg-Ave-63123/home/93759443,51.0,40.0,55.0
https://www.redfin.com/MO/Saint-Louis/3125-Michigan-Ave-63118/home/93692807,81.0,44.0,75.0
https://www.redfin.com/MO/Saint-Louis/5741-Itaska-St-63109/home/93767952,82.0,37.0,52.0
https://www.redfin.com/MO/Saint-Louis/5923-Scanlan-Ave-63139/home/93775802,63.0,31.0,61.0
https://www.redfin.com/MO/Saint-Louis/5447-Eichelberger-St-63109/home/62744530,71.0,39.0,48.0
https://www.redfin.com/MO/Saint-Louis/4404-Taft-Ave-63116/home/93764695,78.0,40.0,64.0
https://www.redfin.com/MO/Saint-Louis/4140-Cleveland-Ave-63110/home/62728310,72.0,28.0,68.0
https://www.redfin.com/MO/Saint-Louis/3953-Eiler-St-63116/home/93770156,53.0,36.0,43.0
https://www.redfin.com/MO/Saint-Louis/3445-Ivanhoe-Ave-63139/home/93743437,60.0,32.0,46.0
https://www.redfin.com/MO/Saint-Louis/5456-Pernod-Ave-63139/home/93782048,68.0,38.0,59.0
https://www.redfin.com/MO/Saint-Louis/5129-Cologne-Ave-63116/home/62730257,75.0,39.0,61.0
https://www.redfin.com/MO/Saint-Louis/6817-W-Park-Ave-63139/home/93765625,58.0,31.0,51.0
https://www.redfin.com/MO/Saint-Louis/4000-Steffens-Ave-63116/home/93785705,64.0,39.0,46.0
https://www.redfin.com/MO/Saint-Louis/6170-McPherson-Ave-63112/home/77510184,85.0,55.0,77.0
https://www.redfin.com/MO/Saint-Louis/6758-Wise-Ave-63139/home/62694448,64.0,31.0,68.0
https://www.redfin.com/MO/Saint-Louis/6815-Wise-Ave-63139/home/93759932,65.0,31.0,63.0
https://www.redfin.com/MO/Saint-Louis/6732-Sutherland-Ave-63109/home/93774252,63.0,47.0,58.0
https://www.redfin.com/MO/Saint-Louis/5747-Lansdowne-Ave-63109/home/93752710,81.0,38.0,54.0
https://www.redfin.com/MO/Saint-Louis/2138-Knox-Ave-63139/home/93761520,62.0,32.0,34.0
https://www.redfin.com/MO/Saint-Louis/6925-Wanda-Ct-63116/home/93784379,66.0,38.0,60.0
https://www.redfin.com/MO/Saint-Louis/6709-Lansdowne-Ave-63109/home/93774225,65.0,46.0,54.0
https://www.redfin.com/MO/Saint-Louis/3832-Connecticut-St-63116/home/62712114,78.0,42.0,73.0
https://www.redfin.com/MO/Saint-Louis/5730-Pernod-Ave-63139/home/62722488,79.0,37.0,58.0
https://www.redfin.com/MO/Saint-Louis/5907-Leona-St-63116/home/93770873,51.0,34.0,59.0
https://www.redfin.com/MO/Saint-Louis/2421-S-13th-St-63104/home/93686686,86.0,41.0,58.0
https://www.redfin.com/MO/Saint-Louis/5818-Rhodes-Ave-63109/home/93777685,72.0,33.0,53.0
https://www.redfin.com/MO/Saint-Louis/4068-Toenges-Ave-63116/home/92224175,63.0,33.0,68.0
https://www.redfin.com/MO/Saint-Louis/4164-Kettler-Rd-63123/home/62737512,40.0,19.0,59.0
https://www.redfin.com/MO/Saint-Louis/5157-Eichelberger-St-63109/home/93767755,69.0,39.0,52.0
https://www.redfin.com/MO/Saint-Louis/5441-Nottingham-Ave-63109/home/87279943,76.0,39.0,51.0
https://www.redfin.com/MO/Saint-Louis/3436-McKean-Ave-63118/home/93693082,88.0,46.0,74.0
https://www.redfin.com/MO/Saint-Louis/4028-Quincy-St-63116/home/93777719,59.0,34.0,66.0
https://www.redfin.com/MO/Saint-Louis/532-Fassen-St-63111/home/69444307,68.0,40.0,59.0
https://www.redfin.com/MO/Saint-Louis/3400-Humphrey-St-63118/home/93693356,89.0,45.0,79.0
https://www.redfin.com/MO/Saint-Louis/2235-Edwards-St-63110/home/93727470,86.0,34.0,56.0
https://www.redfin.com/MO/Saint-Louis/6326-Juniata-St-63139/home/93741718,61.0,33.0,66.0
https://www.redfin.com/MO/Saint-Louis/3712-Juniata-St-63116/home/93699760,84.0,42.0,76.0
https://www.redfin.com/MO/Saint-Louis/2613-Arkansas-Ave-63118/home/93692259,83.0,43.0,77.0
https://www.redfin.com/MO/Saint-Louis/5974-Park-Ln-63147/home/93770493,53.0,39.0,50.0
https://www.redfin.com/MO/St-Louis/3221-Ivanhoe-Ave-63139/home/198198927,57.0,32.0,58.0
https://www.redfin.com/MO/Saint-Louis/6631-Pernod-Ave-63139/home/62757044,59.0,41.0,48.0
https://www.redfin.com/MO/Saint-Louis/5319-Daggett-Ave-63110/home/93726891,84.0,34.0,58.0
https://www.redfin.com/MO/Saint-Louis/4941-Delor-St-63109/home/93766864,73.0,39.0,51.0
https://www.redfin.com/MO/Saint-Louis/2415-Menard-St-63104/home/93686791,86.0,39.0,56.0
https://www.redfin.com/MO/Saint-Louis/2816-Oregon-Ave-63118/home/62769364,83.0,43.0,65.0
https://www.redfin.com/MO/Saint-Louis/5710-Walsh-St-63109/home/93768205,81.0,37.0,51.0
https://www.redfin.com/MO/Saint-Louis/6425-Alabama-Ave-63111/home/93709380,55.0,41.0,60.0
https://www.redfin.com/MO/Saint-Louis/5733-Tholozan-Ave-63109/home/93781059,79.0,37.0,58.0
https://www.redfin.com/MO/Saint-Louis/5701-Goethe-Ave-63109/home/93779181,72.0,37.0,50.0
https://www.redfin.com/MO/Saint-Louis/6388-Smiley-Ave-63139/home/93741709,65.0,33.0,63.0
https://www.redfin.com/MO/Saint-Louis/6719-Nashville-Ave-63139/home/93765597,62.0,32.0,54.0
https://www.redfin.com/MO/Saint-Louis/2912-Virginia-Ave-63118/home/93692621,80.0,44.0,77.0
https://www.redfin.com/MO/Saint-Louis/4462-Wilcox-Ave-63116/home/93761689,79.0,39.0,60.0
https://www.redfin.com/MO/Saint-Louis/7813-Decatur-Dr-63123/home/93784755,5.0,25.0,43.0
https://www.redfin.com/MO/Saint-Louis/6605-Morganford-Rd-63116/home/93771795,69.0,33.0,70.0
https://www.redfin.com/MO/Saint-Louis/5636-Leona-St-63116/home/93774786,54.0,34.0,52.0
https://www.redfin.com/MO/Saint-Louis/4317-Duke-St-63116/home/93765092,83.0,37.0,67.0
https://www.redfin.com/MO/Saint-Louis/5670-Pernod-Ave-63139/home/93781945,74.0,37.0,55.0
https://www.redfin.com/MO/Saint-Louis/6627-Arsenal-St-63139/home/93741831,54.0,33.0,64.0
https://www.redfin.com/MO/Saint-Louis/4333-Schirmer-St-63116/home/93783775,35.0,37.0,51.0
https://www.redfin.com/MO/Saint-Louis/3749-Roswell-Ave-63116/home/93711986,45.0,37.0,59.0
https://www.redfin.com/MO/Saint-Louis/7015-Marquette-Ave-63139/home/93743475,34.0,28.0,51.0
https://www.redfin.com/MO/Saint-Louis/4108-Haven-St-63116/home/93778183,66.0,35.0,69.0
https://www.redfin.com/MO/Saint-Louis/5441-Reber-Pl-63139/home/93727326,82.0,33.0,61.0
https://www.redfin.com/MO/Saint-Louis/6624-Neosho-St-63109/home/62768312,67.0,45.0,62.0
https://www.redfin.com/MO/Saint-Louis/6457-Lloyd-Ave-63139/home/93740819,72.0,33.0,49.0
https://www.redfin.com/MO/Saint-Louis/4477-Itaska-St-63116/home/62691956,77.0,40.0,60.0
https://www.redfin.com/MO/Saint-Louis/4642-Steffens-Ave-63116/home/93767187,68.0,38.0,52.0
https://www.redfin.com/MO/Saint-Louis/4417-Shaw-Blvd-63110/home/93767508,77.0,34.0,82.0
https://www.redfin.com/MO/Saint-Louis/3219-Regal-Pl-63139/home/143286862,57.0,33.0,47.0
https://www.redfin.com/MO/Saint-Louis/4119-Haven-St-63116/home/62691743,66.0,35.0,69.0
https://www.redfin.com/MO/Saint-Louis/6811-Marquette-Ave-63139/home/93743425,50.0,30.0,50.0
https://www.redfin.com/MO/Saint-Louis/6421-Hancock-Ave-63139/home/93743265,65.0,33.0,62.0
https://www.redfin.com/MO/Saint-Louis/1503-Cutter-Ave-63139/home/93672436,56.0,30.0,46.0
https://www.redfin.com/MO/Saint-Louis/3634-Childress-Ave-63109/home/93778339,76.0,39.0,66.0
https://www.redfin.com/MO/Saint-Louis/6331-Henry-Ave-63116/home/93756828,77.0,38.0,61.0
https://www.redfin.com/MO/Saint-Louis/4133-Lafayette-Ave-63110/home/93760825,72.0,38.0,69.0
https://www.redfin.com/MO/Saint-Louis/3627-Louisiana-Ave-63118/home/93695220,84.0,47.0,57.0
https://www.redfin.com/MO/Crystal-City/6921-Blow-63019/home/196000074,63.0,38.0,53.0
https://www.redfin.com/MO/Saint-Louis/5261-Fairview-Ave-63139/home/62769464,63.0,37.0,48.0
https://www.redfin.com/MO/Saint-Louis/4177-Walsh-St-63116/home/93767022,79.0,36.0,64.0
https://www.redfin.com/MO/Saint-Louis/3651-Blaine-Ave-63110/home/93700364,60.0,40.0,54.0
https://www.redfin.com/MO/Saint-Louis/7059-Sutherland-Ave-63109/home/93774599,45.0,50.0,61.0
https://www.redfin.com/MO/Saint-Louis/1033-Fairmount-Ave-63139/home/62758934,62.0,33.0,78.0
https://www.redfin.com/MO/Saint-Louis/5341-Lindenwood-Ave-63109/home/93781777,70.0,38.0,60.0
https://www.redfin.com/MO/Saint-Louis/6308-Lansdowne-Ave-63109/home/62733221,82.0,39.0,66.0
https://www.redfin.com/MO/Saint-Louis/4504-Eichelberger-St-63116/home/93767609,81.0,37.0,70.0
https://www.redfin.com/MO/Saint-Louis/5041-Rhodes-Ave-63109/home/93771240,72.0,39.0,54.0
https://www.redfin.com/MO/Saint-Louis/5091-Milentz-Ave-63109/home/93771218,72.0,39.0,50.0
https://www.redfin.com/MO/Saint-Louis/4258-Hartford-St-63116/home/93749891,77.0,32.0,67.0
https://www.redfin.com/MO/Saint-Louis/5000-Plover-Ave-63120/home/93759738,37.0,36.0,37.0
https://www.redfin.com/MO/Saint-Louis/2926-Salena-St-63118/home/93698920,84.0,42.0,50.0
https://www.redfin.com/MO/Saint-Louis/6312-Bradley-Ave-63139/home/93776324,65.0,33.0,65.0
https://www.redfin.com/MO/Saint-Louis/4023-Walsh-St-63116/home/93777268,68.0,35.0,46.0
https://www.redfin.com/MO/Saint-Louis/5300-Loughborough-Ave-63109/home/62739203,66.0,40.0,51.0
https://www.redfin.com/MO/Saint-Louis/6444-Murdoch-Ave-63109/home/93779853,76.0,40.0,61.0
https://www.redfin.com/MO/Saint-Louis/5529-Murdoch-Ave-63109/home/93753275,77.0,38.0,55.0
https://www.redfin.com/MO/Saint-Louis/4543-Varrelmann-Ave-63116/home/93756280,76.0,38.0,72.0
https://www.redfin.com/MO/Saint-Louis/3521-Arsenal-St-63118/home/93692712,87.0,43.0,82.0
https://www.redfin.com/MO/Saint-Louis/5225-Dewey-Ave-63116/home/93742609,63.0,38.0,49.0
https://www.redfin.com/MO/Saint-Louis/3904-Louis-St-63116/home/93785288,22.0,22.0,44.0
https://www.redfin.com/MO/Saint-Louis/5233-Parker-Ave-63139/home/93742676,63.0,37.0,48.0
https://www.redfin.com/MO/Saint-Louis/5234-Wilson-Ave-63110/home/93727661,87.0,31.0,61.0
https://www.redfin.com/MO/Saint-Louis/3541-Tennessee-Ave-63118/home/93695426,86.0,47.0,60.0
https://www.redfin.com/MO/Saint-Louis/5533-Murdoch-Ave-63109/home/93753276,77.0,38.0,55.0
https://www.redfin.com/MO/Saint-Louis/6203-Wade-Ave-63139/home/93726346,77.0,34.0,46.0
https://www.redfin.com/MO/Saint-Louis/6210-Reber-Pl-63139/home/93754695,68.0,33.0,64.0
https://www.redfin.com/MO/Saint-Louis/4035-S-Grand-Blvd-63118/home/93704444,84.0,46.0,52.0
https://www.redfin.com/MO/Saint-Louis/7808-Wanda-Ave-63123/home/62756526,29.0,36.0,56.0
https://www.redfin.com/MO/Saint-Louis/5411-Pernod-Ave-63139/home/93742325,62.0,38.0,57.0
https://www.redfin.com/MO/Saint-Louis/7052-Tholozan-Ave-63109/home/93747886,25.0,46.0,55.0
https://www.redfin.com/MO/Saint-Louis/5642-Winona-Ave-63109/home/62734706,80.0,38.0,57.0
https://www.redfin.com/MO/Saint-Louis/4716-Alexander-St-63116/home/93750205,68.0,37.0,46.0
https://www.redfin.com/MO/Saint-Louis/4077-Holly-Hills-Blvd-63116/home/93782076,58.0,33.0,64.0
https://www.redfin.com/MO/Saint-Louis/5524-Devonshire-Ave-63109/home/62730905,76.0,39.0,56.0
https://www.redfin.com/MO/Saint-Louis/6639-Marquette-Ave-63139/home/93748836,59.0,39.0,47.0
https://www.redfin.com/MO/Saint-Louis/3235-Hartford-St-63118/home/93692775,83.0,45.0,77.0
https://www.redfin.com/MO/Saint-Louis/2007-Lilly-Ave-63110/home/93726911,78.0,34.0,53.0
https://www.redfin.com/MO/Saint-Louis/4932-Fairview-Ave-63139/home/62737376,75.0,37.0,53.0
https://www.redfin.com/MO/Saint-Louis/6265-Walsh-St-63109/home/93780264,74.0,36.0,50.0
https://www.redfin.com/MO/Saint-Louis/6562-Oleatha-Ave-63139/home/74295518,64.0,40.0,53.0
https://www.redfin.com/MO/Saint-Louis/3845-Blow-St-63116/home/93773591,41.0,34.0,59.0
https://www.redfin.com/MO/Saint-Louis/1230-Missouri-Ave-63104/home/62758516,82.0,48.0,62.0
https://www.redfin.com/MO/Saint-Louis/5211-Delor-St-63109/home/93766848,70.0,40.0,51.0
https://www.redfin.com/MO/Saint-Louis/2725-Macklind-Ave-63139/home/93727293,83.0,34.0,61.0
https://www.redfin.com/MO/Saint-Louis/2258-Shenandoah-Ave-63104/home/93682969,84.0,41.0,67.0
https://www.redfin.com/MO/Saint-Louis/6634-Lindenwood-Pl-63109/home/93774954,60.0,44.0,48.0
https://www.redfin.com/MO/Saint-Louis/4939-Lansdowne-Ave-63109/home/93752859,79.0,40.0,58.0
https://www.redfin.com/MO/Saint-Louis/3124-Franke-Ct-63139/home/62729428,57.0,33.0,63.0
https://www.redfin.com/MO/Saint-Louis/5701-Finkman-St-63109/home/93777529,67.0,37.0,51.0
https://www.redfin.com/MO/Saint-Louis/4528-Tholozan-Ave-63116/home/93730024,78.0,40.0,52.0
https://www.redfin.com/MO/Saint-Louis/5210-Parker-Ave-63139/home/93742702,68.0,37.0,50.0
https://www.redfin.com/MO/Saint-Louis/4444-Taft-Ave-63116/home/93764662,80.0,40.0,61.0
https://www.redfin.com/MO/Saint-Louis/4239-Botanical-Ave-63110/home/62748652,71.0,34.0,71.0
https://www.redfin.com/MO/Saint-Louis/6757-Eichelberger-St-63109/home/93781552,52.0,40.0,55.0
https://www.redfin.com/MO/Saint-Louis/4805-Allemania-St-63116/home/93756701,47.0,41.0,67.0
https://www.redfin.com/MO/Saint-Louis/1505-Kraft-St-63139/home/93773124,60.0,32.0,38.0
https://www.redfin.com/MO/Saint-Louis/6423-Arsenal-St-63139/home/93741802,49.0,33.0,67.0
https://www.redfin.com/MO/Saint-Louis/4122-Federer-St-63116/home/93776671,64.0,34.0,69.0
https://www.redfin.com/MO/Saint-Louis/5472-Nottingham-Ave-63109/home/93765210,76.0,39.0,51.0
https://www.redfin.com/MO/Saint-Louis/4898-Margaretta-Ave-63115/home/93732586,68.0,40.0,48.0
https://www.redfin.com/MO/Saint-Louis/6821-Minnesota-Ave-63111/home/93710471,70.0,40.0,61.0
https://www.redfin.com/MO/Saint-Louis/4450-Tholozan-Ave-63116/home/93730030,75.0,40.0,54.0
https://www.redfin.com/MO/Saint-Louis/4226-Bates-St-63116/home/93761876,70.0,34.0,64.0
https://www.redfin.com/MO/Saint-Louis/2327-Esther-Ave-63139/home/93741590,69.0,32.0,37.0
https://www.redfin.com/MO/Saint-Louis/6623-Fyler-Ave-63139/home/93741962,58.0,33.0,57.0
https://www.redfin.com/MO/Saint-Louis/4471-Beck-Ave-63116/home/93729771,48.0,40.0,52.0
https://www.redfin.com/MO/Saint-Louis/6212-Michigan-Ave-63111/home/93709637,54.0,39.0,45.0
https://www.redfin.com/MO/Saint-Louis/7156-Mardel-Ave-63109/home/62687152,21.0,50.0,42.0
https://www.redfin.com/MO/Saint-Louis/1505-Tamm-Ave-63139/home/93740806,76.0,33.0,45.0
https://www.redfin.com/MO/Saint-Louis/8627-Park-Ln-63147/home/93732047,44.0,41.0,46.0
https://www.redfin.com/MO/Saint-Louis/3136-Rutger-St-63104/home/93689891,60.0,39.0,52.0
https://www.redfin.com/MO/Saint-Louis/2964-Milton-Blvd-63104/home/93691097,77.0,42.0,62.0
https://www.redfin.com/MO/Saint-Louis/6403-Macklind-Ave-63109/home/77306465,67.0,40.0,49.0
https://www.redfin.com/MO/Saint-Louis/6214-Pershing-Ave-63130/home/93760143,77.0,54.0,77.0
https://www.redfin.com/MO/Saint-Louis/6752-Eichelberger-St-63109/home/62728115,52.0,40.0,55.0
https://www.redfin.com/MO/Saint-Louis/6425-Myrlette-Ct-63116/home/66604230,67.0,37.0,66.0
https://www.redfin.com/MO/Saint-Louis/6537-Marmaduke-Ave-63139/home/93743897,54.0,33.0,50.0
https://www.redfin.com/MO/Saint-Louis/4639-Virginia-Ave-63111/home/93673296,73.0,41.0,55.0
https://www.redfin.com/MO/Saint-Louis/4558-Tower-Grove-Pl-63110/home/93728244,72.0,33.0,69.0
https://www.redfin.com/MO/Saint-Louis/3120-Eads-Ave-63104/home/93700451,57.0,39.0,44.0
https://www.redfin.com/MO/Saint-Louis/7401-Sharp-Ave-63116/home/93784844,30.0,27.0,48.0
https://www.redfin.com/MO/Saint-Louis/6561-Bancroft-Ave-63109/home/93775540,69.0,43.0,51.0
https://www.redfin.com/MO/Saint-Louis/6300-Juniata-St-63139/home/62735992,61.0,33.0,66.0
https://www.redfin.com/MO/Saint-Louis/6211-Odell-St-63139/home/93767635,63.0,32.0,67.0
https://www.redfin.com/MO/Saint-Louis/6523-Fyler-Ave-63139/home/93742107,62.0,33.0,58.0
https://www.redfin.com/MO/Saint-Louis/7120-Rabenberg-Pl-63143/home/93743159,66.0,30.0,69.0
https://www.redfin.com/MO/Saint-Louis/6750-Plateau-Ave-63139/home/93740802,59.0,31.0,44.0
https://www.redfin.com/MO/Saint-Louis/6151-Columbia-Ave-63139/home/93743722,67.0,33.0,56.0
https://www.redfin.com/MO/Saint-Louis/1516-Switzer-Ave-63147/home/93732297,42.0,39.0,47.0
https://www.redfin.com/MO/Saint-Louis/4144-Davis-St-63123/home/93783899,31.0,19.0,55.0
https://www.redfin.com/MO/Saint-Louis/7128-Bancroft-Ave-63109/home/93749069,36.0,50.0,45.0
https://www.redfin.com/MO/Saint-Louis/6401-Clifton-Hills-Dr-63139/home/93784656,57.0,33.0,51.0
https://www.redfin.com/MO/Saint-Louis/2733-Hermitage-Ave-63143/home/93743942,63.0,30.0,66.0
https://www.redfin.com/MO/Saint-Louis/7054-Eichelberger-Dr-63123/home/93782468,46.0,,50.0
https://www.redfin.com/MO/Saint-Louis/6641-Pernod-Ave-63139/home/93778932,59.0,41.0,48.0
https://www.redfin.com/MO/Saint-Louis/6721-Itaska-St-63109/home/93781447,63.0,44.0,61.0
https://www.redfin.com/MO/Saint-Louis/6718-Marquette-Ave-63139/home/93778808,54.0,40.0,44.0
https://www.redfin.com/MO/Saint-Louis/5929-Cates-Ave-63112/home/93739608,56.0,51.0,53.0
https://www.redfin.com/MO/Saint-Louis/5453-Bancroft-Ave-63109/home/62757066,71.0,38.0,57.0
https://www.redfin.com/MO/Saint-Louis/6271-Kinsey-Pl-63109/home/93783593,51.0,35.0,48.0
https://www.redfin.com/MO/Saint-Louis/6962-Plainview-Ave-63109/home/62732880,63.0,49.0,66.0
https://www.redfin.com/MO/Saint-Louis/2638-Dalton-Ave-63139/home/93726796,83.0,33.0,58.0
https://www.redfin.com/MO/Saint-Louis/3807-Tamm-Ave-63109/home/62715461,81.0,39.0,68.0
https://www.redfin.com/MO/Saint-Louis/6625-Hancock-Ave-63139/home/93743312,61.0,33.0,50.0
https://www.redfin.com/MO/Saint-Louis/1231-Hornsby-Ave-63147/home/93731557,61.0,42.0,58.0
https://www.redfin.com/MO/Saint-Louis/6056-Childress-Ave-63109/home/93783870,62.0,32.0,54.0
https://www.redfin.com/MO/Saint-Louis/5341-Reber-Pl-63139/home/93727504,82.0,34.0,62.0
https://www.redfin.com/MO/Saint-Louis/5700-Arthur-Ave-63139/home/93743028,38.0,36.0,43.0
https://www.redfin.com/MO/Saint-Louis/6568-Odell-St-63139/home/62768107,52.0,33.0,59.0
https://www.redfin.com/MO/Saint-Louis/4005-Eichelberger-St-63116/home/93757720,60.0,35.0,41.0
https://www.redfin.com/MO/Saint-Louis/6451-Odell-St-63139/home/93744977,55.0,33.0,55.0
https://www.redfin.com/MO/Saint-Louis/1712-Belle-Glade-Ave-63113/home/93786431,71.0,42.0,59.0
https://www.redfin.com/MO/Saint-Louis/4023-Healy-Ct-63123/home/93783882,18.0,22.0,45.0
https://www.redfin.com/MO/Saint-Louis/6445-Odell-St-63139/home/62765346,55.0,33.0,55.0
https://www.redfin.com/MO/Saint-Louis/6945-Lindenwood-Pl-63109/home/93748050,49.0,47.0,55.0
https://www.redfin.com/MO/Saint-Louis/6608-Oakland-Ave-63139/home/93740545,62.0,33.0,78.0
https://www.redfin.com/MO/Saint-Louis/6203-Tilden-Ave-63116/home/93765712,66.0,34.0,71.0
https://www.redfin.com/MO/Saint-Louis/1501-Switzer-Ave-63147/home/63685813,48.0,39.0,47.0
https://www.redfin.com/MO/Saint-Louis/3838-Federer-Pl-63116/home/93773567,51.0,36.0,69.0
https://www.redfin.com/MO/Saint-Louis/7026-Winona-Ave-63109/home/93747686,39.0,49.0,56.0
https://www.redfin.com/MO/Saint-Louis/7105-S-Grand-Ave-63111/home/93711751,52.0,40.0,61.0
https://www.redfin.com/MO/Saint-Louis/6968-Winona-Ave-63109/home/93747737,52.0,49.0,61.0
https://www.redfin.com/MO/Saint-Louis/7217-Pennsylvania-Ave-63111/home/93710708,80.0,39.0,71.0
https://www.redfin.com/MO/Saint-Louis/6682-W-Park-Ave-63139/home/93750063,65.0,33.0,53.0
https://www.redfin.com/MO/Saint-Louis/3138-Illinois-Ave-63118/home/93699278,87.0,42.0,53.0
https://www.redfin.com/MO/Saint-Louis/4251-W-Maffitt-Ave-63113/home/93678024,58.0,41.0,45.0
https://www.redfin.com/MO/Saint-Louis/7033-Pernod-Ave-63139/home/93748475,23.0,45.0,52.0
https://www.redfin.com/MO/Saint-Louis/913-Morrison-Ave-63104/home/93685512,79.0,60.0,63.0
https://www.redfin.com/MO/Saint-Louis/6509-Marquette-Ave-63139/home/93748834,68.0,38.0,62.0
https://www.redfin.com/MO/Saint-Louis/4112-Poepping-St-63123/home/93784338,10.0,21.0,46.0
https://www.redfin.com/MO/Saint-Louis/4950-Eichelberger-St-63109/home/93765434,71.0,39.0,55.0
https://www.redfin.com/MO/Saint-Louis/1648-Orchid-Ave-63147/home/93731806,60.0,42.0,55.0
https://www.redfin.com/MO/Saint-Louis/4101-Healy-Ct-63123/home/62716808,20.0,21.0,49.0
https://www.redfin.com/MO/Saint-Louis/5932-Finkman-St-63109/home/93784014,64.0,33.0,54.0
https://www.redfin.com/MO/Saint-Louis/5972-Tara-Ln-63147/home/93770711,49.0,38.0,50.0
https://www.redfin.com/MO/Saint-Louis/7018-Holly-Hills-Ave-63123/home/93782471,38.0,35.0,47.0
https://www.redfin.com/MO/Saint-Louis/6656-Oleatha-Ave-63139/home/93778993,54.0,40.0,44.0
https://www.redfin.com/MO/Saint-Louis/5811-Finkman-St-63109/home/93777660,69.0,35.0,54.0
https://www.redfin.com/MO/Saint-Louis/3425-Halliday-Ave-63118/home/93692504,83.0,44.0,79.0
https://www.redfin.com/MO/Saint-Louis/5445-N-Kingshighway-Blvd-63115/home/93752026,34.0,41.0,42.0
https://www.redfin.com/MO/Saint-Louis/5536-Lisette-Ave-63109/home/93776618,64.0,39.0,50.0
https://www.redfin.com/MO/Saint-Louis/6269-Kinsey-Pl-63109/home/93783592,51.0,35.0,48.0
https://www.redfin.com/MO/Saint-Louis/3915-Blow-St-63116/home/93773365,43.0,33.0,60.0
https://www.redfin.com/MO/Saint-Louis/4815-Minnesota-Ave-63111/home/93707667,59.0,39.0,49.0
https://www.redfin.com/MO/Saint-Louis/4916-W-Florissant-Ave-63115/home/62695103,28.0,42.0,36.0
https://www.redfin.com/MO/Saint-Louis/5730-Bancroft-Ave-63109/home/93753092,82.0,38.0,53.0
https://www.redfin.com/MO/Saint-Louis/2765-Tamm-Ave-63139/home/93707792,60.0,33.0,54.0
https://www.redfin.com/MO/Saint-Louis/5169-Vernon-Ave-63113/home/62773850,73.0,42.0,59.0
https://www.redfin.com/MO/Saint-Louis/6505-Michigan-Ave-63111/home/93709683,57.0,39.0,58.0
https://www.redfin.com/MO/Saint-Louis/6821-Garner-Ave-63139/home/93741066,67.0,29.0,47.0
https://www.redfin.com/MO/Saint-Louis/6817-Garner-Ave-63139/home/93741059,67.0,29.0,47.0
https://www.redfin.com/MO/Saint-Louis/8120-Parkridge-Dr-63123/home/93784253,7.0,36.0,52.0
https://www.redfin.com/MO/Saint-Louis/3848-Eiler-St-63116/home/93761611,58.0,37.0,48.0
https://www.redfin.com/MO/Saint-Louis/5273-Parker-Ave-63139/home/93742681,60.0,37.0,47.0
https://www.redfin.com/MO/Saint-Louis/8954-Edna-St-63147/home/93731519,58.0,45.0,54.0
https://www.redfin.com/MO/Saint-Louis/5467-Clifton-Ave-63109/home/93783476,42.0,32.0,49.0
https://www.redfin.com/MO/Saint-Louis/6580-Oleatha-Ave-63139/home/93778938,64.0,40.0,53.0
https://www.redfin.com/MO/Saint-Louis/2747-Rutger-St-63104/home/173619015,67.0,37.0,59.0
https://www.redfin.com/MO/Saint-Louis/7024-Stanley-Ave-63143/home/93744193,71.0,29.0,59.0
https://www.redfin.com/MO/Saint-Louis/2349-S-11th-St-63104/home/62741473,87.0,40.0,59.0
https://www.redfin.com/MO/Saint-Louis/4329-Alma-Ave-63116/home/93771926,67.0,34.0,71.0
https://www.redfin.com/MO/Saint-Louis/4253-Holly-Ave-63115/home/93714413,58.0,40.0,50.0
https://www.redfin.com/MO/Saint-Louis/5185-Enright-Ave-63108/home/93744914,76.0,46.0,61.0
https://www.redfin.com/MO/Saint-Louis/1063-Hornsby-Ave-63147/home/93761150,59.0,44.0,57.0
https://www.redfin.com/MO/Saint-Louis/7223-Pennsylvania-Ave-63111/home/93710707,80.0,39.0,71.0
https://www.redfin.com/MO/Saint-Louis/5095-Raymond-Ave-63113/home/93752500,79.0,42.0,55.0
https://www.redfin.com/MO/Saint-Louis/3141-Potomac-St-63118/home/93695074,85.0,46.0,70.0
https://www.redfin.com/MO/Saint-Louis/4725-Maffitt-Ave-63113/home/93748625,54.0,40.0,45.0
https://www.redfin.com/MO/Saint-Louis/4246-Nebraska-Ave-63111/home/93705534,74.0,42.0,52.0
https://www.redfin.com/MO/Saint-Louis/7307-Minnesota-Ave-63111/home/93710809,81.0,41.0,76.0
https://www.redfin.com/MO/Saint-Louis/8226-Frederick-St-63147/home/93760550,59.0,34.0,46.0
https://www.redfin.com/MO/Saint-Louis/4116-E-Iowa-Ave-63118/home/93705061,76.0,41.0,59.0
https://www.redfin.com/MO/Saint-Louis/4339-Linton-Ave-63107/home/93712881,49.0,45.0,58.0
https://www.redfin.com/MO/Saint-Louis/6619-Vermont-Ave-63111/home/93709861,52.0,41.0,66.0
https://www.redfin.com/MO/Saint-Louis/3906-Bates-St-63116/home/93781580,57.0,36.0,51.0
https://www.redfin.com/MO/Saint-Louis/3841-Michigan-Ave-63118/home/93695739,79.0,46.0,51.0
https://www.redfin.com/MO/Saint-Louis/4419-Holly-Ave-63115/home/93714503,55.0,44.0,58.0
https://www.redfin.com/MO/Saint-Louis/6049-Shulte-Ave-63136/home/93758488,64.0,39.0,57.0
https://www.redfin.com/MO/Saint-Louis/5653-Park-Ln-63136/home/93769991,69.0,38.0,61.0
https://www.redfin.com/MO/Saint-Louis/4871-Anderson-Ave-63115/home/93732968,56.0,40.0,43.0
https://www.redfin.com/MO/Saint-Louis/4422-Pennsylvania-Ave-63111/home/93706067,65.0,39.0,53.0
https://www.redfin.com/MO/Saint-Louis/4950-Labadie-Ave-63115/home/93755807,60.0,41.0,50.0
https://www.redfin.com/MO/Saint-Louis/3417-Park-Ave-63104/home/93700999,54.0,39.0,49.0
https://www.redfin.com/MO/Saint-Louis/3114-Clarence-Pl-63115/home/93736150,60.0,39.0,48.0
https://www.redfin.com/MO/Saint-Louis/4341-Minnesota-Ave-63111/home/93705880,72.0,40.0,55.0
https://www.redfin.com/MO/Saint-Louis/6270-Gravois-Ave-63116/home/62724793,80.0,38.0,67.0
https://www.redfin.com/MO/Saint-Louis/3008-Chippewa-St-63118/home/93695956,75.0,45.0,53.0
https://www.redfin.com/MO/Saint-Louis/4960-Thekla-Ave-63115/home/93763161,31.0,40.0,41.0
https://www.redfin.com/MO/Saint-Louis/4621-Evans-Ave-63113/home/93721002,67.0,42.0,56.0
https://www.redfin.com/MO/Saint-Louis/5276-Genevieve-Ave-63120/home/93763129,52.0,38.0,38.0
https://www.redfin.com/MO/Saint-Louis/8460-Edna-St-63147/home/93731350,57.0,38.0,44.0
https://www.redfin.com/MO/Saint-Louis/4859-Sacramento-Ave-63115/home/93732634,71.0,41.0,48.0
https://www.redfin.com/MO/Saint-Louis/2912-Indiana-Ave-63118/home/93699027,86.0,43.0,52.0
https://www.redfin.com/MO/Saint-Louis/3030-Chippewa-St-63118/home/93696023,75.0,45.0,53.0
https://www.redfin.com/MO/Saint-Louis/5714-Maple-Ave-63112/home/93709829,50.0,46.0,48.0
https://www.redfin.com/MO/Saint-Louis/2012-Mallinckrodt-St-63107/home/93688826,54.0,43.0,55.0
https://www.redfin.com/MO/Saint-Louis/4844-Northland-Ave-63113/home/93737180,62.0,41.0,50.0
https://www.redfin.com/MO/Saint-Louis/7027-Michigan-Ave-63111/home/93710184,78.0,41.0,73.0
https://www.redfin.com/MO/Saint-Louis/5447-Claxton-Ave-63120/home/93764862,50.0,40.0,46.0
https://www.redfin.com/MO/Saint-Louis/4430-Sexauer-Ave-63115/home/93733135,54.0,41.0,39.0
https://www.redfin.com/MO/Saint-Louis/6012-N-Pointe-Blvd-63147/home/93770348,64.0,39.0,58.0
https://www.redfin.com/MO/Saint-Louis/5417-Pennsylvania-Ave-63111/home/93708189,45.0,36.0,31.0
https://www.redfin.com/MO/Saint-Louis/4644-Michigan-Ave-63111/home/93706785,60.0,39.0,49.0
https://www.redfin.com/MO/Saint-Louis/3125-Miami-St-63118/home/62745567,79.0,46.0,59.0
https://www.redfin.com/MO/Saint-Louis/820-Elias-Ave-63147/home/93759941,46.0,47.0,43.0
https://www.redfin.com/MO/Saint-Louis/4315-Lafayette-Ave-63110/home/93753965,81.0,35.0,74.0
https://www.redfin.com/MO/Saint-Louis/4526-Alice-Ave-63115/home/93713847,49.0,44.0,56.0
https://www.redfin.com/MO/Saint-Louis/1412-Rowan-Ave-63112/home/93678068,63.0,45.0,49.0
https://www.redfin.com/MO/Saint-Louis/4312-Oregon-Ave-63111/home/93705805,67.0,39.0,57.0
https://www.redfin.com/MO/Saint-Louis/5226-Saint-Louis-Ave-63115/home/93737349,64.0,41.0,48.0
https://www.redfin.com/MO/Saint-Louis/5046-S-37th-St-63116/home/93742425,69.0,39.0,57.0
https://www.redfin.com/MO/Saint-Louis/7413-Michigan-Ave-63111/home/93710778,82.0,40.0,72.0
https://www.redfin.com/MO/Saint-Louis/5232-Highland-Ave-63113/home/62739245,59.0,41.0,51.0
https://www.redfin.com/MO/Saint-Louis/5756-Floy-Ave-63136/home/93765411,66.0,39.0,51.0
https://www.redfin.com/MO/Saint-Louis/3819-California-Ave-63118/home/93696136,76.0,44.0,59.0
https://www.redfin.com/MO/Saint-Louis/1514-Grape-Ave-63147/home/93731739,53.0,40.0,51.0
https://www.redfin.com/MO/Saint-Louis/5922-Lillian-Ave-63136/home/93777938,45.0,36.0,50.0
https://www.redfin.com/MO/Saint-Louis/2817-S-Jefferson-Ave-63118/home/93691732,86.0,41.0,63.0
https://www.redfin.com/MO/Saint-Louis/4325-Morganford-Rd-63116/home/93772026,77.0,40.0,69.0
https://www.redfin.com/MO/Saint-Louis/4743-Louisiana-Ave-63111/home/93707337,74.0,40.0,58.0
https://www.redfin.com/MO/Saint-Louis/3931-Pennsylvania-Ave-63118/home/93704347,71.0,45.0,54.0
https://www.redfin.com/MO/Saint-Louis/4101-E-Lee-Ave-63115/home/93714956,49.0,44.0,45.0
https://www.redfin.com/MO/Saint-Louis/5936-Theodore-Ave-63136/home/93758717,48.0,37.0,54.0
https://www.redfin.com/MO/Saint-Louis/3522-S-Compton-Ave-63118/home/93695014,81.0,47.0,63.0
https://www.redfin.com/MO/Saint-Louis/3757-Itaska-St-63116/home/93742464,65.0,39.0,43.0
https://www.redfin.com/MO/Saint-Louis/1740-Grape-Ave-63147/home/93778782,47.0,41.0,45.0
https://www.redfin.com/MO/Saint-Louis/4453-Morganford-Rd-63116/home/93764712,77.0,40.0,72.0
https://www.redfin.com/MO/Saint-Louis/5968-De-Giverville-Ave-63112/home/93762540,79.0,55.0,69.0
https://www.redfin.com/MO/Saint-Louis/4214-Bingham-Ave-63116/home/93726563,67.0,40.0,66.0
https://www.redfin.com/MO/Saint-Louis/2239-University-St-63107/home/93687537,59.0,44.0,58.0
https://www.redfin.com/MO/Saint-Louis/6336-Laura-Ave-63136/home/93762169,45.0,36.0,51.0
https://www.redfin.com/MO/Saint-Louis/3614-Iowa-Ave-63118/home/93696177,84.0,39.0,57.0
https://www.redfin.com/MO/Saint-Louis/3420-Alberta-St-63118/home/93704826,84.0,46.0,50.0
https://www.redfin.com/MO/Saint-Louis/4406-Gannett-St-63116/home/93764136,78.0,40.0,64.0
https://www.redfin.com/MO/Saint-Louis/4442-Morganford-Rd-63116/home/62758278,77.0,40.0,72.0
https://www.redfin.com/MO/Saint-Louis/5950-N-Pointe-Blvd-63147/home/93769869,61.0,38.0,57.0
https://www.redfin.com/MO/Saint-Louis/5613-Pennsylvania-Ave-63111/home/93708606,55.0,37.0,40.0
https://www.redfin.com/MO/Saint-Louis/4023-Giles-Ave-63116/home/93772906,81.0,46.0,51.0
https://www.redfin.com/MO/Saint-Louis/7505-Pennsylvania-Ave-63111/home/93710919,82.0,39.0,69.0
https://www.redfin.com/MO/Saint-Louis/5640-Hiller-Pl-63136/home/62719986,69.0,38.0,61.0
https://www.redfin.com/MO/Saint-Louis/217-Schirmer-St-63111/home/63496781,83.0,39.0,68.0
https://www.redfin.com/MO/Saint-Louis/8648-Oriole-Ave-63147/home/93731159,52.0,38.0,42.0
https://www.redfin.com/MO/Saint-Louis/3240-Michigan-Ave-63118/home/93693468,89.0,45.0,66.0
https://www.redfin.com/MO/Saint-Louis/1025-Hornsby-Ave-63147/home/93760931,57.0,44.0,55.0
https://www.redfin.com/MO/Saint-Louis/5141-Dresden-Ave-63116/home/93764014,78.0,38.0,61.0
https://www.redfin.com/MO/Saint-Louis/6016-Minnesota-Ave-63111/home/93709125,53.0,38.0,46.0
https://www.redfin.com/MO/Saint-Louis/5713-Goodfellow-Blvd-63136/home/93761214,62.0,39.0,46.0
https://www.redfin.com/MO/Saint-Louis/887-Wall-St-63147/home/77407593,56.0,45.0,48.0
https://www.redfin.com/MO/Saint-Louis/5021-Davison-Ave-63120/home/93755100,37.0,37.0,40.0
https://www.redfin.com/MO/Saint-Louis/3540-Michigan-Ave-63118/home/93694890,83.0,46.0,60.0
https://www.redfin.com/MO/Saint-Louis/3658-Salena-St-63118/home/62687641,75.0,40.0,55.0
https://www.redfin.com/MO/Saint-Louis/4740-Nebraska-Ave-63111/home/93706889,37.0,36.0,35.0
https://www.redfin.com/MO/Saint-Louis/4300-Dewey-Ave-63116/home/93706005,81.0,44.0,47.0
https://www.redfin.com/MO/Saint-Louis/5636-Winona-Ave-63109/home/93781629,80.0,38.0,57.0
https://www.redfin.com/MO/Saint-Louis/3841-Bowen-St-63116/home/93773632,54.0,35.0,68.0
https://www.redfin.com/MO/Saint-Louis/2103-Boardman-St-63110/home/173620164,81.0,33.0,72.0
https://www.redfin.com/MO/St-Louis/6297-Magnolia-Ave-63139/home/192669047,55.0,33.0,58.0
https://www.redfin.com/MO/Saint-Louis/6543-Hancock-Ave-63139/home/90732000,63.0,33.0,57.0
https://www.redfin.com/MO/Saint-Louis/4080-Burgen-Ave-63116/home/93761954,54.0,34.0,52.0
https://www.redfin.com/MO/Saint-Louis/3119-Tamm-Ave-63139/home/93772162,57.0,33.0,63.0
https://www.redfin.com/MO/Saint-Louis/6646-Mardel-Ave-63109/home/93774875,55.0,43.0,44.0
https://www.redfin.com/MO/Saint-Louis/1508-Graham-St-63139/home/93761918,75.0,34.0,44.0
https://www.redfin.com/MO/Saint-Louis/6272-Magnolia-Ave-63139/home/93754746,55.0,33.0,58.0
https://www.redfin.com/MO/Saint-Louis/2323-Macklind-Ave-63110/home/93771688,85.0,34.0,54.0
https://www.redfin.com/MO/Saint-Louis/5872-Walsh-St-63109/home/93768784,81.0,34.0,51.0
https://www.redfin.com/MO/Saint-Louis/5425-Pernod-Ave-63139/home/93742298,62.0,38.0,57.0
https://www.redfin.com/MO/Saint-Louis/2123-Boardman-St-63110/home/173620154,81.0,33.0,72.0
https://www.redfin.com/MO/Saint-Louis/4216-Wyoming-St-63116/home/93729443,77.0,32.0,63.0
https://www.redfin.com/MO/Saint-Louis/5406-Reber-Pl-63139/home/93727377,83.0,34.0,61.0
https://www.redfin.com/MO/Saint-Louis/6309-Potomac-St-63139/home/89124361,70.0,38.0,65.0
https://www.redfin.com/MO/Saint-Louis/6365-Lansdowne-Ave-63109/home/93780101,79.0,40.0,67.0
https://www.redfin.com/MO/Saint-Louis/6312-Berthold-Ave-63139/home/93707617,75.0,34.0,64.0
https://www.redfin.com/MO/Saint-Louis/5477-Marquette-Ave-63139/home/62723051,55.0,37.0,43.0
https://www.redfin.com/MO/Saint-Louis/5660-Pernod-Ave-63139/home/93781941,74.0,37.0,55.0
https://www.redfin.com/MO/Saint-Louis/5504-Mardel-Ave-63109/home/62733343,72.0,38.0,61.0
https://www.redfin.com/MO/Saint-Louis/5534-Devonshire-Ave-63109/home/93753292,76.0,39.0,56.0
https://www.redfin.com/MO/Saint-Louis/1943-McCausland-Ave-63117/home/93744119,,,
https://www.redfin.com/MO/Saint-Louis/2125-Boardman-St-63110/home/173620153,81.0,33.0,72.0
https://www.redfin.com/MO/Saint-Louis/5616-Neosho-St-63109/home/62718027,81.0,38.0,56.0
https://www.redfin.com/MO/Saint-Louis/5708-Columbia-Ave-63139/home/93726781,83.0,33.0,55.0
https://www.redfin.com/MO/Saint-Louis/6756-Dolan-Pl-63139/home/93740474,64.0,31.0,68.0
https://www.redfin.com/MO/Saint-Louis/1333-Ripple-St-63139/home/93726452,78.0,34.0,48.0
https://www.redfin.com/MO/Saint-Louis/6023-Arsenal-St-63139/home/93768866,68.0,32.0,73.0
https://www.redfin.com/MO/Saint-Louis/6232-Devonshire-Ave-63109/home/81562910,83.0,38.0,63.0
https://www.redfin.com/MO/Saint-Louis/1933-Blendon-Pl-63143/home/93744213,67.0,,43.0
https://www.redfin.com/MO/Saint-Louis/6044-Sutherland-Ave-63109/home/93782418,84.0,37.0,63.0
https://www.redfin.com/MO/Saint-Louis/2016-Hereford-St-63110/home/173620199,81.0,33.0,72.0
https://www.redfin.com/MO/Saint-Louis/4064-Potomac-St-63116/home/77280528,68.0,42.0,47.0
https://www.redfin.com/MO/Saint-Louis/5632-Bischoff-Ave-63110/home/93727065,76.0,33.0,48.0
https://www.redfin.com/MO/Saint-Louis/7022-Ethel-Ave-63117/home/93740189,80.0,31.0,80.0
https://www.redfin.com/MO/Saint-Louis/7365-Marwinette-Ave-63116/home/93785094,30.0,25.0,49.0
https://www.redfin.com/MO/Saint-Louis/3734-Arsenal-St-63116/home/93675401,83.0,42.0,77.0
https://www.redfin.com/MO/Saint-Louis/6619-Dale-Ave-63139/home/93740747,63.0,32.0,40.0
https://www.redfin.com/MO/Saint-Louis/5541-Columbia-Ave-63139/home/93727027,84.0,33.0,55.0
https://www.redfin.com/MO/Saint-Louis/4819-Milentz-Ave-63116/home/62767027,73.0,38.0,64.0
https://www.redfin.com/MO/Saint-Louis/2235-Cuggiono-Ct-63110/home/93769430,77.0,33.0,69.0
https://www.redfin.com/MO/Saint-Louis/6659-Tholozan-Ave-63109/home/93775056,54.0,42.0,44.0
https://www.redfin.com/MO/Saint-Louis/5337-Winona-Ave-63109/home/62749403,71.0,38.0,60.0
https://www.redfin.com/MO/Saint-Louis/3271-Alfred-Ave-63116/home/93785791,72.0,37.0,51.0
https://www.redfin.com/MO/Saint-Louis/4357-Miami-St-63116/home/93730044,71.0,40.0,51.0
https://www.redfin.com/MO/Saint-Louis/5736-Lindenwood-Ave-63109/home/93780954,85.0,38.0,60.0
https://www.redfin.com/MO/Saint-Louis/5236-Lansdowne-Ave-63109/home/93753006,75.0,40.0,57.0
https://www.redfin.com/MO/Saint-Louis/5460-Walsh-St-63109/home/93767778,74.0,39.0,48.0
https://www.redfin.com/MO/Saint-Louis/4016-Parker-Ave-63116/home/93729098,68.0,42.0,51.0
https://www.redfin.com/MO/Saint-Louis/1612-Mississippi-Ave-63104/home/93672856,86.0,47.0,65.0
https://www.redfin.com/MO/Saint-Louis/1424-Louisville-Ave-63139/home/93740864,67.0,33.0,43.0
https://www.redfin.com/MO/Saint-Louis/4940-Walsh-St-63109/home/62724238,71.0,39.0,55.0
https://www.redfin.com/MO/Saint-Louis/5340-Tholozan-Ave-63109/home/93781817,66.0,38.0,57.0
https://www.redfin.com/MO/Saint-Louis/6550-Walsh-St-63109/home/93779692,58.0,41.0,56.0
https://www.redfin.com/MO/Saint-Louis/6429-Southwest-Ave-63139/home/93784630,57.0,33.0,51.0
https://www.redfin.com/MO/Saint-Louis/5858-Kingwood-Dr-63123/home/93782482,38.0,35.0,47.0
https://www.redfin.com/MO/Saint-Louis/2910-Missouri-Ave-63118/home/93699035,86.0,43.0,52.0
https://www.redfin.com/MO/Saint-Louis/6532-Southwest-Ave-63139/home/93743732,59.0,33.0,51.0
https://www.redfin.com/MO/Saint-Louis/5911-Scanlan-Ave-63139/home/93775805,63.0,31.0,61.0
https://www.redfin.com/MO/Saint-Louis/5733-Delor-St-63109/home/93768114,82.0,37.0,52.0
https://www.redfin.com/MO/Saint-Louis/3932-Humphrey-St-63116/home/93729416,73.0,42.0,51.0
https://www.redfin.com/MO/Saint-Louis/4020-Neosho-St-63116/home/93767225,72.0,38.0,56.0
https://www.redfin.com/MO/Saint-Louis/3123-Alfred-Ave-63116/home/93748603,76.0,32.0,66.0
https://www.redfin.com/MO/Saint-Louis/5114-Rosa-Ave-63109/home/93769455,71.0,39.0,56.0
https://www.redfin.com/MO/Saint-Louis/4130-Fillmore-St-63116/home/93776339,63.0,34.0,65.0
https://www.redfin.com/MO/Saint-Louis/6039-Oleatha-Ave-63139/home/93775370,79.0,38.0,64.0
https://www.redfin.com/MO/Saint-Louis/4328-Laclede-Ave-63108/home/62694008,73.0,57.0,65.0
https://www.redfin.com/MO/Saint-Louis/7114-Bancroft-Ave-63109/home/93749072,44.0,50.0,55.0
https://www.redfin.com/MO/Saint-Louis/4034-Parker-Ave-63116/home/93729061,68.0,42.0,51.0
https://www.redfin.com/MO/Saint-Louis/4080-Fillmore-St-63116/home/93770887,54.0,34.0,63.0
https://www.redfin.com/MO/Saint-Louis/4068-Utah-St-63116/home/62842554,68.0,41.0,50.0
https://www.redfin.com/MO/Saint-Louis/5421-Itaska-St-63109/home/93765288,75.0,39.0,47.0
https://www.redfin.com/MO/Saint-Louis/4721-Prague-Ave-63109/home/93780248,77.0,38.0,57.0
https://www.redfin.com/MO/Saint-Louis/5525-Magnolia-Ave-63139/home/93727273,84.0,33.0,62.0
https://www.redfin.com/MO/Saint-Louis/5579-Lansdowne-Ave-63109/home/62756753,72.0,38.0,56.0
https://www.redfin.com/MO/Saint-Louis/29-Benton-Pl-63104/home/93701232,80.0,51.0,61.0
https://www.redfin.com/MO/Saint-Louis/5520-Nottingham-Ave-63109/home/93765278,79.0,38.0,52.0
https://www.redfin.com/MO/Saint-Louis/4939-Nottingham-Ave-63109/home/93753326,79.0,40.0,56.0
https://www.redfin.com/MO/Saint-Louis/6517-Tholozan-Ave-63109/home/93775003,73.0,39.0,64.0
https://www.redfin.com/MO/Saint-Louis/4421-Rosa-Ave-63116/home/93772830,73.0,35.0,71.0
https://www.redfin.com/MO/Saint-Louis/4388-Maryland-Ave-63108/home/93725224,76.0,52.0,66.0
https://www.redfin.com/MO/Saint-Louis/5864-Walsh-St-63109/home/93768814,81.0,34.0,51.0
https://www.redfin.com/MO/Saint-Louis/1126-Art-Hill-Pl-63139/home/93782284,72.0,34.0,65.0
https://www.redfin.com/MO/Saint-Louis/4169-Parker-Ave-63116/home/93728877,60.0,40.0,54.0
https://www.redfin.com/MO/Saint-Louis/4109-Upton-Ct-63116/home/93784287,47.0,33.0,58.0
https://www.redfin.com/MO/Saint-Louis/1037-Louisville-Ave-63139/home/93740404,64.0,33.0,75.0
https://www.redfin.com/MO/Saint-Louis/6821-W-Park-Ave-63139/home/93765627,58.0,31.0,51.0
https://www.redfin.com/MO/Saint-Louis/4151-Hartford-St-63116/home/93751066,74.0,34.0,68.0
https://www.redfin.com/MO/Saint-Louis/6027-Arsenal-St-63139/home/93768867,68.0,32.0,73.0
https://www.redfin.com/MO/Saint-Louis/4170-Utah-St-63116/home/86088363,62.0,40.0,57.0
https://www.redfin.com/MO/Saint-Louis/3880-Hartford-St-63116/home/62729843,78.0,40.0,70.0
https://www.redfin.com/MO/Saint-Louis/5225-Quincy-St-63109/home/93771485,63.0,40.0,51.0
https://www.redfin.com/MO/Saint-Louis/5454-Lisette-Ave-63109/home/93776621,64.0,39.0,48.0
https://www.redfin.com/MO/Saint-Louis/2715-Watson-Rd-63139/home/93773032,75.0,31.0,71.0
https://www.redfin.com/MO/Saint-Louis/6211-Hoffman-Ave-63139/home/93767970,63.0,32.0,70.0
https://www.redfin.com/MO/Saint-Louis/6016-Scanlan-Ave-63139/home/93742885,66.0,32.0,64.0
https://www.redfin.com/MO/Saint-Louis/4251-McPherson-Ave-63108/home/93673842,75.0,51.0,64.0
https://www.redfin.com/MO/Saint-Louis/5329-Murdoch-Ave-63109/home/93753348,72.0,39.0,54.0
https://www.redfin.com/MO/Saint-Louis/2222-Shenandoah-Ave-63104/home/146873668,84.0,41.0,68.0
https://www.redfin.com/MO/Saint-Louis/1597-Fairmount-Ave-63139/home/93681881,65.0,30.0,37.0
https://www.redfin.com/MO/Saint-Louis/5748-Delor-St-63109/home/93768137,84.0,36.0,53.0
https://www.redfin.com/MO/Saint-Louis/5701-Woodland-Ave-63120/home/93787342,33.0,35.0,41.0
https://www.redfin.com/MO/Saint-Louis/6420-Pennsylvania-Ave-63111/home/93709804,56.0,37.0,40.0
https://www.redfin.com/MO/Saint-Louis/4065-Fairview-Ave-63116/home/62764807,65.0,41.0,47.0
https://www.redfin.com/MO/Saint-Louis/4948-Davison-Ave-63120/home/93756776,32.0,37.0,35.0
https://www.redfin.com/MO/Saint-Louis/2839-Osage-St-63118/home/93704376,73.0,44.0,57.0
https://www.redfin.com/MO/Saint-Louis/5448-Bancroft-Ave-63109/home/93753065,71.0,38.0,57.0
https://www.redfin.com/MO/Saint-Louis/4427-Arco-Ave-63110/home/93750940,84.0,54.0,80.0
https://www.redfin.com/MO/Saint-Louis/4123-Schiller-Pl-63116/home/93770307,73.0,35.0,57.0
https://www.redfin.com/MO/Saint-Louis/5141-Pattison-Ave-63110/home/93728076,76.0,33.0,68.0
https://www.redfin.com/MO/Saint-Louis/4037-Parker-Ave-63116/home/93729189,68.0,42.0,51.0
https://www.redfin.com/MO/Saint-Louis/6421-Lansdowne-Ave-63109/home/93779914,77.0,41.0,66.0
https://www.redfin.com/MO/Saint-Louis/5726-Sutherland-Ave-63109/home/93752768,82.0,38.0,53.0
https://www.redfin.com/MO/Saint-Louis/4704-Prague-Ave-63109/home/93780230,82.0,38.0,59.0
https://www.redfin.com/MO/Saint-Louis/4233-Shenandoah-Ave-63110/home/93746885,73.0,29.0,71.0
https://www.redfin.com/MO/Saint-Louis/4975-Schollmeyer-Ave-63109/home/93764454,71.0,40.0,54.0
https://www.redfin.com/MO/Saint-Louis/4864-Carter-Ave-63115/home/93733317,51.0,40.0,35.0
https://www.redfin.com/MO/Saint-Louis/4087-Wilmington-Ave-63116/home/93770936,56.0,34.0,57.0
https://www.redfin.com/MO/Saint-Louis/2714-Saint-Vincent-Ave-63104/home/93700637,78.0,37.0,58.0
https://www.redfin.com/MO/Saint-Louis/6105-Louisiana-Ave-63111/home/93709451,66.0,40.0,59.0
https://www.redfin.com/MO/Saint-Louis/6440-Marquette-Ave-63139/home/93775174,69.0,38.0,64.0
https://www.redfin.com/MO/Saint-Louis/4112-Humphrey-St-63116/home/93729494,72.0,39.0,56.0
https://www.redfin.com/MO/Saint-Louis/2342-Michigan-Ave-63104/home/93691906,82.0,43.0,69.0
https://www.redfin.com/MO/Saint-Louis/5208-Tholozan-Ave-63109/home/62725780,73.0,38.0,63.0
https://www.redfin.com/MO/Saint-Louis/3640-Alberta-St-63116/home/93704590,83.0,46.0,50.0
https://www.redfin.com/MO/Saint-Louis/3221-Harper-St-63107/home/93698738,74.0,45.0,62.0
https://www.redfin.com/MO/Saint-Louis/4957-Robert-Ave-63109/home/93771058,61.0,41.0,54.0
https://www.redfin.com/MO/Saint-Louis/4259-Maryland-Ave-63108/home/93684088,75.0,54.0,65.0
https://www.redfin.com/MO/Saint-Louis/3107-Harlequin-Ln-63139/home/62753667,69.0,33.0,51.0
https://www.redfin.com/MO/Saint-Louis/5322-Loughborough-Ave-63109/home/93771555,56.0,40.0,49.0
https://www.redfin.com/MO/Saint-Louis/8112-Carlsbad-Dr-63123/home/93784316,19.0,36.0,57.0
https://www.redfin.com/MO/Saint-Louis/3183-Alfred-Ave-63116/home/62756456,77.0,32.0,61.0
https://www.redfin.com/MO/Saint-Louis/3318-Michigan-Ave-63118/home/93693458,88.0,46.0,63.0
https://www.redfin.com/MO/Saint-Louis/5312-Shaw-Ave-63110/home/93726857,85.0,31.0,62.0
https://www.redfin.com/MO/Saint-Louis/5523-Davison-Ave-63120/home/93762865,53.0,39.0,39.0
https://www.redfin.com/MO/Saint-Louis/4750-Milentz-Ave-63116/home/93756736,78.0,38.0,66.0
https://www.redfin.com/MO/Saint-Louis/5944-Era-Ave-63147/home/93768899,65.0,40.0,54.0
https://www.redfin.com/MO/Saint-Louis/4227-Connecticut-St-63116/home/93729845,77.0,32.0,63.0
https://www.redfin.com/MO/Saint-Louis/6449-W-Park-Ave-63139/home/93749952,75.0,34.0,52.0
https://www.redfin.com/MO/Saint-Louis/3642-Hebert-St-63107/home/93702165,73.0,44.0,63.0
https://www.redfin.com/MO/Saint-Louis/5521-Lindenwood-Ave-63109/home/93782536,72.0,38.0,61.0
https://www.redfin.com/MO/Saint-Louis/7143-Mardel-Ave-63109/home/93747880,25.0,48.0,50.0
https://www.redfin.com/MO/Saint-Louis/4318-Bingham-Ave-63116/home/93772023,77.0,40.0,69.0
https://www.redfin.com/MO/Saint-Louis/3998-Bowen-St-63116/home/62734767,50.0,34.0,63.0
https://www.redfin.com/MO/Saint-Louis/4105-Louisiana-Ave-63118/home/93705716,84.0,46.0,49.0
https://www.redfin.com/MO/Saint-Louis/5519-Lisette-Ave-63109/home/93776635,64.0,39.0,48.0
https://www.redfin.com/MO/Saint-Louis/5937-W-Park-Ave-63110/home/93726367,75.0,34.0,59.0
https://www.redfin.com/MO/Saint-Louis/3730-Palm-St-63107/home/93702082,71.0,44.0,62.0
https://www.redfin.com/MO/Saint-Louis/6921-Vermont-Ave-63111/home/93710177,72.0,42.0,78.0
https://www.redfin.com/MO/Saint-Louis/4353-Evans-Ave-63113/home/93718921,70.0,41.0,58.0
https://www.redfin.com/MO/Saint-Louis/4439-Arco-Ave-63110/home/93750925,84.0,54.0,80.0
https://www.redfin.com/MO/Saint-Louis/1007-Wall-St-63147/home/93756077,56.0,45.0,48.0
https://www.redfin.com/MO/Saint-Louis/2865-Texas-Ave-63118/home/93691687,87.0,42.0,60.0
https://www.redfin.com/MO/Saint-Louis/4309-Jamieson-Ave-63109/home/93774169,56.0,48.0,58.0
https://www.redfin.com/MO/Saint-Louis/6518-Hoffman-Ave-63139/home/93741774,53.0,33.0,66.0
https://www.redfin.com/MO/Saint-Louis/4636-Idaho-Ave-63111/home/93706676,73.0,41.0,54.0
https://www.redfin.com/MO/Saint-Louis/1134-Childress-Ave-63139/home/93782288,72.0,34.0,65.0
https://www.redfin.com/MO/Saint-Louis/6630-Vermont-Ave-63111/home/93709866,52.0,41.0,66.0
https://www.redfin.com/MO/Saint-Louis/5721-Rhodes-Ave-63109/home/93771409,72.0,36.0,51.0
https://www.redfin.com/MO/Saint-Louis/3625-Koeln-Ave-63116/home/93712067,52.0,39.0,56.0
https://www.redfin.com/MO/Saint-Louis/5376-Magnolia-Ave-63139/home/62719588,85.0,34.0,60.0
https://www.redfin.com/MO/Saint-Louis/4921-Loughborough-Ave-63109/home/93764346,74.0,39.0,60.0
https://www.redfin.com/MO/Saint-Louis/3828-Missouri-Ave-63118/home/93696810,76.0,40.0,52.0
https://www.redfin.com/MO/Saint-Louis/3624-Winnebago-St-63116/home/93695593,86.0,46.0,57.0
https://www.redfin.com/MO/Saint-Louis/5640-Finkman-St-63109/home/93776711,66.0,38.0,50.0
https://www.redfin.com/MO/Saint-Louis/3944-S-Compton-Ave-63118/home/93704728,77.0,46.0,47.0
https://www.redfin.com/MO/Saint-Louis/3443-Keokuk-St-63118/home/93695279,83.0,47.0,57.0
https://www.redfin.com/MO/Saint-Louis/8001-Church-Rd-63147/home/93730701,59.0,30.0,50.0
https://www.redfin.com/MO/Saint-Louis/5508-Sutherland-Ave-63109/home/93752749,70.0,39.0,54.0
https://www.redfin.com/MO/Saint-Louis/4622-Minnesota-Ave-63111/home/76808767,56.0,39.0,51.0
https://www.redfin.com/MO/Saint-Louis/5721-Acme-Ave-63136/home/93421442,62.0,39.0,46.0
https://www.redfin.com/MO/Saint-Louis/4830-Goethe-Ave-63116/home/93763260,73.0,38.0,64.0
https://www.redfin.com/MO/Saint-Louis/4977-Fairview-Ave-63139/home/62751175,74.0,37.0,53.0
https://www.redfin.com/MO/Saint-Louis/4335-Loughborough-Ave-63116/home/62710816,68.0,36.0,67.0
https://www.redfin.com/MO/Saint-Louis/5249-Delor-St-63109/home/93766790,70.0,40.0,51.0
https://www.redfin.com/MO/Saint-Louis/4213-Dardenne-Dr-63120/home/93431457,61.0,37.0,48.0
https://www.redfin.com/MO/Saint-Louis/3954-McRee-Ave-63110/home/103204046,57.0,40.0,54.0
https://www.redfin.com/MO/Saint-Louis/5227-Saint-Louis-Ave-63115/home/93737681,70.0,41.0,50.0
https://www.redfin.com/MO/Saint-Louis/4777-Milentz-Ave-63116/home/93757151,73.0,38.0,64.0
https://www.redfin.com/MO/Saint-Louis/6538-W-Park-Ave-63139/home/62768386,72.0,34.0,52.0
https://www.redfin.com/MO/Saint-Louis/4500-W-Pine-Blvd-63108/home/93673660,86.0,57.0,66.0
https://www.redfin.com/MO/St-Louis/4512-W-Pine-Blvd-63108/home/200563323,86.0,57.0,66.0
https://www.redfin.com/MO/Saint-Louis/3117-Russell-Blvd-63104/home/93690015,68.0,38.0,59.0
https://www.redfin.com/MO/Saint-Louis/2205-Hickory-St-63104/home/181866114,79.0,54.0,56.0
https://www.redfin.com/MO/Saint-Louis/2612-S-12th-St-63118/home/93686350,85.0,39.0,54.0
https://www.redfin.com/MO/Saint-Louis/6906-Bruno-Ave-63139/home/146874014,80.0,29.0,62.0
https://www.redfin.com/MO/Saint-Louis/4917-Pershing-Pl-63108/home/93724402,87.0,44.0,60.0
https://www.redfin.com/MO/Saint-Louis/5257-Westminster-Pl-63108/home/93749525,70.0,49.0,70.0
https://www.redfin.com/MO/Saint-Louis/3500-Russell-Blvd-63104/home/62734477,73.0,38.0,68.0
https://www.redfin.com/MO/Saint-Louis/5095-Westminster-Pl-63108/home/62751909,81.0,44.0,61.0
https://www.redfin.com/MO/Saint-Louis/2211-Hickory-St-63104/home/181866116,79.0,54.0,56.0
https://www.redfin.com/MO/Saint-Louis/5137-Washington-Pl-63108/home/93749488,78.0,46.0,64.0
https://www.redfin.com/MO/Saint-Louis/1819-Lafayette-Ave-63104/home/93697464,86.0,47.0,65.0
https://www.redfin.com/MO/Saint-Louis/4410-Westminster-Pl-63108/home/93740237,77.0,44.0,61.0
https://www.redfin.com/MO/Saint-Louis/1804-Hickory-St-63104/home/93685596,85.0,59.0,63.0
https://www.redfin.com/MO/Saint-Louis/34-Waterman-Pl-63112/home/93724336,60.0,53.0,79.0
https://www.redfin.com/MO/Saint-Louis/4361-Westminster-Pl-63108/home/64816053,73.0,43.0,58.0
https://www.redfin.com/MO/Saint-Louis/2012-Lafayette-Ave-63104/home/93690812,86.0,41.0,58.0
https://www.redfin.com/MO/Saint-Louis/4321-Maryland-Ave-63108/home/62779526,74.0,51.0,64.0
https://www.redfin.com/MO/Saint-Louis/2731-Lafayette-Ave-63104/home/77299603,79.0,38.0,55.0
https://www.redfin.com/MO/Saint-Louis/2346-Albion-Pl-63104/home/93700569,84.0,39.0,65.0
https://www.redfin.com/MO/Saint-Louis/5849-De-Giverville-Ave-63112/home/93762610,72.0,55.0,74.0
https://www.redfin.com/MO/University-City/6203-Washington-Ave-63130/home/93760161,92.0,55.0,67.0
https://www.redfin.com/MO/Saint-Louis/1816-Hickory-St-63104/home/93685593,85.0,59.0,63.0
https://www.redfin.com/MO/Saint-Louis/2024-Rutger-St-63104/home/93701233,82.0,55.0,64.0
https://www.redfin.com/MO/Saint-Louis/1225-Dolman-St-63104/home/93685993,86.0,58.0,65.0
https://www.redfin.com/MO/Saint-Louis/5250-Wilson-Ave-63110/home/93727654,87.0,31.0,61.0
https://www.redfin.com/MO/Saint-Louis/3445-Juniata-St-63118/home/169424315,89.0,44.0,83.0
https://www.redfin.com/MO/Saint-Louis/4225-Maryland-Ave-63108/home/93725336,74.0,54.0,65.0
https://www.redfin.com/MO/Saint-Louis/30-Kingsbury-Pl-63112/home/93724138,56.0,54.0,76.0
https://www.redfin.com/MO/Saint-Louis/4608-McPherson-Ave-63108/home/93754475,88.0,44.0,58.0
https://www.redfin.com/MO/Saint-Louis/6120-Victoria-Ave-63139/home/93726407,77.0,34.0,64.0
https://www.redfin.com/MO/Saint-Louis/6980-Tholozan-Ave-63109/home/145288681,31.0,46.0,54.0
https://www.redfin.com/MO/Saint-Louis/3738-Olive-St-63108/home/176875154,68.0,51.0,64.0
https://www.redfin.com/MO/St-Louis/4439-4441-Gibson-Ave-63110/home/202328837,82.0,56.0,76.0
https://www.redfin.com/MO/Saint-Louis/310-N-Newstead-Ave-63108/home/62763590,76.0,52.0,66.0
https://www.redfin.com/MO/Saint-Louis/3850-Arsenal-St-63116/home/93728235,80.0,41.0,74.0
https://www.redfin.com/MO/Saint-Louis/1919-Hickory-St-63104/home/93701209,85.0,57.0,63.0
https://www.redfin.com/MO/Saint-Louis/6157-Kingsbury-Ave-63112/home/93760352,87.0,56.0,70.0
https://www.redfin.com/MO/Saint-Louis/4937-Washington-Blvd-63108/home/93724414,88.0,44.0,55.0
https://www.redfin.com/MO/Saint-Louis/4251-Maryland-Ave-63108/home/62735920,74.0,54.0,65.0
https://www.redfin.com/MO/Saint-Louis/5089-Waterman-Blvd-63108/home/93745949,77.0,45.0,62.0
https://www.redfin.com/MO/Saint-Louis/2745-Armand-Pl-63104/home/93690846,84.0,41.0,60.0
https://www.redfin.com/MO/Saint-Louis/4257-Maryland-Ave-63108/home/93682381,75.0,54.0,65.0
https://www.redfin.com/MO/Saint-Louis/5782-McPherson-Ave-63112/home/93674546,64.0,56.0,80.0
https://www.redfin.com/MO/Saint-Louis/1845-S-9th-St-63104/home/93685162,92.0,37.0,59.0
https://www.redfin.com/MO/Saint-Louis/3662-Humphrey-St-63116/home/109919824,82.0,45.0,69.0
https://www.redfin.com/MO/Saint-Louis/4328-Vista-Ave-63110/home/93726069,77.0,46.0,79.0
https://www.redfin.com/MO/Saint-Louis/5843-Enright-Ave-63112/home/93739333,62.0,51.0,56.0
https://www.redfin.com/MO/Saint-Louis/2406-S-13th-St-63104/home/93686678,87.0,40.0,58.0
https://www.redfin.com/MO/Saint-Louis/3865-Connecticut-St-63116/home/89320742,76.0,41.0,70.0
https://www.redfin.com/MO/Saint-Louis/4546-Washington-Blvd-63108/home/77289222,86.0,45.0,55.0
https://www.redfin.com/MO/Saint-Louis/1936-Arsenal-St-63118/home/93699323,84.0,42.0,50.0
https://www.redfin.com/MO/Saint-Louis/5816-Reber-Pl-63139/home/93726683,76.0,32.0,69.0
https://www.redfin.com/MO/Saint-Louis/1123-Kentucky-Ave-63110/home/146873929,88.0,53.0,76.0
https://www.redfin.com/MO/Saint-Louis/4452-Gibson-Ave-63110/home/93750912,82.0,56.0,76.0
https://www.redfin.com/MO/Saint-Louis/902-Geyer-Ave-63104/home/93685732,91.0,38.0,60.0
https://www.redfin.com/MO/Saint-Louis/4161-Flad-Ave-63110/home/93746539,76.0,29.0,70.0
https://www.redfin.com/MO/Saint-Louis/6259-Magnolia-Ave-63139/home/93743641,61.0,33.0,55.0
https://www.redfin.com/MO/Saint-Louis/4033-Cleveland-Ave-63110/home/93786133,72.0,36.0,63.0
https://www.redfin.com/MO/Saint-Louis/3401-Pestalozzi-St-63118/home/93692366,82.0,44.0,79.0
https://www.redfin.com/MO/Saint-Louis/1000-Barton-St-63104/home/187271178,87.0,37.0,54.0
https://www.redfin.com/MO/Saint-Louis/2117-S-13th-St-63104/home/93686274,87.0,41.0,60.0
https://www.redfin.com/MO/Saint-Louis/2922-S-Compton-Ave-63118/home/93785831,81.0,44.0,78.0
https://www.redfin.com/MO/Saint-Louis/4140-Burgen-Ave-63116/home/93762021,63.0,34.0,62.0
https://www.redfin.com/MO/Saint-Louis/4037-McRee-Ave-63110/home/109914637,47.0,39.0,56.0
https://www.redfin.com/MO/Saint-Louis/3940-Shaw-Blvd-63110/home/109919797,71.0,39.0,61.0
https://www.redfin.com/MO/Saint-Louis/4116-Flad-Ave-63110/home/93746440,72.0,34.0,66.0
https://www.redfin.com/MO/Saint-Louis/6623-Leona-St-63116/home/93777945,56.0,35.0,59.0
https://www.redfin.com/MO/Saint-Louis/4209-Norfolk-Ave-63110/home/93725977,88.0,53.0,77.0
https://www.redfin.com/MO/Saint-Louis/6609-Pernod-Ave-63139/home/93778999,59.0,41.0,48.0
https://www.redfin.com/MO/Saint-Louis/5931-Clifton-Ave-63109/home/62758309,51.0,30.0,52.0
https://www.redfin.com/MO/Saint-Louis/4272-Hartford-St-63116/home/93749882,80.0,31.0,68.0
https://www.redfin.com/MO/Saint-Louis/5323-Bischoff-Ave-63110/home/93726845,86.0,34.0,56.0
https://www.redfin.com/MO/Saint-Louis/1524-McCausland-Ave-63117/home/93740584,57.0,30.0,45.0
https://www.redfin.com/MO/Saint-Louis/3434-Humphrey-St-63118/home/93683397,90.0,45.0,82.0
https://www.redfin.com/MO/Saint-Louis/5622-Murdoch-Ave-63109/home/93753508,79.0,38.0,56.0
https://www.redfin.com/MO/Saint-Louis/1404-Monroe-St-63106/home/93685866,66.0,41.0,66.0
https://www.redfin.com/MO/Saint-Louis/2633-Allen-Ave-63104/home/93690348,83.0,39.0,59.0
https://www.redfin.com/MO/St-Louis/1926-Allen-Ave-63104/home/201509855,83.0,41.0,67.0
https://www.redfin.com/MO/Saint-Louis/1916-S-12th-St-63104/home/93685699,87.0,38.0,60.0
https://www.redfin.com/MO/Saint-Louis/4213-Washington-Blvd-63108/home/93719932,68.0,43.0,56.0
https://www.redfin.com/MO/Saint-Louis/2432-McNair-Ave-63104/home/93691374,78.0,42.0,66.0
https://www.redfin.com/MO/Saint-Louis/5911-Pershing-Ave-63112/home/93762461,62.0,54.0,81.0
https://www.redfin.com/MO/Saint-Louis/3305-Pestalozzi-St-63118/home/62720084,82.0,44.0,79.0
https://www.redfin.com/MO/Saint-Louis/1623-Forest-Ave-63139/home/93674027,57.0,31.0,43.0
https://www.redfin.com/MO/Saint-Louis/2869-Missouri-Ave-63118/home/93671848,87.0,42.0,56.0
https://www.redfin.com/MO/Saint-Louis/3417-Humphrey-St-63118/home/62717086,90.0,45.0,82.0
https://www.redfin.com/MO/Saint-Louis/1941-Congress-St-63118/home/93785616,85.0,42.0,59.0
https://www.redfin.com/MO/Saint-Louis/4273-Juniata-St-63116/home/93750032,79.0,32.0,66.0
https://www.redfin.com/MO/Saint-Louis/2827-Oregon-Ave-63118/home/193545590,83.0,43.0,65.0
https://www.redfin.com/MO/Saint-Louis/7071-Mardel-Ave-63109/home/93747903,30.0,49.0,54.0
https://www.redfin.com/MO/Saint-Louis/5938-Clemens-Ave-63112/home/93739287,73.0,52.0,57.0
https://www.redfin.com/MO/Saint-Louis/4038-Juniata-St-63116/home/93730004,74.0,36.0,69.0
https://www.redfin.com/MO/Saint-Louis/7032-Lansdowne-Ave-63109/home/93774136,55.0,49.0,65.0
https://www.redfin.com/MO/Saint-Louis/4008-Botanical-Ave-63110/home/109007321,72.0,37.0,64.0
https://www.redfin.com/MO/Saint-Louis/2843-January-Ave-63139/home/62724656,79.0,32.0,68.0
https://www.redfin.com/MO/Saint-Louis/5800-Pershing-Ave-63112/home/93762442,61.0,55.0,82.0
https://www.redfin.com/MO/Saint-Louis/3006-Virginia-Ave-63118/home/93692637,81.0,44.0,78.0
https://www.redfin.com/MO/Saint-Louis/3423-Giles-Ave-63116/home/93730339,87.0,46.0,62.0
https://www.redfin.com/MO/Saint-Louis/2316-S-9th-St-63104/home/93686366,89.0,37.0,60.0
https://www.redfin.com/MO/Saint-Louis/4349-Gibson-Ave-63110/home/93751305,88.0,55.0,77.0
https://www.redfin.com/MO/Saint-Louis/5621-Pernod-Ave-63139/home/63125819,68.0,37.0,53.0
https://www.redfin.com/MO/St-Louis/6413-6415-Bradley-Ave-63139/home/202233805,64.0,33.0,56.0
https://www.redfin.com/MO/Saint-Louis/3433-Texas-Ave-63118/home/179021915,93.0,42.0,58.0
https://www.redfin.com/MO/Saint-Louis/4249-Arco-Ave-63110/home/93750950,88.0,55.0,77.0
https://www.redfin.com/MO/Saint-Louis/7038-Pernod-Ave-63139/home/93747939,25.0,46.0,55.0
https://www.redfin.com/MO/Saint-Louis/4062-Arsenal-St-63116/home/93786324,71.0,35.0,68.0
https://www.redfin.com/MO/Saint-Louis/4444-Arco-Ave-63110/home/93751242,83.0,54.0,81.0
https://www.redfin.com/MO/Saint-Louis/4939-Lisette-Ave-63109/home/93742177,73.0,39.0,55.0
https://www.redfin.com/MO/Saint-Louis/2010-Blendon-Pl-63143/home/93744131,66.0,29.0,49.0
https://www.redfin.com/MO/Saint-Louis/2414-S-11th-St-63104/home/93686734,86.0,39.0,56.0
https://www.redfin.com/MO/Saint-Louis/1829-Oregon-Ave-63104/home/93690103,75.0,39.0,48.0
https://www.redfin.com/MO/Saint-Louis/4935-Cote-Brilliante-Ave-63113/home/93737212,62.0,42.0,55.0
https://www.redfin.com/MO/Saint-Louis/4142-Cleveland-Ave-63110/home/93746488,72.0,28.0,68.0
https://www.redfin.com/MO/Saint-Louis/6125-Marwinette-Ave-63116/home/62744072,50.0,34.0,63.0
https://www.redfin.com/MO/Saint-Louis/4557-Arco-Ave-63110/home/93749289,75.0,56.0,83.0
https://www.redfin.com/MO/Saint-Louis/2739-Utah-St-63118/home/93693788,92.0,43.0,57.0
https://www.redfin.com/MO/Saint-Louis/3307-Wisconsin-Ave-63118/home/62747963,90.0,42.0,61.0
https://www.redfin.com/MO/Saint-Louis/3467-Giles-Ave-63116/home/93730302,87.0,46.0,62.0
https://www.redfin.com/MO/Saint-Louis/5239-Oleatha-Ave-63139/home/62721572,61.0,37.0,49.0
https://www.redfin.com/MO/Saint-Louis/7119-Trainor-Pl-63116/home/93679204,43.0,33.0,60.0
https://www.redfin.com/MO/Saint-Louis/6059-Clemens-Ave-63112/home/91490586,73.0,52.0,57.0
https://www.redfin.com/MO/Saint-Louis/5972-Cates-Ave-63112/home/71335714,56.0,52.0,53.0
https://www.redfin.com/MO/Saint-Louis/6523-Odell-St-63139/home/93743840,55.0,33.0,55.0
https://www.redfin.com/MO/Saint-Louis/5588-Bartmer-Ave-63112/home/93722455,57.0,43.0,47.0
https://www.redfin.com/MO/Saint-Louis/6533-Tholozan-Ave-63109/home/93774987,73.0,39.0,64.0
https://www.redfin.com/MO/St-Louis/4253-Washington-Ave-63108/unit-D/home/190928999,68.0,43.0,53.0
https://www.redfin.com/MO/Saint-Louis/3302-Ohio-Ave-63118/home/93694284,93.0,43.0,55.0
https://www.redfin.com/MO/Saint-Louis/3332-Wisconsin-Ave-63118/home/173618772,90.0,42.0,61.0
https://www.redfin.com/MO/Saint-Louis/6014-Potomac-St-63139/home/93775389,81.0,37.0,62.0
https://www.redfin.com/MO/Saint-Louis/2318-Louisiana-Ave-63104/home/104434520,82.0,43.0,73.0
https://www.redfin.com/MO/Saint-Louis/5665-Oleatha-Ave-63139/home/93780690,71.0,37.0,54.0
https://www.redfin.com/MO/Saint-Louis/2143-Hickory-St-63104/home/62696165,79.0,54.0,56.0
https://www.redfin.com/MO/Saint-Louis/1810-Utah-St-63118/home/93694151,84.0,40.0,60.0
https://www.redfin.com/MO/Saint-Louis/1901-Allen-Ave-63104/home/93690378,83.0,41.0,67.0
https://www.redfin.com/MO/Saint-Louis/5230-Bancroft-Ave-63109/home/93752671,74.0,38.0,61.0
https://www.redfin.com/MO/Saint-Louis/1500-E-Linton-Ave-63107/home/93713259,42.0,43.0,50.0
https://www.redfin.com/MO/Saint-Louis/5622-Pernod-Ave-63139/home/93781950,68.0,37.0,53.0
https://www.redfin.com/MO/Saint-Louis/4465-Greer-Ave-63115/home/93715389,61.0,39.0,48.0
https://www.redfin.com/MO/Saint-Louis/3503-Wisconsin-Ave-63118/home/93694499,89.0,41.0,62.0
https://www.redfin.com/MO/Saint-Louis/1323-Shenandoah-Ave-63104/home/62714065,81.0,41.0,58.0
https://www.redfin.com/MO/Saint-Louis/1924-Withnell-Ave-63118/home/62722013,87.0,42.0,58.0
https://www.redfin.com/MO/Saint-Louis/3445-Michigan-Ave-63118/home/184672079,87.0,46.0,61.0
https://www.redfin.com/MO/Saint-Louis/5449-Mardel-Ave-63109/home/93782003,70.0,38.0,58.0
https://www.redfin.com/MO/Saint-Louis/2248-Jules-St-63104/home/62735438,84.0,41.0,68.0
https://www.redfin.com/MO/Saint-Louis/5810-S-Kingshighway-Blvd-63109/home/63691768,75.0,39.0,57.0
https://www.redfin.com/MO/Saint-Louis/5477-Loughborough-Ave-63109/home/93774312,63.0,38.0,53.0
https://www.redfin.com/MO/Saint-Louis/3725-N-20th-St-63107/home/93671267,56.0,44.0,54.0
https://www.redfin.com/MO/Saint-Louis/7016-Michigan-Ave-63111/home/143285890,78.0,41.0,73.0
https://www.redfin.com/MO/Saint-Louis/1725-Oregon-Pl-63104/home/93690072,72.0,39.0,54.0
https://www.redfin.com/MO/Saint-Louis/4361-Enright-Ave-63108/home/93739837,63.0,43.0,49.0
https://www.redfin.com/MO/Saint-Louis/2758-Rutger-St-63104/home/93697600,67.0,37.0,59.0
https://www.redfin.com/MO/Saint-Louis/5363-Reber-Pl-63139/home/93727529,82.0,34.0,62.0
https://www.redfin.com/MO/Saint-Louis/5530-Magnolia-Ave-63139/home/93727165,84.0,33.0,62.0
https://www.redfin.com/MO/Saint-Louis/1464-Sproule-Ave-63139/home/93778573,73.0,34.0,45.0
https://www.redfin.com/MO/Saint-Louis/3509-Park-Ave-63104/home/93689866,55.0,39.0,52.0
https://www.redfin.com/MO/Saint-Louis/20-Lawn-Pl-63110/home/93765850,64.0,53.0,81.0
https://www.redfin.com/MO/Saint-Louis/4253-Swan-Ave-63110/home/67379319,88.0,53.0,79.0
https://www.redfin.com/MO/Saint-Louis/1544-Saint-Vincent-Ct-63104/home/93700600,78.0,38.0,55.0
https://www.redfin.com/MO/Saint-Louis/6816-Wise-Ave-63139/home/93765619,65.0,31.0,63.0
https://www.redfin.com/MO/Saint-Louis/4058-Botanical-Ave-63110/home/76771316,70.0,36.0,64.0
https://www.redfin.com/MO/Saint-Louis/2925-Macklind-Ave-63139/home/93727350,80.0,34.0,60.0
https://www.redfin.com/MO/Saint-Louis/3516-Illinois-Ave-63118/home/109007317,89.0,41.0,62.0
https://www.redfin.com/MO/Saint-Louis/4100-Potomac-St-63116/home/93728788,68.0,42.0,47.0
https://www.redfin.com/MO/Saint-Louis/905-Russell-Blvd-63104/home/93686208,90.0,38.0,62.0
https://www.redfin.com/MO/Saint-Louis/3706-Iowa-Ave-63118/home/93696181,83.0,39.0,59.0
https://www.redfin.com/MO/Saint-Louis/7153-Whaley-Pl-63116/home/93785432,51.0,31.0,59.0
https://www.redfin.com/MO/Saint-Louis/4120-Loughborough-Ave-63116/home/93772837,65.0,32.0,70.0
https://www.redfin.com/MO/Saint-Louis/1911-Lynch-St-63118/home/93697264,84.0,41.0,46.0
https://www.redfin.com/MO/Saint-Louis/2830-Hampton-Ave-63139/home/69131459,75.0,31.0,69.0
https://www.redfin.com/MO/Saint-Louis/5439-Vernon-Ave-63112/home/93786376,55.0,41.0,54.0
https://www.redfin.com/MO/Saint-Louis/3878-Marine-Ave-63118/home/93697250,65.0,39.0,26.0
https://www.redfin.com/MO/Saint-Louis/7146-Mardel-Ave-63109/home/93747995,21.0,50.0,42.0
https://www.redfin.com/MO/Saint-Louis/5238-Botanical-Ave-63110/home/93727570,86.0,31.0,58.0
https://www.redfin.com/MO/Saint-Louis/3024-Caroline-St-63104/home/93672743,68.0,38.0,50.0
https://www.redfin.com/MO/Saint-Louis/5829-Bartmer-Ave-63112/home/93680377,57.0,46.0,46.0
https://www.redfin.com/MO/Saint-Louis/2320-S-9th-St-63104/home/92954023,89.0,37.0,60.0
https://www.redfin.com/MO/Saint-Louis/6217-Marmaduke-Ave-63139/home/93754701,63.0,32.0,67.0
https://www.redfin.com/MO/Saint-Louis/4729-Adkins-Ave-63116/home/93758982,79.0,37.0,66.0
https://www.redfin.com/MO/Saint-Louis/3337-Michigan-Ave-63118/home/93693546,88.0,46.0,63.0
https://www.redfin.com/MO/Saint-Louis/4014-Miami-St-63116/home/93728662,71.0,43.0,60.0
https://www.redfin.com/MO/Saint-Louis/6557-Odell-St-63139/home/93743819,52.0,33.0,59.0
https://www.redfin.com/MO/Saint-Louis/3112-Wyoming-St-63118/home/93693478,88.0,45.0,70.0
https://www.redfin.com/MO/Saint-Louis/4963-Sutherland-Ave-63109/home/89324264,78.0,39.0,60.0
https://www.redfin.com/MO/Saint-Louis/3223-Utah-St-63118/home/104237048,88.0,45.0,73.0
https://www.redfin.com/MO/Saint-Louis/6531-Bancroft-Ave-63109/home/93775558,76.0,42.0,64.0
https://www.redfin.com/MO/Saint-Louis/3324-Louisiana-Ave-63118/home/93693130,88.0,46.0,71.0
https://www.redfin.com/MO/Saint-Louis/3325-Minnesota-Ave-63118/home/93693448,89.0,45.0,59.0
https://www.redfin.com/MO/Saint-Louis/5414-Lindenwood-Ave-63109/home/93782848,72.0,38.0,59.0
https://www.redfin.com/MO/Saint-Louis/7321-Coronado-Ave-63116/home/93785043,32.0,31.0,52.0
https://www.redfin.com/MO/Saint-Louis/4948-Neosho-St-63109/home/62764377,75.0,40.0,51.0
https://www.redfin.com/MO/Saint-Louis/5325-Quincy-St-63109/home/93771490,56.0,40.0,49.0
https://www.redfin.com/MO/Saint-Louis/5008-Sutherland-Ave-63109/home/93752833,73.0,39.0,60.0
https://www.redfin.com/MO/Saint-Louis/4844-Sigel-Ave-63116/home/93763288,74.0,38.0,59.0
https://www.redfin.com/MO/Saint-Louis/4224-California-Ave-63111/home/93705491,75.0,41.0,58.0
https://www.redfin.com/MO/Saint-Louis/5507-Vermont-Ave-63111/home/93708496,68.0,40.0,59.0
https://www.redfin.com/MO/Saint-Louis/3911-Sullivan-Ave-63107/home/93753728,57.0,44.0,55.0
https://www.redfin.com/MO/Saint-Louis/6019-Hartford-St-63139/home/93775873,72.0,31.0,71.0
https://www.redfin.com/MO/Saint-Louis/3832-Iowa-Ave-63118/home/93696263,79.0,43.0,57.0
https://www.redfin.com/MO/Saint-Louis/5477-Oleatha-Ave-63139/home/93780849,64.0,38.0,52.0
https://www.redfin.com/MO/Saint-Louis/4936-Delor-St-63109/home/69445400,73.0,39.0,51.0
https://www.redfin.com/MO/Saint-Louis/3440-Potomac-St-63118/home/93695417,88.0,46.0,63.0
https://www.redfin.com/MO/Saint-Louis/4337-Loughborough-Ave-63116/home/93771767,68.0,36.0,67.0
https://www.redfin.com/MO/Saint-Louis/5341-Neosho-St-63109/home/93755145,73.0,39.0,48.0
https://www.redfin.com/MO/Saint-Louis/3759-Kosciusko-St-63118/home/93697209,61.0,39.0,28.0
https://www.redfin.com/MO/Saint-Louis/5444-Sunshine-Dr-63109/home/93775861,54.0,40.0,58.0
https://www.redfin.com/MO/Saint-Louis/5453-Nottingham-Ave-63109/home/93753441,76.0,39.0,51.0
https://www.redfin.com/MO/Saint-Louis/6916-Hampton-Ave-63109/home/93758074,63.0,38.0,53.0
https://www.redfin.com/MO/Saint-Louis/5612-Arthur-Ave-63139/home/93743063,52.0,36.0,42.0
https://www.redfin.com/MO/Saint-Louis/4739-Hummel-Ave-63116/home/93763387,73.0,38.0,63.0
https://www.redfin.com/MO/Saint-Louis/5186-Vernon-Ave-63113/home/93752405,73.0,42.0,59.0
https://www.redfin.com/MO/Saint-Louis/5946-Julian-Ave-63112/home/109924547,55.0,49.0,40.0
https://www.redfin.com/MO/Saint-Louis/3662-Minnesota-Ave-63118/home/93695976,75.0,45.0,56.0
https://www.redfin.com/MO/Saint-Louis/1907-Lynch-St-63118/home/93671871,84.0,41.0,46.0
https://www.redfin.com/MO/Saint-Louis/5218-Lisette-Ave-63109/home/62693805,70.0,39.0,50.0
https://www.redfin.com/MO/Saint-Louis/4259-W-Cote-Brilliante-Ave-63113/home/62759429,68.0,41.0,58.0
https://www.redfin.com/MO/Saint-Louis/4405-Alaska-Ave-63111/home/62743886,78.0,41.0,49.0
https://www.redfin.com/MO/Saint-Louis/5453-Robert-Ave-63109/home/93775968,58.0,38.0,56.0
https://www.redfin.com/MO/Saint-Louis/4319-Eichelberger-St-63116/home/93757142,82.0,35.0,68.0
https://www.redfin.com/MO/Saint-Louis/3523-Pennsylvania-Ave-63118/home/87395007,87.0,46.0,53.0
https://www.redfin.com/MO/St-Louis/3708-Bamberger-Ave-63116/home/193769352,80.0,46.0,62.0
https://www.redfin.com/MO/Saint-Louis/3340-Bendick-Ave-63139/home/62755741,61.0,33.0,56.0
https://www.redfin.com/MO/Saint-Louis/5411-Tennessee-Ave-63111/home/93708247,71.0,40.0,61.0
https://www.redfin.com/MO/Saint-Louis/2214-McCausland-Ave-63143/home/93741105,82.0,29.0,68.0
https://www.redfin.com/MO/Saint-Louis/5300-Chippewa-St-63109/home/93781862,71.0,38.0,60.0
https://www.redfin.com/MO/Saint-Louis/3414-Cherokee-St-63118/home/62734586,88.0,46.0,70.0
https://www.redfin.com/MO/Saint-Louis/4401-Wilcox-Ave-63116/home/93764968,83.0,38.0,68.0
https://www.redfin.com/MO/Saint-Louis/4139-Tholozan-Ave-63116/home/93728549,63.0,42.0,55.0
https://www.redfin.com/MO/Saint-Louis/5608-S-Kingshighway-Blvd-63109/home/64095996,74.0,38.0,59.0
https://www.redfin.com/MO/Saint-Louis/2015-Schaeffer-Pl-63139/home/93741323,62.0,30.0,48.0
https://www.redfin.com/MO/Saint-Louis/3999-Dover-Pl-63116/home/93774790,54.0,34.0,53.0
https://www.redfin.com/MO/Saint-Louis/4117-Louis-St-63116/home/93784352,37.0,33.0,51.0
https://www.redfin.com/MO/Saint-Louis/4348-Schirmer-St-63116/home/93783610,35.0,37.0,51.0
https://www.redfin.com/MO/Saint-Louis/4059-Phillips-Ave-63116/home/93748976,70.0,42.0,70.0
https://www.redfin.com/MO/Saint-Louis/6109-Newport-Ave-63116/home/93776760,58.0,33.0,67.0
https://www.redfin.com/MO/Saint-Louis/4418-Louisiana-Ave-63111/home/93706038,78.0,41.0,50.0
https://www.redfin.com/MO/Saint-Louis/2913-Gasconade-St-63118/home/93704871,76.0,44.0,52.0
https://www.redfin.com/MO/Saint-Louis/5120-Wicklow-Pl-63111/home/93707651,64.0,39.0,52.0
https://www.redfin.com/MO/Saint-Louis/6736-Wise-Ave-63139/home/93765724,62.0,32.0,68.0
https://www.redfin.com/MO/Saint-Louis/4550-Enright-Ave-63108/home/93720014,77.0,44.0,52.0
https://www.redfin.com/MO/Saint-Louis/5933-Arsenal-St-63139/home/93768701,72.0,31.0,67.0
https://www.redfin.com/MO/Saint-Louis/6300-Potomac-St-63139/home/62699120,76.0,39.0,66.0
https://www.redfin.com/MO/Saint-Louis/3702-Garnier-St-63116/home/93747398,65.0,41.0,60.0
https://www.redfin.com/MO/Saint-Louis/2720-McNair-Ave-63118/home/93697739,85.0,42.0,60.0
https://www.redfin.com/MO/Saint-Louis/5342-Loughborough-Ave-63109/home/62692085,56.0,40.0,49.0
https://www.redfin.com/MO/Saint-Louis/3667-Steins-St-63116/home/93757111,47.0,38.0,49.0
https://www.redfin.com/MO/Saint-Louis/2700-Arsenal-St-63118/home/93697155,87.0,42.0,59.0
https://www.redfin.com/MO/Saint-Louis/6301-Marquette-Ave-63139/home/93749021,72.0,38.0,64.0
https://www.redfin.com/MO/Saint-Louis/7316-Sharp-Ave-63116/home/93785055,43.0,32.0,59.0
https://www.redfin.com/MO/Saint-Louis/5418-Virginia-Ave-63111/home/93708154,69.0,40.0,57.0
https://www.redfin.com/MO/Saint-Louis/3524-Grace-Ave-63116/home/93695414,89.0,46.0,65.0
https://www.redfin.com/MO/Saint-Louis/3930-Pennsylvania-Ave-63118/home/93704421,71.0,45.0,54.0
https://www.redfin.com/MO/Saint-Louis/4120-Nebraska-Ave-63118/home/93705202,76.0,44.0,52.0
https://www.redfin.com/MO/Saint-Louis/4724-Hummel-Ave-63116/home/93758065,77.0,38.0,67.0
https://www.redfin.com/MO/St-Louis/4122-Nebraska-Ave-63118/home/202385139,76.0,44.0,52.0
https://www.redfin.com/MO/Saint-Louis/612-Holly-Hills-Ave-63111/home/93709701,54.0,40.0,60.0
https://www.redfin.com/MO/Saint-Louis/6559-Marmaduke-Ave-63139/home/93743876,54.0,33.0,50.0
https://www.redfin.com/MO/Saint-Louis/4233-Delor-St-63116/home/93759008,73.0,37.0,68.0
https://www.redfin.com/MO/Saint-Louis/7137-Marwinette-Ave-63116/home/62734965,36.0,32.0,59.0
https://www.redfin.com/MO/Saint-Louis/3450-Minnesota-Ave-63118/home/93694821,89.0,46.0,54.0
https://www.redfin.com/MO/Saint-Louis/3533-Illinois-Ave-63118/home/93694536,80.0,41.0,62.0
https://www.redfin.com/MO/Saint-Louis/4052-Nebraska-Ave-63118/home/93704879,76.0,43.0,58.0
https://www.redfin.com/MO/Saint-Louis/6033-Carlsbad-Ave-63116/home/93772781,72.0,35.0,73.0
https://www.redfin.com/MO/Saint-Louis/4601-Ray-Ave-63116/home/93757345,74.0,38.0,61.0
https://www.redfin.com/MO/Saint-Louis/1802-Switzer-Ave-63147/home/93781515,55.0,41.0,44.0
https://www.redfin.com/MO/Saint-Louis/7857-Wanda-Ave-63123/home/93784474,25.0,37.0,59.0
https://www.redfin.com/MO/Saint-Louis/4434-Enright-Ave-63108/home/93739815,67.0,43.0,51.0
https://www.redfin.com/MO/Saint-Louis/5827-W-Park-Ave-63110/home/93769204,69.0,34.0,49.0
https://www.redfin.com/MO/Saint-Louis/4049-Cottage-Ave-63113/home/143286700,64.0,44.0,54.0
https://www.redfin.com/MO/Saint-Louis/5366-Southwest-Ave-63139/home/93727390,85.0,34.0,60.0
https://www.redfin.com/MO/Saint-Louis/1440-Central-Ave-63139/home/93740644,50.0,31.0,39.0
https://www.redfin.com/MO/Saint-Louis/7328-Parkwood-Dr-63116/home/93783715,45.0,37.0,60.0
https://www.redfin.com/MO/Saint-Louis/6300-Fyler-Ave-63139/home/93743111,65.0,33.0,65.0
https://www.redfin.com/MO/Saint-Louis/2303-Arsenal-St-63118/home/93699058,87.0,43.0,55.0
https://www.redfin.com/MO/Saint-Louis/4177-Itaska-St-63116/home/93757084,80.0,38.0,69.0
https://www.redfin.com/MO/Saint-Louis/4228-Schiller-Pl-63116/home/67986625,67.0,35.0,65.0
https://www.redfin.com/MO/Saint-Louis/6717-Minnesota-Ave-63111/home/93710454,70.0,40.0,61.0
https://www.redfin.com/MO/Saint-Louis/5132-Dresden-Ave-63116/home/93763928,75.0,39.0,61.0
https://www.redfin.com/MO/Saint-Louis/4629-Alaska-Ave-63111/home/93706713,73.0,41.0,54.0
https://www.redfin.com/MO/Saint-Louis/6228-Fyler-Ave-63139/home/93743109,65.0,33.0,65.0
https://www.redfin.com/MO/St-Louis/3831-S-Grand-Blvd-63118/home/176874415,84.0,47.0,54.0
https://www.redfin.com/MO/Saint-Louis/3820-Iowa-Ave-63118/home/93696268,79.0,43.0,57.0
https://www.redfin.com/MO/Saint-Louis/3825-Missouri-Ave-63118/home/93696784,76.0,40.0,52.0
https://www.redfin.com/MO/Saint-Louis/4916-Blow-St-63109/home/93758301,65.0,40.0,57.0
https://www.redfin.com/MO/St-Louis/2311-Rutger-St-63104/unit-C/home/191941959,82.0,48.0,62.0
https://www.redfin.com/MO/Saint-Louis/7342-Vermont-Ave-63111/home/93710767,73.0,41.0,73.0
https://www.redfin.com/MO/Saint-Louis/7507-Virginia-Ave-63111/home/93710942,82.0,40.0,72.0
https://www.redfin.com/MO/Saint-Louis/5018-Leona-St-63116/home/93777294,66.0,35.0,44.0
https://www.redfin.com/MO/Saint-Louis/4500-Miami-St-63116/home/93756217,73.0,39.0,50.0
https://www.redfin.com/MO/Saint-Louis/3943-Ohio-Ave-63118/home/62736783,78.0,39.0,60.0
https://www.redfin.com/MO/Saint-Louis/940-Maple-Pl-63112/home/93723863,46.0,50.0,47.0
https://www.redfin.com/MO/Saint-Louis/6011-Michigan-Ave-63111/home/93709031,58.0,39.0,46.0
https://www.redfin.com/MO/Saint-Louis/4827-Miami-St-63116/home/93756229,76.0,39.0,55.0
https://www.redfin.com/MO/Saint-Louis/2335-Louisiana-Ave-63104/home/67655211,82.0,43.0,76.0
https://www.redfin.com/MO/Saint-Louis/4725-Terrace-Ave-63116/home/93758042,73.0,37.0,67.0
https://www.redfin.com/MO/Saint-Louis/6452-Southwest-Ave-63139/home/62716251,57.0,33.0,51.0
https://www.redfin.com/MO/Saint-Louis/4140-Tesson-St-63123/home/93784152,19.0,32.0,51.0
https://www.redfin.com/MO/Saint-Louis/4342-Frieda-Ave-63116/home/93757236,81.0,36.0,70.0
https://www.redfin.com/MO/Saint-Louis/2630-Geyer-Ave-63104/home/93690340,85.0,39.0,62.0
https://www.redfin.com/MO/Saint-Louis/8321-Minnesota-Ave-63111/home/93711868,68.0,35.0,48.0
https://www.redfin.com/MO/Saint-Louis/4128-Michigan-Ave-63118/home/93705171,81.0,45.0,46.0
https://www.redfin.com/MO/Saint-Louis/1211-Clara-Ave-63112/home/93722542,61.0,42.0,50.0
https://www.redfin.com/MO/Saint-Louis/5462-Christy-Ave-63116/home/93757910,75.0,37.0,69.0
https://www.redfin.com/MO/Saint-Louis/4147-Beethoven-Ave-63116/home/93758119,73.0,39.0,75.0
https://www.redfin.com/MO/Saint-Louis/4651-Tennessee-Ave-63111/home/64459744,74.0,40.0,53.0
https://www.redfin.com/MO/Saint-Louis/3471-Morganford-Rd-63116/home/93774387,71.0,39.0,54.0
https://www.redfin.com/MO/Saint-Louis/7101-Virginia-Ave-63111/home/93710438,72.0,42.0,78.0
https://www.redfin.com/MO/Saint-Louis/3616-Louisiana-Ave-63118/home/91489867,84.0,47.0,57.0
https://www.redfin.com/MO/Saint-Louis/6027-Etzel-Ave-63112/home/93723128,46.0,49.0,43.0
https://www.redfin.com/MO/Saint-Louis/6437-Colletta-Dr-63139/home/93784611,52.0,33.0,40.0
https://www.redfin.com/MO/Saint-Louis/5343-Conde-St-63107/home/93713437,34.0,45.0,63.0
https://www.redfin.com/MO/Saint-Louis/5649-Roosevelt-Pl-63120/home/93755010,47.0,40.0,43.0
https://www.redfin.com/MO/Saint-Louis/2518-Whittier-St-63113/home/93717082,62.0,42.0,52.0
https://www.redfin.com/MO/Saint-Louis/5204-Saint-Louis-Ave-63115/home/67369281,64.0,41.0,50.0
https://www.redfin.com/MO/Saint-Louis/5275-Alcott-Ave-63120/home/93765029,49.0,38.0,43.0
https://www.redfin.com/MO/Saint-Louis/4130-Oregon-Ave-63118/home/93705090,78.0,42.0,57.0
https://www.redfin.com/MO/Saint-Louis/5530-Partridge-Ave-63120/home/93751796,62.0,36.0,58.0
https://www.redfin.com/MO/Saint-Louis/357-Adrian-Dr-63137/home/93394124,3.0,,24.0
https://www.redfin.com/MO/Saint-Louis/3901-Sherman-Pl-63107/home/62725207,49.0,45.0,50.0
https://www.redfin.com/MO/Saint-Louis/5338-Wabada-Ave-63112/home/93738689,62.0,42.0,49.0
https://www.redfin.com/MO/Saint-Louis/4936-Harney-Ave-63115/home/93756145,25.0,41.0,39.0
https://www.redfin.com/MO/Saint-Louis/5636-Acme-Ave-63136/home/93761373,57.0,39.0,42.0
https://www.redfin.com/MO/Saint-Louis/4808-Cupples-Pl-63113/home/93736337,62.0,41.0,50.0
https://www.redfin.com/MO/Saint-Louis/4224-N-Florissant-Ave-63107/home/93703140,62.0,45.0,60.0
https://www.redfin.com/MO/Saint-Louis/3981-Schiller-Pl-63116/home/93770282,53.0,35.0,41.0
https://www.redfin.com/MO/Saint-Louis/4314-Penrose-St-63115/home/93714837,58.0,40.0,48.0
https://www.redfin.com/MO/Saint-Louis/210-N-17th-St-63103/unit-1409/home/93680867,87.0,66.0,61.0
https://www.redfin.com/MO/Saint-Louis/5918-Dressell-Ave-63120/home/93768511,60.0,37.0,51.0
https://www.redfin.com/MO/Saint-Louis/3850-Kennerly-Ave-63113/home/93716085,64.0,44.0,60.0
https://www.redfin.com/MO/Saint-Louis/4426-Carter-Ave-63115/home/93734211,50.0,43.0,43.0
https://www.redfin.com/MO/Saint-Louis/6000-Thekla-Ave-63136/home/93759084,59.0,38.0,58.0
https://www.redfin.com/MO/Saint-Louis/5119-Terry-Ave-63115/home/64451660,64.0,41.0,50.0
https://www.redfin.com/MO/Saint-Louis/5929-Lucille-Ave-63136/home/93758811,60.0,38.0,58.0
https://www.redfin.com/MO/Saint-Louis/5345-N-Kingshighway-Blvd-63115/home/93752050,32.0,40.0,42.0
https://www.redfin.com/MO/Saint-Louis/4778-Highland-Ave-63113/home/93736696,59.0,41.0,51.0
https://www.redfin.com/MO/Saint-Louis/5420-Queens-Ave-63115/home/93752006,34.0,41.0,44.0
https://www.redfin.com/MO/Saint-Louis/7719-Minnesota-Ave-63111/home/93711110,82.0,38.0,65.0
https://www.redfin.com/MO/Saint-Louis/3753-Marine-Ave-63118/home/93697380,70.0,39.0,42.0
https://www.redfin.com/MO/Saint-Louis/4409-Virginia-Ave-63111/home/93705955,78.0,41.0,49.0
https://www.redfin.com/MO/Saint-Louis/5628-Hiller-Pl-63136/home/93769961,66.0,38.0,61.0
https://www.redfin.com/MO/Saint-Louis/4210-E-Carter-Ave-63115/home/93714763,55.0,42.0,51.0
https://www.redfin.com/MO/Saint-Louis/4470-Bessie-Ave-63115/home/93734404,52.0,42.0,34.0
https://www.redfin.com/MO/Saint-Louis/5322-Michigan-Ave-63111/home/93708061,62.0,38.0,51.0
https://www.redfin.com/MO/Saint-Louis/889-Gustav-Ave-63147/home/62758221,44.0,48.0,48.0
https://www.redfin.com/MO/Saint-Louis/5825-Romaine-Pl-63112/home/93722849,64.0,44.0,50.0
https://www.redfin.com/MO/Saint-Louis/4003-Lexington-Ave-63107/home/93753780,54.0,43.0,46.0
https://www.redfin.com/MO/Saint-Louis/4429-Pennsylvania-Ave-63111/home/93706050,65.0,39.0,53.0
https://www.redfin.com/MO/Saint-Louis/1005-Switzer-Ave-63147/home/93730648,48.0,31.0,41.0
https://www.redfin.com/MO/Saint-Louis/3020-Mount-Pleasant-St-63111/home/93706798,56.0,39.0,51.0
https://www.redfin.com/MO/Saint-Louis/1219-Sullivan-Ave-63107/home/93688458,67.0,40.0,64.0
https://www.redfin.com/MO/Saint-Louis/5806-Woodland-Ave-63120/home/93759544,33.0,35.0,43.0
https://www.redfin.com/MO/Saint-Louis/4724-Kossuth-Ave-63115/home/93733445,64.0,40.0,42.0
https://www.redfin.com/MO/Saint-Louis/4412-Clarence-Ave-63115/home/68482572,56.0,43.0,54.0
https://www.redfin.com/MO/Saint-Louis/5917-Harney-Ave-63136/home/93758957,64.0,38.0,61.0
https://www.redfin.com/MO/Saint-Louis/1727-N-Leffingwell-Ave-63106/home/93697705,48.0,47.0,41.0
https://www.redfin.com/MO/Saint-Louis/1040-Sells-Ave-63147/home/93731358,62.0,36.0,44.0
https://www.redfin.com/MO/Saint-Louis/405-Christian-Ave-63147/home/88156373,58.0,28.0,50.0
https://www.redfin.com/MO/Saint-Louis/8455-Concord-Pl-63147/home/93766440,56.0,41.0,36.0
https://www.redfin.com/MO/Saint-Louis/4028-Grove-St-63107/home/93698367,70.0,46.0,59.0
https://www.redfin.com/MO/Saint-Louis/4204-N-Euclid-Ave-63115/home/93733369,61.0,40.0,47.0
https://www.redfin.com/MO/Saint-Louis/7118-Vermont-Ave-63111/home/93710413,78.0,41.0,76.0
https://www.redfin.com/MO/Saint-Louis/743-N-Euclid-Ave-63108/home/93720198,86.0,44.0,51.0
https://www.redfin.com/MO/Saint-Louis/1514-N-Leffingwell-Ave-63106/home/93697610,60.0,46.0,42.0
https://www.redfin.com/MO/Saint-Louis/4453-Athlone-Ave-63115/home/93714647,56.0,45.0,62.0
https://www.redfin.com/MO/Saint-Louis/8539-Robin-Ave-63147/home/93730809,44.0,36.0,33.0
https://www.redfin.com/MO/Saint-Louis/5901-McArthur-Ave-63120/home/93768494,60.0,37.0,51.0
https://www.redfin.com/MO/Saint-Louis/4876-Calvin-Ave-63115/home/93733007,56.0,40.0,43.0
https://www.redfin.com/MO/Saint-Louis/4849-Anderson-Ave-63115/home/93732936,56.0,40.0,40.0
https://www.redfin.com/MO/Saint-Louis/8659-Oriole-Ave-63147/home/93731086,48.0,38.0,45.0
https://www.redfin.com/MO/Saint-Louis/1734-N-Euclid-Ave-63113/home/93737110,69.0,43.0,56.0
https://www.redfin.com/MO/Saint-Louis/887-Gustav-Ave-63147/home/93783315,44.0,48.0,48.0
https://www.redfin.com/MO/Saint-Louis/1139-Canaan-Ave-63147/home/93760672,60.0,44.0,51.0
https://www.redfin.com/MO/Saint-Louis/3067-Marcus-Ave-63115/home/62705237,60.0,40.0,45.0
https://www.redfin.com/MO/Saint-Louis/882-Gustav-Ave-63147/home/93783363,41.0,48.0,46.0
https://www.redfin.com/MO/Saint-Louis/863-Gustav-Ave-63147/home/93783338,41.0,48.0,46.0
https://www.redfin.com/MO/Saint-Louis/886-Gustav-Ave-63147/home/93783362,44.0,48.0,48.0
https://www.redfin.com/MO/Saint-Louis/5960-Minerva-Ave-63112/home/93723243,66.0,48.0,44.0
https://www.redfin.com/MO/Saint-Louis/4636-Saint-Ferdinand-Ave-63113/home/93736768,57.0,42.0,50.0
https://www.redfin.com/MO/Saint-Louis/3726-Oregon-Ave-63118/home/93696123,77.0,44.0,57.0
https://www.redfin.com/MO/Saint-Louis/753-Aubert-Ave-63108/home/62692051,84.0,44.0,52.0
https://www.redfin.com/MO/Saint-Louis/5414-S-Kingshighway-Blvd-63109/home/93759258,73.0,39.0,59.0
https://www.redfin.com/MO/Saint-Louis/3726-Osceola-St-63116/home/93706486,74.0,43.0,45.0
https://www.redfin.com/MO/Saint-Louis/5516-Acme-Ave-63136/home/93761405,52.0,39.0,42.0
https://www.redfin.com/MO/Saint-Louis/1389-Hamilton-Ave-63112/home/93723355,64.0,46.0,46.0
https://www.redfin.com/MO/Saint-Louis/3502-Cora-Ave-63115/home/93735719,60.0,40.0,42.0
https://www.redfin.com/MO/Saint-Louis/5475-Gilmore-Ave-63120/home/93752204,59.0,36.0,55.0
https://www.redfin.com/MO/Saint-Louis/8447-Concord-Pl-63147/home/93766442,56.0,41.0,36.0
https://www.redfin.com/MO/Saint-Louis/7819-Vermont-Ave-63111/home/93711268,79.0,39.0,71.0
https://www.redfin.com/MO/Saint-Louis/4538-San-Francisco-Ave-63115/home/93733765,65.0,40.0,47.0
https://www.redfin.com/MO/Saint-Louis/1761-Grape-Ave-63147/home/93778791,53.0,42.0,47.0
https://www.redfin.com/MO/Saint-Louis/3846-Virginia-Ave-63118/home/93695792,81.0,47.0,51.0
https://www.redfin.com/MO/Saint-Louis/8838-Park-Ln-63147/home/93778678,52.0,42.0,53.0
https://www.redfin.com/MO/Saint-Louis/5381-Queens-Ave-63115/home/93752085,36.0,41.0,46.0
https://www.redfin.com/MO/Saint-Louis/5977-Lalite-Ave-63136/home/93758705,50.0,37.0,53.0
https://www.redfin.com/MO/Saint-Louis/3710-S-Broadway-63118/home/93696730,84.0,40.0,53.0
https://www.redfin.com/MO/Saint-Louis/4000-N-Grand-Blvd-63107/home/93698853,73.0,46.0,62.0
https://www.redfin.com/MO/Saint-Louis/6343-Sherry-Ave-63136/home/93762085,48.0,,50.0
https://www.redfin.com/MO/Saint-Louis/4502-Harris-Ave-63115/home/93713905,55.0,43.0,57.0
https://www.redfin.com/MO/Saint-Louis/4615-Newport-Ave-63116/home/93757281,74.0,38.0,61.0
https://www.redfin.com/MO/Saint-Louis/4176-Newport-Ct-63116/home/93757068,80.0,38.0,69.0
https://www.redfin.com/MO/Saint-Louis/5994-Theodore-Ave-63136/home/93759063,50.0,37.0,53.0
https://www.redfin.com/MO/Saint-Louis/5520-Louisiana-Ave-63111/home/93708521,71.0,40.0,60.0
https://www.redfin.com/MO/Saint-Louis/9006-Edna-St-63147/home/93760692,58.0,46.0,50.0
https://www.redfin.com/MO/Saint-Louis/3437-Keokuk-St-63118/home/93695281,83.0,47.0,57.0
https://www.redfin.com/MO/Saint-Louis/4431-Virginia-Ave-63111/home/93705930,75.0,41.0,55.0
https://www.redfin.com/MO/Saint-Louis/4222-Osceola-St-63116/home/93758162,73.0,40.0,72.0
https://www.redfin.com/MO/Saint-Louis/5344-Northland-Ave-63112/home/93738295,53.0,42.0,49.0
https://www.redfin.com/MO/Saint-Louis/3307-Winnebago-St-63118/home/93695645,82.0,47.0,54.0
https://www.redfin.com/MO/Saint-Louis/3814-Greer-Ave-63107/home/93715934,60.0,44.0,60.0
https://www.redfin.com/MO/Saint-Louis/4502-Adelaide-Ave-63115/home/93713857,53.0,44.0,54.0
https://www.redfin.com/MO/Saint-Louis/4823-San-Francisco-Ave-63115/home/93732689,67.0,40.0,47.0
https://www.redfin.com/MO/Saint-Louis/5923-Mimika-Ave-63147/home/93768928,65.0,40.0,54.0
https://www.redfin.com/MO/Saint-Louis/8422-Pennsylvania-Ave-63111/home/169424599,69.0,34.0,58.0
https://www.redfin.com/MO/Saint-Louis/4635-Oregon-Ave-63111/home/93706944,44.0,36.0,43.0
https://www.redfin.com/MO/Saint-Louis/815-Portland-Ter-63147/home/93783297,34.0,48.0,56.0
https://www.redfin.com/MO/Saint-Louis/858-Canaan-Ave-63147/home/93756093,52.0,45.0,41.0
https://www.redfin.com/MO/Saint-Louis/9123-Church-Rd-63137/home/93783212,40.0,48.0,51.0
https://www.redfin.com/MO/Saint-Louis/1215-Oakley-Pl-63112/home/93723252,55.0,49.0,40.0
https://www.redfin.com/MO/Saint-Louis/8937-Edna-St-63147/home/93731511,60.0,43.0,57.0
https://www.redfin.com/MO/Saint-Louis/5958-Park-Ln-63147/home/93770519,58.0,40.0,53.0
https://www.redfin.com/MO/Saint-Louis/854-Canaan-Ave-63147/home/93756094,52.0,45.0,41.0
https://www.redfin.com/MO/Saint-Louis/3719-Marine-Ave-63118/home/93697328,70.0,39.0,42.0
https://www.redfin.com/MO/Saint-Louis/6318-Lalite-Ave-63136/home/93762104,45.0,37.0,50.0
https://www.redfin.com/MO/Saint-Louis/6429-Idaho-Ave-63111/home/93709392,55.0,41.0,60.0
https://www.redfin.com/MO/Saint-Louis/5941-Park-Ln-63147/home/93770586,62.0,39.0,59.0
https://www.redfin.com/MO/Saint-Louis/2642-Geyer-Ave-63104/home/93690217,83.0,39.0,59.0
https://www.redfin.com/MO/Saint-Louis/4556-Elmbank-Ave-63115/home/93736010,60.0,39.0,43.0
https://www.redfin.com/MO/Saint-Louis/4534-Margaretta-Ave-63115/home/93734323,65.0,40.0,49.0
https://www.redfin.com/MO/Saint-Louis/7353-Virginia-Ave-63111/home/62715500,73.0,41.0,73.0
https://www.redfin.com/MO/Saint-Louis/4260-Bates-St-63116/home/93761870,70.0,34.0,64.0
https://www.redfin.com/MO/Saint-Louis/5718-Etzel-Ave-63112/home/93722423,57.0,44.0,49.0
https://www.redfin.com/MO/Saint-Louis/5636-Columbia-Ave-63139/home/93727248,83.0,33.0,55.0
https://www.redfin.com/MO/Saint-Louis/3123-Rutger-St-63104/home/93689899,60.0,39.0,52.0
https://www.redfin.com/MO/Saint-Louis/3719-Minnesota-Ave-63118/home/62699628,75.0,45.0,56.0
https://www.redfin.com/MO/Saint-Louis/5122-Aubert-Ave-63115/home/93765261,28.0,40.0,34.0
https://www.redfin.com/MO/Saint-Louis/4807-Milentz-Ave-63116/home/93763328,73.0,38.0,64.0
https://www.redfin.com/MO/Saint-Louis/4463-Bessie-Ave-63115/home/93734479,52.0,42.0,34.0
https://www.redfin.com/MO/Saint-Louis/3412-Alberta-St-63118/home/93704824,84.0,46.0,50.0
https://www.redfin.com/MO/Saint-Louis/1823-Eton-Ln-63147/home/93781587,63.0,40.0,42.0
https://www.redfin.com/MO/Saint-Louis/3904-Walsh-St-63116/home/93757690,63.0,36.0,42.0
https://www.redfin.com/MO/Saint-Louis/6016-Garesche-Ave-63136/home/93759096,48.0,37.0,54.0
https://www.redfin.com/MO/Saint-Louis/837-Wall-St-63147/home/93755977,52.0,45.0,41.0
https://www.redfin.com/MO/Saint-Louis/4429-Greer-Ave-63115/home/62714620,62.0,38.0,50.0
https://www.redfin.com/MO/Saint-Louis/2906-Park-Ave-63104/home/93700773,73.0,38.0,53.0
https://www.redfin.com/MO/Saint-Louis/3923-Gravois-Ave-63116/home/93749000,79.0,44.0,54.0
https://www.redfin.com/MO/Saint-Louis/536-Eiler-St-63111/home/93708307,68.0,40.0,59.0
https://www.redfin.com/MO/Saint-Louis/4820-Potomac-St-63116/home/93756239,77.0,38.0,54.0
https://www.redfin.com/MO/Saint-Louis/2027-Destrehan-St-63107/home/93688764,55.0,42.0,57.0
https://www.redfin.com/MO/St-Louis/1412-Bremen-Ave-63107/home/196160641,45.0,42.0,50.0
https://www.redfin.com/MO/Saint-Louis/3930-Itaska-St-63116/home/62731693,64.0,38.0,43.0
https://www.redfin.com/MO/Saint-Louis/4834-Margaretta-Ave-63115/home/93732704,67.0,40.0,47.0
https://www.redfin.com/MO/Saint-Louis/2813-Meramec-St-63118/home/93705218,78.0,42.0,57.0
https://www.redfin.com/MO/Saint-Louis/5936-Pamplin-Ave-63147/home/93770558,62.0,39.0,59.0
https://www.redfin.com/MO/St-Louis/4713-4715-Natural-Bridge-Ave-63115/home/197635329,69.0,40.0,48.0
https://www.redfin.com/MO/Saint-Louis/3308-Miami-St-63118/home/93695710,81.0,47.0,57.0
https://www.redfin.com/MO/Saint-Louis/5518-Maffitt-Ave-63112/home/62728841,53.0,41.0,46.0
https://www.redfin.com/MO/Saint-Louis/1439-McLaran-Ave-63147/home/93779444,53.0,40.0,49.0
https://www.redfin.com/MO/Saint-Louis/3721-S-Compton-Ave-63118/home/93695800,82.0,47.0,53.0
https://www.redfin.com/MO/Saint-Louis/1403-Walton-Ave-63113/home/62721616,66.0,43.0,58.0
https://www.redfin.com/MO/Saint-Louis/3716-Minnesota-Ave-63118/home/93695953,75.0,45.0,56.0
https://www.redfin.com/MO/Saint-Louis/3712-Phillips-Pl-63116/home/93730201,81.0,46.0,59.0
https://www.redfin.com/MO/Saint-Louis/4650-Michigan-Ave-63111/home/93706780,60.0,39.0,49.0
https://www.redfin.com/MO/Saint-Louis/3814-Illinois-Ave-63118/home/93696832,66.0,40.0,48.0
https://www.redfin.com/MO/Saint-Louis/5218-Lotus-Ave-63113/home/93737974,61.0,42.0,54.0
https://www.redfin.com/MO/Saint-Louis/4649-Oregon-Ave-63111/home/93706946,44.0,36.0,43.0
https://www.redfin.com/MO/Saint-Louis/5919-Summit-Pl-63147/home/93770535,62.0,39.0,59.0
https://www.redfin.com/MO/Saint-Louis/3926-Tholozan-Ave-63116/home/62728630,79.0,44.0,54.0
https://www.redfin.com/MO/Saint-Louis/8636-Riverview-Blvd-63147/home/93730752,48.0,39.0,47.0
https://www.redfin.com/MO/Saint-Louis/8425-Halls-Ferry-Rd-63147/home/93731413,62.0,39.0,45.0
https://www.redfin.com/MO/Saint-Louis/8516-Pennsylvania-Ave-63111/home/93711612,64.0,34.0,50.0
https://www.redfin.com/MO/Saint-Louis/4544-Elmbank-Ave-63115/home/93736015,60.0,39.0,43.0
https://www.redfin.com/MO/Saint-Louis/5030-Grace-Ave-63116/home/93742544,71.0,39.0,58.0
https://www.redfin.com/MO/Saint-Louis/8644-Church-Rd-63147/home/93755735,53.0,43.0,43.0
https://www.redfin.com/MO/Saint-Louis/6204-Vermont-Ave-63111/home/93709642,51.0,40.0,51.0
https://www.redfin.com/MO/Saint-Louis/4335-California-Ave-63111/home/62719559,67.0,39.0,57.0
https://www.redfin.com/MO/Saint-Louis/8622-Goodfellow-Blvd-63147/home/93731956,59.0,41.0,42.0
https://www.redfin.com/MO/Saint-Louis/3860-Neosho-St-63116/home/93730901,63.0,40.0,47.0
https://www.redfin.com/MO/Saint-Louis/3342-Iowa-Ave-63118/home/93693855,93.0,43.0,56.0
https://www.redfin.com/MO/Saint-Louis/7915-S-Broadway-63111/home/93711225,79.0,35.0,61.0
https://www.redfin.com/MO/Saint-Louis/4925-Schollmeyer-Ave-63109/home/93764464,74.0,39.0,58.0
https://www.redfin.com/MO/Saint-Louis/3710-Bamberger-Ave-63116/home/93766213,80.0,46.0,62.0
https://www.redfin.com/MO/Saint-Louis/3645-Dunnica-Ave-63116/home/93695571,77.0,47.0,53.0
https://www.redfin.com/MO/Saint-Louis/5088-Minerva-Ave-63113/home/56546583,73.0,42.0,61.0
https://www.redfin.com/MO/Saint-Louis/3829-Primm-St-63123/home/93712258,7.0,27.0,45.0
https://www.redfin.com/MO/Saint-Louis/4447-Gannett-St-63116/home/93763672,78.0,40.0,64.0
https://www.redfin.com/MO/Saint-Louis/1124-Blendon-Pl-63117/home/93740221,78.0,31.0,65.0
https://www.redfin.com/MO/Saint-Louis/2202-Osage-St-63118/home/93704987,73.0,39.0,46.0
https://www.redfin.com/MO/Saint-Louis/3708-Neosho-St-63116/home/62741894,68.0,39.0,42.0
https://www.redfin.com/MO/Saint-Louis/915-Bates-St-63111/home/62714322,71.0,40.0,60.0
https://www.redfin.com/MO/Saint-Louis/4140-Virginia-Ave-63118/home/93705277,81.0,45.0,48.0
https://www.redfin.com/MO/Saint-Louis/6728-Alabama-Ave-63111/home/93710020,66.0,41.0,71.0
https://www.redfin.com/MO/Saint-Louis/3745-Primm-St-63123/home/62765121,12.0,34.0,50.0
https://www.redfin.com/MO/Saint-Louis/4404-Floriss-Pl-63115/home/93672078,47.0,47.0,65.0
https://www.redfin.com/MO/Saint-Louis/3019-Chippewa-St-63118/home/93680322,75.0,45.0,53.0
https://www.redfin.com/MO/Saint-Louis/4709-Lewis-Pl-63113/home/93739454,64.0,43.0,51.0
https://www.redfin.com/MO/Saint-Louis/5331-Ridge-Ave-63112/home/93721149,70.0,42.0,67.0
https://www.redfin.com/MO/Saint-Louis/1434-Cutter-Ave-63139/home/93740657,56.0,30.0,46.0
https://www.redfin.com/MO/Saint-Louis/4707-Ray-Ave-63116/home/93768311,75.0,37.0,62.0
https://www.redfin.com/MO/Saint-Louis/1215-N-Euclid-Ave-63113/home/93720422,78.0,43.0,54.0
https://www.redfin.com/MO/Saint-Louis/3517-Pennsylvania-Ave-63118/home/93694969,87.0,46.0,53.0
https://www.redfin.com/MO/Saint-Louis/4172-Concordia-Ave-63116/home/66745676,67.0,34.0,66.0
https://www.redfin.com/MO/Saint-Louis/3455-Alberta-St-63118/home/93704771,83.0,47.0,57.0
https://www.redfin.com/MO/Saint-Louis/4428-Dewey-Ave-63116/home/80170339,74.0,43.0,45.0
https://www.redfin.com/MO/Saint-Louis/2107-Stansbury-St-63118/home/93696772,80.0,40.0,54.0
https://www.redfin.com/MO/Saint-Louis/4816-Sacramento-Ave-63115/home/93766118,71.0,40.0,46.0
https://www.redfin.com/MO/Saint-Louis/4441-Minnesota-Ave-63111/home/93706133,62.0,40.0,55.0
https://www.redfin.com/MO/Saint-Louis/3169-Pennsylvania-Ave-63118/home/93693166,84.0,45.0,72.0
https://www.redfin.com/MO/Saint-Louis/3150-Mount-Pleasant-St-63111/home/62705042,67.0,40.0,52.0
https://www.redfin.com/MO/Saint-Louis/6025-W-Cabanne-Pl-63112/home/93728753,52.0,51.0,50.0
https://www.redfin.com/MO/Saint-Louis/2618-Missouri-Ave-63118/home/93697820,86.0,42.0,62.0
https://www.redfin.com/MO/Saint-Louis/7075-Lansdowne-Ave-63109/home/93774074,52.0,50.0,59.0
https://www.redfin.com/MO/Saint-Louis/6540-McCune-Ave-63139/home/93743884,54.0,33.0,50.0
https://www.redfin.com/MO/Saint-Louis/1871-Madison-St-63106/home/93701693,52.0,42.0,57.0
https://www.redfin.com/MO/Saint-Louis/3706-Taft-Ave-63116/home/93767622,67.0,42.0,39.0
https://www.redfin.com/MO/Saint-Louis/3521-Michigan-Ave-63118/home/93694997,81.0,47.0,63.0
https://www.redfin.com/MO/Saint-Louis/1424-Sulphur-Ave-63110/home/93726235,76.0,34.0,43.0
https://www.redfin.com/MO/Saint-Louis/5531-Maple-Ave-63112/home/93745118,48.0,42.0,48.0
https://www.redfin.com/MO/Saint-Louis/3841-California-Ave-63118/home/93696062,76.0,44.0,59.0
https://www.redfin.com/MO/Saint-Louis/3635-S-Spring-Ave-63116/home/93766356,80.0,46.0,62.0
https://www.redfin.com/MO/Saint-Louis/4163-Walsh-St-63116/home/93767019,79.0,36.0,64.0
https://www.redfin.com/MO/Saint-Louis/3425-Alberta-St-63118/home/93704837,82.0,47.0,52.0
https://www.redfin.com/MO/Saint-Louis/4460-Itaska-St-63116/home/93764082,77.0,40.0,60.0
https://www.redfin.com/MO/Saint-Louis/4605-Ray-Ave-63116/home/66774137,74.0,38.0,61.0
https://www.redfin.com/MO/Saint-Louis/2164-Knox-Ave-63139/home/93761540,68.0,32.0,34.0
https://www.redfin.com/MO/Saint-Louis/4338-Humphrey-St-63116/home/93751336,72.0,37.0,51.0
https://www.redfin.com/MO/Saint-Louis/617-Loughborough-Ave-63111/home/93710520,68.0,42.0,73.0
https://www.redfin.com/MO/Saint-Louis/5930-Wanda-Ave-63116/home/93772716,77.0,35.0,72.0
