url,dist_nearest_school_m,schools_1km
https://www.redfin.com/MO/Saint-Louis/10-Portland-Pl-63108/home/93745965,663.2582085272206,1
https://www.redfin.com/MO/Saint-Louis/2007-Park-Ave-63104/home/93701262,603.8439045715689,3
https://www.redfin.com/MO/Saint-Louis/2501-Clifton-Ave-63139/home/93743222,785.390047059442,2
https://www.redfin.com/MO/Saint-Louis/6755-Itaska-St-63109/home/93781433,604.0337368744666,1
https://www.redfin.com/MO/Saint-Louis/8-Kingsbury-Pl-63112/home/93724307,479.8750718380073,2
https://www.redfin.com/MO/Saint-Louis/2817-S-Kingshighway-Blvd-63139/home/93727955,71.91191204724568,2
https://www.redfin.com/MO/Saint-Louis/53-Portland-Pl-63108/home/93745915,327.27273203606444,1
https://www.redfin.com/MO/Saint-Louis/2101-Sidney-St-63104/home/93691406,728.4470857753012,4
https://www.redfin.com/MO/Saint-Louis/27-Waterman-Pl-63112/home/93724315,446.11307507311125,2
https://www.redfin.com/MO/Saint-Louis/4949-Pershing-Pl-63108/home/93724387,779.1074859933663,3
https://www.redfin.com/MO/Saint-Louis/4700-Gravois-Ave-63116/home/93766619,377.1933288988461,2
https://www.redfin.com/MO/Saint-Louis/5095-Waterman-Blvd-63108/home/93745955,405.9365367643255,2
https://www.redfin.com/MO/Saint-Louis/37-Kingsbury-Pl-63112/home/93763722,520.3018026358271,3
https://www.redfin.com/MO/Saint-Louis/6170-Colorado-Ave-63111/home/93787116,761.2559351473742,1
https://www.redfin.com/MO/Saint-Louis/7-Portland-Pl-63108/home/62731987,661.2750701544628,2
https://www.redfin.com/MO/Saint-Louis/42-Westmoreland-Pl-63108/home/93745420,501.7434665811935,1
https://www.redfin.com/MO/Saint-Louis/1100-Dolman-St-63104/home/143286329,345.9358852411055,4
https://www.redfin.com/MO/Saint-Louis/33-Westmoreland-Pl-63108/home/93746100,421.5585668102005,1
https://www.redfin.com/MO/Saint-Louis/4509-Pershing-Pl-63108/home/93724700,407.16518436014337,5
https://www.redfin.com/MO/Saint-Louis/3733-Washington-Blvd-63108/home/93701266,307.67957452244593,14
https://www.redfin.com/MO/Saint-Louis/3726-Wyoming-St-63116/home/93700097,1009.6585242482441,0
https://www.redfin.com/MO/Saint-Louis/81-Waterman-Pl-63112/home/93724343,672.7117960206092,3
https://www.redfin.com/MO/Saint-Louis/5211-Ridge-Ave-63113/home/93721444,933.2933797623976,2
https://www.redfin.com/MO/Saint-Louis/5373-Lindell-Blvd-63112/home/93723621,858.94542149817,1
https://www.redfin.com/MO/Saint-Louis/3406-Hawthorne-Blvd-63104/home/93691070,196.64608952148802,3
https://www.redfin.com/MO/Saint-Louis/5257-Lindell-Blvd-63108/home/93745458,611.4145514203053,1
https://www.redfin.com/MO/Saint-Louis/1304-S-18th-St-63104/home/93685995,295.3430112121879,4
https://www.redfin.com/MO/Saint-Louis/5211-Westminster-Pl-63108/home/62725740,173.4220727790569,2
https://www.redfin.com/MO/Saint-Louis/38-Kingsbury-Pl-63112/home/62749213,552.9274161416249,2
https://www.redfin.com/MO/Saint-Louis/43-Portland-Pl-63108/home/93745534,204.94563760502007,1
https://www.redfin.com/MO/Saint-Louis/1611-Missouri-Ave-63104/home/93700584,630.86861564135,5
https://www.redfin.com/MO/Saint-Louis/11-Washington-Ter-63112/home/93766103,554.4066680996742,3
https://www.redfin.com/MO/Saint-Louis/5959-W-Cabanne-Pl-63112/home/93728625,577.6197361705371,5
https://www.redfin.com/MO/Saint-Louis/15-Thornby-Pl-63112/home/93723567,234.28576705345503,2
https://www.redfin.com/MO/Saint-Louis/4549-Westminster-Pl-63108/home/93739874,274.61483199088934,4
https://www.redfin.com/MO/Saint-Louis/4330-W-Pine-Blvd-63108/home/93725149,377.73688059491576,4
https://www.redfin.com/MO/Saint-Louis/4327-W-Belle-Pl-63108/home/93740086,348.5747339251148,3
https://www.redfin.com/MO/Saint-Louis/3635-S-Compton-Ave-63118/home/62773758,520.1809211428182,1
https://www.redfin.com/MO/Saint-Louis/3522-Arsenal-St-63118/home/62694250,565.6126418477228,2
https://www.redfin.com/MO/Saint-Louis/5715-Chippewa-St-63109/home/93780996,595.469473203363,2
https://www.redfin.com/MO/Saint-Louis/3810-Botanical-Ave-63110/home/93699823,125.0736185778272,3
https://www.redfin.com/MO/Saint-Louis/3029-Saint-Vincent-Ave-63104/home/103204941,619.1040123581653,3
https://www.redfin.com/MO/Saint-Louis/4468-Maryland-Ave-63108/home/93724880,239.53932617886355,4
https://www.redfin.com/MO/Saint-Louis/5076-Westminster-Pl-63108/home/93746017,479.11808987785633,2
https://www.redfin.com/MO/Saint-Louis/2331-Albion-Pl-63104/home/93700534,612.0328574718318,3
https://www.redfin.com/MO/Saint-Louis/5519-Bartmer-Ave-63112/home/93722354,202.60193453391548,3
https://www.redfin.com/MO/Saint-Louis/6145-Lindell-Blvd-63112/home/93763512,588.3908328580495,2
https://www.redfin.com/MO/Saint-Louis/4220-Botanical-Ave-63110/home/78372176,142.7172194432606,2
https://www.redfin.com/MO/Saint-Louis/2822-Victor-St-63104/home/93699935,433.14739074955094,3
https://www.redfin.com/MO/Saint-Louis/5103-Waterman-Blvd-63108/home/93745953,366.3774607239546,2
https://www.redfin.com/MO/Saint-Louis/2107-Park-Ave-63104/home/93701253,682.8198275776738,3
https://www.redfin.com/MO/Saint-Louis/3630-Flad-Ave-63110/home/93700186,562.6055907986229,4
https://www.redfin.com/MO/Saint-Louis/2112-S-11th-St-63104/home/62775653,798.8672700570986,1
https://www.redfin.com/MO/Saint-Louis/5225-Lindell-Blvd-63108/home/93745428,604.3586091743566,1
https://www.redfin.com/MO/Saint-Louis/4251-Connecticut-St-63116/home/93729851,448.9328538773225,2
https://www.redfin.com/MO/Saint-Louis/3964-Arsenal-St-63116/home/93749655,349.520791223058,3
https://www.redfin.com/MO/Saint-Louis/5277-Lindell-Blvd-63108/home/93745464,630.0303286746956,1
https://www.redfin.com/MO/Saint-Louis/5501-Cates-Ave-63112/home/143291150,446.38964508513095,5
https://www.redfin.com/MO/Saint-Louis/2241-Hickory-St-63104/home/181866125,1005.2498764326944,0
https://www.redfin.com/MO/Saint-Louis/2305-Saint-Louis-Ave-63106/home/62766774,1204.364458401757,0
https://www.redfin.com/MO/Saint-Louis/8-Hortense-Pl-63108/home/93724401,670.9625070107945,3
https://www.redfin.com/MO/Saint-Louis/4101-W-Pine-Blvd-63108/unit-4/home/169424934,354.24080138246643,5
https://www.redfin.com/MO/Saint-Louis/3023-Bailey-Ave-63107/home/93698431,1020.5935173360594,0
https://www.redfin.com/MO/Saint-Louis/4506-Pershing-Pl-63108/home/93724627,382.9788685741023,5
https://www.redfin.com/MO/Saint-Louis/3801-Hartford-St-63116/home/93728270,827.6544415904102,2
https://www.redfin.com/MO/Saint-Louis/1000-Russell-Blvd-63104/home/93686257,767.5125963213926,1
https://www.redfin.com/MO/Saint-Louis/4552-Westminster-Pl-63108/home/93739869,333.37021749787624,4
https://www.redfin.com/MO/Saint-Louis/11-Lenox-Pl-63108/home/93754474,572.1710145348536,4
https://www.redfin.com/MO/Saint-Louis/3-Beverly-Pl-63112/home/93753998,589.7336969229755,4
https://www.redfin.com/MO/Saint-Louis/6966-Sutherland-Ave-63109/home/93774076,1032.2925408778442,0
https://www.redfin.com/MO/Saint-Louis/46-Kingsbury-Pl-63112/home/62768129,457.0700264920838,1
https://www.redfin.com/MO/Saint-Louis/5280-Westminster-Pl-63108/home/93745880,242.24351016149288,2
https://www.redfin.com/MO/Saint-Louis/1833-S-8th-St-63104/home/93685148,1126.4653373189026,0
https://www.redfin.com/MO/Saint-Louis/1401-Missouri-Ave-63104/home/93700547,757.6215196548806,2
https://www.redfin.com/MO/Saint-Louis/4350-McPherson-Ave-63108/home/93725552,302.5238857333215,3
https://www.redfin.com/MO/Saint-Louis/1424-Mississippi-Ave-63104/home/93697505,447.3147846180648,5
https://www.redfin.com/MO/Saint-Louis/4616-McPherson-Ave-63108/home/65207091,501.46401405805324,4
https://www.redfin.com/MO/Saint-Louis/3614-California-Ave-63118/home/93696248,451.10031510152623,2
https://www.redfin.com/MO/Saint-Louis/4318-Laclede-Ave-63108/home/93725206,398.99351213774105,6
https://www.redfin.com/MO/Saint-Louis/3801-Utah-Pl-63116/home/93682376,1026.4408600924291,0
https://www.redfin.com/MO/St-Louis/3209-Shenandoah-Ave-63104/home/198866717,291.49523358887694,1
https://www.redfin.com/MO/Saint-Louis/4254-Arsenal-St-63116/home/93750753,675.5237634208224,3
https://www.redfin.com/MO/Saint-Louis/2712-S-Compton-Ave-63118/home/93692010,515.0923604833118,3
https://www.redfin.com/MO/Saint-Louis/5105-Cabanne-Ave-63113/home/93752273,722.9958894840386,2
https://www.redfin.com/MO/Saint-Louis/2319-Whittemore-Pl-63104/home/93700522,635.8422848904754,5
https://www.redfin.com/MO/Saint-Louis/2625-Ohio-Ave-63118/home/178428436,86.77076490321647,4
https://www.redfin.com/MO/Saint-Louis/5245-Washington-Pl-63108/home/93749456,331.092951433723,2
https://www.redfin.com/MO/Saint-Louis/3524-Victor-St-63104/home/93692412,312.09569052412417,2
https://www.redfin.com/MO/Saint-Louis/2317-Park-Ave-63104/home/93701057,746.8161525485033,2
https://www.redfin.com/MO/St-Louis/2147-College-Ave-63107/home/194354353,586.183454999848,2
https://www.redfin.com/MO/Saint-Louis/4467-McPherson-Ave-63108/home/93740227,300.3543620864506,4
https://www.redfin.com/MO/Saint-Louis/30-Portland-Pl-63108/home/93745960,355.0612921361834,1
https://www.redfin.com/MO/Saint-Louis/32-Washington-Ter-63112/home/93763739,532.7343258562296,3
https://www.redfin.com/MO/Saint-Louis/2912-Iowa-Ave-63118/home/143288513,518.3354895314981,1
https://www.redfin.com/MO/Saint-Louis/4448-Maryland-Ave-63108/home/62754057,183.6947541603923,4
https://www.redfin.com/MO/Saint-Louis/3536-Victor-St-63104/home/93692413,358.7406215503251,2
https://www.redfin.com/MO/Saint-Louis/3859-Flora-Pl-63110/home/109920094,391.748008826058,4
https://www.redfin.com/MO/Saint-Louis/4312-Washington-Blvd-63108/home/93683779,622.6240901955539,6
https://www.redfin.com/MO/Saint-Louis/5231-Westminster-Pl-63108/home/62725318,173.04672547142363,2
https://www.redfin.com/MO/Saint-Louis/5901-Highfield-Rd-63109/home/93782887,645.7692241201418,2
https://www.redfin.com/MO/Saint-Louis/3634-Flad-Ave-63110/home/93700189,555.7203963617515,4
https://www.redfin.com/MO/Saint-Louis/4167-Enright-Ave-63108/home/93745176,361.774729422082,4
https://www.redfin.com/MO/Saint-Louis/2118-Lafayette-Ave-63104/home/62739077,415.9634656526679,6
https://www.redfin.com/MO/Saint-Louis/4550-Pershing-Pl-63108/home/93724616,549.3243369278861,5
https://www.redfin.com/MO/Saint-Louis/2656-January-Ave-63139/home/84307902,740.6068940038087,3
https://www.redfin.com/MO/Saint-Louis/3846-Flad-Ave-63110/home/93700319,493.5989637703369,4
https://www.redfin.com/MO/Saint-Louis/4137-McDonald-Ave-63116/home/93728835,282.90274981616074,2
https://www.redfin.com/MO/St-Louis/4101-W-Pine-Blvd-63108/unit-1-Benton/home/167145579,366.04166691745274,5
https://www.redfin.com/MO/St-Louis/215-N-Sarah-St-63108/unit-10-Monet/home/184905662,391.78554710992034,5
https://www.redfin.com/MO/Saint-Louis/53-Westmoreland-Pl-63108/home/93745453,483.43503321336203,1
https://www.redfin.com/MO/Saint-Louis/2404-S-11th-St-63104/home/93686741,433.51946796258846,1
https://www.redfin.com/MO/St-Louis/1027-Lami-St-63104/home/195978952,465.39261583302084,1
https://www.redfin.com/MO/Saint-Louis/5847-Holly-Hills-Ave-63109/home/93777677,104.75815249828187,2
https://www.redfin.com/MO/Saint-Louis/1010-Russell-Blvd-63104/home/93686253,781.3512430413747,1
https://www.redfin.com/MO/Saint-Louis/2819-Lafayette-Ave-63104/home/93700511,201.38347388477916,2
https://www.redfin.com/MO/Saint-Louis/4050-Shreve-Ave-63115/home/93733577,932.2383671965599,1
https://www.redfin.com/MO/Saint-Louis/4009-Burgen-Ave-63116/home/93771883,698.1733755561759,1
https://www.redfin.com/MO/Saint-Louis/5307-Shaw-Ave-63110/home/93726501,708.343830926066,2
https://www.redfin.com/MO/Saint-Louis/4365-Forest-Park-Ave-63108/home/62735044,582.8927811431299,6
https://www.redfin.com/MO/Saint-Louis/1010-Allen-Ave-63104/home/169424102,914.75221933993,1
https://www.redfin.com/MO/Saint-Louis/3137-Parc-Ridge-Ln-63139/home/93674343,830.8609049146562,3
https://www.redfin.com/MO/Saint-Louis/2848-McNair-Ave-63118/home/93691569,851.0669025469332,1
https://www.redfin.com/MO/Saint-Louis/3507-McKean-Ave-63118/home/93693020,688.3909519496389,1
https://www.redfin.com/MO/Saint-Louis/5099-Waterman-Blvd-63108/home/93745954,388.42373018066667,2
https://www.redfin.com/MO/Saint-Louis/8-Lewis-Pl-63113/home/62716012,380.40439833926183,4
https://www.redfin.com/MO/Saint-Louis/2342-Albion-Pl-63104/home/70078076,541.7032321560359,5
https://www.redfin.com/MO/Saint-Louis/1723-Waverly-Pl-63104/home/93690358,379.5515466945217,6
https://www.redfin.com/MO/Saint-Louis/2613-S-11th-St-63118/home/93686370,458.6206530361604,1
https://www.redfin.com/MO/Saint-Louis/2714-S-Jefferson-Ave-63118/home/93697448,363.46467919068704,3
https://www.redfin.com/MO/Saint-Louis/5156-Maple-Ave-63113/home/93752434,781.9989667166351,1
https://www.redfin.com/MO/Saint-Louis/210-Woodbourne-Dr-63105/home/93771918,311.0774093023733,3
https://www.redfin.com/MO/Saint-Louis/6025-Lindell-Blvd-63112/home/93763504,800.3912644037084,2
https://www.redfin.com/MO/Saint-Louis/3501-Victor-St-63104/home/62702344,216.73229981589307,3
https://www.redfin.com/MO/Saint-Louis/3904-Botanical-Ave-63110/home/62693530,242.30002514832483,2
https://www.redfin.com/MO/Saint-Louis/3802-Olive-St-63108/unit-12/home/176875148,275.186595223437,12
https://www.redfin.com/MO/Saint-Louis/8460-Lowell-St-63147/home/93776011,1637.4074281244432,0
https://www.redfin.com/MO/Saint-Louis/5335-Botanical-Ave-63110/home/93768175,125.734134077373,1
https://www.redfin.com/MO/Saint-Louis/6141-McPherson-Ave-63112/home/93760398,550.2991377383423,3
https://www.redfin.com/MO/Saint-Louis/2703-Keokuk-St-63118/home/93696285,472.1424632050098,5
https://www.redfin.com/MO/Saint-Louis/2704-Utah-St-63118/home/93693846,1055.7844471485096,0
https://www.redfin.com/MO/Saint-Louis/3448-Longfellow-Blvd-63104/home/93748649,361.64809160298466,3
https://www.redfin.com/MO/Saint-Louis/4668-Pershing-Pl-63108/home/93724629,807.4222109791256,4
https://www.redfin.com/MO/Saint-Louis/1216-S-Boyle-Ave-63110/home/93726645,340.19219675809336,4
https://www.redfin.com/MO/Saint-Louis/3809-Cleveland-Ave-63110/home/93700310,423.35527741382685,4
https://www.redfin.com/MO/Saint-Louis/22-Benton-Pl-63104/home/93701242,767.9960376668553,3
https://www.redfin.com/MO/Saint-Louis/3670-Flora-Pl-63110/home/93700277,567.0188163582527,4
https://www.redfin.com/MO/Saint-Louis/4416-Westminster-Pl-63108/home/93740238,309.3189546085907,3
https://www.redfin.com/MO/Saint-Louis/919-S-Skinker-Blvd-63105/home/93787385,627.4634982797426,2
https://www.redfin.com/MO/Saint-Louis/4660-Pershing-Pl-63108/home/62716690,773.9863832572315,5
https://www.redfin.com/MO/Saint-Louis/3217-Lafayette-Ave-63104/unit-3217/home/62745668,628.378016654673,3
https://www.redfin.com/MO/Saint-Louis/3530-Magnolia-Ave-63118/home/93692362,567.9351851022692,3
https://www.redfin.com/MO/St-Louis/4101-W-Pine-Blvd-63108/unit-3-Picasso/home/167145581,366.04166691745274,5
https://www.redfin.com/MO/Saint-Louis/3306-S-9th-St-63118/home/109007348,1310.0619935075274,0
https://www.redfin.com/MO/Saint-Louis/4925-Pershing-Pl-63108/home/93724384,759.1926696223419,3
https://www.redfin.com/MO/Saint-Louis/805-Allen-Ave-63104/home/93685716,939.1153612409511,1
https://www.redfin.com/MO/Saint-Louis/2336-Macklind-Ave-63110/home/93768176,143.98139768672357,1
https://www.redfin.com/MO/Saint-Louis/2910-Milton-Blvd-63104/home/93691197,723.0900927173104,4
https://www.redfin.com/MO/Saint-Louis/4246-Cleveland-Ave-63110/home/93746803,372.25992789770373,3
https://www.redfin.com/MO/Saint-Louis/4136-W-Pine-Blvd-63108/home/93725498,232.56355941429618,5
https://www.redfin.com/MO/Saint-Louis/2012-Saint-Louis-Ave-63106/home/93688191,878.2067454078708,3
https://www.redfin.com/MO/Saint-Louis/4349-Washington-Blvd-63108/home/103203274,520.4521390991017,5
https://www.redfin.com/MO/Saint-Louis/6317-Mardel-Ave-63109/home/62721277,389.9936081611129,2
https://www.redfin.com/MO/Saint-Louis/4363-McPherson-Ave-63108/home/93740332,318.982141155113,3
https://www.redfin.com/MO/Saint-Louis/1-Lenox-Pl-63108/home/93754478,517.3656226737327,4
https://www.redfin.com/MO/Saint-Louis/1202-Sidney-St-63104/home/62757286,571.0002772430987,1
https://www.redfin.com/MO/Saint-Louis/3235-S-Jefferson-Ave-63118/home/93694229,1101.2366732424912,0
https://www.redfin.com/MO/Saint-Louis/6142-Kingsbury-Ave-63112/home/93760370,525.7833552448983,4
https://www.redfin.com/MO/Saint-Louis/6151-Westminster-Pl-63112/home/93760453,546.8505433274871,4
https://www.redfin.com/MO/Saint-Louis/1727-Lafayette-Ave-63104/home/161387920,235.43800675194933,5
https://www.redfin.com/MO/Saint-Louis/4013-Castleman-Ave-63110/home/93747130,116.32488263702412,4
https://www.redfin.com/MO/Saint-Louis/3830-Olive-St-63108/home/176875144,286.4353881689002,11
https://www.redfin.com/MO/Saint-Louis/3407-Hartford-St-63118/home/93692818,281.57836503077016,1
https://www.redfin.com/MO/Saint-Louis/3500-Humphrey-St-63118/home/93693329,534.3156622876534,1
https://www.redfin.com/MO/Saint-Louis/3500-Halliday-Ave-63118/home/93692424,647.0445458903303,3
https://www.redfin.com/MO/Saint-Louis/6364-Murdoch-Ave-63109/home/93780200,579.7269705285615,1
https://www.redfin.com/MO/Saint-Louis/121-W-Steins-St-63111/home/103203734,964.441950503796,1
https://www.redfin.com/MO/Saint-Louis/6377-Murdoch-Ave-63109/home/93780202,562.3257308979279,1
https://www.redfin.com/MO/Saint-Louis/3145-Hawthorne-Blvd-63104/home/93691043,465.1325925126142,1
https://www.redfin.com/MO/Saint-Louis/14-Aberdeen-Pl-63105/home/93766508,302.49555143461504,2
https://www.redfin.com/MO/Saint-Louis/3854-Shenandoah-Ave-63110/home/143286604,266.3455677069769,3
https://www.redfin.com/MO/Saint-Louis/6-Arundel-Pl-63105/home/93769341,292.8324497511139,2
https://www.redfin.com/MO/Saint-Louis/4270-Delmar-Blvd-63108/home/103203752,564.1500553755512,5
https://www.redfin.com/MO/Saint-Louis/1224-S-9th-St-63104/home/93685451,378.50689167172055,2
https://www.redfin.com/MO/Saint-Louis/2115-Arsenal-St-63118/home/93699049,1017.1401963906263,0
https://www.redfin.com/MO/Saint-Louis/3125-Russell-Blvd-63104/home/93690016,803.7299130437882,2
https://www.redfin.com/MO/Saint-Louis/3710-Utah-Pl-63116/home/93699899,1066.405618526055,0
https://www.redfin.com/MO/Saint-Louis/2326-Albion-Pl-63104/home/70101019,612.5864550814496,5
https://www.redfin.com/MO/Saint-Louis/5492-Pernod-Ave-63139/home/80168569,960.4002525217171,2
https://www.redfin.com/MO/Saint-Louis/4617-Westminster-Pl-63108/home/93739880,359.33210468890104,3
https://www.redfin.com/MO/Saint-Louis/6154-Kingsbury-Ave-63112/home/66186996,572.6317805110161,4
https://www.redfin.com/MO/Saint-Louis/5715-Walsh-St-63109/home/93768210,612.381262333099,2
https://www.redfin.com/MO/Saint-Louis/2628-Lafayette-Ave-63104/home/109314191,386.8641698376473,6
https://www.redfin.com/MO/Saint-Louis/2037-Geyer-Ave-63104/home/93690315,240.54056289726066,6
https://www.redfin.com/MO/Saint-Louis/4101-W-Pine-Blvd-63108/unit-5/home/188992885,392.0926370152947,5
https://www.redfin.com/MO/Saint-Louis/5072-Cates-Ave-63108/home/85688089,787.1293912562932,3
https://www.redfin.com/MO/Saint-Louis/3451-Halliday-Ave-63118/home/93692530,565.9299199057021,3
https://www.redfin.com/MO/Saint-Louis/3656-Russell-Blvd-63110/unit-B/home/93680520,389.71905348512234,5
https://www.redfin.com/MO/Saint-Louis/1-Arundel-Pl-63105/home/93766512,363.5692605975717,2
https://www.redfin.com/MO/Saint-Louis/5893-Nina-Pl-63112/home/62721241,217.5000444106122,3
https://www.redfin.com/MO/Saint-Louis/4352-Westminster-Pl-63108/home/93740318,398.3793554657331,3
https://www.redfin.com/MO/Saint-Louis/3522-Crittenden-St-63118/home/93692725,641.6558377764009,3
https://www.redfin.com/MO/Saint-Louis/1317-Shenandoah-Ave-63104/home/93686294,707.2168512566752,3
https://www.redfin.com/MO/Saint-Louis/4263-Maryland-Ave-63108/home/109925963,386.1394175489808,5
https://www.redfin.com/MO/Saint-Louis/6075-W-Cabanne-Pl-63112/home/93746082,266.7705185517381,2
https://www.redfin.com/MO/Saint-Louis/2224-S-11th-St-63104/home/93686396,652.9700615822528,1
https://www.redfin.com/MO/Saint-Louis/2819-S-Kingshighway-Blvd-63139/home/93727935,76.06946754479236,2
https://www.redfin.com/MO/Saint-Louis/7406-Virginia-Ave-63111/home/93710763,604.2487508879782,1
https://www.redfin.com/MO/Saint-Louis/5112-Cabanne-Ave-63113/home/93744797,672.9200159122698,2
https://www.redfin.com/MO/Saint-Louis/6240-McPherson-Ave-63130/home/93760188,931.6253794590184,2
https://www.redfin.com/MO/Saint-Louis/5872-Cabanne-Ave-63112/home/93723926,503.0018970623097,6
https://www.redfin.com/MO/Saint-Louis/6202-Westminster-Pl-63130/home/93760179,778.7569310291219,3
https://www.redfin.com/MO/Saint-Louis/4483-Laclede-Ave-63108/home/93725038,240.24961963401267,5
https://www.redfin.com/MO/Saint-Louis/2918-Accomac-St-63104/home/93691012,787.4594598151342,4
https://www.redfin.com/MO/Saint-Louis/4469-Westminster-Pl-63108/home/62742627,166.36260905326606,4
https://www.redfin.com/MO/Saint-Louis/4618-Maryland-Ave-63108/home/93724575,628.6991848120052,4
https://www.redfin.com/MO/Saint-Louis/4257-McPherson-Ave-63108/home/93725679,521.6681806630405,6
https://www.redfin.com/MO/Saint-Louis/4731-Westminster-Pl-63108/home/173619560,323.2723505014257,3
https://www.redfin.com/MO/Saint-Louis/4918-Tamm-Ave-63109/home/93780327,734.6696550833174,2
https://www.redfin.com/MO/Saint-Louis/6002-W-Cabanne-Pl-63112/home/93739649,509.6966309194789,5
https://www.redfin.com/MO/Saint-Louis/4222-Hartford-St-63116/home/93749851,510.34900887396964,3
https://www.redfin.com/MO/Saint-Louis/6234-Pershing-Ave-63130/home/93760148,632.9958231426574,1
https://www.redfin.com/MO/Saint-Louis/6142-Westminster-Pl-63112/home/93760333,519.4348837063421,4
https://www.redfin.com/MO/Saint-Louis/6515-Odell-St-63139/home/93743834,962.6785357381265,2
https://www.redfin.com/MO/Saint-Louis/4373-McPherson-Ave-63108/home/93740336,290.7841521178754,3
https://www.redfin.com/MO/Saint-Louis/4534-Pershing-Pl-63108/home/93724621,488.98608877536213,5
https://www.redfin.com/MO/Saint-Louis/3407-Giles-Ave-63116/home/93730338,1153.2899605604205,0
https://www.redfin.com/MO/Saint-Louis/5605-Chamberlain-Ave-63112/home/93681462,260.1980238989937,3
https://www.redfin.com/MO/Saint-Louis/5089-Westminster-Pl-63108/home/93749498,453.88443936436795,3
https://www.redfin.com/MO/Saint-Louis/6643-Villa-Ave-63139/home/93750136,730.8174848443222,4
https://www.redfin.com/MO/Saint-Louis/6424-Southland-Ave-63109/home/93774316,508.14287004281795,2
https://www.redfin.com/MO/Saint-Louis/1835-Lafayette-Ave-63104/home/93697465,115.81078455613202,6
https://www.redfin.com/MO/Saint-Louis/4617-Maryland-Ave-63108/home/93672243,607.8189310745933,5
https://www.redfin.com/MO/Saint-Louis/2713-Utah-St-63118/home/93694189,1114.4630310643236,0
https://www.redfin.com/MO/Saint-Louis/3716-Arsenal-St-63116/home/93699835,747.5803937141578,1
https://www.redfin.com/MO/Saint-Louis/6229-San-Bonita-Ave-63105/home/62724448,512.5567367741551,2
https://www.redfin.com/MO/Saint-Louis/2017-Allen-Ave-63104/home/109919979,142.10071214431304,5
https://www.redfin.com/MO/Saint-Louis/4622-Tower-Grove-Pl-63110/home/62757152,693.2703969862376,1
https://www.redfin.com/MO/Saint-Louis/2810-Park-Ave-63104/home/93682320,343.56405658313844,2
https://www.redfin.com/MO/Saint-Louis/3953-Lafayette-Ave-63110/home/103204037,437.665122068373,5
https://www.redfin.com/MO/Saint-Louis/4410-Louisiana-Ave-63111/home/93706036,496.3552708894007,3
https://www.redfin.com/MO/Saint-Louis/605-Fassen-St-63111/home/93708324,304.63030475583184,1
https://www.redfin.com/MO/Saint-Louis/5357-Lindell-Blvd-63112/home/93723615,841.6408838237328,1
https://www.redfin.com/MO/Saint-Louis/40-Waterman-Pl-63112/home/93724354,517.3202395390759,2
https://www.redfin.com/MO/Saint-Louis/2705-Lemp-Ave-63118/home/93697303,977.828452789181,1
https://www.redfin.com/MO/Saint-Louis/1926-Withnell-Ave-63118/home/93693991,1176.7924056650063,0
https://www.redfin.com/MO/Saint-Louis/4210-Wyoming-St-63116/home/80167991,223.4519439655467,2
https://www.redfin.com/MO/Saint-Louis/4012-Hartford-St-63116/home/93749776,168.6649567810641,3
https://www.redfin.com/MO/Saint-Louis/3814-Fairview-Ave-63116/home/93730411,1197.0575253609222,0
https://www.redfin.com/MO/Saint-Louis/3402-Longfellow-Blvd-63104/home/93748658,353.9834876921532,2
https://www.redfin.com/MO/Saint-Louis/2805-Russell-Blvd-63104/home/93671782,508.82640615492625,4
https://www.redfin.com/MO/Saint-Louis/4040-Hartford-St-63116/home/62688221,93.07889956410433,3
https://www.redfin.com/MO/Saint-Louis/1040-Lami-St-63104/home/93686072,487.9671079357086,1
https://www.redfin.com/MO/University-City/6208-Washington-Ave-63130/home/93760194,638.6990809949738,3
https://www.redfin.com/MO/Saint-Louis/6405-Hancock-Ave-63139/home/93743262,565.3552403364214,2
https://www.redfin.com/MO/Saint-Louis/3147-Garden-Hill-Ln-63139/home/93674318,892.6729790713891,3
https://www.redfin.com/MO/Saint-Louis/1415-S-Cardinal-Ave-63104/home/103202863,396.4136605905052,3
https://www.redfin.com/MO/Saint-Louis/4504-Pershing-Pl-63108/home/93724626,374.52336591278856,5
https://www.redfin.com/MO/St-Louis/1615-Carroll-St-63104/home/62747707,131.2446511051939,4
https://www.redfin.com/MO/Saint-Louis/4118-S-Compton-Ave-63118/home/93705255,344.55308306376196,3
https://www.redfin.com/MO/Saint-Louis/2135-S-Jefferson-Ave-63104/home/93690706,91.08507941661887,6
https://www.redfin.com/MO/Saint-Louis/1919-Pestalozzi-St-63118/home/187272116,1159.9398010044868,0
https://www.redfin.com/MO/Saint-Louis/4626-Maryland-Ave-63108/home/93724533,665.9542328722422,4
https://www.redfin.com/MO/Saint-Louis/1045-S-Taylor-Ave-63110/home/93749265,333.19863255740194,5
https://www.redfin.com/MO/Saint-Louis/2101-Lynch-St-63118/home/103204412,748.5911985250625,2
https://www.redfin.com/MO/Saint-Louis/6639-Villa-Ave-63139/home/173620407,750.3025485085419,4
https://www.redfin.com/MO/Saint-Louis/711-Geyer-Ave-63104/home/62758507,1094.6997433729603,0
https://www.redfin.com/MO/Saint-Louis/5900-W-Cabanne-Pl-63112/home/169426501,618.0734753645564,5
https://www.redfin.com/MO/Saint-Louis/4161-Olive-St-63108/home/103204152,446.2416388496598,6
https://www.redfin.com/MO/Saint-Louis/7332-Yates-St-63116/home/93784853,381.5435277888956,2
https://www.redfin.com/MO/Saint-Louis/2227-S-11th-St-63104/home/93686398,671.0264800456679,1
https://www.redfin.com/MO/Saint-Louis/2956-Milton-Blvd-63104/home/93691101,629.9484688807477,3
https://www.redfin.com/MO/Saint-Louis/6559-Itaska-St-63109/home/93779608,194.12387300028766,1
https://www.redfin.com/MO/Saint-Louis/4211-McPherson-Ave-63108/home/93786186,572.1149973950426,5
https://www.redfin.com/MO/Saint-Louis/5036-Cabanne-Ave-63113/home/93744622,601.4482003074523,3
https://www.redfin.com/MO/Saint-Louis/5526-Dugan-Ave-63110/home/93727051,547.2151111937676,2
https://www.redfin.com/MO/Saint-Louis/6658-Bancroft-Ave-63109/home/62779592,749.6189306859925,1
https://www.redfin.com/MO/Saint-Louis/2138-Nebraska-Ave-63104/home/80260873,701.1870372032814,5
https://www.redfin.com/MO/Saint-Louis/2209-S-11th-St-63104/home/69753536,730.3943070011081,2
https://www.redfin.com/MO/Saint-Louis/3219-Iowa-Ave-63118/home/143287833,1040.1775962969443,0
https://www.redfin.com/MO/Saint-Louis/6252-Westminster-Pl-63130/home/93760181,835.1478571281797,3
https://www.redfin.com/MO/St-Louis/1835-S-9th-St-63104/home/93676007,1009.5353491924878,0
https://www.redfin.com/MO/Saint-Louis/1224-Kraft-St-63139/home/93750262,387.25343484338373,3
https://www.redfin.com/MO/Saint-Louis/4425-McPherson-Ave-63108/home/93740223,250.46349214584754,3
https://www.redfin.com/MO/Saint-Louis/3638-Russell-Blvd-63110/home/93747356,355.42656467683537,5
https://www.redfin.com/MO/Saint-Louis/4732-Westminster-Pl-63108/home/93709310,380.7482453476794,3
https://www.redfin.com/MO/Saint-Louis/3010-Geyer-Ave-63104/home/69350823,677.6550259810157,2
https://www.redfin.com/MO/Saint-Louis/3631-Utah-Pl-63116/home/93700110,862.0591054262734,1
https://www.redfin.com/MO/Saint-Louis/6049-Tholozan-Ave-63109/home/93780484,120.9286415770065,2
https://www.redfin.com/MO/Saint-Louis/1034-Geyer-Ave-63104/home/93685668,943.7273273073487,2
https://www.redfin.com/MO/Saint-Louis/3815-Robert-Ave-63116/home/93679219,847.3929241529526,1
https://www.redfin.com/MO/St-Louis/1919-Geyer-Ave-63104/home/160565074,309.7624077224579,5
https://www.redfin.com/MO/Saint-Louis/3244-Michigan-Ave-63118/home/62773908,474.55791861964434,1
https://www.redfin.com/MO/Saint-Louis/3624-Cleveland-Ave-63110/home/93700167,474.15591228270955,4
https://www.redfin.com/MO/Saint-Louis/4208-Delmar-Blvd-63108/home/103203048,529.2125337029269,6
https://www.redfin.com/MO/Saint-Louis/1226-Dolman-St-63104/home/143286333,179.26561684771784,4
https://www.redfin.com/MO/Saint-Louis/5882-Delor-St-63109/home/93768886,523.8952446187122,2
https://www.redfin.com/MO/Saint-Louis/1800-S-13th-St-63104/home/93671092,458.6074490569464,4
https://www.redfin.com/MO/Saint-Louis/3223-Geyer-Ave-63104/home/93689594,745.8623879832567,3
https://www.redfin.com/MO/Saint-Louis/1552-Fairmount-Ave-63139/home/103203130,585.1378036409733,3
https://www.redfin.com/MO/Saint-Louis/5733-Waterman-Blvd-63112/home/143294201,374.59921866744304,3
https://www.redfin.com/MO/Saint-Louis/3834-Flad-Ave-63110/home/68294038,489.7590613392927,4
https://www.redfin.com/MO/Saint-Louis/5366-Odell-St-63139/home/176875227,700.688525933968,5
https://www.redfin.com/MO/Saint-Louis/24-Lewis-Pl-63113/home/93749621,531.1790952681707,4
https://www.redfin.com/MO/Saint-Louis/5257-Washington-Pl-63108/home/62730993,338.27162565762484,2
https://www.redfin.com/MO/Saint-Louis/7327-Pennsylvania-Ave-63111/home/62774153,689.1861461678064,1
https://www.redfin.com/MO/Saint-Louis/1906-Wyoming-St-63118/home/62697998,1334.8531935488263,0
https://www.redfin.com/MO/Saint-Louis/2601-Louisiana-Ave-63118/home/62707327,207.19256327822748,2
https://www.redfin.com/MO/Saint-Louis/1231-Kraft-St-63139/home/93765763,380.43709947552907,3
https://www.redfin.com/MO/Saint-Louis/4228-Walsh-St-63116/home/93774010,136.8243631335302,1
https://www.redfin.com/MO/Saint-Louis/2018-Geyer-Ave-63104/home/93690492,179.10986365605197,6
https://www.redfin.com/MO/Saint-Louis/4059-Blaine-Ave-63110/home/143285861,444.8300524092768,6
https://www.redfin.com/MO/Saint-Louis/3854-Shenandoah-Ave-63110/home/143286603,266.3455677069769,3
https://www.redfin.com/MO/Saint-Louis/4233-Maryland-Ave-63108/home/93673900,499.97302677028114,5
https://www.redfin.com/MO/Saint-Louis/3904-Olive-St-63108/home/143285862,360.6496783987452,10
https://www.redfin.com/MO/Saint-Louis/4417-McPherson-Ave-63108/home/93740240,234.91013607400035,3
https://www.redfin.com/MO/Saint-Louis/6507-Murdoch-Ave-63109/home/93779546,249.38372007496042,1
https://www.redfin.com/MO/Saint-Louis/215-N-Sarah-St-63108/unit-9/home/181866739,372.25678103465197,5
https://www.redfin.com/MO/St-Louis/6293-Magnolia-Ave-63139/home/191523885,503.15455665386844,2
https://www.redfin.com/MO/Saint-Louis/4022-Flora-Pl-63110/home/93746618,366.6567055181712,5
https://www.redfin.com/MO/Saint-Louis/4166-Westminster-Pl-63108/home/93725349,499.8759126799235,5
https://www.redfin.com/MO/Saint-Louis/6246-Magnolia-Ave-63139/home/62745929,477.53641776892084,2
https://www.redfin.com/MO/Saint-Louis/3800-Connecticut-St-63116/home/93728467,915.5946799098023,1
https://www.redfin.com/MO/University-City/6219-Washington-Ave-63130/home/93760158,580.4070081179123,3
https://www.redfin.com/MO/Saint-Louis/4177-Shenandoah-Ave-63110/home/93746513,362.90062797434217,4
https://www.redfin.com/MO/Saint-Louis/5008-Raymond-Ave-63113/home/93752553,474.0986179151138,2
https://www.redfin.com/MO/Saint-Louis/5244-Westminster-Pl-63108/home/93745889,125.17111752935075,2
https://www.redfin.com/MO/Saint-Louis/5130-Washington-Pl-63108/home/93749475,361.7017417822375,2
https://www.redfin.com/MO/Saint-Louis/17-Windermere-Pl-63112/home/93723969,302.8227715013564,3
https://www.redfin.com/MO/Saint-Louis/5541-Chamberlain-Ave-63112/home/93722443,300.2177771814886,3
https://www.redfin.com/MO/Saint-Louis/1917-Hebert-St-63107/home/93688586,396.83073164130286,4
https://www.redfin.com/MO/Saint-Louis/5057-Westminster-Pl-63108/home/93749500,568.8766801391198,2
https://www.redfin.com/MO/Saint-Louis/3757-Westminster-Pl-63108/home/93726138,361.59806178118777,12
https://www.redfin.com/MO/Saint-Louis/5209-Cabanne-Ave-63113/home/93752322,390.9590018849461,1
https://www.redfin.com/MO/Saint-Louis/4405-Westminster-Pl-63108/home/93739936,348.658123542814,3
https://www.redfin.com/MO/Saint-Louis/5031-Wells-Ave-63113/home/93720951,559.5636834555443,2
https://www.redfin.com/MO/Saint-Louis/3628-Castleman-Ave-63110/home/62694408,231.55576069839995,5
https://www.redfin.com/MO/Saint-Louis/3463-Longfellow-Blvd-63104/home/93691006,443.35615500336985,4
https://www.redfin.com/MO/Saint-Louis/3137-Longfellow-Blvd-63104/home/93690977,584.2386650496509,1
https://www.redfin.com/MO/Saint-Louis/2327-S-12th-St-63104/home/93686449,678.5474245520936,2
https://www.redfin.com/MO/Saint-Louis/1827-S-Compton-Ave-63104/home/93689585,798.1629270988631,4
https://www.redfin.com/MO/Saint-Louis/5226-Washington-Pl-63108/home/93749449,248.83343311510373,2
https://www.redfin.com/MO/Saint-Louis/5086-Westminster-Pl-63108/home/93746019,438.1956408921593,2
https://www.redfin.com/MO/Saint-Louis/8-Beverly-Pl-63112/home/93753987,515.5069575022092,4
https://www.redfin.com/MO/Saint-Louis/2715-Osage-St-63118/home/93704334,270.93378215196674,5
https://www.redfin.com/MO/Saint-Louis/6155-McPherson-Ave-63112/home/93760384,600.5867605511332,2
https://www.redfin.com/MO/Saint-Louis/4970-Wabada-Ave-63113/home/93737190,229.5940285670392,2
https://www.redfin.com/MO/Saint-Louis/6014-W-Cabanne-Pl-63112/home/93739664,459.62085252664014,5
https://www.redfin.com/MO/Saint-Louis/3215-Hawthorne-Blvd-63104/home/93748588,357.9062264469436,1
https://www.redfin.com/MO/Saint-Louis/7217-Minnesota-Ave-63111/home/93710397,467.1556211088262,1
https://www.redfin.com/MO/Saint-Louis/5-Lenox-Pl-63108/home/62720102,528.9539871179836,4
https://www.redfin.com/MO/Saint-Louis/5093-Washington-Pl-63108/home/93749544,512.9765899685078,3
https://www.redfin.com/MO/Saint-Louis/3604-Loughborough-Ave-63116/home/76779016,807.8101970681809,1
https://www.redfin.com/MO/Saint-Louis/4532-Newberry-Ter-63113/home/93739434,406.27285712839955,2
https://www.redfin.com/MO/Saint-Louis/5129-Vernon-Ave-63113/home/62699509,795.5595990317851,2
https://www.redfin.com/MO/Saint-Louis/4009-Labadie-Ave-63107/home/93716364,329.5416238403646,2
https://www.redfin.com/MO/Saint-Louis/5020-Creighton-Dr-63123/home/93783033,1192.345938604745,0
https://www.redfin.com/MO/Saint-Louis/6221-Nottingham-Ave-63109/home/93780188,895.4349717965782,2
https://www.redfin.com/MO/Saint-Louis/88-Waterman-Pl-63112/home/93724346,731.6187095138322,2
https://www.redfin.com/MO/Saint-Louis/4438-Enright-Ave-63108/home/93739817,459.6487648568967,5
https://www.redfin.com/MO/Saint-Louis/44-Kingsbury-Pl-63112/home/93724168,478.2668958356406,1
https://www.redfin.com/MO/Saint-Louis/7628-Pennsylvania-Ave-63111/home/93710626,1064.9063554919219,0
https://www.redfin.com/MO/St-Louis/2038-Fair-Ave-63107/home/192431937,909.9378181947422,1
https://www.redfin.com/MO/Saint-Louis/4724-Westminster-Pl-63108/home/93709314,394.41531499535984,3
https://www.redfin.com/MO/Saint-Louis/6106-McPherson-Ave-63112/home/93760248,463.0473296514026,3
https://www.redfin.com/MO/Saint-Louis/3716-Hartford-St-63116/home/93699712,883.031118324646,2
https://www.redfin.com/MO/Saint-Louis/3825-Hartford-St-63116/home/93728277,818.8476329279897,2
https://www.redfin.com/MO/Saint-Louis/5121-Washington-Pl-63108/home/93749490,425.70499221414934,3
https://www.redfin.com/MO/Saint-Louis/4329-Gravois-Ave-63116/home/93726574,460.8880994391443,1
https://www.redfin.com/MO/Saint-Louis/3456-Alberta-St-63118/home/93704689,902.8355429986193,1
https://www.redfin.com/MO/Saint-Louis/6123-Kingsbury-Ave-63112/home/63700685,436.71223398814834,4
https://www.redfin.com/MO/Saint-Louis/2323-Lafayette-Ave-63104/home/93700585,610.7463239192941,5
https://www.redfin.com/MO/Saint-Louis/3646-Hartford-St-63116/home/62758849,856.1374367795939,2
https://www.redfin.com/MO/Saint-Louis/3932-Missouri-Ave-63118/home/93704194,504.38230354676887,4
https://www.redfin.com/MO/Saint-Louis/5617-Vernon-Ave-63112/home/93709981,163.32929767402672,3
https://www.redfin.com/MO/Saint-Louis/3509-Sidney-St-63104/home/93692391,286.0089484596647,2
https://www.redfin.com/MO/Saint-Louis/5013-Maple-Ave-63113/home/93752638,565.9493191773072,1
https://www.redfin.com/MO/Saint-Louis/4397-Westminster-Pl-63108/home/93740311,374.57116543819404,3
https://www.redfin.com/MO/Saint-Louis/5135-Cabanne-Ave-63113/home/93752279,622.8774835486198,2
https://www.redfin.com/MO/Saint-Louis/5098-Westminster-Pl-63108/home/62691391,400.7680469314361,2
https://www.redfin.com/MO/Saint-Louis/6253-Westminster-Pl-63130/home/93760202,779.3708795884837,3
https://www.redfin.com/MO/Saint-Louis/1727-Carroll-St-63104/home/68327984,301.86922501268117,5
https://www.redfin.com/MO/Saint-Louis/11-Thornby-Pl-63112/home/93723566,226.27209634012428,2
https://www.redfin.com/MO/Saint-Louis/5123-Westminster-Pl-63108/home/93749504,332.5276786792768,2
https://www.redfin.com/MO/Saint-Louis/4033-Russell-Blvd-63110/home/93747106,219.01150732734217,3
https://www.redfin.com/MO/Saint-Louis/5828-Julian-Ave-63112/home/93723086,648.2547848089228,2
https://www.redfin.com/MO/Saint-Louis/4925-Fountain-Ave-63113/home/93787071,234.31375708875524,2
https://www.redfin.com/MO/Saint-Louis/5750-Waterman-Blvd-63112/home/93762753,462.270831492399,3
https://www.redfin.com/MO/Saint-Louis/2933-Dodier-St-63107/home/93754633,399.16902891856614,1
https://www.redfin.com/MO/Saint-Louis/4537-Maryland-Ave-63108/home/93724735,496.6556065939665,4
https://www.redfin.com/MO/Saint-Louis/4407-S-Grand-Blvd-63111/home/62706849,673.3280368161577,2
https://www.redfin.com/MO/Saint-Louis/4931-Pershing-Pl-63108/home/62739141,763.0360870268574,3
https://www.redfin.com/MO/Saint-Louis/35-Kingsbury-Pl-63112/home/93763721,542.6523629952823,3
https://www.redfin.com/MO/Saint-Louis/2-Arundel-Pl-63105/home/93769343,337.83914328302353,2
https://www.redfin.com/MO/Saint-Louis/6185-Westminster-Pl-63112/home/93760455,654.0430902010064,3
https://www.redfin.com/MO/Saint-Louis/3200-Arsenal-St-63118/home/93692846,313.4244083950419,1
https://www.redfin.com/MO/Saint-Louis/4324-McPherson-Ave-63108/home/93725562,391.80080891066603,6
https://www.redfin.com/MO/Saint-Louis/2633-Clifton-Ave-63139/home/93743593,602.6448988958055,2
https://www.redfin.com/MO/Saint-Louis/3209-Utah-St-63118/home/93693103,431.19629851464396,1
https://www.redfin.com/MO/Saint-Louis/1550-Grape-Ave-63147/home/93731732,605.7058225175097,1
https://www.redfin.com/MO/Saint-Louis/3915-Greer-Ave-63107/home/93753580,371.5724204084798,2
https://www.redfin.com/MO/Saint-Louis/4554-Holly-Ave-63115/home/93714053,596.0208871580667,1
https://www.redfin.com/MO/Saint-Louis/5530-Etzel-Ave-63112/home/93722349,164.81178111140238,3
https://www.redfin.com/MO/Saint-Louis/2918-Geyer-Ave-63104/home/93690003,609.1861457214591,2
https://www.redfin.com/MO/Saint-Louis/3134-Longfellow-Blvd-63104/home/93691049,581.8896297494452,1
https://www.redfin.com/MO/Saint-Louis/4102-Concordia-Ave-63116/home/93770968,520.5130523992664,2
https://www.redfin.com/MO/Saint-Louis/4404-Washington-Blvd-63108/home/62685591,337.46692188118504,5
https://www.redfin.com/MO/Saint-Louis/5959-Clemens-Ave-63112/home/93739257,588.9322405539788,5
https://www.redfin.com/MO/Saint-Louis/5958-Plymouth-Ave-63112/home/93723095,910.0026310222466,1
https://www.redfin.com/MO/Saint-Louis/3506-Hawthorne-Blvd-63104/home/93691151,285.8269697178693,3
https://www.redfin.com/MO/Saint-Louis/6220-Westminster-Pl-63130/home/81949289,798.7848024448923,3
https://www.redfin.com/MO/Saint-Louis/2206-Saint-Louis-Ave-63106/home/93687692,1069.0187564154812,0
https://www.redfin.com/MO/Saint-Louis/4315-Delmar-Blvd-63108/home/93739771,538.2569249356217,5
https://www.redfin.com/MO/Saint-Louis/3518-Crittenden-St-63118/home/93692726,631.2761636588402,3
https://www.redfin.com/MO/Saint-Louis/4152-Delmar-Blvd-63108/home/93745280,440.2881973711584,5
https://www.redfin.com/MO/Saint-Louis/4126-S-Grand-Blvd-63118/home/93705703,571.5525276671989,2
https://www.redfin.com/MO/Saint-Louis/5842-Clemens-Ave-63112/home/93739320,512.9771207401269,5
https://www.redfin.com/MO/Saint-Louis/3800-Flora-Pl-63110/home/93700330,586.507943317017,4
https://www.redfin.com/MO/Saint-Louis/2116-S-Grand-Blvd-63104/home/93691111,416.3601015259537,5
https://www.redfin.com/MO/Saint-Louis/4358-McPherson-Ave-63108/home/93725554,280.7472334565564,3
https://www.redfin.com/MO/Saint-Louis/3501-Park-Ave-63104/home/93689867,303.80002753925817,4
https://www.redfin.com/MO/Saint-Louis/4266-Washington-Blvd-63108/home/93740291,686.1625787429896,6
https://www.redfin.com/MO/Saint-Louis/4001-Lafayette-Ave-63110/home/143286973,438.2446682901822,6
https://www.redfin.com/MO/Saint-Louis/5473-Enright-Ave-63112/home/93761761,632.5369345678695,3
https://www.redfin.com/MO/Saint-Louis/94-Waterman-Pl-63112/home/93724347,756.6925181252402,2
https://www.redfin.com/MO/Saint-Louis/3632-Cook-Ave-63113/home/93701333,386.5746577644364,10
https://www.redfin.com/MO/Saint-Louis/5614-Etzel-Ave-63112/home/93722431,492.2833432104071,3
https://www.redfin.com/MO/Saint-Louis/4484-Westminster-Pl-63108/home/62753064,221.82492647353274,4
https://www.redfin.com/MO/Saint-Louis/2249-Saint-Louis-Ave-63106/home/93687647,1165.5201333429964,0
https://www.redfin.com/MO/Saint-Louis/48-Kingsbury-Pl-63112/home/93724162,429.84852184322733,1
https://www.redfin.com/MO/Saint-Louis/4023-Russell-Blvd-63110/home/93747124,186.26286022811107,4
https://www.redfin.com/MO/Saint-Louis/3880-Utah-Pl-63116/home/93700036,830.4713886091446,2
https://www.redfin.com/MO/Saint-Louis/4232-E-Labadie-Ave-63115/home/93716843,676.1651647601259,2
https://www.redfin.com/MO/Saint-Louis/5535-Maple-Ave-63112/home/93745117,157.5479217474576,3
https://www.redfin.com/MO/Saint-Louis/3400-Magnolia-Ave-63118/home/93692502,477.31990160448595,3
https://www.redfin.com/MO/Saint-Louis/3911-Greer-Ave-63107/home/62699419,387.2278288752297,2
https://www.redfin.com/MO/Saint-Louis/14-Lenox-Pl-63108/home/93754355,663.7281092299428,3
https://www.redfin.com/MO/Saint-Louis/2709-Accomac-St-63104/home/93690668,302.32280443245685,6
https://www.redfin.com/MO/Saint-Louis/5644-Bartmer-Ave-63112/home/93722467,367.8126637797041,3
https://www.redfin.com/MO/Saint-Louis/4210-Cleveland-Ave-63110/home/93746788,393.91974651011446,4
https://www.redfin.com/MO/Saint-Louis/5019-Raymond-Ave-63113/home/93752461,512.2425961913466,2
https://www.redfin.com/MO/Saint-Louis/1851-Menard-St-63104/home/93682366,831.5909436305546,2
https://www.redfin.com/MO/Saint-Louis/5020-Enright-Ave-63108/home/93744617,555.3439877761615,3
https://www.redfin.com/MO/Saint-Louis/4242-Oregon-Ave-63111/home/93705557,295.38221528891347,4
https://www.redfin.com/MO/Saint-Louis/33-Waterman-Pl-63112/home/93724314,472.54584701965206,2
https://www.redfin.com/MO/Saint-Louis/2110-Lafayette-Ave-63104/home/93690357,390.4644496236034,6
https://www.redfin.com/MO/Saint-Louis/4531-Washington-Blvd-63108/home/143292581,241.3236163803103,4
https://www.redfin.com/MO/Saint-Louis/4957-Holly-Hills-Ave-63109/home/93770801,742.3494147227344,1
https://www.redfin.com/MO/Saint-Louis/4912-Clifton-Ave-63109/home/93769164,792.2617102010643,1
https://www.redfin.com/MO/Saint-Louis/5554-Chamberlain-Ave-63112/home/93745112,213.30565429431647,3
https://www.redfin.com/MO/Saint-Louis/3451-Sidney-St-63104/home/80842841,218.28520199527722,2
https://www.redfin.com/MO/Saint-Louis/4929-Holly-Hills-Ave-63109/home/93770802,707.0920929208503,1
https://www.redfin.com/MO/Saint-Louis/1936-McCausland-Ave-63117/home/93741335,349.3712659373222,1
https://www.redfin.com/MO/Saint-Louis/1286-Oak-Ct-63112/home/93723207,1068.5658485091064,0
https://www.redfin.com/MO/Saint-Louis/2919-Accomac-St-63104/home/93691013,797.7180398289321,5
https://www.redfin.com/MO/Saint-Louis/4260-Flora-Pl-63110/home/93746834,394.0239753684622,5
https://www.redfin.com/MO/Saint-Louis/4739-Westminster-Pl-63108/home/93709315,307.9182458394815,3
https://www.redfin.com/MO/Saint-Louis/3538-Illinois-Ave-63118/home/93694509,364.4548797039639,2
https://www.redfin.com/MO/Saint-Louis/5112-Westminster-Pl-63108/home/93746011,343.11519937713837,3
https://www.redfin.com/MO/Saint-Louis/1553-Grape-Ave-63147/home/93731756,540.9915169339774,1
https://www.redfin.com/MO/Saint-Louis/4564-Shenandoah-Ave-63110/home/93728323,893.3961304590912,1
https://www.redfin.com/MO/Saint-Louis/3803-Ashland-Ave-63107/home/93754005,207.20418227047247,2
https://www.redfin.com/MO/Saint-Louis/5950-Enright-Ave-63112/home/62720272,409.6960165946996,4
https://www.redfin.com/MO/Saint-Louis/4404-Enright-Ave-63108/home/93739802,523.75264932501,4
https://www.redfin.com/MO/Saint-Louis/11152-Lookaway-Dr-63137/home/85689802,8854.571988089208,0
https://www.redfin.com/MO/Saint-Louis/3651-Lafayette-Ave-63110/home/93700374,267.46820736970216,4
https://www.redfin.com/MO/St-Louis/3425-Pestalozzi-St-63118/home/182673840,655.4974791937246,3
https://www.redfin.com/MO/Saint-Louis/2-Lawn-Pl-63110/home/93765825,412.7405764500992,3
https://www.redfin.com/MO/Saint-Louis/3046-Hawthorne-Blvd-63104/home/93690744,819.1805818225434,5
https://www.redfin.com/MO/Saint-Louis/3915-California-Ave-63118/home/93704245,532.6968110740906,5
https://www.redfin.com/MO/Saint-Louis/1800-S-8th-St-63104/home/93685080,1123.0953230796779,0
https://www.redfin.com/MO/Saint-Louis/4315-Washington-Blvd-63108/home/93719946,637.5482838879295,6
https://www.redfin.com/MO/Saint-Louis/4540-McPherson-Ave-63108/home/93724716,424.0518486867206,4
https://www.redfin.com/MO/Saint-Louis/4736-Labadie-Ave-63115/home/93736819,389.49231956384597,2
https://www.redfin.com/MO/Saint-Louis/4630-Korte-Ave-63115/home/93734518,970.3409309346057,1
https://www.redfin.com/MO/St-Louis/5062-Waterman-Blvd-63108/home/195603925,530.8644013524525,2
https://www.redfin.com/MO/Saint-Louis/2817-Miami-St-63118/home/93694343,456.8509044235834,2
https://www.redfin.com/MO/Unknown/4234-Wyoming-St-Unknown/home/193546374,318.1775745881596,2
https://www.redfin.com/MO/Saint-Louis/6604-Vermont-Ave-63111/home/93709868,533.0414325443753,1
https://www.redfin.com/MO/Saint-Louis/4750-Westminster-Pl-63108/home/62697374,356.88762895775653,3
https://www.redfin.com/MO/Saint-Louis/3952-Utah-St-63116/home/87280485,577.8849453446454,2
https://www.redfin.com/MO/Saint-Louis/3678-Liermann-Ave-63116/home/93704446,1103.1676395520803,0
https://www.redfin.com/MO/Saint-Louis/6412-Blow-St-63109/home/93774283,583.6903968576703,2
https://www.redfin.com/MO/Saint-Louis/1002-Barton-St-63104/home/93686764,266.27002714513645,1
https://www.redfin.com/MO/Saint-Louis/3634-Russell-Blvd-63110/home/93747355,352.75091538762257,5
https://www.redfin.com/MO/Saint-Louis/4960-Magnolia-Ave-63139/home/83588157,258.6056159733485,3
https://www.redfin.com/MO/Saint-Louis/3730-Utah-Pl-63116/home/93699916,1119.4256493685107,0
https://www.redfin.com/MO/Saint-Louis/4969-Reber-Pl-63139/home/93727896,200.93756919229114,3
https://www.redfin.com/MO/Saint-Louis/3109-Allen-Ave-63104/home/93689564,811.570385440901,2
https://www.redfin.com/MO/Saint-Louis/3224-Lafayette-Ave-63104/home/93689524,628.6332459154834,3
https://www.redfin.com/MO/St-Louis/6300-Alexander-Dr-63105/home/182625180,328.82800706167757,3
https://www.redfin.com/MO/Saint-Louis/3677-McRee-Ave-63110/home/93700349,433.8045889457385,4
https://www.redfin.com/MO/Saint-Louis/4505-Tower-Grove-Pl-63110/home/93728306,805.3992741481412,2
https://www.redfin.com/MO/Saint-Louis/3530-Shenandoah-Ave-63104/home/93692275,334.79390777964653,3
https://www.redfin.com/MO/Saint-Louis/6931-Sutherland-Ave-63109/home/93774176,974.4202147402821,1
https://www.redfin.com/MO/Saint-Louis/3427-Chippewa-St-63118/home/62718941,827.1054985212406,1
https://www.redfin.com/MO/Saint-Louis/3830-Cleveland-Ave-63110/home/93700229,362.155768897037,4
https://www.redfin.com/MO/Saint-Louis/4915-Gresham-Ave-63109/home/93742056,357.527103201654,1
https://www.redfin.com/MO/Saint-Louis/6046-Westminster-Pl-63112/home/62735277,255.82595283072587,4
https://www.redfin.com/MO/Saint-Louis/5119-Maple-Ave-63113/home/93752380,921.0970544141497,2
https://www.redfin.com/MO/Saint-Louis/7022-Marquette-Ave-63139/home/62702141,1305.8007346997454,0
https://www.redfin.com/MO/Saint-Louis/4158-Shaw-Blvd-63110/home/93746947,144.71069790090618,5
https://www.redfin.com/MO/Saint-Louis/4473-McPherson-Ave-63108/home/62756843,295.336690276265,4
https://www.redfin.com/MO/Saint-Louis/2144-S-Grand-Blvd-63104/home/93691142,519.868859018893,5
https://www.redfin.com/MO/Saint-Louis/3228-Lafayette-Ave-63104/home/93689527,614.3360876806092,3
https://www.redfin.com/MO/Saint-Louis/5408-Maple-Ave-63112/home/93709907,555.5408503027529,3
https://www.redfin.com/MO/Saint-Louis/5256-Westminster-Pl-63108/home/93745884,158.17415524277615,2
https://www.redfin.com/MO/Saint-Louis/6148-McPherson-Ave-63112/home/93760258,599.8602342863628,4
https://www.redfin.com/MO/Saint-Louis/3650-Juniata-St-63116/home/93699765,851.3865717249629,1
https://www.redfin.com/MO/Saint-Louis/4431-McPherson-Ave-63108/home/93740226,260.5746885459381,3
https://www.redfin.com/MO/Saint-Louis/4215-Maryland-Ave-63108/home/93725346,552.6023918952299,5
https://www.redfin.com/MO/Saint-Louis/5237-Enright-Ave-63108/home/93744949,247.44066115663205,2
https://www.redfin.com/MO/Saint-Louis/1718-Missouri-Ave-63104/home/93690361,583.8293629923371,6
https://www.redfin.com/MO/Saint-Louis/3914-Meramec-St-63116/home/93769554,1340.4963813894447,0
https://www.redfin.com/MO/Saint-Louis/6766-Devonshire-Ave-63109/home/93781307,656.5804930269321,1
https://www.redfin.com/MO/Saint-Louis/3826-Arsenal-St-63116/home/93786215,764.4835138460063,2
https://www.redfin.com/MO/Saint-Louis/4550-Newberry-Ter-63113/home/93739431,474.61859278786227,3
https://www.redfin.com/MO/Saint-Louis/4460-Maryland-Ave-63108/home/93724884,208.38876599569062,4
https://www.redfin.com/MO/Saint-Louis/6188-Westminster-Pl-63112/home/93760391,694.9450210420634,3
https://www.redfin.com/MO/Saint-Louis/4548-McPherson-Ave-63108/home/93724712,431.5074461587585,4
https://www.redfin.com/MO/Saint-Louis/4457-Enright-Ave-63108/home/93739697,498.60030825666786,4
https://www.redfin.com/MO/Saint-Louis/4719-Westminster-Pl-63108/home/93709332,353.73125529032484,3
https://www.redfin.com/MO/Saint-Louis/3452-Sidney-St-63104/home/62720598,270.59081931446974,2
https://www.redfin.com/MO/Saint-Louis/2707-Keokuk-St-63118/home/93696286,474.827235006152,5
https://www.redfin.com/MO/Saint-Louis/4256-Shenandoah-Ave-63110/home/93746811,246.51723540072263,3
https://www.redfin.com/MO/Saint-Louis/3510-Shenandoah-Ave-63104/home/93692277,241.53185413716227,3
https://www.redfin.com/MO/Saint-Louis/3709-Hartford-St-63116/home/93699869,830.2580135831289,2
https://www.redfin.com/MO/Saint-Louis/4528-Westminster-Pl-63108/home/93739893,263.89180404747384,4
https://www.redfin.com/MO/Saint-Louis/6229-Columbia-Ave-63139/home/93743581,574.9146737429863,2
https://www.redfin.com/MO/Saint-Louis/1640-Grape-Ave-63147/home/93731906,631.837636364461,1
https://www.redfin.com/MO/Saint-Louis/4712-Westminster-Pl-63108/home/93709300,413.79638138086665,3
https://www.redfin.com/MO/Saint-Louis/4441-McPherson-Ave-63108/home/62736517,282.09656450413115,4
https://www.redfin.com/MO/Saint-Louis/1412-Wright-St-63107/home/93688380,401.09300081476994,3
https://www.redfin.com/MO/Saint-Louis/2057-Blendon-Pl-63143/home/93744113,688.5829117979637,1
https://www.redfin.com/MO/Saint-Louis/4753-Westminster-Pl-63108/home/93709319,293.6579639611818,2
https://www.redfin.com/MO/Saint-Louis/3141-Parc-Ridge-Ln-63139/home/93674332,820.7373798921008,3
https://www.redfin.com/MO/Saint-Louis/4208-Beethoven-Ave-63116/home/93757825,294.2072418389495,1
https://www.redfin.com/MO/Saint-Louis/5727-S-Grand-Blvd-63111/home/93772222,704.1607371358671,1
https://www.redfin.com/MO/Saint-Louis/3345-Oregon-Ave-63118/home/93693689,959.925702859623,2
https://www.redfin.com/MO/Saint-Louis/4542-Gibson-Ave-63110/home/93786340,279.04236165929757,4
https://www.redfin.com/MO/Saint-Louis/6063-Westminster-Pl-63112/home/93760429,312.9871615790526,4
https://www.redfin.com/MO/Saint-Louis/2636-Russell-Blvd-63104/home/93690644,131.2825324667824,6
https://www.redfin.com/MO/Saint-Louis/3117-Longfellow-Blvd-63104/home/93690972,657.6404337349268,1
https://www.redfin.com/MO/Saint-Louis/6655-Pernod-Ave-63139/home/93778943,538.4897533618359,1
https://www.redfin.com/MO/Saint-Louis/5150-Page-Blvd-63113/home/93752399,908.0556510854899,1
https://www.redfin.com/MO/Saint-Louis/3844-French-Ct-63116/home/93773391,783.2226053274318,1
https://www.redfin.com/MO/Saint-Louis/5031-Sutherland-Ave-63109/home/93752677,461.68247433200514,1
https://www.redfin.com/MO/Saint-Louis/5171-Eichelberger-St-63109/home/93767752,1049.4982849033256,0
https://www.redfin.com/MO/Saint-Louis/3156-Geyer-Ave-63104/home/93689568,881.588599852166,4
https://www.redfin.com/MO/Saint-Louis/5101-Dresden-Ave-63116/home/93764009,977.3267288919154,1
https://www.redfin.com/MO/Saint-Louis/6419-Devonshire-Ave-63109/home/93779789,530.5483959348479,1
https://www.redfin.com/MO/Saint-Louis/7133-Lindenwood-Pl-63109/home/93747983,1808.8613023028904,0
https://www.redfin.com/MO/Saint-Louis/2134-Nebraska-Ave-63104/home/93690716,698.3576147259273,5
https://www.redfin.com/MO/Saint-Louis/4421-Tholozan-Ave-63116/home/93756331,741.4230568422053,1
https://www.redfin.com/MO/Saint-Louis/3421-Halliday-Ave-63118/home/93692503,552.147750406637,3
https://www.redfin.com/MO/Saint-Louis/5117-Pattison-Ave-63110/home/93728092,333.375341682089,1
https://www.redfin.com/MO/Saint-Louis/6182-Kingsbury-Ave-63112/home/90908062,683.8023121185374,3
https://www.redfin.com/MO/Saint-Louis/6943-Lansdowne-Ave-63109/home/93774208,926.2664847816308,1
https://www.redfin.com/MO/Saint-Louis/5111-Pattison-Ave-63110/home/93728094,328.7788631906391,1
https://www.redfin.com/MO/Saint-Louis/7083-Lindenwood-Pl-63109/home/62723520,1618.4879786013207,0
https://www.redfin.com/MO/Saint-Louis/7036-Bancroft-Ave-63109/home/93774589,1272.1487915601351,0
https://www.redfin.com/MO/Saint-Louis/6911-Garner-Ave-63139/home/93671187,301.31618838548343,1
https://www.redfin.com/MO/Saint-Louis/6420-Wise-Ave-63139/home/93672447,409.80907469973937,2
https://www.redfin.com/MO/Saint-Louis/6605-Lindenwood-Pl-63109/home/62693826,532.8145950179548,1
https://www.redfin.com/MO/Saint-Louis/5384-Reber-Pl-63139/home/93727521,545.0299644512434,4
https://www.redfin.com/MO/Saint-Louis/6482-Lloyd-Ave-63139/home/93774434,489.6476074298812,3
https://www.redfin.com/MO/Saint-Louis/3-Shaw-Pl-63110/home/93700285,208.77021723838186,3
https://www.redfin.com/MO/Saint-Louis/3945-Comstock-Dr-63123/home/93784974,1281.2957787341074,0
https://www.redfin.com/MO/Saint-Louis/4920-Walsh-St-63109/home/62747831,1123.7665337127805,0
https://www.redfin.com/MO/Saint-Louis/4421-Oakland-Ave-63110/home/93751251,483.3034662488681,3
https://www.redfin.com/MO/Saint-Louis/4217-Connecticut-St-63116/home/93729842,335.13115526620595,2
https://www.redfin.com/MO/Saint-Louis/5575-Lansdowne-Ave-63109/home/93752892,471.55357216595223,1
https://www.redfin.com/MO/Saint-Louis/4009-Flad-Ave-63110/home/93746652,414.8810346400328,5
https://www.redfin.com/MO/Saint-Louis/5321-Nottingham-Ave-63109/home/93753478,421.2612758024005,1
https://www.redfin.com/MO/Saint-Louis/6558-Arsenal-St-63139/home/93742267,1302.6281598851972,0
https://www.redfin.com/MO/Saint-Louis/4418-Arco-Ave-63110/home/62718448,543.8860257628381,4
https://www.redfin.com/MO/Saint-Louis/2366-Sulphur-Ave-63139/home/62747725,387.66634202129825,2
https://www.redfin.com/MO/Saint-Louis/6407-Lindenwood-Pl-63109/home/93778349,566.1775906161816,2
https://www.redfin.com/MO/Saint-Louis/6478-Lloyd-Ave-63139/home/93774435,481.84161093358944,3
https://www.redfin.com/MO/Saint-Louis/2651-Ann-Ave-63104/home/93690631,174.27016378474613,6
https://www.redfin.com/MO/Saint-Louis/4544-Arco-Ave-63110/home/62740877,410.431780688162,5
https://www.redfin.com/MO/Saint-Louis/5410-Reber-Pl-63139/home/93727378,562.1548419754469,2
https://www.redfin.com/MO/Saint-Louis/6149-Washington-Blvd-63112/home/93760476,515.0468558357446,4
https://www.redfin.com/MO/Saint-Louis/4320-Itaska-St-63116/home/62694128,497.2514190455323,2
https://www.redfin.com/MO/Saint-Louis/6204-Rhodes-Ave-63109/home/70324171,264.0802306365535,2
https://www.redfin.com/MO/Saint-Louis/3628-Russell-Blvd-63110/home/93747361,350.9054986516078,5
https://www.redfin.com/MO/Saint-Louis/4148-Shaw-Blvd-63110/home/93747066,165.2320829459974,5
https://www.redfin.com/MO/Saint-Louis/3535-Hartford-St-63118/home/93692665,579.7001081738656,2
https://www.redfin.com/MO/Saint-Louis/3841-Juniata-St-63116/home/77520287,746.3391466640322,2
https://www.redfin.com/MO/Saint-Louis/5408-Winona-Ave-63109/home/93782454,319.4800233084374,1
https://www.redfin.com/MO/Saint-Louis/3337-Minnesota-Ave-63118/home/93693482,699.9595763444568,1
https://www.redfin.com/MO/Saint-Louis/5241-Nottingham-Ave-63109/home/93753505,463.0005593958918,1
https://www.redfin.com/MO/Saint-Louis/6015-Arsenal-St-63139/home/93768830,470.09014158844104,2
https://www.redfin.com/MO/Saint-Louis/3500-Connecticut-St-63118/home/92907663,413.78443952072905,1
https://www.redfin.com/MO/Saint-Louis/5725-Lansdowne-Ave-63109/home/62738753,858.8545597020648,2
https://www.redfin.com/MO/Saint-Louis/4409-Gibson-Ave-63110/home/93750856,477.6583289996836,4
https://www.redfin.com/MO/Saint-Louis/1425-Brock-St-63139/home/93740765,594.6935136768794,2
https://www.redfin.com/MO/Saint-Louis/4222-Red-Bud-Ave-63115/home/93714778,307.8200091984569,1
https://www.redfin.com/MO/Saint-Louis/5660-Oleatha-Ave-63139/home/93780676,721.8010070662023,1
https://www.redfin.com/MO/Saint-Louis/5743-Westminster-Pl-63112/home/93767313,304.0119746836883,3
https://www.redfin.com/MO/Saint-Louis/3820-Wisconsin-Ave-63118/home/93696867,242.78832969308968,3
https://www.redfin.com/MO/Saint-Louis/4028-Pennsylvania-Ave-63118/home/93704947,357.5696609648899,5
https://www.redfin.com/MO/Saint-Louis/4938-Lansdowne-Ave-63109/home/93752989,658.518483567074,1
https://www.redfin.com/MO/Saint-Louis/2816-McNair-Ave-63118/home/63588065,800.2879571195051,2
https://www.redfin.com/MO/Saint-Louis/3309-Commonwealth-Ave-63143/home/93751140,1925.2828587358044,0
https://www.redfin.com/MO/Saint-Louis/3002-Geyer-Ave-63104/home/93690000,654.7029075547102,2
https://www.redfin.com/MO/Saint-Louis/3335-Pennsylvania-Ave-63118/home/93693565,777.1187704542086,2
https://www.redfin.com/MO/Saint-Louis/3936-Oregon-Ave-63118/home/93704260,546.7464565419018,4
https://www.redfin.com/MO/Saint-Louis/4111-California-Ave-63118/home/93705077,161.4903421782402,4
https://www.redfin.com/MO/Saint-Louis/1226-Russell-Blvd-63104/home/62759209,737.8488514464926,4
https://www.redfin.com/MO/Saint-Louis/5715-Enright-Ave-63112/home/93739395,495.4826652292276,5
https://www.redfin.com/MO/Saint-Louis/4738-Ray-Ave-63116/home/93778424,512.1454127487656,1
https://www.redfin.com/MO/Saint-Louis/2018-Senate-St-63118/unit-R/home/103204411,858.5009072983132,3
https://www.redfin.com/MO/Saint-Louis/4998-Fairview-Ave-63139/home/93777053,147.8948087916553,3
https://www.redfin.com/MO/Saint-Louis/3939-Botanical-Ave-63110/home/103203297,390.2554827586444,3
https://www.redfin.com/MO/Saint-Louis/4152-Flad-Ave-63110/home/93746497,434.3818889368661,4
https://www.redfin.com/MO/Saint-Louis/4934-Murdoch-Ave-63109/home/93753338,727.3285541440008,1
https://www.redfin.com/MO/Saint-Louis/2856-Russell-Blvd-63104/home/93690722,708.3417594112985,3
https://www.redfin.com/MO/Saint-Louis/1535-Gregg-Ave-63139/home/93762232,409.5693821618882,2
https://www.redfin.com/MO/Saint-Louis/6375-Devonshire-Ave-63109/home/93780137,638.0889710867693,1
https://www.redfin.com/MO/Saint-Louis/6128-Marwinette-Ave-63116/home/93773761,258.60943264220595,1
https://www.redfin.com/MO/Saint-Louis/4124-S-Compton-Ave-63118/home/93705257,315.91308167694837,3
https://www.redfin.com/MO/Saint-Louis/3251-Missouri-Ave-63118/home/93693898,1016.2509989969518,0
https://www.redfin.com/MO/Saint-Louis/3756-Olive-St-63108/unit-15/home/176875150,284.8892417564215,12
https://www.redfin.com/MO/Saint-Louis/4634-Steffens-Ave-63116/home/93767189,760.3240798831973,1
https://www.redfin.com/MO/Saint-Louis/5700-Lansdowne-Ave-63109/home/93753048,780.477971722245,1
https://www.redfin.com/MO/Saint-Louis/5473-Oleatha-Ave-63139/home/93780891,864.0196434578829,2
https://www.redfin.com/MO/Saint-Louis/5980-Astra-Ave-63147/home/93770366,293.6006921151136,1
https://www.redfin.com/MO/Saint-Louis/2000-Senate-St-63118/home/93697757,919.6029561930568,2
https://www.redfin.com/MO/Saint-Louis/5203-Windsor-Pkwy-63116/home/93765296,1181.3563834618787,0
https://www.redfin.com/MO/Saint-Louis/6312-Lucille-Ave-63136/home/93745615,1164.6850819614288,0
https://www.redfin.com/MO/Saint-Louis/6928-Garner-Ave-63139/home/93741053,400.5659682657531,1
https://www.redfin.com/MO/Saint-Louis/1131-Childress-Ave-63139/home/88995356,565.538453813525,3
https://www.redfin.com/MO/Saint-Louis/3915-Russell-Blvd-63110/home/93747573,207.00094792698565,4
https://www.redfin.com/MO/Saint-Louis/3907-Burgen-Ave-63116/home/93781486,895.6818862694561,1
https://www.redfin.com/MO/Saint-Louis/3117-Mount-Pleasant-St-63111/home/93706244,865.8792160340033,1
https://www.redfin.com/MO/Saint-Louis/6434-Wanda-Ave-63116/home/93770659,814.0939003690801,3
https://www.redfin.com/MO/Saint-Louis/5621-Southwest-Ave-63139/home/93727233,806.1471374015739,3
https://www.redfin.com/MO/Saint-Louis/5415-Childress-Ave-63109/home/93782736,676.9116317660181,3
https://www.redfin.com/MO/Saint-Louis/6719-Dolan-Pl-63139/home/93765058,156.70134206098155,1
https://www.redfin.com/MO/Saint-Louis/3410-Halliday-Ave-63118/home/62694309,606.6131988175113,3
https://www.redfin.com/MO/Saint-Louis/4557-Wabash-Ave-63109/home/93780799,1170.878974656457,0
https://www.redfin.com/MO/Saint-Louis/4636-S-Compton-Ave-63111/home/93706850,1021.8014202319713,0
https://www.redfin.com/MO/Saint-Louis/5721-Floy-Ave-63136/home/93765363,458.7041220814931,1
https://www.redfin.com/MO/Saint-Louis/2657-Oregon-Ave-63118/home/62748288,353.99122857869213,2
https://www.redfin.com/MO/Saint-Louis/4445-Tholozan-Ave-63116/home/93756361,790.3633503993909,1
https://www.redfin.com/MO/Saint-Louis/4219-Louisiana-Ave-63111/home/93705455,256.8609550128402,2
https://www.redfin.com/MO/Saint-Louis/5207-Gresham-Ave-63109/home/62723050,454.6145936686636,1
https://www.redfin.com/MO/Saint-Louis/2837-Wisconsin-Ave-63118/home/93691590,920.1524496335095,1
https://www.redfin.com/MO/Saint-Louis/4708-Vienna-Ave-63109/home/93780144,971.6932066798232,1
https://www.redfin.com/MO/Saint-Louis/4215-Utah-St-63116/home/93729436,288.31779709502626,2
https://www.redfin.com/MO/Saint-Louis/1955-Wyoming-St-63118/home/93681647,1308.3126053200858,0
https://www.redfin.com/MO/Saint-Louis/1912-Lasalle-St-63104/home/62768969,581.5936184554404,4
https://www.redfin.com/MO/Saint-Louis/6122-Southwest-Ave-63139/home/93774019,220.59235962422048,2
https://www.redfin.com/MO/Saint-Louis/1207-Sidney-St-63104/home/93686969,586.5378956827885,1
https://www.redfin.com/MO/Saint-Louis/6256-Marmaduke-Ave-63139/home/93767690,532.4198291684883,2
https://www.redfin.com/MO/Saint-Louis/4246-Schiller-Pl-63116/home/93781162,332.03979642854637,1
https://www.redfin.com/MO/Saint-Louis/4108-Oregon-Ave-63118/home/93705074,221.04139815066702,4
https://www.redfin.com/MO/Saint-Louis/4312-Wabash-Ave-63109/home/93774601,1462.9893296798696,0
https://www.redfin.com/MO/Saint-Louis/3947-Bowen-St-63116/home/93773835,513.4390912346619,1
https://www.redfin.com/MO/Saint-Louis/5021-S-Kingshighway-Blvd-63109/home/93766943,963.8377102793415,1
https://www.redfin.com/MO/Saint-Louis/3719-Ohio-Ave-63118/home/93696190,489.6081382805685,3
https://www.redfin.com/MO/Saint-Louis/5600-Rhodes-Ave-63109/home/93777545,723.1335112244354,2
https://www.redfin.com/MO/Saint-Louis/4032-Schiller-Pl-63116/home/93781112,768.6370974242233,1
https://www.redfin.com/MO/Saint-Louis/3507-Hawthorne-Blvd-63104/home/93748598,333.9770245638411,3
https://www.redfin.com/MO/Saint-Louis/4063-Magnolia-Ave-63110/home/93746397,553.44844824718,3
https://www.redfin.com/MO/Saint-Louis/6709-Leona-St-63116/home/93779057,580.0469474309076,3
https://www.redfin.com/MO/Saint-Louis/5222-Parker-Ave-63139/home/62696267,269.3694924745837,3
https://www.redfin.com/MO/Saint-Louis/4041-Parker-Ave-63116/home/93729188,495.2226743596222,2
https://www.redfin.com/MO/Saint-Louis/3120-S-Compton-Ave-63118/home/93692763,270.19366380865563,1
https://www.redfin.com/MO/Saint-Louis/6541-Winnebago-St-63109/home/93775095,561.3337529507896,1
https://www.redfin.com/MO/Saint-Louis/5758-Gresham-Ave-63109/home/93774280,469.3060725834737,2
https://www.redfin.com/MO/Saint-Louis/6257-Hoffman-Ave-63139/home/93768062,622.1775787480393,2
https://www.redfin.com/MO/Saint-Louis/5224-Tamm-Ave-63109/home/93780274,606.4159650153747,3
https://www.redfin.com/MO/Saint-Louis/3651-Blow-St-63116/home/93711808,1023.3832296427121,0
https://www.redfin.com/MO/Saint-Louis/5422-Odell-St-63139/home/93727341,746.3869495839516,3
https://www.redfin.com/MO/Saint-Louis/5263-Parker-Ave-63139/home/62748407,293.80074615722367,3
https://www.redfin.com/MO/Saint-Louis/5211-Nagel-Ave-63109/home/93758204,807.5062916999534,1
https://www.redfin.com/MO/Saint-Louis/5704-Lansdowne-Ave-63109/home/93753055,793.8480410227277,1
https://www.redfin.com/MO/Saint-Louis/3834-Bingham-Ave-63116/home/93767384,967.4763300845941,1
https://www.redfin.com/MO/Saint-Louis/4444-Bingham-Ave-63116/home/93772053,581.1297676814551,1
https://www.redfin.com/MO/Saint-Louis/3967-Holly-Hills-Blvd-63116/home/93773772,466.31666289237745,1
https://www.redfin.com/MO/Saint-Louis/5650-Leona-St-63116/home/62762329,570.1607887038291,1
https://www.redfin.com/MO/Saint-Louis/3800-Olive-St-63108/home/181866747,271.05324570933135,12
https://www.redfin.com/MO/Saint-Louis/6412-Colletta-Dr-63139/home/93784650,887.8682050969929,2
https://www.redfin.com/MO/Saint-Louis/6759-W-Park-Ave-63139/home/62761874,322.32117402409654,2
https://www.redfin.com/MO/St-Louis/3820-Olive-St-63108/unit-8/home/193424225,275.7612575308008,11
https://www.redfin.com/MO/Saint-Louis/1234-Dolman-St-63104/home/143286255,177.25788543623997,4
https://www.redfin.com/MO/Saint-Louis/4030-Saint-Louis-Ave-63107/home/93716538,528.2435266286449,3
https://www.redfin.com/MO/Saint-Louis/252-Woodbourne-Dr-63105/home/62705469,443.55975018656875,3
https://www.redfin.com/MO/Saint-Louis/2306-Sulphur-Ave-63139/home/93741634,619.523109518136,2
https://www.redfin.com/MO/Saint-Louis/4339-Potomac-St-63116/home/93774397,946.7726849546729,1
https://www.redfin.com/MO/Saint-Louis/2631-January-Ave-63139/home/93726782,699.5484851865829,3
https://www.redfin.com/MO/Saint-Louis/8531-Lowell-St-63147/home/93731605,1557.0885307535175,0
https://www.redfin.com/MO/Saint-Louis/3438-Russell-Blvd-63104/unit-303/home/93690987,522.6883767403386,3
https://www.redfin.com/MO/Saint-Louis/5962-Maple-Ave-63112/home/93723866,666.9443043756545,3
https://www.redfin.com/MO/Saint-Louis/6223-Potomac-St-63139/home/93775397,479.9090303933233,2
https://www.redfin.com/MO/Saint-Louis/6053-Bishops-Pl-63109/home/84228056,601.7617113936485,2
https://www.redfin.com/MO/Saint-Louis/7016-Horner-Ave-63117/home/93786067,617.5440110551308,1
https://www.redfin.com/MO/Saint-Louis/4003-Shreve-Ave-63115/home/93732828,936.2991089605327,1
https://www.redfin.com/MO/St-Louis/3826-Olive-St-63108/unit-7/home/194935156,249.05175178011802,11
https://www.redfin.com/MO/Saint-Louis/6739-Wise-Ave-63139/home/93740518,213.45391835620217,1
https://www.redfin.com/MO/Saint-Louis/6542-Hoffman-Ave-63139/home/93741675,1121.1008708220754,0
https://www.redfin.com/MO/Saint-Louis/4128-Tesson-St-63123/home/93784162,1050.6000133592222,0
https://www.redfin.com/MO/Saint-Louis/5512-Finkman-St-63109/home/93776605,811.390242062516,3
https://www.redfin.com/MO/Saint-Louis/3704-Ohio-Ave-63118/home/93696540,425.45926579469136,4
https://www.redfin.com/MO/Saint-Louis/6801-Arthur-Ave-63139/home/93743408,871.0668550380987,1
https://www.redfin.com/MO/Saint-Louis/4729-Prague-Ave-63109/home/93780243,791.228810087323,2
https://www.redfin.com/MO/St-Louis/4941-Fairview-Ave-63139/home/182673086,428.8679926379432,4
https://www.redfin.com/MO/Saint-Louis/4556-Athlone-Ave-63115/home/93714019,607.7561836914423,1
https://www.redfin.com/MO/Saint-Louis/4118-Botanical-Ave-63110/home/62733923,439.598978350796,4
https://www.redfin.com/MO/Saint-Louis/4343-Delmar-Blvd-63108/home/146874005,601.2459395255086,4
https://www.redfin.com/MO/Saint-Louis/5435-Eichelberger-St-63109/home/93767698,1045.293649652652,0
https://www.redfin.com/MO/Saint-Louis/4002-Bates-St-63116/home/93771943,812.7231635944714,1
https://www.redfin.com/MO/Saint-Louis/4333-Connecticut-St-63116/home/93749724,723.6158903160477,3
https://www.redfin.com/MO/Saint-Louis/5231-Potomac-St-63139/home/93742667,289.3511140948227,3
https://www.redfin.com/MO/Saint-Louis/6604-Mardel-Ave-63109/home/93774884,483.68683115306845,1
https://www.redfin.com/MO/Saint-Louis/3865-Bowen-St-63116/home/93773630,724.9012974560632,1
https://www.redfin.com/MO/Saint-Louis/6271-Goener-Ave-63116/home/93756547,452.49820207834006,1
https://www.redfin.com/MO/Saint-Louis/5600-Tholozan-Ave-63109/home/93781642,880.8920529029427,2
https://www.redfin.com/MO/Saint-Louis/4581-Wabash-Ave-63109/home/93780806,1067.8638230768813,0
https://www.redfin.com/MO/Saint-Louis/2920-Eads-Ave-63104/home/93787264,422.72626745238375,2
https://www.redfin.com/MO/Saint-Louis/3700-January-Ave-63109/home/93781974,588.5733543145018,1
https://www.redfin.com/MO/Saint-Louis/4323-Hunt-Ave-63110/home/93726054,161.80590194487587,5
https://www.redfin.com/MO/St-Louis/4153-Loughborough-62116/home/186481145,314.0306694532985,3
https://www.redfin.com/MO/Saint-Louis/7804-Clymer-Dr-63123/home/93784951,1259.6090986676802,0
https://www.redfin.com/MO/Saint-Louis/3534-Pestalozzi-St-63118/home/93692740,704.6939734146166,3
https://www.redfin.com/MO/Saint-Louis/6416-Colletta-Dr-63139/home/62695677,900.2527139457573,2
https://www.redfin.com/MO/Saint-Louis/3822-Cleveland-Ave-63110/home/93700235,362.33758729852997,4
https://www.redfin.com/MO/Saint-Louis/3729-Ohio-Ave-63118/home/62691644,505.265230852412,3
https://www.redfin.com/MO/Saint-Louis/3815-Pennsylvania-Ave-63118/home/93695954,248.05329394230054,3
https://www.redfin.com/MO/Saint-Louis/7051-Lansdowne-Ave-63109/home/62689082,1244.8318329766637,0
https://www.redfin.com/MO/Saint-Louis/4327-Connecticut-St-63116/home/173620403,692.3016840372194,2
https://www.redfin.com/MO/Saint-Louis/3720-Humphrey-St-63116/home/93699991,1046.8134701804836,0
https://www.redfin.com/MO/Saint-Louis/946-Bates-St-63111/home/93708411,323.93622623097014,1
https://www.redfin.com/MO/Saint-Louis/1820-Lasalle-St-63104/home/93701191,505.572002783146,4
https://www.redfin.com/MO/Saint-Louis/2732-Utah-St-63118/home/93693777,1111.207790587014,0
https://www.redfin.com/MO/Saint-Louis/7512-Virginia-Ave-63111/home/93710970,756.5086714030307,1
https://www.redfin.com/MO/Saint-Louis/2811-Hickory-St-63104/home/93683240,375.0867516306734,2
https://www.redfin.com/MO/Saint-Louis/2345-Rutger-St-63104/home/93700627,770.2658496373083,1
https://www.redfin.com/MO/Saint-Louis/1538-Eton-Ln-63147/home/93732092,839.4184840526282,1
https://www.redfin.com/MO/Saint-Louis/3821-Regal-Pl-63109/home/93782538,727.7676762361277,2
https://www.redfin.com/MO/St-Louis/6291-Magnolia-Ave-63139/home/189846870,661.641633201059,2
https://www.redfin.com/MO/Saint-Louis/5720-Murdoch-Ave-63109/home/62701032,913.6305834753534,1
https://www.redfin.com/MO/Saint-Louis/5932-Wise-Ave-63110/home/93726262,781.3028987970999,3
https://www.redfin.com/MO/Saint-Louis/2353-S-11th-St-63104/home/93686136,505.0534716163045,1
https://www.redfin.com/MO/Saint-Louis/4357-Evans-Ave-63113/home/187276175,453.40908676224353,3
https://www.redfin.com/MO/Saint-Louis/5771-Pershing-Ave-63112/home/93763162,577.5199529996815,3
https://www.redfin.com/MO/Saint-Louis/2932-Hereford-St-63139/home/86870687,259.6398653741499,5
https://www.redfin.com/MO/Saint-Louis/2120-Boardman-St-63110/home/173620173,868.6132195233084,2
https://www.redfin.com/MO/St-Louis/3536-Vista-63104/home/175982283,355.6449223292685,4
https://www.redfin.com/MO/Saint-Louis/164-Cahokia-St-63118/home/93697165,203.07588132004997,3
https://www.redfin.com/MO/Saint-Louis/2918-S-Compton-Ave-63118/unit-2918/home/109911639,511.78162439074885,2
https://www.redfin.com/MO/Saint-Louis/3708-Gustine-Ave-63116/home/93766232,1412.3406799932266,0
https://www.redfin.com/MO/Saint-Louis/5505-Wyoming-St-63139/home/93742781,310.88958857116756,3
https://www.redfin.com/MO/Saint-Louis/5811-De-Giverville-Ave-63112/home/62756462,254.74570293857076,3
https://www.redfin.com/MO/Saint-Louis/3242-Regal-Pl-63139/home/93742813,581.0477189267124,2
https://www.redfin.com/MO/Saint-Louis/5410-Delmar-Blvd-63112/home/109911647,537.5028590638442,3
https://www.redfin.com/MO/Saint-Louis/3900-Randall-St-63116/home/93750332,678.414026856279,1
https://www.redfin.com/MO/Saint-Louis/5351-Mardel-Ave-63109/home/62741226,730.2265815812726,2
https://www.redfin.com/MO/Saint-Louis/6002-Leona-St-63116/home/93773454,288.1387003766591,1
https://www.redfin.com/MO/Saint-Louis/4322-Haven-St-63116/home/93771773,497.7168530037858,4
https://www.redfin.com/MO/Saint-Louis/1504-Sproule-Ave-63139/home/93761938,472.0118188385137,2
https://www.redfin.com/MO/Saint-Louis/7042-Mitchell-Ave-63117/home/93744207,568.3430930968688,1
https://www.redfin.com/MO/Saint-Louis/2147-Sulphur-Ave-63139/home/62721462,802.243493573708,2
https://www.redfin.com/MO/Saint-Louis/7845-Decatur-Dr-63123/home/62753994,1258.7019464261982,0
https://www.redfin.com/MO/Saint-Louis/7360-Yates-St-63116/home/93784818,505.0885218662983,2
https://www.redfin.com/MO/Saint-Louis/7332-Rainor-Ct-63116/home/93785345,782.9998003498534,1
https://www.redfin.com/MO/Saint-Louis/3333-Michigan-Ave-63118/home/62773995,628.1580327638902,1
https://www.redfin.com/MO/Saint-Louis/4415-Vista-Ave-63110/home/169425110,267.9134139466423,4
https://www.redfin.com/MO/Saint-Louis/1256-Gimblin-St-63147/home/76422730,1191.2551682657383,0
https://www.redfin.com/MO/Saint-Louis/5631-Botanical-Ave-63110/home/173620136,672.930314461003,3
https://www.redfin.com/MO/Saint-Louis/406-Fassen-St-63111/home/93708656,616.7186809815689,1
https://www.redfin.com/MO/Saint-Louis/2233-Hickory-St-63104/home/181866123,986.0010499198796,1
https://www.redfin.com/MO/Saint-Louis/3131-Keokuk-St-63118/unit-3131/home/93672823,514.1832875420737,3
https://www.redfin.com/MO/Saint-Louis/4129-Cleveland-Ave-63110/home/109920100,534.0857599390085,5
https://www.redfin.com/MO/Saint-Louis/3835-Hartford-St-63116/home/93728256,778.6337910944444,2
https://www.redfin.com/MO/Saint-Louis/4313-S-37th-St-63116/home/93706009,832.2604670649812,2
https://www.redfin.com/MO/Saint-Louis/5406-S-Kingshighway-Blvd-63109/home/93759260,1296.3400808292638,0
https://www.redfin.com/MO/Saint-Louis/8310-S-Broadway-63111/home/93711900,1940.314613821275,0
https://www.redfin.com/MO/Saint-Louis/6568-Mardel-Ave-63109/home/93775120,423.02771907744284,1
https://www.redfin.com/MO/Saint-Louis/1036-Sells-Ave-63147/home/93731357,1307.8265584820676,0
https://www.redfin.com/MO/Saint-Louis/5334-Elizabeth-Ave-63110/home/93768182,240.03789110486147,1
https://www.redfin.com/MO/Saint-Louis/3900-Wyoming-St-63116/home/93729555,602.8057966965436,2
https://www.redfin.com/MO/Saint-Louis/3865-McDonald-Ave-63116/home/93699962,932.430555328333,2
https://www.redfin.com/MO/Saint-Louis/5735-Arthur-Ave-63139/home/88662587,914.714503695306,1
https://www.redfin.com/MO/Saint-Louis/4063-Potomac-St-63116/home/93729125,669.9923768151109,1
https://www.redfin.com/MO/St-Louis/7027-Plateau-Ave-63117/home/194342618,565.8237097306562,1
https://www.redfin.com/MO/Saint-Louis/5505-Cates-Ave-63112/home/93724003,428.0225122278433,5
https://www.redfin.com/MO/Saint-Louis/3025-Ohio-Ave-63118/home/93699151,675.3642089957469,1
https://www.redfin.com/MO/Saint-Louis/3924-Potomac-St-63116/home/93728923,954.6249794313447,1
https://www.redfin.com/MO/Saint-Louis/6827-Minnesota-Ave-63111/home/93710475,344.45269955071393,1
https://www.redfin.com/MO/Saint-Louis/5721-Lisette-Ave-63109/home/62718415,463.08283044979635,2
https://www.redfin.com/MO/Saint-Louis/3459-Itaska-St-63111/home/93707221,630.2083434733481,1
https://www.redfin.com/MO/Saint-Louis/4330-Chippewa-St-63116/home/93771903,276.56128726342797,1
https://www.redfin.com/MO/Saint-Louis/5639-Eichelberger-St-63109/home/93767861,620.624685724577,2
https://www.redfin.com/MO/Saint-Louis/5301-Blow-St-63109/home/77289299,824.0709177657099,1
https://www.redfin.com/MO/Saint-Louis/3722-Keokuk-St-63116/home/93777693,1340.7761765893974,0
https://www.redfin.com/MO/Saint-Louis/3407-Manhattan-Ave-63143/home/93751192,1865.3413751569265,0
https://www.redfin.com/MO/Saint-Louis/6325-Winona-Ave-63109/home/88629084,612.5512110813022,2
https://www.redfin.com/MO/Saint-Louis/2002-Victor-St-63104/home/101771222,833.1697335541766,3
https://www.redfin.com/MO/Saint-Louis/3943-Juniata-St-63116/home/93749827,335.9111811384548,2
https://www.redfin.com/MO/Saint-Louis/4038-Fairview-Ave-63116/home/93728989,648.2263239421518,2
https://www.redfin.com/MO/Saint-Louis/6148-Tennessee-Ave-63111/home/93709466,849.0832389097723,1
https://www.redfin.com/MO/Saint-Louis/2909-Wyoming-St-63118/home/87395010,614.7743182742689,1
https://www.redfin.com/MO/Saint-Louis/5643-Pernod-Ave-63139/home/93780758,773.0281504325163,1
https://www.redfin.com/MO/Saint-Louis/6641-Villa-Ave-63139/home/173620408,736.4425344341744,4
https://www.redfin.com/MO/Saint-Louis/3841-Rainor-Ct-63116/home/93785251,667.7899030205984,1
https://www.redfin.com/MO/Saint-Louis/3327-Illinois-Ave-63118/home/93694036,874.7250255739914,1
https://www.redfin.com/MO/Saint-Louis/3511-Connecticut-St-63118/home/93693300,444.38128688225294,1
https://www.redfin.com/MO/Saint-Louis/6409-Lansdowne-Ave-63109/home/93779904,654.974952712718,1
https://www.redfin.com/MO/Saint-Louis/2706-Saint-Vincent-Ave-63104/home/93700646,238.30581992353453,3
https://www.redfin.com/MO/Saint-Louis/3324-Vista-Ave-63104/home/93700908,527.9278230397177,3
https://www.redfin.com/MO/St-Louis/3301-Eads-Ave-63104/unit-6A/home/175626342,502.2060719926682,5
https://www.redfin.com/MO/Saint-Louis/3505-Illinois-Ave-63118/home/62758185,462.08406327065006,2
https://www.redfin.com/MO/Saint-Louis/3829-Flad-Ave-63110/home/93700268,544.3152324744474,4
https://www.redfin.com/MO/Saint-Louis/1508-Tamm-Ave-63139/home/93762236,296.62840916172604,2
https://www.redfin.com/MO/Saint-Louis/4200-Westminster-Pl-63108/home/62769117,545.7741291103904,5
https://www.redfin.com/MO/Saint-Louis/7123-Rabenberg-Pl-63143/home/62759942,1633.4849444473307,0
https://www.redfin.com/MO/Saint-Louis/3221-Taft-Ave-63111/home/93706209,709.3661866873448,1
https://www.redfin.com/MO/Saint-Louis/4961-Schollmeyer-Ave-63109/home/93764457,339.05811240413937,1
https://www.redfin.com/MO/Saint-Louis/3204-Henrietta-St-63104/home/76312337,646.7338279246691,3
https://www.redfin.com/MO/Saint-Louis/3705-Blow-St-63116/home/93712025,1185.7306705237359,0
https://www.redfin.com/MO/Saint-Louis/4046-Holly-Hills-Blvd-63116/home/81971252,309.8514650136322,3
https://www.redfin.com/MO/Saint-Louis/4700-Penrose-St-63115/home/93733149,1019.3608623922715,0
https://www.redfin.com/MO/Saint-Louis/5734-Itaska-St-63109/home/93767934,748.6369003924549,1
https://www.redfin.com/MO/Saint-Louis/5461-Goethe-Ave-63109/home/93775700,905.3664870481135,1
https://www.redfin.com/MO/Saint-Louis/3131-Ivanhoe-Ave-63139/home/93741916,1394.851616474209,0
https://www.redfin.com/MO/Saint-Louis/6361-Devonshire-Ave-63109/home/93780127,673.7162352418663,1
https://www.redfin.com/MO/Saint-Louis/1448-Graham-St-63139/home/93778537,282.2453763682953,2
https://www.redfin.com/MO/Saint-Louis/4366-Osceola-St-63116/home/93764748,355.6415827282279,1
https://www.redfin.com/MO/Saint-Louis/3943-Tholozan-Ave-63116/home/93728608,1160.156159837364,0
https://www.redfin.com/MO/Saint-Louis/4249-Botanical-Ave-63110/home/93746771,175.20322073812986,3
https://www.redfin.com/MO/Saint-Louis/7137-Virginia-Ave-63111/home/93680054,272.173573355572,1
https://www.redfin.com/MO/Saint-Louis/5476-Bischoff-Ave-63110/home/93772184,603.0757851761267,1
https://www.redfin.com/MO/Saint-Louis/5887-Cates-Ave-63112/home/93723948,608.9913329485707,5
https://www.redfin.com/MO/Saint-Louis/5609-Pennsylvania-Ave-63111/home/93708607,890.8114807053101,1
https://www.redfin.com/MO/Saint-Louis/5219-Dewey-Ave-63116/home/93742517,535.8301085973284,1
https://www.redfin.com/MO/Saint-Louis/4609-S-Broadway-63111/home/93706938,1144.7346681441556,0
https://www.redfin.com/MO/Saint-Louis/3816-Flora-Pl-63110/home/93700327,573.749464134283,4
https://www.redfin.com/MO/Saint-Louis/5016-Gerritt-Ave-63116/home/93766657,736.8432829290957,1
https://www.redfin.com/MO/St-Louis/2741-Lafayette-Ave-63104/home/194345320,135.41856809756965,2
https://www.redfin.com/MO/Saint-Louis/3428-Vista-Ave-63104/home/93700873,436.88622973531216,5
https://www.redfin.com/MO/Saint-Louis/6419-Woodbine-Ct-63109/home/93774318,798.6017266054399,2
https://www.redfin.com/MO/Saint-Louis/6423-Murdoch-Ave-63109/home/93779868,443.8515474152097,1
https://www.redfin.com/MO/Saint-Louis/2826-Oregon-Ave-63118/home/93691817,385.9605656665861,2
https://www.redfin.com/MO/Saint-Louis/5030-Lotus-Ave-63113/home/93738145,101.43831210579536,1
https://www.redfin.com/MO/Saint-Louis/8100-Southpark-Ct-63125/home/62731698,1726.907157394006,0
https://www.redfin.com/MO/Saint-Louis/2125-Macklind-Ave-63110/home/93726972,524.5566922351013,1
https://www.redfin.com/MO/Saint-Louis/4435-Tholozan-Ave-63116/home/63731720,771.4162243714917,1
https://www.redfin.com/MO/Saint-Louis/5813-Minnesota-Ave-63111/home/93708446,798.003191932927,1
https://www.redfin.com/MO/Saint-Louis/2005-Hereford-St-63110/home/93728066,720.305599879474,2
https://www.redfin.com/MO/Saint-Louis/3154-Garden-Hill-Ln-63139/home/93674337,828.1346488890579,2
https://www.redfin.com/MO/Saint-Louis/1807-Cambridge-Ln-63147/home/93781517,714.1414046232115,1
https://www.redfin.com/MO/Saint-Louis/7136-Bancroft-Ave-63109/home/62693489,1660.721457703946,0
https://www.redfin.com/MO/Saint-Louis/7227-Pennsylvania-Ave-63111/home/93710712,594.4779764861964,1
https://www.redfin.com/MO/Saint-Louis/7121-Yates-St-63116/home/93784129,210.47704670322665,2
https://www.redfin.com/MO/Saint-Louis/6949-Hancock-Ave-63139/home/93743562,1121.8752017710929,0
https://www.redfin.com/MO/Saint-Louis/5451-Tedmar-Ct-63139/home/93742842,592.1600653295243,3
https://www.redfin.com/MO/Saint-Louis/3328-Norma-Ct-63139/home/93743346,570.6337915599829,1
https://www.redfin.com/MO/Saint-Louis/4237-Botanical-Ave-63110/home/93746763,177.07041826097563,3
https://www.redfin.com/MO/Saint-Louis/4351-Bingham-Ave-63116/home/93771900,288.5074834051854,1
https://www.redfin.com/MO/Saint-Louis/3829-Upton-St-63116/home/93785265,728.7293936789548,1
https://www.redfin.com/MO/Saint-Louis/6551-Winona-Ave-63109/home/93775458,700.3401462663351,2
https://www.redfin.com/MO/Saint-Louis/5542-Mardel-Ave-63109/home/93782549,770.4268116967763,2
https://www.redfin.com/MO/Saint-Louis/3833-Humphrey-St-63116/home/93728449,860.2373445495316,1
https://www.redfin.com/MO/Saint-Louis/4261-Swan-Ave-63110/home/93725772,227.619844786621,5
https://www.redfin.com/MO/Saint-Louis/6042-Oleatha-Ave-63139/home/93775374,230.47272748840658,2
https://www.redfin.com/MO/Saint-Louis/1313-S-Boyle-Ave-63110/home/93725927,261.75750093086356,4
https://www.redfin.com/MO/Saint-Louis/3957-Cleveland-Ave-63110/home/93746275,530.4287407022142,4
https://www.redfin.com/MO/Saint-Louis/3117-Portis-Ave-63116/home/93748765,688.3396707732318,2
https://www.redfin.com/MO/Saint-Louis/3721-Hebert-St-63107/home/93702095,317.4405682352509,2
https://www.redfin.com/MO/Saint-Louis/5705-Lindenwood-Ave-63109/home/93780916,555.6713558414565,1
https://www.redfin.com/MO/Saint-Louis/7403-Commonwealth-Ave-63143/home/93751164,2086.336672116685,0
https://www.redfin.com/MO/Saint-Louis/4745-Sigel-Ave-63116/home/93759127,836.2488998570913,1
https://www.redfin.com/MO/Saint-Louis/5623-Milentz-Ave-63109/home/93771456,591.2187327713783,2
https://www.redfin.com/MO/Saint-Louis/4934-Rosalie-St-63115/home/93760988,1340.0859582494006,0
https://www.redfin.com/MO/Saint-Louis/6222-Marmaduke-Ave-63139/home/93767672,397.27902561818905,2
https://www.redfin.com/MO/Saint-Louis/5318-Michigan-Ave-63111/home/62739357,744.7726843899922,1
https://www.redfin.com/MO/Saint-Louis/5110-Page-Blvd-63113/home/93752372,955.2007697798836,2
https://www.redfin.com/MO/Saint-Louis/2902-Michigan-Ave-63118/home/93692123,628.0114543031177,3
https://www.redfin.com/MO/Saint-Louis/6722-Dolan-Pl-63139/home/93740481,178.43399628651528,1
https://www.redfin.com/MO/Saint-Louis/3530-Wyoming-St-63118/home/93693425,563.813676639792,1
https://www.redfin.com/MO/Saint-Louis/6923-Hillsland-Ave-63109/home/93781333,683.6409684113096,1
https://www.redfin.com/MO/Saint-Louis/5338-Northrup-Ave-63110/home/93726493,679.3089167442397,1
https://www.redfin.com/MO/Saint-Louis/5908-Victoria-Ave-63110/home/93726382,831.4448632378761,3
https://www.redfin.com/MO/Saint-Louis/719-Lami-St-63104/home/62767433,369.73374123974105,1
https://www.redfin.com/MO/Saint-Louis/6601-Lindenwood-Pl-63109/home/93774920,523.0089050458679,1
https://www.redfin.com/MO/St-Louis/3868-Blvd-Heights-Ct-63116/unit-67/home/177018858,663.2952717230622,1
https://www.redfin.com/MO/Saint-Louis/6600-Nottingham-Ave-63109/home/93779654,151.5911055320693,1
https://www.redfin.com/MO/Saint-Louis/4221-Wyoming-St-63116/home/89184043,284.25488903983876,2
https://www.redfin.com/MO/Saint-Louis/5522-Lisette-Ave-63109/home/93776615,798.3340689483599,3
https://www.redfin.com/MO/Saint-Louis/2008-Crittenden-St-63118/home/93699104,1073.166741617093,0
https://www.redfin.com/MO/Saint-Louis/1530-Gregg-Ave-63139/home/93761924,413.61599251197117,2
https://www.redfin.com/MO/Saint-Louis/4674-Rosa-Ave-63116/home/62732768,989.2839566456774,1
https://www.redfin.com/MO/Saint-Louis/1526-E-Linton-Ave-63107/home/93713250,307.3823968478614,2
https://www.redfin.com/MO/Saint-Louis/3718-Humphrey-St-63116/home/93699992,1034.7012447826153,0
https://www.redfin.com/MO/Saint-Louis/6726-Dolan-Pl-63139/home/93740482,168.53053644345064,1
https://www.redfin.com/MO/Saint-Louis/4731-Rosa-Ave-63116/home/93759271,1117.2446968022325,0
https://www.redfin.com/MO/Saint-Louis/5308-Nottingham-Ave-63109/home/93755143,486.0545798408452,1
https://www.redfin.com/MO/Saint-Louis/6830-Lansdowne-Ave-63109/home/93773943,679.775251690201,1
https://www.redfin.com/MO/Saint-Louis/3415-Missouri-Ave-63118/home/93694542,640.1763604968586,1
https://www.redfin.com/MO/Saint-Louis/3911-Potomac-St-63116/home/93729002,954.4294647026155,1
https://www.redfin.com/MO/Saint-Louis/6910-Glades-Ave-63139/home/93741360,242.44022546455045,1
https://www.redfin.com/MO/Saint-Louis/1443-Graham-St-63139/home/93778433,226.37059690313467,2
https://www.redfin.com/MO/Saint-Louis/3944-Keokuk-St-63116/home/93778738,1155.0005652882755,0
https://www.redfin.com/MO/Saint-Louis/416-Fassen-St-63111/home/93708653,568.9127040720447,1
https://www.redfin.com/MO/Saint-Louis/5322-Daggett-Ave-63110/home/93726884,739.7463109524929,2
https://www.redfin.com/MO/Saint-Louis/6263-Odell-St-63139/home/93767966,581.6104201422398,2
https://www.redfin.com/MO/Saint-Louis/4141-Utah-St-63116/home/93729514,152.14538330579023,2
https://www.redfin.com/MO/Saint-Louis/3418-Wisconsin-Ave-63118/home/93680298,729.6123684410079,2
https://www.redfin.com/MO/Saint-Louis/2221-Richert-Pl-63143/home/93741444,870.0647437418459,1
https://www.redfin.com/MO/Saint-Louis/1730-S-10th-St-63104/home/93683838,866.6249475797209,2
https://www.redfin.com/MO/Saint-Louis/3716-N-25th-St-63107/home/93697062,1002.2298999319473,0
https://www.redfin.com/MO/Saint-Louis/3313-Vista-Ave-63104/home/93700928,597.7391737415909,3
https://www.redfin.com/MO/Saint-Louis/1729-Nicholson-Pl-63104/home/93690284,220.76612178383533,6
https://www.redfin.com/MO/Saint-Louis/1319-Lami-St-63104/home/93686447,778.6327959472553,3
https://www.redfin.com/MO/Saint-Louis/2516-Tamm-Ave-63139/home/93743586,876.1452211380018,2
https://www.redfin.com/MO/Saint-Louis/6064-Hancock-Ave-63139/home/93748787,607.4894727491494,2
https://www.redfin.com/MO/Saint-Louis/6024-Columbia-Ave-63139/home/93757210,206.56220282815258,2
https://www.redfin.com/MO/Saint-Louis/7301-Pennsylvania-Ave-63111/home/93710800,600.7803771091519,1
https://www.redfin.com/MO/Saint-Louis/5721-Devonshire-Ave-63109/home/93753128,872.5318077838964,1
https://www.redfin.com/MO/Saint-Louis/3830-Juniata-St-63116/home/93728336,786.5411694677005,1
https://www.redfin.com/MO/Saint-Louis/2609-N-Sarah-St-63113/home/93717240,645.9396439792487,2
https://www.redfin.com/MO/Saint-Louis/7025-Ethel-Ave-63117/home/93760633,479.98398913887786,2
https://www.redfin.com/MO/Saint-Louis/5627-Milentz-Ave-63109/home/93771457,575.8906049046021,2
https://www.redfin.com/MO/Saint-Louis/3948-Dover-Pl-63116/home/93774750,675.3070920389606,1
https://www.redfin.com/MO/Saint-Louis/6551-Smiley-Ave-63139/home/93742291,1302.8369225832182,0
https://www.redfin.com/MO/Saint-Louis/2929-Dodier-St-63107/home/93754632,398.63210716766065,1
https://www.redfin.com/MO/Saint-Louis/625-Walsh-St-63111/home/62743719,600.2945214956518,1
https://www.redfin.com/MO/Saint-Louis/2631-Nebraska-Ave-63118/home/79074333,499.67661105869865,3
https://www.redfin.com/MO/Saint-Louis/6519-Devonshire-Ave-63109/home/93779040,370.61540290486954,1
https://www.redfin.com/MO/Saint-Louis/6308-Winona-Ave-63109/home/93782109,634.9180274126969,2
https://www.redfin.com/MO/Saint-Louis/4422-Vista-Ave-63110/home/169425125,318.4030998678667,4
https://www.redfin.com/MO/Saint-Louis/3834-Rainor-Ct-63116/home/93785343,744.9321940183343,1
https://www.redfin.com/MO/Saint-Louis/7375-Sharp-Ave-63116/home/93784841,486.42152632147025,2
https://www.redfin.com/MO/Saint-Louis/3927-Federer-Pl-63116/home/62740476,583.0211293924965,1
https://www.redfin.com/MO/St-Louis/5809-Park-63147/home/177024550,177.586782946334,1
https://www.redfin.com/MO/Saint-Louis/21-Willmore-Rd-63109/home/93782583,930.087230104061,1
https://www.redfin.com/MO/Saint-Louis/3327-Park-Ave-63104/home/93700901,488.9754051397459,4
https://www.redfin.com/MO/Saint-Louis/3912-Bates-St-63116/home/93781579,953.0501210941742,1
https://www.redfin.com/MO/Saint-Louis/2332-S-Compton-Ave-63104/home/93671850,356.7608358297389,2
https://www.redfin.com/MO/Saint-Louis/4715-Rosa-Ave-63116/home/62717755,1072.527134250904,0
https://www.redfin.com/MO/Saint-Louis/5230-Fairview-Ave-63139/home/93742629,256.1173021214556,3
https://www.redfin.com/MO/Saint-Louis/5217-Fairview-Ave-63139/home/62735421,222.59009043066305,3
https://www.redfin.com/MO/Saint-Louis/3923-Prather-Ave-63109/home/62752555,810.7118369010556,1
https://www.redfin.com/MO/Saint-Louis/6137-Colorado-Ave-63111/home/93709529,662.2523851485046,1
https://www.redfin.com/MO/Saint-Louis/5533-Winona-Ave-63109/home/93782360,583.7607674602104,2
https://www.redfin.com/MO/Saint-Louis/5833-Delor-St-63109/home/62759578,582.9856371681492,2
https://www.redfin.com/MO/Saint-Louis/6323-Alaska-Ave-63111/home/93709337,938.2087207870266,2
https://www.redfin.com/MO/Saint-Louis/4325-Koeln-Ave-63116/home/62765538,444.8693362391517,2
https://www.redfin.com/MO/Saint-Louis/3526-Nebraska-Ave-63118/home/93694855,507.6799105136636,2
https://www.redfin.com/MO/St-Louis/3201-Eads-Ave-63104/unit-1/home/177082425,630.0270294080606,5
https://www.redfin.com/MO/Saint-Louis/4321-Quincy-St-63116/home/93784481,224.39688545060437,2
https://www.redfin.com/MO/Saint-Louis/5736-Winona-Ave-63109/home/93780872,683.6335449937096,2
https://www.redfin.com/MO/Saint-Louis/5250-Sutherland-Ave-63109/home/93752869,162.97814179182012,1
https://www.redfin.com/MO/Saint-Louis/6039-Juniata-St-63139/home/62767316,724.710284770605,2
https://www.redfin.com/MO/Saint-Louis/5101-McCausland-Ave-63109/home/93781547,724.220489772291,1
https://www.redfin.com/MO/Saint-Louis/2106-S-11th-St-63104/home/93686332,839.239090849026,2
https://www.redfin.com/MO/Saint-Louis/6309-Murdoch-Ave-63109/home/93780213,805.4879748551037,1
https://www.redfin.com/MO/Saint-Louis/7714-Vermont-Ave-63111/home/93711101,1052.8185014922394,0
https://www.redfin.com/MO/Saint-Louis/6632-Winnebago-St-63109/home/62711231,743.8608456525398,2
https://www.redfin.com/MO/Saint-Louis/8725-Annetta-Ave-63147/home/93779397,792.617554759828,1
https://www.redfin.com/MO/Saint-Louis/1923-Sublette-Ave-63110/home/93726535,1014.4350425954259,0
https://www.redfin.com/MO/Saint-Louis/2311-Arsenal-St-63118/home/62740985,843.3815023061097,1
https://www.redfin.com/MO/Saint-Louis/4817-Rhodes-Ave-63116/home/93766553,647.2417964330048,1
https://www.redfin.com/MO/Saint-Louis/6823-Minnesota-Ave-63111/home/93710470,350.561496537743,1
https://www.redfin.com/MO/Saint-Louis/6249-Marmaduke-Ave-63139/home/93754730,491.612848305961,2
https://www.redfin.com/MO/Saint-Louis/2701-McNair-Ave-63118/home/93697833,737.8794441921167,3
https://www.redfin.com/MO/Saint-Louis/7005-Trainor-Ct-63116/home/93773352,673.6382350336205,2
https://www.redfin.com/MO/Saint-Louis/4558-Cote-Brilliante-Ave-63113/home/93718835,941.5158969546688,1
https://www.redfin.com/MO/Saint-Louis/3841-Fairview-Ave-63116/home/70323341,1078.030047705469,0
https://www.redfin.com/MO/Saint-Louis/5717-Bartmer-Ave-63112/home/93722564,324.4752836107443,3
https://www.redfin.com/MO/Saint-Louis/4502-Tholozan-Ave-63116/home/93730026,807.257898563537,1
https://www.redfin.com/MO/Saint-Louis/5557-Elizabeth-Ave-63110/home/93772554,728.2617275471497,3
https://www.redfin.com/MO/Saint-Louis/6353-Murdoch-Ave-63109/home/93780222,644.0307515966888,1
https://www.redfin.com/MO/Saint-Louis/3743-Sullivan-Ave-63107/home/93702135,347.411878486215,3
https://www.redfin.com/MO/Saint-Louis/3410-McCausland-Ave-63139/home/62695577,1254.5896349475188,0
https://www.redfin.com/MO/Saint-Louis/8748-Jordan-Ave-63147/home/93782973,1305.0913609967515,0
https://www.redfin.com/MO/Saint-Louis/3143-Ohio-Ave-63118/home/93697079,889.7785075939831,1
https://www.redfin.com/MO/Saint-Louis/6301-Potomac-St-63139/home/62708008,504.15787244879067,2
https://www.redfin.com/MO/Saint-Louis/3442-Potomac-St-63118/home/93695418,1044.0344031689467,0
https://www.redfin.com/MO/Saint-Louis/6518-Parkwood-Pl-63116/home/62708481,718.1228020455868,4
https://www.redfin.com/MO/Saint-Louis/4149-Humphrey-St-63116/unit-4149/home/93679024,76.41024420008361,2
https://www.redfin.com/MO/Saint-Louis/4645-Adkins-Ave-63116/home/93757030,498.70579878962747,2
https://www.redfin.com/MO/Saint-Louis/3937-Russell-Blvd-63110/home/93747580,136.85725341283856,5
https://www.redfin.com/MO/Saint-Louis/1035-Central-Ave-63139/home/93759988,89.94715588035895,1
https://www.redfin.com/MO/Saint-Louis/3808-Olive-St-63108/home/181866746,257.3010406369197,12
https://www.redfin.com/MO/Saint-Louis/1917-S-Compton-Ave-63104/home/62762825,830.5938636231131,4
https://www.redfin.com/MO/Saint-Louis/4607-S-Spring-Ave-63116/home/62727936,603.3689435387796,1
https://www.redfin.com/MO/Saint-Louis/8601-Tara-Ln-63147/home/93732062,913.4863482066747,2
https://www.redfin.com/MO/Saint-Louis/5713-Acme-Ave-63136/home/93421445,625.0593209323805,1
https://www.redfin.com/MO/Saint-Louis/5852-Clemens-Ave-63112/home/93680626,491.27215013319164,4
https://www.redfin.com/MO/Saint-Louis/5431-Elizabeth-Ave-63110/home/93772092,346.076762451896,1
https://www.redfin.com/MO/Saint-Louis/6456-Wade-Ave-63139/home/93740751,273.05689916295785,2
https://www.redfin.com/MO/Saint-Louis/5236-Daggett-Ave-63110/home/62689692,776.2699527985131,2
https://www.redfin.com/MO/Saint-Louis/4120-Haven-St-63116/home/62716855,500.51910366772717,3
https://www.redfin.com/MO/Saint-Louis/4865-Bessie-Ave-63115/home/93733388,642.3418361931881,1
https://www.redfin.com/MO/Saint-Louis/5958-Floy-Ave-63147/home/79024620,493.014926513182,1
https://www.redfin.com/MO/Saint-Louis/4566-Washington-Blvd-63108/home/93676136,289.3603747512054,3
https://www.redfin.com/MO/Saint-Louis/3623-Oregon-Ave-63118/home/93696399,303.65664162707213,2
https://www.redfin.com/MO/Saint-Louis/4108-De-Tonty-St-63110/home/143286953,379.6025118440937,5
https://www.redfin.com/MO/Saint-Louis/4128-De-Tonty-St-63110/home/143286956,322.5547141667447,5
https://www.redfin.com/MO/St-Louis/4201-W-Pine-Blvd-63108/unit-106/home/175152249,317.5031284447136,6
https://www.redfin.com/MO/Saint-Louis/1505-W-Billon-Ave-63139/home/93741494,489.50023018121846,2
https://www.redfin.com/MO/Saint-Louis/3411-Vista-Ave-63104/home/93700939,501.0940862297628,4
https://www.redfin.com/MO/Saint-Louis/6927-Sutherland-Ave-63109/home/181867591,954.3060101592637,1
https://www.redfin.com/MO/Saint-Louis/3253-Texas-Ave-63118/home/62699239,1075.268333213639,0
https://www.redfin.com/MO/Saint-Louis/2208-Chippewa-St-63118/home/93696777,342.8020328016321,3
https://www.redfin.com/MO/Saint-Louis/7344-Sharp-Ave-63116/home/93785078,453.1067636449883,2
https://www.redfin.com/MO/Saint-Louis/2223-Sublette-Ave-63110/home/93772621,591.6702246169284,1
https://www.redfin.com/MO/Saint-Louis/3506-Pennsylvania-Ave-63118/home/93694885,572.2617472575145,1
https://www.redfin.com/MO/Saint-Louis/4424-Randall-Pl-63107/home/93703512,1003.3891152055272,0
https://www.redfin.com/MO/Saint-Louis/4866-Carter-Ave-63115/home/93733318,831.2024636671518,1
https://www.redfin.com/MO/Saint-Louis/1524-Deer-St-63113/home/93718743,786.1030471087114,1
https://www.redfin.com/MO/Saint-Louis/4319-California-Ave-63111/home/93705736,420.7231258262086,4
https://www.redfin.com/MO/Saint-Louis/4737-Beacon-Ave-63120/home/62724376,614.370147159088,1
https://www.redfin.com/MO/Saint-Louis/3819-Kossuth-Ave-63107/home/93715026,765.2944115220157,2
https://www.redfin.com/MO/Saint-Louis/5168-Vernon-Ave-63113/home/93752401,645.1193332636597,1
https://www.redfin.com/MO/Saint-Louis/2028-Destrehan-St-63107/home/93688743,494.0143588884915,4
https://www.redfin.com/MO/Saint-Louis/3615-Virginia-Ave-63118/home/93695713,667.2834437537604,1
https://www.redfin.com/MO/Saint-Louis/2349-S-Compton-Ave-63104/home/93691981,320.0370378181139,1
https://www.redfin.com/MO/Saint-Louis/4728-Primm-St-63116/home/93775511,1235.877712311043,0
https://www.redfin.com/MO/Saint-Louis/1131-Angelica-St-63107/home/93702897,507.1536294751396,2
https://www.redfin.com/MO/Saint-Louis/215-N-Sarah-St-63108/unit-11/home/182774033,372.25678103465197,5
https://www.redfin.com/MO/St-Louis/2231-Hickory-63104/home/173772914,977.9477774685126,1
https://www.redfin.com/MO/Saint-Louis/2630-S-11th-St-63118/home/93686926,449.4630421975886,1
https://www.redfin.com/MO/Saint-Louis/5306-Wilson-Ave-63110/home/178545804,595.1172266777301,1
https://www.redfin.com/MO/Saint-Louis/4461-Dewey-Ave-63116/home/93730857,538.278808063392,1
https://www.redfin.com/MO/Saint-Louis/4501-Oregon-Ave-63111/home/93706556,835.4502194005966,3
https://www.redfin.com/MO/Saint-Louis/5204-Cabanne-Ave-63113/home/93745396,343.4304032514286,1
https://www.redfin.com/MO/Saint-Louis/9139-Edna-St-63137/home/93782309,599.2711433688518,1
https://www.redfin.com/MO/Saint-Louis/5054-Fyler-Ave-63139/home/93777184,127.53637459728749,4
https://www.redfin.com/MO/Saint-Louis/5304-Wilson-Ave-63110/home/178545736,597.1121092350946,2
https://www.redfin.com/MO/Saint-Louis/2113-Boardman-St-63110/home/173620159,859.6734955087438,2
https://www.redfin.com/MO/Saint-Louis/6119-Alabama-Ave-63111/home/93709140,587.617208038095,1
https://www.redfin.com/MO/Saint-Louis/10102-Lookaway-Dr-63137/home/93785916,6186.087721296493,0
https://www.redfin.com/MO/Saint-Louis/6603-Villa-Ave-63139/home/93750101,634.6160057491305,4
https://www.redfin.com/MO/Saint-Louis/4107-Oleatha-Ave-63116/home/93728793,769.9581445764129,1
https://www.redfin.com/MO/Saint-Louis/3325-Itaska-St-63111/home/93707074,914.8023366487045,1
https://www.redfin.com/MO/Saint-Louis/5206-Morganford-Rd-63116/home/93773998,122.96498388409623,1
https://www.redfin.com/MO/Saint-Louis/3005-Lemp-Ave-63118/home/93698988,1248.2922857627832,0
https://www.redfin.com/MO/Saint-Louis/5327-West-Ave-63116/home/93761672,690.800792724426,1
https://www.redfin.com/MO/Saint-Louis/6832-Dale-Ave-63139/home/93740616,626.8276608375154,2
https://www.redfin.com/MO/Saint-Louis/2704-Stoddard-St-63106/home/93686858,278.00487575899626,8
https://www.redfin.com/MO/Saint-Louis/4316-Alma-Ave-63116/home/62709511,613.9408578954861,3
https://www.redfin.com/MO/Saint-Louis/4610-Lexington-Ave-63115/home/93735673,372.2016469691615,2
https://www.redfin.com/MO/Saint-Louis/5249-Vernon-Ave-63113/home/93710058,557.728083171612,2
https://www.redfin.com/MO/Saint-Louis/3963-Palm-St-63107/home/93753891,350.7848972183827,2
https://www.redfin.com/MO/Saint-Louis/5658-Maffitt-Ave-63112/home/93754248,379.91790904178373,1
https://www.redfin.com/MO/Saint-Louis/3616-Osceola-St-63116/home/93706464,702.2812362589403,2
https://www.redfin.com/MO/Saint-Louis/4129-Enright-Ave-63108/home/93745145,463.20754484760346,7
https://www.redfin.com/MO/Saint-Louis/4606-Wherry-Ave-63109/home/93753230,343.7046948918288,1
https://www.redfin.com/MO/Saint-Louis/2235-Missouri-Ave-63104/home/93690901,229.06879840315526,5
https://www.redfin.com/MO/Saint-Louis/2023-Sidney-St-63104/home/93671861,864.2164370577539,4
https://www.redfin.com/MO/Saint-Louis/5109-Cote-Brilliante-Ave-63113/home/93738127,280.3616031297162,1
https://www.redfin.com/MO/Saint-Louis/5052-Plover-Ave-63120/home/93759787,586.1433859911735,3
https://www.redfin.com/MO/Saint-Louis/8528-Riverview-Blvd-63147/home/62717280,997.9187285071973,1
https://www.redfin.com/MO/Saint-Louis/8508-Drury-Ln-63147/home/93732315,699.1333931624343,1
https://www.redfin.com/MO/Saint-Louis/8050-Morganford-Rd-63123/home/93784188,1320.229614208117,0
https://www.redfin.com/MO/Saint-Louis/1827-Kennett-Pl-63104/home/62712447,240.04002832174967,5
https://www.redfin.com/MO/Saint-Louis/11-Henrietta-Pl-63104/home/93700466,101.03008731526799,3
https://www.redfin.com/MO/Saint-Louis/4146-Concordia-Ave-63116/home/93770979,590.5810408638987,2
https://www.redfin.com/MO/Saint-Louis/4481-Vista-Ave-63110/home/93726085,533.4279240630896,5
https://www.redfin.com/MO/Saint-Louis/4025-Tholozan-Ave-63116/home/93728643,1067.4940546905118,0
https://www.redfin.com/MO/Saint-Louis/4095-Concordia-Ave-63116/home/93761979,556.2514284391646,2
https://www.redfin.com/MO/Saint-Louis/5046-Enright-Ave-63108/home/93744589,657.2704902220823,4
https://www.redfin.com/MO/Saint-Louis/4275-E-Ashland-Ave-63115/home/93735095,775.5239489762038,2
https://www.redfin.com/MO/Saint-Louis/6609-Pennsylvania-Ave-63111/home/93681591,685.9792781128477,1
https://www.redfin.com/MO/Saint-Louis/3743-Palm-St-63107/home/93702207,196.01073349431164,2
https://www.redfin.com/MO/Saint-Louis/4315-Oregon-Ave-63111/home/93705764,397.25146576667345,4
https://www.redfin.com/MO/Saint-Louis/3725-Minnesota-Ave-63118/home/93695864,218.8406123138387,1
https://www.redfin.com/MO/Saint-Louis/4101-W-Pine-Blvd-63108/unit-2/home/187671438,392.0926370152947,5
https://www.redfin.com/MO/Saint-Louis/5716-Minnesota-Ave-63111/home/93708383,834.6035777259611,1
https://www.redfin.com/MO/Saint-Louis/1440-S-18th-St-63104/home/93689711,285.19603699213536,5
https://www.redfin.com/MO/Saint-Louis/4528-Pennsylvania-Ave-63111/home/93706541,860.4714299392003,2
https://www.redfin.com/MO/Saint-Louis/2633-Wyoming-St-63118/home/79160574,1056.0135938533062,0
https://www.redfin.com/MO/Saint-Louis/2625-Armand-Pl-63104/home/93690833,120.86282465786793,5
https://www.redfin.com/MO/Saint-Louis/8784-N-Broadway-63147/home/93766301,1532.6920578768659,0
https://www.redfin.com/MO/Saint-Louis/4862-San-Francisco-Ave-63115/home/93732725,841.4143709049471,4
https://www.redfin.com/MO/Saint-Louis/1212-Dolman-St-63104/home/62779976,193.7316364717758,4
https://www.redfin.com/MO/Saint-Louis/6214-Fyler-Ave-63139/home/93743114,873.8880372898367,2
https://www.redfin.com/MO/Saint-Louis/3125-Potomac-St-63118/home/93695053,706.3731513129216,2
https://www.redfin.com/MO/Saint-Louis/4903-Michigan-Ave-63111/home/93707643,1100.3074208645555,0
https://www.redfin.com/MO/Saint-Louis/2129-E-Gano-Ave-63107/home/93712548,81.87888910568036,2
https://www.redfin.com/MO/Saint-Louis/3834-De-Tonty-St-63110/home/93760785,395.43799300076927,3
https://www.redfin.com/MO/Saint-Louis/3716-Carondelet-Blvd-63123/home/93712317,1211.3499323872143,0
https://www.redfin.com/MO/Saint-Louis/8117-Reilly-Ave-63111/home/93711411,1865.9305537336998,0
https://www.redfin.com/MO/Saint-Louis/6448-Clifton-Hills-Dr-63139/home/92910361,967.4144922206174,2
https://www.redfin.com/MO/Saint-Louis/3916-Nebraska-Ave-63118/home/93704270,497.86002020697254,4
https://www.redfin.com/MO/Saint-Louis/1422-McCausland-Ave-63117/home/93740571,655.5709330211547,2
https://www.redfin.com/MO/Saint-Louis/5915-Era-Ave-63147/home/93768913,320.5870229742354,1
https://www.redfin.com/MO/Saint-Louis/5909-Hampton-Ave-63109/home/169429165,245.87986320797904,2
https://www.redfin.com/MO/Saint-Louis/8516-Church-Rd-63147/home/93754422,1273.248859626362,0
https://www.redfin.com/MO/Saint-Louis/8922-Edna-St-63147/home/93731544,654.6095686873077,1
https://www.redfin.com/MO/Saint-Louis/3966-Lexington-Ave-63107/home/93753754,200.99047285480236,2
https://www.redfin.com/MO/Saint-Louis/4035-California-Ave-63118/home/93705019,313.29125175999167,5
https://www.redfin.com/MO/Saint-Louis/7617-Ivory-Ave-63111/home/93673560,900.3403509561964,1
https://www.redfin.com/MO/Saint-Louis/4627-Adkins-Ave-63116/home/93757025,562.4593286447266,2
https://www.redfin.com/MO/Saint-Louis/4822-Milentz-Ave-63116/home/93766469,710.7038437301615,1
https://www.redfin.com/MO/Saint-Louis/7426-S-Grand-Ave-63111/home/93710837,1075.0748551119473,0
https://www.redfin.com/MO/Saint-Louis/5639-Bancroft-Ave-63109/home/62757593,731.1533886243325,2
https://www.redfin.com/MO/Saint-Louis/1387-Temple-Pl-63112/home/93722303,684.1759596919132,1
https://www.redfin.com/MO/Saint-Louis/1111-Forest-Ave-63139/home/93759915,233.93752004979288,1
https://www.redfin.com/MO/Saint-Louis/3208-N-Dakota-St-63111/home/93705940,505.60907648522243,2
https://www.redfin.com/MO/Saint-Louis/4311-Loughborough-Ave-63116/home/93771844,297.6192697117783,2
https://www.redfin.com/MO/Saint-Louis/5741-Floy-Ave-63136/home/93765383,414.29175268289896,1
https://www.redfin.com/MO/Saint-Louis/5254-Maple-Ave-63113/home/93710061,634.6388791029476,2
https://www.redfin.com/MO/Saint-Louis/4143-Peck-St-63107/home/93702871,786.1637004097781,1
https://www.redfin.com/MO/Saint-Louis/5542-Era-Ave-63136/home/93770051,661.8638875367176,1
https://www.redfin.com/MO/Saint-Louis/1312-Sullivan-Ave-63107/home/169424164,255.5726634692538,3
https://www.redfin.com/MO/Saint-Louis/5532-Lansdowne-Ave-63109/home/93752944,328.23828660647706,1
https://www.redfin.com/MO/Saint-Louis/3447-Dunnica-Ave-63118/home/62700025,938.3833002181957,1
https://www.redfin.com/MO/Saint-Louis/4604-Varrelmann-Ave-63116/home/62755287,633.6916183459974,2
https://www.redfin.com/MO/Saint-Louis/3119-Iowa-Ave-63118/home/93697147,790.8153028349928,1
https://www.redfin.com/MO/Saint-Louis/2907-Salena-St-63118/home/62747655,1120.4892553627863,0
https://www.redfin.com/MO/Saint-Louis/2909-Minnesota-Ave-63118/home/93692124,650.1012734110943,3
https://www.redfin.com/MO/Saint-Louis/1405-Missouri-Ave-63104/home/93700552,744.489075917318,2
https://www.redfin.com/MO/Saint-Louis/2715-Meramec-St-63118/home/93705047,124.83956926873685,3
https://www.redfin.com/MO/Saint-Louis/2350-Hickory-St-63104/home/93700618,816.4328700903839,1
https://www.redfin.com/MO/Saint-Louis/4634-Tyrolean-Ave-63116/home/93759225,347.87013791626595,2
https://www.redfin.com/MO/Saint-Louis/7204-Emilie-St-63143/home/93743144,1856.0009064617186,0
https://www.redfin.com/MO/Saint-Louis/5807-Columbia-Ave-63139/home/93741629,598.5592591018666,3
https://www.redfin.com/MO/Saint-Louis/4735-Tennessee-Ave-63111/home/93707179,423.6108394843185,1
https://www.redfin.com/MO/Saint-Louis/3159-Nebraska-Ave-63118/home/93693209,621.1993806437093,1
https://www.redfin.com/MO/Saint-Louis/6481-Westway-Rd-63109/home/93782718,939.4153953147126,2
https://www.redfin.com/MO/Saint-Louis/3862-Neosho-St-63116/home/93730902,597.7055511664245,1
https://www.redfin.com/MO/Saint-Louis/1225-Mackay-Pl-63104/home/93701075,832.0355197311227,3
https://www.redfin.com/MO/Saint-Louis/5309-Lindenwood-Ave-63109/home/93781770,619.6700654401718,2
https://www.redfin.com/MO/Saint-Louis/4610-Leona-St-63116/home/93769637,946.9189120649273,1
https://www.redfin.com/MO/Saint-Louis/4317-Enright-Ave-63108/home/93739851,421.02638475452693,3
https://www.redfin.com/MO/Saint-Louis/7036-Canterbury-Ave-63143/home/169427487,1827.9734028771425,0
https://www.redfin.com/MO/Saint-Louis/4717-Hannover-Ave-63123/home/93557427,1815.0355767627827,0
https://www.redfin.com/MO/Saint-Louis/4946-Margaretta-Ave-63115/home/93761329,493.87350177640474,3
https://www.redfin.com/MO/Saint-Louis/4616-S-38th-St-63116/home/93767578,445.2319761396492,1
https://www.redfin.com/MO/Saint-Louis/4238-Cleveland-Ave-63110/home/93746805,373.6867456306126,3
https://www.redfin.com/MO/Saint-Louis/6279-Magnolia-Ave-63139/home/93743624,622.2739653066951,2
https://www.redfin.com/MO/Saint-Louis/4069-Germania-St-63116/home/93784832,697.4778990368577,2
https://www.redfin.com/MO/Saint-Louis/2706-Osage-St-63118/home/63473643,211.92421169141406,5
https://www.redfin.com/MO/Saint-Louis/8946-Halls-Ferry-Rd-63147/home/93731503,348.74555881002937,1
https://www.redfin.com/MO/Saint-Louis/3100-Rolla-Pl-63115/home/93736126,553.1720241197046,2
https://www.redfin.com/MO/Saint-Louis/5601-Vernon-Ave-63112/home/93709977,117.36603366931358,3
https://www.redfin.com/MO/Saint-Louis/4669-Allemania-St-63116/home/93776458,1252.3021551047916,0
https://www.redfin.com/MO/St-Louis/1920-Park-Ave-63104/home/186511117,517.2864382560294,4
https://www.redfin.com/MO/Saint-Louis/7136-Mardel-Ave-63109/home/93748002,1825.7851001139657,0
https://www.redfin.com/MO/Saint-Louis/3618-Hydraulic-Ave-63116/home/93766185,1469.8769113331693,0
https://www.redfin.com/MO/Saint-Louis/3238-Tennyson-Sq-63143/home/93751158,2037.5676305732723,0
https://www.redfin.com/MO/Saint-Louis/853-Nassau-Dr-63147/home/93783366,1217.8019007864382,0
https://www.redfin.com/MO/Saint-Louis/3732-Blair-Ave-63107/home/182003302,236.97577010530827,2
https://www.redfin.com/MO/Saint-Louis/4247-Cleveland-Ave-63110/home/93746897,436.46700254305307,3
https://www.redfin.com/MO/Saint-Louis/5638-Murdoch-Ave-63109/home/93753511,776.941531335866,1
https://www.redfin.com/MO/Saint-Louis/3730-Blair-Ave-63107/home/93689327,224.98156924217272,2
https://www.redfin.com/MO/Saint-Louis/5022-Daggett-Ave-63110/home/185740444,695.8067467786585,1
https://www.redfin.com/MO/Saint-Louis/4066-Bates-St-63116/home/93761900,765.3074300091893,2
https://www.redfin.com/MO/St-Louis/2247-Gravois-Ave-63104/home/195989609,349.2771473632786,5
https://www.redfin.com/MO/Saint-Louis/6214-Oleatha-Ave-63139/home/93775350,329.8810732056138,2
https://www.redfin.com/MO/Saint-Louis/4202-E-Carter-Ave-63115/home/93714767,360.7949012675683,1
https://www.redfin.com/MO/Saint-Louis/5234-Morganford-Rd-63116/home/62743619,218.75043042588354,1
https://www.redfin.com/MO/Saint-Louis/4471-S-Spring-Ave-63116/home/93730980,648.5019563732154,1
https://www.redfin.com/MO/Saint-Louis/6608-Idaho-Ave-63111/home/93709882,578.019546017338,1
https://www.redfin.com/MO/Saint-Louis/3808-Primm-St-63123/home/93785180,1221.2944297928684,0
https://www.redfin.com/MO/Saint-Louis/2021-Boardman-St-63110/home/173620190,788.2092493767366,2
https://www.redfin.com/MO/Saint-Louis/4025-Lexington-Ave-63107/home/93753787,214.19802710227054,2
https://www.redfin.com/MO/Saint-Louis/1946-Arlington-Ave-63112/home/93738636,1120.5799901852133,0
https://www.redfin.com/MO/Saint-Louis/2209-Edwards-St-63110/home/93727459,425.2394212487307,1
https://www.redfin.com/MO/Saint-Louis/5227-Ulena-Ave-63116/home/93757700,833.2661045264131,1
https://www.redfin.com/MO/Saint-Louis/2609-Macklind-Ave-63139/home/93727445,210.71697877015282,1
https://www.redfin.com/MO/Saint-Louis/5809-Pershing-Ave-63112/home/93762478,563.3639615212156,3
https://www.redfin.com/MO/Saint-Louis/7100-Idaho-Ave-63111/home/93710286,324.80201236210274,1
https://www.redfin.com/MO/Saint-Louis/3130-Russell-Blvd-63104/home/93690970,718.6775050612118,1
https://www.redfin.com/MO/Saint-Louis/3820-Shaw-Blvd-63110/home/93747197,348.5225144868671,3
https://www.redfin.com/MO/Saint-Louis/4246-N-Taylor-Ave-63115/home/93734461,761.234873687518,2
https://www.redfin.com/MO/Saint-Louis/4112-W-Belle-Pl-63108/home/93745157,446.2856885492678,7
https://www.redfin.com/MO/Saint-Louis/7509-S-Grand-Ave-63111/home/93712219,1170.4064069137185,0
https://www.redfin.com/MO/Saint-Louis/4845-Fountain-Ave-63113/home/93720369,139.64856788295168,2
https://www.redfin.com/MO/Saint-Louis/2810-Arlington-Ave-63120/home/93738400,1198.2833945109292,0
https://www.redfin.com/MO/Saint-Louis/2222-S-12th-St-63104/home/62726504,721.101261802394,2
https://www.redfin.com/MO/Saint-Louis/7826-Carlsbad-Dr-63123/home/64336757,1131.5935702162128,0
https://www.redfin.com/MO/Saint-Louis/4525-Page-Blvd-63113/home/66080626,445.3400022760647,2
https://www.redfin.com/MO/Saint-Louis/4985-Loughborough-Ave-63109/home/62748010,445.8519324246056,1
https://www.redfin.com/MO/Saint-Louis/6922-Magnolia-Ave-63143/home/93743673,1195.3636580326252,0
https://www.redfin.com/MO/Saint-Louis/1347-Graham-St-63139/home/62738008,145.61188166173696,2
https://www.redfin.com/MO/Saint-Louis/4413-Olive-St-63108/home/93739919,286.50878085196854,5
https://www.redfin.com/MO/Saint-Louis/3208-Henrietta-St-63104/home/169424254,630.0592495960241,3
https://www.redfin.com/MO/Saint-Louis/5730-Clemens-Ave-63112/home/93672371,600.3660942310462,5
https://www.redfin.com/MO/Saint-Louis/3649-Wisconsin-Ave-63118/home/103204410,294.41961672121755,2
https://www.redfin.com/MO/Saint-Louis/2034-Ann-Ave-63104/home/93691275,262.3061277903513,5
https://www.redfin.com/MO/Saint-Louis/2115-Cherokee-St-63118/home/93694018,742.2724996887355,1
https://www.redfin.com/MO/Saint-Louis/1113-Washington-Ave-63101/unit-607/home/93676722,586.0883176459282,3
https://www.redfin.com/MO/Saint-Louis/6928-Minnesota-Ave-63111/home/93710123,358.7155420432008,1
https://www.redfin.com/MO/Saint-Louis/2326-Park-Ave-63104/home/93700520,667.1184114645856,2
https://www.redfin.com/MO/Saint-Louis/5530-Columbia-Ave-63139/home/93727282,488.31354170914557,3
https://www.redfin.com/MO/Saint-Louis/4615-Maryland-Ave-63108/home/93724743,593.7777025180799,5
https://www.redfin.com/MO/Saint-Louis/2806-Keokuk-St-63118/home/93704247,519.8098463402897,5
https://www.redfin.com/MO/Saint-Louis/1925-Pestalozzi-St-63118/home/93691642,1138.466565245437,0
https://www.redfin.com/MO/Saint-Louis/8738-Partridge-Ave-63147/home/93779453,652.2037178350121,1
https://www.redfin.com/MO/Saint-Louis/3939-Itaska-St-63116/home/93769642,807.6325176825725,1
https://www.redfin.com/MO/Saint-Louis/2721-Watson-Rd-63139/home/93773015,132.05816498978075,2
https://www.redfin.com/MO/Saint-Louis/2139-Sidney-St-63104/home/103204375,600.9459818287405,5
https://www.redfin.com/MO/Saint-Louis/4762-Plover-Ave-63120/home/93761810,732.833916850821,1
https://www.redfin.com/MO/Saint-Louis/10211-Lookaway-Dr-63137/home/93779439,6587.719572779953,0
https://www.redfin.com/MO/Saint-Louis/948-Harlan-Ave-63147/home/93759860,904.4873733456213,1
https://www.redfin.com/MO/Saint-Louis/3325-Park-Ave-63104/home/93700900,492.20964356547665,4
https://www.redfin.com/MO/Saint-Louis/2862-Indiana-Ave-63118/home/143286489,663.5530166106995,1
https://www.redfin.com/MO/Saint-Louis/6201-Winona-Ave-63109/home/93782126,529.886615114284,2
https://www.redfin.com/MO/Saint-Louis/2300-Saint-Louis-Ave-63106/home/93687965,1192.0923754149464,0
https://www.redfin.com/MO/Saint-Louis/4486-Laclede-Ave-63108/unit-4486/home/93671100,161.40859348598906,5
https://www.redfin.com/MO/Saint-Louis/3204-Liberty-St-63111/home/93707108,1084.375438625163,0
https://www.redfin.com/MO/Saint-Louis/5339-Shaw-Ave-63110/home/93726863,811.3099498188693,2
https://www.redfin.com/MO/Saint-Louis/6165-Laura-Ave-63136/home/93762305,1741.6858882202068,0
https://www.redfin.com/MO/Saint-Louis/4246-Botanical-Ave-63110/home/93672487,121.35688761838666,2
https://www.redfin.com/MO/Saint-Louis/6124-Marwinette-Ave-63116/home/93773762,262.6707180905578,1
https://www.redfin.com/MO/Saint-Louis/3522-Wisconsin-Ave-63118/home/62690727,489.9971075947365,2
https://www.redfin.com/MO/Saint-Louis/814-Wall-St-63147/home/93761143,1352.1344027757023,0
https://www.redfin.com/MO/Saint-Louis/4068-Wilmington-Ave-63116/home/93770834,362.8198412365355,1
https://www.redfin.com/MO/Saint-Louis/2936-Greer-Ave-63107/home/93754589,478.13346411272414,1
https://www.redfin.com/MO/Saint-Louis/2131-McCausland-Ave-63143/home/93744169,632.8006688253524,1
https://www.redfin.com/MO/Saint-Louis/4632-Maryland-Ave-63108/home/93724535,707.0369354731235,4
https://www.redfin.com/MO/Saint-Louis/105-River-City-Blvd-63125/home/93712194,1590.6881323251882,0
https://www.redfin.com/MO/Saint-Louis/6737-Odell-St-63139/home/93743861,1572.3587074535694,0
https://www.redfin.com/MO/Saint-Louis/2916-Hereford-St-63139/home/93727841,291.2161295575076,5
https://www.redfin.com/MO/Saint-Louis/5950-Lalite-Ave-63136/home/93758755,1443.1611581090176,0
https://www.redfin.com/MO/Saint-Louis/3615-Nebraska-Ave-63118/home/93696375,290.5698628670186,2
https://www.redfin.com/MO/Saint-Louis/3220-Itaska-St-63111/home/62766259,1144.0669980628934,0
https://www.redfin.com/MO/Saint-Louis/4431-Vista-Ave-63110/home/93726100,341.91509769122024,4
https://www.redfin.com/MO/Saint-Louis/3004-Indiana-Ave-63118/home/62756058,828.798284233089,1
https://www.redfin.com/MO/Saint-Louis/4747-Ray-Ave-63116/home/93768345,454.73942671076844,1
https://www.redfin.com/MO/Saint-Louis/423-Christian-Ave-63147/home/93754312,2343.9164760226818,0
https://www.redfin.com/MO/Saint-Louis/1721-Lafayette-Ave-63104/home/93689721,267.638316443119,5
https://www.redfin.com/MO/Saint-Louis/5341-Goodfellow-Blvd-63136/home/93745621,1154.94921322017,0
https://www.redfin.com/MO/Saint-Louis/3017-Osage-St-63118/home/93704370,532.5284582115887,5
https://www.redfin.com/MO/Saint-Louis/3938-Nebraska-Ave-63118/home/93704261,585.3069803199196,5
https://www.redfin.com/MO/Saint-Louis/3744-Illinois-Ave-63118/home/93696920,322.1228843257832,3
https://www.redfin.com/MO/Saint-Louis/6659-Pernod-Ave-63139/home/93778944,552.4479576623236,1
https://www.redfin.com/MO/Saint-Louis/4141-Bowen-St-63116/home/93776391,321.8420708305266,1
https://www.redfin.com/MO/Saint-Louis/2219-Edwards-St-63110/home/93727463,385.1781350319226,1
https://www.redfin.com/MO/Saint-Louis/4614-Varrelmann-Ave-63116/home/93757033,591.794745474376,2
https://www.redfin.com/MO/Saint-Louis/5307-Ruskin-Ave-63115/home/93684066,792.4495540361788,3
https://www.redfin.com/MO/Saint-Louis/4355-Osceola-St-63116/home/93772008,304.03971362889456,1
https://www.redfin.com/MO/Saint-Louis/5436-Holly-Hills-Ave-63109/home/93771509,845.418939475432,2
https://www.redfin.com/MO/Saint-Louis/6911-Wise-Ave-63139/home/62725421,319.45724698245056,1
https://www.redfin.com/MO/Saint-Louis/4429-Vista-Ave-63110/home/93726101,329.2491045794845,4
https://www.redfin.com/MO/Saint-Louis/3022-Wyoming-St-63118/home/93693610,475.72030817014274,1
https://www.redfin.com/MO/Saint-Louis/4521-Tholozan-Ave-63116/home/93756351,898.2415637099813,1
https://www.redfin.com/MO/Saint-Louis/4126-Page-Blvd-63113/home/93719234,505.9133247814574,2
https://www.redfin.com/MO/Saint-Louis/1132-Washington-Ave-63101/unit-501/home/93677570,612.2592690760085,3
https://www.redfin.com/MO/Saint-Louis/2924-McNair-Ave-63118/home/143286569,987.3087722461684,1
https://www.redfin.com/MO/Saint-Louis/1552-Switzer-Ave-63147/home/93732283,963.0653169253118,1
https://www.redfin.com/MO/Saint-Louis/4728-Hammett-Pl-63113/home/64245033,922.7725338755088,1
https://www.redfin.com/MO/Saint-Louis/1844-Russell-Blvd-63104/home/63123378,298.1776461204735,5
https://www.redfin.com/MO/Saint-Louis/2016-Schaeffer-Pl-63139/home/93741312,555.745584245683,1
https://www.redfin.com/MO/Saint-Louis/4532-Ray-Ave-63116/home/93755927,926.6743043972587,1
https://www.redfin.com/MO/Saint-Louis/4451-Washington-Blvd-63108/home/93720058,227.7442230282188,5
https://www.redfin.com/MO/Saint-Louis/3555-S-Spring-Ave-63116/home/93730508,1433.5950810043562,0
https://www.redfin.com/MO/Saint-Louis/5301-Loughborough-Ave-63109/home/93774361,694.4148630481848,1
https://www.redfin.com/MO/Saint-Louis/3521-Kingsland-Ct-63111/home/93705438,382.32736294584095,2
https://www.redfin.com/MO/Saint-Louis/6012-Clemens-Ave-63112/home/93739280,498.41417476023884,4
https://www.redfin.com/MO/Saint-Louis/8553-Mora-Ln-63147/home/93732436,707.9621483033285,1
https://www.redfin.com/MO/Saint-Louis/3830-Ohio-Ave-63118/home/93696557,555.9334029603657,5
https://www.redfin.com/MO/Saint-Louis/5335-Shaw-Ave-63110/home/93726864,793.5871093500772,2
https://www.redfin.com/MO/Saint-Louis/3436-Minnesota-Ave-63118/home/93694953,742.1974761993771,2
https://www.redfin.com/MO/Saint-Louis/2614-Bennett-Ct-63139/home/62732436,1004.2413546447974,0
https://www.redfin.com/MO/Saint-Louis/4740-Alaska-Ave-63111/home/93707280,760.5772442793206,2
https://www.redfin.com/MO/Saint-Louis/4648-S-Compton-Ave-63111/home/62733822,1068.9439826984678,0
https://www.redfin.com/MO/Saint-Louis/5319-N-Kingshighway-Blvd-63115/home/93752088,1107.159853445468,0
https://www.redfin.com/MO/Saint-Louis/5124-Lotus-Ave-63113/home/93738014,332.5135022626626,1
https://www.redfin.com/MO/Saint-Louis/4607-Lee-Ave-63115/home/93734198,753.3719213057055,1
https://www.redfin.com/MO/Saint-Louis/4239-Neosho-St-63116/home/93772457,604.2161091840966,2
https://www.redfin.com/MO/Saint-Louis/3720-Comstock-Dr-63125/home/93712282,1640.8146405268387,0
https://www.redfin.com/MO/Saint-Louis/6046-Mardel-Ave-63109/home/93785420,215.08872487112512,2
https://www.redfin.com/MO/Saint-Louis/1547-Hornsby-Ave-63147/home/93731773,279.4607416775993,1
https://www.redfin.com/MO/Saint-Louis/3546-Bamberger-Ave-63116/home/93730427,1340.1892965944846,0
https://www.redfin.com/MO/Saint-Louis/3860-Blow-St-63116/home/93676866,712.0229108123311,1
https://www.redfin.com/MO/Saint-Louis/2035-Ann-Ave-63104/home/90358855,200.72724631701385,5
https://www.redfin.com/MO/Saint-Louis/2739-Allen-Ave-63104/home/103203640,440.0025763009813,4
https://www.redfin.com/MO/Saint-Louis/3458-Utah-St-63118/home/93683402,608.4902755171994,1
https://www.redfin.com/MO/Saint-Louis/5736-Goethe-Ave-63109/home/62757055,329.69213066307776,2
https://www.redfin.com/MO/Saint-Louis/4244-Olive-St-63108/home/62713382,682.0976618277231,6
https://www.redfin.com/MO/Saint-Louis/3824-Berger-Ave-63109/home/93779112,1055.8170876976399,0
https://www.redfin.com/MO/Saint-Louis/5847-Hampton-Ave-63109/home/93777692,283.08848655043766,2
https://www.redfin.com/MO/Saint-Louis/4930-Botanical-Ave-63110/home/93744339,585.3877251326204,3
https://www.redfin.com/MO/Saint-Louis/5608-Murdoch-Ave-63109/home/93753513,674.155549109847,1
https://www.redfin.com/MO/Saint-Louis/5110-Southwest-Ave-63110/home/93743955,567.743903141954,3
https://www.redfin.com/MO/Saint-Louis/4935-Robert-Ave-63109/home/93771052,844.3001119598825,1
https://www.redfin.com/MO/Saint-Louis/4004-Walsh-St-63116/home/62709374,723.7440733679888,1
https://www.redfin.com/MO/Saint-Louis/4324-Virginia-Ave-63111/home/93705835,219.62256911056306,2
https://www.redfin.com/MO/Saint-Louis/3543-Nebraska-Ave-63118/home/93694799,440.1264567037318,1
https://www.redfin.com/MO/Saint-Louis/5308-Wilson-Ave-63110/home/93726811,596.1296241651396,1
https://www.redfin.com/MO/Saint-Louis/3907-Delor-St-63116/home/93750314,711.7111473058737,1
https://www.redfin.com/MO/Saint-Louis/3021-Henrietta-St-63104/home/93700423,583.6860584584117,3
https://www.redfin.com/MO/Saint-Louis/3323-Iowa-Ave-63118/home/93693780,1047.7428026027922,0
https://www.redfin.com/MO/Saint-Louis/3870-Utah-Pl-63116/home/93684326,858.2185621336579,2
https://www.redfin.com/MO/Saint-Louis/4132-Hartford-St-63116/home/93749859,254.01652018280978,3
https://www.redfin.com/MO/Saint-Louis/3521-Salena-St-63118/home/93694483,535.3539001279177,2
https://www.redfin.com/MO/Saint-Louis/8316-Pennsylvania-Ave-63111/home/93711893,1920.6892659709554,0
https://www.redfin.com/MO/Saint-Louis/4081-Bowen-St-63116/home/93770847,148.12421855475748,1
https://www.redfin.com/MO/Saint-Louis/5418-Elizabeth-Ave-63110/home/93771692,281.3534782413393,1
https://www.redfin.com/MO/Saint-Louis/2215-Hickory-St-63104/home/181866117,955.7246227335614,1
https://www.redfin.com/MO/Saint-Louis/3104-Providence-Pl-63111/home/93705550,259.42073003842125,3
https://www.redfin.com/MO/Saint-Louis/6553-Winnebago-St-63109/home/93775084,580.4131771535666,2
https://www.redfin.com/MO/Saint-Louis/3312-Saint-Vincent-Ave-63104/home/93684665,463.67776104010125,4
https://www.redfin.com/MO/Saint-Louis/5454-Daggett-Ave-63110/home/93726961,809.200569719904,1
https://www.redfin.com/MO/Saint-Louis/3464-Macklind-Ave-63139/home/93742653,663.9867772998169,3
https://www.redfin.com/MO/Saint-Louis/4734-Ashland-Ct-63115/home/93735908,324.754666940731,3
https://www.redfin.com/MO/Saint-Louis/4146-Holly-Hills-Blvd-63116/home/93777900,490.70747429096673,2
https://www.redfin.com/MO/Saint-Louis/6570-Winnebago-St-63109/home/62723302,663.7964591465668,2
https://www.redfin.com/MO/Saint-Louis/6544-Neosho-St-63109/home/93779566,107.8986945613726,1
https://www.redfin.com/MO/Saint-Louis/6707-Alexander-St-63116/home/93778191,568.9571729907558,3
https://www.redfin.com/MO/Saint-Louis/2017-Ann-Ave-63104/home/62751523,242.04249075381418,5
https://www.redfin.com/MO/Saint-Louis/4066-Wyoming-St-63116/home/93729621,160.57501274035118,2
https://www.redfin.com/MO/Saint-Louis/1341-McCausland-Ave-63117/home/93740205,675.9858055153593,2
https://www.redfin.com/MO/Saint-Louis/4711-Penrose-St-63115/home/93733481,1087.937648041729,0
https://www.redfin.com/MO/St-Louis/319-Rosedale-Ave-63112/unit-1/home/176133661,555.3635577091251,3
https://www.redfin.com/MO/Saint-Louis/3405-Itaska-St-63111/home/93707213,842.2483186808773,1
https://www.redfin.com/MO/Saint-Louis/6127-Lucille-Ave-63136/home/93745310,991.8980703554199,1
https://www.redfin.com/MO/Saint-Louis/3706-Connecticut-St-63116/home/93700052,930.7372316745639,1
https://www.redfin.com/MO/Saint-Louis/5328-Nagel-Ave-63109/home/93771168,1014.1016323493217,0
https://www.redfin.com/MO/Saint-Louis/6520-Morganford-Rd-63116/home/93777994,661.2520446445114,3
https://www.redfin.com/MO/Saint-Louis/4416-Arsenal-St-63116/home/93748621,754.4025301963384,2
https://www.redfin.com/MO/Saint-Louis/5612-Eichelberger-St-63109/home/62748530,669.8396526640465,2
https://www.redfin.com/MO/Saint-Louis/2222-Macklind-Ave-63110/home/93727457,366.02519763164844,1
https://www.redfin.com/MO/Saint-Louis/1927-Pestalozzi-St-63118/home/93691639,1130.1395521510728,0
https://www.redfin.com/MO/Saint-Louis/1127-Kentucky-Ave-63110/home/93726592,452.0013578890842,4
https://www.redfin.com/MO/Saint-Louis/7000-Plainview-Ave-63109/home/93781227,1009.1544457622326,0
https://www.redfin.com/MO/Saint-Louis/3139-Cherokee-St-63118/home/93693525,712.5148477874715,2
https://www.redfin.com/MO/Saint-Louis/2117-Lilly-Ave-63110/home/93682766,661.2681858842201,1
https://www.redfin.com/MO/Saint-Louis/4725-Hummel-Ave-63116/home/93763383,1131.0972380434155,0
https://www.redfin.com/MO/Saint-Louis/7425-Dianthan-Ln-63116/home/93784368,600.2326893844881,2
https://www.redfin.com/MO/Saint-Louis/5753-Park-Ln-63147/home/93770361,177.14690055082542,1
https://www.redfin.com/MO/Saint-Louis/5722-Itaska-St-63109/home/66023969,773.1689754269556,1
https://www.redfin.com/MO/Saint-Louis/1906-California-Ave-63104/home/93690259,466.94137087515594,4
https://www.redfin.com/MO/Saint-Louis/4996-Parker-Ave-63139/home/93776991,226.8856880680794,4
https://www.redfin.com/MO/Saint-Louis/7911-Pennsylvania-Ave-63111/home/93711283,1364.4791089510009,0
https://www.redfin.com/MO/Saint-Louis/5025-Rosa-Ave-63109/home/93765422,1211.076360498112,0
https://www.redfin.com/MO/Saint-Louis/5131-Shaw-Ave-63110/home/93728109,502.14147664023193,1
https://www.redfin.com/MO/Saint-Louis/4230-Olive-St-63108/home/93673833,626.1095761981553,6
https://www.redfin.com/MO/Saint-Louis/5264-Oleatha-Ave-63139/home/93777445,512.21690322435,3
https://www.redfin.com/MO/Saint-Louis/6566-Dale-Ave-63139/home/93740987,694.956626413605,4
https://www.redfin.com/MO/Saint-Louis/8650-Oriole-Ave-63147/home/93731158,1005.5295746725304,0
https://www.redfin.com/MO/Saint-Louis/1900-Belt-Ave-63112/home/93738942,1131.3340960214919,0
https://www.redfin.com/MO/Saint-Louis/6727-W-Park-Ave-63139/home/93765773,347.1286462153993,2
https://www.redfin.com/MO/Saint-Louis/5504-Neosho-St-63109/home/62736585,712.3037138277708,1
https://www.redfin.com/MO/Saint-Louis/5549-Mardel-Ave-63109/home/62724919,734.0091614064515,2
https://www.redfin.com/MO/Saint-Louis/2867-Salena-St-63118/home/93691632,1097.4081321488459,0
https://www.redfin.com/MO/Saint-Louis/6251-Loughborough-Ave-63109/home/93783930,559.9619971781727,2
https://www.redfin.com/MO/Saint-Louis/3194-Portis-Ave-63116/home/93748575,792.3035669927999,3
https://www.redfin.com/MO/Saint-Louis/1838-Kennett-Pl-63104/home/62756056,166.59911041038032,6
https://www.redfin.com/MO/Saint-Louis/6402-Lansdowne-Ave-63109/home/93779783,625.8294173219585,1
https://www.redfin.com/MO/Saint-Louis/4330-Vista-Ave-63110/home/176875186,102.47673763130831,4
https://www.redfin.com/MO/Saint-Louis/6700-Marquette-Ave-63139/home/93778817,499.69309419774396,1
https://www.redfin.com/MO/Saint-Louis/4027-Darby-St-63120/home/93731984,1927.2478888068854,0
https://www.redfin.com/MO/Saint-Louis/6609-Marquette-Ave-63139/home/93748858,355.04089905141626,1
https://www.redfin.com/MO/Saint-Louis/5625-S-Magnolia-Ave-63139/home/93682759,687.6855748324709,3
https://www.redfin.com/MO/Saint-Louis/1421-Dodier-St-63107/home/93688954,355.33343763235325,3
https://www.redfin.com/MO/Saint-Louis/2601-N-Sarah-St-63113/home/93717223,654.5057243905626,2
https://www.redfin.com/MO/Saint-Louis/3540-Vista-Ave-63104/home/93689878,341.85207844257366,4
https://www.redfin.com/MO/Saint-Louis/3129-Keokuk-St-63118/unit-3129/home/93695771,518.658415276561,3
https://www.redfin.com/MO/Saint-Louis/6415-Clifton-Hills-Dr-63139/home/62769033,859.9358225185239,2
https://www.redfin.com/MO/Saint-Louis/5725-Goener-Ave-63116/home/62751882,848.6692992639967,1
https://www.redfin.com/MO/Saint-Louis/2621-Sublette-Ave-63139/home/64113223,424.74470121510166,1
https://www.redfin.com/MO/Saint-Louis/3209-Winnebago-St-63118/home/93695647,522.28703777949,1
https://www.redfin.com/MO/Saint-Louis/6916-Dale-Ave-63139/home/93740573,687.4515172449128,2
https://www.redfin.com/MO/St-Louis/4319-Beck-Ave-63116/home/198547429,455.5023258510049,1
https://www.redfin.com/MO/Saint-Louis/3869-Germania-St-63116/home/93785313,803.6261698720855,1
https://www.redfin.com/MO/Saint-Louis/7041-Plainview-Ave-63109/home/93774124,1155.5430408982593,0
https://www.redfin.com/MO/Saint-Louis/7062-Sutherland-Ave-63109/home/93774065,1308.0005408172779,0
https://www.redfin.com/MO/Saint-Louis/6951-Alabama-Ave-63111/home/93710331,236.34055968464045,1
https://www.redfin.com/MO/Saint-Louis/4014-Humphrey-St-63116/home/93729359,379.0350347921031,2
https://www.redfin.com/MO/Saint-Louis/4512-Minnesota-Ave-63111/home/93706232,742.2119462739381,2
https://www.redfin.com/MO/Saint-Louis/1928-Arsenal-St-63118/home/93699329,1330.8413027656604,0
https://www.redfin.com/MO/Saint-Louis/6431-Oleatha-Ave-63139/home/93775197,236.09413556928007,2
https://www.redfin.com/MO/Saint-Louis/5220-Chouteaus-Bluff-Dr-63111/home/93680196,1222.656639328543,0
https://www.redfin.com/MO/Saint-Louis/5214-Chouteaus-Bluff-Dr-63111/home/93680191,1235.0575023371944,0
https://www.redfin.com/MO/Saint-Louis/3014-Iowa-Ave-63118/home/93699172,616.4889252898688,1
https://www.redfin.com/MO/Saint-Louis/9836-Parkway-Dr-63137/home/62709631,5267.125068613745,0
https://www.redfin.com/MO/Saint-Louis/3704-Hebert-St-63107/home/93702145,393.7927385691815,3
https://www.redfin.com/MO/Saint-Louis/3702-Hebert-St-63107/home/187273178,416.17616828435433,3
https://www.redfin.com/MO/Saint-Louis/9983-Riverview-Dr-63137/home/93768277,5737.992686989339,0
https://www.redfin.com/MO/Saint-Louis/3910-Walsh-St-63116/home/93757710,848.8478283761477,1
https://www.redfin.com/MO/Saint-Louis/3622-Flad-Ave-63110/home/93700192,579.6147449270399,4
https://www.redfin.com/MO/Saint-Louis/4370-Taft-Ave-63116/home/93764771,508.06239459480094,1
https://www.redfin.com/MO/Saint-Louis/1824-Allen-Ave-63104/home/93690393,338.3079127669144,5
https://www.redfin.com/MO/Saint-Louis/5435-Murdoch-Ave-63109/home/62718045,370.63688498988756,1
https://www.redfin.com/MO/Saint-Louis/4224-Grace-Ave-63116/home/93705348,596.5681354020351,1
https://www.redfin.com/MO/Saint-Louis/5-Homeland-Pl-63109/home/93782658,945.5241456930685,1
https://www.redfin.com/MO/Saint-Louis/5337-Lindell-Blvd-63112/home/93723617,844.2937570437142,1
https://www.redfin.com/MO/Saint-Louis/3339-Nebraska-Ave-63118/home/178781919,869.4736979489123,2
https://www.redfin.com/MO/Saint-Louis/6515-Minnesota-Ave-63111/home/93709693,711.0247599704395,1
https://www.redfin.com/MO/Saint-Louis/5405-S-Compton-Ave-63111/home/93708160,539.4790846240807,1
https://www.redfin.com/MO/Saint-Louis/9840-Parkway-Dr-63137/home/93768249,5339.172066176198,0
https://www.redfin.com/MO/Saint-Louis/3-Homeland-Pl-63109/home/93782664,1034.8238134779467,0
https://www.redfin.com/MO/Saint-Louis/3937-Illinois-Ave-63118/home/93704204,541.8346453520652,4
https://www.redfin.com/MO/Saint-Louis/9834-Rivermont-Dr-63137/home/93381141,5600.783932423482,0
https://www.redfin.com/MO/Saint-Louis/6204-Waterman-Ave-63130/home/93760104,826.5596367369117,2
https://www.redfin.com/MO/Saint-Louis/5010-Daggett-Ave-63110/home/173620186,714.425050690933,1
https://www.redfin.com/MO/Saint-Louis/6255-Simpson-Ave-63139/home/93743602,641.5556610233225,2
https://www.redfin.com/MO/Saint-Louis/6177-Lucille-Ave-63136/home/93745295,1052.9425394753746,0
https://www.redfin.com/MO/Saint-Louis/701-Valley-Dr-63137/home/93768267,5257.994687366416,0
https://www.redfin.com/MO/Saint-Louis/6005-Bishops-Pl-63109/home/93782873,685.2776743446726,2
https://www.redfin.com/MO/Saint-Louis/4144-Flad-Ave-63110/home/93746501,443.0344283567325,4
https://www.redfin.com/MO/Saint-Louis/714-Lookout-Dr-63137/home/62688666,4758.534312883831,0
https://www.redfin.com/MO/Saint-Louis/9705-Riverview-Dr-63137/home/93768348,4782.842855971435,0
https://www.redfin.com/MO/Saint-Louis/9749-Riverview-Dr-63137/home/93768265,4949.373011792961,0
https://www.redfin.com/MO/Saint-Louis/10001-Riverview-Dr-63137/home/93768298,5851.006384573796,0
https://www.redfin.com/MO/Saint-Louis/6425-Kinsey-Pl-63109/home/93782766,695.8441564209614,2
https://www.redfin.com/MO/Saint-Louis/10277-Lookaway-Dr-63137/home/93779419,6847.644256775412,0
https://www.redfin.com/MO/Saint-Louis/10257-Lookaway-Dr-63137/home/93779415,6773.353403476186,0
https://www.redfin.com/MO/Saint-Louis/7018-Plateau-Ave-63117/home/84264369,515.7062589948788,1
https://www.redfin.com/MO/Saint-Louis/6024-W-Cabanne-Pl-63112/home/93739665,418.707601536003,5
https://www.redfin.com/MO/Saint-Louis/6725-Eichelberger-St-63109/home/93781410,686.7707159144153,1
https://www.redfin.com/MO/Saint-Louis/11-Willmore-Rd-63109/home/62742674,847.5472032903664,1
https://www.redfin.com/MO/Saint-Louis/3534-Hawthorne-Blvd-63104/home/93691152,405.1797486028034,3
https://www.redfin.com/MO/Saint-Louis/5015-Lindell-Blvd-63108/home/93745437,901.4384378522495,1
https://www.redfin.com/MO/Saint-Louis/5405-Bartmer-Ave-63112/home/93745005,383.35160886671144,3
https://www.redfin.com/MO/St-Louis/801-S-Skinker-Blvd-63105/unit-12D/home/148670985,503.6420980340749,2
https://www.redfin.com/MO/St-Louis/801-S-Skinker-Blvd-63105/unit-4B/home/62749080,503.61466911130213,2
https://www.redfin.com/MO/Saint-Louis/9910-Parkway-Dr-63137/home/93768246,5448.1178055311375,0
https://www.redfin.com/MO/Saint-Louis/6250-Westminster-Pl-63130/home/93760182,825.9248126347019,3
https://www.redfin.com/MO/Saint-Louis/705-Jeffrey-Dr-63137/home/93768251,5454.278640381345,0
https://www.redfin.com/MO/Saint-Louis/5100-Kingwood-Dr-63123/home/93783032,1080.6807402268973,0
https://www.redfin.com/MO/Saint-Louis/243-Woodbourne-Dr-63105/home/93771925,464.08344880995213,3
https://www.redfin.com/MO/Saint-Louis/9810-Jeffrey-Dr-63137/home/93382669,5482.643968742739,0
https://www.redfin.com/MO/Saint-Louis/5800-Clemens-Ave-63112/home/93671165,566.924586851083,5
https://www.redfin.com/MO/Saint-Louis/1711-N-Taylor-Ave-63113/home/93718823,796.1563636629834,2
https://www.redfin.com/MO/Saint-Louis/3154-Longfellow-Blvd-63104/home/93691046,488.0303400232402,1
https://www.redfin.com/MO/Saint-Louis/1339-Kraft-St-63139/home/87131674,552.8146907659733,4
https://www.redfin.com/MO/Saint-Louis/6566-Southwest-Ave-63139/home/93743731,1154.0510104726325,0
https://www.redfin.com/MO/Saint-Louis/6731-Fyler-Ave-63139/home/93741889,928.197604863476,1
https://www.redfin.com/MO/Saint-Louis/4352-Schirmer-St-63116/home/93783613,752.3521655295671,2
https://www.redfin.com/MO/Saint-Louis/3140-Russell-Blvd-63104/home/76424599,712.4693029971465,1
https://www.redfin.com/MO/St-Louis/5911-Dale-Ave-63110/home/169433889,779.1170739299968,3
https://www.redfin.com/MO/Saint-Louis/5211-Washington-Pl-63108/home/93749433,322.926719334354,2
https://www.redfin.com/MO/Saint-Louis/5352-Maple-Ave-63112/home/93709914,607.9061612004967,3
https://www.redfin.com/MO/Saint-Louis/4007-Blow-St-63116/home/93785744,338.85499783652784,2
https://www.redfin.com/MO/Saint-Louis/3-Willmore-Rd-63109/home/93782564,792.9085645684922,1
https://www.redfin.com/MO/Saint-Louis/6635-Fyler-Ave-63139/home/66023426,783.6721748441189,1
https://www.redfin.com/MO/Saint-Louis/64-Willmore-Rd-63109/home/93782705,1033.9206851461383,0
https://www.redfin.com/MO/Saint-Louis/5879-Cabanne-Ave-63112/home/93723928,457.4248107337567,5
https://www.redfin.com/MO/Saint-Louis/8936-Gateland-Ave-63136/home/93404534,354.18307104107885,1
https://www.redfin.com/MO/Saint-Louis/85-Willmore-Rd-63109/home/93782630,880.8377890147239,1
https://www.redfin.com/MO/Saint-Louis/7131-Sutherland-Ave-63109/home/93749222,1599.300809527507,0
https://www.redfin.com/MO/Saint-Louis/7096-Tholozan-Ave-63109/home/93747878,1600.107745690078,0
https://www.redfin.com/MO/Saint-Louis/6208-Pershing-Ave-63130/home/93760144,643.6539366813131,2
https://www.redfin.com/MO/Saint-Louis/59-Willmore-Rd-63109/home/93782645,1156.219064578936,0
https://www.redfin.com/MO/Saint-Louis/7857-Adkins-Ave-63123/home/93784232,1239.619183288145,0
https://www.redfin.com/MO/Saint-Louis/2902-Ellendale-Ave-63143/home/93743197,1639.5782722764718,0
https://www.redfin.com/MO/Saint-Louis/6419-Clifton-Ave-63109/home/93782826,577.9483991450838,2
https://www.redfin.com/MO/Saint-Louis/3233-Hawthorne-Blvd-63104/home/93748586,316.64896011504123,2
https://www.redfin.com/MO/Saint-Louis/2750-Ellendale-Ave-63143/home/93743196,1611.0140828482606,0
https://www.redfin.com/MO/Saint-Louis/6027-Guilford-Pl-63109/home/93782639,954.1815279843966,1
https://www.redfin.com/MO/Saint-Louis/5820-Lansdowne-Ave-63109/home/93769134,923.3038102209267,1
https://www.redfin.com/MO/Saint-Louis/4823-McCausland-Ave-63109/home/93781559,742.3386671482726,1
https://www.redfin.com/MO/Saint-Louis/1344-Central-Ave-63139/home/93765602,533.5637848713993,2
https://www.redfin.com/MO/Saint-Louis/38-Benton-Pl-63104/home/87947243,796.7113118249591,3
https://www.redfin.com/MO/Saint-Louis/5924-Childress-Ave-63109/home/93783856,425.7801044650927,2
https://www.redfin.com/MO/Saint-Louis/3224-Regal-Pl-63139/home/170010038,583.5519199838228,2
https://www.redfin.com/MO/Saint-Louis/4-Willmore-Rd-63109/home/93782668,848.0013106512009,1
https://www.redfin.com/MO/Saint-Louis/9745-E-Lookout-Ct-63137/home/93768332,4903.923465591065,0
https://www.redfin.com/MO/Saint-Louis/4123-Poepping-St-63123/home/93784340,1113.4715263939465,0
https://www.redfin.com/MO/Saint-Louis/2653-Shenandoah-Ave-63104/home/93690834,139.9617065575068,5
https://www.redfin.com/MO/Saint-Louis/6247-Magnolia-Ave-63139/home/93743644,508.7129370817047,2
https://www.redfin.com/MO/Saint-Louis/3943-Marine-Ave-63118/home/174211987,536.4928753370822,3
https://www.redfin.com/MO/Saint-Louis/6107-Lalite-Ave-63136/home/93745630,1415.0434902338986,0
https://www.redfin.com/MO/Saint-Louis/3909-Marine-Ave-63118/home/93785507,400.3315756504089,3
https://www.redfin.com/MO/Saint-Louis/3316-Norma-Ct-63139/home/93743274,614.7301671438429,1
https://www.redfin.com/MO/Saint-Louis/1216-Victor-St-63104/home/93686953,632.2024700348585,1
https://www.redfin.com/MO/Saint-Louis/2510-Clifton-Ave-63139/home/93743620,731.7116541136866,2
https://www.redfin.com/MO/Saint-Louis/4362-W-Pine-Blvd-63108/home/93725148,321.0753105224012,6
https://www.redfin.com/MO/Saint-Louis/6125-Lalite-Ave-63136/home/93745633,1425.9456723603075,0
https://www.redfin.com/MO/Saint-Louis/6777-Eichelberger-St-63109/home/93781554,763.3552220440345,1
https://www.redfin.com/MO/Saint-Louis/3755-Weber-Rd-63125/home/93785620,1674.2012703856353,0
https://www.redfin.com/MO/Saint-Louis/4168-W-Pine-Blvd-63108/home/93725485,216.71269942368426,5
https://www.redfin.com/MO/Saint-Louis/6731-Odell-St-63139/home/93743862,1553.6251202304836,0
https://www.redfin.com/MO/Saint-Louis/5873-Julian-Ave-63112/home/93723042,818.7744414218569,1
https://www.redfin.com/MO/Saint-Louis/6303-Lucille-Ave-63136/home/93745349,1079.6487947547062,0
https://www.redfin.com/MO/Saint-Louis/6117-Lalite-Ave-63136/home/93745635,1422.423562593945,0
https://www.redfin.com/MO/Saint-Louis/6111-Lalite-Ave-63136/home/93745636,1417.138812240359,0
https://www.redfin.com/MO/Saint-Louis/5854-Neosho-St-63109/home/62756085,791.1700798940205,1
https://www.redfin.com/MO/Saint-Louis/6255-Pershing-Ave-63130/home/93760107,699.1232173579946,2
https://www.redfin.com/MO/Saint-Louis/7125-Emilie-St-63143/home/93743167,1786.2444449702455,0
https://www.redfin.com/MO/Saint-Louis/6438-Bishops-Pl-63109/home/62700619,548.2821019100484,2
https://www.redfin.com/MO/Saint-Louis/3446-Nebraska-Ave-63118/home/109007522,686.1029820718519,1
https://www.redfin.com/MO/Saint-Louis/16-Aberdeen-Pl-63105/home/93766507,286.8484586588053,2
https://www.redfin.com/MO/Saint-Louis/6126-Lucille-Ave-63136/home/93745334,1070.2258103679053,0
https://www.redfin.com/MO/Saint-Louis/6201-Wade-Ave-63139/home/93726347,281.07009890973177,2
https://www.redfin.com/MO/Saint-Louis/41-Willmore-Rd-63109/home/93782636,1308.289471759308,0
https://www.redfin.com/MO/Saint-Louis/7219-Emilie-St-63143/home/93743202,1824.2165112819573,0
https://www.redfin.com/MO/Saint-Louis/3223-Tennyson-Sq-63143/home/93751124,2085.7219074146237,0
https://www.redfin.com/MO/Saint-Louis/4632-Pershing-Pl-63108/home/93724635,678.3218994300908,5
https://www.redfin.com/MO/Saint-Louis/1401-McCausland-Ave-63117/home/93744505,750.7155169968538,2
https://www.redfin.com/MO/Saint-Louis/4934-Columbia-Ave-63139/home/93727613,428.79105658856184,3
https://www.redfin.com/MO/Saint-Louis/2500-Clifton-Ave-63139/home/93743619,714.5036511406125,2
https://www.redfin.com/MO/Saint-Louis/3745-Weber-Rd-63125/home/93785623,1712.0680267341236,0
https://www.redfin.com/MO/Saint-Louis/5562-Goodfellow-Blvd-63136/home/62769083,676.49584621936,1
https://www.redfin.com/MO/Saint-Louis/40-Willmore-Rd-63109/home/93782578,1212.9335860755778,0
https://www.redfin.com/MO/Saint-Louis/48-Willmore-Rd-63109/home/93782574,1249.8945643216935,0
https://www.redfin.com/MO/Saint-Louis/5433-Vernon-Ave-63112/home/93683495,460.47081930577724,3
https://www.redfin.com/MO/Saint-Louis/4259-Louisiana-Ave-63111/home/93705473,284.03305778974624,2
https://www.redfin.com/MO/Saint-Louis/7417-Parkwood-Dr-63116/home/93783601,663.9709222057975,2
https://www.redfin.com/MO/Saint-Louis/6029-W-Cabanne-Pl-63112/home/93728752,435.9333840974847,4
https://www.redfin.com/MO/Saint-Louis/4388-McPherson-Ave-63108/home/109919933,198.46783526072792,3
https://www.redfin.com/MO/Saint-Louis/3903-Holly-Hills-Blvd-63116/home/93773769,700.976237541384,1
https://www.redfin.com/MO/Saint-Louis/6827-Fyler-Ave-63139/home/93741878,1043.6466572606762,0
https://www.redfin.com/MO/Saint-Louis/7151-Wellington-Ct-63143/home/93751093,1762.8336938818088,0
https://www.redfin.com/MO/Saint-Louis/3005-Hawthorne-Blvd-63104/home/93691034,821.3806447399218,4
https://www.redfin.com/MO/Saint-Louis/6821-Bradley-Ave-63139/home/93742019,1173.2567033147955,0
https://www.redfin.com/MO/Saint-Louis/8572-Oriole-Ave-63147/home/93758139,1227.511488239326,0
https://www.redfin.com/MO/Saint-Louis/6429-Myrlette-Ct-63116/home/93783500,479.5347540941989,2
https://www.redfin.com/MO/Saint-Louis/754-Bellerive-Blvd-63111/home/93708685,164.84378873353032,1
https://www.redfin.com/MO/Saint-Louis/3911-Comstock-Dr-63123/home/93784961,1358.766848678877,0
https://www.redfin.com/MO/Saint-Louis/4379-Holly-Hills-Blvd-63116/home/62698761,823.1620291068855,2
https://www.redfin.com/MO/Saint-Louis/3672-Bellerive-Blvd-63116/home/93772310,936.8880152694805,1
https://www.redfin.com/MO/Saint-Louis/7080-Plainview-Ave-63109/home/93780815,1288.2054319741324,0
https://www.redfin.com/MO/Saint-Louis/6120-Garesche-Ave-63136/home/93745628,1296.4957712687542,0
https://www.redfin.com/MO/Saint-Louis/6433-Odell-St-63139/home/93744974,808.7423611952813,2
https://www.redfin.com/MO/Saint-Louis/950-Beach-Ave-63112/home/93723823,578.4787391973803,3
https://www.redfin.com/MO/Saint-Louis/4754-Michigan-Ave-63111/home/93707028,1178.036701083343,0
https://www.redfin.com/MO/Saint-Louis/5325-Wherry-Ave-63109/home/93768200,511.93560736292676,2
https://www.redfin.com/MO/Saint-Louis/7094-Mardel-Ave-63109/home/93748077,1616.862541608755,0
https://www.redfin.com/MO/Saint-Louis/7127-Bancroft-Ave-63109/home/93747838,1645.663215166274,0
https://www.redfin.com/MO/Saint-Louis/5002-Columbia-Ave-63139/home/93727603,483.5388816141126,3
https://www.redfin.com/MO/Saint-Louis/6165-Lucille-Ave-63136/home/93745290,1037.11986722436,0
https://www.redfin.com/MO/Saint-Louis/8137-Carlsbad-Dr-63123/home/93784245,1574.4714916035175,0
https://www.redfin.com/MO/Saint-Louis/3651-Germania-St-63116/home/93757106,1381.12998348938,0
https://www.redfin.com/MO/Saint-Louis/7430-Hildesheim-Ave-63123/home/93761272,1747.2576130025159,0
https://www.redfin.com/MO/Saint-Louis/4346-McPherson-Ave-63108/home/93725559,323.69262110957584,5
https://www.redfin.com/MO/Saint-Louis/6723-Marmaduke-Ave-63139/home/93743768,1476.6686158778928,0
https://www.redfin.com/MO/Saint-Louis/6551-Fyler-Ave-63139/home/93741951,718.5463766790884,1
https://www.redfin.com/MO/Saint-Louis/8-Willmore-Rd-63109/home/93782666,879.680902592281,1
https://www.redfin.com/MO/Saint-Louis/63-Kingsbury-Pl-63112/home/93763878,220.7280075081405,2
https://www.redfin.com/MO/Saint-Louis/4918-Pershing-Pl-63108/home/93724455,826.9548052768813,3
https://www.redfin.com/MO/Saint-Louis/5843-Clemens-Ave-63112/home/93739303,589.5764023373661,5
https://www.redfin.com/MO/St-Louis/3239-Lafayette-Ave-63104/home/76473548,540.5385451928657,2
https://www.redfin.com/MO/Saint-Louis/2010-Longfellow-Blvd-63104/home/93689964,796.8298325157658,3
https://www.redfin.com/MO/Saint-Louis/6165-Garesche-Ave-63136/home/93745323,1225.8872407939054,0
https://www.redfin.com/MO/Saint-Louis/6230-Waterman-Ave-63130/home/93760120,779.4598278835574,2
https://www.redfin.com/MO/Saint-Louis/4136-Pennsylvania-Ave-63118/home/93705222,67.16624144883082,4
https://www.redfin.com/MO/Saint-Louis/6343-Garesche-Ave-63136/home/93420122,1334.0100677901921,0
https://www.redfin.com/MO/Saint-Louis/4437-S-39th-St-63116/home/93730965,867.0986496541991,1
https://www.redfin.com/MO/Saint-Louis/1352-Central-Ave-63139/unit-R/home/176876789,570.7276295805319,2
https://www.redfin.com/MO/Saint-Louis/3543-Victor-St-63104/home/93692405,376.608770342511,3
https://www.redfin.com/MO/Saint-Louis/6334-Albertine-Ave-63136/home/93761396,897.6379640523131,1
https://www.redfin.com/MO/Saint-Louis/32-Kingsbury-Pl-63112/home/93724169,622.47889953094,3
https://www.redfin.com/MO/Saint-Louis/3024-Lafayette-Ave-63104/home/86390956,582.7653464693662,2
https://www.redfin.com/MO/Saint-Louis/6921-Marquette-Ave-63139/home/90752889,968.8420729667229,1
https://www.redfin.com/MO/Saint-Louis/5255-Loughborough-Ave-63109/home/93769497,652.2895469304511,1
https://www.redfin.com/MO/Saint-Louis/4327-McRee-Ave-63110/home/109919834,148.92828803141484,6
https://www.redfin.com/MO/St-Louis/1426-Devlin-St-63110/home/87133434,745.9481345445977,2
https://www.redfin.com/MO/Saint-Louis/7003-Mardel-Ave-63109/home/93747922,1260.0733568934966,0
https://www.redfin.com/MO/Saint-Louis/2808-Lafayette-Ave-63104/home/93690094,223.68948713849332,2
https://www.redfin.com/MO/Saint-Louis/7431-Sharp-Ave-63116/home/93784999,686.3361412536317,2
https://www.redfin.com/MO/St-Louis/2762-Park-Ave-63104/home/195200273,316.4004017652493,2
https://www.redfin.com/MO/Saint-Louis/10-Willmore-Rd-63109/home/93782665,901.6762769124757,1
https://www.redfin.com/MO/Saint-Louis/4466-Tholozan-Ave-63116/home/93730025,795.5428257373669,1
https://www.redfin.com/MO/Saint-Louis/3914-French-Ct-63116/home/93773358,634.6206000264425,2
https://www.redfin.com/MO/Saint-Louis/6711-Mitchell-Ave-63139/home/62772167,320.4640206487654,1
https://www.redfin.com/MO/Saint-Louis/4535-S-Grand-Blvd-63111/home/70105616,545.1312352379618,2
https://www.redfin.com/MO/Saint-Louis/6700-Morganford-Rd-63116/home/93671722,490.0001612106687,3
https://www.redfin.com/MO/Saint-Louis/4386-Westminster-Pl-63108/home/93740310,314.0516781116051,3
https://www.redfin.com/MO/Saint-Louis/1605-Missouri-Ave-63104/home/93700578,636.5316713730309,5
https://www.redfin.com/MO/Saint-Louis/4466-Westminster-Pl-63108/home/93740234,238.23777178289157,4
https://www.redfin.com/MO/Saint-Louis/1832-S-8th-St-63104/home/93685093,1135.517840706521,0
https://www.redfin.com/MO/Saint-Louis/4532-Westminster-Pl-63108/home/93739894,271.4636939991466,4
https://www.redfin.com/MO/Saint-Louis/7726-Virginia-Ave-63111/home/66027465,1073.36449381769,0
https://www.redfin.com/MO/Saint-Louis/3623-Ohio-Ave-63118/home/93696155,484.25645974239455,2
https://www.redfin.com/MO/Saint-Louis/4421-Westminster-Pl-63108/home/93739934,288.08781449876847,4
https://www.redfin.com/MO/St-Louis/3701-Cook-Ave-63113/home/102280390,551.1273269799505,10
https://www.redfin.com/MO/Saint-Louis/1919-Withnell-Ave-63118/home/93681739,1227.4362214294183,0
https://www.redfin.com/MO/Saint-Louis/5275-Westminster-Pl-63108/home/93749533,284.9727176246539,2
https://www.redfin.com/MO/Saint-Louis/2423-S-13th-St-63104/home/93686692,717.6128110283842,1
https://www.redfin.com/MO/Saint-Louis/4367-McPherson-Ave-63108/home/62733049,302.3949119501976,3
https://www.redfin.com/MO/Saint-Louis/4445-Westminster-Pl-63108/home/93740253,220.76183082500788,4
https://www.redfin.com/MO/Saint-Louis/2316-S-12th-St-63104/home/93686426,642.1768579920514,2
https://www.redfin.com/MO/Saint-Louis/2621-Lemp-Ave-63118/home/93697318,942.4880563039192,1
https://www.redfin.com/MO/Saint-Louis/4132-W-Pine-Blvd-63108/home/62728575,242.08277555590246,5
https://www.redfin.com/MO/St-Louis/2930-Michigan-Ave-63118/home/93692160,535.9910935370542,3
https://www.redfin.com/MO/Saint-Louis/5026-Westminster-Pl-63108/home/93746007,668.274981243065,2
https://www.redfin.com/MO/Saint-Louis/700-Bellerive-Blvd-63111/home/62745381,169.70913779481288,1
https://www.redfin.com/MO/Saint-Louis/5025-Enright-Ave-63108/home/93744562,583.4836504079747,3
https://www.redfin.com/MO/Saint-Louis/1221-Mackay-Pl-63104/home/93701074,830.7162087669896,3
https://www.redfin.com/MO/Saint-Louis/1808-Lafayette-Ave-63104/home/93690442,153.90561657358668,6
https://www.redfin.com/MO/Saint-Louis/3611-Ohio-Ave-63118/home/93696157,490.8888743573922,2
https://www.redfin.com/MO/Saint-Louis/1532-Mississippi-Ave-63104/home/93697404,316.00845975983987,5
https://www.redfin.com/MO/Saint-Louis/2838-Salena-St-63118/home/93691509,1091.3611614025704,0
https://www.redfin.com/MO/Saint-Louis/2308-S-10th-St-63104/home/62742671,454.8499672067346,1
https://www.redfin.com/MO/Saint-Louis/2837-McNair-Ave-63118/home/93674687,797.0771908674063,1
https://www.redfin.com/MO/Saint-Louis/7411-S-Broadway-63111/home/93710676,836.1565572644424,1
https://www.redfin.com/MO/Saint-Louis/2624-S-11th-St-63118/home/93686929,436.4772774495295,1
https://www.redfin.com/MO/Saint-Louis/4466-Laclede-Ave-63108/home/69323591,238.8351338922682,5
https://www.redfin.com/MO/Saint-Louis/1920-Longfellow-Blvd-63104/home/93684678,755.4200076356332,3
https://www.redfin.com/MO/Saint-Louis/4745-Nebraska-Ave-63111/home/93707004,1407.7934741779675,0
https://www.redfin.com/MO/Saint-Louis/7116-Michigan-Ave-63111/home/93710390,306.06907069671735,1
https://www.redfin.com/MO/Saint-Louis/3875-Federer-Pl-63116/home/93674969,777.468248737108,1
https://www.redfin.com/MO/Saint-Louis/1728-Carroll-St-63104/home/103203316,316.73750001927436,5
https://www.redfin.com/MO/Saint-Louis/3322-S-9th-St-63118/home/109007231,1262.0406271002794,0
https://www.redfin.com/MO/Saint-Louis/2319-S-12th-St-63104/home/93686452,700.7210963713339,2
https://www.redfin.com/MO/Saint-Louis/6189-Westminster-Pl-63112/home/93760456,657.0554180949231,3
https://www.redfin.com/MO/Saint-Louis/2330-Menard-St-63104/home/109007581,422.40943888557564,1
https://www.redfin.com/MO/Saint-Louis/2915-Accomac-St-63104/home/62768506,791.4764378696041,4
https://www.redfin.com/MO/Saint-Louis/2907-Texas-Ave-63118/home/93699247,519.8890488597418,1
https://www.redfin.com/MO/Saint-Louis/1407-Missouri-Ave-63104/home/93681612,743.3337431045055,2
https://www.redfin.com/MO/Saint-Louis/3864-Loughborough-Ave-63116/home/93773244,776.2404765042517,1
https://www.redfin.com/MO/St-Louis/5164-Waterman-Blvd-63108/home/190536101,166.74556611072728,1
https://www.redfin.com/MO/Saint-Louis/5855-Itaska-St-63109/home/93769155,708.9111803154562,1
https://www.redfin.com/MO/Saint-Louis/2815-Russell-Blvd-63104/home/109007478,547.0938838364342,4
https://www.redfin.com/MO/Saint-Louis/5325-Bischoff-Ave-63110/home/76427028,487.66197542087775,1
https://www.redfin.com/MO/Saint-Louis/2359-S-12th-St-63104/home/93686143,618.138249006576,1
https://www.redfin.com/MO/Saint-Louis/2222-Nebraska-Ave-63104/home/93691237,654.1524721091121,4
https://www.redfin.com/MO/Saint-Louis/3127-Shenandoah-Ave-63104/home/143286453,463.58460590682773,2
https://www.redfin.com/MO/Saint-Louis/1817-S-9th-St-63104/home/109918774,969.3918593681651,1
https://www.redfin.com/MO/Saint-Louis/1025-Dolman-St-63104/home/93685580,396.2449862584614,4
https://www.redfin.com/MO/Saint-Louis/5710-Vera-Ct-63139/home/93679449,780.4989595796274,1
https://www.redfin.com/MO/Saint-Louis/5266-Washington-Pl-63108/home/93749443,304.53284866223515,2
https://www.redfin.com/MO/Saint-Louis/1956-Wyoming-St-63118/home/109919868,1255.0334157488292,0
https://www.redfin.com/MO/Saint-Louis/4169-Flora-Pl-63110/home/93747157,205.25412714426668,5
https://www.redfin.com/MO/St-Louis/2605-S-Compton-63104/home/196160189,362.92104916963416,1
https://www.redfin.com/MO/Saint-Louis/2701-S-11th-St-63118/home/93686355,524.9011447193842,1
https://www.redfin.com/MO/Saint-Louis/4101-Pennsylvania-Ave-63118/home/93705186,227.69743789482,5
https://www.redfin.com/MO/Saint-Louis/1943-Lynch-St-63118/home/93786841,1011.8335509436711,0
https://www.redfin.com/MO/Saint-Louis/4253-Westminster-Pl-63108/home/93725735,655.8305901017163,6
https://www.redfin.com/MO/Saint-Louis/2106-S-Compton-Ave-63104/home/62744285,649.8556585353058,2
https://www.redfin.com/MO/Saint-Louis/2915-Russell-Blvd-63104/home/93689962,757.906588180781,4
https://www.redfin.com/MO/Saint-Louis/1039-Allen-Ave-63104/home/93685671,998.5888287167559,1
https://www.redfin.com/MO/Saint-Louis/4327-Washington-Blvd-63108/home/93720051,597.6089575127168,5
https://www.redfin.com/MO/Saint-Louis/1430-N-Park-Pl-63107/home/93702747,262.66874774329295,2
https://www.redfin.com/MO/Saint-Louis/3627-Utah-Pl-63116/home/93700109,850.0589246835339,1
https://www.redfin.com/MO/Saint-Louis/3225-S-Jefferson-Ave-63118/home/93694226,1142.6803571604394,0
https://www.redfin.com/MO/Saint-Louis/2707-Lemp-Ave-63118/home/93697301,981.620899862989,1
https://www.redfin.com/MO/Saint-Louis/1024-Mississippi-Ave-63104/home/62763603,641.4590625981294,4
https://www.redfin.com/MO/Saint-Louis/3727-McDonald-Ave-63116/home/62751717,1159.5358734374497,0
https://www.redfin.com/MO/Saint-Louis/3514-S-Jefferson-Ave-63118/home/93671325,411.36862303142567,2
https://www.redfin.com/MO/Saint-Louis/4364-Vista-Ave-63110/home/92224786,185.81986676705597,4
https://www.redfin.com/MO/Saint-Louis/1201-Dolman-St-63104/home/93682970,270.71253139647735,4
https://www.redfin.com/MO/Saint-Louis/3009-Allen-Ave-63104/home/62751987,729.1071588586384,3
https://www.redfin.com/MO/Saint-Louis/2908-Park-Ave-63104/home/143286629,428.64752085801183,2
https://www.redfin.com/MO/Saint-Louis/4111-Cleveland-Ave-63110/home/93746448,558.315952814568,5
https://www.redfin.com/MO/Saint-Louis/3231-Indiana-Ave-63118/home/93694265,1101.4711532269923,0
https://www.redfin.com/MO/Saint-Louis/2049-Ann-Ave-63104/home/93690471,187.80262311667622,5
https://www.redfin.com/MO/Saint-Louis/3258-Copelin-Ave-63104/home/93689591,600.3700736697381,3
https://www.redfin.com/MO/Saint-Louis/3622-S-Jefferson-Ave-63118/home/93696718,174.9951015902825,3
https://www.redfin.com/MO/Saint-Louis/3528-Pestalozzi-St-63118/home/143286520,727.3614471925675,3
https://www.redfin.com/MO/Saint-Louis/5240-Washington-Pl-63108/home/93749445,260.55964484044813,2
https://www.redfin.com/MO/Saint-Louis/2400-McNair-Ave-63104/home/93671315,547.390737644862,5
https://www.redfin.com/MO/Saint-Louis/1801-Lasalle-St-63104/home/62726326,479.4849710381657,4
https://www.redfin.com/MO/Saint-Louis/3735-Connecticut-St-63116/home/62772719,941.1575809097391,1
https://www.redfin.com/MO/Saint-Louis/3931-McRee-Ave-63110/home/103203001,577.3495822993278,5
https://www.redfin.com/MO/Saint-Louis/2341-S-12th-St-63104/home/93686145,654.2117253189986,2
https://www.redfin.com/MO/Saint-Louis/4480-Maryland-Ave-63108/home/93724879,283.49873763551403,4
https://www.redfin.com/MO/Saint-Louis/3152-S-Compton-Ave-63118/home/93693189,163.56392052041312,1
https://www.redfin.com/MO/Saint-Louis/1113-Victor-St-63104/home/93686770,471.8072686772412,1
https://www.redfin.com/MO/Saint-Louis/216-Nagel-Ave-63111/home/62752134,493.12169782387605,1
https://www.redfin.com/MO/Saint-Louis/5502-Beacon-Ave-63120/home/93762835,249.06698130748262,3
https://www.redfin.com/MO/Saint-Louis/5440-Nagel-Ave-63109/home/93775850,881.0240299931492,1
https://www.redfin.com/MO/Saint-Louis/3630-Roswell-Ave-63116/home/93711781,999.8959918121255,1
https://www.redfin.com/MO/Saint-Louis/5146-Cologne-Ave-63116/home/93761639,752.2425415394764,1
https://www.redfin.com/MO/Saint-Louis/3174-Nebraska-Ave-63118/home/93692964,682.8056521284047,1
https://www.redfin.com/MO/Saint-Louis/3719-Koeln-Ave-63116/home/93751442,1192.4541897798563,0
https://www.redfin.com/MO/Saint-Louis/2215-Keokuk-St-63118/home/93696824,550.302671136668,4
https://www.redfin.com/MO/Saint-Louis/6960-Sutherland-Ave-63109/home/93774215,1017.1645356620207,0
https://www.redfin.com/MO/Saint-Louis/6406-Hancock-Ave-63139/home/93748793,512.757389253932,2
https://www.redfin.com/MO/Saint-Louis/1014-Geyer-Ave-63104/home/62720757,974.6573120489588,1
https://www.redfin.com/MO/Saint-Louis/2001-Withnell-Ave-63118/home/93693976,1161.5441032293704,0
https://www.redfin.com/MO/Saint-Louis/2809-Chariton-St-63111/home/93705480,322.24617204814575,4
https://www.redfin.com/MO/Saint-Louis/5908-W-Park-Ave-63110/home/93761427,810.891985515427,3
https://www.redfin.com/MO/Saint-Louis/7159-Wellington-Ct-63143/home/93751094,1761.9886251650876,0
https://www.redfin.com/MO/Saint-Louis/4740-S-Compton-Ave-63111/home/93706981,1118.1810787206346,0
https://www.redfin.com/MO/Saint-Louis/4607-Cecil-Pl-63116/home/93759354,340.2459633875923,2
https://www.redfin.com/MO/Saint-Louis/6655-Villa-Ave-63139/home/93750138,707.0398694924,4
https://www.redfin.com/MO/Saint-Louis/5501-Davison-Ave-63120/home/93762864,213.73955751775728,3
https://www.redfin.com/MO/Saint-Louis/4104-Fillmore-St-63116/home/93776346,287.9822078928252,1
https://www.redfin.com/MO/Saint-Louis/4072-Schiller-Pl-63116/home/93781107,630.0303884111396,1
https://www.redfin.com/MO/Saint-Louis/4070-Schiller-Pl-63116/home/93781108,637.5256918022161,1
https://www.redfin.com/MO/Saint-Louis/4419-Eichelberger-St-63116/home/93764928,409.15301374047465,1
https://www.redfin.com/MO/Saint-Louis/5825-W-Park-Ave-63110/home/62718940,771.3555318557956,3
https://www.redfin.com/MO/Saint-Louis/4844-Austria-Ave-63116/home/93755515,1567.7916142316903,0
https://www.redfin.com/MO/Saint-Louis/201-Hill-St-63111/home/93707636,1128.4563646322738,0
https://www.redfin.com/MO/Saint-Louis/6803-Virginia-Ave-63111/home/93710517,258.28857498604,1
https://www.redfin.com/MO/Saint-Louis/3454-Macklind-Ave-63139/home/93742657,644.2183972763287,3
https://www.redfin.com/MO/Saint-Louis/6838-Salzburger-Ave-63116/home/93759289,468.62522409895166,2
https://www.redfin.com/MO/Saint-Louis/3944-Randall-St-63116/home/93750187,839.151714776703,2
https://www.redfin.com/MO/Saint-Louis/6212-Wanda-Ave-63116/home/93765676,788.4802427734835,2
https://www.redfin.com/MO/Saint-Louis/5917-Emma-Ave-63136/home/93758923,902.3618562354756,1
https://www.redfin.com/MO/Saint-Louis/6822-Hancock-Ave-63139/home/93743294,799.9145735101414,1
https://www.redfin.com/MO/Saint-Louis/4039-Taft-Ave-63116/home/93762163,764.0023736259338,2
https://www.redfin.com/MO/Saint-Louis/5244-Daggett-Ave-63110/home/93727665,769.3692534191025,2
https://www.redfin.com/MO/Saint-Louis/917-Fillmore-St-63111/home/93708877,511.829183858335,1
https://www.redfin.com/MO/Saint-Louis/3506-S-Compton-Ave-63118/home/93694993,712.7543403019655,1
https://www.redfin.com/MO/Saint-Louis/6840-Salzburger-Ave-63116/home/93759288,476.2177318465553,2
https://www.redfin.com/MO/Saint-Louis/4455-Itaska-St-63116/home/93764126,827.6301170680543,1
https://www.redfin.com/MO/Saint-Louis/3267-Morganford-Rd-63116/home/93751427,598.0474329131428,2
https://www.redfin.com/MO/Saint-Louis/4627-Steffens-Ave-63116/home/93770935,752.6289484918939,1
https://www.redfin.com/MO/Saint-Louis/6453-Marquette-Ave-63139/home/93749099,353.6189374399032,2
https://www.redfin.com/MO/Saint-Louis/4473-Gannett-St-63116/home/93763660,957.2623983793072,2
https://www.redfin.com/MO/Saint-Louis/2629-January-Ave-63139/home/65990418,701.7641462858863,3
https://www.redfin.com/MO/Saint-Louis/5548-Elizabeth-Ave-63110/home/93772592,683.0404867529984,3
https://www.redfin.com/MO/Saint-Louis/308-Quincy-St-63111/home/93710245,286.70573312233944,1
https://www.redfin.com/MO/Saint-Louis/4718-Lexington-Ave-63115/home/93735373,357.6459853689908,2
https://www.redfin.com/MO/Saint-Louis/5409-Dresden-Ave-63116/home/93758034,895.1136043070704,1
https://www.redfin.com/MO/Saint-Louis/5912-Nashville-Ave-63110/home/93761512,778.9336592763877,3
https://www.redfin.com/MO/Saint-Louis/4270-Miami-St-63116/home/93728578,727.5952683754192,1
https://www.redfin.com/MO/Saint-Louis/6018-Minnesota-Ave-63111/home/93709094,933.0138835439341,1
https://www.redfin.com/MO/Saint-Louis/5508-Beacon-Ave-63120/home/93762873,272.44737715169157,3
https://www.redfin.com/MO/Saint-Louis/3838-Neosho-St-63116/home/93730908,505.21827360854684,1
https://www.redfin.com/MO/Saint-Louis/8425-Pennsylvania-Ave-63111/home/93711567,2071.839984691347,0
https://www.redfin.com/MO/Saint-Louis/6746-Odell-St-63139/home/93743844,1625.9552201532629,0
https://www.redfin.com/MO/Saint-Louis/5908-Nashville-Ave-63110/home/93761513,791.6128596430877,3
https://www.redfin.com/MO/Saint-Louis/6209-Hancock-Ave-63139/home/93743079,674.3210857910541,2
https://www.redfin.com/MO/Saint-Louis/3931-Delor-St-63116/home/62755835,792.4987562035064,2
https://www.redfin.com/MO/Saint-Louis/4474-Wallace-St-63116/home/93764092,808.1435496512809,1
https://www.redfin.com/MO/Saint-Louis/4417-Bingham-Ave-63116/home/93772039,475.7512446504551,1
https://www.redfin.com/MO/Saint-Louis/6738-Dale-Ave-63139/home/93740756,635.6357970251055,2
https://www.redfin.com/MO/Saint-Louis/5760-Acme-Ave-63136/home/93761230,546.3072001038767,1
https://www.redfin.com/MO/Saint-Louis/3979-Schiller-Pl-63116/home/93770281,895.7827908019872,1
https://www.redfin.com/MO/Saint-Louis/4453-Gannett-St-63116/home/62696687,896.8362853712372,2
https://www.redfin.com/MO/Saint-Louis/1421-Brock-St-63139/home/62696547,608.4498529698275,2
https://www.redfin.com/MO/Saint-Louis/1433-Brock-St-63139/home/65540656,563.5334280836693,2
https://www.redfin.com/MO/Saint-Louis/5657-Leona-St-63116/home/93761945,561.2390295237958,1
https://www.redfin.com/MO/Saint-Louis/4850-Goethe-Ave-63116/home/93763280,881.6320079329196,1
https://www.redfin.com/MO/Saint-Louis/2820-Indiana-Ave-63118/home/77448190,583.3547642980759,2
https://www.redfin.com/MO/Saint-Louis/4511-Jamieson-Ave-63109/home/93774113,767.7131452627438,1
https://www.redfin.com/MO/Saint-Louis/3429-Osage-St-63118/home/93704806,787.5740246808368,2
https://www.redfin.com/MO/Saint-Louis/4691-Tesson-St-63116/home/93775239,1194.1372382828924,0
https://www.redfin.com/MO/Saint-Louis/3534-Lucy-St-63116/home/93730082,712.5640960092971,1
https://www.redfin.com/MO/Saint-Louis/6927-Dale-Ave-63139/home/93765557,660.1305790442173,2
https://www.redfin.com/MO/Saint-Louis/5541-Connecticut-St-63139/home/93765791,581.818387772647,2
https://www.redfin.com/MO/Saint-Louis/6062-Thekla-Ave-63136/home/93758632,1116.3259559687222,0
https://www.redfin.com/MO/Saint-Louis/4130-Burgen-Ave-63116/home/93762032,639.8946181772847,2
https://www.redfin.com/MO/Saint-Louis/4006-Neosho-St-63116/home/93767236,886.9364003091434,1
https://www.redfin.com/MO/Saint-Louis/4435-Arco-Ave-63110/home/93750923,476.65056073698383,4
https://www.redfin.com/MO/Saint-Louis/4136-Miami-St-63116/home/93728519,910.0015991574363,2
https://www.redfin.com/MO/Saint-Louis/4531-Minnesota-Ave-63111/home/93706263,790.3319859417159,2
https://www.redfin.com/MO/Saint-Louis/3424-Louisiana-Ave-63118/home/93695146,817.2137471802121,1
https://www.redfin.com/MO/Saint-Louis/709-Gimblin-Rd-63147/home/93731692,1647.023890135434,0
https://www.redfin.com/MO/Saint-Louis/4548-Ray-Ave-63116/home/62747698,880.9705166057283,1
https://www.redfin.com/MO/Saint-Louis/3505-Itaska-St-63111/home/93707161,556.9118003898138,1
https://www.redfin.com/MO/Saint-Louis/6338-Hancock-Ave-63139/home/93748798,534.9884048218698,2
https://www.redfin.com/MO/Saint-Louis/6340-Lena-Ave-63136/home/93420323,823.8291647204314,1
https://www.redfin.com/MO/Saint-Louis/7211-Eugene-Ave-63116/home/93711975,1206.6327670505596,0
https://www.redfin.com/MO/Saint-Louis/1511-Fairmount-Ave-63139/home/93741220,627.8708099790538,4
https://www.redfin.com/MO/Saint-Louis/4751-Beacon-Ave-63120/home/93767284,565.4034927289603,1
https://www.redfin.com/MO/Saint-Louis/4738-Minnesota-Ave-63111/home/93707039,1324.6242484249258,0
https://www.redfin.com/MO/Saint-Louis/313-Fillmore-St-63111/home/93708978,812.0472993372587,1
https://www.redfin.com/MO/Saint-Louis/4718-Hummel-Ave-63116/home/93758067,1098.9734518494324,0
https://www.redfin.com/MO/Saint-Louis/7142-Alabama-Ave-63111/home/93710307,362.13049760269627,1
https://www.redfin.com/MO/Saint-Louis/4327-Jessica-Ave-63116/home/62748216,179.91213496383767,1
https://www.redfin.com/MO/Saint-Louis/3192-Watson-Rd-63139/home/92911180,946.4217383883646,2
https://www.redfin.com/MO/Saint-Louis/4507-Oregon-Ave-63111/home/93706535,867.2677001392711,3
https://www.redfin.com/MO/Saint-Louis/6009-Marquette-Ave-63139/home/93749026,510.7943073202889,2
https://www.redfin.com/MO/Saint-Louis/4213-Osceola-St-63116/home/93726622,155.0687686488692,1
https://www.redfin.com/MO/Saint-Louis/1033-Graham-St-63139/home/93756165,692.2068475969872,2
https://www.redfin.com/MO/Saint-Louis/3451-Sublette-Ave-63139/home/93742313,587.1825999525488,3
https://www.redfin.com/MO/Saint-Louis/6215-Idaho-Ave-63111/home/92335969,754.4365011268422,1
https://www.redfin.com/MO/Saint-Louis/4172-Schiller-Pl-63116/home/93781167,386.1581256597892,1
https://www.redfin.com/MO/Saint-Louis/4336-Humphrey-St-63116/home/93751337,706.2878469809618,1
https://www.redfin.com/MO/Saint-Louis/4151-Concordia-Ave-63116/home/93761972,631.852436127049,2
https://www.redfin.com/MO/Saint-Louis/1241-Graham-St-63139/home/93726413,279.3758743811694,2
https://www.redfin.com/MO/Saint-Louis/4258-Miami-St-63116/home/93728580,732.6370742097048,1
https://www.redfin.com/MO/Saint-Louis/3248-Morganford-Rd-63116/home/93729427,533.826292971964,2
https://www.redfin.com/MO/Saint-Louis/3244-Morganford-Rd-63116/home/93729425,528.8607226869748,2
https://www.redfin.com/MO/Saint-Louis/2839-Indiana-Ave-63118/home/93692103,565.0205885844443,2
https://www.redfin.com/MO/Saint-Louis/3418-Michigan-Ave-63118/home/93694922,836.975352606388,2
https://www.redfin.com/MO/Saint-Louis/5133-Dresden-Ave-63116/home/93764019,925.3578465294014,1
https://www.redfin.com/MO/Saint-Louis/505-Hurck-St-63111/home/93711460,1759.4327351162872,0
https://www.redfin.com/MO/Saint-Louis/4355-Maryland-Ave-63108/unit-110/home/93725625,235.14904538134968,4
https://www.redfin.com/MO/Saint-Louis/5646-Waterman-Blvd-63112/unit-1NW/home/93672300,379.44149852166225,2
https://www.redfin.com/MO/Saint-Louis/4695-Primm-St-63116/home/93775233,1115.1509577746747,0
https://www.redfin.com/MO/Saint-Louis/4394-Haven-St-63116/home/93771810,640.1936943369759,3
https://www.redfin.com/MO/Saint-Louis/6925-Field-Ave-63116/home/93773265,973.1800084304484,1
https://www.redfin.com/MO/Saint-Louis/5458-Gravois-Ave-63116/home/93757182,587.4809595644757,1
https://www.redfin.com/MO/Saint-Louis/1382-Mobile-Ct-63139/home/62710085,401.8991559736127,2
https://www.redfin.com/MO/Saint-Louis/4750-Plover-Ave-63120/home/93761814,765.4902889669372,1
https://www.redfin.com/MO/Saint-Louis/4734-Hamburg-Ave-63123/home/93759455,1800.9492384639111,0
https://www.redfin.com/MO/Saint-Louis/5944-Floy-Ave-63147/home/93768981,448.2361247934866,1
https://www.redfin.com/MO/Saint-Louis/1517-Kraft-St-63139/home/93773120,554.5355629448738,4
https://www.redfin.com/MO/Saint-Louis/6800-Wanda-Ave-63116/home/93771822,491.43355734179835,3
https://www.redfin.com/MO/Saint-Louis/1375-Childress-Ave-63139/home/93740870,330.7609554541317,2
https://www.redfin.com/MO/Saint-Louis/1561-Kraft-St-63139/home/93773056,441.49197017322615,3
https://www.redfin.com/MO/Saint-Louis/4149-Wilmington-Ave-63116/home/93770974,530.4986864849327,2
https://www.redfin.com/MO/Saint-Louis/3227-Jasper-Park-63139/home/93742962,773.970725978023,1
https://www.redfin.com/MO/Saint-Louis/3975-Eichelberger-St-63116/home/93757742,901.1367763491473,1
https://www.redfin.com/MO/Saint-Louis/4373-Loughborough-Ave-63116/home/93771856,437.75327865683033,3
https://www.redfin.com/MO/Saint-Louis/8414-S-Broadway-63111/home/93711683,2081.1853769285426,0
https://www.redfin.com/MO/Saint-Louis/3922-Itaska-St-63116/home/93750177,751.3501912293059,1
https://www.redfin.com/MO/Saint-Louis/4658-Dewey-Ave-63116/home/93742471,240.24396497706084,1
https://www.redfin.com/MO/Saint-Louis/4351-Potomac-St-63116/home/93774408,983.8979024934957,1
https://www.redfin.com/MO/Saint-Louis/6713-Wanda-Ave-63116/home/93771851,580.0328880250444,3
https://www.redfin.com/MO/Saint-Louis/5224-Fyler-Ave-63139/home/93742692,201.43239745286897,4
https://www.redfin.com/MO/Saint-Louis/7413-Pennsylvania-Ave-63111/home/93710786,755.7576162396527,1
https://www.redfin.com/MO/Saint-Louis/4639-Primm-St-63116/home/93775213,1022.5546574079654,0
https://www.redfin.com/MO/Saint-Louis/4882-Anderson-Ave-63115/home/93733350,635.0373261383955,1
https://www.redfin.com/MO/Saint-Louis/4878-Anderson-Ave-63115/home/93733349,646.3914824924634,1
https://www.redfin.com/MO/Saint-Louis/8757-Lowell-St-63147/home/93766305,1597.384892406424,0
https://www.redfin.com/MO/Saint-Louis/2153-Knox-Ave-63139/home/93761533,795.9810013133622,2
https://www.redfin.com/MO/Saint-Louis/3306-California-Ave-63118/unit-A/home/93681730,1044.975797391866,0
https://www.redfin.com/MO/Saint-Louis/4416-Wallace-St-63116/home/93763767,599.5043948424501,1
https://www.redfin.com/MO/Saint-Louis/4845-Carter-Ave-63115/home/93733294,916.2168381103238,1
https://www.redfin.com/MO/Saint-Louis/2731-Osceola-St-63111/home/93705777,560.3888126838839,4
https://www.redfin.com/MO/Saint-Louis/5502-Vermont-Ave-63111/home/93708614,279.1457221451271,1
https://www.redfin.com/MO/Saint-Louis/3726-Michigan-Ave-63118/home/62767415,298.2922650410391,1
https://www.redfin.com/MO/Saint-Louis/6826-Dale-Ave-63139/home/63667571,637.0494931205287,2
https://www.redfin.com/MO/Saint-Louis/4273-Wyoming-St-63116/home/93729840,488.96834478677215,2
https://www.redfin.com/MO/Saint-Louis/4327-Chippewa-St-63116/home/93729724,303.34464048617804,1
https://www.redfin.com/MO/Saint-Louis/4935-Alcott-Ave-63120/home/93756771,262.77198661004655,2
https://www.redfin.com/MO/Saint-Louis/2917-Minnesota-Ave-63118/home/93692131,624.5083774377457,3
https://www.redfin.com/MO/Saint-Louis/4061-Concordia-Ave-63116/home/93761941,543.779688537686,1
https://www.redfin.com/MO/Saint-Louis/1029-Tamm-Ave-63139/home/93774502,711.5024070148072,2
https://www.redfin.com/MO/Saint-Louis/6448-Wade-Ave-63139/home/93740755,235.37123619453794,2
https://www.redfin.com/MO/Saint-Louis/2909-Clara-Ave-63120/home/93755286,792.665285422314,1
https://www.redfin.com/MO/Saint-Louis/4838-Goethe-Ave-63116/home/93763276,827.107343874344,1
https://www.redfin.com/MO/Saint-Louis/6409-Marquette-Ave-63139/home/93749115,446.8146990197979,2
https://www.redfin.com/MO/Saint-Louis/5523-Connecticut-St-63139/home/93765779,509.7026580341899,2
https://www.redfin.com/MO/Saint-Louis/5147-Pattison-Ave-63110/home/93728080,383.4157961200977,1
https://www.redfin.com/MO/Saint-Louis/3850-Marine-Ave-63118/home/93697186,274.5471997319764,3
https://www.redfin.com/MO/Saint-Louis/7923-Water-St-63111/home/93711251,1520.8661308721641,0
https://www.redfin.com/MO/Saint-Louis/3230-Osceola-St-63111/home/93706111,386.32263026434083,2
https://www.redfin.com/MO/Saint-Louis/3232-Osceola-St-63111/home/93706112,393.04776555114046,2
https://www.redfin.com/MO/Saint-Louis/7015-Field-Ave-63116/home/93773247,943.4173611679187,1
https://www.redfin.com/MO/Saint-Louis/4132-Miami-St-63116/home/93728518,918.5351179197831,2
https://www.redfin.com/MO/Saint-Louis/4616-S-Spring-Ave-63116/home/93767571,540.8905501406488,1
https://www.redfin.com/MO/Saint-Louis/3307-N-19th-St-63107/home/93688880,466.6105117367455,5
https://www.redfin.com/MO/Saint-Louis/3889-Walsh-St-63116/home/93766579,759.3903776212896,1
https://www.redfin.com/MO/Saint-Louis/6012-Fyler-Ave-63139/home/93742984,844.1550894772366,1
https://www.redfin.com/MO/Saint-Louis/7717-Vermont-Ave-63111/home/93711031,1073.6996699339256,0
https://www.redfin.com/MO/Saint-Louis/7075-Mardel-Ave-63109/home/93747908,1519.6504738069586,0
https://www.redfin.com/MO/Saint-Louis/4057-Cottage-Ave-63113/home/93716651,748.2876279277398,3
https://www.redfin.com/MO/Saint-Louis/2620-Tamm-Ave-63139/home/93743611,785.268155246724,2
https://www.redfin.com/MO/Saint-Louis/4049-W-Iowa-Ave-63118/home/62754944,241.31331177675446,5
https://www.redfin.com/MO/Saint-Louis/2604-Tamm-Ave-63139/home/93743614,818.1172630690926,2
https://www.redfin.com/MO/Saint-Louis/4157-Concordia-Ave-63116/home/93761967,646.2027604730802,2
https://www.redfin.com/MO/Saint-Louis/4159-Bowen-St-63116/home/93776368,374.42929307410867,1
https://www.redfin.com/MO/Saint-Louis/2628-Tamm-Ave-63139/home/93743612,770.2831791172193,2
https://www.redfin.com/MO/Saint-Louis/4066-Burgen-Ave-63116/home/82702094,608.1959948497155,2
https://www.redfin.com/MO/Saint-Louis/2611-Macklind-Ave-63139/home/93727444,217.95822424713674,1
https://www.redfin.com/MO/Saint-Louis/3306-California-Ave-63118/unit-C/home/93681721,1044.975797391866,0
https://www.redfin.com/MO/Saint-Louis/1913-Senate-St-63118/unit-A/home/93672839,997.7890038396085,1
https://www.redfin.com/MO/Saint-Louis/1386-Mobile-Ct-63139/home/93740873,406.39465360125286,3
https://www.redfin.com/MO/Saint-Louis/6411-Marquette-Ave-63139/home/62724999,440.91126700671083,2
https://www.redfin.com/MO/Saint-Louis/5532-Robin-Ave-63120/home/93751871,922.7252080583916,2
https://www.redfin.com/MO/St-Louis/4250-Juniata-St-63116/home/93729823,494.5101394279253,2
https://www.redfin.com/MO/Saint-Louis/6107-Alaska-Ave-63111/home/93709558,610.8858955185566,1
https://www.redfin.com/MO/Saint-Louis/4261-Humphrey-St-63116/home/93729592,425.3696470866023,2
https://www.redfin.com/MO/Saint-Louis/4712-Nebraska-Ave-63111/home/93706897,1320.4361839226112,0
https://www.redfin.com/MO/Saint-Louis/4073-Schiller-Pl-63116/home/93770299,603.8087913023484,1
https://www.redfin.com/MO/Saint-Louis/4416-S-Spring-Ave-63116/home/93730877,786.0370528607541,1
https://www.redfin.com/MO/Saint-Louis/5212-Columbia-Ave-63139/home/93727626,324.8681542793339,3
https://www.redfin.com/MO/Saint-Louis/7219-Eugene-Ave-63116/home/93712115,1209.5337603657786,0
https://www.redfin.com/MO/Saint-Louis/1509-W-Billon-Ave-63139/home/93741495,493.01408968213406,2
https://www.redfin.com/MO/Saint-Louis/1317-Hughes-Pl-63110/home/93726302,665.8719452259365,1
https://www.redfin.com/MO/Saint-Louis/2750-Hermitage-Ave-63143/home/93745086,1481.8593445823315,0
https://www.redfin.com/MO/Saint-Louis/5516-Botanical-Ave-63110/home/93727089,462.1550000391891,1
https://www.redfin.com/MO/Saint-Louis/1519-Angelrodt-St-63107/home/93679631,368.31691129421887,5
https://www.redfin.com/MO/Saint-Louis/5626-Vivian-Pl-63136/home/93769783,674.3838946630398,1
https://www.redfin.com/MO/Saint-Louis/2031-Agnes-St-63107/home/93688793,528.0997533842747,4
https://www.redfin.com/MO/Saint-Louis/2025-Agnes-St-63107/home/93688794,502.52349788572843,4
https://www.redfin.com/MO/Saint-Louis/1304-S-Boyle-Ave-63110/home/93726637,316.6556629772841,4
https://www.redfin.com/MO/Saint-Louis/4110-Dryden-Ave-63115/home/93767335,618.7725963108819,1
https://www.redfin.com/MO/Saint-Louis/2033-Schaeffer-Pl-63139/home/93741328,541.5798186257117,1
https://www.redfin.com/MO/Saint-Louis/4627-Maffitt-Ave-63113/home/87394741,497.8476063490617,1
https://www.redfin.com/MO/Saint-Louis/3709-Blow-St-63116/home/62751740,1198.5723070024649,0
https://www.redfin.com/MO/Saint-Louis/4660-Dewey-Ave-63116/home/69946383,229.44762492944275,1
https://www.redfin.com/MO/Saint-Louis/4687-Primm-St-63116/home/93775235,1098.3158992755273,0
https://www.redfin.com/MO/Saint-Louis/5837-Arsenal-St-63139/home/93726720,621.5497235560205,2
https://www.redfin.com/MO/Saint-Louis/3716-Illinois-Ave-63118/home/93696927,274.2585246396326,2
https://www.redfin.com/MO/Saint-Louis/4248-Juniata-St-63116/home/93672398,486.1661518709526,2
https://www.redfin.com/MO/Saint-Louis/4709-Allemania-St-63116/home/93775535,1329.2196453830582,0
https://www.redfin.com/MO/Saint-Louis/6307-Arsenal-St-63139/home/93768098,687.5012519226892,2
https://www.redfin.com/MO/Saint-Louis/4248-Schiller-Pl-63116/home/93781161,329.6627745606908,1
https://www.redfin.com/MO/Saint-Louis/3639-Roswell-Ave-63116/home/93711735,1012.4307664322522,0
https://www.redfin.com/MO/Saint-Louis/5919-Sherry-Ave-63136/home/93758734,1332.3258634565982,0
https://www.redfin.com/MO/Saint-Louis/6223-Wyoming-St-63139/home/93775933,1058.5160218231458,0
https://www.redfin.com/MO/Saint-Louis/5018-Geraldine-Ave-63115/home/93750494,730.3238317343635,3
https://www.redfin.com/MO/Saint-Louis/4609-Steffens-Ave-63116/home/62758711,804.7818095205173,1
https://www.redfin.com/MO/Saint-Louis/4006-Schiller-Pl-63116/home/93781146,855.8428729141767,1
https://www.redfin.com/MO/Saint-Louis/5123-Pattison-Ave-63110/home/63733070,338.930510895229,1
https://www.redfin.com/MO/Saint-Louis/7142-Winona-Ave-63109/home/93747829,1750.4562492156633,0
https://www.redfin.com/MO/Saint-Louis/8986-Edna-St-63147/home/93760652,643.6507189611423,1
https://www.redfin.com/MO/Saint-Louis/3834-Texas-Ave-63118/home/93696571,534.7519407709843,5
https://www.redfin.com/MO/Saint-Louis/1409-E-Gano-Ave-63107/home/93712591,503.97319598893296,2
https://www.redfin.com/MO/Saint-Louis/925-Iron-St-63111/home/93709512,791.9747863408641,1
https://www.redfin.com/MO/Saint-Louis/5524-Alaska-Ave-63111/home/93708540,246.19494287927523,1
https://www.redfin.com/MO/Saint-Louis/3649-Koeln-Ave-63116/home/93712077,1262.01252454906,0
https://www.redfin.com/MO/Saint-Louis/4617-Michigan-Ave-63111/home/62743733,949.313509753312,1
https://www.redfin.com/MO/Saint-Louis/5005-Jamieson-Ave-63109/unit-2N/home/92894593,414.69210021550674,1
https://www.redfin.com/MO/Saint-Louis/1045-Childress-Ave-63139/home/93740424,706.0439994746873,3
https://www.redfin.com/MO/Saint-Louis/5916-Lalite-Ave-63136/home/93758726,1322.836168131137,0
https://www.redfin.com/MO/Saint-Louis/4714-Dahlia-Ave-63116/home/62720049,1135.3359739203468,0
https://www.redfin.com/MO/Saint-Louis/6027-Leona-St-63116/home/93770851,184.11847878916151,1
https://www.redfin.com/MO/Saint-Louis/4454-Bingham-Ave-63116/home/93772056,607.248303243539,1
https://www.redfin.com/MO/Saint-Louis/961-Switzer-Ave-63147/home/93730567,2117.149334671219,0
https://www.redfin.com/MO/Saint-Louis/5236-Grace-Ave-63116/home/93742564,607.8663541608241,2
https://www.redfin.com/MO/Saint-Louis/4733-Hummel-Ave-63116/home/93763392,1165.4063519688075,0
https://www.redfin.com/MO/Saint-Louis/4873-Goethe-Ave-63116/home/93763305,969.3173242831168,1
https://www.redfin.com/MO/Saint-Louis/4924-Blow-St-63109/home/93758371,619.3314195583151,1
https://www.redfin.com/MO/Saint-Louis/3857-Neosho-St-63116/home/93767657,592.2967921761214,1
https://www.redfin.com/MO/Saint-Louis/5134-Cologne-Ave-63116/home/93761649,761.842853973131,1
https://www.redfin.com/MO/Saint-Louis/1501-Sproule-Ave-63139/home/93761913,421.101943005015,2
https://www.redfin.com/MO/Saint-Louis/3928-Itaska-St-63116/home/93750175,774.9975796474415,1
https://www.redfin.com/MO/Saint-Louis/3380-Commonwealth-Ave-63143/home/93751173,1921.9748778134742,0
https://www.redfin.com/MO/Saint-Louis/5736-Devonshire-Ave-63109/home/93753132,942.4600726225281,1
https://www.redfin.com/MO/Saint-Louis/3658-Roswell-Ave-63116/home/93711772,1097.7416705719033,0
https://www.redfin.com/MO/Saint-Louis/7043-Lansdowne-Ave-63109/home/62718856,1216.8044054456604,0
https://www.redfin.com/MO/Saint-Louis/5434-Christy-Ave-63116/home/93757892,975.4834795982914,1
https://www.redfin.com/MO/Saint-Louis/2517-Tamm-Ave-63139/home/69385646,916.0665403986944,2
https://www.redfin.com/MO/Saint-Louis/4734-Goethe-Ave-63116/home/93757169,659.744811584231,1
https://www.redfin.com/MO/Saint-Louis/3870-Marine-Ave-63118/home/93697180,360.64931440626697,3
https://www.redfin.com/MO/Saint-Louis/4864-Calvin-Ave-63115/home/93733011,756.5390724100429,1
https://www.redfin.com/MO/Saint-Louis/4083-Burgen-Ave-63116/home/93761893,649.9950916271088,2
https://www.redfin.com/MO/Saint-Louis/5458-Harney-Ave-63120/home/93762782,153.3782184663778,3
https://www.redfin.com/MO/Saint-Louis/1812-James-a-Harvey-Ln-63133/home/93444245,790.5471564907715,1
https://www.redfin.com/MO/Saint-Louis/870-Elias-Ave-63147/home/93756055,1133.0671179361455,0
https://www.redfin.com/MO/Saint-Louis/7246-Stolle-St-63116/home/93775493,1480.119264463338,0
https://www.redfin.com/MO/Saint-Louis/4695-Tesson-St-63116/home/93775247,1206.1265125617422,0
https://www.redfin.com/MO/Saint-Louis/4414-Oleatha-Ave-63116/home/93756203,911.0836404218716,1
https://www.redfin.com/MO/Saint-Louis/4007-Delor-St-63116/home/93750353,772.0229911376069,2
https://www.redfin.com/MO/Saint-Louis/6943-Sutherland-Ave-63109/home/93774259,1012.6432513643994,0
https://www.redfin.com/MO/Saint-Louis/5343-Blow-St-63109/home/62713417,951.719700638775,2
https://www.redfin.com/MO/Saint-Louis/4838-Potomac-St-63116/home/93756234,757.7323256915869,2
https://www.redfin.com/MO/Saint-Louis/2607-Michigan-Ave-63118/home/93691996,480.84766319782,2
https://www.redfin.com/MO/Saint-Louis/4363-Miami-St-63116/home/93730021,803.379900781339,1
https://www.redfin.com/MO/Saint-Louis/3117-Michigan-Ave-63118/home/93692808,328.7178245048987,1
https://www.redfin.com/MO/Saint-Louis/6026-Thekla-Ave-63136/home/93759076,1134.1295777615826,0
https://www.redfin.com/MO/Saint-Louis/6030-Arthur-Ave-63139/home/93742983,710.2439066198938,2
https://www.redfin.com/MO/Saint-Louis/3967-Eichelberger-St-63116/home/93757739,934.1339347879004,1
https://www.redfin.com/MO/Saint-Louis/4722-Primm-St-63116/home/93775513,1217.5275797086838,0
https://www.redfin.com/MO/Saint-Louis/1414-McCausland-Ave-63117/home/93740570,673.9247532226302,2
https://www.redfin.com/MO/Saint-Louis/6560-Villa-Ave-63139/home/93740701,629.2576894763656,4
https://www.redfin.com/MO/Saint-Louis/5418-Milentz-Ave-63109/home/93771267,1007.575372726173,0
https://www.redfin.com/MO/Saint-Louis/2807-Chariton-St-63111/home/93705481,316.4999989982621,4
https://www.redfin.com/MO/Saint-Louis/3837-Bates-St-63116/home/93761598,988.1307346354769,1
https://www.redfin.com/MO/Saint-Louis/5812-Victoria-Ave-63110/home/93769203,703.2007275315718,3
https://www.redfin.com/MO/Saint-Louis/4741-Milentz-Ave-63116/home/93756829,582.9195511058209,1
https://www.redfin.com/MO/Saint-Louis/1933-Chippewa-St-63118/home/93697387,190.81264098712035,3
https://www.redfin.com/MO/Saint-Louis/1937-Chippewa-St-63118/home/93697385,201.39851799984513,3
https://www.redfin.com/MO/Saint-Louis/5638-Hancock-Ave-63139/home/93749140,916.0858391500595,2
https://www.redfin.com/MO/Saint-Louis/4600-Richard-Pl-63115/home/93734527,1088.8422502924677,0
https://www.redfin.com/MO/Saint-Louis/5649-Hancock-Ave-63139/home/62744315,935.3477518409761,2
https://www.redfin.com/MO/Saint-Louis/5641-Marquette-Ave-63139/home/93749128,910.8729635310962,2
https://www.redfin.com/MO/Saint-Louis/4566-Lewis-Pl-63113/home/93749619,566.0222992832665,4
https://www.redfin.com/MO/Saint-Louis/1310-San-Jacinto-Ct-63139/home/93750089,649.0401585313392,3
https://www.redfin.com/MO/Saint-Louis/5629-Marquette-Ave-63139/home/93749131,922.4437929087763,2
https://www.redfin.com/MO/Saint-Louis/4523-Anderson-Ave-63115/home/93734114,847.1874990884161,2
https://www.redfin.com/MO/Saint-Louis/4521-Anderson-Ave-63115/home/93734136,840.3041721723184,2
https://www.redfin.com/MO/Saint-Louis/4631-Primm-St-63116/home/93775221,1013.4752962053702,0
https://www.redfin.com/MO/Saint-Louis/5315-Alfred-Ave-63116/home/93761696,452.7755975898106,1
https://www.redfin.com/MO/Saint-Louis/4121-Taft-Ave-63116/home/93757851,468.7188554544497,2
https://www.redfin.com/MO/Saint-Louis/4340-Miami-St-63116/home/93730104,730.7616346135894,1
https://www.redfin.com/MO/Saint-Louis/2603-Brannon-Ave-63139/home/93727383,237.47701630195667,2
https://www.redfin.com/MO/Saint-Louis/935-Fillmore-St-63111/home/93708887,539.3155850273822,1
https://www.redfin.com/MO/Saint-Louis/8512-Minnesota-Ave-63111/home/93711571,2137.317781725298,0
https://www.redfin.com/MO/Saint-Louis/7125-Vermont-Ave-63111/home/93710425,253.37098470565672,1
https://www.redfin.com/MO/Saint-Louis/3663-Steins-St-63116/home/93757118,1323.7562219692734,0
https://www.redfin.com/MO/Saint-Louis/3461-S-Grand-Blvd-63118/home/93695492,1081.072368618884,0
https://www.redfin.com/MO/Saint-Louis/1319-San-Jacinto-Ct-63139/home/93750079,629.0036480919499,4
https://www.redfin.com/MO/Saint-Louis/2827-Abner-Pl-63120/home/93738219,1081.138337849339,0
https://www.redfin.com/MO/Saint-Louis/4518-Tennessee-Ave-63111/home/93706295,709.454008939461,2
https://www.redfin.com/MO/Saint-Louis/6041-Harney-Ave-63136/home/93758448,687.1816685616823,1
https://www.redfin.com/MO/Saint-Louis/4175-Newport-Ct-63116/home/62743526,571.4853969861099,2
https://www.redfin.com/MO/Saint-Louis/4717-Michigan-Ave-63111/home/93707473,1208.5276327508461,0
https://www.redfin.com/MO/Saint-Louis/246-Woodbourne-Dr-63105/home/93771920,418.6676784859198,3
https://www.redfin.com/MO/University-City/6238-Washington-Ave-63130/home/93760196,676.5097822814091,3
https://www.redfin.com/MO/Saint-Louis/15-Arundel-Pl-63105/home/93766545,236.53925687098288,2
https://www.redfin.com/MO/Saint-Louis/1414-Mississippi-Ave-63104/home/62765202,490.76399607922133,4
https://www.redfin.com/MO/Saint-Louis/907-N-Taylor-Ave-63122/home/93512270,530.8477416501514,5
https://www.redfin.com/MO/Saint-Louis/4538-Pershing-Pl-63108/home/93724614,497.4859178594584,5
https://www.redfin.com/MO/University-City/6223-Washington-Ave-63130/home/93760159,588.838611969417,3
https://www.redfin.com/MO/Saint-Louis/4624-Pershing-Pl-63108/home/93724640,641.1050695185055,5
https://www.redfin.com/MO/Saint-Louis/1817-Lasalle-St-63104/home/93701280,527.0385899435698,4
https://www.redfin.com/MO/Saint-Louis/2741-Lafayette-Ave-63104/home/193545739,134.7784119814544,2
https://www.redfin.com/MO/Saint-Louis/4355-W-Pine-Blvd-63108/home/93725232,251.00242733753387,5
https://www.redfin.com/MO/Saint-Louis/5239-Wilson-Ave-63110/home/93727734,675.8312462944685,2
https://www.redfin.com/MO/Saint-Louis/17-Arundel-Pl-63105/home/93766546,223.397654273383,2
https://www.redfin.com/MO/Saint-Louis/5443-Columbia-Ave-63139/home/93771705,312.52972606049735,1
https://www.redfin.com/MO/Saint-Louis/5302-Wilson-Ave-63110/home/178545699,599.7206836426444,2
https://www.redfin.com/MO/Saint-Louis/362-Walton-Row-63108/home/62756938,538.8041584258644,4
https://www.redfin.com/MO/St-Louis/3758-Olive-St-63108/unit-14/home/195107699,264.27467244270167,12
https://www.redfin.com/MO/Saint-Louis/1038-Geyer-Ave-63104/home/93685666,909.6809420811163,2
https://www.redfin.com/MO/Saint-Louis/6327-Wade-Ave-63139/home/93726459,106.9699933271503,2
https://www.redfin.com/MO/Saint-Louis/4731-Westminster-Pl-63108/home/93709316,325.9260950181558,3
https://www.redfin.com/MO/Saint-Louis/4508-Pershing-Pl-63108/home/93724628,391.6779354657082,5
https://www.redfin.com/MO/Saint-Louis/1103-Dolman-St-63104/home/93683537,355.32465197944344,4
https://www.redfin.com/MO/Saint-Louis/2017-Park-Ave-63104/home/93672793,623.4417420573923,3
https://www.redfin.com/MO/Saint-Louis/6225-San-Bonita-Ave-63105/home/93768160,523.9581664453897,2
https://www.redfin.com/MO/Saint-Louis/6310-Alexander-Dr-63105/home/93477165,355.98909986990935,3
https://www.redfin.com/MO/Saint-Louis/1912-Rutger-St-63104/home/168304422,513.6322194513886,4
https://www.redfin.com/MO/Saint-Louis/8-W-Pine-Ct-63108/home/93724529,300.3499793333907,5
https://www.redfin.com/MO/Saint-Louis/6732-Delor-St-63109/home/93781392,570.4447694853508,1
https://www.redfin.com/MO/Saint-Louis/1823-Hickory-St-63104/home/93701221,476.08807002365927,4
https://www.redfin.com/MO/Saint-Louis/1218-Dolman-St-63104/home/146873435,187.64667192860145,4
https://www.redfin.com/MO/Saint-Louis/4533-Westminster-Pl-63108/home/93739871,233.02874212988408,4
https://www.redfin.com/MO/Saint-Louis/10-Arundel-Pl-63105/home/93769346,257.182890670787,2
https://www.redfin.com/MO/Saint-Louis/370-Walton-Row-63108/home/93724710,521.9602950292451,4
https://www.redfin.com/MO/Saint-Louis/3525-Crittenden-St-63118/home/93692731,681.073920508511,3
https://www.redfin.com/MO/Saint-Louis/4016-Flora-Pl-63110/home/93746617,359.51636423222624,5
https://www.redfin.com/MO/Saint-Louis/4385-McPherson-Ave-63108/home/93740334,256.5002779989242,3
https://www.redfin.com/MO/Saint-Louis/5951-Jamieson-Ave-63109/home/62742167,849.3487193207978,1
https://www.redfin.com/MO/University-City/6249-Washington-Ave-63130/home/62753318,629.8996216612004,3
https://www.redfin.com/MO/Saint-Louis/4424-Laclede-Ave-63108/home/93725073,401.3085572926422,6
https://www.redfin.com/MO/Saint-Louis/1409-Vail-Pl-63104/home/93673161,475.9242767049607,4
https://www.redfin.com/MO/Saint-Louis/4347-McPherson-Ave-63108/home/93740305,357.1344745786455,4
https://www.redfin.com/MO/Saint-Louis/5156-Westminster-Pl-63108/home/77510183,183.59217484725065,2
https://www.redfin.com/MO/Saint-Louis/2309-Sublette-Ave-63110/home/181867568,500.11485699108147,1
https://www.redfin.com/MO/Saint-Louis/3834-Olive-St-63108/home/176875143,262.39141395756235,11
https://www.redfin.com/MO/Saint-Louis/2328-Albion-Pl-63104/home/93672036,607.6447221881358,5
https://www.redfin.com/MO/Saint-Louis/5027-Daggett-Ave-63110/home/93728145,621.1624011129105,1
https://www.redfin.com/MO/Saint-Louis/5223-Botanical-Ave-63110/home/93727552,305.6851812158207,2
https://www.redfin.com/MO/Saint-Louis/6253-Murdoch-Ave-63109/home/93780082,870.9357394022112,1
https://www.redfin.com/MO/Saint-Louis/1901-Lafayette-Ave-63104/home/93697406,106.102221689632,5
https://www.redfin.com/MO/Saint-Louis/1908-Lasalle-St-63104/home/93701184,564.4515370126323,4
https://www.redfin.com/MO/Saint-Louis/5102-Waterman-Blvd-63108/home/93745900,376.132777617243,1
https://www.redfin.com/MO/Saint-Louis/5150-Westminster-Pl-63108/home/93745986,195.07010908469303,2
https://www.redfin.com/MO/Saint-Louis/4440-Laclede-Ave-63108/home/93672249,338.7446977664477,6
https://www.redfin.com/MO/Saint-Louis/4351-Laclede-Ave-63108/home/93725182,404.09393171022634,6
https://www.redfin.com/MO/Saint-Louis/4235-Maryland-Ave-63108/home/93725334,481.62719586061974,5
https://www.redfin.com/MO/St-Louis/2223-Hickory-63104/home/186089507,977.9477774685126,1
https://www.redfin.com/MO/Saint-Louis/4312-Laclede-Ave-63108/home/93725190,371.49368497289527,6
https://www.redfin.com/MO/Saint-Louis/2920-Milton-Blvd-63104/home/93691199,764.4246926215106,4
https://www.redfin.com/MO/Saint-Louis/2614-Dalton-Ave-63139/home/93726773,622.5907315788521,3
https://www.redfin.com/MO/Saint-Louis/6207-Delor-St-63109/home/93780310,594.698329149823,2
https://www.redfin.com/MO/Saint-Louis/3810-Olive-St-63108/unit-10/home/176875147,273.19060006513416,12
https://www.redfin.com/MO/Saint-Louis/1216-Dolman-St-63104/home/103203498,194.92638673647994,4
https://www.redfin.com/MO/Saint-Louis/336-N-Newstead-Ave-63108/home/93725641,122.47743071771859,3
https://www.redfin.com/MO/Saint-Louis/1928-Lasalle-St-63104/home/76811282,635.2618362902518,4
https://www.redfin.com/MO/Saint-Louis/4211-Shenandoah-Ave-63110/home/62698685,327.7134182883022,4
https://www.redfin.com/MO/Saint-Louis/4319-McPherson-Ave-63108/home/70105615,456.164715622473,6
https://www.redfin.com/MO/Saint-Louis/4230-Maryland-Ave-63108/home/146873905,482.0538758170582,5
https://www.redfin.com/MO/Saint-Louis/4234-Olive-St-63108/home/62726464,641.8803421991274,6
https://www.redfin.com/MO/Saint-Louis/5217-Botanical-Ave-63110/home/146873938,323.4422012422368,2
https://www.redfin.com/MO/Saint-Louis/6242-Loran-Ave-63109/home/93779934,387.9330462681907,2
https://www.redfin.com/MO/Saint-Louis/3649-Cleveland-Ave-63110/home/93700316,467.2732657040784,4
https://www.redfin.com/MO/Saint-Louis/5918-Crane-Cir-63109/home/67168265,241.83191101685608,2
https://www.redfin.com/MO/Saint-Louis/2747-Lafayette-Ave-63104/home/77299754,131.39756528775945,2
https://www.redfin.com/MO/Saint-Louis/4366-Laclede-Ave-63108/home/93725198,521.1871599866616,6
https://www.redfin.com/MO/Saint-Louis/4527-Maryland-Ave-63108/home/93724738,457.5521253774827,4
https://www.redfin.com/MO/Saint-Louis/6347-Devonshire-Ave-63109/home/93780130,730.0288326205725,1
https://www.redfin.com/MO/Saint-Louis/4008-Flora-Pl-63110/home/77526639,346.6526281223961,5
https://www.redfin.com/MO/St-Louis/3810-Olive-St-63108/unit-10/home/192866158,273.19060006513416,12
https://www.redfin.com/MO/St-Louis/2227-Hickory-63104/home/171387812,977.9477774685126,1
https://www.redfin.com/MO/Saint-Louis/2235-Hickory-St-63104/home/181866124,1004.1249619843317,0
https://www.redfin.com/MO/Saint-Louis/3918-Cleveland-Ave-63110/home/93746314,446.47878480926715,3
https://www.redfin.com/MO/Saint-Louis/6127-Kingsbury-Ave-63112/home/62765009,451.7915540807809,4
https://www.redfin.com/MO/Saint-Louis/3816-Castleman-Ave-63110/home/93747266,391.1208885410921,4
https://www.redfin.com/MO/Saint-Louis/3847-Holly-Hills-Blvd-63116/home/93773684,1016.7886652357537,0
https://www.redfin.com/MO/Saint-Louis/5945-Clifton-Ave-63109/home/93783994,187.36269444349222,2
https://www.redfin.com/MO/Saint-Louis/3011-Wisconsin-Ave-63118/home/93699107,1101.5890712365294,0
https://www.redfin.com/MO/Saint-Louis/1226-Dolman-St-63104/home/143286332,180.31569842095925,4
https://www.redfin.com/MO/Saint-Louis/4001-Cleveland-Ave-63110/home/93746567,536.8024234272852,4
https://www.redfin.com/MO/Saint-Louis/3511-Pestalozzi-St-63118/home/93692428,718.1434653027649,3
https://www.redfin.com/MO/Saint-Louis/3740-Texas-Ave-63118/home/93696622,379.3858745253471,4
https://www.redfin.com/MO/Saint-Louis/4650-Saint-Louis-Ave-63115/home/93718424,414.440583098621,1
https://www.redfin.com/MO/Saint-Louis/6111-Sherry-Ave-63136/home/93745584,1593.93459924196,0
https://www.redfin.com/MO/Saint-Louis/2917-Abner-Pl-63120/home/93738363,966.8668058061705,1
https://www.redfin.com/MO/Saint-Louis/6119-Lillian-Ave-63136/home/93762141,1557.8104672628024,0
https://www.redfin.com/MO/Saint-Louis/4031-Pennsylvania-Ave-63118/home/93704923,363.3101856125778,5
https://www.redfin.com/MO/Saint-Louis/4561-Lexington-Ave-63115/home/93735549,451.9064812930327,2
https://www.redfin.com/MO/Saint-Louis/3958-Kennerly-Ave-63113/home/62732076,770.2526648647961,2
https://www.redfin.com/MO/Saint-Louis/1517-Herder-St-63107/home/93689192,454.64150850710126,5
https://www.redfin.com/MO/Saint-Louis/4239-E-San-Francisco-Ave-63115/home/93715655,675.3244601670873,2
https://www.redfin.com/MO/Saint-Louis/4240-Nebraska-Ave-63111/home/93705540,224.31921297605382,4
https://www.redfin.com/MO/Saint-Louis/5053-Claxton-Ave-63120/home/93764180,468.0558739209453,3
https://www.redfin.com/MO/Saint-Louis/5114-Maffitt-Ave-63113/home/93737481,669.3253822393631,3
https://www.redfin.com/MO/Saint-Louis/5088-Queens-Ave-63115/home/93768753,1086.9564946127703,0
https://www.redfin.com/MO/Saint-Louis/5219-Maffitt-Ave-63113/home/93737456,769.2021978762191,3
https://www.redfin.com/MO/Saint-Louis/1169-Howell-St-63147/home/62715313,355.9300196989595,1
https://www.redfin.com/MO/Saint-Louis/3130-Oregon-Ave-63118/home/93692934,807.7559402322688,2
https://www.redfin.com/MO/Saint-Louis/4633-Michigan-Ave-63111/home/93706837,1009.4363115639479,0
https://www.redfin.com/MO/Saint-Louis/3223-Taft-Ave-63111/home/93706216,708.0520064238461,1
https://www.redfin.com/MO/Saint-Louis/4961-Margaretta-Ave-63115/home/93761346,431.2167072397183,3
https://www.redfin.com/MO/Saint-Louis/4623-Elmbank-Ave-63115/home/93736030,144.6279526755271,2
https://www.redfin.com/MO/Saint-Louis/819-Elias-Ave-63147/home/93782975,1338.6070129484265,0
https://www.redfin.com/MO/Saint-Louis/5359-Maffitt-Ave-63112/home/93738256,1114.435206166242,0
https://www.redfin.com/MO/Saint-Louis/4976-Genevieve-Ave-63120/home/93757409,301.33338654054234,3
https://www.redfin.com/MO/Saint-Louis/4414-Carter-Ave-63115/home/93734231,460.98852954876327,2
https://www.redfin.com/MO/St-Louis/5955-Harney-63135/home/196025851,732.3201417426269,1
https://www.redfin.com/MO/Saint-Louis/4330-California-Ave-63111/home/93705808,419.75563199848654,4
https://www.redfin.com/MO/Saint-Louis/6301-Laura-Ave-63136/home/93762194,1757.7960186634052,0
https://www.redfin.com/MO/Saint-Louis/3918-California-Ave-63118/home/93704319,456.82811955782705,5
https://www.redfin.com/MO/Saint-Louis/1122-McLaran-Ave-63147/home/93731328,1183.4372951428631,0
https://www.redfin.com/MO/Saint-Louis/6155-Sherry-Ave-63136/home/93745573,1627.036504205272,0
https://www.redfin.com/MO/Saint-Louis/5920-Lalite-Ave-63136/home/93758733,1332.9195615554895,0
https://www.redfin.com/MO/Saint-Louis/6341-Sherry-Ave-63136/home/93762091,1683.7657024577259,0
https://www.redfin.com/MO/Saint-Louis/4319-Prairie-Ave-63107/home/93712823,342.7770630767713,1
https://www.redfin.com/MO/Saint-Louis/918-Nassau-Dr-63147/home/93759802,981.6652872771926,1
https://www.redfin.com/MO/Saint-Louis/4512-Ashland-Ave-63115/home/93735876,440.68944584205593,2
https://www.redfin.com/MO/Saint-Louis/8421-Church-Rd-63147/home/93731366,1397.890521217355,0
https://www.redfin.com/MO/Saint-Louis/3408-Marcus-Ave-63115/home/93735833,174.35416818059764,2
https://www.redfin.com/MO/Saint-Louis/4629-Michigan-Ave-63111/home/93706838,997.0636968822813,1
https://www.redfin.com/MO/Saint-Louis/8408-Church-Rd-63147/home/62720046,1462.4294807317765,0
https://www.redfin.com/MO/Saint-Louis/1434-E-Gano-Ave-63107/home/93703701,561.1147720106145,2
https://www.redfin.com/MO/Saint-Louis/3720-Virginia-Ave-63118/home/93695656,552.1690405794163,1
https://www.redfin.com/MO/Saint-Louis/4593-Maffitt-Ave-63113/home/93718538,519.9094006927046,1
https://www.redfin.com/MO/Saint-Louis/4853-Calvin-Ave-63115/home/93732990,823.8523450831722,1
https://www.redfin.com/MO/Saint-Louis/5267-Beacon-Ave-63120/home/93763135,279.8589821941064,3
https://www.redfin.com/MO/Saint-Louis/5129-Maffitt-Ave-63113/home/93737305,693.8554200105435,3
https://www.redfin.com/MO/Saint-Louis/6315-Sherry-Ave-63136/home/93762113,1646.3046540367982,0
https://www.redfin.com/MO/Saint-Louis/5340-Mimika-Ave-63136/home/62737698,1062.2951066082653,0
https://www.redfin.com/MO/Saint-Louis/1913-Belle-Glade-Ave-63113/home/146873830,570.3514417112145,1
https://www.redfin.com/MO/Saint-Louis/5962-Goodfellow-Blvd-63147/home/93768975,564.4984782838077,1
https://www.redfin.com/MO/Saint-Louis/2242-Osage-St-63118/home/93704952,252.84690755677013,4
https://www.redfin.com/MO/Saint-Louis/4939-Alcott-Ave-63120/home/93756770,251.5667834103552,2
https://www.redfin.com/MO/Saint-Louis/4429-Marcus-Ave-63115/home/93733139,1297.8441182315207,0
https://www.redfin.com/MO/Saint-Louis/3414-Michigan-Ave-63118/home/62698371,832.4670775586096,2
https://www.redfin.com/MO/Saint-Louis/4217-Clarence-Ave-63115/home/93714357,313.83768982001595,2
https://www.redfin.com/MO/Saint-Louis/3607-Clay-Ave-63115/home/62716875,305.2395813820929,2
https://www.redfin.com/MO/Saint-Louis/4530-Greer-Ave-63115/home/93718336,353.64154338130834,1
https://www.redfin.com/MO/Saint-Louis/811-Hornsby-Ave-63147/home/93761177,1374.8836858962234,0
https://www.redfin.com/MO/Saint-Louis/5710-Saint-Louis-Ave-63120/home/93755003,527.001466412297,1
https://www.redfin.com/MO/Saint-Louis/4224-Penrose-St-63115/home/93714441,393.0510358871162,2
https://www.redfin.com/MO/Saint-Louis/2823-Nebraska-Ave-63118/home/93691796,521.7705214641727,3
https://www.redfin.com/MO/Saint-Louis/5242-Wabada-Ave-63113/home/93737902,644.0293709449314,1
https://www.redfin.com/MO/Saint-Louis/6133-Lillian-Ave-63136/home/93762121,1612.2581733443274,0
https://www.redfin.com/MO/Saint-Louis/828-Elias-Ave-63147/home/93759939,1299.5619491415107,0
https://www.redfin.com/MO/Saint-Louis/5521-Genevieve-Ave-63120/home/93763193,451.2142576989646,2
https://www.redfin.com/MO/Saint-Louis/4749-Beacon-Ave-63120/home/93767278,572.2659233527173,1
https://www.redfin.com/MO/Saint-Louis/827-Canaan-Ave-63147/home/93759983,1298.7212702433214,0
https://www.redfin.com/MO/Saint-Louis/5039-Queens-Ave-63115/home/93768737,1035.4474793042962,0
https://www.redfin.com/MO/Saint-Louis/5086-Arlington-Ave-63120/home/93764196,437.3410462826967,3
https://www.redfin.com/MO/Saint-Louis/4150-Shreve-Ave-63115/home/93733223,905.2911234087045,1
https://www.redfin.com/MO/Saint-Louis/8504-Concord-Pl-63147/home/93766425,1387.180064422694,0
https://www.redfin.com/MO/Saint-Louis/3203-N-Taylor-Ave-63115/home/93735858,455.46882045722197,2
https://www.redfin.com/MO/Saint-Louis/5521-Alcott-Ave-63120/home/93765959,217.83974786665652,2
https://www.redfin.com/MO/Saint-Louis/6165-Sherry-Ave-63136/home/93745570,1631.383730482141,0
https://www.redfin.com/MO/Saint-Louis/6018-Margaretta-Ave-63120/home/93731992,1895.7446677811306,0
https://www.redfin.com/MO/Saint-Louis/5353-Maffitt-Ave-63112/home/93738250,1095.0858755517647,0
https://www.redfin.com/MO/Saint-Louis/4419-Farlin-Ave-63115/home/62714719,223.982258884298,2
https://www.redfin.com/MO/Saint-Louis/5556-Floy-Ave-63136/home/93770012,620.8025485936604,1
https://www.redfin.com/MO/Saint-Louis/5305-Minnesota-Ave-63111/home/93708123,836.2687769184746,1
https://www.redfin.com/MO/Saint-Louis/4962-Lilburn-Ave-63115/home/93761118,1236.147857727028,0
https://www.redfin.com/MO/Saint-Louis/1519-Herder-St-63107/home/93689197,456.7665559492291,5
https://www.redfin.com/MO/Saint-Louis/5205-Emerson-Ave-63120/home/93765007,332.334889628726,3
https://www.redfin.com/MO/Saint-Louis/5155-Terry-Ave-63115/home/93737294,623.5954715788397,3
https://www.redfin.com/MO/Saint-Louis/3006-Miami-St-63118/home/93696351,349.36005664097587,1
https://www.redfin.com/MO/Saint-Louis/4012-Penrose-St-63107/home/93714908,996.1267082554126,1
https://www.redfin.com/MO/Saint-Louis/610-Fremont-Ave-63147/unit-R/home/93785876,1715.8635766515624,0
https://www.redfin.com/MO/Saint-Louis/4860-Anderson-Ave-63115/home/93733352,705.980121781173,1
https://www.redfin.com/MO/Saint-Louis/949-Canaan-Ave-63147/home/93756372,875.4078706460589,1
https://www.redfin.com/MO/Saint-Louis/5561-Floy-Ave-63136/home/93770097,641.0153542192556,1
https://www.redfin.com/MO/Saint-Louis/4420-Cottage-Ave-63113/home/93717915,575.3374473100121,1
https://www.redfin.com/MO/Saint-Louis/2036-E-De-Soto-Ave-63107/home/93712614,308.37078252975385,2
https://www.redfin.com/MO/Saint-Louis/8116-Pelham-Ave-63147/home/93731456,2008.0664880427992,0
https://www.redfin.com/MO/Saint-Louis/5431-Arlington-Ave-63120/home/93764910,267.494098705123,3
https://www.redfin.com/MO/Saint-Louis/3711-Gravois-Ave-63116/home/93730381,1539.0914240388463,0
https://www.redfin.com/MO/Saint-Louis/3122-N-Taylor-Ave-63115/home/93715395,503.9273833906441,2
https://www.redfin.com/MO/Saint-Louis/8214-Pelham-Ave-63147/home/62765519,1890.6869324092143,0
https://www.redfin.com/MO/Saint-Louis/2236-Sullivan-Ave-63107/home/93687500,1000.4505909627476,0
https://www.redfin.com/MO/Saint-Louis/4307-Gravois-Ave-63116/home/93726571,473.81792764315884,1
https://www.redfin.com/MO/Saint-Louis/7142-Idaho-Ave-63111/home/93710297,424.9582989120206,1
https://www.redfin.com/MO/Saint-Louis/4619-Natural-Bridge-Ave-63115/home/93733803,589.1735349761534,2
https://www.redfin.com/MO/Saint-Louis/8514-Mora-Ln-63147/home/93732241,601.4562055864104,1
https://www.redfin.com/MO/Saint-Louis/1632-Belt-Ave-63112/home/93738859,1081.6361075068528,0
https://www.redfin.com/MO/Saint-Louis/4869-Carter-Ave-63115/home/62737650,846.9112423764747,1
https://www.redfin.com/MO/Saint-Louis/4965-Lilburn-Ave-63115/home/93756184,1223.0834723546882,0
https://www.redfin.com/MO/Saint-Louis/1919-Belt-Ave-63112/home/93739032,1048.000340241746,0
https://www.redfin.com/MO/Saint-Louis/4652-Tennessee-Ave-63111/home/93707226,528.2731959487594,2
https://www.redfin.com/MO/Saint-Louis/5930-Shulte-Ave-63136/home/93758953,725.121430097491,1
https://www.redfin.com/MO/Saint-Louis/2630-Arsenal-St-63118/home/93697115,786.6433370276111,1
https://www.redfin.com/MO/Saint-Louis/4625-Kossuth-Ave-63115/home/93733711,738.161791046833,1
https://www.redfin.com/MO/Saint-Louis/963-Canaan-Ave-63147/home/93756369,801.5308456681644,1
https://www.redfin.com/MO/Saint-Louis/2927-Harper-St-63107/home/93698835,987.0766465771131,1
https://www.redfin.com/MO/Saint-Louis/4307-Randall-Pl-63107/home/93703612,895.2402144414046,1
https://www.redfin.com/MO/Saint-Louis/8800-Jordan-Ave-63147/home/93783349,1342.5638155608626,0
https://www.redfin.com/MO/Saint-Louis/1337-Walton-Ave-63113/home/93720721,524.4307863016694,2
https://www.redfin.com/MO/Saint-Louis/5220-Highland-Ave-63113/home/93737923,629.4482970896456,1
https://www.redfin.com/MO/Saint-Louis/4514-Bircher-Blvd-63115/home/93734637,1151.433902891462,0
https://www.redfin.com/MO/Saint-Louis/5920-Floy-Ave-63147/home/93769003,385.75367371510714,1
https://www.redfin.com/MO/Saint-Louis/711-Gimblin-Rd-63147/home/93731691,1640.4914183751425,0
https://www.redfin.com/MO/Saint-Louis/4403-Cottage-Ave-63113/home/93717880,516.8681333770921,1
https://www.redfin.com/MO/Saint-Louis/5875-Roosevelt-Pl-63120/home/93777758,401.77391915163264,1
https://www.redfin.com/MO/Saint-Louis/1652-McLaran-Ave-63147/home/93732167,762.9445616280829,1
https://www.redfin.com/MO/Saint-Louis/1001-Veronica-Ave-63147/home/93755611,1044.7749247069437,0
https://www.redfin.com/MO/Saint-Louis/4215-W-Page-Blvd-63113/home/93719033,431.212162306332,2
https://www.redfin.com/MO/Saint-Louis/5054-Thrush-Ave-63120/home/93757577,443.49699778596175,3
https://www.redfin.com/MO/Saint-Louis/4112-Turner-Ave-63115/home/93734779,506.38465147974455,2
https://www.redfin.com/MO/Saint-Louis/1008-Wall-St-63147/home/93760924,969.2455634347241,1
https://www.redfin.com/MO/Saint-Louis/3425-Itaska-St-63111/home/93707193,756.4708610227635,1
https://www.redfin.com/MO/Saint-Louis/8845-Portland-Ter-63147/home/93783295,1471.2544071128332,0
https://www.redfin.com/MO/Saint-Louis/5041-Lotus-Ave-63113/home/93738024,165.9642655805597,1
https://www.redfin.com/MO/Saint-Louis/3744-Blow-St-63116/home/93711943,1052.2335425425383,0
https://www.redfin.com/MO/Saint-Louis/4110-Oregon-Ave-63118/home/93705075,217.00819376513726,4
https://www.redfin.com/MO/Saint-Louis/6343-Amelia-Ave-63120/home/93778225,1976.3214070644026,0
https://www.redfin.com/MO/Saint-Louis/1026-Hornsby-Ave-63147/home/93755602,927.0838545736449,1
https://www.redfin.com/MO/Saint-Louis/322-E-Davis-St-63111/home/93711372,1936.1658999806489,0
https://www.redfin.com/MO/Saint-Louis/5407-Genevieve-Ave-63120/home/93762890,370.7313737910485,3
https://www.redfin.com/MO/Saint-Louis/4234-Shreve-Ave-63115/home/93733413,938.9619715206395,1
https://www.redfin.com/MO/Saint-Louis/4500-Carter-Ave-63115/home/62746336,743.8251022419156,1
https://www.redfin.com/MO/Saint-Louis/2248-Sullivan-Ave-63107/home/93687497,1042.2229220883835,0
https://www.redfin.com/MO/Saint-Louis/5949-McArthur-Ave-63120/home/93768543,1830.908346673687,0
https://www.redfin.com/MO/Saint-Louis/2015-Chippewa-St-63118/home/93696852,299.8155833973001,3
https://www.redfin.com/MO/Saint-Louis/4545-Alice-Ave-63115/home/93713956,924.6191790572726,2
https://www.redfin.com/MO/Saint-Louis/4669-Elmbank-Ave-63115/home/93735917,120.22969860671115,2
https://www.redfin.com/MO/Saint-Louis/3619-Cora-Ave-63115/home/93735643,463.1711385566045,2
https://www.redfin.com/MO/Saint-Louis/4228-Red-Bud-Ave-63115/home/93714776,293.16285626587734,1
https://www.redfin.com/MO/Saint-Louis/6008-Lucille-Ave-63136/home/93758554,1003.4608833577619,0
https://www.redfin.com/MO/Saint-Louis/3210-Chippewa-St-63118/home/93695832,556.0142993676064,1
https://www.redfin.com/MO/Saint-Louis/3047-Whittier-St-63115/home/62685467,493.0855238417711,2
https://www.redfin.com/MO/Saint-Louis/7515-Pennsylvania-Ave-63111/home/93710922,879.0010904162086,1
https://www.redfin.com/MO/Saint-Louis/5433-Beacon-Ave-63120/home/87133502,258.0301396586418,3
https://www.redfin.com/MO/Saint-Louis/4137-E-Lee-Ave-63115/home/93714992,805.8280491637512,1
https://www.redfin.com/MO/Saint-Louis/8415-N-Broadway-63147/home/93754501,1543.5705144260849,0
https://www.redfin.com/MO/Saint-Louis/6004-N-Pointe-Blvd-63147/home/93770342,202.07335824854775,1
https://www.redfin.com/MO/Saint-Louis/4106-Nebraska-Ave-63118/home/93705205,209.24928329510345,5
https://www.redfin.com/MO/Saint-Louis/615-Fillmore-St-63111/home/93709044,501.44681385052843,1
https://www.redfin.com/MO/Saint-Louis/6300-Pennsylvania-Ave-63111/home/93709595,1083.241235162626,0
https://www.redfin.com/MO/Saint-Louis/4274-Penrose-St-63115/home/93714348,300.3952055953144,2
https://www.redfin.com/MO/Saint-Louis/836-Harlan-Ave-63147/home/93783036,1281.8785470104397,0
https://www.redfin.com/MO/Saint-Louis/4307-McRee-Ave-63110/home/93747512,80.06949879556339,6
https://www.redfin.com/MO/Saint-Louis/1965-Arlington-Ave-63112/home/62762399,1187.212582802112,0
https://www.redfin.com/MO/Saint-Louis/4223-W-Labadie-Ave-63115/home/93736512,668.8076899773085,2
https://www.redfin.com/MO/Saint-Louis/3964-Botanical-Ave-63110/home/93746222,465.11153154983805,3
https://www.redfin.com/MO/Saint-Louis/4030-Russell-Blvd-63110/home/93747145,252.38963856068764,3
https://www.redfin.com/MO/Saint-Louis/2348-Hickory-St-63104/home/93700619,819.5833345306021,1
https://www.redfin.com/MO/Saint-Louis/1811-Rutger-St-63104/home/93685618,403.38068703644905,4
https://www.redfin.com/MO/Saint-Louis/2909-Accomac-St-63104/home/93691030,760.7819686092428,5
https://www.redfin.com/MO/Saint-Louis/4248-Flad-Ave-63110/home/93746876,478.0836179581465,4
https://www.redfin.com/MO/Saint-Louis/3030-Hawthorne-Blvd-63104/home/93690745,824.5781507125677,4
https://www.redfin.com/MO/Saint-Louis/3822-Humphrey-St-63116/home/103204133,919.3787884433995,1
https://www.redfin.com/MO/Saint-Louis/3839-Shaw-Blvd-63110/home/93760777,406.36899308681234,3
https://www.redfin.com/MO/Saint-Louis/6239-Alamo-Ave-63105/home/93768145,617.7747032316491,2
https://www.redfin.com/MO/Saint-Louis/2-W-Pine-Ct-63108/home/62748683,271.01439853973517,5
https://www.redfin.com/MO/Saint-Louis/1215-Mississippi-Ave-63104/home/62700032,627.9759840816376,4
https://www.redfin.com/MO/Saint-Louis/3904-Juniata-St-63116/home/93729943,498.2542082793827,2
https://www.redfin.com/MO/Saint-Louis/4561-Washington-Blvd-63108/home/62755214,308.5675862036381,5
https://www.redfin.com/MO/Saint-Louis/4053-Connecticut-St-63116/home/93729922,143.40615772793976,2
https://www.redfin.com/MO/Saint-Louis/6621-Oleatha-Ave-63139/home/62745834,427.71948942856733,1
https://www.redfin.com/MO/Saint-Louis/4237-Hartford-St-63116/home/86202763,586.8961695741219,3
https://www.redfin.com/MO/Saint-Louis/3642-Wyoming-St-63116/home/62765499,842.8985560430921,1
https://www.redfin.com/MO/Saint-Louis/4020-Flad-Ave-63110/home/93746583,484.4942625570715,5
https://www.redfin.com/MO/Saint-Louis/2361-S-39th-St-63110/home/93746137,208.9274688513867,2
https://www.redfin.com/MO/Saint-Louis/3893-Humphrey-St-63116/home/93728444,655.8648200507707,2
https://www.redfin.com/MO/Saint-Louis/6135-McPherson-Ave-63112/home/93760397,527.5811482769645,3
https://www.redfin.com/MO/Saint-Louis/2336-Menard-St-63104/home/93686066,408.8552938057738,1
https://www.redfin.com/MO/Saint-Louis/3424-Halliday-Ave-63118/home/93692388,609.5411803659615,3
https://www.redfin.com/MO/Saint-Louis/4496-Laclede-Ave-63108/home/93662285,142.64653369650281,5
https://www.redfin.com/MO/Saint-Louis/3860-Juniata-St-63116/home/93728354,669.8592054230223,2
https://www.redfin.com/MO/Saint-Louis/1220-S-18th-St-63104/home/93686011,308.3194575193761,4
https://www.redfin.com/MO/Saint-Louis/6758-Neosho-St-63109/home/93781443,615.5150052465227,1
https://www.redfin.com/MO/Saint-Louis/4176-Folsom-Ave-63110/home/176876175,80.63047233584541,6
https://www.redfin.com/MO/Saint-Louis/4038-Botanical-Ave-63110/home/93746663,656.3985660339254,4
https://www.redfin.com/MO/Saint-Louis/1032-Geyer-Ave-63104/home/93685669,943.0549773016417,2
https://www.redfin.com/MO/Saint-Louis/6305-Devonshire-Ave-63109/home/93780095,859.5319901668519,1
https://www.redfin.com/MO/Saint-Louis/1920-Victor-St-63104/home/93691526,858.5549771098405,3
https://www.redfin.com/MO/Saint-Louis/3618-Arsenal-St-63116/home/93699876,790.5233623288351,2
https://www.redfin.com/MO/Saint-Louis/4427-Vista-Ave-63110/home/169425114,318.5922789621126,4
https://www.redfin.com/MO/Saint-Louis/3728-Arsenal-St-63116/home/93699856,744.0675715951786,2
https://www.redfin.com/MO/Saint-Louis/6758-Delor-St-63109/home/93781395,660.3482202674498,1
https://www.redfin.com/MO/St-Louis/2225-Hickory-63104/home/186089734,977.9477774685126,1
https://www.redfin.com/MO/Saint-Louis/3877-Utah-Pl-63116/home/93728589,785.6600290303988,2
https://www.redfin.com/MO/Saint-Louis/3315-Shenandoah-Ave-63104/home/93691091,156.6147465035492,1
https://www.redfin.com/MO/Saint-Louis/2721-January-Ave-63139/home/93727173,696.5848907960483,3
https://www.redfin.com/MO/Saint-Louis/929-Buena-Vista-Ave-63105/home/93768143,596.1457830559473,2
https://www.redfin.com/MO/Saint-Louis/1214-S-18th-St-63104/home/143286334,315.5782550835887,4
https://www.redfin.com/MO/Saint-Louis/4456-Maryland-Ave-63108/home/93724883,199.00196284590072,4
https://www.redfin.com/MO/Saint-Louis/5843-Delor-St-63109/home/93769011,578.7716872020372,2
https://www.redfin.com/MO/Saint-Louis/2116-Hereford-St-63110/home/173620185,814.1043399226791,2
https://www.redfin.com/MO/St-Louis/6299-Magnolia-Ave-63139/home/194558193,686.4775819496986,2
https://www.redfin.com/MO/St-Louis/4435-Vista-Ave-63110/home/191017328,353.4840405821587,4
https://www.redfin.com/MO/Saint-Louis/3919-Hartford-St-63116/home/93749686,456.1440990611209,3
https://www.redfin.com/MO/Saint-Louis/5310-Tamm-Ave-63109/home/63495172,550.6182744400481,3
https://www.redfin.com/MO/Saint-Louis/5338-Tamm-Ave-63109/home/93779931,478.7535049567867,3
https://www.redfin.com/MO/Saint-Louis/3837-Utah-Pl-63116/home/93728583,916.4482010507867,1
https://www.redfin.com/MO/Saint-Louis/4418-Vista-Ave-63110/home/93726107,301.8210624211301,4
https://www.redfin.com/MO/Saint-Louis/4941-Botanical-Ave-63110/home/93743953,645.130686791982,2
https://www.redfin.com/MO/Saint-Louis/4121-Shenandoah-Ave-63110/home/93746479,515.5237307299702,5
https://www.redfin.com/MO/Saint-Louis/4143-Blaine-Ave-63110/home/93747464,231.58865873477384,7
https://www.redfin.com/MO/Saint-Louis/4133-Botanical-Ave-63110/home/93746370,416.2579531777066,4
https://www.redfin.com/MO/Saint-Louis/3641-Wyoming-St-63116/home/93700071,816.7910804628765,1
https://www.redfin.com/MO/St-Louis/6301-Magnolia-Ave-63139/home/194009231,687.4968089896684,2
https://www.redfin.com/MO/Saint-Louis/4176-Blaine-Ave-63110/home/93684869,206.98138411082905,7
https://www.redfin.com/MO/Saint-Louis/3863-Utah-Pl-63116/home/93684209,828.0352710883304,2
https://www.redfin.com/MO/Saint-Louis/2401-S-13th-St-63104/home/93686681,729.9979599496671,2
https://www.redfin.com/MO/Saint-Louis/1959-Lynch-St-63118/home/93677876,954.5648214917426,1
https://www.redfin.com/MO/Saint-Louis/1303-Childress-Ave-63139/home/62757834,391.9028052266897,3
https://www.redfin.com/MO/Saint-Louis/2340-S-12th-St-63104/home/93686132,585.1376223062757,1
https://www.redfin.com/MO/Saint-Louis/1822-Hickory-St-63104/home/62700814,444.69531813679,4
https://www.redfin.com/MO/Saint-Louis/4719-Clifton-Ave-63109/home/62693434,964.358037281997,1
https://www.redfin.com/MO/Saint-Louis/3832-Utah-Pl-63116/home/93700028,973.8178599614821,1
https://www.redfin.com/MO/Saint-Louis/3714-Wyoming-St-63116/home/93700100,980.1147085774032,1
https://www.redfin.com/MO/Saint-Louis/2518-S-12th-St-63104/home/173618256,513.7884905947681,1
https://www.redfin.com/MO/Saint-Louis/4433-Vista-Ave-63110/home/169425116,342.2089147658574,4
https://www.redfin.com/MO/Saint-Louis/4154-Shenandoah-Ave-63110/home/62750067,374.6935923209152,4
https://www.redfin.com/MO/Saint-Louis/2630-Tennessee-Ave-63118/home/93692191,320.0045984354662,3
https://www.redfin.com/MO/Saint-Louis/3929-Burgen-Ave-63116/home/93781490,837.873714583165,1
https://www.redfin.com/MO/Saint-Louis/4667-Louisiana-Ave-63111/home/93707159,588.3076463595872,1
https://www.redfin.com/MO/Saint-Louis/4107-Robert-Ave-63116/home/93784104,163.7326979599301,2
https://www.redfin.com/MO/Saint-Louis/7024-W-Park-Ave-63117/home/62753160,652.126506349527,1
https://www.redfin.com/MO/Saint-Louis/4037-Robert-Ave-63116/home/62700486,178.2134182549445,2
https://www.redfin.com/MO/Saint-Louis/6059-Wanda-Ave-63116/home/62765968,860.4403141238242,1
https://www.redfin.com/MO/Saint-Louis/10068-Lookaway-Dr-63137/home/93672592,6074.827170389178,0
https://www.redfin.com/MO/Saint-Louis/3828-McRee-Ave-63110/home/93760802,490.077054696406,4
https://www.redfin.com/MO/Saint-Louis/1533-Gieseking-Ln-63147/home/93732276,1001.2170252312532,0
https://www.redfin.com/MO/Saint-Louis/4123-Blow-St-63116/home/93772919,160.10654676036322,2
https://www.redfin.com/MO/Saint-Louis/5005-Parker-Ave-63139/home/93777171,233.1665472945871,4
https://www.redfin.com/MO/Saint-Louis/5178-Eichelberger-St-63109/home/93769483,1102.3420357928535,0
https://www.redfin.com/MO/Saint-Louis/6703-Vermont-Ave-63111/home/93710029,346.63836586486724,1
https://www.redfin.com/MO/Saint-Louis/1739-Grape-Ave-63147/home/93778759,770.5306512483476,1
https://www.redfin.com/MO/Saint-Louis/5417-Rhodes-Ave-63109/home/93771274,939.3946315346893,1
https://www.redfin.com/MO/Saint-Louis/3460-Regal-Pl-63139/home/93780846,839.1770725757276,3
https://www.redfin.com/MO/Saint-Louis/4264-Hartford-St-63116/home/93749883,639.9135991575885,3
https://www.redfin.com/MO/Saint-Louis/5121-Rosa-Ave-63109/home/93769614,1187.819444006346,0
https://www.redfin.com/MO/Saint-Louis/4033-Weber-Rd-63123/home/93783890,1463.9563646177091,0
https://www.redfin.com/MO/Saint-Louis/5250-Murdoch-Ave-63109/home/93753457,378.84654062858124,1
https://www.redfin.com/MO/Saint-Louis/4131-Utah-St-63116/home/79031579,151.35673685986478,2
https://www.redfin.com/MO/Saint-Louis/3823-Michigan-Ave-63118/home/93695733,433.76490166986133,2
https://www.redfin.com/MO/Saint-Louis/6412-Lansdowne-Ave-63109/home/93779781,602.7277019442636,1
https://www.redfin.com/MO/Saint-Louis/4080-Wilmington-Ave-63116/home/93770838,361.2891329960147,1
https://www.redfin.com/MO/Saint-Louis/5208-Gresham-Ave-63109/home/93764561,419.8093955816032,1
https://www.redfin.com/MO/Saint-Louis/4435-Itaska-St-63116/home/93764123,758.7069337586253,2
https://www.redfin.com/MO/Saint-Louis/1318-Kraft-St-63139/home/93750061,511.1900104448682,4
https://www.redfin.com/MO/Saint-Louis/6627-Winona-Ave-63109/home/93774969,785.6184350120851,2
https://www.redfin.com/MO/Saint-Louis/7404-Yates-St-63116/home/93784811,543.1533173923826,2
https://www.redfin.com/MO/Saint-Louis/5319-Itaska-St-63109/home/93767034,676.2570524466078,1
https://www.redfin.com/MO/Saint-Louis/2204-Menard-St-63104/home/93686413,652.2581277349102,1
https://www.redfin.com/MO/Saint-Louis/3890-McDonald-Ave-63116/home/93730346,861.2042550898283,2
https://www.redfin.com/MO/Saint-Louis/4646-S-Grand-Blvd-63111/home/93706511,423.5804473663912,1
https://www.redfin.com/MO/Saint-Louis/2725-January-Ave-63139/home/62729734,702.4136713437891,3
https://www.redfin.com/MO/Saint-Louis/5527-Goethe-Ave-63109/home/93775707,784.4589009479336,2
https://www.redfin.com/MO/Saint-Louis/4322-Holly-Hills-Blvd-63116/home/93769709,621.5917843863541,2
https://www.redfin.com/MO/Saint-Louis/6315-Winona-Ave-63109/home/93782101,591.240700404902,2
https://www.redfin.com/MO/Saint-Louis/4718-Newport-Ave-63116/home/93768304,451.7752882547894,1
https://www.redfin.com/MO/Saint-Louis/3136-Nebraska-Ave-63118/home/93692947,681.3988454440691,2
https://www.redfin.com/MO/Saint-Louis/3811-Fillmore-St-63116/home/93773612,890.7609112029626,1
https://www.redfin.com/MO/Saint-Louis/6124-Westminster-Pl-63112/home/93760331,444.10326926242107,4
https://www.redfin.com/MO/Saint-Louis/3993-Dover-Pl-63116/home/93774794,628.6220927837855,1
https://www.redfin.com/MO/Saint-Louis/6400-Myrlette-Ct-63116/home/93783566,576.5104925375083,1
https://www.redfin.com/MO/Saint-Louis/1464-Graham-St-63139/home/62728030,319.320068160388,2
https://www.redfin.com/MO/Saint-Louis/2640-Ann-Ave-63104/home/93690678,169.80150687489774,6
https://www.redfin.com/MO/Saint-Louis/2830-59th-St-63139/home/93726750,503.4614870749479,2
https://www.redfin.com/MO/Saint-Louis/5811-Oleatha-Ave-63139/home/93780603,360.62932432665133,1
https://www.redfin.com/MO/Saint-Louis/5312-Nagel-Ave-63109/home/93771165,991.3928590200222,1
https://www.redfin.com/MO/Saint-Louis/6635-Devonshire-Ave-63109/home/93779514,311.98216005435916,1
https://www.redfin.com/MO/Saint-Louis/4151-Fillmore-St-63116/home/93776109,433.4616289733147,1
https://www.redfin.com/MO/Saint-Louis/6932-Garner-Ave-63139/home/93741054,417.3348725456261,1
https://www.redfin.com/MO/Saint-Louis/5618-Fyler-Ave-63139/home/93743037,727.0252439380175,2
https://www.redfin.com/MO/Saint-Louis/5217-Bonita-Ave-63109/home/93769411,553.7055122751168,1
https://www.redfin.com/MO/Saint-Louis/4420-Sexauer-Ave-63115/home/62728906,1211.6198636179806,0
https://www.redfin.com/MO/Saint-Louis/5618-Nottingham-Ave-63109/home/93767812,772.3833329512636,1
https://www.redfin.com/MO/Saint-Louis/6015-Arthur-Ave-63139/home/93742988,764.9551351482442,1
https://www.redfin.com/MO/Saint-Louis/3328-Lemp-Ave-63118/home/93694165,1047.0146001833748,0
https://www.redfin.com/MO/Saint-Louis/4614-S-39th-St-63116/home/93767669,651.3744350461656,1
https://www.redfin.com/MO/Saint-Louis/5724-Rosa-Ave-63109/home/62751995,414.4438810074136,2
https://www.redfin.com/MO/Saint-Louis/6266-Marmaduke-Ave-63139/home/93767693,569.0776556540704,2
https://www.redfin.com/MO/Saint-Louis/3010-Salena-St-63118/home/62722469,1258.2226215862331,0
https://www.redfin.com/MO/Saint-Louis/4632-Varrelmann-Ave-63116/home/93757092,528.8213438506637,2
https://www.redfin.com/MO/Saint-Louis/3815-Tamm-Ave-63109/home/62748599,509.3366291401766,2
https://www.redfin.com/MO/Saint-Louis/3516-Magnolia-Ave-63118/home/93692363,544.2699273722152,3
https://www.redfin.com/MO/Saint-Louis/5251-Walsh-St-63109/home/93768008,938.12044848239,1
https://www.redfin.com/MO/Saint-Louis/3924-Parker-Ave-63116/home/93729236,798.778878933338,2
https://www.redfin.com/MO/Saint-Louis/4066-McRee-Ave-63110/home/109914648,527.6768668966237,5
https://www.redfin.com/MO/Saint-Louis/2859-Ohio-Ave-63118/home/93691709,361.46892458491277,2
https://www.redfin.com/MO/Saint-Louis/8725-Goodfellow-Blvd-63147/home/93778666,1058.5526551690907,0
https://www.redfin.com/MO/Saint-Louis/4410-S-Spring-Ave-63116/home/93730882,807.5790534702353,1
https://www.redfin.com/MO/Saint-Louis/2026-Sidney-St-63104/home/93697729,803.0172670535882,4
https://www.redfin.com/MO/Saint-Louis/6122-McPherson-Ave-63112/home/93760243,517.2762965424046,3
https://www.redfin.com/MO/Saint-Louis/2810-Norwood-Ave-63115/home/93737485,634.9178980855245,3
https://www.redfin.com/MO/Saint-Louis/6569-Pernod-Ave-63139/home/73953641,239.71593990293312,1
https://www.redfin.com/MO/Saint-Louis/3917-Crosby-Dr-63123/home/93784807,1220.3835328639188,0
https://www.redfin.com/MO/Saint-Louis/7221-Field-Ave-63116/home/93679222,895.5468351508291,1
https://www.redfin.com/MO/Saint-Louis/6179-Kingsbury-Ave-63112/home/93760349,655.9992590524132,3
https://www.redfin.com/MO/Saint-Louis/5226-Elizabeth-Ave-63110/home/93727559,325.10658509986973,2
https://www.redfin.com/MO/Saint-Louis/2845-Chippewa-St-63118/home/93696482,183.08234767665272,3
https://www.redfin.com/MO/Saint-Louis/5544-Murdoch-Ave-63109/home/93753439,621.6493633248508,1
https://www.redfin.com/MO/Saint-Louis/3704-Palm-St-63107/home/62773859,352.9908467521046,2
https://www.redfin.com/MO/Saint-Louis/1115-Forest-Ave-63139/home/92933525,238.35420303767657,1
https://www.redfin.com/MO/Saint-Louis/5648-Marquette-Ave-63139/home/88443158,859.666930667999,1
https://www.redfin.com/MO/Saint-Louis/6963-Sutherland-Ave-63109/home/93774257,1064.4371821804887,0
https://www.redfin.com/MO/Saint-Louis/6633-Tholozan-Ave-63109/home/93775075,485.14446901073,1
https://www.redfin.com/MO/Saint-Louis/5205-S-Kingshighway-Blvd-63109/home/93766882,1085.111799852132,0
https://www.redfin.com/MO/Saint-Louis/3927-Childress-Ave-63109/home/93778383,570.3748730341805,2
https://www.redfin.com/MO/Saint-Louis/4967-Parker-Ave-63139/home/93777151,369.34961872132766,4
https://www.redfin.com/MO/Saint-Louis/6329-Potomac-St-63139/home/62735103,440.32109739987334,2
https://www.redfin.com/MO/Saint-Louis/4950-Quincy-St-63109/home/93758332,537.2041675119842,1
https://www.redfin.com/MO/Saint-Louis/3166-Pennsylvania-Ave-63118/home/93692984,546.4960672360422,1
https://www.redfin.com/MO/Saint-Louis/4125-Miami-St-63116/home/62712295,890.4012419170324,2
https://www.redfin.com/MO/Saint-Louis/5456-Gravois-Ave-63116/home/93757183,574.2095121596052,1
https://www.redfin.com/MO/Saint-Louis/6830-Glades-Ave-63139/home/93741076,130.96825727053366,1
https://www.redfin.com/MO/Saint-Louis/5039-Grace-Ave-63116/home/93742558,370.0228161566405,1
https://www.redfin.com/MO/Saint-Louis/6127-Alaska-Ave-63111/home/93709535,685.1156913522565,1
https://www.redfin.com/MO/Saint-Louis/5732-Winona-Ave-63109/home/62749480,692.1258548659952,2
https://www.redfin.com/MO/Saint-Louis/6718-Oleatha-Ave-63139/home/86019215,654.9832081428184,1
https://www.redfin.com/MO/Saint-Louis/4008-Blaine-Ave-63110/home/93680533,643.4246029763805,6
https://www.redfin.com/MO/Saint-Louis/4464-Lee-Ave-63115/home/93733884,521.1148852390887,2
https://www.redfin.com/MO/Saint-Louis/3854-Loughborough-Ave-63116/home/93773254,819.4337840128767,1
https://www.redfin.com/MO/Saint-Louis/1334-Fairmount-Ct-63139/home/93750072,638.3060313190317,4
https://www.redfin.com/MO/Saint-Louis/2315-Russell-Blvd-63104/home/93690684,208.6238634394416,6
https://www.redfin.com/MO/Saint-Louis/3431-Indiana-Ave-63118/home/93694649,581.2908227165767,1
https://www.redfin.com/MO/Saint-Louis/5454-Gresham-Ave-63109/home/93769396,708.8935904646934,2
https://www.redfin.com/MO/Saint-Louis/1719-Edwards-St-63110/home/93726508,574.2268534422489,1
https://www.redfin.com/MO/Saint-Louis/2909-McNair-Ave-63118/home/93699038,900.7411582866848,1
https://www.redfin.com/MO/Saint-Louis/4114-McDonald-Ave-63116/home/93728856,349.42131417848435,2
https://www.redfin.com/MO/Saint-Louis/5636-Marquette-Ave-63139/home/93780701,908.5093768249625,2
https://www.redfin.com/MO/Saint-Louis/5939-Hilgard-Pl-63109/home/93784028,143.29713184792894,2
https://www.redfin.com/MO/Saint-Louis/6024-Scanlan-Ave-63139/home/93742954,904.4840272987738,2
https://www.redfin.com/MO/Saint-Louis/8624-Riverview-Blvd-63147/home/93730749,905.8556022967605,1
https://www.redfin.com/MO/Saint-Louis/5123-Goethe-Ave-63109/home/77446731,1077.0509681028761,0
https://www.redfin.com/MO/Saint-Louis/5621-Botanical-Ave-63110/home/68108481,636.509054251221,3
https://www.redfin.com/MO/Saint-Louis/3310-Michigan-Ave-63118/home/62771703,582.1545508479724,1
https://www.redfin.com/MO/Saint-Louis/5556-Arthur-Ave-63139/home/93742752,643.7416229351813,3
https://www.redfin.com/MO/Saint-Louis/4744-Bonita-Ave-63116/home/93766459,142.3415627887155,1
https://www.redfin.com/MO/Saint-Louis/4323-Bingham-Ave-63116/home/93771913,175.6994830041502,1
https://www.redfin.com/MO/Saint-Louis/925-Riverview-Blvd-63147/home/93783208,1122.3006490280836,0
https://www.redfin.com/MO/Saint-Louis/6036-Horton-Pl-63112/home/93723563,644.8521785987353,3
https://www.redfin.com/MO/Saint-Louis/6011-S-Grand-Blvd-63111/home/93772421,804.689552127997,1
https://www.redfin.com/MO/Saint-Louis/4254-McRee-Ave-63110/home/62720952,108.62343904389797,6
https://www.redfin.com/MO/Saint-Louis/5750-Gresham-Ave-63109/home/82734593,488.80043514102704,2
https://www.redfin.com/MO/Saint-Louis/2703-Pestalozzi-St-63118/home/93691711,398.518470418021,2
https://www.redfin.com/MO/Saint-Louis/2638-Park-Ave-63104/home/93700724,441.29796889344,2
https://www.redfin.com/MO/Saint-Louis/2520-California-Ave-63104/home/93699948,329.9020118549565,4
https://www.redfin.com/MO/Saint-Louis/6412-Potomac-St-63139/home/93775208,326.4367441389097,2
https://www.redfin.com/MO/Saint-Louis/5727-Winona-Ave-63109/home/93780968,656.1065891718458,2
https://www.redfin.com/MO/Saint-Louis/4747-Milentz-Ave-63116/home/93756831,600.4240017971687,1
https://www.redfin.com/MO/Saint-Louis/2922-Sidney-St-63104/home/93699577,583.6994770528346,3
https://www.redfin.com/MO/Saint-Louis/7124-Marwinette-Ave-63116/home/93784068,466.21019000199385,2
https://www.redfin.com/MO/Saint-Louis/2834-Mount-Pleasant-St-63111/home/62739023,1097.9906980205428,0
https://www.redfin.com/MO/Saint-Louis/2339-Sulphur-Ave-63139/home/93741606,490.7473185125991,2
https://www.redfin.com/MO/Saint-Louis/1523-Graham-St-63139/home/93761909,405.1708142339974,2
https://www.redfin.com/MO/Saint-Louis/7121-Leona-St-63116/home/93784106,101.46526646502497,2
https://www.redfin.com/MO/Saint-Louis/1615-Veronica-Ave-63147/home/93731838,413.3834163219917,1
https://www.redfin.com/MO/Saint-Louis/3025-Mount-Pleasant-St-63111/home/93706256,899.5786642758308,1
https://www.redfin.com/MO/Saint-Louis/8111-Southpark-Ct-63125/home/93785118,1710.3632314415938,0
https://www.redfin.com/MO/Saint-Louis/3829-Burgen-Ave-63116/home/93781505,969.7729648756371,1
https://www.redfin.com/MO/Saint-Louis/3215-Jasper-Park-63139/home/93742960,777.4155334211072,1
https://www.redfin.com/MO/Saint-Louis/7300-Vermont-Ave-63111/home/62725111,394.85996397575974,1
https://www.redfin.com/MO/Saint-Louis/4533-Ray-Ave-63116/home/93756010,916.9256152174747,2
https://www.redfin.com/MO/Saint-Louis/2828-59th-St-63139/home/93726749,497.0856898416594,2
https://www.redfin.com/MO/Saint-Louis/2217-Keokuk-St-63118/home/93696829,541.8789426113417,4
https://www.redfin.com/MO/Saint-Louis/5425-Bates-St-63116/home/93767474,667.444678269507,1
https://www.redfin.com/MO/Saint-Louis/2225-Richert-Pl-63143/home/93741480,887.2359248869176,1
https://www.redfin.com/MO/Saint-Louis/7122-Picadilly-Ave-63143/home/81570103,1763.6715400264113,0
https://www.redfin.com/MO/Saint-Louis/2702-Indiana-Ave-63118/home/93697785,523.0672749906166,3
https://www.redfin.com/MO/Saint-Louis/5221-Delor-St-63109/home/93766693,847.0778886210168,1
https://www.redfin.com/MO/Saint-Louis/6591-Scanlan-Ave-63139/home/93742252,1153.376839599376,0
https://www.redfin.com/MO/Saint-Louis/3415-Vista-Ave-63104/home/93700940,492.79701373525955,4
https://www.redfin.com/MO/Saint-Louis/7200-Lanham-Ave-63143/home/93743627,1421.3052533389957,0
https://www.redfin.com/MO/Saint-Louis/5015-Gerritt-Ave-63116/home/62710610,792.9669542404824,2
https://www.redfin.com/MO/Saint-Louis/5920-Morganford-Rd-63116/home/93776115,521.9312223682489,1
https://www.redfin.com/MO/Saint-Louis/6020-Potomac-St-63139/home/88995357,333.29344787925237,2
https://www.redfin.com/MO/Saint-Louis/3956-Connecticut-St-63116/home/93729642,352.21984591448063,2
https://www.redfin.com/MO/Saint-Louis/5251-Pernod-Ave-63139/home/93777338,565.7601938954475,4
https://www.redfin.com/MO/Saint-Louis/4222-Flad-Ave-63110/home/62764603,436.5959445594473,4
https://www.redfin.com/MO/Saint-Louis/4955-Nagel-Ave-63109/home/93758304,721.5987571381721,1
https://www.redfin.com/MO/Saint-Louis/3442-Chippewa-St-63118/home/93695359,901.5561942236892,1
https://www.redfin.com/MO/Saint-Louis/2801-Missouri-Ave-63118/home/93677429,601.4060571394318,2
https://www.redfin.com/MO/Saint-Louis/5242-Quincy-St-63109/home/93758225,756.3364049238157,1
https://www.redfin.com/MO/Saint-Louis/3139-Mount-Pleasant-St-63111/home/93706190,845.8094414780396,1
https://www.redfin.com/MO/Saint-Louis/3710-Berger-Ave-63109/home/93779094,979.9870948783066,1
https://www.redfin.com/MO/Saint-Louis/7827-Clymer-Dr-63123/home/93784965,1267.7454736900415,0
https://www.redfin.com/MO/Saint-Louis/5455-Walsh-St-63109/home/62696031,968.8860126055808,1
https://www.redfin.com/MO/Saint-Louis/4441-Oakland-Ave-63110/home/93751248,550.3384455445814,4
https://www.redfin.com/MO/Saint-Louis/6648-Dale-Ave-63139/home/93741217,609.8755909264962,4
https://www.redfin.com/MO/Saint-Louis/4822-Hamburg-Ave-63123/home/93759311,1898.7813323267733,0
https://www.redfin.com/MO/Saint-Louis/5746-Pernod-Ave-63139/home/62717562,361.12107211893954,1
https://www.redfin.com/MO/Saint-Louis/3933-McDonald-Ave-63116/home/93729377,684.2307816601309,2
https://www.redfin.com/MO/Saint-Louis/6028-Potomac-St-63139/home/62751224,334.9007863831707,2
https://www.redfin.com/MO/Saint-Louis/6444-Plateau-Ave-63139/home/93740836,469.35063253952,2
https://www.redfin.com/MO/Saint-Louis/1112-Hornsby-Ave-63147/home/93760917,731.634033954036,1
https://www.redfin.com/MO/Saint-Louis/5716-Winona-Ave-63109/home/93780869,729.1311296656525,2
https://www.redfin.com/MO/Saint-Louis/5252-Botanical-Ave-63110/home/93727589,164.64512041934734,2
https://www.redfin.com/MO/Saint-Louis/4978-Odell-St-63139/home/62725667,266.7765768226513,5
https://www.redfin.com/MO/Saint-Louis/5828-Pamplin-Ave-63147/home/93770356,112.49071548549222,1
https://www.redfin.com/MO/Saint-Louis/5717-Lansdowne-Ave-63109/home/93752731,835.8489631772221,2
https://www.redfin.com/MO/Saint-Louis/3420-Humphrey-St-63118/home/93671832,410.32923373427957,1
https://www.redfin.com/MO/Saint-Louis/3940-Randall-St-63116/home/62748904,828.420982649122,2
https://www.redfin.com/MO/Saint-Louis/5712-Floy-Ave-63136/home/93765406,437.2346658803406,1
https://www.redfin.com/MO/Saint-Louis/2636-Hereford-St-63139/home/93727617,432.78156306402116,3
https://www.redfin.com/MO/Saint-Louis/4546-Arco-Ave-63110/home/93749278,409.1559660594371,5
https://www.redfin.com/MO/Saint-Louis/1226-Sidney-St-63104/home/93686652,658.2682994002403,1
https://www.redfin.com/MO/Saint-Louis/3724-Bamberger-Ave-63116/home/62692922,1628.8545237693313,0
https://www.redfin.com/MO/Saint-Louis/5962-S-Cuba-Ct-63139/home/93775539,418.07637561737505,2
https://www.redfin.com/MO/Saint-Louis/3729-Upton-St-63116/home/93712148,1133.8320424253163,0
https://www.redfin.com/MO/Saint-Louis/5620-Bischoff-Ave-63110/home/62739721,769.1902540512853,1
https://www.redfin.com/MO/Saint-Louis/3718-S-Spring-Ave-63116/home/93730228,1572.1448356325889,0
https://www.redfin.com/MO/Saint-Louis/3408-Winnebago-St-63118/home/93695337,760.4151266961233,1
https://www.redfin.com/MO/Saint-Louis/6118-Newport-Ave-63116/home/62732448,184.67917610101978,1
https://www.redfin.com/MO/Saint-Louis/6409-Sutherland-Ave-63109/home/93780027,754.3924600665393,3
https://www.redfin.com/MO/Saint-Louis/6156-Louisiana-Ave-63111/home/93709515,802.9259075335044,1
https://www.redfin.com/MO/Saint-Louis/6650-Odell-St-63139/home/93743853,1411.0084145297149,0
https://www.redfin.com/MO/Saint-Louis/4862-Goethe-Ave-63116/home/93763271,913.3109711151577,1
https://www.redfin.com/MO/Saint-Louis/3817-Childress-Ave-63109/home/62726699,401.9102651327962,2
https://www.redfin.com/MO/Saint-Louis/819-Portland-Ter-63147/home/93783298,1548.9861365602574,0
https://www.redfin.com/MO/Saint-Louis/4227-Prather-Ave-63109/home/93769781,817.3578710130002,2
https://www.redfin.com/MO/Saint-Louis/1371-Louisville-Ave-63139/home/62710958,586.9854587581909,4
https://www.redfin.com/MO/Saint-Louis/6201-Oleatha-Ave-63139/home/62718380,328.3423370945666,2
https://www.redfin.com/MO/Saint-Louis/5633-Walsh-St-63109/home/62767315,713.302798053565,1
https://www.redfin.com/MO/Saint-Louis/5007-Alabama-Ave-63111/home/93707892,768.9076271329601,1
https://www.redfin.com/MO/Saint-Louis/5450-Dresden-Ave-63116/home/62711780,876.761077577283,1
https://www.redfin.com/MO/Saint-Louis/3903-Prather-Ave-63109/home/93769756,764.4009554981778,1
https://www.redfin.com/MO/Saint-Louis/5947-Summit-Pl-63147/home/93770503,448.75074925876027,1
https://www.redfin.com/MO/Saint-Louis/2258-S-Jefferson-Ave-63104/home/93690918,164.4978996124097,5
https://www.redfin.com/MO/Saint-Louis/7413-Ray-Ave-63116/home/93784358,531.0300462039011,2
https://www.redfin.com/MO/Saint-Louis/6635-Arsenal-St-63139/home/93741807,1408.8706009707173,0
https://www.redfin.com/MO/Saint-Louis/6453-Colletta-Dr-63139/home/93784581,1041.9860092329611,0
https://www.redfin.com/MO/Saint-Louis/5405-Michigan-Ave-63111/home/62711080,659.5039128479235,1
https://www.redfin.com/MO/Saint-Louis/6553-Lindenwood-Pl-63109/home/93775143,460.56641153985777,1
https://www.redfin.com/MO/Saint-Louis/3426-Nebraska-Ave-63118/home/93694320,755.4674723787592,1
https://www.redfin.com/MO/Saint-Louis/6215-Southland-Ave-63109/home/62732882,309.75195736409245,2
https://www.redfin.com/MO/Saint-Louis/1338-Fairmount-Ct-63139/home/62717950,652.1871481810629,4
https://www.redfin.com/MO/Saint-Louis/3241-Geyer-Ave-63104/home/93689578,696.3573870441141,3
https://www.redfin.com/MO/Saint-Louis/4151-Quincy-St-63116/home/93772878,174.58832855620506,2
https://www.redfin.com/MO/Saint-Louis/2637-Pearl-Ave-63139/home/103203201,612.3461740171787,3
https://www.redfin.com/MO/Saint-Louis/5616-Milentz-Ave-63109/home/93771372,624.6549320554698,2
https://www.redfin.com/MO/Saint-Louis/4252-Gertrude-Ave-63116/home/93781035,493.8495450958754,2
https://www.redfin.com/MO/Saint-Louis/5133-Goethe-Ave-63109/home/93769447,1080.1560081894972,0
https://www.redfin.com/MO/Saint-Louis/3000-California-Ave-63118/home/93699315,572.5918716988037,2
https://www.redfin.com/MO/Saint-Louis/5753-Lindenwood-Ave-63109/home/93780908,394.84759947138235,1
https://www.redfin.com/MO/Saint-Louis/3927-Weber-Rd-63123/home/93785639,1514.626366270436,0
https://www.redfin.com/MO/Saint-Louis/4448-Itaska-St-63116/home/62751687,778.2798150004694,1
https://www.redfin.com/MO/Saint-Louis/5034-Ray-Ave-63116/home/93767090,449.87984759130615,1
https://www.redfin.com/MO/Saint-Louis/3332-Nebraska-Ave-63118/home/93693671,887.9118812098585,1
https://www.redfin.com/MO/St-Louis/4113-Hartford-St-63116/home/201215071,217.27296844987802,3
https://www.redfin.com/MO/Saint-Louis/2332-Hickory-St-63104/home/93700594,867.7424984787071,1
https://www.redfin.com/MO/Saint-Louis/1408-E-Linton-Ave-63107/home/93713184,139.49450244861106,2
https://www.redfin.com/MO/Saint-Louis/3968-Schiller-Pl-63116/home/93781153,943.1361093700423,1
https://www.redfin.com/MO/Saint-Louis/8554-Drury-Ln-63147/home/93732326,835.8838117871011,1
https://www.redfin.com/MO/Saint-Louis/6414-Center-Ct-63116/home/93779360,380.99105841953445,1
https://www.redfin.com/MO/Saint-Louis/6220-Minnesota-Ave-63111/home/85025438,1074.4617564384514,0
https://www.redfin.com/MO/St-Louis/1520-Washington-Ave-63103/unit-604/home/168590453,149.94022922833398,3
https://www.redfin.com/MO/Saint-Louis/7821-Parkwood-Dr-63123/home/93783865,1080.6048249067246,0
https://www.redfin.com/MO/Saint-Louis/6023-Elizabeth-Ave-63139/home/93761602,675.0272025129722,2
https://www.redfin.com/MO/Saint-Louis/617-Haven-St-63111/home/93709890,404.8114917901742,1
https://www.redfin.com/MO/Saint-Louis/5011-Alaska-Ave-63111/home/93707524,738.4917605386557,2
https://www.redfin.com/MO/Saint-Louis/4716-Olive-St-63108/home/93709331,303.7053190670591,3
https://www.redfin.com/MO/Saint-Louis/5447-Robert-Ave-63109/home/93775961,894.7384066096746,1
https://www.redfin.com/MO/Saint-Louis/6107-Alabama-Ave-63111/home/93709179,541.0169146515168,1
https://www.redfin.com/MO/Saint-Louis/2918-Wisconsin-Ave-63118/home/93698939,1075.855307497323,0
https://www.redfin.com/MO/Saint-Louis/7132-Vermont-Ave-63111/home/93710409,266.0243142276143,1
https://www.redfin.com/MO/Saint-Louis/6634-Elmer-Ave-63109/home/79108391,199.4119377348,1
https://www.redfin.com/MO/Saint-Louis/6415-Blow-St-63109/home/93774279,547.7263110632266,2
https://www.redfin.com/MO/Saint-Louis/2706-Alhambra-Ct-63118/home/93692269,463.0660533812809,2
https://www.redfin.com/MO/Saint-Louis/5139-Goethe-Ave-63109/home/93769443,1080.8552550180357,0
https://www.redfin.com/MO/Saint-Louis/4410-Wallace-St-63116/home/93763769,581.3121173219221,1
https://www.redfin.com/MO/Saint-Louis/4153-Loughborough-Ave-63116/home/93778163,307.8917282362138,3
https://www.redfin.com/MO/Saint-Louis/4817-Goethe-Ave-63116/home/93763405,821.6534684662893,1
https://www.redfin.com/MO/Saint-Louis/3231-Ohio-Ave-63118/home/93694183,1182.0638824304283,0
https://www.redfin.com/MO/Saint-Louis/4455-Oakland-Ave-63110/home/93750910,532.0913966322892,4
https://www.redfin.com/MO/Saint-Louis/5725-Westminster-Pl-63112/home/93767242,219.23118137421176,3
https://www.redfin.com/MO/Saint-Louis/5344-Lansdowne-Ave-63109/home/62733865,92.40587586861973,1
https://www.redfin.com/MO/Saint-Louis/4918-Wise-Ave-63110/home/93726654,373.6478792152834,5
https://www.redfin.com/MO/Saint-Louis/3409-Macklind-Ave-63139/home/93742744,644.9609042527649,3
https://www.redfin.com/MO/Saint-Louis/5433-Donovan-Ave-63109/home/93782781,845.1826301657718,1
https://www.redfin.com/MO/Saint-Louis/7109-Canterbury-Ave-63143/home/93745012,1963.0131155824345,0
https://www.redfin.com/MO/Saint-Louis/4521-Gibson-Ave-63110/home/93750278,233.12516892818175,5
https://www.redfin.com/MO/Saint-Louis/5662-Tholozan-Ave-63109/home/93781656,680.4349827640212,1
https://www.redfin.com/MO/Saint-Louis/3525-Hartford-St-63118/home/93692682,542.5652006751529,2
https://www.redfin.com/MO/Saint-Louis/4934-Walsh-St-63109/home/93767177,1100.3817014707183,0
https://www.redfin.com/MO/Saint-Louis/3143-Lavender-Ln-63139/home/62740402,787.2650260603497,2
https://www.redfin.com/MO/Saint-Louis/4224-McRee-Ave-63110/home/93683808,191.02037998225427,7
https://www.redfin.com/MO/Saint-Louis/923-Withnell-Ave-63118/home/93699695,1238.2951908436555,0
https://www.redfin.com/MO/Saint-Louis/6331-Saloma-Ave-63136/home/93778231,1942.5852499604414,0
https://www.redfin.com/MO/Saint-Louis/5608-Holly-Hills-Ave-63109/home/93777486,698.9037040632203,2
https://www.redfin.com/MO/Saint-Louis/6228-Marquette-Ave-63139/home/93775406,546.4580204412902,2
https://www.redfin.com/MO/Saint-Louis/3241-California-Ave-63118/home/93693823,941.5149947720021,1
https://www.redfin.com/MO/Saint-Louis/5612-Rosa-Ave-63109/home/66028777,647.9137839965438,2
https://www.redfin.com/MO/Saint-Louis/5521-Murdoch-Ave-63109/home/93753279,510.9056975376768,1
https://www.redfin.com/MO/Saint-Louis/6518-Odell-St-63139/home/93741808,997.5813163286119,1
https://www.redfin.com/MO/Saint-Louis/3138-Clifton-Ave-63139/home/93775742,728.5303611942977,2
https://www.redfin.com/MO/Saint-Louis/2119-Chippewa-St-63118/home/93696678,307.4174603693107,3
https://www.redfin.com/MO/Saint-Louis/5521-Itaska-St-63109/home/93765274,804.0434076302947,1
https://www.redfin.com/MO/Saint-Louis/1178-Riverview-Blvd-63147/home/93760573,344.25351914501385,1
https://www.redfin.com/MO/Saint-Louis/6565-Winnebago-St-63109/home/93775081,597.7468502527063,2
https://www.redfin.com/MO/Saint-Louis/2628-Indiana-Ave-63118/home/93697767,518.5925515621852,4
https://www.redfin.com/MO/Saint-Louis/6539-Bancroft-Ave-63109/home/93775552,752.5916677203825,2
https://www.redfin.com/MO/Saint-Louis/3949-Flad-Ave-63110/home/93746633,409.36068647344786,4
https://www.redfin.com/MO/Saint-Louis/5208-Murdoch-Ave-63109/home/62734760,475.68964529260955,1
https://www.redfin.com/MO/Saint-Louis/4948-Tyrolean-Ave-63109/home/93764360,294.1401341684183,1
https://www.redfin.com/MO/Saint-Louis/3920-De-Tonty-St-63110/home/93756966,284.1729725188785,5
https://www.redfin.com/MO/Saint-Louis/6136-Victoria-Ave-63139/home/62731294,521.4510300575464,2
https://www.redfin.com/MO/Saint-Louis/1624-Forest-Ave-63139/home/93741384,181.96533212245106,1
https://www.redfin.com/MO/Saint-Louis/6242-Marmaduke-Ave-63139/home/93767674,480.68948587657513,2
https://www.redfin.com/MO/Saint-Louis/4436-Miami-St-63116/home/93756344,833.6984079192785,1
https://www.redfin.com/MO/Saint-Louis/3254-Jasper-Park-63139/home/93742796,710.4465468075941,2
https://www.redfin.com/MO/Saint-Louis/2922-Virginia-Ave-63118/home/93692639,476.9618605595558,2
https://www.redfin.com/MO/Saint-Louis/2846-Accomac-St-63104/home/62738663,653.726549517322,4
https://www.redfin.com/MO/Saint-Louis/3979-Burgen-Ave-63116/home/93771888,713.5797269944676,1
https://www.redfin.com/MO/Saint-Louis/6531-Hoffman-Ave-63139/home/93741766,1058.356392967263,0
https://www.redfin.com/MO/Saint-Louis/6036-Hartford-St-63139/home/93775720,644.4614115951689,2
https://www.redfin.com/MO/Saint-Louis/2402-S-10th-St-63104/home/93785923,227.0517370225846,1
https://www.redfin.com/MO/Saint-Louis/4438-Neosho-St-63116/home/93763600,814.9605004199531,2
https://www.redfin.com/MO/Saint-Louis/3470-Regal-Pl-63139/home/93780843,873.2531924927183,2
https://www.redfin.com/MO/Saint-Louis/6034-Childress-Ave-63109/home/79079011,328.3777392325708,2
https://www.redfin.com/MO/Saint-Louis/4928-Walsh-St-63109/home/93767178,1111.3854874256556,0
https://www.redfin.com/MO/Saint-Louis/5729-Finkman-St-63109/home/93777510,405.4663088364906,2
https://www.redfin.com/MO/Saint-Louis/4932-Bonita-Ave-63109/home/93764432,289.5685150832073,1
https://www.redfin.com/MO/Saint-Louis/1364-Kraft-St-63139/home/93750147,673.9876698195962,4
https://www.redfin.com/MO/Saint-Louis/7132-Lindenwood-Pl-63109/home/93748031,1797.2578924929046,0
https://www.redfin.com/MO/Saint-Louis/6410-Wade-Ave-63139/home/93740728,97.46880713903377,2
https://www.redfin.com/MO/Saint-Louis/6542-Lindenwood-Pl-63109/home/62733118,501.2252449408297,1
https://www.redfin.com/MO/Saint-Louis/5461-Alabama-Ave-63111/home/93708507,142.17456238002603,1
https://www.redfin.com/MO/Saint-Louis/3918-Wyoming-St-63116/home/93729571,545.1512248608321,2
https://www.redfin.com/MO/Saint-Louis/5705-Lisette-Ave-63109/home/93776704,528.0510458717031,2
https://www.redfin.com/MO/Saint-Louis/1123-Graham-St-63139/home/93707578,529.9275407413323,2
https://www.redfin.com/MO/Saint-Louis/6717-Bradley-Ave-63139/home/93741900,1054.697479876133,0
https://www.redfin.com/MO/Saint-Louis/2104-Robert-Ruggeri-Pl-63110/home/173620203,874.2274419234228,1
https://www.redfin.com/MO/Saint-Louis/6112-Wanda-Ave-63116/home/93779253,792.7968431624904,2
https://www.redfin.com/MO/Saint-Louis/5238-Alabama-Ave-63111/home/93707946,422.11913896380423,1
https://www.redfin.com/MO/Saint-Louis/2630-Arkansas-Ave-63118/home/93692337,363.842514931264,2
https://www.redfin.com/MO/Saint-Louis/4609-Milentz-Ave-63116/home/93756669,598.8573714591055,1
https://www.redfin.com/MO/Saint-Louis/6223-W-Park-Ave-63139/home/93726398,318.0262461669226,2
https://www.redfin.com/MO/Saint-Louis/6205-Odell-St-63139/home/93767678,385.0369816735867,2
https://www.redfin.com/MO/Saint-Louis/4919-Tyrolean-Ave-63109/home/93764507,226.68013936678219,1
https://www.redfin.com/MO/Saint-Louis/6160-Crescent-Ave-63139/home/93707370,539.9422309134194,2
https://www.redfin.com/MO/Saint-Louis/1470-Sproule-Ave-63139/home/62760323,444.1764206686853,2
https://www.redfin.com/MO/Saint-Louis/7313-Yates-St-63116/home/93784726,231.2829532209141,2
https://www.redfin.com/MO/Saint-Louis/6442-Hoffman-Ave-63139/home/93741755,889.963108540295,2
https://www.redfin.com/MO/Saint-Louis/5348-Gilson-Ave-63116/home/93761572,540.4553342792698,1
https://www.redfin.com/MO/Saint-Louis/3229-Childress-Ave-63139/home/93776361,940.1889748579537,1
https://www.redfin.com/MO/Saint-Louis/4611-Quincy-St-63116/home/93742154,586.9406104993718,2
https://www.redfin.com/MO/Saint-Louis/5614-S-Compton-Ave-63111/home/93708724,523.990275488418,1
https://www.redfin.com/MO/Saint-Louis/3216-Jasper-Park-63139/home/62731040,716.3151584278219,2
https://www.redfin.com/MO/Saint-Louis/5510-Botanical-Ave-63110/home/93727094,434.55176683550815,1
https://www.redfin.com/MO/Saint-Louis/3118-Magnolia-Ave-63118/home/85689546,680.2652675013289,3
https://www.redfin.com/MO/Saint-Louis/4005-McDonald-Ave-63116/home/93729301,500.87612623418966,2
https://www.redfin.com/MO/Saint-Louis/2262-Blendon-Pl-63143/home/62731941,1032.8698207273671,0
https://www.redfin.com/MO/Saint-Louis/2724-McNair-Ave-63118/home/62761029,787.0264385681662,2
https://www.redfin.com/MO/Saint-Louis/4337-Wyoming-St-63116/home/93751386,720.919615765235,2
https://www.redfin.com/MO/Saint-Louis/1519-Sanford-Ave-63139/home/93740917,621.9540645370038,3
https://www.redfin.com/MO/Saint-Louis/2617-Alfred-Ave-63110/home/93728283,776.8565986537908,2
https://www.redfin.com/MO/Saint-Louis/3647-S-Compton-Ave-63118/home/93695674,504.92349372489673,1
https://www.redfin.com/MO/Saint-Louis/4049-Humphrey-St-63116/home/93729530,232.51454518558236,2
https://www.redfin.com/MO/Saint-Louis/3317-Indiana-Ave-63118/home/109912645,897.7152082464153,1
https://www.redfin.com/MO/Saint-Louis/5563-Devonshire-Ave-63109/home/93753020,520.3465041981897,1
https://www.redfin.com/MO/Saint-Louis/5041-Rosa-Ave-63109/home/93765459,1203.9039512839026,0
https://www.redfin.com/MO/Saint-Louis/2307-Sidney-St-63104/home/93691420,477.84683640640844,5
https://www.redfin.com/MO/Saint-Louis/6111-Idaho-Ave-63111/home/93709409,558.145887755134,1
https://www.redfin.com/MO/Saint-Louis/5311-Blow-St-63109/home/93758342,854.4319948103191,1
https://www.redfin.com/MO/Saint-Louis/1457-Sproule-Ave-63139/home/62757847,364.2569128868414,2
https://www.redfin.com/MO/Saint-Louis/6554-Mitchell-Ter-63139/home/93741165,573.5765490057116,2
https://www.redfin.com/MO/Saint-Louis/5610-Leona-St-63116/home/93771861,722.6772515899185,2
https://www.redfin.com/MO/Saint-Louis/4215-Flad-Ave-63110/home/93746819,378.22221203562543,4
https://www.redfin.com/MO/Saint-Louis/4126-Bates-St-63116/home/90713278,767.5471562924904,2
https://www.redfin.com/MO/Saint-Louis/5308-Quincy-St-63109/home/93758213,801.7995233559967,1
https://www.redfin.com/MO/Saint-Louis/4435-Miami-St-63116/home/62766805,883.0903712269877,1
https://www.redfin.com/MO/Saint-Louis/5421-Odell-St-63139/home/93727360,679.2518206113357,2
https://www.redfin.com/MO/Saint-Louis/4253-Neosho-St-63116/home/93772454,581.8759394174616,2
https://www.redfin.com/MO/Saint-Louis/2146-Esther-Ave-63139/home/93761453,800.534371135339,2
https://www.redfin.com/MO/Saint-Louis/4056-Quincy-St-63116/home/93777645,255.34126558887291,2
https://www.redfin.com/MO/Saint-Louis/4753-Goethe-Ave-63116/home/85615048,742.5030629321972,1
https://www.redfin.com/MO/Saint-Louis/3855-Bingham-Ave-63116/home/93780441,1061.9356789943806,0
https://www.redfin.com/MO/Saint-Louis/1115-Childress-Ave-63139/home/93782134,623.8284363624398,3
https://www.redfin.com/MO/Saint-Louis/4148-Federer-St-63116/home/79030504,321.54237934261323,1
https://www.redfin.com/MO/Saint-Louis/6418-Oleatha-Ave-63139/home/93775319,264.0290451237669,2
https://www.redfin.com/MO/Saint-Louis/4035-Fairview-Ave-63116/home/93729082,604.6975317339167,2
https://www.redfin.com/MO/Saint-Louis/4449-Shaw-Blvd-63110/home/62692063,604.305832870777,4
https://www.redfin.com/MO/Saint-Louis/5444-Eichelberger-St-63109/home/93775620,996.7282771049825,1
https://www.redfin.com/MO/Saint-Louis/7309-Esplanade-St-63143/home/93751272,1979.637074256533,0
https://www.redfin.com/MO/Saint-Louis/6734-Plainview-Ave-63109/home/93779508,522.1480559672589,1
https://www.redfin.com/MO/Saint-Louis/6515-Devonshire-Ave-63109/home/93779039,369.91609113948834,1
https://www.redfin.com/MO/Saint-Louis/2354-Louisiana-Ave-63104/home/93692058,173.08647711317232,2
https://www.redfin.com/MO/Saint-Louis/5241-Lindenwood-Ave-63109/home/93781788,644.0575332684415,2
https://www.redfin.com/MO/Saint-Louis/6100-Garesche-Ave-63136/home/93745631,1294.8819269793846,0
https://www.redfin.com/MO/Saint-Louis/2026-Allen-Ave-63104/home/93690474,79.21711666312983,5
https://www.redfin.com/MO/Saint-Louis/4009-Delor-St-63116/home/93750360,757.591927909278,1
https://www.redfin.com/MO/Saint-Louis/2853-S-18th-St-63118/home/93691520,1026.0749479984536,0
https://www.redfin.com/MO/Saint-Louis/5578-Lindenwood-Ave-63109/home/93782853,670.4660592191208,2
https://www.redfin.com/MO/Saint-Louis/2625-Arkansas-Ave-63118/home/93692258,366.5590433198972,2
https://www.redfin.com/MO/Saint-Louis/2336-Esther-Ave-63139/home/62764755,485.44020223769303,2
https://www.redfin.com/MO/St-Louis/2650-Pennsylvania-Ave-63118/home/62737617,558.5339597653796,3
https://www.redfin.com/MO/Saint-Louis/1310-Mackay-Pl-63104/home/93680153,769.8168383718217,3
https://www.redfin.com/MO/Saint-Louis/6309-Marquette-Ave-63139/home/80167785,579.0064583264262,2
https://www.redfin.com/MO/Saint-Louis/6031-Lansdowne-Ave-63109/home/93782411,866.2196925289076,1
https://www.redfin.com/MO/Saint-Louis/3449-Utah-St-63118/home/93693058,537.0338377340237,1
https://www.redfin.com/MO/Saint-Louis/3401-Halliday-Ave-63118/home/93692499,554.1133031979604,3
https://www.redfin.com/MO/Saint-Louis/6941-Hillsland-Ave-63109/home/93781330,722.5781137438512,1
https://www.redfin.com/MO/Saint-Louis/3436-Tedmar-Ave-63139/home/93742311,744.388381600978,3
https://www.redfin.com/MO/Saint-Louis/4711-Ray-Ave-63116/home/93768312,527.7569469372874,1
https://www.redfin.com/MO/Saint-Louis/6437-Brockschmidt-Pl-63139/home/93740845,412.16470990906396,2
https://www.redfin.com/MO/Saint-Louis/6017-Juniata-St-63139/home/93775760,719.6840949887866,2
https://www.redfin.com/MO/Saint-Louis/5410-Lindenwood-Ave-63109/home/93782849,570.4132036077475,1
https://www.redfin.com/MO/Saint-Louis/5919-Scanlan-Ave-63139/home/93775807,875.1530820062724,2
https://www.redfin.com/MO/Saint-Louis/6409-Myrlette-Ct-63116/home/93783504,504.00212223098555,1
https://www.redfin.com/MO/Saint-Louis/1518-Graham-St-63139/home/93761908,425.135331768878,2
https://www.redfin.com/MO/Saint-Louis/4509-Holly-Hills-Ave-63116/home/93756699,571.6682426440141,1
https://www.redfin.com/MO/Saint-Louis/8-Lawn-Pl-63110/home/93765846,396.5767383004042,3
https://www.redfin.com/MO/Saint-Louis/5416-Neosho-St-63109/home/93765137,620.2672051615929,1
https://www.redfin.com/MO/Saint-Louis/2842-Knox-Ct-63139/home/93773963,153.79918576163072,2
https://www.redfin.com/MO/Saint-Louis/4567-Arco-Ave-63110/home/93749294,371.9283326475088,5
https://www.redfin.com/MO/Saint-Louis/6304-Wyoming-St-63139/home/93775921,1044.1538982254133,0
https://www.redfin.com/MO/Saint-Louis/2126-Franz-Park-Ln-63139/home/62752480,392.39263837329895,1
https://www.redfin.com/MO/Saint-Louis/5347-Tholozan-Ave-63109/home/93781812,798.7873121296175,2
https://www.redfin.com/MO/Saint-Louis/4338-Oregon-Ave-63111/home/93705798,507.50116466762404,4
https://www.redfin.com/MO/Saint-Louis/6413-Lloyd-Ave-63139/home/93740887,242.68798205227876,2
https://www.redfin.com/MO/Saint-Louis/5742-Lansdowne-Ave-63109/home/93753030,945.6925429175706,2
https://www.redfin.com/MO/Saint-Louis/6424-Bradley-Ave-63139/home/93742097,843.9682251692261,1
https://www.redfin.com/MO/Saint-Louis/8464-Edna-St-63147/home/93731349,1084.938433345387,0
https://www.redfin.com/MO/Saint-Louis/5346-Tholozan-Ave-63109/home/62699125,791.3544933295743,2
https://www.redfin.com/MO/Saint-Louis/5927-W-Park-Ave-63110/home/93672322,751.6792658358609,3
https://www.redfin.com/MO/Saint-Louis/1220-Mackay-Pl-63104/home/93701240,848.3944823019896,3
https://www.redfin.com/MO/Saint-Louis/3326-Humphrey-St-63118/home/93693023,363.77425904354584,1
https://www.redfin.com/MO/Saint-Louis/6610-Alabama-Ave-63111/home/93709856,528.2781438616541,1
https://www.redfin.com/MO/Saint-Louis/5435-Christy-Ave-63116/home/93757974,1076.8803259186259,0
https://www.redfin.com/MO/Saint-Louis/5604-Itaska-St-63109/home/68486186,920.1005104715529,2
https://www.redfin.com/MO/Saint-Louis/4426-Beethoven-Ave-63116/home/93764615,546.8238958461028,1
https://www.redfin.com/MO/Saint-Louis/5610-Winona-Ave-63109/home/93781633,650.7113450508951,2
https://www.redfin.com/MO/Saint-Louis/3954-Russell-Blvd-63110/home/93747570,160.11144066580246,5
https://www.redfin.com/MO/Saint-Louis/6119-Archwood-Ln-63123/home/93783414,1632.9923671722604,0
https://www.redfin.com/MO/Saint-Louis/4439-Grace-Ave-63116/home/93706398,619.7991417151824,2
https://www.redfin.com/MO/Saint-Louis/7113-Coronado-Ave-63116/home/93784075,518.0522687078208,2
https://www.redfin.com/MO/Saint-Louis/5722-Murdoch-Ave-63109/home/93753518,923.9262739331052,1
https://www.redfin.com/MO/Saint-Louis/2921-Virginia-Ave-63118/home/69299980,485.7455244734337,2
https://www.redfin.com/MO/Saint-Louis/3974-Wyoming-St-63116/home/62743551,387.9203721540136,2
https://www.redfin.com/MO/Saint-Louis/6924-Bancroft-Ave-63109/home/93774172,995.5498050754675,1
https://www.redfin.com/MO/Saint-Louis/6416-Pernod-Ave-63139/home/62758642,285.8180106186126,2
https://www.redfin.com/MO/Saint-Louis/4015-Magnolia-Pl-63110/home/93746706,558.028251435069,3
https://www.redfin.com/MO/Saint-Louis/4343-Hunt-Ave-63110/home/93726066,180.78439941458126,5
https://www.redfin.com/MO/Saint-Louis/4237-Wyoming-St-63116/home/62719110,341.9954004843597,2
https://www.redfin.com/MO/Saint-Louis/3319-Magnolia-Ave-63118/home/93692206,430.3140986975194,3
https://www.redfin.com/MO/Saint-Louis/3915-Prather-Ave-63109/home/93769759,792.1225668288232,1
https://www.redfin.com/MO/Saint-Louis/6639-Arsenal-St-63139/home/93741806,1420.9530658652131,0
https://www.redfin.com/MO/Saint-Louis/6221-Hancock-Ave-63139/home/62694290,694.7917035317527,2
https://www.redfin.com/MO/Saint-Louis/5989-N-Cuba-Ct-63139/home/93775577,265.0129644495361,2
https://www.redfin.com/MO/Saint-Louis/4467-Wilcox-Ave-63116/home/93764994,717.0625256676221,1
https://www.redfin.com/MO/Saint-Louis/2316-Sulphur-Ave-63139/home/93741631,573.1834437259246,2
https://www.redfin.com/MO/Saint-Louis/3532-Arsenal-St-63118/home/93692738,604.6572704735491,2
https://www.redfin.com/MO/Saint-Louis/3959-Keokuk-St-63116/home/93730133,1095.7011747861363,0
https://www.redfin.com/MO/Saint-Louis/4417-Itaska-St-63116/home/62734963,704.9417387271151,2
https://www.redfin.com/MO/Saint-Louis/6652-Hancock-Ave-63139/home/93748816,535.90610186605,1
https://www.redfin.com/MO/Saint-Louis/5548-Shaw-Ave-63110/home/93726989,1059.2722011533376,0
https://www.redfin.com/MO/Saint-Louis/4044-Walsh-St-63116/home/93757560,569.8331850274195,1
https://www.redfin.com/MO/Saint-Louis/2330-S-9th-St-63104/home/93686174,328.6325501136916,1
https://www.redfin.com/MO/Saint-Louis/3315-Lemp-Ave-63118/home/93694079,1055.2434428572656,0
https://www.redfin.com/MO/Saint-Louis/5904-Crane-Cir-63109/home/93783991,263.3722786669785,2
https://www.redfin.com/MO/Saint-Louis/2133-Allen-Ave-63104/home/93690619,248.13876835760794,5
https://www.redfin.com/MO/Saint-Louis/3932-Botanical-Ave-63110/home/93746151,336.1517860088118,3
https://www.redfin.com/MO/Saint-Louis/2808-Russell-Blvd-63104/home/93690787,526.770161761715,5
https://www.redfin.com/MO/Saint-Louis/2805-Wyoming-St-63118/home/93677487,885.3011102361188,1
https://www.redfin.com/MO/Saint-Louis/5235-Oleatha-Ave-63139/home/93777466,383.5139335883494,3
https://www.redfin.com/MO/Saint-Louis/4368-Evans-Ave-63113/home/93718950,372.5196767343294,3
https://www.redfin.com/MO/Saint-Louis/1301-Kentucky-Ave-63110/home/93726594,431.1342240273003,4
https://www.redfin.com/MO/Saint-Louis/2024-Blendon-Pl-63143/home/93744126,577.6698997292872,1
https://www.redfin.com/MO/Saint-Louis/3216-Henrietta-St-63104/home/146873629,600.758626858418,3
https://www.redfin.com/MO/Saint-Louis/3808-Wyoming-St-63116/home/62699741,921.572674278427,1
https://www.redfin.com/MO/Saint-Louis/2870-Texas-Ave-63118/home/62695693,478.8593995560726,2
https://www.redfin.com/MO/Saint-Louis/2842-Victor-St-63104/home/93699882,500.6285085691505,4
https://www.redfin.com/MO/Saint-Louis/2419-S-12th-St-63104/home/93686776,577.2476993529772,1
https://www.redfin.com/MO/Saint-Louis/6149-Marwinette-Ave-63116/home/62745727,219.01577270928618,1
https://www.redfin.com/MO/Saint-Louis/3936-McRee-Ave-63110/home/93674086,511.65403935798315,6
https://www.redfin.com/MO/Saint-Louis/2820-Accomac-St-63104/home/93691155,541.8086854843733,5
https://www.redfin.com/MO/Saint-Louis/1721-Carroll-St-63104/home/93689729,268.383757512281,5
https://www.redfin.com/MO/St-Louis/3946-Juniata-St-63116/home/200782915,337.58849994563246,2
https://www.redfin.com/MO/Saint-Louis/5755-Waterman-Blvd-63112/home/93762695,429.83969389562503,3
https://www.redfin.com/MO/Saint-Louis/5817-Dressell-Ave-63120/home/93768482,1777.0396500622824,0
https://www.redfin.com/MO/Saint-Louis/4120-Olive-St-63108/home/62747260,319.0964407108184,7
https://www.redfin.com/MO/Saint-Louis/3712-S-Jefferson-Ave-63118/home/93680198,195.3961092511385,4
https://www.redfin.com/MO/Saint-Louis/1913-Hickory-St-63104/home/62723713,556.106411812413,4
https://www.redfin.com/MO/Saint-Louis/1206-Lynch-St-63118/home/177026261,745.7987717106406,1
https://www.redfin.com/MO/Saint-Louis/5647-Chamberlain-Ave-63112/home/93722403,320.71434403471966,3
https://www.redfin.com/MO/Saint-Louis/2623-S-11th-St-63118/home/93684435,466.31166210438215,1
https://www.redfin.com/MO/Saint-Louis/3935-McCausland-Ave-63109/home/92586581,1311.308667390685,0
https://www.redfin.com/MO/Saint-Louis/6145-Colorado-Ave-63111/home/103204458,724.7831110782179,1
https://www.redfin.com/MO/Saint-Louis/2648-California-Ave-63118/home/93699469,167.8756846705331,2
https://www.redfin.com/MO/Saint-Louis/3872-Humphrey-St-63116/home/93728445,748.3016094340511,2
https://www.redfin.com/MO/Saint-Louis/3181-Portis-Ave-63116/home/62766309,726.237418570057,3
https://www.redfin.com/MO/Saint-Louis/6522-Parkwood-Pl-63116/home/93771928,703.3909910628086,4
https://www.redfin.com/MO/Saint-Louis/3204-Dakota-St-63111/home/82405546,634.0827761691774,2
https://www.redfin.com/MO/Saint-Louis/3138-Lafayette-Ave-63104/home/93683664,781.6386911315011,3
https://www.redfin.com/MO/Saint-Louis/4131-Shenandoah-Ave-63110/home/93746480,482.8972485224655,5
https://www.redfin.com/MO/Saint-Louis/3547-Nebraska-Ave-63118/home/93694802,420.8089042069119,1
https://www.redfin.com/MO/Saint-Louis/2842-Shenandoah-Ave-63104/home/93699596,584.434872447467,4
https://www.redfin.com/MO/Saint-Louis/1920-Senate-St-63118/home/93697297,1038.8594525408039,0
https://www.redfin.com/MO/Saint-Louis/3824-Michigan-Ave-63118/home/93695996,397.53810751722915,2
https://www.redfin.com/MO/Saint-Louis/3211-Ohio-Ave-63118/home/93694221,1130.5402990191776,0
https://www.redfin.com/MO/Saint-Louis/3449-Tennessee-Ave-63118/home/62761889,951.0641480983031,1
https://www.redfin.com/MO/Saint-Louis/3408-Hartford-St-63118/home/93692686,238.84838696463348,1
https://www.redfin.com/MO/Saint-Louis/5027-S-Grand-Blvd-63111/home/62773763,409.50596780137926,2
https://www.redfin.com/MO/Saint-Louis/5368-Odell-St-63139/home/93727772,709.12404009492,5
https://www.redfin.com/MO/Saint-Louis/4509-Idaho-Ave-63111/home/93706364,652.7323300166629,2
https://www.redfin.com/MO/Saint-Louis/6568-Smiley-Ave-63139/home/93742277,1254.8068165141733,0
https://www.redfin.com/MO/Saint-Louis/5745-De-Giverville-Ave-63112/home/93763218,524.9521155431826,3
https://www.redfin.com/MO/Saint-Louis/1208-S-13th-St-63104/home/109007751,87.74963529864068,4
https://www.redfin.com/MO/Saint-Louis/515-Loughborough-Ave-63111/home/62692890,153.736603783415,1
https://www.redfin.com/MO/Saint-Louis/5500-Lindenwood-Ave-63109/home/93782525,674.9843421341137,2
https://www.redfin.com/MO/Saint-Louis/5327-Itaska-St-63109/home/93766997,645.4418789118942,1
https://www.redfin.com/MO/Saint-Louis/3413-Oregon-Ave-63118/home/93694789,823.1326253341499,1
https://www.redfin.com/MO/Saint-Louis/4169-McPherson-Ave-63108/home/93725348,500.46852389933133,5
https://www.redfin.com/MO/Saint-Louis/2748-Accomac-St-63104/home/93691194,416.6416860940712,5
https://www.redfin.com/MO/Saint-Louis/4211-Norfolk-Ave-63110/home/93725987,250.67165215898575,4
https://www.redfin.com/MO/Saint-Louis/6968-Lansdowne-Ave-63109/home/93774104,993.6343897112383,1
https://www.redfin.com/MO/Saint-Louis/3215-Magnolia-Ave-63118/home/93691972,484.10754566915034,2
https://www.redfin.com/MO/Saint-Louis/1831-Victor-St-63104/home/93691288,878.4065122197582,3
https://www.redfin.com/MO/Saint-Louis/6054-Oleatha-Ave-63139/home/93775378,249.1805632078851,2
https://www.redfin.com/MO/Saint-Louis/6210-Walsh-St-63109/home/93780258,417.4832584170694,2
https://www.redfin.com/MO/Saint-Louis/3139-Ivanhoe-Ave-63139/home/93741919,1359.8710529769035,0
https://www.redfin.com/MO/Saint-Louis/4627-Rosa-Ave-63116/home/93759006,944.1621531694494,1
https://www.redfin.com/MO/Saint-Louis/3419-California-Ave-63118/home/93694324,844.2211604382388,2
https://www.redfin.com/MO/Saint-Louis/4608-S-Grand-Blvd-63111/home/93706623,531.6186137971764,2
https://www.redfin.com/MO/Saint-Louis/5784-McPherson-Ave-63112/home/143294155,337.9700268343402,3
https://www.redfin.com/MO/Saint-Louis/2911-Michigan-Ave-63118/home/93692558,577.308681639059,3
https://www.redfin.com/MO/Saint-Louis/2010-Oregon-Ave-63104/home/93690058,589.6571270181245,4
https://www.redfin.com/MO/Saint-Louis/3434-Sidney-St-63104/home/93692319,225.53210878766043,2
https://www.redfin.com/MO/Saint-Louis/3285-Jasper-Park-63139/home/62762693,784.0759032664092,1
https://www.redfin.com/MO/Saint-Louis/919-Pendleton-Ave-63108/home/93739849,358.21827506422824,3
https://www.redfin.com/MO/Saint-Louis/3957-Shaw-Blvd-63110/home/109007223,149.286850626423,5
https://www.redfin.com/MO/Saint-Louis/1111-Allen-Ave-63104/home/93672772,902.6181259776624,3
https://www.redfin.com/MO/Saint-Louis/4731-Holly-Hills-Ave-63116/home/93756713,475.14889122575045,1
https://www.redfin.com/MO/Saint-Louis/6206-Victoria-Ave-63139/home/93726369,411.9629729315998,2
https://www.redfin.com/MO/Saint-Louis/3129-Maury-Ave-63116/home/93767069,437.5068537340955,2
https://www.redfin.com/MO/Saint-Louis/6953-Arthur-Ave-63139/home/93743537,1199.3647959622065,0
https://www.redfin.com/MO/Saint-Louis/3125-Morganford-Rd-63116/home/93749581,762.6638101680539,3
https://www.redfin.com/MO/Saint-Louis/3324-Wyoming-St-63118/home/93693085,247.00032225978748,1
https://www.redfin.com/MO/Saint-Louis/4046-Magnolia-Pl-63110/home/93746694,615.8007919135333,3
https://www.redfin.com/MO/Saint-Louis/6718-Glades-Ave-63139/home/93741249,326.0131549034932,1
https://www.redfin.com/MO/Saint-Louis/1507-Brock-St-63139/home/93740791,447.0127090479138,2
https://www.redfin.com/MO/Saint-Louis/4390-Chouteau-Ave-63110/home/175305510,567.9694678604692,4
https://www.redfin.com/MO/Saint-Louis/4371-W-Belle-Pl-63108/home/93739744,348.26385610981754,3
https://www.redfin.com/MO/Saint-Louis/6451-Devonshire-Ave-63109/home/62719364,451.38035568100725,1
https://www.redfin.com/MO/Saint-Louis/1014-Bittner-St-63147/home/93730724,1938.7417708470457,0
https://www.redfin.com/MO/Saint-Louis/4118-Russell-Blvd-63110/home/93747036,263.9513765471269,5
https://www.redfin.com/MO/Saint-Louis/6227-Oleatha-Ave-63139/home/93775308,395.8730224213424,2
https://www.redfin.com/MO/Saint-Louis/4675-Tennessee-Ave-63111/home/93707155,440.937156616574,1
https://www.redfin.com/MO/Saint-Louis/4705-Virginia-Ave-63111/home/62772531,1012.146522597518,0
https://www.redfin.com/MO/Saint-Louis/5632-S-Magnolia-Ave-63139/home/93727129,738.3580922452086,3
https://www.redfin.com/MO/Saint-Louis/1913-Lasalle-St-63104/home/93701274,609.7204123589436,4
https://www.redfin.com/MO/Saint-Louis/5510-Rhodes-Ave-63109/home/93771583,852.2370339531135,2
https://www.redfin.com/MO/Saint-Louis/2238-Edwards-St-63110/home/93672324,329.6529029220867,1
https://www.redfin.com/MO/Saint-Louis/6541-Lindenwood-Pl-63109/home/93775147,432.83940277140675,1
https://www.redfin.com/MO/Saint-Louis/5065-Miami-St-63139/home/93777375,326.05783535429174,3
https://www.redfin.com/MO/Saint-Louis/5609-Oleatha-Ave-63139/home/90082902,918.7351717974317,1
https://www.redfin.com/MO/Saint-Louis/2600-Tennessee-Ave-63118/home/93692196,206.56039985232496,2
https://www.redfin.com/MO/Saint-Louis/5505-Milentz-Ave-63109/home/93771350,855.428572829371,2
https://www.redfin.com/MO/Saint-Louis/4118-Quincy-St-63116/home/93772931,219.55558670300687,2
https://www.redfin.com/MO/Saint-Louis/4140-Shaw-Blvd-63110/home/66529019,187.52000450399697,5
https://www.redfin.com/MO/Saint-Louis/5505-S-Kingshighway-Blvd-63109/home/93765482,1154.0074337219648,0
https://www.redfin.com/MO/Saint-Louis/3113-Wyoming-St-63118/home/93693203,368.55458895907935,1
https://www.redfin.com/MO/Saint-Louis/3500-California-Ave-63118/home/62744258,692.31863875761,2
https://www.redfin.com/MO/Saint-Louis/5854-Waterman-Blvd-63112/home/93762436,462.44662188546505,3
https://www.redfin.com/MO/Saint-Louis/7062-Winona-Ave-63109/home/62764318,1454.021313586558,0
https://www.redfin.com/MO/Saint-Louis/3632-Hartford-St-63116/home/93699752,795.8285203863007,2
https://www.redfin.com/MO/Saint-Louis/1021-Lafayette-Ave-63104/home/93685325,717.8771015233458,3
https://www.redfin.com/MO/Saint-Louis/6721-Scanlan-Ave-63139/home/93742242,1234.8291781234286,0
https://www.redfin.com/MO/Saint-Louis/3705-Illinois-Ave-63118/home/62736877,196.75882274710358,2
https://www.redfin.com/MO/Saint-Louis/7120-Bancroft-Ave-63109/home/93749073,1588.7903716407357,0
https://www.redfin.com/MO/Saint-Louis/905-Hornsby-Ave-63147/home/93761181,1131.8464767771868,0
https://www.redfin.com/MO/Saint-Louis/7856-Leona-St-63123/home/93784432,1202.2160129059966,0
https://www.redfin.com/MO/Saint-Louis/4921-S-Compton-Ave-63111/home/93707740,934.3207395798698,1
https://www.redfin.com/MO/Saint-Louis/6753-Oleatha-Ave-63139/home/93778987,807.0889479663484,1
https://www.redfin.com/MO/Saint-Louis/1403-Montrose-Ave-63104/home/93689825,340.1727317650855,2
https://www.redfin.com/MO/Saint-Louis/6924-Fyler-Ave-63139/home/93743402,1152.1473042677264,0
https://www.redfin.com/MO/Saint-Louis/1324-Graham-St-63139/home/93726361,206.26860031640604,2
https://www.redfin.com/MO/Saint-Louis/1348-Kraft-St-63139/home/65542487,613.9192696512247,4
https://www.redfin.com/MO/Saint-Louis/6915-Hancock-Ave-63139/home/93743525,996.876002154452,1
https://www.redfin.com/MO/Saint-Louis/5534-Winona-Ave-63109/home/62752123,573.9451403511225,2
https://www.redfin.com/MO/Saint-Louis/6546-Arsenal-St-63139/home/93742269,1260.0096448056827,0
https://www.redfin.com/MO/Saint-Louis/6615-Fyler-Ave-63139/home/70413579,748.3087426835342,1
https://www.redfin.com/MO/Saint-Louis/5201-Kingwood-Dr-63123/home/93783012,1147.8720251069626,0
https://www.redfin.com/MO/Saint-Louis/7068-Winona-Ave-63109/home/93747650,1475.2322222754901,0
https://www.redfin.com/MO/Saint-Louis/6431-Hancock-Ave-63139/home/93743263,513.5737488391392,2
https://www.redfin.com/MO/Saint-Louis/7047-Tholozan-Ave-63109/home/93747958,1401.5912804215561,0
https://www.redfin.com/MO/Saint-Louis/7226-Virginia-Ave-63111/home/93710435,403.0977640503849,1
https://www.redfin.com/MO/Saint-Louis/7081-Winona-Ave-63109/home/93747743,1552.386143427883,0
https://www.redfin.com/MO/Saint-Louis/2661-Iowa-Ave-63118/home/93699479,109.44217836074654,2
https://www.redfin.com/MO/Saint-Louis/3914-Bates-St-63116/home/93781586,949.3111748399012,1
https://www.redfin.com/MO/Saint-Louis/1116-McLaran-Ave-63147/home/93731327,1195.8492972650854,0
https://www.redfin.com/MO/Saint-Louis/8578-Drury-Ln-63147/home/93732306,914.0387554471577,2
https://www.redfin.com/MO/Saint-Louis/3832-Louis-St-63116/home/93785292,828.5110344796794,1
https://www.redfin.com/MO/Saint-Louis/919-Bates-St-63111/home/93708532,306.7805665074254,1
https://www.redfin.com/MO/Saint-Louis/4556-Carter-Ave-63115/home/93734106,950.3232983389373,1
https://www.redfin.com/MO/Saint-Louis/5714-Park-Ln-63147/home/93770313,309.96834210125513,1
https://www.redfin.com/MO/Saint-Louis/4028-Blow-St-63116/home/93784131,235.50245259959124,2
https://www.redfin.com/MO/Saint-Louis/5730-Park-Ln-63147/home/63495459,272.53961750353557,1
https://www.redfin.com/MO/Saint-Louis/6416-Brockschmidt-Pl-63139/home/62697249,427.6108921307389,2
https://www.redfin.com/MO/Saint-Louis/5938-Keith-Pl-63109/home/93783975,412.02571706218947,2
https://www.redfin.com/MO/Saint-Louis/8014-Morganford-Rd-63123/home/93784186,1207.9333980202032,0
https://www.redfin.com/MO/Saint-Louis/4116-Koeln-Ave-63116/home/93784371,516.7477631309981,2
https://www.redfin.com/MO/Saint-Louis/3633-Poepping-St-63125/home/62716050,1732.2923686682736,0
https://www.redfin.com/MO/Saint-Louis/6759-Delor-St-63109/home/93781467,645.2638522903636,1
https://www.redfin.com/MO/Saint-Louis/7401-Morganford-Rd-63116/home/93783786,464.45501080776654,2
https://www.redfin.com/MO/Saint-Louis/6411-Hancock-Ave-63139/home/93743260,551.1728410425425,2
https://www.redfin.com/MO/Saint-Louis/510-Holly-Hills-Ave-63111/home/93709675,761.9235637772566,1
https://www.redfin.com/MO/Saint-Louis/7051-Nashville-Ave-63117/home/62733529,792.3389706478725,1
https://www.redfin.com/MO/Saint-Louis/5701-Arthur-Ave-63139/home/93743048,806.7826970920335,1
https://www.redfin.com/MO/Saint-Louis/5531-Arthur-Ave-63139/home/93742850,524.7511704128192,3
https://www.redfin.com/MO/Saint-Louis/5689-Pernod-Ave-63139/home/93780762,603.053657001208,1
https://www.redfin.com/MO/Saint-Louis/3428-Indiana-Ave-63118/home/93694556,564.538401162013,1
https://www.redfin.com/MO/Saint-Louis/6446-Virginia-Ave-63111/home/93709661,621.398344240229,1
https://www.redfin.com/MO/Saint-Louis/5458-Murdoch-Ave-63109/home/93753485,476.49656596840975,1
https://www.redfin.com/MO/Saint-Louis/7305-Coronado-Ave-63116/home/93785089,513.7216403748344,2
https://www.redfin.com/MO/Saint-Louis/7816-Wilmar-Pl-63123/home/93784777,1126.659435672571,0
https://www.redfin.com/MO/Saint-Louis/7824-Decatur-Dr-63123/home/93784929,1230.6146645929819,0
https://www.redfin.com/MO/Saint-Louis/4312-Steins-St-63116/home/93783755,584.3879040538708,2
https://www.redfin.com/MO/Saint-Louis/4267-Miami-St-63116/home/93728724,774.094306127153,2
https://www.redfin.com/MO/Saint-Louis/8770-Jordan-Ave-63147/home/93782959,1282.410248292417,0
https://www.redfin.com/MO/Saint-Louis/2817-Knox-Ct-63139/home/62731523,176.94603915273896,2
https://www.redfin.com/MO/Saint-Louis/6462-Villa-Ave-63139/home/93740899,321.19345444822716,2
https://www.redfin.com/MO/Saint-Louis/4172-Parker-Ave-63116/home/93729136,489.56377188981435,2
https://www.redfin.com/MO/Saint-Louis/4352-Steins-St-63116/home/93783782,660.8153175103932,2
https://www.redfin.com/MO/Saint-Louis/3566-Bamberger-Ave-63116/home/93730446,1397.4594208029728,0
https://www.redfin.com/MO/Saint-Louis/3183-Clifton-Ave-63139/home/93775835,905.0716060168753,2
https://www.redfin.com/MO/Saint-Louis/4336-Al-Clare-Dr-63123/home/93784696,1598.397994778716,0
https://www.redfin.com/MO/Saint-Louis/3971-Juniata-St-63116/home/93749833,224.1636793759934,2
https://www.redfin.com/MO/Saint-Louis/4317-Alma-Ave-63116/home/93771930,691.2553205106756,3
https://www.redfin.com/MO/Saint-Louis/1719-Veronica-Ave-63147/home/93778775,640.7846661437281,1
https://www.redfin.com/MO/Saint-Louis/5634-Fyler-Ave-63139/home/93742905,782.765685074001,1
https://www.redfin.com/MO/Saint-Louis/4239-Eichelberger-St-63116/home/93773996,221.9133383980885,1
https://www.redfin.com/MO/Saint-Louis/6919-Marquette-Ave-63139/home/62739915,955.6261880790084,1
https://www.redfin.com/MO/Saint-Louis/4412-Pennsylvania-Ave-63111/home/62746968,612.7976119689574,3
https://www.redfin.com/MO/Saint-Louis/5540-Arthur-Ave-63139/home/93742756,585.3065410418675,3
https://www.redfin.com/MO/Saint-Louis/5549-Lindenwood-Ave-63109/home/93782495,766.77108787163,2
https://www.redfin.com/MO/Saint-Louis/8015-Parkwood-Dr-63123/home/93783874,1253.9138462996077,0
https://www.redfin.com/MO/Saint-Louis/324-Hurck-St-63111/home/93711861,1827.6777044238545,0
https://www.redfin.com/MO/Saint-Louis/7700-Michigan-Ave-63111/home/93684134,1008.3921945957319,0
https://www.redfin.com/MO/Saint-Louis/3728-Arkansas-Ave-63118/home/93785856,931.5904357931589,1
https://www.redfin.com/MO/Saint-Louis/4375-Haven-St-63116/home/93770778,637.0965475402267,3
https://www.redfin.com/MO/Saint-Louis/2159-McCausland-Ave-63143/home/93744176,712.7415314428267,1
https://www.redfin.com/MO/Saint-Louis/7417-Ray-Ave-63116/home/93784359,554.5802591784659,2
https://www.redfin.com/MO/Saint-Louis/6136-Adkins-Ave-63116/home/93776767,288.2465637884841,1
https://www.redfin.com/MO/Saint-Louis/3145-Clifton-Ave-63139/home/93775897,745.6007077931952,2
https://www.redfin.com/MO/Saint-Louis/5614-Bancroft-Ave-63109/home/93753095,665.112027134021,2
https://www.redfin.com/MO/Saint-Louis/5060-Potomac-St-63139/home/62689742,152.8745136252404,3
https://www.redfin.com/MO/Saint-Louis/1122-Grandview-Pl-63139/home/93765054,94.79809710645316,1
https://www.redfin.com/MO/Saint-Louis/4359-Toenges-Ave-63116/home/88153802,790.9062108730365,3
https://www.redfin.com/MO/Saint-Louis/6231-Archwood-Ln-63123/home/93783440,1583.124814779293,0
https://www.redfin.com/MO/Saint-Louis/5011-Lindenwood-Ave-63109/home/93776237,778.7927033253172,2
https://www.redfin.com/MO/Saint-Louis/3905-Cottage-Ave-63113/home/103202894,497.9983437654813,1
https://www.redfin.com/MO/Saint-Louis/3653-Taft-Ave-63116/home/93706495,489.4960538359399,2
https://www.redfin.com/MO/Saint-Louis/4475-N-Taylor-Ave-63115/home/93734728,762.5473941192083,1
https://www.redfin.com/MO/Saint-Louis/6511-Southwest-Ave-63139/home/93784493,1003.9456974522989,0
https://www.redfin.com/MO/Saint-Louis/7337-Sharp-Ave-63116/home/93784838,383.97133346134206,2
https://www.redfin.com/MO/Saint-Louis/4348-Chippewa-St-63116/home/93771871,321.2334861875824,1
https://www.redfin.com/MO/Saint-Louis/7048-Lansdowne-Ave-63109/home/93774127,1203.5506933821318,0
https://www.redfin.com/MO/Saint-Louis/5533-S-Kingshighway-Blvd-63109/home/93765488,1080.726197125962,0
https://www.redfin.com/MO/Saint-Louis/4117-Oleatha-Ave-63116/home/93728791,766.323914952485,1
https://www.redfin.com/MO/Saint-Louis/4989-Odell-St-63139/home/93727970,274.2813244888548,4
https://www.redfin.com/MO/Saint-Louis/4818-Oleatha-Ave-63116/home/93756226,871.056814252831,1
https://www.redfin.com/MO/Saint-Louis/3892-Kingsland-Ct-63116/home/93780394,1184.8231213172708,0
https://www.redfin.com/MO/Saint-Louis/5339-Murdoch-Ave-63109/home/93753350,287.4966478651713,1
https://www.redfin.com/MO/Saint-Louis/6318-Bradley-Ave-63139/home/93776323,904.1411670052756,1
https://www.redfin.com/MO/Saint-Louis/4250-Ellenwood-Ave-63116/home/93772441,522.2036284881757,2
https://www.redfin.com/MO/Saint-Louis/4743-Maffitt-Ave-63113/home/93748635,582.8662555702225,2
https://www.redfin.com/MO/Saint-Louis/4119-Castleman-Ave-63110/home/93747063,238.5923916912914,5
https://www.redfin.com/MO/Saint-Louis/5644-Murdoch-Ave-63109/home/93753509,807.2880659507962,1
https://www.redfin.com/MO/Saint-Louis/6021-Leona-St-63116/home/93770843,205.85524082503713,1
https://www.redfin.com/MO/Saint-Louis/5230-Gresham-Ave-63109/home/93764460,486.66452372447543,1
https://www.redfin.com/MO/Saint-Louis/6147-Adkins-Ave-63116/home/93776831,343.58151693484854,1
https://www.redfin.com/MO/Saint-Louis/3865-Hartford-St-63116/home/93728262,668.9575587767837,2
https://www.redfin.com/MO/Saint-Louis/938-Catalpa-St-63112/home/79932477,498.7800922886241,3
https://www.redfin.com/MO/Saint-Louis/5400-Itaska-St-63109/home/93766590,733.55470872061,1
https://www.redfin.com/MO/Saint-Louis/1727-Veronica-Ave-63147/home/93778777,666.0844147782082,1
https://www.redfin.com/MO/Saint-Louis/4261-Red-Bud-Ave-63115/home/93714723,199.3537434714676,1
https://www.redfin.com/MO/Saint-Louis/8623-Partridge-Ave-63147/home/93730784,982.014817472585,1
https://www.redfin.com/MO/Saint-Louis/8635-Partridge-Ave-63147/home/93730787,945.5941168312945,1
https://www.redfin.com/MO/Saint-Louis/4010-Schiller-Pl-63116/home/93781145,844.9168839319559,1
https://www.redfin.com/MO/Saint-Louis/8622-Partridge-Ave-63147/home/93731019,1014.8171769761175,0
https://www.redfin.com/MO/Saint-Louis/3316-Commonwealth-Ave-63143/home/62739229,1873.804986379885,0
https://www.redfin.com/MO/Saint-Louis/5821-Oleatha-Ave-63139/home/93780599,334.6356439080886,1
https://www.redfin.com/MO/Saint-Louis/6433-Woodbine-Ct-63109/home/93774330,785.7668387165013,2
https://www.redfin.com/MO/Saint-Louis/5250-Highland-Ave-63113/home/93737940,727.3629592929375,1
https://www.redfin.com/MO/Saint-Louis/4417-Wallace-St-63116/home/93764109,624.5905313313638,1
https://www.redfin.com/MO/Saint-Louis/3840-S-Compton-Ave-63118/home/93695741,535.4300134995178,2
https://www.redfin.com/MO/Saint-Louis/3831-Oregon-Ave-63118/home/93696465,337.22810872318973,5
https://www.redfin.com/MO/Saint-Louis/3120-Gurney-Ave-63116/home/93767082,368.6941397912838,2
https://www.redfin.com/MO/Saint-Louis/2840-Dalton-Ave-63139/home/93727174,666.4962444165033,2
https://www.redfin.com/MO/Saint-Louis/1234-Louisville-Ave-63139/home/93750110,581.655778689175,3
https://www.redfin.com/MO/Saint-Louis/4024-Wyoming-St-63116/home/93729612,330.1558165832354,2
https://www.redfin.com/MO/Saint-Louis/3937-Humphrey-St-63116/home/93729560,541.2640779835466,2
https://www.redfin.com/MO/Saint-Louis/2932-Lemp-Ave-63118/home/64357964,1187.7257411233807,0
https://www.redfin.com/MO/Saint-Louis/3833-McDonald-Ave-63116/home/93699973,1036.6620290447115,0
https://www.redfin.com/MO/Saint-Louis/3922-Burgen-Ave-63116/home/93774759,813.0628513499798,1
https://www.redfin.com/MO/Saint-Louis/5531-Eichelberger-St-63109/home/79022343,815.8320288469954,1
https://www.redfin.com/MO/Saint-Louis/2917-S-18th-St-63118/home/93698929,1087.7114753182768,0
https://www.redfin.com/MO/Saint-Louis/4346-Vista-Ave-63110/home/93726031,138.42297914452539,4
https://www.redfin.com/MO/Saint-Louis/4326-Vista-Ave-63110/home/93726068,97.5719596099672,4
https://www.redfin.com/MO/Saint-Louis/6614-Clayton-Ave-63139/home/93740392,390.54787703279817,3
https://www.redfin.com/MO/Saint-Louis/4836-Terrace-Ave-63116/home/93763410,878.9735104294213,1
https://www.redfin.com/MO/Saint-Louis/6019-Elizabeth-Ave-63139/home/62693720,674.2979215305692,2
https://www.redfin.com/MO/Saint-Louis/1370-Mobile-Ct-63139/home/93740877,392.3608822661407,3
https://www.redfin.com/MO/Saint-Louis/4345-Itaska-St-63116/home/93763647,578.8476530038553,2
https://www.redfin.com/MO/Saint-Louis/5159-Kensington-Ave-63108/home/93744761,451.90690993297284,2
https://www.redfin.com/MO/Saint-Louis/3539-Pennsylvania-Ave-63118/home/93694902,462.5013830020108,1
https://www.redfin.com/MO/Saint-Louis/4116-Virginia-Ave-63118/home/93705284,343.83261306074303,3
https://www.redfin.com/MO/Saint-Louis/2324-Arkansas-Ave-63104/home/93692313,173.73908514998973,2
https://www.redfin.com/MO/Saint-Louis/4230-Connecticut-St-63116/home/93729906,354.26232918182336,2
https://www.redfin.com/MO/Saint-Louis/4250-E-Kossuth-Ave-63115/home/93735044,621.4863830926198,2
https://www.redfin.com/MO/Saint-Louis/4050-Quincy-St-63116/home/93777639,270.58783352470874,2
https://www.redfin.com/MO/Saint-Louis/4951-Blow-St-63109/home/62723176,603.5605364740986,1
https://www.redfin.com/MO/Saint-Louis/4609-S-38th-St-63116/home/93767576,501.34337822067573,1
https://www.redfin.com/MO/Saint-Louis/6038-Columbia-Ave-63139/home/93757207,224.87490138219533,2
https://www.redfin.com/MO/St-Louis/2643-Accomac-St-63104/home/197962286,213.30022292524671,6
https://www.redfin.com/MO/Saint-Louis/4063-Wyoming-St-63116/home/93729811,194.31540483103973,2
https://www.redfin.com/MO/Saint-Louis/2643-Ann-Ave-63104/home/93690633,149.8301907429484,6
https://www.redfin.com/MO/Saint-Louis/3000-Louisiana-Ave-63118/home/93692647,446.6679964827181,2
https://www.redfin.com/MO/Saint-Louis/4258-Swan-Ave-63110/home/93725992,170.24819559535547,4
https://www.redfin.com/MO/Saint-Louis/3820-McDonald-Ave-63116/home/93684198,1112.7377073240793,0
https://www.redfin.com/MO/Saint-Louis/4255-Lafayette-Ave-63110/home/91573025,177.62417143950623,6
https://www.redfin.com/MO/Saint-Louis/3150-Nebraska-Ave-63118/home/73978472,673.2546747841918,2
https://www.redfin.com/MO/Saint-Louis/2712-Allen-Ave-63104/home/93690158,329.0516390012263,5
https://www.redfin.com/MO/Saint-Louis/2920-Sidney-St-63104/home/93699574,577.0615186545118,3
https://www.redfin.com/MO/Saint-Louis/4426-Vista-Ave-63110/home/169425121,337.65031595731955,4
https://www.redfin.com/MO/Saint-Louis/10-Lawn-Pl-63110/home/93765845,389.8167624986692,3
https://www.redfin.com/MO/Saint-Louis/6059-McPherson-Ave-63112/home/93760500,369.24989666519673,3
https://www.redfin.com/MO/Saint-Louis/2029-Forest-Ave-63139/home/93671175,285.6460987549104,1
https://www.redfin.com/MO/Saint-Louis/3928-Folsom-Ave-63110/home/103204110,773.3369691839479,4
https://www.redfin.com/MO/St-Louis/3002-California-63118/home/197714955,568.3562431347934,2
https://www.redfin.com/MO/Saint-Louis/3214-California-Ave-63118/home/103203833,966.6250481236465,1
https://www.redfin.com/MO/Saint-Louis/2106-Hereford-St-63110/home/171139790,845.128371778169,2
https://www.redfin.com/MO/Saint-Louis/1902-Lasalle-St-63104/home/93701187,542.1825285155353,4
https://www.redfin.com/MO/Saint-Louis/6019-Potomac-St-63139/home/93775445,388.0206113745197,2
https://www.redfin.com/MO/Saint-Louis/6430-Sutherland-Ave-63109/home/93779819,660.5601054457103,2
https://www.redfin.com/MO/Saint-Louis/6443-Alabama-Ave-63111/home/93709700,605.4790003128729,1
https://www.redfin.com/MO/Saint-Louis/3526-Bamberger-Ave-63116/home/93730429,1290.940953432977,0
https://www.redfin.com/MO/Saint-Louis/3411-Itaska-St-63111/home/93707217,813.5192244471195,1
https://www.redfin.com/MO/Saint-Louis/4032-Wyoming-St-63116/home/93729606,306.0327041419537,2
https://www.redfin.com/MO/Saint-Louis/4249-Utah-St-63116/home/62692343,399.51403925468975,2
https://www.redfin.com/MO/Saint-Louis/4662-Tesson-St-63116/home/93776481,1179.9870260257815,0
https://www.redfin.com/MO/Saint-Louis/5408-Magnolia-Ave-63139/home/93727287,362.4695865393364,1
https://www.redfin.com/MO/Saint-Louis/2121-Esther-Ave-63139/home/93761463,885.8114717156988,2
https://www.redfin.com/MO/Saint-Louis/4642-Leona-St-63116/home/93769608,922.0270964604973,2
https://www.redfin.com/MO/Saint-Louis/4533-Lexington-Ave-63115/home/93735537,528.1071975330234,2
https://www.redfin.com/MO/Saint-Louis/4547-Bessie-Ave-63115/home/93782164,945.3118004056696,1
https://www.redfin.com/MO/Saint-Louis/6225-Juniata-St-63139/home/93741660,740.7425130203043,2
https://www.redfin.com/MO/Saint-Louis/6426-Odell-St-63139/home/93741845,798.6327273981578,2
https://www.redfin.com/MO/Saint-Louis/4853-Lee-Ave-63115/home/93733287,656.8342563163488,1
https://www.redfin.com/MO/Saint-Louis/3406-Juniata-St-63118/home/93693271,167.20819431211885,1
https://www.redfin.com/MO/Saint-Louis/3540-S-Spring-Ave-63116/home/93730352,1447.2104319535456,0
https://www.redfin.com/MO/Saint-Louis/5664-Marquette-Ave-63139/home/93780720,804.0728798877906,1
https://www.redfin.com/MO/Saint-Louis/1067-Melvin-Ave-63137/home/93782253,714.8783899113879,1
https://www.redfin.com/MO/Saint-Louis/5412-Reber-Pl-63139/home/93727371,566.3846905553897,2
https://www.redfin.com/MO/Saint-Louis/6432-Wanda-Ave-63116/home/93770660,825.5048131306224,3
https://www.redfin.com/MO/Saint-Louis/4019-Meramec-St-63116/home/93778746,1097.185615739389,0
https://www.redfin.com/MO/Saint-Louis/3808-Burgen-Ave-63116/home/62699066,992.9819510387301,1
https://www.redfin.com/MO/Saint-Louis/4076-Wilmington-Ave-63116/home/93770839,359.30501194182386,1
https://www.redfin.com/MO/Saint-Louis/4843-Lee-Ave-63115/home/93732905,698.0429491351289,1
https://www.redfin.com/MO/Saint-Louis/5511-Lansdowne-Ave-63109/home/93752736,224.65037164025335,1
https://www.redfin.com/MO/Saint-Louis/4745-Louisiana-Ave-63111/home/93707336,564.9762904045432,2
https://www.redfin.com/MO/Saint-Louis/4848-Calvin-Ave-63115/home/93733013,805.0918797010047,1
https://www.redfin.com/MO/Saint-Louis/5332-Loughborough-Ave-63109/home/93771559,809.1859513278825,2
https://www.redfin.com/MO/Saint-Louis/6007-Odell-St-63139/home/93768861,224.29597081978395,2
https://www.redfin.com/MO/Saint-Louis/3445-Itaska-St-63111/home/93707239,684.1353394110058,1
https://www.redfin.com/MO/Saint-Louis/4335-Beethoven-Ave-63116/home/93764885,288.7608022704937,1
https://www.redfin.com/MO/Saint-Louis/3333-Delor-St-63111/home/93707407,837.8092015652323,2
https://www.redfin.com/MO/Saint-Louis/4437-S-37th-St-63116/home/93706518,616.6502506656136,2
https://www.redfin.com/MO/Saint-Louis/3740-Meramec-St-63116/home/93705355,904.4092476534122,1
https://www.redfin.com/MO/Saint-Louis/5343-Chippewa-St-63109/home/93781925,487.50958391839805,1
https://www.redfin.com/MO/Saint-Louis/6414-West-Ct-63116/home/93779276,440.6004750016918,1
https://www.redfin.com/MO/Saint-Louis/4470-Bingham-Ave-63116/home/93772073,673.8896561085243,1
https://www.redfin.com/MO/Saint-Louis/5452-Pernod-Ave-63139/home/93782028,868.9312208916385,2
https://www.redfin.com/MO/Saint-Louis/4733-Terrace-Ave-63116/home/93758044,1126.7590442241801,0
https://www.redfin.com/MO/Saint-Louis/6065-Wanda-Ave-63116/home/93772661,855.2042209544937,1
https://www.redfin.com/MO/Saint-Louis/5410-Emerson-Ave-63120/home/93764892,174.89061969157333,3
https://www.redfin.com/MO/Saint-Louis/5975-N-Cuba-Ct-63139/home/93775580,313.1790193399938,2
https://www.redfin.com/MO/Saint-Louis/5916-Alpha-Ave-63147/home/93770417,216.08272838839906,1
https://www.redfin.com/MO/Saint-Louis/2501-Sublette-Ave-63110/home/93727092,402.93614464277755,1
https://www.redfin.com/MO/Saint-Louis/4454-S-Spring-Ave-63116/home/93730851,664.0393796820734,1
https://www.redfin.com/MO/Saint-Louis/3355-Sublette-Ave-63139/home/93742748,443.7597973415239,3
https://www.redfin.com/MO/Saint-Louis/2611-Brannon-Ave-63139/home/93727386,252.13013169275823,3
https://www.redfin.com/MO/Saint-Louis/4035-Schiller-Pl-63116/home/62697780,742.3005266514199,1
https://www.redfin.com/MO/Saint-Louis/3279-Regal-Pl-63139/home/93742928,649.8780696844304,2
https://www.redfin.com/MO/Saint-Louis/6613-Parkwood-Pl-63116/home/93770653,621.270128286403,4
https://www.redfin.com/MO/Saint-Louis/6610-Parkwood-Pl-63116/home/62755033,614.970945825532,4
https://www.redfin.com/MO/Saint-Louis/6564-Villa-Ave-63139/home/93740702,640.5001334926405,4
https://www.redfin.com/MO/Saint-Louis/1361-Louisville-Ave-63139/home/93750104,581.9672634206139,4
https://www.redfin.com/MO/Saint-Louis/4334-Beethoven-Ave-63116/home/93764730,317.417423695294,1
https://www.redfin.com/MO/Saint-Louis/4412-Wallace-St-63116/home/93763768,591.1908542906727,1
https://www.redfin.com/MO/Saint-Louis/4444-Gannett-St-63116/home/93763663,845.4046617271024,2
https://www.redfin.com/MO/Saint-Louis/1438-Central-Ave-63139/home/93740643,508.10750679092166,2
https://www.redfin.com/MO/Saint-Louis/4421-Bingham-Ave-63116/home/93772040,490.5974173537667,1
https://www.redfin.com/MO/Saint-Louis/4625-Adkins-Ave-63116/home/93757024,567.4861920180098,2
https://www.redfin.com/MO/Saint-Louis/4720-Goethe-Ave-63116/home/93757176,636.690067400854,1
https://www.redfin.com/MO/Saint-Louis/4311-Bates-St-63116/home/88383634,550.346328253197,1
https://www.redfin.com/MO/Saint-Louis/2409-Menard-St-63104/home/93686747,364.3142818865753,1
https://www.redfin.com/MO/Saint-Louis/3627-Blow-St-63116/home/93711827,913.7069551283447,1
https://www.redfin.com/MO/Saint-Louis/4033-Blow-St-63116/home/93777715,261.9265228356334,2
https://www.redfin.com/MO/Saint-Louis/3800-Fairview-Ave-63116/home/93730413,1246.616848648633,0
https://www.redfin.com/MO/Saint-Louis/5619-Arendes-Dr-63116/home/93781569,1064.0080633352622,0
https://www.redfin.com/MO/Saint-Louis/3905-Itaska-St-63116/home/93769636,688.568589326177,1
https://www.redfin.com/MO/Saint-Louis/6135-Idaho-Ave-63111/home/93709441,638.3838321082042,1
https://www.redfin.com/MO/Saint-Louis/125-Koeln-Ave-63111/home/93710694,833.4196266403679,1
https://www.redfin.com/MO/Saint-Louis/7320-Eugene-Ave-63116/home/93712053,1217.1281387537845,0
https://www.redfin.com/MO/Saint-Louis/5217-Loughborough-Ave-63109/home/93769539,531.3031910499299,1
https://www.redfin.com/MO/Saint-Louis/4918-Gresham-Ave-63109/home/62732324,330.108348753988,1
https://www.redfin.com/MO/Saint-Louis/3161-Ohio-Ave-63118/home/93697089,959.1689897853323,1
https://www.redfin.com/MO/Saint-Louis/5705-Devonshire-Ave-63109/home/93753150,804.7809473877226,1
https://www.redfin.com/MO/Saint-Louis/4644-Minnesota-Ave-63111/home/93706812,1102.2280273172912,0
https://www.redfin.com/MO/Saint-Louis/5613-Rhodes-Ave-63109/home/93771379,653.5934088100208,2
https://www.redfin.com/MO/Saint-Louis/5412-Idaho-Ave-63111/home/93708315,321.69940561493945,1
https://www.redfin.com/MO/Saint-Louis/5920-Dressell-Ave-63120/home/93768510,1815.2283731746445,0
https://www.redfin.com/MO/Saint-Louis/4250-Connecticut-St-63116/home/62746666,424.2593205924348,2
https://www.redfin.com/MO/Saint-Louis/5524-Lindenwood-Ave-63109/home/93782528,727.7972938152982,2
https://www.redfin.com/MO/Saint-Louis/5424-Bischoff-Ave-63110/home/93772170,493.5329273362212,1
https://www.redfin.com/MO/Saint-Louis/4630-Idaho-Ave-63111/home/93706674,883.6553542833321,2
https://www.redfin.com/MO/Saint-Louis/6714-Bancroft-Ave-63109/home/93774164,791.6934382115284,1
https://www.redfin.com/MO/Saint-Louis/4659-Tennessee-Ave-63111/home/93707145,466.7030286488745,1
https://www.redfin.com/MO/Saint-Louis/4649-Louisiana-Ave-63111/home/93706640,614.2839021241646,2
https://www.redfin.com/MO/Saint-Louis/3618-Gasconade-St-63116/home/93705641,696.7124927754362,1
https://www.redfin.com/MO/Saint-Louis/7408-Ray-Ave-63116/home/93784867,499.8618723646317,2
https://www.redfin.com/MO/Saint-Louis/5632-Devonshire-Ave-63109/home/93753157,706.545362411771,1
https://www.redfin.com/MO/Saint-Louis/5737-Devonshire-Ave-63109/home/62717891,931.5254562894341,1
https://www.redfin.com/MO/Saint-Louis/4359-Tholozan-Ave-63116/home/93730112,677.9870302451828,1
https://www.redfin.com/MO/Saint-Louis/4372-Ellenwood-Ave-63116/home/93762066,609.0155488898564,2
https://www.redfin.com/MO/Saint-Louis/6818-Salzburger-Ave-63116/home/93759295,428.01083570963976,2
https://www.redfin.com/MO/Saint-Louis/6462-Wanda-Ave-63116/home/93770615,726.4861570782898,4
https://www.redfin.com/MO/Saint-Louis/5115-Cologne-Ave-63116/home/93763925,827.3252250913939,1
https://www.redfin.com/MO/Saint-Louis/6339-Marquette-Ave-63139/home/93749113,488.34828430398176,2
https://www.redfin.com/MO/Saint-Louis/2020-Ann-Ave-63104/home/93691274,282.63299415837537,5
https://www.redfin.com/MO/Saint-Louis/5441-Bates-St-63116/home/93767472,685.7510524088789,1
https://www.redfin.com/MO/Saint-Louis/5203-Dewey-Ave-63116/home/93742514,481.2152874250791,1
https://www.redfin.com/MO/Saint-Louis/3633-Fillmore-St-63116/home/93772404,916.7942239126999,1
https://www.redfin.com/MO/Saint-Louis/4981-Pernod-Ave-63139/home/93776953,441.7461110467559,2
https://www.redfin.com/MO/Saint-Louis/1216-McCausland-Ave-63117/home/93765628,507.79892168607756,1
https://www.redfin.com/MO/Saint-Louis/6743-W-Park-Ave-63139/home/93765752,331.5973871841119,2
https://www.redfin.com/MO/Saint-Louis/3349-Macklind-Ave-63139/home/93742830,500.13075000006677,3
https://www.redfin.com/MO/Saint-Louis/4333-Ellenwood-Ave-63116/home/93764787,488.5454707630116,2
https://www.redfin.com/MO/Saint-Louis/4369-Evans-Ave-63113/home/93718901,434.7543301460197,3
https://www.redfin.com/MO/Saint-Louis/3647-Wisconsin-Ave-63118/home/93696919,305.77485406430566,2
https://www.redfin.com/MO/Saint-Louis/5474-Queens-Ave-63115/home/62697755,1010.0943178803868,0
https://www.redfin.com/MO/Saint-Louis/5924-Michigan-Ave-63111/home/93708988,758.5017201874869,1
https://www.redfin.com/MO/Saint-Louis/5379-Wabada-Ave-63112/home/93738313,1106.247155934621,0
https://www.redfin.com/MO/Saint-Louis/4739-Bessie-Ct-63115/home/93733490,1005.1909258381411,0
https://www.redfin.com/MO/Saint-Louis/4454-Holly-Ave-63115/home/93714645,304.49997255962967,1
https://www.redfin.com/MO/Saint-Louis/3820-Greer-Ave-63107/home/93715936,499.22971108184964,3
https://www.redfin.com/MO/Saint-Louis/4543-Michigan-Ave-63111/home/93706187,806.0344522136253,1
https://www.redfin.com/MO/Saint-Louis/4552-Ray-Ave-63116/home/93755947,860.6313811156184,1
https://www.redfin.com/MO/Saint-Louis/2719-Keokuk-St-63118/home/93696287,495.81041682835104,5
https://www.redfin.com/MO/Saint-Louis/4045-Walsh-St-63116/home/93767039,562.1547046126574,1
https://www.redfin.com/MO/Saint-Louis/1545-Sells-Ave-63147/home/93732200,796.9063022263862,1
https://www.redfin.com/MO/Saint-Louis/3018-Texas-Ave-63118/home/93699066,708.7885596580116,1
https://www.redfin.com/MO/Saint-Louis/4540-Nebraska-Ave-63111/home/93706549,973.0418692712933,2
https://www.redfin.com/MO/Saint-Louis/4610-Penrose-St-63115/home/93734190,817.1601137215147,1
https://www.redfin.com/MO/Saint-Louis/212-Espenschied-St-63111/home/93711574,2105.3046978859747,0
https://www.redfin.com/MO/Saint-Louis/122-W-Courtois-St-63111/home/93711186,1227.517729980384,0
https://www.redfin.com/MO/Saint-Louis/4471-Dewey-Ave-63116/home/93730861,503.1652617558353,1
https://www.redfin.com/MO/Saint-Louis/831-Hornsby-Ave-63147/home/93761174,1289.29049177749,0
https://www.redfin.com/MO/Saint-Louis/3623-S-Spring-Ave-63116/home/93766327,1571.786365137289,0
https://www.redfin.com/MO/St-Louis/4431-Alaska-63116/home/194911825,768.0146379910648,2
https://www.redfin.com/MO/Saint-Louis/3515-Itaska-St-63111/home/93707165,527.7078572872301,1
https://www.redfin.com/MO/Saint-Louis/6418-West-Ct-63116/home/93779275,431.4529766343803,1
https://www.redfin.com/MO/Saint-Louis/7721-Michigan-Ave-63111/home/93711084,1070.1185583975462,0
https://www.redfin.com/MO/Saint-Louis/3729-S-Spring-Ave-63116/home/93766361,1618.999174487648,0
https://www.redfin.com/MO/Saint-Louis/3641-Hebert-St-63107/home/93702075,445.09733322490257,3
https://www.redfin.com/MO/Saint-Louis/4823-Terrace-Ave-63116/home/93759241,947.6869650098491,1
https://www.redfin.com/MO/Saint-Louis/7725-Ivory-Ave-63111/home/62750546,1082.3859351088474,0
https://www.redfin.com/MO/Saint-Louis/4762-Hamburg-Ave-63123/home/93759443,1838.713047987934,0
https://www.redfin.com/MO/Saint-Louis/3125-Michigan-Ave-63118/home/93692807,303.5239060806874,1
https://www.redfin.com/MO/Saint-Louis/5741-Itaska-St-63109/home/93767952,787.7166700921492,1
https://www.redfin.com/MO/Saint-Louis/5923-Scanlan-Ave-63139/home/93775802,870.9272941991619,2
https://www.redfin.com/MO/Saint-Louis/5447-Eichelberger-St-63109/home/62744530,1000.5097062497147,0
https://www.redfin.com/MO/Saint-Louis/4404-Taft-Ave-63116/home/93764695,548.2213984497074,1
https://www.redfin.com/MO/Saint-Louis/4140-Cleveland-Ave-63110/home/62728310,502.7804965055566,4
https://www.redfin.com/MO/Saint-Louis/3953-Eiler-St-63116/home/93770156,1050.7083206816505,0
https://www.redfin.com/MO/Saint-Louis/3445-Ivanhoe-Ave-63139/home/93743437,591.2815898664587,1
https://www.redfin.com/MO/Saint-Louis/5456-Pernod-Ave-63139/home/93782048,886.1969594489153,2
https://www.redfin.com/MO/Saint-Louis/5129-Cologne-Ave-63116/home/62730257,812.749323235158,1
https://www.redfin.com/MO/Saint-Louis/6817-W-Park-Ave-63139/home/93765625,339.42481478424475,2
https://www.redfin.com/MO/Saint-Louis/4000-Steffens-Ave-63116/home/93785705,977.5550212707268,1
https://www.redfin.com/MO/Saint-Louis/6170-McPherson-Ave-63112/home/77510184,687.0653589752937,3
https://www.redfin.com/MO/Saint-Louis/6758-Wise-Ave-63139/home/62694448,249.4080437422763,1
https://www.redfin.com/MO/Saint-Louis/6815-Wise-Ave-63139/home/93759932,236.10891535573222,1
https://www.redfin.com/MO/Saint-Louis/6732-Sutherland-Ave-63109/home/93774252,722.5924185365313,1
https://www.redfin.com/MO/Saint-Louis/5747-Lansdowne-Ave-63109/home/93752710,927.9890381074578,2
https://www.redfin.com/MO/Saint-Louis/2138-Knox-Ave-63139/home/93761520,844.2648250139288,2
https://www.redfin.com/MO/Saint-Louis/6925-Wanda-Ct-63116/home/93784379,364.58291131837547,3
https://www.redfin.com/MO/Saint-Louis/6709-Lansdowne-Ave-63109/home/93774225,620.817498335486,1
https://www.redfin.com/MO/Saint-Louis/3832-Connecticut-St-63116/home/62712114,791.150814465776,1
https://www.redfin.com/MO/Saint-Louis/5730-Pernod-Ave-63139/home/62722488,419.568605303169,1
https://www.redfin.com/MO/Saint-Louis/5907-Leona-St-63116/home/93770873,362.78904391287006,1
https://www.redfin.com/MO/Saint-Louis/2421-S-13th-St-63104/home/93686686,717.4868674196329,1
https://www.redfin.com/MO/Saint-Louis/5818-Rhodes-Ave-63109/home/93777685,251.98717303804128,2
https://www.redfin.com/MO/Saint-Louis/4068-Toenges-Ave-63116/home/92224175,443.94027991134305,3
https://www.redfin.com/MO/Saint-Louis/4164-Kettler-Rd-63123/home/62737512,1536.6845882774996,0
https://www.redfin.com/MO/Saint-Louis/5157-Eichelberger-St-63109/home/93767755,1053.0612848905482,0
https://www.redfin.com/MO/Saint-Louis/5441-Nottingham-Ave-63109/home/87279943,491.23642679270034,1
https://www.redfin.com/MO/Saint-Louis/3436-McKean-Ave-63118/home/93693082,706.8330448864906,1
https://www.redfin.com/MO/Saint-Louis/4028-Quincy-St-63116/home/93777719,325.93631709083076,2
https://www.redfin.com/MO/Saint-Louis/532-Fassen-St-63111/home/69444307,321.191083468137,1
https://www.redfin.com/MO/Saint-Louis/3400-Humphrey-St-63118/home/93693356,377.265000371835,1
https://www.redfin.com/MO/Saint-Louis/2235-Edwards-St-63110/home/93727470,324.70090910383834,1
https://www.redfin.com/MO/Saint-Louis/6326-Juniata-St-63139/home/93741718,857.4742874837906,2
https://www.redfin.com/MO/Saint-Louis/3712-Juniata-St-63116/home/93699760,956.5621290817575,1
https://www.redfin.com/MO/Saint-Louis/2613-Arkansas-Ave-63118/home/93692259,336.78692980027336,2
https://www.redfin.com/MO/Saint-Louis/5974-Park-Ln-63147/home/93770493,494.3262074521631,1
https://www.redfin.com/MO/St-Louis/3221-Ivanhoe-Ave-63139/home/198198927,1078.2274389191582,0
https://www.redfin.com/MO/Saint-Louis/6631-Pernod-Ave-63139/home/62757044,446.584499272139,1
https://www.redfin.com/MO/Saint-Louis/5319-Daggett-Ave-63110/home/93726891,808.9220215816293,2
https://www.redfin.com/MO/Saint-Louis/4941-Delor-St-63109/home/93766864,958.7577797653578,1
https://www.redfin.com/MO/Saint-Louis/2415-Menard-St-63104/home/93686791,338.5986009934359,1
https://www.redfin.com/MO/Saint-Louis/2816-Oregon-Ave-63118/home/62769364,369.9006153375302,2
https://www.redfin.com/MO/Saint-Louis/5710-Walsh-St-63109/home/93768205,569.2079949458551,2
https://www.redfin.com/MO/Saint-Louis/6425-Alabama-Ave-63111/home/93709380,674.3427065449471,1
https://www.redfin.com/MO/Saint-Louis/5733-Tholozan-Ave-63109/home/93781059,410.6723336773496,1
https://www.redfin.com/MO/Saint-Louis/5701-Goethe-Ave-63109/home/93779181,475.5312140520694,2
https://www.redfin.com/MO/Saint-Louis/6388-Smiley-Ave-63139/home/93741709,955.9985852615738,2
https://www.redfin.com/MO/Saint-Louis/6719-Nashville-Ave-63139/home/93765597,439.679180660399,2
https://www.redfin.com/MO/Saint-Louis/2912-Virginia-Ave-63118/home/93692621,535.567283288099,2
https://www.redfin.com/MO/Saint-Louis/4462-Wilcox-Ave-63116/home/93761689,692.820141340654,1
https://www.redfin.com/MO/Saint-Louis/7813-Decatur-Dr-63123/home/93784755,1155.005815021104,0
https://www.redfin.com/MO/Saint-Louis/6605-Morganford-Rd-63116/home/93771795,596.4417253868667,3
https://www.redfin.com/MO/Saint-Louis/5636-Leona-St-63116/home/93774786,615.5210210131911,1
https://www.redfin.com/MO/Saint-Louis/4317-Duke-St-63116/home/93765092,296.4683362201995,1
https://www.redfin.com/MO/Saint-Louis/5670-Pernod-Ave-63139/home/93781945,658.5903430567553,1
https://www.redfin.com/MO/Saint-Louis/6627-Arsenal-St-63139/home/93741831,1377.3128626336018,0
https://www.redfin.com/MO/Saint-Louis/4333-Schirmer-St-63116/home/93783775,668.6698810111958,2
https://www.redfin.com/MO/Saint-Louis/3749-Roswell-Ave-63116/home/93711986,1017.6891782525903,0
https://www.redfin.com/MO/Saint-Louis/7015-Marquette-Ave-63139/home/93743475,1277.6747804534225,0
https://www.redfin.com/MO/Saint-Louis/4108-Haven-St-63116/home/93778183,521.4614634445333,3
https://www.redfin.com/MO/Saint-Louis/5441-Reber-Pl-63139/home/93727326,538.3661104037756,1
https://www.redfin.com/MO/Saint-Louis/6624-Neosho-St-63109/home/62768312,246.3707247790444,1
https://www.redfin.com/MO/Saint-Louis/6457-Lloyd-Ave-63139/home/93740819,354.54549623540146,2
https://www.redfin.com/MO/Saint-Louis/4477-Itaska-St-63116/home/62691956,890.5327212630546,1
https://www.redfin.com/MO/Saint-Louis/4642-Steffens-Ave-63116/home/93767187,741.4998991162537,1
https://www.redfin.com/MO/Saint-Louis/4417-Shaw-Blvd-63110/home/93767508,481.9028925022914,4
https://www.redfin.com/MO/Saint-Louis/3219-Regal-Pl-63139/home/143286862,645.4553479477885,2
https://www.redfin.com/MO/Saint-Louis/4119-Haven-St-63116/home/62691743,557.4157214338422,3
https://www.redfin.com/MO/Saint-Louis/6811-Marquette-Ave-63139/home/93743425,744.5840939433068,1
https://www.redfin.com/MO/Saint-Louis/6421-Hancock-Ave-63139/home/93743265,524.9498592821062,2
https://www.redfin.com/MO/Saint-Louis/1503-Cutter-Ave-63139/home/93672436,469.22867306395017,2
https://www.redfin.com/MO/Saint-Louis/3634-Childress-Ave-63109/home/93778339,283.70907301104603,2
https://www.redfin.com/MO/Saint-Louis/6331-Henry-Ave-63116/home/93756828,490.37968585092375,1
https://www.redfin.com/MO/Saint-Louis/4133-Lafayette-Ave-63110/home/93760825,405.4870025427738,5
https://www.redfin.com/MO/Saint-Louis/3627-Louisiana-Ave-63118/home/93695220,777.849802283245,1
https://www.redfin.com/MO/Crystal-City/6921-Blow-63019/home/196000074,708.7759687599148,1
https://www.redfin.com/MO/Saint-Louis/5261-Fairview-Ave-63139/home/62769464,380.4052864661479,3
https://www.redfin.com/MO/Saint-Louis/4177-Walsh-St-63116/home/93767022,224.2072132608723,1
https://www.redfin.com/MO/Saint-Louis/3651-Blaine-Ave-63110/home/93700364,346.78419673006334,4
https://www.redfin.com/MO/Saint-Louis/7059-Sutherland-Ave-63109/home/93774599,1334.7578964246572,0
https://www.redfin.com/MO/Saint-Louis/1033-Fairmount-Ave-63139/home/62758934,509.2746497814447,3
https://www.redfin.com/MO/Saint-Louis/5341-Lindenwood-Ave-63109/home/93781777,610.8999656445731,2
https://www.redfin.com/MO/Saint-Louis/6308-Lansdowne-Ave-63109/home/62733221,889.1889056929124,2
https://www.redfin.com/MO/Saint-Louis/4504-Eichelberger-St-63116/home/93767609,545.3054956726309,1
https://www.redfin.com/MO/Saint-Louis/5041-Rhodes-Ave-63109/home/93771240,851.9223610257795,1
https://www.redfin.com/MO/Saint-Louis/5091-Milentz-Ave-63109/home/93771218,1011.542565375254,0
https://www.redfin.com/MO/Saint-Louis/4258-Hartford-St-63116/home/93749891,620.0590174645731,3
https://www.redfin.com/MO/Saint-Louis/5000-Plover-Ave-63120/home/93759738,553.6484252385649,2
https://www.redfin.com/MO/Saint-Louis/2926-Salena-St-63118/home/93698920,1216.0291684202768,0
https://www.redfin.com/MO/Saint-Louis/6312-Bradley-Ave-63139/home/93776324,910.2835309882948,1
https://www.redfin.com/MO/Saint-Louis/4023-Walsh-St-63116/home/93777268,669.5504272371854,1
https://www.redfin.com/MO/Saint-Louis/5300-Loughborough-Ave-63109/home/62739203,716.6474875801317,1
https://www.redfin.com/MO/Saint-Louis/6444-Murdoch-Ave-63109/home/93779853,341.95233820281476,1
https://www.redfin.com/MO/Saint-Louis/5529-Murdoch-Ave-63109/home/93753275,541.0717675337481,1
https://www.redfin.com/MO/Saint-Louis/4543-Varrelmann-Ave-63116/home/93756280,681.870495570549,2
https://www.redfin.com/MO/Saint-Louis/3521-Arsenal-St-63118/home/93692712,593.0805603577325,3
https://www.redfin.com/MO/Saint-Louis/5225-Dewey-Ave-63116/home/93742609,561.0934374315849,1
https://www.redfin.com/MO/Saint-Louis/3904-Louis-St-63116/home/93785288,734.6124536227933,1
https://www.redfin.com/MO/Saint-Louis/5233-Parker-Ave-63139/home/93742676,283.5402757878348,3
https://www.redfin.com/MO/Saint-Louis/5234-Wilson-Ave-63110/home/93727661,634.0823056296219,2
https://www.redfin.com/MO/Saint-Louis/3541-Tennessee-Ave-63118/home/93695426,967.103783608632,1
https://www.redfin.com/MO/Saint-Louis/5533-Murdoch-Ave-63109/home/93753276,549.3367704386969,1
https://www.redfin.com/MO/Saint-Louis/6203-Wade-Ave-63139/home/93726346,267.17564306939374,2
https://www.redfin.com/MO/Saint-Louis/6210-Reber-Pl-63139/home/93754695,331.5272129748579,2
https://www.redfin.com/MO/Saint-Louis/4035-S-Grand-Blvd-63118/home/93704444,822.8047916256995,1
https://www.redfin.com/MO/Saint-Louis/7808-Wanda-Ave-63123/home/62756526,1053.7607797232035,0
https://www.redfin.com/MO/Saint-Louis/5411-Pernod-Ave-63139/home/93742325,680.5752929681728,4
https://www.redfin.com/MO/Saint-Louis/7052-Tholozan-Ave-63109/home/93747886,1432.9523270234638,0
https://www.redfin.com/MO/Saint-Louis/5642-Winona-Ave-63109/home/62734706,767.3369389282955,2
https://www.redfin.com/MO/Saint-Louis/4716-Alexander-St-63116/home/93750205,754.0306466762772,1
https://www.redfin.com/MO/Saint-Louis/4077-Holly-Hills-Blvd-63116/home/93782076,225.13593745220456,1
https://www.redfin.com/MO/Saint-Louis/5524-Devonshire-Ave-63109/home/62730905,429.1498166363933,1
https://www.redfin.com/MO/Saint-Louis/6639-Marquette-Ave-63139/home/93748836,474.86590420064005,1
https://www.redfin.com/MO/Saint-Louis/3235-Hartford-St-63118/home/93692775,228.03693412580316,1
https://www.redfin.com/MO/Saint-Louis/2007-Lilly-Ave-63110/home/93726911,827.3990149824081,1
https://www.redfin.com/MO/Saint-Louis/4932-Fairview-Ave-63139/home/62737376,452.84344577265904,4
https://www.redfin.com/MO/Saint-Louis/6265-Walsh-St-63109/home/93780264,579.7607932414661,3
https://www.redfin.com/MO/Saint-Louis/6562-Oleatha-Ave-63139/home/74295518,218.5793275441135,1
https://www.redfin.com/MO/Saint-Louis/3845-Blow-St-63116/home/93773591,774.7072431394575,1
https://www.redfin.com/MO/Saint-Louis/1230-Missouri-Ave-63104/home/62758516,892.208108269614,2
https://www.redfin.com/MO/Saint-Louis/5211-Delor-St-63109/home/93766848,867.9683713579099,1
https://www.redfin.com/MO/Saint-Louis/2725-Macklind-Ave-63139/home/93727293,435.7983919681201,1
https://www.redfin.com/MO/Saint-Louis/2258-Shenandoah-Ave-63104/home/93682969,306.6802158434948,5
https://www.redfin.com/MO/Saint-Louis/6634-Lindenwood-Pl-63109/home/93774954,653.6836406578691,1
https://www.redfin.com/MO/Saint-Louis/4939-Lansdowne-Ave-63109/home/93752859,656.5182068020142,1
https://www.redfin.com/MO/Saint-Louis/3124-Franke-Ct-63139/home/62729428,944.6386627938034,2
https://www.redfin.com/MO/Saint-Louis/5701-Finkman-St-63109/home/93777529,515.0816869560039,2
https://www.redfin.com/MO/Saint-Louis/4528-Tholozan-Ave-63116/home/93730024,877.2612276183381,1
https://www.redfin.com/MO/Saint-Louis/5210-Parker-Ave-63139/home/93742702,236.5312063219629,3
https://www.redfin.com/MO/Saint-Louis/4444-Taft-Ave-63116/home/93764662,673.6149964910234,1
https://www.redfin.com/MO/Saint-Louis/4239-Botanical-Ave-63110/home/62748652,175.29047422702294,3
https://www.redfin.com/MO/Saint-Louis/6757-Eichelberger-St-63109/home/93781552,729.984357654517,1
https://www.redfin.com/MO/Saint-Louis/4805-Allemania-St-63116/home/93756701,1392.5131655049488,0
https://www.redfin.com/MO/Saint-Louis/1505-Kraft-St-63139/home/93773124,576.5684344035849,4
https://www.redfin.com/MO/Saint-Louis/6423-Arsenal-St-63139/home/93741802,861.6911436056406,2
https://www.redfin.com/MO/Saint-Louis/4122-Federer-St-63116/home/93776671,239.8987194388654,1
https://www.redfin.com/MO/Saint-Louis/5472-Nottingham-Ave-63109/home/93765210,605.3715629252656,1
https://www.redfin.com/MO/Saint-Louis/4898-Margaretta-Ave-63115/home/93732586,654.7304908085482,3
https://www.redfin.com/MO/Saint-Louis/6821-Minnesota-Ave-63111/home/93710471,356.4392284181906,1
https://www.redfin.com/MO/Saint-Louis/4450-Tholozan-Ave-63116/home/93730030,757.8505198792753,1
https://www.redfin.com/MO/Saint-Louis/4226-Bates-St-63116/home/93761876,658.8657949728445,2
https://www.redfin.com/MO/Saint-Louis/2327-Esther-Ave-63139/home/93741590,553.0412638208098,2
https://www.redfin.com/MO/Saint-Louis/6623-Fyler-Ave-63139/home/93741962,758.8954527228739,1
https://www.redfin.com/MO/Saint-Louis/4471-Beck-Ave-63116/home/93729771,759.2387258777891,1
https://www.redfin.com/MO/Saint-Louis/6212-Michigan-Ave-63111/home/93709637,952.6321424599065,1
https://www.redfin.com/MO/Saint-Louis/7156-Mardel-Ave-63109/home/62687152,1922.0255453058376,0
https://www.redfin.com/MO/Saint-Louis/1505-Tamm-Ave-63139/home/93740806,359.3372527142991,2
https://www.redfin.com/MO/Saint-Louis/8627-Park-Ln-63147/home/93732047,883.139848023765,2
https://www.redfin.com/MO/Saint-Louis/3136-Rutger-St-63104/home/93689891,318.00304546260645,4
https://www.redfin.com/MO/Saint-Louis/2964-Milton-Blvd-63104/home/93691097,601.3479668988341,3
https://www.redfin.com/MO/Saint-Louis/6403-Macklind-Ave-63109/home/77306465,537.5789094881944,1
https://www.redfin.com/MO/Saint-Louis/6214-Pershing-Ave-63130/home/93760143,645.3779800472231,2
https://www.redfin.com/MO/Saint-Louis/6752-Eichelberger-St-63109/home/62728115,780.6371524949409,1
https://www.redfin.com/MO/Saint-Louis/6425-Myrlette-Ct-63116/home/66604230,481.9951385009661,2
https://www.redfin.com/MO/Saint-Louis/6537-Marmaduke-Ave-63139/home/93743897,1033.8718299072482,0
https://www.redfin.com/MO/Saint-Louis/4639-Virginia-Ave-63111/home/93673296,982.5576011850229,1
https://www.redfin.com/MO/Saint-Louis/4558-Tower-Grove-Pl-63110/home/93728244,785.9132981944388,2
https://www.redfin.com/MO/Saint-Louis/3120-Eads-Ave-63104/home/93700451,740.4172701567143,3
https://www.redfin.com/MO/Saint-Louis/7401-Sharp-Ave-63116/home/93784844,548.1211462139223,2
https://www.redfin.com/MO/Saint-Louis/6561-Bancroft-Ave-63109/home/93775540,749.8121493188698,2
https://www.redfin.com/MO/Saint-Louis/6300-Juniata-St-63139/home/62735992,792.5425928687619,2
https://www.redfin.com/MO/Saint-Louis/6211-Odell-St-63139/home/93767635,413.77117548549455,2
https://www.redfin.com/MO/Saint-Louis/6523-Fyler-Ave-63139/home/93742107,721.438013849255,1
https://www.redfin.com/MO/Saint-Louis/7120-Rabenberg-Pl-63143/home/93743159,1685.288003599861,0
https://www.redfin.com/MO/Saint-Louis/6750-Plateau-Ave-63139/home/93740802,260.3454547334869,1
https://www.redfin.com/MO/Saint-Louis/6151-Columbia-Ave-63139/home/93743722,399.90465680081104,2
https://www.redfin.com/MO/Saint-Louis/1516-Switzer-Ave-63147/home/93732297,985.5280038785518,1
https://www.redfin.com/MO/Saint-Louis/4144-Davis-St-63123/home/93783899,1272.8887240544238,0
https://www.redfin.com/MO/Saint-Louis/7128-Bancroft-Ave-63109/home/93749069,1636.8660035391708,0
https://www.redfin.com/MO/Saint-Louis/6401-Clifton-Hills-Dr-63139/home/93784656,801.2735861930295,2
https://www.redfin.com/MO/Saint-Louis/2733-Hermitage-Ave-63143/home/93743942,1434.9756231032363,0
https://www.redfin.com/MO/Saint-Louis/7054-Eichelberger-Dr-63123/home/93782468,1381.9700757068229,0
https://www.redfin.com/MO/Saint-Louis/6641-Pernod-Ave-63139/home/93778932,478.07555688503203,1
https://www.redfin.com/MO/Saint-Louis/6721-Itaska-St-63109/home/93781447,471.41176697979625,1
https://www.redfin.com/MO/Saint-Louis/6718-Marquette-Ave-63139/home/93778808,569.6603093516065,1
https://www.redfin.com/MO/Saint-Louis/5929-Cates-Ave-63112/home/93739608,679.534363652339,5
https://www.redfin.com/MO/Saint-Louis/5453-Bancroft-Ave-63109/home/62757066,379.0120785303235,1
https://www.redfin.com/MO/Saint-Louis/6271-Kinsey-Pl-63109/home/93783593,543.5373639274248,2
https://www.redfin.com/MO/Saint-Louis/6962-Plainview-Ave-63109/home/62732880,909.013224931,1
https://www.redfin.com/MO/Saint-Louis/2638-Dalton-Ave-63139/home/93726796,605.39127576303,3
https://www.redfin.com/MO/Saint-Louis/3807-Tamm-Ave-63109/home/62715461,478.9114948855101,2
https://www.redfin.com/MO/Saint-Louis/6625-Hancock-Ave-63139/home/93743312,519.6352276374917,1
https://www.redfin.com/MO/Saint-Louis/1231-Hornsby-Ave-63147/home/93731557,392.57706758835815,1
https://www.redfin.com/MO/Saint-Louis/6056-Childress-Ave-63109/home/93783870,332.7502347426252,2
https://www.redfin.com/MO/Saint-Louis/5341-Reber-Pl-63139/home/93727504,443.7023071429981,4
https://www.redfin.com/MO/Saint-Louis/5700-Arthur-Ave-63139/home/93743028,844.2397699665685,1
https://www.redfin.com/MO/Saint-Louis/6568-Odell-St-63139/home/62768107,1185.4520931574698,0
https://www.redfin.com/MO/Saint-Louis/4005-Eichelberger-St-63116/home/93757720,830.0636620464111,1
https://www.redfin.com/MO/Saint-Louis/6451-Odell-St-63139/home/93744977,884.3988542729152,2
https://www.redfin.com/MO/Saint-Louis/1712-Belle-Glade-Ave-63113/home/93786431,777.7188673901637,1
https://www.redfin.com/MO/Saint-Louis/4023-Healy-Ct-63123/home/93783882,1324.1797966097054,0
https://www.redfin.com/MO/Saint-Louis/6445-Odell-St-63139/home/62765346,862.1203697873129,2
https://www.redfin.com/MO/Saint-Louis/6945-Lindenwood-Pl-63109/home/93748050,1134.6831410151838,0
https://www.redfin.com/MO/Saint-Louis/6608-Oakland-Ave-63139/home/93740545,521.9830457736883,1
https://www.redfin.com/MO/Saint-Louis/6203-Tilden-Ave-63116/home/93765712,742.8768884441427,2
https://www.redfin.com/MO/Saint-Louis/1501-Switzer-Ave-63147/home/63685813,946.1455369335185,1
https://www.redfin.com/MO/Saint-Louis/3838-Federer-Pl-63116/home/93773567,964.911019717035,1
https://www.redfin.com/MO/Saint-Louis/7026-Winona-Ave-63109/home/93747686,1345.5827491559496,0
https://www.redfin.com/MO/Saint-Louis/7105-S-Grand-Ave-63111/home/93711751,857.6673943407902,1
https://www.redfin.com/MO/Saint-Louis/6968-Winona-Ave-63109/home/93747737,1180.4562500479797,0
https://www.redfin.com/MO/Saint-Louis/7217-Pennsylvania-Ave-63111/home/93710708,567.9634874995206,1
https://www.redfin.com/MO/Saint-Louis/6682-W-Park-Ave-63139/home/93750063,465.277510201052,4
https://www.redfin.com/MO/Saint-Louis/3138-Illinois-Ave-63118/home/93699278,1277.0281099942629,0
https://www.redfin.com/MO/Saint-Louis/4251-W-Maffitt-Ave-63113/home/93678024,423.28976085050294,2
https://www.redfin.com/MO/Saint-Louis/7033-Pernod-Ave-63139/home/93748475,1331.095714385132,0
https://www.redfin.com/MO/Saint-Louis/913-Morrison-Ave-63104/home/93685512,423.2365774903005,2
https://www.redfin.com/MO/Saint-Louis/6509-Marquette-Ave-63139/home/93748834,269.6832405122167,2
https://www.redfin.com/MO/Saint-Louis/4112-Poepping-St-63123/home/93784338,1170.9501257816066,0
https://www.redfin.com/MO/Saint-Louis/4950-Eichelberger-St-63109/home/93765434,1180.1404910711867,0
https://www.redfin.com/MO/Saint-Louis/1648-Orchid-Ave-63147/home/93731806,326.6045824055955,1
https://www.redfin.com/MO/Saint-Louis/4101-Healy-Ct-63123/home/62716808,1346.4901202277476,0
https://www.redfin.com/MO/Saint-Louis/5932-Finkman-St-63109/home/93784014,92.45331401969788,2
https://www.redfin.com/MO/Saint-Louis/5972-Tara-Ln-63147/home/93770711,722.9572901831218,1
https://www.redfin.com/MO/Saint-Louis/7018-Holly-Hills-Ave-63123/home/93782471,1449.0604854619762,0
https://www.redfin.com/MO/Saint-Louis/6656-Oleatha-Ave-63139/home/93778993,551.7378257406604,1
https://www.redfin.com/MO/Saint-Louis/5811-Finkman-St-63109/home/93777660,186.88067426674837,2
https://www.redfin.com/MO/Saint-Louis/3425-Halliday-Ave-63118/home/93692504,552.90228650997,3
https://www.redfin.com/MO/Saint-Louis/5445-N-Kingshighway-Blvd-63115/home/93752026,1089.6134753902209,0
https://www.redfin.com/MO/Saint-Louis/5536-Lisette-Ave-63109/home/93776618,747.2221279270431,3
https://www.redfin.com/MO/Saint-Louis/6269-Kinsey-Pl-63109/home/93783592,519.1952214113338,2
https://www.redfin.com/MO/Saint-Louis/3915-Blow-St-63116/home/93773365,609.775106218834,2
https://www.redfin.com/MO/Saint-Louis/4815-Minnesota-Ave-63111/home/93707667,1162.061312509067,0
https://www.redfin.com/MO/Saint-Louis/4916-W-Florissant-Ave-63115/home/62695103,1432.2470279285612,0
https://www.redfin.com/MO/Saint-Louis/5730-Bancroft-Ave-63109/home/93753092,797.0993278901939,2
https://www.redfin.com/MO/Saint-Louis/2765-Tamm-Ave-63139/home/93707792,751.6053058456947,2
https://www.redfin.com/MO/Saint-Louis/5169-Vernon-Ave-63113/home/62773850,690.3090241241332,1
https://www.redfin.com/MO/Saint-Louis/6505-Michigan-Ave-63111/home/93709683,686.231753986012,1
https://www.redfin.com/MO/Saint-Louis/6821-Garner-Ave-63139/home/93741066,224.9499061549997,1
https://www.redfin.com/MO/Saint-Louis/6817-Garner-Ave-63139/home/93741059,223.64741613711496,1
https://www.redfin.com/MO/Saint-Louis/8120-Parkridge-Dr-63123/home/93784253,1553.5397348845945,0
https://www.redfin.com/MO/Saint-Louis/3848-Eiler-St-63116/home/93761611,908.0857529876797,1
https://www.redfin.com/MO/Saint-Louis/5273-Parker-Ave-63139/home/93742681,325.07092994953825,3
https://www.redfin.com/MO/Saint-Louis/8954-Edna-St-63147/home/93731519,635.6716403062127,1
https://www.redfin.com/MO/Saint-Louis/5467-Clifton-Ave-63109/home/93783476,245.09719573494775,2
https://www.redfin.com/MO/Saint-Louis/6580-Oleatha-Ave-63139/home/93778938,282.5712444355462,1
https://www.redfin.com/MO/Saint-Louis/2747-Rutger-St-63104/home/173619015,552.5530092752578,2
https://www.redfin.com/MO/Saint-Louis/7024-Stanley-Ave-63143/home/93744193,607.8143667398341,1
https://www.redfin.com/MO/Saint-Louis/2349-S-11th-St-63104/home/62741473,510.75393615696663,1
https://www.redfin.com/MO/Saint-Louis/4329-Alma-Ave-63116/home/93771926,672.4703373670959,4
https://www.redfin.com/MO/Saint-Louis/4253-Holly-Ave-63115/home/93714413,111.3402540755022,2
https://www.redfin.com/MO/Saint-Louis/5185-Enright-Ave-63108/home/93744914,402.4365083218688,2
https://www.redfin.com/MO/Saint-Louis/1063-Hornsby-Ave-63147/home/93761150,794.3523787731195,1
https://www.redfin.com/MO/Saint-Louis/7223-Pennsylvania-Ave-63111/home/93710707,581.301921959617,1
https://www.redfin.com/MO/Saint-Louis/5095-Raymond-Ave-63113/home/93752500,805.2356691720364,2
https://www.redfin.com/MO/Saint-Louis/3141-Potomac-St-63118/home/93695074,736.087112924771,2
https://www.redfin.com/MO/Saint-Louis/4725-Maffitt-Ave-63113/home/93748625,549.6380667611081,2
https://www.redfin.com/MO/Saint-Louis/4246-Nebraska-Ave-63111/home/93705534,243.4049617661054,4
https://www.redfin.com/MO/Saint-Louis/7307-Minnesota-Ave-63111/home/93710809,548.2816693330992,1
https://www.redfin.com/MO/Saint-Louis/8226-Frederick-St-63147/home/93760550,1656.8043142529073,0
https://www.redfin.com/MO/Saint-Louis/4116-E-Iowa-Ave-63118/home/93705061,186.18444933015502,3
https://www.redfin.com/MO/Saint-Louis/4339-Linton-Ave-63107/home/93712881,518.5558431104655,1
https://www.redfin.com/MO/Saint-Louis/6619-Vermont-Ave-63111/home/93709861,482.9498088491916,1
https://www.redfin.com/MO/Saint-Louis/3906-Bates-St-63116/home/93781580,968.2734210596769,1
https://www.redfin.com/MO/Saint-Louis/3841-Michigan-Ave-63118/home/93695739,489.3376014099136,2
https://www.redfin.com/MO/Saint-Louis/4419-Holly-Ave-63115/home/93714503,198.89363108586073,1
https://www.redfin.com/MO/Saint-Louis/6049-Shulte-Ave-63136/home/93758488,555.169059201642,1
https://www.redfin.com/MO/Saint-Louis/5653-Park-Ln-63136/home/93769991,416.3330531385657,1
https://www.redfin.com/MO/Saint-Louis/4871-Anderson-Ave-63115/home/93732968,689.6031168888242,1
https://www.redfin.com/MO/Saint-Louis/4422-Pennsylvania-Ave-63111/home/93706067,646.4855813053016,3
https://www.redfin.com/MO/Saint-Louis/4950-Labadie-Ave-63115/home/93755807,161.8519812327247,3
https://www.redfin.com/MO/Saint-Louis/3417-Park-Ave-63104/home/93700999,416.23677021346873,4
https://www.redfin.com/MO/Saint-Louis/3114-Clarence-Pl-63115/home/93736150,842.7814522260119,2
https://www.redfin.com/MO/Saint-Louis/4341-Minnesota-Ave-63111/home/93705880,377.58545632170177,3
https://www.redfin.com/MO/Saint-Louis/6270-Gravois-Ave-63116/home/62724793,433.121523948113,1
https://www.redfin.com/MO/Saint-Louis/3008-Chippewa-St-63118/home/93695956,214.90756694209293,2
https://www.redfin.com/MO/Saint-Louis/4960-Thekla-Ave-63115/home/93763161,1260.2530579382835,0
https://www.redfin.com/MO/Saint-Louis/4621-Evans-Ave-63113/home/93721002,755.7590502340489,2
https://www.redfin.com/MO/Saint-Louis/5276-Genevieve-Ave-63120/home/93763129,331.90542383181486,3
https://www.redfin.com/MO/Saint-Louis/8460-Edna-St-63147/home/93731350,1096.2254483548938,0
https://www.redfin.com/MO/Saint-Louis/4859-Sacramento-Ave-63115/home/93732634,780.2573425485109,4
https://www.redfin.com/MO/Saint-Louis/2912-Indiana-Ave-63118/home/93699027,742.3296593622493,1
https://www.redfin.com/MO/Saint-Louis/3030-Chippewa-St-63118/home/93696023,250.0241286244911,2
https://www.redfin.com/MO/Saint-Louis/5714-Maple-Ave-63112/home/93709829,166.315349621712,3
https://www.redfin.com/MO/Saint-Louis/2012-Mallinckrodt-St-63107/home/93688826,404.8808069302488,4
https://www.redfin.com/MO/Saint-Louis/4844-Northland-Ave-63113/home/93737180,716.4282260943052,3
https://www.redfin.com/MO/Saint-Louis/7027-Michigan-Ave-63111/home/93710184,209.81529193643928,1
https://www.redfin.com/MO/Saint-Louis/5447-Claxton-Ave-63120/home/93764862,409.41515811204226,2
https://www.redfin.com/MO/Saint-Louis/4430-Sexauer-Ave-63115/home/93733135,1227.188974976042,0
https://www.redfin.com/MO/Saint-Louis/6012-N-Pointe-Blvd-63147/home/93770348,177.8979209957482,1
https://www.redfin.com/MO/Saint-Louis/5417-Pennsylvania-Ave-63111/home/93708189,906.5890372676344,1
https://www.redfin.com/MO/Saint-Louis/4644-Michigan-Ave-63111/home/93706785,1076.2042436127404,0
https://www.redfin.com/MO/Saint-Louis/3125-Miami-St-63118/home/62745567,492.869375327418,1
https://www.redfin.com/MO/Saint-Louis/820-Elias-Ave-63147/home/93759941,1330.4367561987,0
https://www.redfin.com/MO/Saint-Louis/4315-Lafayette-Ave-63110/home/93753965,195.09548450837417,6
https://www.redfin.com/MO/Saint-Louis/4526-Alice-Ave-63115/home/93713847,930.2224629115015,2
https://www.redfin.com/MO/Saint-Louis/1412-Rowan-Ave-63112/home/93678068,1164.8293437566226,0
https://www.redfin.com/MO/Saint-Louis/4312-Oregon-Ave-63111/home/93705805,413.10682550266205,4
https://www.redfin.com/MO/Saint-Louis/5226-Saint-Louis-Ave-63115/home/93737349,628.2809719816856,2
https://www.redfin.com/MO/Saint-Louis/5046-S-37th-St-63116/home/93742425,386.45212453467684,1
https://www.redfin.com/MO/Saint-Louis/7413-Michigan-Ave-63111/home/93710778,632.6577839162348,1
https://www.redfin.com/MO/Saint-Louis/5232-Highland-Ave-63113/home/62739245,665.746502065406,1
https://www.redfin.com/MO/Saint-Louis/5756-Floy-Ave-63136/home/93765411,334.4830380997684,1
https://www.redfin.com/MO/Saint-Louis/3819-California-Ave-63118/home/93696136,381.5530697308647,5
https://www.redfin.com/MO/Saint-Louis/1514-Grape-Ave-63147/home/93731739,628.7575877580542,1
https://www.redfin.com/MO/Saint-Louis/5922-Lillian-Ave-63136/home/93777938,1415.138759415123,0
https://www.redfin.com/MO/Saint-Louis/2817-S-Jefferson-Ave-63118/home/93691732,363.83387528044335,2
https://www.redfin.com/MO/Saint-Louis/4325-Morganford-Rd-63116/home/93772026,99.95771861347608,1
https://www.redfin.com/MO/Saint-Louis/4743-Louisiana-Ave-63111/home/93707337,564.4989089209045,2
https://www.redfin.com/MO/Saint-Louis/3931-Pennsylvania-Ave-63118/home/93704347,557.000381004514,5
https://www.redfin.com/MO/Saint-Louis/4101-E-Lee-Ave-63115/home/93714956,922.4980921690941,1
https://www.redfin.com/MO/Saint-Louis/5936-Theodore-Ave-63136/home/93758717,1381.2107524562443,0
https://www.redfin.com/MO/Saint-Louis/3522-S-Compton-Ave-63118/home/93695014,663.1797349043574,1
https://www.redfin.com/MO/Saint-Louis/3757-Itaska-St-63116/home/93742464,271.2501294747204,1
https://www.redfin.com/MO/Saint-Louis/1740-Grape-Ave-63147/home/93778782,822.938537547605,1
https://www.redfin.com/MO/Saint-Louis/4453-Morganford-Rd-63116/home/93764712,271.7493382210922,1
https://www.redfin.com/MO/Saint-Louis/5968-De-Giverville-Ave-63112/home/93762540,158.74052893947766,4
https://www.redfin.com/MO/Saint-Louis/4214-Bingham-Ave-63116/home/93726563,137.50269385680392,1
https://www.redfin.com/MO/Saint-Louis/2239-University-St-63107/home/93687537,1064.0348501943718,0
https://www.redfin.com/MO/Saint-Louis/6336-Laura-Ave-63136/home/93762169,1835.6846101040098,0
https://www.redfin.com/MO/Saint-Louis/3614-Iowa-Ave-63118/home/93696177,557.6149669546992,2
https://www.redfin.com/MO/Saint-Louis/3420-Alberta-St-63118/home/93704826,843.6541136991709,3
https://www.redfin.com/MO/Saint-Louis/4406-Gannett-St-63116/home/93764136,740.7254667134848,2
https://www.redfin.com/MO/Saint-Louis/4442-Morganford-Rd-63116/home/62758278,248.95925218374782,1
https://www.redfin.com/MO/Saint-Louis/5950-N-Pointe-Blvd-63147/home/93769869,411.8952073221993,1
https://www.redfin.com/MO/Saint-Louis/5613-Pennsylvania-Ave-63111/home/93708606,894.0579558922026,1
https://www.redfin.com/MO/Saint-Louis/4023-Giles-Ave-63116/home/93772906,1181.9068357808596,0
https://www.redfin.com/MO/Saint-Louis/7505-Pennsylvania-Ave-63111/home/93710919,843.0721679017477,1
https://www.redfin.com/MO/Saint-Louis/5640-Hiller-Pl-63136/home/62719986,429.71670399909925,1
https://www.redfin.com/MO/Saint-Louis/217-Schirmer-St-63111/home/63496781,1019.6149399094638,0
https://www.redfin.com/MO/Saint-Louis/8648-Oriole-Ave-63147/home/93731159,1014.145912292332,0
https://www.redfin.com/MO/Saint-Louis/3240-Michigan-Ave-63118/home/93693468,460.5617870624473,1
https://www.redfin.com/MO/Saint-Louis/1025-Hornsby-Ave-63147/home/93760931,935.5632711202159,1
https://www.redfin.com/MO/Saint-Louis/5141-Dresden-Ave-63116/home/93764014,912.9698802793096,1
https://www.redfin.com/MO/Saint-Louis/6016-Minnesota-Ave-63111/home/93709125,924.4611176682334,1
https://www.redfin.com/MO/Saint-Louis/5713-Goodfellow-Blvd-63136/home/93761214,514.0944579770874,1
https://www.redfin.com/MO/Saint-Louis/887-Wall-St-63147/home/77407593,1070.0455517811306,0
https://www.redfin.com/MO/Saint-Louis/5021-Davison-Ave-63120/home/93755100,92.62165289382315,3
https://www.redfin.com/MO/Saint-Louis/3540-Michigan-Ave-63118/home/93694890,529.1044342844227,1
https://www.redfin.com/MO/Saint-Louis/3658-Salena-St-63118/home/62687641,246.74267902753218,2
https://www.redfin.com/MO/Saint-Louis/4740-Nebraska-Ave-63111/home/93706889,1445.8282257417063,0
https://www.redfin.com/MO/Saint-Louis/4300-Dewey-Ave-63116/home/93706005,880.4315421111963,2
https://www.redfin.com/MO/Saint-Louis/5636-Winona-Ave-63109/home/93781629,738.0691083781597,2
https://www.redfin.com/MO/Saint-Louis/3841-Bowen-St-63116/home/93773632,817.6971939861377,1
https://www.redfin.com/MO/Saint-Louis/2103-Boardman-St-63110/home/173620164,851.3217652840316,2
https://www.redfin.com/MO/St-Louis/6297-Magnolia-Ave-63139/home/192669047,653.7646444376836,2
https://www.redfin.com/MO/Saint-Louis/6543-Hancock-Ave-63139/home/90732000,418.89141329215744,1
https://www.redfin.com/MO/Saint-Louis/4080-Burgen-Ave-63116/home/93761954,606.6413485001738,2
https://www.redfin.com/MO/Saint-Louis/3119-Tamm-Ave-63139/home/93772162,872.952927846244,2
https://www.redfin.com/MO/Saint-Louis/6646-Mardel-Ave-63109/home/93774875,598.3870814012541,1
https://www.redfin.com/MO/Saint-Louis/1508-Graham-St-63139/home/93761918,390.7902242524252,2
https://www.redfin.com/MO/Saint-Louis/6272-Magnolia-Ave-63139/home/93754746,583.3616547218188,2
https://www.redfin.com/MO/Saint-Louis/2323-Macklind-Ave-63110/home/93771688,219.27667374973493,1
https://www.redfin.com/MO/Saint-Louis/5872-Walsh-St-63109/home/93768784,395.71452495786343,2
https://www.redfin.com/MO/Saint-Louis/5425-Pernod-Ave-63139/home/93742298,725.0379108750129,4
https://www.redfin.com/MO/Saint-Louis/2123-Boardman-St-63110/home/173620154,829.2291292930744,2
https://www.redfin.com/MO/Saint-Louis/4216-Wyoming-St-63116/home/93729443,253.5719996442541,2
https://www.redfin.com/MO/Saint-Louis/5406-Reber-Pl-63139/home/93727377,559.1847860168797,2
https://www.redfin.com/MO/Saint-Louis/6309-Potomac-St-63139/home/89124361,514.5815629715175,2
https://www.redfin.com/MO/Saint-Louis/6365-Lansdowne-Ave-63109/home/93780101,744.5384989819147,1
https://www.redfin.com/MO/Saint-Louis/6312-Berthold-Ave-63139/home/93707617,604.6002740269365,2
https://www.redfin.com/MO/Saint-Louis/5477-Marquette-Ave-63139/home/62723051,741.9312656152487,3
https://www.redfin.com/MO/Saint-Louis/5660-Pernod-Ave-63139/home/93781941,705.7176050083157,1
https://www.redfin.com/MO/Saint-Louis/5504-Mardel-Ave-63109/home/62733343,784.1332404636215,2
https://www.redfin.com/MO/Saint-Louis/5534-Devonshire-Ave-63109/home/93753292,453.8322131130025,1
https://www.redfin.com/MO/Saint-Louis/1943-McCausland-Ave-63117/home/93744119,415.04207368324325,1
https://www.redfin.com/MO/Saint-Louis/2125-Boardman-St-63110/home/173620153,823.2971415818197,2
https://www.redfin.com/MO/Saint-Louis/5616-Neosho-St-63109/home/62718027,857.0567925759437,2
https://www.redfin.com/MO/Saint-Louis/5708-Columbia-Ave-63139/home/93726781,705.9677123552585,3
https://www.redfin.com/MO/Saint-Louis/6756-Dolan-Pl-63139/home/93740474,135.62342421090824,1
https://www.redfin.com/MO/Saint-Louis/1333-Ripple-St-63139/home/93726452,280.1092297217801,2
https://www.redfin.com/MO/Saint-Louis/6023-Arsenal-St-63139/home/93768866,478.0975507758166,2
https://www.redfin.com/MO/Saint-Louis/6232-Devonshire-Ave-63109/home/81562910,936.7508276179207,1
https://www.redfin.com/MO/Saint-Louis/1933-Blendon-Pl-63143/home/93744213,601.1680681217896,1
https://www.redfin.com/MO/Saint-Louis/6044-Sutherland-Ave-63109/home/93782418,813.2844499743253,1
https://www.redfin.com/MO/Saint-Louis/2016-Hereford-St-63110/home/173620199,767.9583150847157,2
https://www.redfin.com/MO/Saint-Louis/4064-Potomac-St-63116/home/77280528,720.6728733019318,1
https://www.redfin.com/MO/Saint-Louis/5632-Bischoff-Ave-63110/home/93727065,800.0663295209326,1
https://www.redfin.com/MO/Saint-Louis/7022-Ethel-Ave-63117/home/93740189,487.1640657117908,1
https://www.redfin.com/MO/Saint-Louis/7365-Marwinette-Ave-63116/home/93785094,602.0308524635402,2
https://www.redfin.com/MO/Saint-Louis/3734-Arsenal-St-63116/home/93675401,744.8894637535699,2
https://www.redfin.com/MO/Saint-Louis/6619-Dale-Ave-63139/home/93740747,724.034659414566,4
https://www.redfin.com/MO/Saint-Louis/5541-Columbia-Ave-63139/home/93727027,535.5826511419656,3
https://www.redfin.com/MO/Saint-Louis/4819-Milentz-Ave-63116/home/62767027,729.2249873151269,1
https://www.redfin.com/MO/Saint-Louis/2235-Cuggiono-Ct-63110/home/93769430,584.360971339578,2
https://www.redfin.com/MO/Saint-Louis/6659-Tholozan-Ave-63109/home/93775056,572.7227753305732,1
https://www.redfin.com/MO/Saint-Louis/5337-Winona-Ave-63109/home/62749403,340.74122513582427,1
https://www.redfin.com/MO/Saint-Louis/3271-Alfred-Ave-63116/home/93785791,806.4874473782282,1
https://www.redfin.com/MO/Saint-Louis/4357-Miami-St-63116/home/93730044,797.1989227088312,1
https://www.redfin.com/MO/Saint-Louis/5736-Lindenwood-Ave-63109/home/93780954,482.2407709512241,1
https://www.redfin.com/MO/Saint-Louis/5236-Lansdowne-Ave-63109/home/93753006,232.12446297725816,1
https://www.redfin.com/MO/Saint-Louis/5460-Walsh-St-63109/home/93767778,982.0990145078035,1
https://www.redfin.com/MO/Saint-Louis/4016-Parker-Ave-63116/home/93729098,597.0489681393138,2
https://www.redfin.com/MO/Saint-Louis/1612-Mississippi-Ave-63104/home/93672856,150.73188695799928,5
https://www.redfin.com/MO/Saint-Louis/1424-Louisville-Ave-63139/home/93740864,562.9044277955387,4
https://www.redfin.com/MO/Saint-Louis/4940-Walsh-St-63109/home/62724238,1090.2568392504804,0
https://www.redfin.com/MO/Saint-Louis/5340-Tholozan-Ave-63109/home/93781817,791.6237538271153,2
https://www.redfin.com/MO/Saint-Louis/6550-Walsh-St-63109/home/93779692,481.5771941801925,1
https://www.redfin.com/MO/Saint-Louis/6429-Southwest-Ave-63139/home/93784630,791.1271352163224,2
https://www.redfin.com/MO/Saint-Louis/5858-Kingwood-Dr-63123/home/93782482,1358.7574069260695,0
https://www.redfin.com/MO/Saint-Louis/2910-Missouri-Ave-63118/home/93699035,839.7187818279076,1
https://www.redfin.com/MO/Saint-Louis/6532-Southwest-Ave-63139/home/93743732,1033.9803489816168,0
https://www.redfin.com/MO/Saint-Louis/5911-Scanlan-Ave-63139/home/93775805,881.8775112435585,2
https://www.redfin.com/MO/Saint-Louis/5733-Delor-St-63109/home/93768114,715.6752542082068,1
https://www.redfin.com/MO/Saint-Louis/3932-Humphrey-St-63116/home/93729416,589.92565958137,2
https://www.redfin.com/MO/Saint-Louis/4020-Neosho-St-63116/home/93767225,842.7465799359628,1
https://www.redfin.com/MO/Saint-Louis/3123-Alfred-Ave-63116/home/93748603,834.9978423712893,3
https://www.redfin.com/MO/Saint-Louis/5114-Rosa-Ave-63109/home/93769455,1145.7623233305558,0
https://www.redfin.com/MO/Saint-Louis/4130-Fillmore-St-63116/home/93776339,346.56376164142637,1
https://www.redfin.com/MO/Saint-Louis/6039-Oleatha-Ave-63139/home/93775370,271.90894119059607,2
https://www.redfin.com/MO/Saint-Louis/4328-Laclede-Ave-63108/home/62694008,439.85625573691186,6
https://www.redfin.com/MO/Saint-Louis/7114-Bancroft-Ave-63109/home/93749072,1566.3957729300935,0
https://www.redfin.com/MO/Saint-Louis/4034-Parker-Ave-63116/home/93729061,554.8329219419797,2
https://www.redfin.com/MO/Saint-Louis/4080-Fillmore-St-63116/home/93770887,232.94299962133283,1
https://www.redfin.com/MO/Saint-Louis/4068-Utah-St-63116/home/62842554,259.1247146952888,2
https://www.redfin.com/MO/Saint-Louis/5421-Itaska-St-63109/home/93765288,690.5253541186322,1
https://www.redfin.com/MO/Saint-Louis/4721-Prague-Ave-63109/home/93780248,799.4401569001235,1
https://www.redfin.com/MO/Saint-Louis/5525-Magnolia-Ave-63139/home/93727273,534.47488312254,3
https://www.redfin.com/MO/Saint-Louis/5579-Lansdowne-Ave-63109/home/62756753,483.2551008289062,1
https://www.redfin.com/MO/Saint-Louis/29-Benton-Pl-63104/home/93701232,840.6247132967978,3
https://www.redfin.com/MO/Saint-Louis/5520-Nottingham-Ave-63109/home/93765278,700.384190705504,1
https://www.redfin.com/MO/Saint-Louis/4939-Nottingham-Ave-63109/home/93753326,735.3896499002583,1
https://www.redfin.com/MO/Saint-Louis/6517-Tholozan-Ave-63109/home/93775003,169.32406619739126,2
https://www.redfin.com/MO/Saint-Louis/4421-Rosa-Ave-63116/home/93772830,927.7940717067373,1
https://www.redfin.com/MO/Saint-Louis/4388-Maryland-Ave-63108/home/93725224,115.34525997093483,5
https://www.redfin.com/MO/Saint-Louis/5864-Walsh-St-63109/home/93768814,389.7337412880347,2
https://www.redfin.com/MO/Saint-Louis/1126-Art-Hill-Pl-63139/home/93782284,528.5793202213076,2
https://www.redfin.com/MO/Saint-Louis/4169-Parker-Ave-63116/home/93728877,435.4980312385755,2
https://www.redfin.com/MO/Saint-Louis/4109-Upton-Ct-63116/home/93784287,284.10468602966387,2
https://www.redfin.com/MO/Saint-Louis/1037-Louisville-Ave-63139/home/93740404,627.948338036443,3
https://www.redfin.com/MO/Saint-Louis/6821-W-Park-Ave-63139/home/93765627,354.9734150467432,2
https://www.redfin.com/MO/Saint-Louis/4151-Hartford-St-63116/home/93751066,339.9638270005492,3
https://www.redfin.com/MO/Saint-Louis/6027-Arsenal-St-63139/home/93768867,480.61168920602205,2
https://www.redfin.com/MO/Saint-Louis/4170-Utah-St-63116/home/86088363,257.4488143689009,2
https://www.redfin.com/MO/Saint-Louis/3880-Hartford-St-63116/home/62729843,599.7365646730378,3
https://www.redfin.com/MO/Saint-Louis/5225-Quincy-St-63109/home/93771485,677.0048502832213,1
https://www.redfin.com/MO/Saint-Louis/5454-Lisette-Ave-63109/home/93776621,753.9063228191177,2
https://www.redfin.com/MO/Saint-Louis/2715-Watson-Rd-63139/home/93773032,143.00723473762386,2
https://www.redfin.com/MO/Saint-Louis/6211-Hoffman-Ave-63139/home/93767970,485.4132817401294,2
https://www.redfin.com/MO/Saint-Louis/6016-Scanlan-Ave-63139/home/93742885,901.2505606384559,2
https://www.redfin.com/MO/Saint-Louis/4251-McPherson-Ave-63108/home/93673842,536.6295934058743,6
https://www.redfin.com/MO/Saint-Louis/5329-Murdoch-Ave-63109/home/93753348,294.6904294723695,1
https://www.redfin.com/MO/Saint-Louis/2222-Shenandoah-Ave-63104/home/146873668,390.8539751786532,5
https://www.redfin.com/MO/Saint-Louis/1597-Fairmount-Ave-63139/home/93681881,471.50716805306985,3
https://www.redfin.com/MO/Saint-Louis/5748-Delor-St-63109/home/93768137,629.7179301054474,1
https://www.redfin.com/MO/Saint-Louis/5701-Woodland-Ave-63120/home/93787342,794.2031026813761,1
https://www.redfin.com/MO/Saint-Louis/6420-Pennsylvania-Ave-63111/home/93709804,915.5529988075868,1
https://www.redfin.com/MO/Saint-Louis/4065-Fairview-Ave-63116/home/62764807,557.7307777924385,2
https://www.redfin.com/MO/Saint-Louis/4948-Davison-Ave-63120/home/93756776,204.86287249443168,2
https://www.redfin.com/MO/Saint-Louis/2839-Osage-St-63118/home/93704376,529.3397380081861,5
https://www.redfin.com/MO/Saint-Louis/5448-Bancroft-Ave-63109/home/93753065,329.8481047713515,1
https://www.redfin.com/MO/Saint-Louis/4427-Arco-Ave-63110/home/93750940,497.6988225531927,4
https://www.redfin.com/MO/Saint-Louis/4123-Schiller-Pl-63116/home/93770307,495.9868924096112,1
https://www.redfin.com/MO/Saint-Louis/5141-Pattison-Ave-63110/home/93728076,374.8474716646359,1
https://www.redfin.com/MO/Saint-Louis/4037-Parker-Ave-63116/home/93729189,501.7848192669609,2
https://www.redfin.com/MO/Saint-Louis/6421-Lansdowne-Ave-63109/home/93779914,627.969130199796,1
https://www.redfin.com/MO/Saint-Louis/5726-Sutherland-Ave-63109/home/93752768,871.0714669580486,2
https://www.redfin.com/MO/Saint-Louis/4704-Prague-Ave-63109/home/93780230,858.6575788434152,1
https://www.redfin.com/MO/Saint-Louis/4233-Shenandoah-Ave-63110/home/93746885,304.5449787287171,3
https://www.redfin.com/MO/Saint-Louis/4975-Schollmeyer-Ave-63109/home/93764454,396.02749176514794,1
https://www.redfin.com/MO/Saint-Louis/4864-Carter-Ave-63115/home/93733317,841.8670099513039,1
https://www.redfin.com/MO/Saint-Louis/4087-Wilmington-Ave-63116/home/93770936,410.39606349390283,1
https://www.redfin.com/MO/Saint-Louis/2714-Saint-Vincent-Ave-63104/home/93700637,229.46457158712712,3
https://www.redfin.com/MO/Saint-Louis/6105-Louisiana-Ave-63111/home/93709451,664.2824391438423,1
https://www.redfin.com/MO/Saint-Louis/6440-Marquette-Ave-63139/home/93775174,333.69824431480635,2
https://www.redfin.com/MO/Saint-Louis/4112-Humphrey-St-63116/home/93729494,106.90014942262563,2
https://www.redfin.com/MO/Saint-Louis/2342-Michigan-Ave-63104/home/93691906,489.76795591299,2
https://www.redfin.com/MO/Saint-Louis/5208-Tholozan-Ave-63109/home/62725780,631.520269561581,2
https://www.redfin.com/MO/Saint-Louis/3640-Alberta-St-63116/home/93704590,1088.999835506848,0
https://www.redfin.com/MO/Saint-Louis/3221-Harper-St-63107/home/93698738,850.9805833711468,1
https://www.redfin.com/MO/Saint-Louis/4957-Robert-Ave-63109/home/93771058,866.1756916110716,1
https://www.redfin.com/MO/Saint-Louis/4259-Maryland-Ave-63108/home/93684088,395.9757834294047,5
https://www.redfin.com/MO/Saint-Louis/3107-Harlequin-Ln-63139/home/62753667,785.7325097329432,2
https://www.redfin.com/MO/Saint-Louis/5322-Loughborough-Ave-63109/home/93771555,776.6150095784831,2
https://www.redfin.com/MO/Saint-Louis/8112-Carlsbad-Dr-63123/home/93784316,1428.357957098304,0
https://www.redfin.com/MO/Saint-Louis/3183-Alfred-Ave-63116/home/62756456,840.6396119907356,3
https://www.redfin.com/MO/Saint-Louis/3318-Michigan-Ave-63118/home/93693458,604.2561795321315,1
https://www.redfin.com/MO/Saint-Louis/5312-Shaw-Ave-63110/home/93726857,764.3114174009617,2
https://www.redfin.com/MO/Saint-Louis/5523-Davison-Ave-63120/home/93762865,270.66443056875823,2
https://www.redfin.com/MO/Saint-Louis/4750-Milentz-Ave-63116/home/93756736,568.4298259996258,1
https://www.redfin.com/MO/Saint-Louis/5944-Era-Ave-63147/home/93768899,380.32238888165335,1
https://www.redfin.com/MO/Saint-Louis/4227-Connecticut-St-63116/home/93729845,366.71996994144564,2
https://www.redfin.com/MO/Saint-Louis/6449-W-Park-Ave-63139/home/93749952,360.8182411503425,3
https://www.redfin.com/MO/Saint-Louis/3642-Hebert-St-63107/home/93702165,464.8983744562645,3
https://www.redfin.com/MO/Saint-Louis/5521-Lindenwood-Ave-63109/home/93782536,756.6778321344995,2
https://www.redfin.com/MO/Saint-Louis/7143-Mardel-Ave-63109/home/93747880,1815.577114458398,0
https://www.redfin.com/MO/Saint-Louis/4318-Bingham-Ave-63116/home/93772023,159.91835260771865,1
https://www.redfin.com/MO/Saint-Louis/3998-Bowen-St-63116/home/62734767,272.99856846042985,1
https://www.redfin.com/MO/Saint-Louis/4105-Louisiana-Ave-63118/home/93705716,462.1644139751538,2
https://www.redfin.com/MO/Saint-Louis/5519-Lisette-Ave-63109/home/93776635,806.7302978370317,3
https://www.redfin.com/MO/Saint-Louis/5937-W-Park-Ave-63110/home/93726367,722.7517308797475,3
https://www.redfin.com/MO/Saint-Louis/3730-Palm-St-63107/home/93702082,249.19693816802365,2
https://www.redfin.com/MO/Saint-Louis/6921-Vermont-Ave-63111/home/93710177,86.70742426113826,1
https://www.redfin.com/MO/Saint-Louis/4353-Evans-Ave-63113/home/93718921,479.80165576555083,3
https://www.redfin.com/MO/Saint-Louis/4439-Arco-Ave-63110/home/93750925,460.4312811980354,4
https://www.redfin.com/MO/Saint-Louis/1007-Wall-St-63147/home/93756077,1004.4195392801767,0
https://www.redfin.com/MO/Saint-Louis/2865-Texas-Ave-63118/home/93691687,437.9971403866852,2
https://www.redfin.com/MO/Saint-Louis/4309-Jamieson-Ave-63109/home/93774169,920.0363474597862,1
https://www.redfin.com/MO/Saint-Louis/6518-Hoffman-Ave-63139/home/93741774,1029.5353623949482,0
https://www.redfin.com/MO/Saint-Louis/4636-Idaho-Ave-63111/home/93706676,905.1569481738978,2
https://www.redfin.com/MO/Saint-Louis/1134-Childress-Ave-63139/home/93782288,531.2131432452627,3
https://www.redfin.com/MO/Saint-Louis/6630-Vermont-Ave-63111/home/93709866,423.4315524831682,1
https://www.redfin.com/MO/Saint-Louis/5721-Rhodes-Ave-63109/home/93771409,432.8525557905383,2
https://www.redfin.com/MO/Saint-Louis/3625-Koeln-Ave-63116/home/93712067,1180.2947039130859,0
https://www.redfin.com/MO/Saint-Louis/5376-Magnolia-Ave-63139/home/62719588,323.0018788463911,2
https://www.redfin.com/MO/Saint-Louis/4921-Loughborough-Ave-63109/home/93764346,328.600020736213,1
https://www.redfin.com/MO/Saint-Louis/3828-Missouri-Ave-63118/home/93696810,454.9750290403532,3
https://www.redfin.com/MO/Saint-Louis/3624-Winnebago-St-63116/home/93695593,1268.0839843994324,0
https://www.redfin.com/MO/Saint-Louis/5640-Finkman-St-63109/home/93776711,569.2633897412497,2
https://www.redfin.com/MO/Saint-Louis/3944-S-Compton-Ave-63118/home/93704728,698.068250707533,4
https://www.redfin.com/MO/Saint-Louis/3443-Keokuk-St-63118/home/93695279,966.2968496601214,1
https://www.redfin.com/MO/Saint-Louis/8001-Church-Rd-63147/home/93730701,2158.974043307071,0
https://www.redfin.com/MO/Saint-Louis/5508-Sutherland-Ave-63109/home/93752749,343.4986130503285,1
https://www.redfin.com/MO/Saint-Louis/4622-Minnesota-Ave-63111/home/76808767,1021.6581749243311,0
https://www.redfin.com/MO/Saint-Louis/5721-Acme-Ave-63136/home/93421442,615.0935313004392,1
https://www.redfin.com/MO/Saint-Louis/4830-Goethe-Ave-63116/home/93763260,807.0468863299138,1
https://www.redfin.com/MO/Saint-Louis/4977-Fairview-Ave-63139/home/62751175,262.21293518978445,4
https://www.redfin.com/MO/Saint-Louis/4335-Loughborough-Ave-63116/home/62710816,328.63336232931323,3
https://www.redfin.com/MO/Saint-Louis/5249-Delor-St-63109/home/93766790,815.8765699366171,1
https://www.redfin.com/MO/Saint-Louis/4213-Dardenne-Dr-63120/home/93431457,2040.7529751793306,0
https://www.redfin.com/MO/Saint-Louis/3954-McRee-Ave-63110/home/103204046,505.089283649435,6
https://www.redfin.com/MO/Saint-Louis/5227-Saint-Louis-Ave-63115/home/93737681,580.1775659185677,2
https://www.redfin.com/MO/Saint-Louis/4777-Milentz-Ave-63116/home/93757151,662.0303285350186,1
https://www.redfin.com/MO/Saint-Louis/6538-W-Park-Ave-63139/home/62768386,521.2015273031624,3
https://www.redfin.com/MO/Saint-Louis/4500-W-Pine-Blvd-63108/home/93673660,286.2339750439386,5
https://www.redfin.com/MO/St-Louis/4512-W-Pine-Blvd-63108/home/200563323,284.27004071099464,5
https://www.redfin.com/MO/Saint-Louis/3117-Russell-Blvd-63104/home/93690015,823.6797214716088,2
https://www.redfin.com/MO/Saint-Louis/2205-Hickory-St-63104/home/181866114,948.4621048383467,2
https://www.redfin.com/MO/Saint-Louis/2612-S-12th-St-63118/home/93686350,536.3005827076915,1
https://www.redfin.com/MO/Saint-Louis/6906-Bruno-Ave-63139/home/146874014,650.8798083413806,1
https://www.redfin.com/MO/Saint-Louis/4917-Pershing-Pl-63108/home/93724402,756.8054053172708,3
https://www.redfin.com/MO/Saint-Louis/5257-Westminster-Pl-63108/home/93749525,237.74382035514614,2
https://www.redfin.com/MO/Saint-Louis/3500-Russell-Blvd-63104/home/62734477,482.6695450144309,3
https://www.redfin.com/MO/Saint-Louis/5095-Westminster-Pl-63108/home/62751909,435.57777987359395,3
https://www.redfin.com/MO/Saint-Louis/2211-Hickory-St-63104/home/181866116,958.8275057556986,2
https://www.redfin.com/MO/Saint-Louis/5137-Washington-Pl-63108/home/93749488,392.7369670458774,2
https://www.redfin.com/MO/Saint-Louis/1819-Lafayette-Ave-63104/home/93697464,151.7374604028097,6
https://www.redfin.com/MO/Saint-Louis/4410-Westminster-Pl-63108/home/93740237,306.3426527439873,3
https://www.redfin.com/MO/Saint-Louis/1804-Hickory-St-63104/home/93685596,379.8761062344856,4
https://www.redfin.com/MO/Saint-Louis/34-Waterman-Pl-63112/home/93724336,493.95361324490796,2
https://www.redfin.com/MO/Saint-Louis/4361-Westminster-Pl-63108/home/64816053,442.637189463811,4
https://www.redfin.com/MO/Saint-Louis/2012-Lafayette-Ave-63104/home/93690812,115.83193876966531,6
https://www.redfin.com/MO/Saint-Louis/4321-Maryland-Ave-63108/home/62779526,301.62395657368376,5
https://www.redfin.com/MO/Saint-Louis/2731-Lafayette-Ave-63104/home/77299603,135.2580750064354,2
https://www.redfin.com/MO/Saint-Louis/2346-Albion-Pl-63104/home/93700569,526.9039204848523,4
https://www.redfin.com/MO/Saint-Louis/5849-De-Giverville-Ave-63112/home/93762610,175.7439009454329,3
https://www.redfin.com/MO/University-City/6203-Washington-Ave-63130/home/93760161,560.3028037521433,3
https://www.redfin.com/MO/Saint-Louis/1816-Hickory-St-63104/home/93685593,423.0690282209687,4
https://www.redfin.com/MO/Saint-Louis/2024-Rutger-St-63104/home/93701233,695.8068738785958,3
https://www.redfin.com/MO/Saint-Louis/1225-Dolman-St-63104/home/93685993,225.88245622830271,4
https://www.redfin.com/MO/Saint-Louis/5250-Wilson-Ave-63110/home/93727654,606.6751127446503,2
https://www.redfin.com/MO/Saint-Louis/3445-Juniata-St-63118/home/169424315,344.7380986481013,1
https://www.redfin.com/MO/Saint-Louis/4225-Maryland-Ave-63108/home/93725336,519.3418946478638,5
https://www.redfin.com/MO/Saint-Louis/30-Kingsbury-Pl-63112/home/93724138,640.9329257524367,3
https://www.redfin.com/MO/Saint-Louis/4608-McPherson-Ave-63108/home/93754475,484.3345478332216,4
https://www.redfin.com/MO/Saint-Louis/6120-Victoria-Ave-63139/home/93726407,573.9219834576357,2
https://www.redfin.com/MO/Saint-Louis/6980-Tholozan-Ave-63109/home/145288681,1171.703271351683,0
https://www.redfin.com/MO/Saint-Louis/3738-Olive-St-63108/home/176875154,314.98802249802554,12
https://www.redfin.com/MO/St-Louis/4439-4441-Gibson-Ave-63110/home/202328837,369.99012006189116,4
https://www.redfin.com/MO/Saint-Louis/310-N-Newstead-Ave-63108/home/62763590,117.2230240859238,4
https://www.redfin.com/MO/Saint-Louis/3850-Arsenal-St-63116/home/93728235,743.0650803821047,2
https://www.redfin.com/MO/Saint-Louis/1919-Hickory-St-63104/home/93701209,574.4401266307756,4
https://www.redfin.com/MO/Saint-Louis/6157-Kingsbury-Ave-63112/home/93760352,563.1155389220286,4
https://www.redfin.com/MO/Saint-Louis/4937-Washington-Blvd-63108/home/93724414,315.4917616937575,3
https://www.redfin.com/MO/Saint-Louis/4251-Maryland-Ave-63108/home/62735920,423.52893033149695,5
https://www.redfin.com/MO/Saint-Louis/5089-Waterman-Blvd-63108/home/93745949,427.3019177906216,2
https://www.redfin.com/MO/Saint-Louis/2745-Armand-Pl-63104/home/93690846,366.98873990428666,4
https://www.redfin.com/MO/Saint-Louis/4257-Maryland-Ave-63108/home/93682381,404.09946852114996,5
https://www.redfin.com/MO/Saint-Louis/5782-McPherson-Ave-63112/home/93674546,357.3105356212256,3
https://www.redfin.com/MO/Saint-Louis/1845-S-9th-St-63104/home/93685162,1032.3558802973669,0
https://www.redfin.com/MO/Saint-Louis/3662-Humphrey-St-63116/home/109919824,949.2920722342773,1
https://www.redfin.com/MO/Saint-Louis/4328-Vista-Ave-63110/home/93726069,101.62835503055649,4
https://www.redfin.com/MO/Saint-Louis/5843-Enright-Ave-63112/home/93739333,425.87607809964527,4
https://www.redfin.com/MO/Saint-Louis/2406-S-13th-St-63104/home/93686678,651.5892960897435,1
https://www.redfin.com/MO/Saint-Louis/3865-Connecticut-St-63116/home/89320742,658.882850402717,2
https://www.redfin.com/MO/Saint-Louis/4546-Washington-Blvd-63108/home/77289222,234.10039922168923,3
https://www.redfin.com/MO/Saint-Louis/1936-Arsenal-St-63118/home/93699323,1306.127060083576,0
https://www.redfin.com/MO/Saint-Louis/5816-Reber-Pl-63139/home/93726683,507.8566593321741,2
https://www.redfin.com/MO/Saint-Louis/1123-Kentucky-Ave-63110/home/146873929,460.3364511494575,4
https://www.redfin.com/MO/Saint-Louis/4452-Gibson-Ave-63110/home/93750912,370.852299768294,5
https://www.redfin.com/MO/Saint-Louis/902-Geyer-Ave-63104/home/93685732,1040.5384395060146,0
https://www.redfin.com/MO/Saint-Louis/4161-Flad-Ave-63110/home/93746539,376.5857174914518,4
https://www.redfin.com/MO/Saint-Louis/6259-Magnolia-Ave-63139/home/93743641,544.3640667152692,2
https://www.redfin.com/MO/Saint-Louis/4033-Cleveland-Ave-63110/home/93786133,559.5497980754947,5
https://www.redfin.com/MO/Saint-Louis/3401-Pestalozzi-St-63118/home/93692366,625.7739187400233,3
https://www.redfin.com/MO/Saint-Louis/1000-Barton-St-63104/home/187271178,259.9387479187511,1
https://www.redfin.com/MO/Saint-Louis/2117-S-13th-St-63104/home/93686274,705.4994072563396,4
https://www.redfin.com/MO/Saint-Louis/2922-S-Compton-Ave-63118/home/93785831,502.31397973402426,2
https://www.redfin.com/MO/Saint-Louis/4140-Burgen-Ave-63116/home/93762021,637.2804410986896,2
https://www.redfin.com/MO/Saint-Louis/4037-McRee-Ave-63110/home/109914637,569.6658191433081,5
https://www.redfin.com/MO/Saint-Louis/3940-Shaw-Blvd-63110/home/109919797,106.77239603655569,4
https://www.redfin.com/MO/Saint-Louis/4116-Flad-Ave-63110/home/93746440,486.8426593331362,5
https://www.redfin.com/MO/Saint-Louis/6623-Leona-St-63116/home/93777945,640.2393492601379,3
https://www.redfin.com/MO/Saint-Louis/4209-Norfolk-Ave-63110/home/93725977,261.53384181335304,4
https://www.redfin.com/MO/Saint-Louis/6609-Pernod-Ave-63139/home/93778999,362.7119519689306,1
https://www.redfin.com/MO/Saint-Louis/5931-Clifton-Ave-63109/home/62758309,187.97820712479415,2
https://www.redfin.com/MO/Saint-Louis/4272-Hartford-St-63116/home/93749882,656.2730386522741,3
https://www.redfin.com/MO/Saint-Louis/5323-Bischoff-Ave-63110/home/93726845,486.4949672501592,1
https://www.redfin.com/MO/Saint-Louis/1524-McCausland-Ave-63117/home/93740584,473.20035345762443,1
https://www.redfin.com/MO/Saint-Louis/3434-Humphrey-St-63118/home/93683397,445.27701487949014,1
https://www.redfin.com/MO/Saint-Louis/5622-Murdoch-Ave-63109/home/93753508,723.8316021774624,1
https://www.redfin.com/MO/Saint-Louis/1404-Monroe-St-63106/home/93685866,828.3646135083007,2
https://www.redfin.com/MO/Saint-Louis/2633-Allen-Ave-63104/home/93690348,254.83824701990818,5
https://www.redfin.com/MO/St-Louis/1926-Allen-Ave-63104/home/201509855,206.83143667774584,5
https://www.redfin.com/MO/Saint-Louis/1916-S-12th-St-63104/home/93685699,834.6452748107871,3
https://www.redfin.com/MO/Saint-Louis/4213-Washington-Blvd-63108/home/93719932,608.6410008689219,7
https://www.redfin.com/MO/Saint-Louis/2432-McNair-Ave-63104/home/93691374,663.4373114563084,5
https://www.redfin.com/MO/Saint-Louis/5911-Pershing-Ave-63112/home/93762461,511.7272432267318,2
https://www.redfin.com/MO/Saint-Louis/3305-Pestalozzi-St-63118/home/62720084,608.5170068966746,2
https://www.redfin.com/MO/Saint-Louis/1623-Forest-Ave-63139/home/93674027,215.4038241557778,1
https://www.redfin.com/MO/Saint-Louis/2869-Missouri-Ave-63118/home/93671848,738.695437822615,1
https://www.redfin.com/MO/Saint-Louis/3417-Humphrey-St-63118/home/62717086,356.3292835194167,1
https://www.redfin.com/MO/Saint-Louis/1941-Congress-St-63118/home/93785616,1014.8577274130386,0
https://www.redfin.com/MO/Saint-Louis/4273-Juniata-St-63116/home/93750032,589.8931668790173,2
https://www.redfin.com/MO/Saint-Louis/2827-Oregon-Ave-63118/home/193545590,433.0122724219087,3
https://www.redfin.com/MO/Saint-Louis/7071-Mardel-Ave-63109/home/93747903,1505.6310711106091,0
https://www.redfin.com/MO/Saint-Louis/5938-Clemens-Ave-63112/home/93739287,573.4099916171286,5
https://www.redfin.com/MO/Saint-Louis/4038-Juniata-St-63116/home/93730004,75.5851635035443,2
https://www.redfin.com/MO/Saint-Louis/7032-Lansdowne-Ave-63109/home/93774136,1138.7242407611034,0
https://www.redfin.com/MO/Saint-Louis/4008-Botanical-Ave-63110/home/109007321,543.9608439628095,4
https://www.redfin.com/MO/Saint-Louis/2843-January-Ave-63139/home/62724656,751.7793166859797,3
https://www.redfin.com/MO/Saint-Louis/5800-Pershing-Ave-63112/home/93762442,646.4391018515247,3
https://www.redfin.com/MO/Saint-Louis/3006-Virginia-Ave-63118/home/93692637,409.79121084838334,2
https://www.redfin.com/MO/Saint-Louis/3423-Giles-Ave-63116/home/93730339,1175.4810140672575,0
https://www.redfin.com/MO/Saint-Louis/2316-S-9th-St-63104/home/93686366,412.95133597611635,1
https://www.redfin.com/MO/Saint-Louis/4349-Gibson-Ave-63110/home/93751305,564.7573265162254,4
https://www.redfin.com/MO/Saint-Louis/5621-Pernod-Ave-63139/home/63125819,850.8482228708236,1
https://www.redfin.com/MO/St-Louis/6413-6415-Bradley-Ave-63139/home/202233805,934.0672541516051,1
https://www.redfin.com/MO/Saint-Louis/3433-Texas-Ave-63118/home/179021915,675.0545113835145,2
https://www.redfin.com/MO/Saint-Louis/4249-Arco-Ave-63110/home/93750950,443.098028140332,4
https://www.redfin.com/MO/Saint-Louis/7038-Pernod-Ave-63139/home/93747939,1355.7339961255545,0
https://www.redfin.com/MO/Saint-Louis/4062-Arsenal-St-63116/home/93786324,229.56372507546027,3
https://www.redfin.com/MO/Saint-Louis/4444-Arco-Ave-63110/home/93751242,493.9425302907261,5
https://www.redfin.com/MO/Saint-Louis/4939-Lisette-Ave-63109/home/93742177,534.0773667732639,1
https://www.redfin.com/MO/Saint-Louis/2010-Blendon-Pl-63143/home/93744131,555.5968873549817,1
https://www.redfin.com/MO/Saint-Louis/2414-S-11th-St-63104/home/93686734,416.5811464486034,1
https://www.redfin.com/MO/Saint-Louis/1829-Oregon-Ave-63104/home/93690103,461.41902496160816,3
https://www.redfin.com/MO/Saint-Louis/4935-Cote-Brilliante-Ave-63113/home/93737212,257.5219237822784,1
https://www.redfin.com/MO/Saint-Louis/4142-Cleveland-Ave-63110/home/93746488,497.1369136053181,4
https://www.redfin.com/MO/Saint-Louis/6125-Marwinette-Ave-63116/home/62744072,204.3370622811933,1
https://www.redfin.com/MO/Saint-Louis/4557-Arco-Ave-63110/home/93749289,354.5763862673549,5
https://www.redfin.com/MO/Saint-Louis/2739-Utah-St-63118/home/93693788,1076.243792704532,0
https://www.redfin.com/MO/Saint-Louis/3307-Wisconsin-Ave-63118/home/62747963,973.8594414524619,1
https://www.redfin.com/MO/Saint-Louis/3467-Giles-Ave-63116/home/93730302,1287.8671276337943,0
https://www.redfin.com/MO/Saint-Louis/5239-Oleatha-Ave-63139/home/62721572,395.1565488948321,3
https://www.redfin.com/MO/Saint-Louis/7119-Trainor-Pl-63116/home/93679204,620.9822510150204,2
https://www.redfin.com/MO/Saint-Louis/6059-Clemens-Ave-63112/home/91490586,317.28449928241037,4
https://www.redfin.com/MO/Saint-Louis/5972-Cates-Ave-63112/home/71335714,510.98349104567404,5
https://www.redfin.com/MO/Saint-Louis/6523-Odell-St-63139/home/93743840,999.860461922308,1
https://www.redfin.com/MO/Saint-Louis/5588-Bartmer-Ave-63112/home/93722455,329.7625026282321,3
https://www.redfin.com/MO/Saint-Louis/6533-Tholozan-Ave-63109/home/93774987,196.2479256355091,2
https://www.redfin.com/MO/St-Louis/4253-Washington-Ave-63108/unit-D/home/190928999,614.7936208109521,7
https://www.redfin.com/MO/Saint-Louis/3302-Ohio-Ave-63118/home/93694284,1034.0647435761834,0
https://www.redfin.com/MO/Saint-Louis/3332-Wisconsin-Ave-63118/home/173618772,906.9059456795848,1
https://www.redfin.com/MO/Saint-Louis/6014-Potomac-St-63139/home/93775389,337.6892248265776,2
https://www.redfin.com/MO/Saint-Louis/2318-Louisiana-Ave-63104/home/104434520,92.26055755165666,2
https://www.redfin.com/MO/Saint-Louis/5665-Oleatha-Ave-63139/home/93780690,718.5492803989354,1
https://www.redfin.com/MO/Saint-Louis/2143-Hickory-St-63104/home/62696165,927.228545143204,2
https://www.redfin.com/MO/Saint-Louis/1810-Utah-St-63118/home/93694151,1159.4760303635185,0
https://www.redfin.com/MO/Saint-Louis/1901-Allen-Ave-63104/home/93690378,312.35644975728724,5
https://www.redfin.com/MO/Saint-Louis/5230-Bancroft-Ave-63109/home/93752671,289.0700160807221,1
https://www.redfin.com/MO/Saint-Louis/1500-E-Linton-Ave-63107/home/93713259,225.00700174829032,2
https://www.redfin.com/MO/Saint-Louis/5622-Pernod-Ave-63139/home/93781950,844.6113100821476,1
https://www.redfin.com/MO/Saint-Louis/4465-Greer-Ave-63115/home/93715389,585.1757100720997,2
https://www.redfin.com/MO/Saint-Louis/3503-Wisconsin-Ave-63118/home/93694499,525.424590788535,2
https://www.redfin.com/MO/Saint-Louis/1323-Shenandoah-Ave-63104/home/62714065,687.0134249164554,4
https://www.redfin.com/MO/Saint-Louis/1924-Withnell-Ave-63118/home/62722013,1161.1723525017048,0
https://www.redfin.com/MO/Saint-Louis/3445-Michigan-Ave-63118/home/184672079,770.0221577403992,2
https://www.redfin.com/MO/Saint-Louis/5449-Mardel-Ave-63109/home/93782003,783.6664309989006,1
https://www.redfin.com/MO/Saint-Louis/2248-Jules-St-63104/home/62735438,307.82772827287295,5
https://www.redfin.com/MO/Saint-Louis/5810-S-Kingshighway-Blvd-63109/home/63691768,825.8782725493832,1
https://www.redfin.com/MO/Saint-Louis/5477-Loughborough-Ave-63109/home/93774312,593.9674313735221,2
https://www.redfin.com/MO/Saint-Louis/3725-N-20th-St-63107/home/93671267,419.1801400160435,2
https://www.redfin.com/MO/Saint-Louis/7016-Michigan-Ave-63111/home/143285890,237.49585572819578,1
https://www.redfin.com/MO/Saint-Louis/1725-Oregon-Pl-63104/home/93690072,356.44398388676666,2
https://www.redfin.com/MO/Saint-Louis/4361-Enright-Ave-63108/home/93739837,534.6487364605531,3
https://www.redfin.com/MO/Saint-Louis/2758-Rutger-St-63104/home/93697600,523.080564632832,2
https://www.redfin.com/MO/Saint-Louis/5363-Reber-Pl-63139/home/93727529,440.9631719840956,4
https://www.redfin.com/MO/Saint-Louis/5530-Magnolia-Ave-63139/home/93727165,592.3531858214452,3
https://www.redfin.com/MO/Saint-Louis/1464-Sproule-Ave-63139/home/93778573,423.5352651541394,2
https://www.redfin.com/MO/Saint-Louis/3509-Park-Ave-63104/home/93689866,294.9480682106909,4
https://www.redfin.com/MO/Saint-Louis/20-Lawn-Pl-63110/home/93765850,371.6948383822214,3
https://www.redfin.com/MO/Saint-Louis/4253-Swan-Ave-63110/home/67379319,233.27525702485414,5
https://www.redfin.com/MO/Saint-Louis/1544-Saint-Vincent-Ct-63104/home/93700600,124.69920082717879,3
https://www.redfin.com/MO/Saint-Louis/6816-Wise-Ave-63139/home/93765619,285.0301830681216,1
https://www.redfin.com/MO/Saint-Louis/4058-Botanical-Ave-63110/home/76771316,580.471578831313,4
https://www.redfin.com/MO/Saint-Louis/2925-Macklind-Ave-63139/home/93727350,659.6039617039055,4
https://www.redfin.com/MO/Saint-Louis/3516-Illinois-Ave-63118/home/109007317,441.10213142781424,2
https://www.redfin.com/MO/Saint-Louis/4100-Potomac-St-63116/home/93728788,708.7782065774946,1
https://www.redfin.com/MO/Saint-Louis/905-Russell-Blvd-63104/home/93686208,813.4779438840889,1
https://www.redfin.com/MO/Saint-Louis/3706-Iowa-Ave-63118/home/93696181,479.8197437774903,3
https://www.redfin.com/MO/Saint-Louis/7153-Whaley-Pl-63116/home/93785432,215.03467323375972,2
https://www.redfin.com/MO/Saint-Louis/4120-Loughborough-Ave-63116/home/93772837,333.26570481196455,3
https://www.redfin.com/MO/Saint-Louis/1911-Lynch-St-63118/home/93697264,1036.6942697053883,0
https://www.redfin.com/MO/Saint-Louis/2830-Hampton-Ave-63139/home/69131459,448.41876994373115,2
https://www.redfin.com/MO/Saint-Louis/5439-Vernon-Ave-63112/home/93786376,410.08583109839236,4
https://www.redfin.com/MO/Saint-Louis/3878-Marine-Ave-63118/home/93697250,386.27072476017474,3
https://www.redfin.com/MO/Saint-Louis/7146-Mardel-Ave-63109/home/93747995,1843.1747614976152,0
https://www.redfin.com/MO/Saint-Louis/5238-Botanical-Ave-63110/home/93727570,226.47623730231143,2
https://www.redfin.com/MO/Saint-Louis/3024-Caroline-St-63104/home/93672743,340.9579634292006,2
https://www.redfin.com/MO/Saint-Louis/5829-Bartmer-Ave-63112/home/93680377,324.3501378627678,2
https://www.redfin.com/MO/Saint-Louis/2320-S-9th-St-63104/home/92954023,392.45730484559795,1
https://www.redfin.com/MO/Saint-Louis/6217-Marmaduke-Ave-63139/home/93754701,364.5526579598479,2
https://www.redfin.com/MO/Saint-Louis/4729-Adkins-Ave-63116/home/93758982,316.9126722423837,1
https://www.redfin.com/MO/Saint-Louis/3337-Michigan-Ave-63118/home/93693546,648.2571598571752,1
https://www.redfin.com/MO/Saint-Louis/4014-Miami-St-63116/home/93728662,1016.7889059456043,0
https://www.redfin.com/MO/Saint-Louis/6557-Odell-St-63139/home/93743819,1129.1382772839866,0
https://www.redfin.com/MO/Saint-Louis/3112-Wyoming-St-63118/home/93693478,383.0246462191324,1
https://www.redfin.com/MO/Saint-Louis/4963-Sutherland-Ave-63109/home/89324264,615.9219468470432,1
https://www.redfin.com/MO/Saint-Louis/3223-Utah-St-63118/home/104237048,426.16695100993246,1
https://www.redfin.com/MO/Saint-Louis/6531-Bancroft-Ave-63109/home/93775558,760.8433688721178,2
https://www.redfin.com/MO/Saint-Louis/3324-Louisiana-Ave-63118/home/93693130,619.637894856319,1
https://www.redfin.com/MO/Saint-Louis/Undisclosed-address-63106/home/169424163,896.4903914538962,4
https://www.redfin.com/MO/Saint-Louis/3325-Minnesota-Ave-63118/home/93693448,658.546425242269,1
https://www.redfin.com/MO/Saint-Louis/5414-Lindenwood-Ave-63109/home/93782848,574.5294059869619,1
https://www.redfin.com/MO/Saint-Louis/7321-Coronado-Ave-63116/home/93785043,541.7595868988709,2
https://www.redfin.com/MO/Saint-Louis/4948-Neosho-St-63109/home/62764377,813.5482063140906,1
https://www.redfin.com/MO/Saint-Louis/5325-Quincy-St-63109/home/93771490,825.9336397329193,2
https://www.redfin.com/MO/Saint-Louis/5008-Sutherland-Ave-63109/home/93752833,543.4050341426776,1
https://www.redfin.com/MO/Saint-Louis/4844-Sigel-Ave-63116/home/93763288,1035.3827240497722,0
https://www.redfin.com/MO/Saint-Louis/4224-California-Ave-63111/home/93705491,180.86827143682285,4
https://www.redfin.com/MO/Saint-Louis/5507-Vermont-Ave-63111/home/93708496,238.06742776390544,1
https://www.redfin.com/MO/Saint-Louis/3911-Sullivan-Ave-63107/home/93753728,346.10201500696394,2
https://www.redfin.com/MO/Saint-Louis/6019-Hartford-St-63139/home/93775873,600.0286660420796,2
https://www.redfin.com/MO/Saint-Louis/3832-Iowa-Ave-63118/home/93696263,563.7055358634161,5
https://www.redfin.com/MO/Saint-Louis/5477-Oleatha-Ave-63139/home/93780849,878.2582547350219,2
https://www.redfin.com/MO/Saint-Louis/4936-Delor-St-63109/home/69445400,1001.747980836032,0
https://www.redfin.com/MO/Saint-Louis/3440-Potomac-St-63118/home/93695417,1040.9740749992368,0
https://www.redfin.com/MO/Saint-Louis/4337-Loughborough-Ave-63116/home/93771767,341.41499442314876,3
https://www.redfin.com/MO/Saint-Louis/5341-Neosho-St-63109/home/93755145,546.6770266688278,1
https://www.redfin.com/MO/Saint-Louis/3759-Kosciusko-St-63118/home/93697209,86.2322205152003,2
https://www.redfin.com/MO/Saint-Louis/5444-Sunshine-Dr-63109/home/93775861,1018.9157068542146,0
https://www.redfin.com/MO/Saint-Louis/5453-Nottingham-Ave-63109/home/93753441,513.1429864222505,1
https://www.redfin.com/MO/Saint-Louis/6916-Hampton-Ave-63109/home/93758074,660.9842702880169,1
https://www.redfin.com/MO/Saint-Louis/5612-Arthur-Ave-63139/home/93743063,764.3288087673426,3
https://www.redfin.com/MO/Saint-Louis/4739-Hummel-Ave-63116/home/93763387,1185.4795525012019,0
https://www.redfin.com/MO/Saint-Louis/5186-Vernon-Ave-63113/home/93752405,605.8174448923587,1
https://www.redfin.com/MO/Saint-Louis/5946-Julian-Ave-63112/home/109924547,996.9950761485715,1
https://www.redfin.com/MO/Saint-Louis/3662-Minnesota-Ave-63118/home/93695976,200.04189033471948,1
https://www.redfin.com/MO/Saint-Louis/1907-Lynch-St-63118/home/93671871,1018.3833426534095,0
https://www.redfin.com/MO/Saint-Louis/5218-Lisette-Ave-63109/home/62693805,521.7382732977513,1
https://www.redfin.com/MO/Saint-Louis/4259-W-Cote-Brilliante-Ave-63113/home/62759429,421.4979456576195,2
https://www.redfin.com/MO/Saint-Louis/4405-Alaska-Ave-63111/home/62743886,455.44972455006916,2
https://www.redfin.com/MO/Saint-Louis/5453-Robert-Ave-63109/home/93775968,878.9814941549204,1
https://www.redfin.com/MO/Saint-Louis/4319-Eichelberger-St-63116/home/93757142,260.89575528726095,1
https://www.redfin.com/MO/Saint-Louis/3523-Pennsylvania-Ave-63118/home/87395007,519.9333132263286,1
https://www.redfin.com/MO/St-Louis/3708-Bamberger-Ave-63116/home/193769352,1646.2947871944516,0
https://www.redfin.com/MO/Saint-Louis/3340-Bendick-Ave-63139/home/62755741,597.7034181941248,1
https://www.redfin.com/MO/Saint-Louis/5411-Tennessee-Ave-63111/home/93708247,618.4370479367101,2
https://www.redfin.com/MO/Saint-Louis/2214-McCausland-Ave-63143/home/93741105,735.6916789160232,1
https://www.redfin.com/MO/Saint-Louis/5300-Chippewa-St-63109/home/93781862,441.5807313119595,1
https://www.redfin.com/MO/Saint-Louis/3414-Cherokee-St-63118/home/62734586,760.4307947302235,1
https://www.redfin.com/MO/Saint-Louis/4401-Wilcox-Ave-63116/home/93764968,464.6448819632929,1
https://www.redfin.com/MO/Saint-Louis/4139-Tholozan-Ave-63116/home/93728549,851.3507252538795,1
https://www.redfin.com/MO/Saint-Louis/5608-S-Kingshighway-Blvd-63109/home/64095996,978.3431093086112,1
https://www.redfin.com/MO/Saint-Louis/2015-Schaeffer-Pl-63139/home/93741323,512.1375446180077,1
https://www.redfin.com/MO/Saint-Louis/3999-Dover-Pl-63116/home/93774790,606.8301390881079,1
https://www.redfin.com/MO/Saint-Louis/4117-Louis-St-63116/home/93784352,599.511009362903,2
https://www.redfin.com/MO/Saint-Louis/4348-Schirmer-St-63116/home/93783610,748.9268321527675,2
https://www.redfin.com/MO/Saint-Louis/4059-Phillips-Ave-63116/home/93748976,886.3605504215868,1
https://www.redfin.com/MO/Saint-Louis/6109-Newport-Ave-63116/home/93776760,255.138744663644,1
https://www.redfin.com/MO/Saint-Louis/4418-Louisiana-Ave-63111/home/93706038,520.8703705581635,2
https://www.redfin.com/MO/Saint-Louis/2913-Gasconade-St-63118/home/93704871,253.98843119375954,5
https://www.redfin.com/MO/Saint-Louis/5120-Wicklow-Pl-63111/home/93707651,829.1860895592228,1
https://www.redfin.com/MO/Saint-Louis/6736-Wise-Ave-63139/home/93765724,265.0839427225824,1
https://www.redfin.com/MO/Saint-Louis/4550-Enright-Ave-63108/home/93720014,480.5320851494187,4
https://www.redfin.com/MO/Saint-Louis/5933-Arsenal-St-63139/home/93768701,534.698391089742,2
https://www.redfin.com/MO/Saint-Louis/6300-Potomac-St-63139/home/62699120,465.6553034727978,2
https://www.redfin.com/MO/Saint-Louis/3702-Garnier-St-63116/home/93747398,489.6776061470467,1
https://www.redfin.com/MO/Saint-Louis/2720-McNair-Ave-63118/home/93697739,786.8041539942245,2
https://www.redfin.com/MO/Saint-Louis/5342-Loughborough-Ave-63109/home/62692085,853.6136004975614,2
https://www.redfin.com/MO/Saint-Louis/3667-Steins-St-63116/home/93757111,1309.4538139652702,0
https://www.redfin.com/MO/Saint-Louis/2700-Arsenal-St-63118/home/93697155,746.1857866898287,1
https://www.redfin.com/MO/Saint-Louis/6301-Marquette-Ave-63139/home/93749021,599.7266345043862,2
https://www.redfin.com/MO/Saint-Louis/7316-Sharp-Ave-63116/home/93785055,399.45231210598615,2
https://www.redfin.com/MO/Saint-Louis/5418-Virginia-Ave-63111/home/93708154,479.4315389839863,1
https://www.redfin.com/MO/Saint-Louis/3524-Grace-Ave-63116/home/93695414,1281.0605506999218,0
https://www.redfin.com/MO/Saint-Louis/3930-Pennsylvania-Ave-63118/home/93704421,551.8832993510385,5
https://www.redfin.com/MO/Saint-Louis/4120-Nebraska-Ave-63118/home/93705202,159.04407574347968,4
https://www.redfin.com/MO/Saint-Louis/4724-Hummel-Ave-63116/home/93758065,1121.6550819804131,0
https://www.redfin.com/MO/St-Louis/4122-Nebraska-Ave-63118/home/202385139,151.97283937363176,4
https://www.redfin.com/MO/Saint-Louis/612-Holly-Hills-Ave-63111/home/93709701,749.0970545833778,1
https://www.redfin.com/MO/Saint-Louis/6559-Marmaduke-Ave-63139/home/93743876,1112.3343346402544,0
https://www.redfin.com/MO/Saint-Louis/4233-Delor-St-63116/home/93759008,224.3459288307757,1
https://www.redfin.com/MO/Saint-Louis/7137-Marwinette-Ave-63116/home/62734965,407.9471728211936,2
https://www.redfin.com/MO/Saint-Louis/3450-Minnesota-Ave-63118/home/93694821,684.435709856778,1
https://www.redfin.com/MO/Saint-Louis/3533-Illinois-Ave-63118/home/93694536,356.5502294766464,2
https://www.redfin.com/MO/Saint-Louis/4052-Nebraska-Ave-63118/home/93704879,282.1121719276735,5
https://www.redfin.com/MO/Saint-Louis/6033-Carlsbad-Ave-63116/home/93772781,994.0013479435368,1
https://www.redfin.com/MO/Saint-Louis/4601-Ray-Ave-63116/home/93757345,752.8039425459465,1
https://www.redfin.com/MO/Saint-Louis/1802-Switzer-Ave-63147/home/93781515,773.8692890963231,1
https://www.redfin.com/MO/Saint-Louis/7857-Wanda-Ave-63123/home/93784474,1212.9716656321623,0
https://www.redfin.com/MO/Saint-Louis/4434-Enright-Ave-63108/home/93739815,471.75032155992767,5
https://www.redfin.com/MO/Saint-Louis/5827-W-Park-Ave-63110/home/93769204,782.609517386848,3
https://www.redfin.com/MO/Saint-Louis/4049-Cottage-Ave-63113/home/143286700,779.9238962918619,3
https://www.redfin.com/MO/Saint-Louis/5366-Southwest-Ave-63139/home/93727390,192.870827598858,2
https://www.redfin.com/MO/Saint-Louis/1440-Central-Ave-63139/home/93740644,492.98086265412945,2
https://www.redfin.com/MO/Saint-Louis/7328-Parkwood-Dr-63116/home/93783715,500.82970521234176,2
https://www.redfin.com/MO/Saint-Louis/6300-Fyler-Ave-63139/home/93743111,827.0976912399792,2
https://www.redfin.com/MO/Saint-Louis/2303-Arsenal-St-63118/home/93699058,858.838183337798,1
https://www.redfin.com/MO/Saint-Louis/4177-Itaska-St-63116/home/93757084,415.65890013614404,2
https://www.redfin.com/MO/Saint-Louis/4228-Schiller-Pl-63116/home/67986625,346.91408782136244,1
https://www.redfin.com/MO/Saint-Louis/6717-Minnesota-Ave-63111/home/93710454,456.20469852274886,1
https://www.redfin.com/MO/Saint-Louis/5132-Dresden-Ave-63116/home/93763928,876.933429223118,1
https://www.redfin.com/MO/Saint-Louis/4629-Alaska-Ave-63111/home/93706713,769.4052178123083,2
https://www.redfin.com/MO/Saint-Louis/6228-Fyler-Ave-63139/home/93743109,839.0406492670604,2
https://www.redfin.com/MO/St-Louis/3831-S-Grand-Blvd-63118/home/176874415,1213.6600476455244,0
https://www.redfin.com/MO/Saint-Louis/3820-Iowa-Ave-63118/home/93696268,537.326713863474,4
https://www.redfin.com/MO/Saint-Louis/3825-Missouri-Ave-63118/home/93696784,434.8256171224951,3
https://www.redfin.com/MO/Saint-Louis/4916-Blow-St-63109/home/93758301,616.4840990680423,1
https://www.redfin.com/MO/St-Louis/2311-Rutger-St-63104/unit-C/home/191941959,850.983411446067,2
https://www.redfin.com/MO/Saint-Louis/7342-Vermont-Ave-63111/home/93710767,560.0842404495179,1
https://www.redfin.com/MO/Saint-Louis/7507-Virginia-Ave-63111/home/93710942,744.1695103855279,1
https://www.redfin.com/MO/Saint-Louis/5018-Leona-St-63116/home/93777294,798.1762484770721,2
https://www.redfin.com/MO/Saint-Louis/4500-Miami-St-63116/home/93756217,898.8013343667619,1
https://www.redfin.com/MO/Saint-Louis/3943-Ohio-Ave-63118/home/62736783,280.082559037161,5
https://www.redfin.com/MO/Saint-Louis/940-Maple-Pl-63112/home/93723863,622.3103210523955,3
https://www.redfin.com/MO/Saint-Louis/6011-Michigan-Ave-63111/home/93709031,727.9858891816816,1
https://www.redfin.com/MO/Saint-Louis/4827-Miami-St-63116/home/93756229,840.0689737398851,1
https://www.redfin.com/MO/Saint-Louis/2335-Louisiana-Ave-63104/home/67655211,77.89136366680718,2
https://www.redfin.com/MO/Saint-Louis/4725-Terrace-Ave-63116/home/93758042,1103.8157149149124,0
https://www.redfin.com/MO/Saint-Louis/6452-Southwest-Ave-63139/home/62716251,850.2002288771785,2
https://www.redfin.com/MO/Saint-Louis/4140-Tesson-St-63123/home/93784152,1049.0265405130122,0
https://www.redfin.com/MO/Saint-Louis/4342-Frieda-Ave-63116/home/93757236,424.33977066826344,1
https://www.redfin.com/MO/Saint-Louis/2630-Geyer-Ave-63104/home/93690340,311.1882909189112,6
https://www.redfin.com/MO/Saint-Louis/8321-Minnesota-Ave-63111/home/93711868,1898.9012841030985,0
https://www.redfin.com/MO/Saint-Louis/4128-Michigan-Ave-63118/home/93705171,306.5933711934605,3
https://www.redfin.com/MO/Saint-Louis/1211-Clara-Ave-63112/home/93722542,491.65023801970665,3
https://www.redfin.com/MO/Saint-Louis/5462-Christy-Ave-63116/home/93757910,992.4300699450645,1
https://www.redfin.com/MO/Saint-Louis/4147-Beethoven-Ave-63116/home/93758119,329.7930994457012,1
https://www.redfin.com/MO/Saint-Louis/4651-Tennessee-Ave-63111/home/64459744,482.61107343694744,1
https://www.redfin.com/MO/Saint-Louis/3471-Morganford-Rd-63116/home/93774387,915.4118135654762,2
https://www.redfin.com/MO/Saint-Louis/7101-Virginia-Ave-63111/home/93710438,139.73716859595498,1
https://www.redfin.com/MO/Saint-Louis/3616-Louisiana-Ave-63118/home/91489867,737.5167363410872,1
https://www.redfin.com/MO/Saint-Louis/6027-Etzel-Ave-63112/home/93723128,901.6087921592563,1
https://www.redfin.com/MO/Saint-Louis/6437-Colletta-Dr-63139/home/93784611,975.5909081653316,2
https://www.redfin.com/MO/Saint-Louis/5343-Conde-St-63107/home/93713437,431.0382078858777,2
https://www.redfin.com/MO/Saint-Louis/5649-Roosevelt-Pl-63120/home/93755010,538.4122181053258,1
https://www.redfin.com/MO/Saint-Louis/2518-Whittier-St-63113/home/93717082,442.4302267732689,1
https://www.redfin.com/MO/Saint-Louis/5204-Saint-Louis-Ave-63115/home/67369281,566.6300459410511,2
https://www.redfin.com/MO/Saint-Louis/5275-Alcott-Ave-63120/home/93765029,99.75220660270621,3
https://www.redfin.com/MO/Saint-Louis/4130-Oregon-Ave-63118/home/93705090,177.78770636769266,4
https://www.redfin.com/MO/Saint-Louis/5530-Partridge-Ave-63120/home/93751796,936.8929111515415,1
https://www.redfin.com/MO/Saint-Louis/357-Adrian-Dr-63137/home/93394124,4620.379005434929,0
https://www.redfin.com/MO/Saint-Louis/3901-Sherman-Pl-63107/home/62725207,858.8460706411335,2
https://www.redfin.com/MO/Saint-Louis/5338-Wabada-Ave-63112/home/93738689,932.5779688757207,1
https://www.redfin.com/MO/Saint-Louis/4936-Harney-Ave-63115/home/93756145,1321.586504235585,0
https://www.redfin.com/MO/Saint-Louis/5636-Acme-Ave-63136/home/93761373,661.8586323395707,1
https://www.redfin.com/MO/Saint-Louis/4808-Cupples-Pl-63113/home/93736337,750.4458604190836,3
https://www.redfin.com/MO/Saint-Louis/4224-N-Florissant-Ave-63107/home/93703140,921.6146766950176,1
https://www.redfin.com/MO/Saint-Louis/3981-Schiller-Pl-63116/home/93770282,879.2557422011153,1
https://www.redfin.com/MO/Saint-Louis/4314-Penrose-St-63115/home/93714837,291.7617694095543,2
https://www.redfin.com/MO/Saint-Louis/210-N-17th-St-63103/unit-1409/home/93680867,283.9478718743011,3
https://www.redfin.com/MO/Saint-Louis/5918-Dressell-Ave-63120/home/93768511,1806.6218736397327,0
https://www.redfin.com/MO/Saint-Louis/3850-Kennerly-Ave-63113/home/93716085,561.8709482110777,3
https://www.redfin.com/MO/Saint-Louis/4426-Carter-Ave-63115/home/93734211,501.13874412122914,2
https://www.redfin.com/MO/Saint-Louis/6000-Thekla-Ave-63136/home/93759084,1134.3531028271348,0
https://www.redfin.com/MO/Saint-Louis/5119-Terry-Ave-63115/home/64451660,546.3465084656627,3
https://www.redfin.com/MO/Saint-Louis/5929-Lucille-Ave-63136/home/93758811,1004.0496507687207,0
https://www.redfin.com/MO/Saint-Louis/5345-N-Kingshighway-Blvd-63115/home/93752050,1094.5429010678258,0
https://www.redfin.com/MO/Saint-Louis/4778-Highland-Ave-63113/home/93736696,784.5348194850044,3
https://www.redfin.com/MO/Saint-Louis/5420-Queens-Ave-63115/home/93752006,972.6088471883057,1
https://www.redfin.com/MO/Saint-Louis/7719-Minnesota-Ave-63111/home/93711110,1092.6570997867518,0
https://www.redfin.com/MO/Saint-Louis/3753-Marine-Ave-63118/home/93697380,79.96008338073649,2
https://www.redfin.com/MO/Saint-Louis/4409-Virginia-Ave-63111/home/93705955,463.1412610196984,2
https://www.redfin.com/MO/Saint-Louis/5628-Hiller-Pl-63136/home/93769961,480.4746589047353,1
https://www.redfin.com/MO/Saint-Louis/4210-E-Carter-Ave-63115/home/93714763,323.7738112783592,1
https://www.redfin.com/MO/Saint-Louis/4470-Bessie-Ave-63115/home/93734404,693.8448328733031,2
https://www.redfin.com/MO/Saint-Louis/5322-Michigan-Ave-63111/home/93708061,728.4838407953231,1
https://www.redfin.com/MO/Saint-Louis/889-Gustav-Ave-63147/home/62758221,1106.8534616946133,0
https://www.redfin.com/MO/Saint-Louis/5825-Romaine-Pl-63112/home/93722849,1085.928589149357,0
https://www.redfin.com/MO/Saint-Louis/4003-Lexington-Ave-63107/home/93753780,221.89570548003476,2
https://www.redfin.com/MO/Saint-Louis/4429-Pennsylvania-Ave-63111/home/93706050,617.2091670076419,3
https://www.redfin.com/MO/Saint-Louis/1005-Switzer-Ave-63147/home/93730648,2043.8057605089482,0
https://www.redfin.com/MO/Saint-Louis/3020-Mount-Pleasant-St-63111/home/93706798,951.3590793850686,1
https://www.redfin.com/MO/Saint-Louis/1219-Sullivan-Ave-63107/home/93688458,154.62358367599708,3
https://www.redfin.com/MO/Saint-Louis/5806-Woodland-Ave-63120/home/93759544,1057.3763060854308,0
https://www.redfin.com/MO/Saint-Louis/4724-Kossuth-Ave-63115/home/93733445,982.2075099820381,1
https://www.redfin.com/MO/Saint-Louis/4412-Clarence-Ave-63115/home/68482572,239.73436007109964,1
https://www.redfin.com/MO/Saint-Louis/5917-Harney-Ave-63136/home/93758957,807.6766405071054,1
https://www.redfin.com/MO/Saint-Louis/1727-N-Leffingwell-Ave-63106/home/93697705,487.3653448899018,3
https://www.redfin.com/MO/Saint-Louis/1040-Sells-Ave-63147/home/93731358,1299.1282911460746,0
https://www.redfin.com/MO/Saint-Louis/405-Christian-Ave-63147/home/88156373,2343.611673250859,0
https://www.redfin.com/MO/Saint-Louis/8455-Concord-Pl-63147/home/93766440,1370.1384370029757,0
https://www.redfin.com/MO/Saint-Louis/4028-Grove-St-63107/home/93698367,1177.9943840909891,0
https://www.redfin.com/MO/Saint-Louis/4204-N-Euclid-Ave-63115/home/93733369,489.31846471127756,1
https://www.redfin.com/MO/Saint-Louis/7118-Vermont-Ave-63111/home/93710413,213.6991976440106,1
https://www.redfin.com/MO/Saint-Louis/743-N-Euclid-Ave-63108/home/93720198,220.7265845179552,3
https://www.redfin.com/MO/Saint-Louis/1514-N-Leffingwell-Ave-63106/home/93697610,498.4570494968235,6
https://www.redfin.com/MO/Saint-Louis/4453-Athlone-Ave-63115/home/93714647,329.4899534675141,1
https://www.redfin.com/MO/Saint-Louis/8539-Robin-Ave-63147/home/93730809,1406.605895690975,0
https://www.redfin.com/MO/Saint-Louis/5901-McArthur-Ave-63120/home/93768494,1708.2363897170108,0
https://www.redfin.com/MO/Saint-Louis/4876-Calvin-Ave-63115/home/93733007,717.1266361860038,1
https://www.redfin.com/MO/Saint-Louis/4849-Anderson-Ave-63115/home/93732936,771.5478495071958,1
https://www.redfin.com/MO/Saint-Louis/8659-Oriole-Ave-63147/home/93731086,944.3180793152271,1
https://www.redfin.com/MO/Saint-Louis/1734-N-Euclid-Ave-63113/home/93737110,432.36345110043925,1
https://www.redfin.com/MO/Saint-Louis/887-Gustav-Ave-63147/home/93783315,1125.5217799922834,0
https://www.redfin.com/MO/Saint-Louis/1139-Canaan-Ave-63147/home/93760672,456.2785984690056,1
https://www.redfin.com/MO/Saint-Louis/3067-Marcus-Ave-63115/home/62705237,172.24413529320816,2
https://www.redfin.com/MO/Saint-Louis/882-Gustav-Ave-63147/home/93783363,1152.0129272761314,0
https://www.redfin.com/MO/Saint-Louis/863-Gustav-Ave-63147/home/93783338,1233.8821000723271,0
https://www.redfin.com/MO/Saint-Louis/886-Gustav-Ave-63147/home/93783362,1132.846209906161,0
https://www.redfin.com/MO/Saint-Louis/5960-Minerva-Ave-63112/home/93723243,1362.9196500299627,0
https://www.redfin.com/MO/Saint-Louis/4636-Saint-Ferdinand-Ave-63113/home/93736768,957.2222238759349,1
https://www.redfin.com/MO/Saint-Louis/3726-Oregon-Ave-63118/home/93696123,240.91535403785323,3
https://www.redfin.com/MO/Saint-Louis/753-Aubert-Ave-63108/home/62692051,367.20009367139073,2
https://www.redfin.com/MO/Saint-Louis/5414-S-Kingshighway-Blvd-63109/home/93759258,1264.1138286666794,0
https://www.redfin.com/MO/Saint-Louis/3726-Osceola-St-63116/home/93706486,753.4004747880988,2
https://www.redfin.com/MO/Saint-Louis/5516-Acme-Ave-63136/home/93761405,889.7397530721711,1
https://www.redfin.com/MO/Saint-Louis/1389-Hamilton-Ave-63112/home/93723355,1293.5648595049006,0
https://www.redfin.com/MO/Saint-Louis/3502-Cora-Ave-63115/home/93735719,244.24140955721535,2
https://www.redfin.com/MO/Saint-Louis/5475-Gilmore-Ave-63120/home/93752204,1073.1710594823546,0
https://www.redfin.com/MO/Saint-Louis/8447-Concord-Pl-63147/home/93766442,1399.0410351505363,0
https://www.redfin.com/MO/Saint-Louis/7819-Vermont-Ave-63111/home/93711268,1216.5223347322803,0
https://www.redfin.com/MO/Saint-Louis/4538-San-Francisco-Ave-63115/home/93733765,492.2868531541026,2
https://www.redfin.com/MO/Saint-Louis/1761-Grape-Ave-63147/home/93778791,821.1104548825083,1
https://www.redfin.com/MO/Saint-Louis/3846-Virginia-Ave-63118/home/93695792,656.3381349995727,2
https://www.redfin.com/MO/Saint-Louis/8838-Park-Ln-63147/home/93778678,473.53186543760523,1
https://www.redfin.com/MO/Saint-Louis/5381-Queens-Ave-63115/home/93752085,910.3475037311212,2
https://www.redfin.com/MO/Saint-Louis/5977-Lalite-Ave-63136/home/93758705,1449.0002299861028,0
https://www.redfin.com/MO/Saint-Louis/3710-S-Broadway-63118/home/93696730,108.47173511527994,3
https://www.redfin.com/MO/Saint-Louis/4000-N-Grand-Blvd-63107/home/93698853,831.665709532009,1
https://www.redfin.com/MO/Saint-Louis/6343-Sherry-Ave-63136/home/93762085,1688.5049805803797,0
https://www.redfin.com/MO/Saint-Louis/4502-Harris-Ave-63115/home/93713905,531.7300430621326,1
https://www.redfin.com/MO/Saint-Louis/4615-Newport-Ave-63116/home/93757281,662.2693070118703,2
https://www.redfin.com/MO/Saint-Louis/4176-Newport-Ct-63116/home/93757068,528.6669838682449,2
https://www.redfin.com/MO/Saint-Louis/5994-Theodore-Ave-63136/home/93759063,1369.7158109795726,0
https://www.redfin.com/MO/Saint-Louis/5520-Louisiana-Ave-63111/home/93708521,370.31361039775925,1
https://www.redfin.com/MO/Saint-Louis/9006-Edna-St-63147/home/93760692,661.8173784382227,1
https://www.redfin.com/MO/Saint-Louis/3437-Keokuk-St-63118/home/93695281,950.5763038477827,1
https://www.redfin.com/MO/Saint-Louis/4431-Virginia-Ave-63111/home/93705930,536.8817432577997,2
https://www.redfin.com/MO/Saint-Louis/4222-Osceola-St-63116/home/93758162,151.34145846671709,1
https://www.redfin.com/MO/Saint-Louis/5344-Northland-Ave-63112/home/93738295,1034.4093664094091,0
https://www.redfin.com/MO/Saint-Louis/3307-Winnebago-St-63118/home/93695645,625.8265580092487,1
https://www.redfin.com/MO/Saint-Louis/3814-Greer-Ave-63107/home/93715934,505.0813265025643,3
https://www.redfin.com/MO/Saint-Louis/4502-Adelaide-Ave-63115/home/93713857,749.7029131172695,1
https://www.redfin.com/MO/Saint-Louis/4823-San-Francisco-Ave-63115/home/93732689,917.6856483298366,3
https://www.redfin.com/MO/Saint-Louis/5923-Mimika-Ave-63147/home/93768928,276.0035440402342,1
https://www.redfin.com/MO/Saint-Louis/8422-Pennsylvania-Ave-63111/home/169424599,2066.1070235015045,0
https://www.redfin.com/MO/Saint-Louis/4635-Oregon-Ave-63111/home/93706944,1207.2561228660384,0
https://www.redfin.com/MO/Saint-Louis/815-Portland-Ter-63147/home/93783297,1562.7590048019533,0
https://www.redfin.com/MO/Saint-Louis/858-Canaan-Ave-63147/home/93756093,1165.8856419136005,0
https://www.redfin.com/MO/Saint-Louis/9123-Church-Rd-63137/home/93783212,1185.3049215477486,0
https://www.redfin.com/MO/Saint-Louis/1215-Oakley-Pl-63112/home/93723252,856.6669603448014,1
https://www.redfin.com/MO/Saint-Louis/8937-Edna-St-63147/home/93731511,595.7118013596274,1
https://www.redfin.com/MO/Saint-Louis/5958-Park-Ln-63147/home/93770519,432.4186169327537,1
https://www.redfin.com/MO/Saint-Louis/854-Canaan-Ave-63147/home/93756094,1185.078395180041,0
https://www.redfin.com/MO/Saint-Louis/3719-Marine-Ave-63118/home/93697328,140.44798942499725,2
https://www.redfin.com/MO/Saint-Louis/6318-Lalite-Ave-63136/home/93762104,1568.574846005535,0
https://www.redfin.com/MO/Saint-Louis/6429-Idaho-Ave-63111/home/93709392,693.6366897729205,1
https://www.redfin.com/MO/Saint-Louis/5941-Park-Ln-63147/home/93770586,357.95747762839864,1
https://www.redfin.com/MO/Saint-Louis/2642-Geyer-Ave-63104/home/93690217,327.56016976436683,5
https://www.redfin.com/MO/Saint-Louis/4556-Elmbank-Ave-63115/home/93736010,241.8560989857178,2
https://www.redfin.com/MO/Saint-Louis/4534-Margaretta-Ave-63115/home/93734323,457.5776127329597,2
https://www.redfin.com/MO/Saint-Louis/7353-Virginia-Ave-63111/home/62715500,586.0703201476576,1
https://www.redfin.com/MO/Saint-Louis/4260-Bates-St-63116/home/93761870,617.2402681048333,2
https://www.redfin.com/MO/Saint-Louis/5718-Etzel-Ave-63112/home/93722423,389.6650200071974,3
https://www.redfin.com/MO/Saint-Louis/5636-Columbia-Ave-63139/home/93727248,670.9602647656055,3
https://www.redfin.com/MO/Saint-Louis/3123-Rutger-St-63104/home/93689899,245.36125471829544,3
https://www.redfin.com/MO/Saint-Louis/3719-Minnesota-Ave-63118/home/62699628,217.66639344681013,1
https://www.redfin.com/MO/Saint-Louis/5122-Aubert-Ave-63115/home/93765261,1154.7979912474548,0
https://www.redfin.com/MO/Saint-Louis/4807-Milentz-Ave-63116/home/93763328,699.6074808716139,1
https://www.redfin.com/MO/Saint-Louis/4463-Bessie-Ave-63115/home/93734479,633.7255594532868,2
https://www.redfin.com/MO/Saint-Louis/3412-Alberta-St-63118/home/93704824,834.7872760963046,3
https://www.redfin.com/MO/Saint-Louis/1823-Eton-Ln-63147/home/93781587,618.802915717006,1
https://www.redfin.com/MO/Saint-Louis/3904-Walsh-St-63116/home/93757690,816.3506011837161,1
https://www.redfin.com/MO/Saint-Louis/6016-Garesche-Ave-63136/home/93759096,1250.0373561852223,0
https://www.redfin.com/MO/Saint-Louis/837-Wall-St-63147/home/93755977,1263.6324271863887,0
https://www.redfin.com/MO/Saint-Louis/4429-Greer-Ave-63115/home/62714620,727.4125962492185,2
https://www.redfin.com/MO/Saint-Louis/2906-Park-Ave-63104/home/93700773,426.4000321538959,2
https://www.redfin.com/MO/Saint-Louis/3923-Gravois-Ave-63116/home/93749000,1327.7662786986816,0
https://www.redfin.com/MO/Saint-Louis/536-Eiler-St-63111/home/93708307,360.6370268515251,1
https://www.redfin.com/MO/Saint-Louis/4820-Potomac-St-63116/home/93756239,828.3979028830424,1
https://www.redfin.com/MO/Saint-Louis/2027-Destrehan-St-63107/home/93688764,481.72512076616266,4
https://www.redfin.com/MO/St-Louis/1412-Bremen-Ave-63107/home/196160641,137.2774944982555,2
https://www.redfin.com/MO/Saint-Louis/3930-Itaska-St-63116/home/62731693,786.0430130596774,1
https://www.redfin.com/MO/Saint-Louis/4834-Margaretta-Ave-63115/home/93732704,860.6232315868721,2
https://www.redfin.com/MO/Saint-Louis/2813-Meramec-St-63118/home/93705218,126.4572460137048,4
https://www.redfin.com/MO/Saint-Louis/5936-Pamplin-Ave-63147/home/93770558,317.08157786650446,1
https://www.redfin.com/MO/St-Louis/4713-4715-Natural-Bridge-Ave-63115/home/197635329,607.2395542578205,2
https://www.redfin.com/MO/Saint-Louis/3308-Miami-St-63118/home/93695710,710.1828854007682,1
https://www.redfin.com/MO/Saint-Louis/5518-Maffitt-Ave-63112/home/62728841,868.6936964307799,1
https://www.redfin.com/MO/Saint-Louis/1439-McLaran-Ave-63147/home/93779444,750.7654048414167,1
https://www.redfin.com/MO/Saint-Louis/3721-S-Compton-Ave-63118/home/93695800,473.05330794426317,1
https://www.redfin.com/MO/Saint-Louis/1403-Walton-Ave-63113/home/62721616,566.8279651209459,2
https://www.redfin.com/MO/Saint-Louis/3716-Minnesota-Ave-63118/home/93695953,168.56274384498505,1
https://www.redfin.com/MO/Saint-Louis/3712-Phillips-Pl-63116/home/93730201,1474.8631417550382,0
https://www.redfin.com/MO/Saint-Louis/4650-Michigan-Ave-63111/home/93706780,1095.1354880365645,0
https://www.redfin.com/MO/Saint-Louis/3814-Illinois-Ave-63118/home/93696832,350.9215000005468,3
https://www.redfin.com/MO/Saint-Louis/5218-Lotus-Ave-63113/home/93737974,516.6533428779567,1
https://www.redfin.com/MO/Saint-Louis/4649-Oregon-Ave-63111/home/93706946,1258.7310941514302,0
https://www.redfin.com/MO/Saint-Louis/5919-Summit-Pl-63147/home/93770535,365.9910426401944,1
https://www.redfin.com/MO/Saint-Louis/3926-Tholozan-Ave-63116/home/62728630,1263.9947511284863,0
https://www.redfin.com/MO/Saint-Louis/8636-Riverview-Blvd-63147/home/93730752,850.7398484083665,1
https://www.redfin.com/MO/Saint-Louis/8425-Halls-Ferry-Rd-63147/home/93731413,1426.9192877866737,0
https://www.redfin.com/MO/Saint-Louis/8516-Pennsylvania-Ave-63111/home/93711612,2173.3599509054056,0
https://www.redfin.com/MO/Saint-Louis/4544-Elmbank-Ave-63115/home/93736015,289.63589631876573,2
https://www.redfin.com/MO/Saint-Louis/5030-Grace-Ave-63116/home/93742544,370.03319612557385,1
https://www.redfin.com/MO/Saint-Louis/8644-Church-Rd-63147/home/93755735,1081.011573061464,0
https://www.redfin.com/MO/Saint-Louis/6204-Vermont-Ave-63111/home/93709642,767.247695996813,1
https://www.redfin.com/MO/Saint-Louis/4335-California-Ave-63111/home/62719559,468.72667838408177,4
https://www.redfin.com/MO/Saint-Louis/8622-Goodfellow-Blvd-63147/home/93731956,962.8813814136968,1
https://www.redfin.com/MO/Saint-Louis/3860-Neosho-St-63116/home/93730901,586.723714874298,1
https://www.redfin.com/MO/Saint-Louis/3342-Iowa-Ave-63118/home/93693855,957.4753225791759,1
https://www.redfin.com/MO/Saint-Louis/7915-S-Broadway-63111/home/93711225,1430.161787071595,0
https://www.redfin.com/MO/Saint-Louis/4925-Schollmeyer-Ave-63109/home/93764464,199.64602354226935,1
https://www.redfin.com/MO/Saint-Louis/3710-Bamberger-Ave-63116/home/93766213,1645.2102100384268,0
https://www.redfin.com/MO/Saint-Louis/3645-Dunnica-Ave-63116/home/93695571,1360.1734934776962,0
https://www.redfin.com/MO/Saint-Louis/5088-Minerva-Ave-63113/home/56546583,942.4268422479718,2
https://www.redfin.com/MO/Saint-Louis/3829-Primm-St-63123/home/93712258,1119.9860617645406,0
https://www.redfin.com/MO/Saint-Louis/4447-Gannett-St-63116/home/93763672,874.4580097687544,2
https://www.redfin.com/MO/Saint-Louis/1124-Blendon-Pl-63117/home/93740221,618.2081319897503,1
https://www.redfin.com/MO/Saint-Louis/2202-Osage-St-63118/home/93704987,380.1617993276443,4
https://www.redfin.com/MO/Saint-Louis/3708-Neosho-St-63116/home/62741894,278.69140574243846,1
https://www.redfin.com/MO/Saint-Louis/915-Bates-St-63111/home/62714322,289.29276581606666,1
https://www.redfin.com/MO/Saint-Louis/4140-Virginia-Ave-63118/home/93705277,269.33503590048576,3
https://www.redfin.com/MO/Saint-Louis/6728-Alabama-Ave-63111/home/93710020,265.8805838044766,1
https://www.redfin.com/MO/Saint-Louis/3745-Primm-St-63123/home/62765121,1223.3126703439625,0
https://www.redfin.com/MO/Saint-Louis/4404-Floriss-Pl-63115/home/93672078,745.9778810637334,1
https://www.redfin.com/MO/Saint-Louis/3019-Chippewa-St-63118/home/93680322,200.88749046106986,1
https://www.redfin.com/MO/Saint-Louis/4709-Lewis-Pl-63113/home/93739454,457.978090710713,4
https://www.redfin.com/MO/Saint-Louis/5331-Ridge-Ave-63112/home/93721149,619.4036050444494,1
https://www.redfin.com/MO/Saint-Louis/1434-Cutter-Ave-63139/home/93740657,544.9850301219542,2
https://www.redfin.com/MO/Saint-Louis/4707-Ray-Ave-63116/home/93768311,537.6421041454294,1
https://www.redfin.com/MO/Saint-Louis/1215-N-Euclid-Ave-63113/home/93720422,193.272689248594,2
https://www.redfin.com/MO/Saint-Louis/3517-Pennsylvania-Ave-63118/home/93694969,549.1740799380188,1
https://www.redfin.com/MO/Saint-Louis/4172-Concordia-Ave-63116/home/66745676,646.548138470902,2
https://www.redfin.com/MO/Saint-Louis/3455-Alberta-St-63118/home/93704771,952.969520799215,1
https://www.redfin.com/MO/Saint-Louis/4428-Dewey-Ave-63116/home/80170339,646.2613139290397,1
https://www.redfin.com/MO/Saint-Louis/2107-Stansbury-St-63118/home/93696772,228.0954327233077,3
https://www.redfin.com/MO/Saint-Louis/4816-Sacramento-Ave-63115/home/93766118,753.2599289657692,3
https://www.redfin.com/MO/Saint-Louis/4441-Minnesota-Ave-63111/home/93706133,584.7008405907462,3
https://www.redfin.com/MO/Saint-Louis/3169-Pennsylvania-Ave-63118/home/93693166,496.7489475979606,1
https://www.redfin.com/MO/Saint-Louis/3150-Mount-Pleasant-St-63111/home/62705042,898.8487794985128,1
https://www.redfin.com/MO/Saint-Louis/6025-W-Cabanne-Pl-63112/home/93728753,451.8558644210053,4
https://www.redfin.com/MO/Saint-Louis/2618-Missouri-Ave-63118/home/93697820,655.9119312117816,3
https://www.redfin.com/MO/Saint-Louis/7075-Lansdowne-Ave-63109/home/93774074,1334.3379957791128,0
https://www.redfin.com/MO/Saint-Louis/6540-McCune-Ave-63139/home/93743884,1060.8818680244492,0
https://www.redfin.com/MO/Saint-Louis/1871-Madison-St-63106/home/93701693,320.6301629436041,4
https://www.redfin.com/MO/Saint-Louis/3706-Taft-Ave-63116/home/93767622,432.1679058210845,1
https://www.redfin.com/MO/Saint-Louis/3521-Michigan-Ave-63118/home/93694997,631.6100999888189,1
https://www.redfin.com/MO/Saint-Louis/1424-Sulphur-Ave-63110/home/93726235,619.4036623016613,2
https://www.redfin.com/MO/Saint-Louis/5531-Maple-Ave-63112/home/93745118,167.2241259780263,3
https://www.redfin.com/MO/Saint-Louis/3841-California-Ave-63118/home/93696062,441.04347456220756,5
https://www.redfin.com/MO/Saint-Louis/3635-S-Spring-Ave-63116/home/93766356,1611.6465707455357,0
https://www.redfin.com/MO/Saint-Louis/4163-Walsh-St-63116/home/93767019,280.6369553008265,1
https://www.redfin.com/MO/Saint-Louis/3425-Alberta-St-63118/home/93704837,899.9083529987138,2
https://www.redfin.com/MO/Saint-Louis/4460-Itaska-St-63116/home/93764082,813.1772130612942,1
https://www.redfin.com/MO/Saint-Louis/4605-Ray-Ave-63116/home/66774137,735.3128642001421,1
https://www.redfin.com/MO/Saint-Louis/2164-Knox-Ave-63139/home/93761540,744.9020154298162,2
https://www.redfin.com/MO/Saint-Louis/4338-Humphrey-St-63116/home/93751336,715.3995437892112,1
https://www.redfin.com/MO/Saint-Louis/617-Loughborough-Ave-63111/home/93710520,195.25943866424464,1
https://www.redfin.com/MO/Saint-Louis/5930-Wanda-Ave-63116/home/93772716,758.0755387488624,1
