url,dist_main_road_m,dist_park_m,dist_school_m,dist_transit_m,dist_commercial_m,road_density_300m
https://www.redfin.com/MO/Saint-Louis/10-Portland-Pl-63108/home/93745965,191.28363064924116,960.2787835055152,663.2582085277415,211.98844046546293,280.3141364313668,1724.1163404472748
https://www.redfin.com/MO/Saint-Louis/2007-Park-Ave-63104/home/93701262,472.2400066996905,256.8313660068656,603.8439045706468,463.27041014276205,65.55440932669846,4672.616239610043
https://www.redfin.com/MO/Saint-Louis/2501-Clifton-Ave-63139/home/93743222,666.3839508406604,192.12274104777632,785.3900470586315,664.0937901443468,452.38999688542077,5164.514278504436
https://www.redfin.com/MO/Saint-Louis/6755-Itaska-St-63109/home/93781433,236.95367356138092,917.4781446089254,604.0337368740618,358.0288324732515,316.0050285389343,4246.727318445899
https://www.redfin.com/MO/Saint-Louis/8-Kingsbury-Pl-63112/home/93724307,159.2645784370433,888.1646185943613,479.8750718377862,173.1277313873458,370.7574494248022,1324.9495444501183
https://www.redfin.com/MO/Saint-Louis/2817-S-Kingshighway-Blvd-63139/home/93727955,45.66317492019078,1286.364797863273,71.91191204763514,80.43209543905547,369.90098994447106,4372.800360635663
https://www.redfin.com/MO/Saint-Louis/53-Portland-Pl-63108/home/93745915,50.24074162280714,1158.0990730667936,327.27273203649946,44.860103806552864,189.6485724045857,2460.6009316559657
https://www.redfin.com/MO/Saint-Louis/2101-Sidney-St-63104/home/93691406,334.3035538765097,397.70124900253086,728.4470857772428,325.90413014731513,155.8351742103408,5925.959200177486
https://www.redfin.com/MO/Saint-Louis/27-Waterman-Pl-63112/home/93724315,124.42198201716472,950.2992192791894,446.1130750731163,150.93288193350168,254.021793724843,2246.289672447488
https://www.redfin.com/MO/Saint-Louis/4949-Pershing-Pl-63108/home/93724387,136.58505029625823,664.588797358979,779.1074859933663,182.8896589786392,213.59563220098994,3016.968565119546
https://www.redfin.com/MO/Saint-Louis/4700-Gravois-Ave-63116/home/93766619,37.808065557109344,380.860936037919,377.1933288988461,66.4737183189001,102.24518967888805,5926.385926077672
https://www.redfin.com/MO/Saint-Louis/5095-Waterman-Blvd-63108/home/93745955,379.3814839578023,1000.2588807020851,405.93653676446934,47.8132140368549,377.61277966000887,1481.6442211702106
https://www.redfin.com/MO/Saint-Louis/37-Kingsbury-Pl-63112/home/93763722,321.38483863097724,385.26662973241025,520.3018026358271,312.42089910497646,625.2719610302742,743.5724493443029
https://www.redfin.com/MO/Saint-Louis/6170-Colorado-Ave-63111/home/93787116,646.8190918608825,1010.8722094747163,761.2559351473742,542.3526939317483,501.3456698825158,7137.634758897376
https://www.redfin.com/MO/Saint-Louis/7-Portland-Pl-63108/home/62731987,152.16094240384294,868.9009583509581,661.2750701548475,175.69057232207038,312.41745006939493,1936.814191167072
https://www.redfin.com/MO/Saint-Louis/42-Westmoreland-Pl-63108/home/93745420,145.53970967267125,1216.9543018790885,501.7434665821003,183.22438257704096,406.76321122743485,1953.5692624025633
https://www.redfin.com/MO/Saint-Louis/1100-Dolman-St-63104/home/143286329,84.63187240995579,470.0631665586785,345.9358852420013,182.24494568895184,197.18631315004225,6994.180365976716
https://www.redfin.com/MO/Saint-Louis/33-Westmoreland-Pl-63108/home/93746100,241.93689910762248,1412.0460656703372,421.55856681111794,237.93445447314275,544.4872555246553,773.8549468308202
https://www.redfin.com/MO/Saint-Louis/4509-Pershing-Pl-63108/home/93724700,449.22682242278046,325.432424033825,407.1651843596185,70.45556005021797,416.643737293348,4531.145554819001
https://www.redfin.com/MO/Saint-Louis/3733-Washington-Blvd-63108/home/93701266,37.7336895734592,51.34256366864243,307.6795745240492,279.90936841459484,538.038570170482,4875.660635026595
https://www.redfin.com/MO/Saint-Louis/3726-Wyoming-St-63116/home/93700097,381.50862370022895,482.31346184675436,1009.6585242482441,430.102244842919,358.13669680866036,5549.367249825318
https://www.redfin.com/MO/Saint-Louis/81-Waterman-Pl-63112/home/93724343,351.84077969942297,739.1964023070717,672.7117960205802,208.87623629039916,356.6289157544792,1773.251132152204
https://www.redfin.com/MO/Saint-Louis/5211-Ridge-Ave-63113/home/93721444,202.23814775752282,487.58094925177807,933.2933797623976,189.21262183310103,162.93985063625215,4469.945632724897
https://www.redfin.com/MO/Saint-Louis/5373-Lindell-Blvd-63112/home/93723621,92.66712684350895,780.1271094220795,858.9454214986768,268.20617558529733,344.5291115705276,3299.4183631158153
https://www.redfin.com/MO/Saint-Louis/3406-Hawthorne-Blvd-63104/home/93691070,287.33795347399405,650.632756963284,196.64608952211447,478.0314954830746,306.47468199382564,3592.5031304357417
https://www.redfin.com/MO/Saint-Louis/5257-Lindell-Blvd-63108/home/93745458,47.333120358948094,1094.8812822703287,611.414551421183,205.07051555583217,402.05704519721587,3939.2518242528663
https://www.redfin.com/MO/Saint-Louis/1304-S-18th-St-63104/home/93685995,202.40655857200355,163.64193044739915,295.34301121246244,410.5424612353543,99.84837192988073,6577.2740172176145
https://www.redfin.com/MO/Saint-Louis/5211-Westminster-Pl-63108/home/62725740,261.5356064014093,1195.4203621624968,173.4220727781888,222.26926337498404,235.2941627491698,3616.661485723563
https://www.redfin.com/MO/Saint-Louis/38-Kingsbury-Pl-63112/home/62749213,425.21776236161037,426.65907032493897,552.9274161416249,328.0825707829537,650.6046209679745,1257.9150938263224
https://www.redfin.com/MO/Saint-Louis/43-Portland-Pl-63108/home/93745534,226.65319057396678,1322.5719075258673,204.9456376057947,197.60940436769695,345.34410988602957,2436.3505123210766
https://www.redfin.com/MO/Saint-Louis/1611-Missouri-Ave-63104/home/93700584,214.17748610680619,314.33193160332627,630.8686156426206,213.88550431910042,169.4145474552915,4833.2684547546905
https://www.redfin.com/MO/Saint-Louis/11-Washington-Ter-63112/home/93766103,133.1523824652584,709.5648455238232,554.4066680996742,134.2126745606995,318.867202048957,2247.0581712083435
https://www.redfin.com/MO/Saint-Louis/5959-W-Cabanne-Pl-63112/home/93728625,465.75117236135895,354.6973913295666,577.6197361725285,607.5044777521962,491.9048970141087,4796.339424433915
https://www.redfin.com/MO/Saint-Louis/15-Thornby-Pl-63112/home/93723567,183.38878907150348,190.7677231442796,234.28576705345503,215.35206145258388,274.9966497902695,5026.045900022535
https://www.redfin.com/MO/Saint-Louis/4549-Westminster-Pl-63108/home/93739874,408.9380681681357,304.8081197921895,274.6148319908213,209.39224541728964,95.22680014253294,5310.673031124724
https://www.redfin.com/MO/Saint-Louis/4330-W-Pine-Blvd-63108/home/93725149,253.63068719676647,666.4053377593115,377.73688059579257,259.8244419858155,277.04396671641257,4101.941293939515
https://www.redfin.com/MO/Saint-Louis/4327-W-Belle-Pl-63108/home/93740086,381.92209594738205,657.0577040253534,348.5747339232895,412.3041632030899,364.91916290204205,5086.48403088459
https://www.redfin.com/MO/Saint-Louis/3635-S-Compton-Ave-63118/home/62773758,356.9889397091785,304.71070735563677,520.1809211407435,345.5320738277486,231.07881089039657,6099.8769036597905
https://www.redfin.com/MO/Saint-Louis/3522-Arsenal-St-63118/home/62694250,32.704902387569376,250.83042792995397,565.6126418462887,90.36548447434343,54.85077271696215,6253.857881865634
https://www.redfin.com/MO/Saint-Louis/5715-Chippewa-St-63109/home/93780996,37.856727295854704,940.0706551084884,595.469473202599,90.11049948752515,53.25307889637322,5740.115176983184
https://www.redfin.com/MO/Saint-Louis/3810-Botanical-Ave-63110/home/93699823,334.0658701024314,793.4214660532455,125.07361857806562,246.76078983631575,265.79164074418816,4884.686654184399
https://www.redfin.com/MO/Saint-Louis/3029-Saint-Vincent-Ave-63104/home/103204941,214.24320450117227,412.17784237419824,619.1040123581653,774.594381050127,115.55872758154962,4842.4652752243965
https://www.redfin.com/MO/Saint-Louis/4468-Maryland-Ave-63108/home/93724880,174.21446149074046,123.91867798909871,239.5393261791931,150.06585336132096,251.71083197085827,4376.415547084822
https://www.redfin.com/MO/Saint-Louis/5076-Westminster-Pl-63108/home/93746017,319.92053616604045,912.8002396287436,479.11808987779216,137.3819337629892,262.71016601429716,1950.233424336914
https://www.redfin.com/MO/Saint-Louis/2331-Albion-Pl-63104/home/93700534,117.21851362181707,331.5798321631684,612.0328574719725,185.68378586678912,149.25070497631515,4356.9558506274325
https://www.redfin.com/MO/Saint-Louis/5519-Bartmer-Ave-63112/home/93722354,161.63342364803344,670.9712353733329,202.60193453391548,148.35863667928848,619.0461078158419,4537.286132122137
https://www.redfin.com/MO/Saint-Louis/6145-Lindell-Blvd-63112/home/93763512,70.52047800383346,571.6415793877223,588.3908328580495,231.22572206176585,1020.4455682719164,3145.7523644057674
https://www.redfin.com/MO/Saint-Louis/4220-Botanical-Ave-63110/home/78372176,820.7029415535349,510.71225049565726,142.7172194432606,826.4989063313116,431.77499714222006,4609.65940750522
https://www.redfin.com/MO/Saint-Louis/2822-Victor-St-63104/home/93699935,559.3555173884669,255.4693824190368,433.14739074877616,545.7302273988938,105.00452388484617,5962.160732142916
https://www.redfin.com/MO/Saint-Louis/5103-Waterman-Blvd-63108/home/93745953,418.8304774978885,1036.0327347403502,366.37746072408163,85.43781049280302,403.2836430420354,2123.945910701956
https://www.redfin.com/MO/Saint-Louis/2107-Park-Ave-63104/home/93701253,480.23908787050465,170.4081004876702,682.8198275774215,470.4958280390337,292.8043316646448,4493.666333270721
https://www.redfin.com/MO/Saint-Louis/3630-Flad-Ave-63110/home/93700186,120.85825352095009,685.0579406467779,562.6055907990018,150.32102406895294,143.12805989035428,5613.6919506080485
https://www.redfin.com/MO/Saint-Louis/2112-S-11th-St-63104/home/62775653,77.55561664723028,326.695211963392,798.8672700576873,145.20204519842645,92.42476225290068,8095.21112069158
https://www.redfin.com/MO/Saint-Louis/5225-Lindell-Blvd-63108/home/93745428,40.30911398867859,1188.5655001631185,604.358609175278,88.35294316229177,496.697033852667,2670.0587843822273
https://www.redfin.com/MO/Saint-Louis/4251-Connecticut-St-63116/home/93729851,397.2173236232117,489.64575257707827,448.93285387527845,403.20317412093056,124.86911955699408,4719.827401475749
https://www.redfin.com/MO/Saint-Louis/3964-Arsenal-St-63116/home/93749655,30.558049775967298,550.8494723599844,349.520791223058,44.483146545854616,328.1967805585231,3041.1128087063944
https://www.redfin.com/MO/Saint-Louis/5277-Lindell-Blvd-63108/home/93745464,49.69425010956703,1036.082226527486,630.0303286755301,280.5522092734789,351.1298270462067,4292.657820889694
https://www.redfin.com/MO/Saint-Louis/5501-Cates-Ave-63112/home/143291150,528.4704946831496,173.98478971218142,446.3896450859528,522.2861508136746,761.4773632112959,3093.900369284307
https://www.redfin.com/MO/Saint-Louis/2241-Hickory-St-63104/home/181866125,244.3135697151937,455.7001305622898,1005.2498764324888,248.75827125844853,202.98492359780576,5369.537035508061
https://www.redfin.com/MO/Saint-Louis/2305-Saint-Louis-Ave-63106/home/62766774,401.5202921080499,411.85677787873334,1204.3644584019607,60.26482568779151,304.83495332024523,5286.750673828856
https://www.redfin.com/MO/Saint-Louis/8-Hortense-Pl-63108/home/93724401,167.79907872289976,566.5776428945612,670.9625070107945,163.08756274721983,195.85784315684845,3257.932957095234
https://www.redfin.com/MO/Saint-Louis/4101-W-Pine-Blvd-63108/unit-4/home/169424934,163.6536197123306,59.1941263998035,354.24080138246643,151.94404243991903,212.2739351453402,3988.1980880210795
https://www.redfin.com/MO/Saint-Louis/3023-Bailey-Ave-63107/home/93698431,259.88090965142135,1038.210804125306,1020.5935173360594,258.953879377358,277.1288435842197,6308.102261983393
https://www.redfin.com/MO/Saint-Louis/4506-Pershing-Pl-63108/home/93724627,384.93728041852125,261.1107609285501,382.97886857370014,29.812457015936733,422.87203771763166,4597.466151823375
https://www.redfin.com/MO/Saint-Louis/3801-Hartford-St-63116/home/93728270,111.78284553806824,428.312774419403,827.654441590916,100.40726618386262,370.32005007273943,4556.696287038277
https://www.redfin.com/MO/Saint-Louis/1000-Russell-Blvd-63104/home/93686257,27.46959997809746,207.90848758999408,767.5125963224947,340.94284749346815,76.390334224459,7540.980227197604
https://www.redfin.com/MO/Saint-Louis/4552-Westminster-Pl-63108/home/93739869,465.04463667542814,324.23567297735735,333.37021749767894,229.77201508377638,164.2224983247718,4658.281952714997
https://www.redfin.com/MO/Saint-Louis/11-Lenox-Pl-63108/home/93754474,532.8292391832915,428.869258252905,572.171014534544,362.70049467161226,222.88971458579502,4272.17851899039
https://www.redfin.com/MO/Saint-Louis/3-Beverly-Pl-63112/home/93753998,59.692859796164996,457.2761561892708,589.7336969229755,185.42388840459103,553.3068778293723,3222.314639402828
https://www.redfin.com/MO/Saint-Louis/6966-Sutherland-Ave-63109/home/93774076,75.84529201367083,841.4320591510643,1032.2925408784317,113.80651085260452,91.31139605893848,5509.7152204144
https://www.redfin.com/MO/Saint-Louis/46-Kingsbury-Pl-63112/home/62768129,428.26259593769805,337.5038800834385,457.0700264920838,340.0964766748345,553.8487279151183,1989.4583644382876
https://www.redfin.com/MO/Saint-Louis/5280-Westminster-Pl-63108/home/93745880,94.29151151522358,1084.472643699087,242.2435101610251,122.90631577204836,320.1538292893147,2681.1977589737407
https://www.redfin.com/MO/Saint-Louis/1833-S-8th-St-63104/home/93685148,172.4306716422293,328.3306597497613,1126.465337320505,178.6975469837024,91.87544077702829,7455.533944348768
https://www.redfin.com/MO/Saint-Louis/1401-Missouri-Ave-63104/home/93700547,222.88970319459668,240.75506984422367,757.6215196551266,218.19020871765133,238.49217194781605,4591.7882531728455
https://www.redfin.com/MO/Saint-Louis/4350-McPherson-Ave-63108/home/93725552,388.5451867011233,656.7833763883795,302.52388573332627,415.9038432168781,297.1595840800519,4721.306007830727
https://www.redfin.com/MO/Saint-Louis/1424-Mississippi-Ave-63104/home/93697505,452.01896370673376,166.43946800465196,447.3147846169471,607.9857955735006,85.30369301848923,4600.722094182786
https://www.redfin.com/MO/Saint-Louis/4616-McPherson-Ave-63108/home/65207091,564.237573421883,383.7656892566077,501.4640140577679,310.7106941844511,223.92178036617105,4281.876351992508
https://www.redfin.com/MO/Saint-Louis/3614-California-Ave-63118/home/93696248,443.44131888566045,429.6457510911572,451.10031510267254,444.27730055483147,164.82000997615356,6308.372827651685
https://www.redfin.com/MO/Saint-Louis/4318-Laclede-Ave-63108/home/93725206,141.1768929497668,544.930440315051,398.99351213774105,137.03853678966038,82.32241425569363,3993.460675048301
https://www.redfin.com/MO/Saint-Louis/3801-Utah-Pl-63116/home/93682376,451.9114847166416,683.5854669010257,1026.4408600924291,451.50398187834077,414.76764436702774,4755.708016059416
https://www.redfin.com/MO/St-Louis/3209-Shenandoah-Ave-63104/home/198866717,48.609605615020186,843.1063490012501,291.4952335907081,723.8139891751857,64.09639981974654,4998.131962240161
https://www.redfin.com/MO/Saint-Louis/4254-Arsenal-St-63116/home/93750753,35.774269319786356,590.8190827855652,675.5237634208224,105.52192171217605,118.11785044000348,4066.3666788112228
https://www.redfin.com/MO/Saint-Louis/2712-S-Compton-Ave-63118/home/93692010,37.314262012997,954.4957559802848,515.0923604843836,580.1117983099901,81.95011771389927,7063.0158108749165
https://www.redfin.com/MO/Saint-Louis/5105-Cabanne-Ave-63113/home/93752273,438.8454954249093,775.6409399285978,722.9958894840386,426.75116451721493,403.77547420833497,4768.014761089495
https://www.redfin.com/MO/Saint-Louis/2319-Whittemore-Pl-63104/home/93700522,168.43162642627667,325.29072741795204,635.8422848904073,198.20134108918526,150.66604744354854,4415.598932209146
https://www.redfin.com/MO/Saint-Louis/2625-Ohio-Ave-63118/home/178428436,161.08095292410624,353.46193016561034,86.77076490248074,162.98044906061537,56.289436360889965,7692.563886692401
https://www.redfin.com/MO/Saint-Louis/5245-Washington-Pl-63108/home/93749456,109.76532948654858,1000.8714599588732,331.0929514327985,135.95037923513812,70.44524580708777,4079.528440706933
https://www.redfin.com/MO/Saint-Louis/3524-Victor-St-63104/home/93692412,147.02272429353573,900.7350917995884,312.09569052227613,186.1581754639324,135.6621440616474,5465.76578108976
https://www.redfin.com/MO/Saint-Louis/2317-Park-Ave-63104/home/93701057,164.6205936140149,322.51282715456205,746.8161525488573,151.60108977089266,151.39473924512404,5391.5640493862775
https://www.redfin.com/MO/St-Louis/2147-College-Ave-63107/home/194354353,242.7819493163921,950.6946852954974,586.183454997928,262.5127772891905,907.1181019507449,5614.37993986421
https://www.redfin.com/MO/Saint-Louis/4467-McPherson-Ave-63108/home/93740227,591.9371645308793,484.5574260348981,300.3543620855548,91.01160058690348,223.01134417596623,5106.328466833695
https://www.redfin.com/MO/Saint-Louis/30-Portland-Pl-63108/home/93745960,350.78269582695765,1295.857821444771,355.0612921370142,258.43232042579285,611.6321523662342,948.3533661426349
https://www.redfin.com/MO/Saint-Louis/32-Washington-Ter-63112/home/93763739,219.30599043233434,394.85997101867576,532.7343258562296,214.20768019607115,640.0016611867176,945.5513595903781
https://www.redfin.com/MO/Saint-Louis/2912-Iowa-Ave-63118/home/143288513,186.75080058574866,702.2903097948971,518.3354895324056,220.23102745274107,4.260044817754697,8363.59640094815
https://www.redfin.com/MO/Saint-Louis/4448-Maryland-Ave-63108/home/62754057,170.9326919987912,199.2613295627302,183.69475416093988,223.61928394336064,290.1139082543342,4576.024530168119
https://www.redfin.com/MO/Saint-Louis/3536-Victor-St-63104/home/93692413,98.98554218660577,909.3182043370451,358.7406215484702,144.13189090072652,95.57227788155075,5486.354894217067
https://www.redfin.com/MO/Saint-Louis/3859-Flora-Pl-63110/home/109920094,544.3956686400236,390.1698124334432,391.748008826058,141.57133737537131,406.64900062180345,4701.511051062463
https://www.redfin.com/MO/Saint-Louis/4312-Washington-Blvd-63108/home/93683779,192.1756020589815,933.3663595926482,622.6240901952458,207.3195832771388,89.96160493455805,4986.780613679254
https://www.redfin.com/MO/Saint-Louis/5231-Westminster-Pl-63108/home/62725318,260.9336266371169,1141.0231218554675,173.04672547049498,249.8714202781218,226.96441103236674,4057.972536355447
https://www.redfin.com/MO/Saint-Louis/5901-Highfield-Rd-63109/home/93782887,253.32484212312963,638.088925661285,645.7692241198567,900.244776737792,875.0011620013144,5043.47708483098
https://www.redfin.com/MO/Saint-Louis/3634-Flad-Ave-63110/home/93700189,141.95926416888014,695.214978382593,555.7203963620564,171.27465308114773,160.02002012662913,5501.447503879068
https://www.redfin.com/MO/Saint-Louis/4167-Enright-Ave-63108/home/93745176,189.04988979684893,314.0178346564242,361.7747294222285,202.82659312676057,212.98782755783137,4617.162018096466
https://www.redfin.com/MO/Saint-Louis/2118-Lafayette-Ave-63104/home/62739077,408.701150745716,314.2586801324826,415.96346565433174,412.106037267373,360.8989236413531,5358.588316628477
https://www.redfin.com/MO/Saint-Louis/4550-Pershing-Pl-63108/home/93724616,364.63096856169943,331.63666467049813,549.3243369275634,201.4888762342396,259.6218567442572,4396.5979703977555
https://www.redfin.com/MO/Saint-Louis/2656-January-Ave-63139/home/84307902,528.5136962585005,406.44615370666287,740.6068940038087,526.5485736817602,196.61502017539777,5105.5475435796825
https://www.redfin.com/MO/Saint-Louis/3846-Flad-Ave-63110/home/93700319,493.0638570112669,462.77098520781885,493.59896376929015,111.33727453188344,469.2863578317837,5663.2080619194685
https://www.redfin.com/MO/Saint-Louis/4137-McDonald-Ave-63116/home/93728835,908.8909409101312,244.90342751452104,282.9027498168053,905.3433265123326,543.0364591165268,5047.995119916656
https://www.redfin.com/MO/St-Louis/4101-W-Pine-Blvd-63108/unit-1-Benton/home/167145579,167.2398898619102,44.423647301558105,366.04166691745274,154.4408213984961,215.27809847204327,3958.128709514706
https://www.redfin.com/MO/St-Louis/215-N-Sarah-St-63108/unit-10-Monet/home/184905662,133.23790404731076,78.76918739196145,391.78554710992034,120.25834614331683,181.1068505557913,3788.909708124932
https://www.redfin.com/MO/Saint-Louis/53-Westmoreland-Pl-63108/home/93745453,32.63589376626707,1123.9754533482144,483.43503321403807,163.96945738297393,149.4086837766722,3370.951445913656
https://www.redfin.com/MO/Saint-Louis/2404-S-11th-St-63104/home/93686741,483.4485878760713,212.8894275076223,433.51946796187184,131.15217497554238,101.06613186417452,7944.972574896261
https://www.redfin.com/MO/St-Louis/1027-Lami-St-63104/home/195978952,400.9782989236122,247.25656139305656,465.3926158333423,303.037503232231,245.0906868015582,8800.073978197574
https://www.redfin.com/MO/Saint-Louis/5847-Holly-Hills-Ave-63109/home/93777677,248.6317920621198,1101.0361599014616,104.75815249742178,241.07007189619705,212.7215626346967,4599.035430231001
https://www.redfin.com/MO/Saint-Louis/1010-Russell-Blvd-63104/home/93686253,24.26554974152045,230.52196370643574,781.3512430423888,300.5888386774808,64.4442466709576,7482.139895406957
https://www.redfin.com/MO/Saint-Louis/2819-Lafayette-Ave-63104/home/93700511,554.0770132066901,383.1739293958501,201.38347388430032,592.8757700554447,125.84440839092278,6199.101505150556
https://www.redfin.com/MO/Saint-Louis/4050-Shreve-Ave-63115/home/93733577,604.2051174041405,403.2565448045778,932.2383671979605,488.93983980259577,556.1600981587897,5077.757041702066
https://www.redfin.com/MO/Saint-Louis/4009-Burgen-Ave-63116/home/93771883,136.3872686959752,1226.584404791272,698.1733755576967,1157.3434733987317,383.1541975394687,4652.225766970672
https://www.redfin.com/MO/Saint-Louis/5307-Shaw-Ave-63110/home/93726501,792.5034874295482,357.34316133573674,708.343830926066,793.0826136176387,61.75686741449495,6377.6444483182
https://www.redfin.com/MO/Saint-Louis/4365-Forest-Park-Ave-63108/home/62735044,47.612710194231134,531.6580075268064,582.8927811431299,142.16645178056802,201.94423373838794,4433.27265453663
https://www.redfin.com/MO/Saint-Louis/1010-Allen-Ave-63104/home/169424102,116.67221739845985,353.00335021271786,914.7522193410426,309.30266546338856,76.83601994737025,7337.364941380917
https://www.redfin.com/MO/Saint-Louis/3137-Parc-Ridge-Ln-63139/home/93674343,173.9590387094458,395.4092860880824,830.8609049146562,199.21393265218322,306.5398890599596,7093.319992192675
https://www.redfin.com/MO/Saint-Louis/2848-McNair-Ave-63118/home/93691569,395.13856364744953,176.13716056916562,851.0669025475431,393.68412463947965,251.6891994909781,7392.598304988129
https://www.redfin.com/MO/Saint-Louis/3507-McKean-Ave-63118/home/93693020,189.72890831801072,691.5812068574753,688.3909519482814,178.0425617643335,156.23941801530074,6912.21076203156
https://www.redfin.com/MO/Saint-Louis/5099-Waterman-Blvd-63108/home/93745954,396.8056169730405,1015.537019802752,388.42373018079934,64.96631963154007,387.5468389753204,1862.3222807074212
https://www.redfin.com/MO/Saint-Louis/8-Lewis-Pl-63113/home/62716012,359.28585169992965,324.3245837645622,834.4187043766087,78.47598334883183,223.3234514730672,3683.3419163679364
https://www.redfin.com/MO/Saint-Louis/2342-Albion-Pl-63104/home/70078076,60.10556100931563,371.13944359297204,541.7032321561164,106.80046129678846,69.9014992970805,4579.717120475328
https://www.redfin.com/MO/Saint-Louis/1723-Waverly-Pl-63104/home/93690358,447.9559060702255,370.620402831233,379.55154669638034,473.6046376867188,347.00334899187885,5753.987438213981
https://www.redfin.com/MO/Saint-Louis/2613-S-11th-St-63118/home/93686370,473.0376550708245,300.89261701880855,458.62065303432433,134.73164102492692,32.85730078822312,6264.72275824469
https://www.redfin.com/MO/Saint-Louis/2714-S-Jefferson-Ave-63118/home/93697448,36.700998253389194,563.646353113208,363.4646791910516,120.62553311173949,25.992548384289286,6919.523872737119
https://www.redfin.com/MO/Saint-Louis/5156-Maple-Ave-63113/home/93752434,174.92728268154872,474.7021840928834,781.9989667166351,209.11253765493507,488.9380084337415,5764.140877429934
https://www.redfin.com/MO/Saint-Louis/210-Woodbourne-Dr-63105/home/93771918,130.44530506708873,1161.0792429189723,311.0774093023733,267.36527692104164,1463.3537493269766,2444.7759723052473
https://www.redfin.com/MO/Saint-Louis/6025-Lindell-Blvd-63112/home/93763504,70.02301361895057,642.4921524071416,800.3912644037084,401.48309633777836,1021.7345503528176,3087.5811848333196
https://www.redfin.com/MO/Saint-Louis/3501-Victor-St-63104/home/62702344,231.54074342854946,829.6595472565097,216.73229981403287,254.69449968483255,240.7954835654411,5650.309547518298
https://www.redfin.com/MO/Saint-Louis/3904-Botanical-Ave-63110/home/62693530,601.8354346547796,624.0404089263818,242.30002514626798,168.68141148828425,530.3448878140019,4850.65097328301
https://www.redfin.com/MO/Saint-Louis/3802-Olive-St-63108/unit-12/home/176875148,220.9144072962531,317.07254729812485,275.1865952226802,310.04579627384027,326.47551649124745,5550.304583157967
https://www.redfin.com/MO/Saint-Louis/8460-Lowell-St-63147/home/93776011,92.0159637131209,562.5949275313449,1637.407428124755,217.08955000456814,154.47401186572597,5626.485001981857
https://www.redfin.com/MO/Saint-Louis/5335-Botanical-Ave-63110/home/93768175,972.4313727231936,584.0774737002423,125.734134077373,968.3432975940191,224.48374759459278,4614.746614954584
https://www.redfin.com/MO/Saint-Louis/6141-McPherson-Ave-63112/home/93760398,239.9062865186997,275.1963503502292,550.2991377383423,225.1809358177063,450.16523006742204,3980.870560587605
https://www.redfin.com/MO/Saint-Louis/2703-Keokuk-St-63118/home/93696285,226.77093256203193,406.39947350244256,472.14246320408876,226.17236900893505,210.24204971884225,6304.589493565281
https://www.redfin.com/MO/Saint-Louis/2704-Utah-St-63118/home/93693846,284.21463592845913,451.2646150883957,1055.7844471485096,233.00202568345753,73.4646081806359,6646.7310503314075
https://www.redfin.com/MO/Saint-Louis/3448-Longfellow-Blvd-63104/home/93748649,243.66066660335093,469.1982883756618,361.64809160264554,349.91038563250453,416.8887615908653,2821.058961548166
https://www.redfin.com/MO/Saint-Louis/4668-Pershing-Pl-63108/home/93724629,362.37784857446,548.3630066696553,807.4222109788249,356.31307478203274,34.55207259981987,3401.585241541199
https://www.redfin.com/MO/Saint-Louis/1216-S-Boyle-Ave-63110/home/93726645,181.13639532926516,368.84139063948084,340.19219675809336,206.26751922458388,78.38594361149737,5561.6370287451655
https://www.redfin.com/MO/Saint-Louis/3809-Cleveland-Ave-63110/home/93700310,335.5443212529061,631.3696533142991,423.3552774134341,250.9756349281097,301.2472389109035,5731.238606505983
https://www.redfin.com/MO/Saint-Louis/22-Benton-Pl-63104/home/93701242,355.94235239795717,326.1768360941212,767.9960376662198,381.5319516981533,253.1409499883178,4773.204482788901
https://www.redfin.com/MO/Saint-Louis/3670-Flora-Pl-63110/home/93700277,281.49128145850153,647.525856731334,628.9994938118153,274.9321711866983,343.73044260335143,4543.580467327921
https://www.redfin.com/MO/Saint-Louis/4416-Westminster-Pl-63108/home/93740238,520.7869058696891,589.1203193613311,309.31895460770295,297.8043156891491,142.3067071144873,5099.458175297229
https://www.redfin.com/MO/Saint-Louis/919-S-Skinker-Blvd-63105/home/93787385,49.26920992415879,120.38759269109184,627.4634982797426,69.6014107792444,245.10713091942347,2546.717043306419
https://www.redfin.com/MO/Saint-Louis/4660-Pershing-Pl-63108/home/62716690,369.93216762404484,519.1964827385955,773.9863832569257,363.8807994627444,49.28369338636518,3484.8798630313427
https://www.redfin.com/MO/Saint-Louis/3217-Lafayette-Ave-63104/unit-3217/home/62745668,69.19497135772747,173.44626541137114,628.3780166551659,700.293194389458,198.80428274807744,6367.380907138822
https://www.redfin.com/MO/Saint-Louis/3530-Magnolia-Ave-63118/home/93692362,124.02491344164274,706.3100663912078,567.9351851043386,178.15963844993277,109.71843416579148,5852.843983949361
https://www.redfin.com/MO/St-Louis/4101-W-Pine-Blvd-63108/unit-3-Picasso/home/167145581,167.2398898619102,44.423647301558105,366.04166691745274,154.4408213984961,215.27809847204327,3958.128709514706
https://www.redfin.com/MO/Saint-Louis/3306-S-9th-St-63118/home/109007348,194.11450382674508,385.368944678521,1310.0619935075274,255.52600032831995,76.56906171113766,7028.926095783626
https://www.redfin.com/MO/Saint-Louis/4925-Pershing-Pl-63108/home/93724384,235.97266055488348,616.3791171207606,759.1926696223419,258.77956626544557,180.16734341563483,3348.88596771808
https://www.redfin.com/MO/Saint-Louis/805-Allen-Ave-63104/home/93685716,142.17049245745574,419.25461620895476,939.1153612425658,166.2824823660617,94.804612096577,7299.401139912509
https://www.redfin.com/MO/Saint-Louis/2336-Macklind-Ave-63110/home/93768176,958.1117384907292,641.378567392725,143.98139768672357,950.3829602679717,221.7075835960129,4677.144200294437
https://www.redfin.com/MO/Saint-Louis/2910-Milton-Blvd-63104/home/93691197,418.02386741363557,467.6680699821551,723.0900927152792,808.1235645660234,58.49674762842185,5784.121402568607
https://www.redfin.com/MO/Saint-Louis/4246-Cleveland-Ave-63110/home/93746803,966.0019111309688,399.04919380517885,372.25992789770373,711.2355426359723,520.395145895764,4685.293799033865
https://www.redfin.com/MO/Saint-Louis/4136-W-Pine-Blvd-63108/home/93725498,245.71733645373263,141.59533042828843,232.56355941429618,251.270315867584,278.30253510413837,3843.4824811334906
https://www.redfin.com/MO/Saint-Louis/2012-Saint-Louis-Ave-63106/home/93688191,335.18647969428616,85.63951584452077,878.2067454083648,24.4722335063724,310.0331543362539,5470.330550418233
https://www.redfin.com/MO/Saint-Louis/4349-Washington-Blvd-63108/home/103203274,113.17893655579702,989.5395201563681,520.4521390989687,208.4638554288833,167.2979723792865,5548.904712489795
https://www.redfin.com/MO/Saint-Louis/6317-Mardel-Ave-63109/home/62721277,275.1050091548069,1087.5332488782908,389.99360816308086,270.391019617078,251.29068809288185,5964.597603870079
https://www.redfin.com/MO/Saint-Louis/4363-McPherson-Ave-63108/home/93740332,476.95445232586303,679.3893152296216,318.98214115485365,490.60868839253135,218.2532651168072,5181.423842487286
https://www.redfin.com/MO/Saint-Louis/1-Lenox-Pl-63108/home/93754478,565.0236196719821,453.3928438564308,517.3656226733294,285.6724666878071,286.96582329942737,4425.915762689787
https://www.redfin.com/MO/Saint-Louis/1202-Sidney-St-63104/home/62757286,601.7416124759534,199.5473970593257,571.0002772414057,49.430404811287566,70.54010150040142,7251.024211076109
https://www.redfin.com/MO/Saint-Louis/3235-S-Jefferson-Ave-63118/home/93694229,39.61939362279305,232.9495954296801,1101.2366732424912,97.29600566482294,82.45867521160277,5707.298531260961
https://www.redfin.com/MO/Saint-Louis/6142-Kingsbury-Ave-63112/home/93760370,240.0965414616423,301.9312294758225,525.7833552448983,265.60944241407225,378.9205374059588,3744.227810434735
https://www.redfin.com/MO/Saint-Louis/6151-Westminster-Pl-63112/home/93760453,200.1839129988816,402.6514074900259,546.8505433274871,183.08339739979178,187.39279308666374,3918.314211074836
https://www.redfin.com/MO/Saint-Louis/1727-Lafayette-Ave-63104/home/161387920,198.06347486816827,411.85160196624025,235.43800674992906,595.1802475444327,41.68063548941295,5834.81882864457
https://www.redfin.com/MO/Saint-Louis/4013-Castleman-Ave-63110/home/93747130,981.7530653368515,305.1894164859198,116.32488263702412,97.4251539579761,268.31834971877316,5528.658436982084
https://www.redfin.com/MO/Saint-Louis/3830-Olive-St-63108/home/176875144,135.0428477226538,283.5671419774972,286.4353881676672,344.2696516474625,270.3977876128819,4985.563951419878
https://www.redfin.com/MO/Saint-Louis/3407-Hartford-St-63118/home/93692818,98.61075141766837,512.2406194531737,281.57836502989636,107.13237002703028,200.04233903807477,5741.702444890182
https://www.redfin.com/MO/Saint-Louis/3500-Humphrey-St-63118/home/93693329,212.20873916834907,535.1425517583189,534.315662286067,203.4353183298329,255.81778337618482,6974.655198009949
https://www.redfin.com/MO/Saint-Louis/3500-Halliday-Ave-63118/home/93692424,239.28979928689063,616.3038146109209,647.0445458894447,229.35001270745204,130.34673711703263,6493.578474480582
https://www.redfin.com/MO/Saint-Louis/6364-Murdoch-Ave-63109/home/93780200,573.9305385543275,514.2355369262847,579.7269705287168,631.7528584732571,460.2173793899868,4072.6306450088023
https://www.redfin.com/MO/Saint-Louis/121-W-Steins-St-63111/home/103203734,94.17204104807335,227.72035147614412,964.441950503796,181.14594427213058,135.92979527954975,7739.12819382353
https://www.redfin.com/MO/Saint-Louis/6377-Murdoch-Ave-63109/home/93780202,498.0450361666061,556.5627433661317,562.3257308982043,559.6024821002659,388.52623302013535,3636.0790777747206
https://www.redfin.com/MO/Saint-Louis/3145-Hawthorne-Blvd-63104/home/93691043,64.53605324021257,792.8420014005404,465.13259251431106,831.8782280431061,156.200788317646,3941.88460510303
https://www.redfin.com/MO/Saint-Louis/14-Aberdeen-Pl-63105/home/93766508,179.58153667342143,730.9989407054181,302.4955514339947,221.58048171724386,1041.5167926395538,1520.8501891328335
https://www.redfin.com/MO/Saint-Louis/3854-Shenandoah-Ave-63110/home/143286604,513.5869213548589,580.8032355264965,266.3455677054698,86.698116052185,431.95643341247734,5492.546581810686
https://www.redfin.com/MO/Saint-Louis/6-Arundel-Pl-63105/home/93769341,89.50022533846492,580.1449473693767,292.832449750993,76.53003591664864,881.8108862823664,1583.2389133927197
https://www.redfin.com/MO/Saint-Louis/4270-Delmar-Blvd-63108/home/103203752,38.05454369213023,768.4865297526139,564.1500553741196,29.85882616866572,81.29130187013351,4813.717923908282
https://www.redfin.com/MO/Saint-Louis/1224-S-9th-St-63104/home/93685451,212.88179683204922,473.3816727482139,378.50689167301374,404.88927018897635,210.62478642209425,7393.0434482110795
https://www.redfin.com/MO/Saint-Louis/2115-Arsenal-St-63118/home/93699049,30.53851424298681,187.84117112779825,1017.1401963914416,48.58060228425243,104.16004445752989,6238.540980406147
https://www.redfin.com/MO/Saint-Louis/3125-Russell-Blvd-63104/home/93690016,39.793703773972815,709.4235578827896,803.7299130451687,951.1167509332397,544.1140193625911,5100.173902884996
https://www.redfin.com/MO/Saint-Louis/3710-Utah-Pl-63116/home/93699899,310.6069019776017,699.3694974577611,1066.405618524317,300.4223028497948,318.8475040231983,4927.627658612513
https://www.redfin.com/MO/Saint-Louis/2326-Albion-Pl-63104/home/70101019,133.15839366668493,326.9542375993143,612.5864550815015,172.21804575338228,128.18158716286553,4537.468756148161
https://www.redfin.com/MO/Saint-Louis/5492-Pernod-Ave-63139/home/80168569,459.24446243807216,829.916668091654,960.4002525198969,442.2705006615099,426.0768002616574,5554.6539437966585
https://www.redfin.com/MO/Saint-Louis/4617-Westminster-Pl-63108/home/93739880,372.5863932845421,222.48545549127556,359.3321046889687,300.54061032053204,174.07969110273888,4981.787751579406
https://www.redfin.com/MO/Saint-Louis/6154-Kingsbury-Ave-63112/home/66186996,191.5498261359453,259.9999818521145,572.6317805110161,220.59265481133684,378.5405554486015,3956.41909747675
https://www.redfin.com/MO/Saint-Louis/5715-Walsh-St-63109/home/93768210,176.55112895255536,797.3437568926167,612.3812623325035,178.46388226690883,154.3159318963192,5364.3269062394465
https://www.redfin.com/MO/Saint-Louis/2628-Lafayette-Ave-63104/home/109314191,124.29613996452767,356.72881512140395,386.864169836995,193.31652469243565,135.04575179000983,6320.01534287004
https://www.redfin.com/MO/Saint-Louis/2037-Geyer-Ave-63104/home/93690315,314.0931081181506,593.1739585606568,240.54056289726066,581.5143587754017,158.4092198284147,6412.582085487118
https://www.redfin.com/MO/Saint-Louis/4101-W-Pine-Blvd-63108/unit-5/home/188992885,141.6544908757889,69.11210123925122,392.0926370152947,129.72427452929318,190.36418816207527,3814.073754727143
https://www.redfin.com/MO/Saint-Louis/5072-Cates-Ave-63108/home/85688089,304.3701005778577,647.943083005591,787.1293912547596,313.320997880444,279.11581490754844,3374.7652775809534
https://www.redfin.com/MO/Saint-Louis/3451-Halliday-Ave-63118/home/93692530,307.34047659799177,704.1663808031157,565.9299199049455,305.53110472337255,99.10074622647333,6127.34573260614
https://www.redfin.com/MO/Saint-Louis/3656-Russell-Blvd-63110/unit-B/home/93680520,236.37839324156263,572.6953632513192,643.6430177961463,258.81464042693096,292.3379615697705,5167.106755030712
https://www.redfin.com/MO/Saint-Louis/1-Arundel-Pl-63105/home/93766512,42.39572198928028,658.6526771739148,363.5692605973067,92.83298977469846,953.8392433469791,1550.4862492641553
https://www.redfin.com/MO/Saint-Louis/5893-Nina-Pl-63112/home/62721241,419.104539858659,248.66541217691304,217.5000444106122,259.99217643273374,383.0399650441109,4168.31332293301
https://www.redfin.com/MO/Saint-Louis/4352-Westminster-Pl-63108/home/93740318,519.9347311580527,758.1078265661502,398.37935546540984,524.6547985097876,140.29431000423577,5099.694663909494
https://www.redfin.com/MO/Saint-Louis/3522-Crittenden-St-63118/home/93692725,98.09804974327102,353.5797654991776,641.6558377751983,141.93670366089154,131.2888258350527,6195.432743232824
https://www.redfin.com/MO/Saint-Louis/1317-Shenandoah-Ave-63104/home/93686294,251.95021112951704,669.8175133573204,707.2168512566752,269.4541644572115,43.90835077704185,8105.145094955825
https://www.redfin.com/MO/Saint-Louis/4263-Maryland-Ave-63108/home/109925963,190.756064417138,654.9093856877173,386.13941754889333,187.10650938225797,127.58404718315983,4650.2656144998
https://www.redfin.com/MO/Saint-Louis/6075-W-Cabanne-Pl-63112/home/93746082,189.43594241924188,148.26062234248556,266.7705185538132,468.56353827176855,167.90675551297585,3621.8312710784053
https://www.redfin.com/MO/Saint-Louis/2224-S-11th-St-63104/home/93686396,253.0165161007254,299.57571154812837,652.9700615825672,268.56624115441355,113.94786554715527,8272.259333399292
https://www.redfin.com/MO/Saint-Louis/2819-S-Kingshighway-Blvd-63139/home/93727935,44.75125183482537,1295.5127935634303,76.0694675452826,71.00674189386793,360.03053726773453,4306.760875488729
https://www.redfin.com/MO/Saint-Louis/7406-Virginia-Ave-63111/home/93710763,113.28147155143357,330.93746200104516,604.2487508879782,524.5396539829899,478.6707425450746,7096.234207011741
https://www.redfin.com/MO/Saint-Louis/5112-Cabanne-Ave-63113/home/93744797,469.98267455594987,802.5196233399213,672.9200159122698,460.86215211858786,443.41903305579535,4472.191328964174
https://www.redfin.com/MO/Saint-Louis/6240-McPherson-Ave-63130/home/93760188,170.81927265068157,148.8017865132302,931.6253794590184,191.6860915105257,489.94269791777816,1736.480046725616
https://www.redfin.com/MO/Saint-Louis/5872-Cabanne-Ave-63112/home/93723926,298.62188735460614,247.75024476700452,503.0018970623097,296.89507760385413,432.6126379961847,3863.6836294790833
https://www.redfin.com/MO/Saint-Louis/6202-Westminster-Pl-63130/home/93760179,34.80604777808035,224.80794108938184,782.5622821992462,25.800637419552725,310.40336257746446,2923.3815470722698
https://www.redfin.com/MO/Saint-Louis/4483-Laclede-Ave-63108/home/93725038,226.540667092008,504.23784846689847,592.5200741106364,83.36672523466531,174.02509291901652,4020.586261350906
https://www.redfin.com/MO/Saint-Louis/2918-Accomac-St-63104/home/93691012,280.5513256085411,564.782681907121,787.4594598130545,873.5489576037348,201.54083948921462,5378.943353388133
https://www.redfin.com/MO/Saint-Louis/4469-Westminster-Pl-63108/home/62742627,449.8574963357603,590.3463419086715,166.3626090523367,135.71810837336614,98.20876657774895,4593.579254032976
https://www.redfin.com/MO/Saint-Louis/4618-Maryland-Ave-63108/home/93724575,175.6460955596251,305.6066602468882,628.6991848119682,270.5814254877589,117.84943220387159,4795.909962935961
https://www.redfin.com/MO/Saint-Louis/4257-McPherson-Ave-63108/home/93725679,398.0403765020737,778.3567563250474,521.6681806626331,396.0595325234068,330.4028066879936,4933.516068434668
https://www.redfin.com/MO/Saint-Louis/4731-Westminster-Pl-63108/home/173619560,286.6977609432739,133.13354391099122,323.2723505014257,297.75824430931084,118.23916088868819,5748.98212541157
https://www.redfin.com/MO/Saint-Louis/4918-Tamm-Ave-63109/home/93780327,598.5593877736746,399.6851105225506,734.6696550830943,584.076206254043,587.9727205132137,3953.840391516448
https://www.redfin.com/MO/Saint-Louis/6002-W-Cabanne-Pl-63112/home/93739649,457.32015717126154,355.16059398422374,509.69663092137944,513.0746986473032,470.41113390297124,3725.7407845978773
https://www.redfin.com/MO/Saint-Louis/4222-Hartford-St-63116/home/93749851,170.65859698258117,593.4053601500942,510.34900887396964,181.10000136409155,237.70697046358097,4247.80305741751
https://www.redfin.com/MO/Saint-Louis/6234-Pershing-Ave-63130/home/93760148,151.4998341488313,293.3270156735552,632.9958231426574,140.45851089882578,787.4772266315516,2027.5546134755464
https://www.redfin.com/MO/Saint-Louis/6142-Westminster-Pl-63112/home/93760333,226.0676578794325,369.348115966483,519.4348837063421,210.21339024348117,250.74935177521357,3586.4092651665333
https://www.redfin.com/MO/Saint-Louis/6515-Odell-St-63139/home/93743834,284.5965858823853,971.3710159286568,962.6785357381265,807.6004895413829,305.34076490628996,4403.190345027064
https://www.redfin.com/MO/Saint-Louis/4373-McPherson-Ave-63108/home/93740336,485.38829075927913,650.2686087311283,290.7841521175327,487.4209610999563,228.9274165340093,4886.606590585209
https://www.redfin.com/MO/Saint-Louis/4534-Pershing-Pl-63108/home/93724621,364.79211001319914,291.600585357144,488.98608877502954,141.49607348972353,319.90081363839477,4234.820495695605
https://www.redfin.com/MO/Saint-Louis/3407-Giles-Ave-63116/home/93730338,323.49210943773454,841.0488846410092,1153.2899605587652,341.0285063949014,287.8809903997105,5313.452737431466
https://www.redfin.com/MO/Saint-Louis/5605-Chamberlain-Ave-63112/home/93681462,481.05974499961314,446.0582367177585,260.1980238980951,488.01961635951807,514.3636388156897,4392.399463424483
https://www.redfin.com/MO/Saint-Louis/5089-Westminster-Pl-63108/home/93749498,266.5448944755828,947.2630873279135,453.8844393641505,203.27133647774045,275.61416103387546,2452.9313849120526
https://www.redfin.com/MO/Saint-Louis/6643-Villa-Ave-63139/home/93750136,805.3083330419282,690.6926896636379,730.8174848443222,583.4157039171165,232.77068611764096,5884.353132843938
https://www.redfin.com/MO/Saint-Louis/6424-Southland-Ave-63109/home/93774316,78.08755826763505,811.5092424850563,508.1428700437192,89.47923823442754,78.70099865353323,5332.585211459307
https://www.redfin.com/MO/Saint-Louis/1835-Lafayette-Ave-63104/home/93697465,364.81994962724264,395.65801745327974,115.81078455428468,758.1372499198724,128.12802765893545,5482.673869546544
https://www.redfin.com/MO/Saint-Louis/4617-Maryland-Ave-63108/home/93672243,247.57711025417123,315.390761694678,607.818931074452,282.4691348742406,188.1478826797229,4530.045087356045
https://www.redfin.com/MO/Saint-Louis/2713-Utah-St-63118/home/93694189,318.27968475580633,485.3491950043147,1114.4630310643236,288.68575734466583,95.72667955435176,6286.987565188306
https://www.redfin.com/MO/Saint-Louis/3716-Arsenal-St-63116/home/93699835,35.118317054808806,353.2455180325701,747.580393714945,85.48959104588958,315.0817471038316,4113.077527486843
https://www.redfin.com/MO/Saint-Louis/6229-San-Bonita-Ave-63105/home/62724448,136.18682452017424,54.79470057547091,512.5567367750252,138.8898198124549,361.80649043145434,1668.47111433408
https://www.redfin.com/MO/Saint-Louis/2017-Allen-Ave-63104/home/109919979,178.15991113093267,757.9393468208467,142.10071214431304,412.138725682548,75.45865587551138,6797.7201166453915
https://www.redfin.com/MO/Saint-Louis/4622-Tower-Grove-Pl-63110/home/62757152,185.53237829771192,781.5414361719462,693.2703969854716,218.12219983355618,188.88548381975394,4619.452835816493
https://www.redfin.com/MO/Saint-Louis/2810-Park-Ave-63104/home/93682320,572.5558924472165,359.4069740989979,343.5640565840492,564.986332408288,77.85256943213399,6149.107193990777
https://www.redfin.com/MO/Saint-Louis/3953-Lafayette-Ave-63110/home/103204037,843.5690541584261,494.07893840022314,437.665122068373,323.992662104491,343.9475802577116,5897.913316673461
https://www.redfin.com/MO/Saint-Louis/4410-Louisiana-Ave-63111/home/93706036,307.9854502417998,551.1687216849741,496.3552708914375,336.29716482170153,360.145967414186,5333.449320044778
https://www.redfin.com/MO/Saint-Louis/605-Fassen-St-63111/home/93708324,187.7278372368613,987.5113704664469,304.63030475583184,375.3132431697351,238.86094782650383,6911.083166735203
https://www.redfin.com/MO/Saint-Louis/5357-Lindell-Blvd-63112/home/93723615,67.21981319370992,780.0787388783685,841.6408838242843,295.42499228437475,333.797255046475,3346.4579140965243
https://www.redfin.com/MO/Saint-Louis/40-Waterman-Pl-63112/home/93724354,179.2413531202137,928.8904377833973,517.3202395392184,185.22791381629906,188.14115493416858,2502.1426425944087
https://www.redfin.com/MO/Saint-Louis/2705-Lemp-Ave-63118/home/93697303,682.8786542604932,218.79770702738074,977.828452787376,379.5004238536517,77.47506956770697,7128.9926282764
https://www.redfin.com/MO/Saint-Louis/1926-Withnell-Ave-63118/home/93693991,322.93776135328363,196.26537145082278,1176.7924056650063,328.65326393904286,190.60389229254528,5927.884950937152
https://www.redfin.com/MO/Saint-Louis/4210-Wyoming-St-63116/home/80167991,578.3841034133001,290.3978128792703,223.4519439634812,568.1900521821368,289.41656816467065,4396.493237569263
https://www.redfin.com/MO/Saint-Louis/4012-Hartford-St-63116/home/93749776,168.4375146483704,572.9284522658862,168.6649567810641,162.5501688977572,398.9369144512596,4067.4939438033152
https://www.redfin.com/MO/Saint-Louis/3814-Fairview-Ave-63116/home/93730411,483.07602457909474,1042.6314045126526,1197.0575253629913,470.2201394081225,246.0409064743223,4767.752657700845
https://www.redfin.com/MO/Saint-Louis/3402-Longfellow-Blvd-63104/home/93748658,238.57151817132876,524.7396015696115,353.98348769280966,533.1539240124381,360.0117540091575,3298.8910570427693
https://www.redfin.com/MO/Saint-Louis/2805-Russell-Blvd-63104/home/93671782,36.38273347091526,635.8561509850989,508.82640615492625,534.9324478958147,265.5033311283188,6284.071136579476
https://www.redfin.com/MO/Saint-Louis/4040-Hartford-St-63116/home/62688221,172.6705557606816,528.155297059564,93.07889956410433,206.86737633104602,503.98459564625335,4168.054697077683
https://www.redfin.com/MO/Saint-Louis/1040-Lami-St-63104/home/93686072,446.55854797672697,281.36789245801816,487.9671079356311,208.8566354980886,196.10154337913707,8121.610545914544
https://www.redfin.com/MO/University-City/6208-Washington-Ave-63130/home/93760194,54.68840620355766,367.7796693495974,780.0518104082847,103.78453493189407,158.61344587179062,3197.687899530239
https://www.redfin.com/MO/Saint-Louis/6405-Hancock-Ave-63139/home/93743262,233.03386594450612,882.8412371807754,565.3552403369623,618.2018712416566,188.5141802636425,3933.16609737579
https://www.redfin.com/MO/Saint-Louis/3147-Garden-Hill-Ln-63139/home/93674318,214.41315033224066,481.5932085724841,892.6729790713891,207.2196256806294,230.07327828105977,7353.638698697156
https://www.redfin.com/MO/Saint-Louis/1415-S-Cardinal-Ave-63104/home/103202863,206.5416429218208,506.5292164465703,396.4136605905052,546.3059297134507,122.99818388189261,5555.280609124444
https://www.redfin.com/MO/Saint-Louis/4504-Pershing-Pl-63108/home/93724626,385.2462801771091,259.34754799403515,374.52336591238225,21.234878639883984,428.8066044022407,4599.194617646952
https://www.redfin.com/MO/St-Louis/1615-Carroll-St-63104/home/62747707,27.484179008134582,320.1121234153624,310.8659137521855,519.0338075381629,183.5126875748836,6896.291560020958
https://www.redfin.com/MO/Saint-Louis/4118-S-Compton-Ave-63118/home/93705255,554.2160735506848,216.63288269717526,344.5530830622427,179.15838054081638,194.21484092215886,5376.124444524832
https://www.redfin.com/MO/Saint-Louis/2135-S-Jefferson-Ave-63104/home/93690706,31.62548435823735,538.3665899622162,91.08507941661887,127.82490587923519,80.50080743049485,6261.797954620951
https://www.redfin.com/MO/Saint-Louis/1919-Pestalozzi-St-63118/home/187272116,318.9793969125014,283.3320001405866,1159.9398010050727,327.4502163932962,254.7486477453948,6940.169429633196
https://www.redfin.com/MO/Saint-Louis/4626-Maryland-Ave-63108/home/93724533,177.22405374793536,343.957526778767,665.9542328721909,247.73879610027328,112.45839175152362,4475.259190199602
https://www.redfin.com/MO/Saint-Louis/1045-S-Taylor-Ave-63110/home/93749265,346.53603072973965,517.981389005826,793.165819356918,336.7688368576915,60.97272811104328,4672.641681816422
https://www.redfin.com/MO/Saint-Louis/2101-Lynch-St-63118/home/103204412,400.471877907591,183.9071318614237,748.5911985254747,382.0103337251278,352.70483868909554,6561.934285015266
https://www.redfin.com/MO/Saint-Louis/6639-Villa-Ave-63139/home/173620407,831.1810802042409,684.1598795862626,750.3025485066834,592.8791382223186,201.49406553665182,5724.025854362769
https://www.redfin.com/MO/Saint-Louis/711-Geyer-Ave-63104/home/62758507,56.33637786658123,351.4887001943491,1094.6997433746892,72.02081013073764,184.94511800217285,6637.53225649923
https://www.redfin.com/MO/Saint-Louis/5900-W-Cabanne-Pl-63112/home/169426501,461.3793337876519,342.39492798232925,618.0734753645564,456.443308322722,560.895305421687,4152.493650032783
https://www.redfin.com/MO/Saint-Louis/4161-Olive-St-63108/home/103204152,309.284651145046,748.2224196212662,550.4768109567882,312.1601690841111,393.99928306519234,4534.774743245153
https://www.redfin.com/MO/Saint-Louis/7332-Yates-St-63116/home/93784853,437.4747018119168,990.0270922596673,381.5435277888956,448.7963712434645,264.49790853867006,6461.06849827386
https://www.redfin.com/MO/Saint-Louis/2227-S-11th-St-63104/home/93686398,267.3517533474787,347.01838297984995,671.0264800458428,262.77834881522944,81.82311225351604,8391.494331824377
https://www.redfin.com/MO/Saint-Louis/2956-Milton-Blvd-63104/home/93691101,282.85634693731265,647.0865234648243,629.9484688825977,985.9026971675104,220.40228526909806,5273.5414162976
https://www.redfin.com/MO/Saint-Louis/6559-Itaska-St-63109/home/93779608,190.43707705699327,551.7962768443963,194.12387299961026,451.7437215481135,426.8245927494046,6281.461500032632
https://www.redfin.com/MO/Saint-Louis/4211-McPherson-Ave-63108/home/93786186,347.14961194996124,642.2658062553577,572.1149973950426,340.56683561984556,170.5018239074919,4876.116701715213
https://www.redfin.com/MO/Saint-Louis/5036-Cabanne-Ave-63113/home/93744622,161.7156958893946,494.6743594393758,601.4482003057391,158.0206204592251,155.89587761245926,4506.0381726764035
https://www.redfin.com/MO/Saint-Louis/5526-Dugan-Ave-63110/home/93727051,627.4814593773895,780.0738282198897,547.2151111937676,661.5152645025946,259.2921502745064,5020.105017414515
https://www.redfin.com/MO/Saint-Louis/6658-Bancroft-Ave-63109/home/62779592,227.69355795574256,593.2534955432226,749.6189306868926,215.30468488324811,291.14994751610374,5392.720453211812
https://www.redfin.com/MO/Saint-Louis/2138-Nebraska-Ave-63104/home/80260873,164.80789658737038,543.4694202588469,701.1870372032814,739.8161443265752,216.94549432264392,5862.1260962416345
https://www.redfin.com/MO/Saint-Louis/2209-S-11th-St-63104/home/69753536,187.5551821898609,340.19180657574765,730.394307001441,191.05897672578232,69.16671504295579,8469.623737888833
https://www.redfin.com/MO/Saint-Louis/3219-Iowa-Ave-63118/home/143287833,412.1317320721676,521.318113400451,1040.1775962986403,398.7258232435716,205.442066610384,6481.841904627834
https://www.redfin.com/MO/Saint-Louis/6252-Westminster-Pl-63130/home/93760181,226.56929368356774,316.29073893154845,972.7145753152956,216.97519668184214,295.3109204086562,1559.401048968014
https://www.redfin.com/MO/St-Louis/1835-S-9th-St-63104/home/93676007,310.02268705437416,376.47901232768993,1092.1654830780194,308.77945973256675,97.36569429729825,7871.2021690188585
https://www.redfin.com/MO/Saint-Louis/1224-Kraft-St-63139/home/93750262,697.4435096187407,766.3450246053466,387.25343484338373,267.35243798975995,311.82829511263236,5273.351710908538
https://www.redfin.com/MO/Saint-Louis/4425-McPherson-Ave-63108/home/93740223,561.2766756262985,510.34533691028804,250.4634921449225,252.3792851364311,219.57357205707808,5234.409573161025
https://www.redfin.com/MO/Saint-Louis/3638-Russell-Blvd-63110/home/93747356,159.64796915114394,499.5758408605502,717.0103412616867,204.6717493262211,234.17112115231618,5423.764803626886
https://www.redfin.com/MO/Saint-Louis/4732-Westminster-Pl-63108/home/93709310,347.0933649825877,202.8171322759768,380.7482453476794,348.0365328620713,71.84735040380417,5194.054214185368
https://www.redfin.com/MO/Saint-Louis/3010-Geyer-Ave-63104/home/69350823,226.65222710128418,677.7728359807969,677.6550259804987,969.6346056738298,404.1882089916652,6482.631234458105
https://www.redfin.com/MO/Saint-Louis/3631-Utah-Pl-63116/home/93700110,139.20011193158797,540.5914013021866,862.0591054245218,152.4519837133857,113.50574930644491,5283.784076379013
https://www.redfin.com/MO/Saint-Louis/6049-Tholozan-Ave-63109/home/93780484,198.6616539262229,826.8662270866465,120.9286415785023,203.86643319462155,237.8720561341035,5582.708840246725
https://www.redfin.com/MO/Saint-Louis/1034-Geyer-Ave-63104/home/93685668,222.86066955546514,512.8984958339994,991.2864984324482,243.41674901127564,15.435527362366816,8927.531158749758
https://www.redfin.com/MO/Saint-Louis/3815-Robert-Ave-63116/home/93679219,413.3417216416872,832.0398885169673,847.3929241529526,562.8936614220003,407.35367396762996,6468.382854887178
https://www.redfin.com/MO/St-Louis/1919-Geyer-Ave-63104/home/160565074,307.73335338984106,700.1707628199528,309.7624077224579,439.1937421550522,59.949813395610335,5763.235651123818
https://www.redfin.com/MO/Saint-Louis/3244-Michigan-Ave-63118/home/62773908,235.77584825101917,481.9913268945893,474.5579186205061,219.63517879605268,180.3471514913097,7147.956524068589
https://www.redfin.com/MO/Saint-Louis/3624-Cleveland-Ave-63110/home/93700167,95.78100736614569,773.8158853859451,474.1559122834219,137.42906207635082,61.678139193072276,5921.389020851544
https://www.redfin.com/MO/Saint-Louis/4208-Delmar-Blvd-63108/home/103203048,38.218557059793255,587.9506006425578,529.2125337021537,78.8946626729066,78.84962991417635,4654.898788734219
https://www.redfin.com/MO/Saint-Louis/1226-Dolman-St-63104/home/143286333,79.25782161006265,277.92693943010323,179.2656168482024,395.92127987042824,150.34060501004018,7388.0583263103445
https://www.redfin.com/MO/Saint-Louis/5882-Delor-St-63109/home/93768886,324.7844247973588,552.6282469280562,523.8952446177814,311.14983626671085,299.16233827928806,4737.715277248508
https://www.redfin.com/MO/Saint-Louis/1800-S-13th-St-63104/home/93671092,96.15752541438049,486.46521005819517,665.3564358480004,134.74360983258464,206.56608435820556,6449.504217926179
https://www.redfin.com/MO/Saint-Louis/3223-Geyer-Ave-63104/home/93689594,101.74656666051037,412.7148121451226,745.8623879839904,664.0368524472331,375.1491023471526,6369.360492785818
https://www.redfin.com/MO/Saint-Louis/1552-Fairmount-Ave-63139/home/103203130,499.3715993904478,436.3652585231307,585.1378036406622,485.3315018880361,235.7109719910946,5803.204659827156
https://www.redfin.com/MO/Saint-Louis/5733-Waterman-Blvd-63112/home/143294201,146.02545714398718,285.3005517786369,374.59921866744304,104.90470170145946,306.85153891801747,4993.998912062778
https://www.redfin.com/MO/Saint-Louis/3834-Flad-Ave-63110/home/68294038,441.95253898695273,509.6355761104104,489.7590613384389,153.4433403136581,422.40411675519476,5674.370359036616
https://www.redfin.com/MO/Saint-Louis/5366-Odell-St-63139/home/176875227,125.04122648049533,478.53165979199485,700.688525933968,138.60204259306673,112.10509879811353,4274.741022171048
https://www.redfin.com/MO/Saint-Louis/24-Lewis-Pl-63113/home/93749621,366.0509117620114,436.2600866843344,729.9954188649474,236.4734671286626,307.06769105996494,5059.335135615073
https://www.redfin.com/MO/Saint-Louis/5257-Washington-Pl-63108/home/62730993,112.0100078085649,979.44560662849,338.2716256567147,148.48047846744367,74.23195772991193,4053.6597315081212
https://www.redfin.com/MO/Saint-Louis/7327-Pennsylvania-Ave-63111/home/62774153,169.4371667339569,473.92508135527993,689.1861461678064,165.34902556124396,125.10186301673586,7450.329289714399
https://www.redfin.com/MO/Saint-Louis/1906-Wyoming-St-63118/home/62697998,173.6263862728698,175.02936425481897,1334.8531935488263,170.06557653891196,271.3093165588564,6739.878587599144
https://www.redfin.com/MO/Saint-Louis/2601-Louisiana-Ave-63118/home/62707327,289.3210427512768,1033.2661011128623,207.19256327823007,474.2629764514339,178.59910287376144,6482.515571282642
https://www.redfin.com/MO/Saint-Louis/1231-Kraft-St-63139/home/93765763,655.8452711550826,818.4792754784311,380.43709947552907,294.2811104134018,336.6025432485223,5436.964498778757
https://www.redfin.com/MO/Saint-Louis/4228-Walsh-St-63116/home/93774010,151.61842643300983,247.97162585847335,136.8243631335302,288.2488957513426,256.2856861853931,4718.354482367842
https://www.redfin.com/MO/Saint-Louis/2018-Geyer-Ave-63104/home/93690492,242.04385407914535,685.2065709096576,179.10986365605197,485.08701272863755,74.58068283329145,6947.011609829497
https://www.redfin.com/MO/Saint-Louis/4059-Blaine-Ave-63110/home/143285861,713.0719207047425,95.8708230810915,444.8300524088977,575.260150899966,209.5748280614121,5156.445166453751
https://www.redfin.com/MO/Saint-Louis/3854-Shenandoah-Ave-63110/home/143286603,513.5869213548589,580.8032355264965,266.3455677054698,86.698116052185,431.95643341247734,5492.546581810686
https://www.redfin.com/MO/Saint-Louis/4233-Maryland-Ave-63108/home/93673900,211.83112970103636,585.5337467304767,499.97302677022833,223.3279771106182,165.33641147298061,4936.411181091011
https://www.redfin.com/MO/Saint-Louis/3904-Olive-St-63108/home/143285862,39.00103479547054,308.2759867057314,360.64967839699676,345.0416197749728,207.06489736236833,4801.976607085629
https://www.redfin.com/MO/Saint-Louis/4417-McPherson-Ave-63108/home/93740240,548.224350806472,523.429617743161,234.9101360731063,295.6747998232653,214.95618615477622,4717.882291906226
https://www.redfin.com/MO/Saint-Louis/6507-Murdoch-Ave-63109/home/93779546,285.9861322215349,644.3058458885919,249.38372007578045,289.80001835790983,213.69809217034523,5152.424819302914
https://www.redfin.com/MO/Saint-Louis/215-N-Sarah-St-63108/unit-9/home/181866739,165.78236899135473,44.984212396463306,372.25678103465197,153.6764547119094,214.38638744532136,3956.180757015488
https://www.redfin.com/MO/St-Louis/6293-Magnolia-Ave-63139/home/191523885,612.4989990782901,384.34623817798354,503.1545566535312,697.283533040175,116.67575168200398,5872.113647102468
https://www.redfin.com/MO/Saint-Louis/4022-Flora-Pl-63110/home/93746618,996.177073100819,82.63159213556627,366.6567055181712,399.7669877825202,430.5544870389789,5461.784507799391
https://www.redfin.com/MO/Saint-Louis/4166-Westminster-Pl-63108/home/93725349,401.490729656086,653.4195187696195,499.8759126799235,405.0865498194665,191.37035846865248,4718.374027297917
https://www.redfin.com/MO/Saint-Louis/6246-Magnolia-Ave-63139/home/62745929,567.5456379748055,412.4548984512961,477.53641776892084,671.4720241311943,128.8261904221466,5606.330995652395
https://www.redfin.com/MO/Saint-Louis/3800-Connecticut-St-63116/home/93728467,427.2962508048021,459.28536817417074,915.5946799098023,415.74565378901053,420.5068605824311,5676.807669495551
https://www.redfin.com/MO/University-City/6219-Washington-Ave-63130/home/93760158,70.03957212985705,297.85628814963553,720.8750599031034,84.31545199697496,90.90768543554722,3279.3967336231403
https://www.redfin.com/MO/Saint-Louis/4177-Shenandoah-Ave-63110/home/93746513,1001.3363071706239,633.4989627376999,362.90062797434217,763.8005777776506,286.5949108929977,4744.852083935723
https://www.redfin.com/MO/Saint-Louis/5008-Raymond-Ave-63113/home/93752553,55.23318025955504,418.7343434875269,474.09861791319656,89.18625210317747,40.112646140771005,4863.311462982619
https://www.redfin.com/MO/Saint-Louis/5244-Westminster-Pl-63108/home/93745889,234.16261859071005,1166.9590659022435,125.17111752858287,198.56257108052498,297.9732752954673,3753.385820234395
https://www.redfin.com/MO/Saint-Louis/5130-Washington-Pl-63108/home/93749475,179.42665963078895,1102.9480874280375,361.7017417816873,217.13778616129034,186.03097195494638,3273.712889027035
https://www.redfin.com/MO/Saint-Louis/17-Windermere-Pl-63112/home/93723969,236.09771894975518,260.1761401469213,302.8227715013564,243.6731451694003,352.48842339562367,2230.6736873176083
https://www.redfin.com/MO/Saint-Louis/5541-Chamberlain-Ave-63112/home/93722443,351.15066441717255,627.6347397297549,300.2177771808018,345.53256769429703,769.9564699025381,5337.358246074786
https://www.redfin.com/MO/Saint-Louis/1917-Hebert-St-63107/home/93688586,207.14023845552845,426.5014765145188,396.83073164115046,227.2411284489327,290.06129959795675,7950.386474424714
https://www.redfin.com/MO/Saint-Louis/5057-Westminster-Pl-63108/home/93749500,242.93830876541386,826.5284260713555,568.8766801389763,223.33898546394545,163.52513787779893,3188.9517450544768
https://www.redfin.com/MO/Saint-Louis/3757-Westminster-Pl-63108/home/93726138,182.16567202038408,288.9740979485421,361.5980617806916,213.4301740947519,384.57961196137734,4942.96785979992
https://www.redfin.com/MO/Saint-Louis/5209-Cabanne-Ave-63113/home/93752322,263.58123921540226,581.5143766342818,390.9590018849461,250.91005099991233,198.99647712670273,5380.775711123041
https://www.redfin.com/MO/Saint-Louis/4405-Westminster-Pl-63108/home/93739936,449.2804614139595,673.7282181637687,348.6581235420556,361.13021109855094,74.20821125415239,4839.867097280171
https://www.redfin.com/MO/Saint-Louis/5031-Wells-Ave-63113/home/93720951,84.59845015174542,322.9542896075393,559.5636834555443,76.41031598747384,116.73941795178497,4633.297966897157
https://www.redfin.com/MO/Saint-Louis/3628-Castleman-Ave-63110/home/62694408,125.66586581190104,418.2773557990399,740.2616261981672,155.056856139312,121.58191856502336,4862.258513624089
https://www.redfin.com/MO/Saint-Louis/3463-Longfellow-Blvd-63104/home/93691006,180.82633253191037,402.4902581544428,443.35615500287344,287.31160004674894,400.12059464415006,2986.8155428567193
https://www.redfin.com/MO/Saint-Louis/3137-Longfellow-Blvd-63104/home/93690977,89.45415314203828,714.6905768779761,584.2386650511602,881.2269657788363,313.76055994305824,3771.5087115638175
https://www.redfin.com/MO/Saint-Louis/2327-S-12th-St-63104/home/93686449,402.10594178976606,459.81137030668333,678.5474245516997,143.5599131843102,175.81181494721616,8011.914291023401
https://www.redfin.com/MO/Saint-Louis/1827-S-Compton-Ave-63104/home/93689585,35.38102899522659,439.8382640378196,798.1629270995652,729.3922738850562,342.111122293404,6703.474577226777
https://www.redfin.com/MO/Saint-Louis/5226-Washington-Pl-63108/home/93749449,181.91168380272958,1098.7502216258272,248.83343311417443,180.88153922969184,158.09268664997242,3345.5388708204896
https://www.redfin.com/MO/Saint-Louis/5086-Westminster-Pl-63108/home/93746019,331.2033732636944,953.9253679094846,438.1956408920713,138.6185198565494,297.55828505878577,1953.8801713934151
https://www.redfin.com/MO/Saint-Louis/8-Beverly-Pl-63112/home/93753987,91.0475301483487,429.2729241567957,515.5069575022092,235.11371155755438,491.52843931516674,3196.353136886066
https://www.redfin.com/MO/Saint-Louis/2715-Osage-St-63118/home/93704334,327.5552217410133,293.2019228623234,270.9337821512214,311.63041560901206,154.68272920602269,5506.712751404434
https://www.redfin.com/MO/Saint-Louis/6155-McPherson-Ave-63112/home/93760384,186.00855179894194,223.19410065807915,600.5867605511332,195.02091318836946,451.0832644677827,3878.0768399604804
https://www.redfin.com/MO/Saint-Louis/4970-Wabada-Ave-63113/home/93737190,54.86369380765069,580.3171030540831,229.5940285670392,138.013492077559,607.8856134504059,4672.695950575739
https://www.redfin.com/MO/Saint-Louis/6014-W-Cabanne-Pl-63112/home/93739664,415.4492085540349,317.79772799161657,459.6208525285561,496.6651419174633,422.89921837493796,3352.3745362420536
https://www.redfin.com/MO/Saint-Louis/3215-Hawthorne-Blvd-63104/home/93748588,72.33514378182399,701.7482246705996,357.9062264484442,695.253224675308,171.8865222398055,3786.608576398271
https://www.redfin.com/MO/Saint-Louis/7217-Minnesota-Ave-63111/home/93710397,107.80939821930984,574.3347379610275,467.1556211088262,303.31871977655874,241.8469979304246,7751.870052174907
https://www.redfin.com/MO/Saint-Louis/5-Lenox-Pl-63108/home/62720102,570.2773150778692,444.2446226391844,528.9539871176071,304.08120695524974,269.09192100587296,4413.553598371753
https://www.redfin.com/MO/Saint-Louis/5093-Washington-Pl-63108/home/93749544,115.99306379705772,958.4870734419519,512.9765899680403,108.72263103559999,152.73469599790096,2700.9799677540473
https://www.redfin.com/MO/Saint-Louis/3604-Loughborough-Ave-63116/home/76779016,42.78549006388435,563.9755138402941,807.8101970681809,128.56668133446686,98.85113502743464,3916.1103565350227
https://www.redfin.com/MO/Saint-Louis/4532-Newberry-Ter-63113/home/93739434,200.76386164683117,261.8319418888823,848.9200706196547,197.03745227398247,124.82876808102398,4367.741499994229
https://www.redfin.com/MO/Saint-Louis/5129-Vernon-Ave-63113/home/62699509,251.74766960611197,605.0608926984761,795.5595990317851,257.84391536512607,467.20153014036055,5896.747080298441
https://www.redfin.com/MO/Saint-Louis/4009-Labadie-Ave-63107/home/93716364,345.17765443075393,1076.8909293171557,329.5416238403646,181.78928746918254,380.73282665054137,5907.19929302409
https://www.redfin.com/MO/Saint-Louis/5020-Creighton-Dr-63123/home/93783033,86.14255140169965,1485.9918449078975,1192.3459386044233,112.43797134424443,77.34825394662653,4743.13870458286
https://www.redfin.com/MO/Saint-Louis/6221-Nottingham-Ave-63109/home/93780188,358.8239730555743,227.05688252753313,895.434971795651,347.836491577515,339.44274212594036,5820.4426282587
https://www.redfin.com/MO/Saint-Louis/88-Waterman-Pl-63112/home/93724346,273.05527503857945,732.4897950250333,731.6187095138971,138.27064739248738,348.55877365708693,2466.147795942708
https://www.redfin.com/MO/Saint-Louis/4438-Enright-Ave-63108/home/93739817,123.09992714521128,684.440059843518,459.64876485746703,171.87526931733393,250.5935949516375,5454.0423865559005
https://www.redfin.com/MO/Saint-Louis/44-Kingsbury-Pl-63112/home/93724168,425.20653179959766,356.38383644858334,478.2668958356406,336.78304178337766,576.0457988901247,1897.0014742218216
https://www.redfin.com/MO/Saint-Louis/7628-Pennsylvania-Ave-63111/home/93710626,115.77222361207846,104.41924568676632,1064.9063554919219,269.5843588281287,91.89854583758506,8049.362201782731
https://www.redfin.com/MO/St-Louis/2038-Fair-Ave-63107/home/192431937,111.78118750518554,518.6463444533989,909.9378181947422,322.82931250355,1143.0281706825165,4999.244928403835
https://www.redfin.com/MO/Saint-Louis/4724-Westminster-Pl-63108/home/93709314,359.09532044102156,198.78641520897082,394.41531499535984,367.8964872158317,80.24078844968867,5322.643108929822
https://www.redfin.com/MO/Saint-Louis/6106-McPherson-Ave-63112/home/93760248,313.63040260596284,301.77353297679394,463.0473296514026,104.3428024051996,526.116460481143,3487.097997702986
https://www.redfin.com/MO/Saint-Louis/3716-Hartford-St-63116/home/93699712,170.67553169657728,304.1214681954058,883.0311183254202,194.67754126441545,317.95435724207744,4997.303745536316
https://www.redfin.com/MO/Saint-Louis/3825-Hartford-St-63116/home/93728277,109.08501295098326,517.5372929419145,818.8476329279897,128.1425460126632,284.41253350651425,4844.396424168768
https://www.redfin.com/MO/Saint-Louis/5121-Washington-Pl-63108/home/93749490,116.15195678947136,1076.3247027752263,425.70499221355243,150.27055518642595,170.72200500692952,3378.3254190601533
https://www.redfin.com/MO/Saint-Louis/4329-Gravois-Ave-63116/home/93726574,39.364584254231396,1073.4466595361714,460.8880994405478,309.1595160011419,238.5450380221293,5138.9097488069165
https://www.redfin.com/MO/Saint-Louis/3456-Alberta-St-63118/home/93704689,191.22183144289278,538.7245885835143,902.835542998414,212.29382484908854,142.3405189656609,5696.481272437647
https://www.redfin.com/MO/Saint-Louis/6123-Kingsbury-Ave-63112/home/63700685,317.29701582617236,335.24535836451736,436.71223398814834,305.2161879910612,336.56214800510185,2830.1795234693
https://www.redfin.com/MO/Saint-Louis/2323-Lafayette-Ave-63104/home/93700585,135.81759732125818,419.222274204853,610.7463239189864,129.89535702661325,84.52614319936151,6060.5354689115475
https://www.redfin.com/MO/Saint-Louis/3646-Hartford-St-63116/home/62758849,170.87869545766767,176.17038939301486,856.1374367778426,222.70483790271453,192.54539654631554,5754.497389003213
https://www.redfin.com/MO/Saint-Louis/3932-Missouri-Ave-63118/home/93704194,292.3206714353104,515.9255858414799,504.3823035463994,293.7625239192207,255.98536692753675,5904.496899987909
https://www.redfin.com/MO/Saint-Louis/5617-Vernon-Ave-63112/home/93709981,426.31314696821175,191.86643915219236,163.32929767412338,435.540574787251,405.16670436650816,4289.552865831343
https://www.redfin.com/MO/Saint-Louis/3509-Sidney-St-63104/home/93692391,208.50013055242854,965.1770738494786,286.0089484579685,212.55891352885527,180.10388013688512,5875.217988805696
https://www.redfin.com/MO/Saint-Louis/5013-Maple-Ave-63113/home/93752638,68.17886600409004,626.5073534115403,565.9493191752694,118.22415270199441,36.79918342840736,5144.679714608538
https://www.redfin.com/MO/Saint-Louis/4397-Westminster-Pl-63108/home/93740311,451.8027880288457,693.3720957166842,374.5711654374391,415.6210172488809,72.13030102068738,4763.054614338995
https://www.redfin.com/MO/Saint-Louis/5135-Cabanne-Ave-63113/home/93752279,506.3265671746272,741.506698582978,622.8774835486198,508.47810030431197,487.7053340633151,5302.439681854149
https://www.redfin.com/MO/Saint-Louis/5098-Westminster-Pl-63108/home/62691391,323.20131660672257,992.4221411592032,400.76804693130913,156.29234556822777,330.36693001680743,2340.042573445181
https://www.redfin.com/MO/Saint-Louis/6253-Westminster-Pl-63130/home/93760202,226.30412610919635,368.66953797074547,917.2963326614154,230.08535738518756,231.01323318272293,1700.668765290511
https://www.redfin.com/MO/Saint-Louis/1727-Carroll-St-63104/home/68327984,202.55965679856544,216.9861683598838,360.2831132486766,663.2343118883284,109.58079363810072,6352.566413721009
https://www.redfin.com/MO/Saint-Louis/11-Thornby-Pl-63112/home/93723566,186.18208424840049,187.77436172120895,226.27209634012428,208.4366948036914,256.659454600484,5372.425715057464
https://www.redfin.com/MO/Saint-Louis/5123-Westminster-Pl-63108/home/93749504,265.9221161579521,1080.4512556675372,332.52767867892896,254.5865084499609,271.0334064838457,3314.2446909421283
https://www.redfin.com/MO/Saint-Louis/4033-Russell-Blvd-63110/home/93747106,1054.9308529645257,218.89774106746847,219.01150732734217,236.52331357629728,254.6890832700909,5584.436305818945
https://www.redfin.com/MO/Saint-Louis/5828-Julian-Ave-63112/home/93723086,120.32204664923162,591.9903714643565,648.2547848089228,113.699715579641,689.4056634118963,4213.2639255820895
https://www.redfin.com/MO/Saint-Louis/4925-Fountain-Ave-63113/home/93787071,216.37905810674,136.045937387072,234.3137570874118,228.66384616667094,190.88036837078607,4496.643458001524
https://www.redfin.com/MO/Saint-Louis/5750-Waterman-Blvd-63112/home/93762753,219.48206331114721,315.39904467840717,462.270831492399,158.36515116179163,326.8367362829884,5511.160605550697
https://www.redfin.com/MO/Saint-Louis/2933-Dodier-St-63107/home/93754633,309.37713439928774,977.8534370073338,399.1690289194711,292.11812180836245,329.4626962088187,5924.294418417654
https://www.redfin.com/MO/Saint-Louis/4537-Maryland-Ave-63108/home/93724735,252.8365745300794,218.4892134958141,496.65560659383874,189.47535551349114,247.0532851087099,4126.245637451559
https://www.redfin.com/MO/Saint-Louis/4407-S-Grand-Blvd-63111/home/62706849,29.478061494144256,888.8655179625304,673.3280368181515,141.03962708422705,368.8893013912584,6139.253155059001
https://www.redfin.com/MO/Saint-Louis/4931-Pershing-Pl-63108/home/62739141,208.1786821486845,628.2333068438007,763.0360870268574,236.70554096101128,202.94224305525518,3235.482561928633
https://www.redfin.com/MO/Saint-Louis/35-Kingsbury-Pl-63112/home/93763721,322.8388261789588,407.4749900920353,542.6523629952823,316.84591789767506,647.6705935376308,789.8400794342731
https://www.redfin.com/MO/Saint-Louis/2-Arundel-Pl-63105/home/93769343,41.62234580218809,580.990218885092,337.8391432829528,28.955644445778457,875.1812758904116,1546.4982409821985
https://www.redfin.com/MO/Saint-Louis/6185-Westminster-Pl-63112/home/93760455,65.90036729700508,341.4089675629841,680.5426936545131,51.96013623663074,204.70730880687393,3568.6511366835325
https://www.redfin.com/MO/Saint-Louis/3200-Arsenal-St-63118/home/93692846,19.72400106517576,800.9571898486447,313.4244083959675,23.2628548106843,48.728306239955224,6407.642701792766
https://www.redfin.com/MO/Saint-Louis/4324-McPherson-Ave-63108/home/93725562,370.37567184630745,750.7946327524215,391.80080891009067,366.2666543176525,311.4172080876394,3874.5906709720166
https://www.redfin.com/MO/Saint-Louis/2633-Clifton-Ave-63139/home/93743593,687.4168416158409,290.2911406332397,602.6448988951885,713.7953136602023,176.05670396018797,5317.30362480505
https://www.redfin.com/MO/Saint-Louis/3209-Utah-St-63118/home/93693103,102.81224399602955,632.8231107253487,431.19629851471944,113.80517393752788,71.1815030903362,7499.370026217424
https://www.redfin.com/MO/Saint-Louis/1550-Grape-Ave-63147/home/93731732,213.4723683595269,1302.4132774294612,605.7058225184066,850.8900102347995,202.739138810949,5404.654515942346
https://www.redfin.com/MO/Saint-Louis/3915-Greer-Ave-63107/home/93753580,72.74939787116055,887.6455140659364,371.5724204084798,331.99559273161026,251.21418034462013,5734.08250767871
https://www.redfin.com/MO/Saint-Louis/4554-Holly-Ave-63115/home/93714053,119.92499121115621,646.8687649143016,596.0208871586841,144.78647234357422,601.1630781295452,4156.435836582276
https://www.redfin.com/MO/Saint-Louis/5530-Etzel-Ave-63112/home/93722349,102.32423741428491,732.914990711784,164.81178111140238,125.70548985629911,663.5692744596347,4385.21521702544
https://www.redfin.com/MO/Saint-Louis/2918-Geyer-Ave-63104/home/93690003,226.92448541066344,748.7835982739539,609.1861457208606,875.595391451459,443.9193610826141,6928.972198617912
https://www.redfin.com/MO/Saint-Louis/3134-Longfellow-Blvd-63104/home/93691049,137.32036097643103,786.7204407509257,581.8896297510823,916.1188978966017,275.2044335132566,4168.985182280466
https://www.redfin.com/MO/Saint-Louis/4102-Concordia-Ave-63116/home/93770968,285.530214601659,1059.3595706252643,520.5130523998707,839.5326225977544,463.9639490052608,4547.0686686432755
https://www.redfin.com/MO/Saint-Louis/4404-Washington-Blvd-63108/home/62685591,188.37085902478836,832.9035527571289,337.4669218810257,177.2321894764275,128.07487452152245,4281.693413158499
https://www.redfin.com/MO/Saint-Louis/5959-Clemens-Ave-63112/home/93739257,364.00451775220745,230.4018883200139,588.9322405552793,327.0807715216813,323.7026705502325,3912.5573704652193
https://www.redfin.com/MO/Saint-Louis/5958-Plymouth-Ave-63112/home/93723095,277.53272255849197,187.12054109882052,910.0026310222466,506.3081681392756,433.56205928971013,4629.547397140306
https://www.redfin.com/MO/Saint-Louis/3506-Hawthorne-Blvd-63104/home/93691151,219.97610085269199,635.6446906493617,285.8269697165758,215.40949251056597,261.47307764262547,4302.134476978715
https://www.redfin.com/MO/Saint-Louis/6220-Westminster-Pl-63130/home/81949289,95.72120345465417,234.3528880615429,843.3513530975001,86.08844386178664,299.39323890099445,2624.833935048564
https://www.redfin.com/MO/Saint-Louis/2206-Saint-Louis-Ave-63106/home/93687692,531.8803099726381,183.27553155527556,1069.0187564158305,209.9789669174644,318.9197665609287,4410.207058959297
https://www.redfin.com/MO/Saint-Louis/4315-Delmar-Blvd-63108/home/93739771,32.33752860776354,802.1118782480751,538.2569249339875,105.56937257104133,88.94730001791835,4889.88879245776
https://www.redfin.com/MO/Saint-Louis/3518-Crittenden-St-63118/home/93692726,100.54662246002836,364.4075911224027,631.2761636576661,145.82841942688142,140.98716904328342,6193.227667172227
https://www.redfin.com/MO/Saint-Louis/4152-Delmar-Blvd-63108/home/93745280,31.50918113426405,472.8237155297437,583.5657703747714,125.58377124143172,225.95316069772815,4930.577970993743
https://www.redfin.com/MO/Saint-Louis/4126-S-Grand-Blvd-63118/home/93705703,31.525015349780343,562.4775496436235,571.5525276679307,53.68266440483193,73.82439099193459,5748.930608089114
https://www.redfin.com/MO/Saint-Louis/5842-Clemens-Ave-63112/home/93739320,177.85124349703236,270.4213835951973,512.9771207401269,311.86233849638796,254.66470549142383,4497.2448872988225
https://www.redfin.com/MO/Saint-Louis/3800-Flora-Pl-63110/home/93700330,321.99714116641724,607.156948110925,619.548599627842,270.20851407564624,372.3593532195832,4741.581002301107
https://www.redfin.com/MO/Saint-Louis/2116-S-Grand-Blvd-63104/home/93691111,27.41895399227427,381.13745561729905,654.7878216409852,109.0295623775256,253.97988849065402,4325.019040553897
https://www.redfin.com/MO/Saint-Louis/4358-McPherson-Ave-63108/home/93725554,401.1533148133173,637.7895010867077,280.74723345649886,416.98330415024157,291.91229764748635,4801.7162356825975
https://www.redfin.com/MO/Saint-Louis/3501-Park-Ave-63104/home/93689867,238.05123113508228,490.23139634769814,303.80002753847316,255.70411025305873,358.7066602342168,4495.349589733054
https://www.redfin.com/MO/Saint-Louis/4266-Washington-Blvd-63108/home/93740291,191.2554135483907,791.0850832059401,686.1625787418734,206.09479218396686,179.51291168008694,4950.171284913359
https://www.redfin.com/MO/Saint-Louis/4001-Lafayette-Ave-63110/home/143286973,947.7500309508166,411.81395832263837,438.2446682901822,312.6105642984261,326.7669021899361,5618.282723938373
https://www.redfin.com/MO/Saint-Louis/5473-Enright-Ave-63112/home/93761761,218.1730532884373,319.9788323761894,632.5369345678695,223.85173843386394,691.4778007968364,3709.2657494872383
https://www.redfin.com/MO/Saint-Louis/94-Waterman-Pl-63112/home/93724347,269.98517492062444,712.0268438181124,756.6925181253015,128.82943843713,369.9031273462499,2563.999477759979
https://www.redfin.com/MO/Saint-Louis/3632-Cook-Ave-63113/home/93701333,147.73719357076573,512.3613082422822,386.5746577652883,201.10582880871723,146.2575740533904,5838.19691019728
https://www.redfin.com/MO/Saint-Louis/5614-Etzel-Ave-63112/home/93722431,295.80802891148636,645.1581682385021,492.28334320948875,282.39602231979137,620.3101838719967,4852.331028930862
https://www.redfin.com/MO/Saint-Louis/4484-Westminster-Pl-63108/home/62753064,521.3382285795078,545.3124280285209,221.8249264727153,85.22525863509333,142.7674917172838,4588.009286892154
https://www.redfin.com/MO/Saint-Louis/2249-Saint-Louis-Ave-63106/home/93687647,454.0794833440037,357.1085869272704,1165.5201333432294,70.29713942643711,351.83220755324976,5335.6335825301185
https://www.redfin.com/MO/Saint-Louis/48-Kingsbury-Pl-63112/home/93724162,422.8649057446665,311.9003405879716,429.84852184322733,354.1230984271029,526.1526790189357,2067.6410147119122
https://www.redfin.com/MO/Saint-Louis/4023-Russell-Blvd-63110/home/93747124,1015.0721021762374,198.76164903952497,186.26286022811107,221.44455445699202,286.28756964879904,5517.337068254055
https://www.redfin.com/MO/Saint-Louis/3880-Utah-Pl-63116/home/93700036,758.9059684586675,956.8322330362122,830.4713886091446,748.7533907702826,503.85509643050557,4136.882028557222
https://www.redfin.com/MO/Saint-Louis/4232-E-Labadie-Ave-63115/home/93716843,782.5787049103213,559.7185408240667,676.1651647616065,168.059906703851,270.0587414271994,5498.979774705932
https://www.redfin.com/MO/Saint-Louis/5535-Maple-Ave-63112/home/93745117,506.7118199170516,503.51672557304175,157.54792174699588,495.4513457733655,691.6810682494522,4785.217028390117
https://www.redfin.com/MO/Saint-Louis/3400-Magnolia-Ave-63118/home/93692502,278.6571377401683,866.540895521129,477.3199016043584,476.93737102557566,228.55051820006653,7316.171981398588
https://www.redfin.com/MO/Saint-Louis/3911-Greer-Ave-63107/home/62699419,55.066404516572334,886.6283009866545,387.2278288752297,326.23436389808717,244.78358723524465,5663.77284100518
https://www.redfin.com/MO/Saint-Louis/14-Lenox-Pl-63108/home/93754355,454.567605134816,488.3604108880981,663.728109229624,407.26219197059135,201.1718650469687,3588.055133714047
https://www.redfin.com/MO/Saint-Louis/2709-Accomac-St-63104/home/93690668,229.0397561010375,347.24331476306014,302.32280443245685,350.2247828471918,230.97126255292088,5770.886062648649
https://www.redfin.com/MO/Saint-Louis/5644-Bartmer-Ave-63112/home/93722467,325.0293998517607,481.93567760356325,367.8126637797041,323.7428270601677,434.5659921722868,4571.05738828203
https://www.redfin.com/MO/Saint-Louis/4210-Cleveland-Ave-63110/home/93746788,1036.8897778685237,537.2513326416176,393.91974651011446,687.8132956607911,385.4356309114245,5239.271988940982
https://www.redfin.com/MO/Saint-Louis/5019-Raymond-Ave-63113/home/93752461,94.06793535972028,477.5737249828575,512.2425961893482,114.21390271563244,78.92814184836872,4881.484212297947
https://www.redfin.com/MO/Saint-Louis/1851-Menard-St-63104/home/93682366,212.04230070126525,583.8116327467486,954.0440893529534,342.26367574396494,137.01202644805775,8840.448337056872
https://www.redfin.com/MO/Saint-Louis/5020-Enright-Ave-63108/home/93744617,100.40135799707105,631.7641521325077,555.3439877761615,126.49770718494118,86.00804698154731,3633.890955373536
https://www.redfin.com/MO/Saint-Louis/4242-Oregon-Ave-63111/home/93705557,289.80928533639053,495.06446864758766,295.3822152895913,180.59652634929955,164.16066148858,5838.937520503098
https://www.redfin.com/MO/Saint-Louis/33-Waterman-Pl-63112/home/93724314,150.83201787098727,925.786112580165,472.545847019654,176.42173001244524,256.6198887209314,2048.2662463566803
https://www.redfin.com/MO/Saint-Louis/2110-Lafayette-Ave-63104/home/93690357,434.46043525761183,303.9301208766557,390.4644496252549,435.8405362989931,380.99512316504627,5122.817944980157
https://www.redfin.com/MO/Saint-Louis/4531-Washington-Blvd-63108/home/143292581,122.8835699985061,394.20342973444855,241.32361638121685,125.91370320452502,72.99786767536742,4796.221814696531
https://www.redfin.com/MO/Saint-Louis/4957-Holly-Hills-Ave-63109/home/93770801,244.46414794088906,1026.094770223646,742.3494147209317,267.36723358308865,91.36318340915145,4031.4269318710626
https://www.redfin.com/MO/Saint-Louis/4912-Clifton-Ave-63109/home/93769164,311.4092654464682,280.89126367303965,792.2617102001337,298.2617336717423,284.54017935736124,5380.159771005015
https://www.redfin.com/MO/Saint-Louis/5554-Chamberlain-Ave-63112/home/93745112,438.2474318985684,546.3588451108553,213.30565429364864,432.05517842434625,706.8806625046965,4979.723459094171
https://www.redfin.com/MO/Saint-Louis/3451-Sidney-St-63104/home/80842841,301.1518806336303,968.8438880858469,218.28520199382882,301.1052605539785,250.5811653169141,5729.070334744294
https://www.redfin.com/MO/Saint-Louis/4929-Holly-Hills-Ave-63109/home/93770802,135.73856198031424,920.9353916082722,707.0920929189981,154.81367045799018,96.01918918288384,4380.2537124410765
https://www.redfin.com/MO/Saint-Louis/1936-McCausland-Ave-63117/home/93741335,33.39190499588256,522.5162913075793,349.37126593735877,636.8493821619157,270.0075713842852,4779.8085682727005
https://www.redfin.com/MO/Saint-Louis/1286-Oak-Ct-63112/home/93723207,79.36573776369613,301.9366049312008,1068.5658485091064,114.23778395682672,231.6779089215563,5426.534426163144
https://www.redfin.com/MO/Saint-Louis/2919-Accomac-St-63104/home/93691013,222.30552618593745,591.698089371233,797.71803982685,860.0956868637018,255.2623655350292,5401.7568915716565
https://www.redfin.com/MO/Saint-Louis/4260-Flora-Pl-63110/home/93746834,722.8187148946217,387.93437585115515,394.0239753670732,484.08374992901497,468.48279827387046,3967.34010351056
https://www.redfin.com/MO/Saint-Louis/4739-Westminster-Pl-63108/home/93709315,274.0831382136631,145.27142884048124,307.9182458394815,280.1135231683545,90.54711715577243,5871.499521861715
https://www.redfin.com/MO/Saint-Louis/3538-Illinois-Ave-63118/home/93694509,113.2130048706927,684.3793989487395,364.4548797039639,112.61077231430282,84.18062558714456,7422.89662156656
https://www.redfin.com/MO/Saint-Louis/5112-Westminster-Pl-63108/home/93746011,332.4665215606024,1050.470105475294,343.1151993769945,177.80388691912592,348.3195890303411,2743.311619819591
https://www.redfin.com/MO/Saint-Louis/1553-Grape-Ave-63147/home/93731756,212.60221602275553,1347.1644658677033,540.9915169348707,790.5832856624659,239.0118919692492,5772.5464660296175
https://www.redfin.com/MO/Saint-Louis/4564-Shenandoah-Ave-63110/home/93728323,263.53726564301184,605.6546390761606,893.3961304583551,300.0954706505896,229.6793250150447,4254.251779484057
https://www.redfin.com/MO/Saint-Louis/3803-Ashland-Ave-63107/home/93754005,270.79361011983775,681.8733378034933,207.20418227047247,313.7387417285026,240.98339202016146,5418.283848221472
https://www.redfin.com/MO/Saint-Louis/5950-Enright-Ave-63112/home/62720272,128.19143945042498,252.57675953918152,409.6960165946996,166.83902833981796,107.17000218073234,5048.501987535008
https://www.redfin.com/MO/Saint-Louis/4404-Enright-Ave-63108/home/93739802,120.29332124703551,721.127705332946,523.7526493253916,112.84353935079227,381.606104116865,4763.193084553046
https://www.redfin.com/MO/Saint-Louis/11152-Lookaway-Dr-63137/home/85689802,265.41997076870246,402.61499963627,8854.57198808855,6895.861555544268,632.5471288138117,506.55060449407085
https://www.redfin.com/MO/Saint-Louis/3651-Lafayette-Ave-63110/home/93700374,201.88803292979782,259.15184724872825,420.1419918838658,245.08352088961036,253.5137026214571,5882.8164732438
https://www.redfin.com/MO/St-Louis/3425-Pestalozzi-St-63118/home/182673840,287.58290169916614,656.2792628979358,655.4974791933295,290.8274928257664,166.52730419124916,6932.23911037002
https://www.redfin.com/MO/Saint-Louis/2-Lawn-Pl-63110/home/93765825,109.49772465513578,981.1896093529664,412.74057644846863,21.93797602909552,264.60297834707296,4349.501761661249
https://www.redfin.com/MO/Saint-Louis/3046-Hawthorne-Blvd-63104/home/93690744,206.8358708794121,626.5717655652234,819.1805818243093,888.0571514273546,279.44415562508243,5007.413279001957
https://www.redfin.com/MO/Saint-Louis/3915-California-Ave-63118/home/93704245,331.2789415707904,372.49755836575787,532.6968110733825,340.4716237987292,38.77635825763081,6589.652753707555
https://www.redfin.com/MO/Saint-Louis/1800-S-8th-St-63104/home/93685080,121.1176375686377,198.10916448819236,1123.0953230792122,173.03765448578994,136.10718003360427,6937.669889471747
https://www.redfin.com/MO/Saint-Louis/4315-Washington-Blvd-63108/home/93719946,116.57028235026316,888.3582172195156,637.5482838877269,147.81813932500728,42.63855266277316,5376.2763367766765
https://www.redfin.com/MO/Saint-Louis/4540-McPherson-Ave-63108/home/93724716,589.3499512875402,466.5340518607118,424.0518486862193,176.82515064858498,297.04958661781654,4406.953869963021
https://www.redfin.com/MO/Saint-Louis/4736-Labadie-Ave-63115/home/93736819,773.9651403733558,509.29164133963377,389.49231956384597,770.2804973935122,432.6636617121544,3989.6108671498305
https://www.redfin.com/MO/Saint-Louis/4630-Korte-Ave-63115/home/93734518,781.3630222103542,1175.2923152623175,970.3409309352471,810.2958673071151,1082.118466337106,5277.737665385089
https://www.redfin.com/MO/St-Louis/5062-Waterman-Blvd-63108/home/195603925,261.4633176814266,915.7477523151144,530.8644013527235,65.58421836658133,366.8572757972188,1748.645218184602
https://www.redfin.com/MO/Saint-Louis/2817-Miami-St-63118/home/93694343,541.2920857673366,508.2092059350137,456.85090442414696,495.7995470663623,253.5121730172217,6182.895912764403
https://www.redfin.com/MO/Unknown/4234-Wyoming-St-Unknown/home/193546374,589.2870138465585,286.18591977071185,318.1775745861299,592.1724591770673,192.00121483550467,5218.720103498137
https://www.redfin.com/MO/Saint-Louis/6604-Vermont-Ave-63111/home/93709868,231.1862371170101,1225.5789995331775,533.0414325443753,685.9361222544825,472.6931210666543,7730.039923868192
https://www.redfin.com/MO/Saint-Louis/4750-Westminster-Pl-63108/home/62697374,320.2093316748311,221.0238560741068,356.88762895775653,310.3259410062175,93.87088845453042,5074.452311860579
https://www.redfin.com/MO/Saint-Louis/3952-Utah-St-63116/home/87280485,834.9206511427891,788.8739451278939,577.8849453467271,832.6216090716873,597.7333501990506,4954.350917872395
https://www.redfin.com/MO/Saint-Louis/3678-Liermann-Ave-63116/home/93704446,333.30932588676586,588.4005108427309,1103.167639552881,364.91609844950693,162.05742290877026,5094.924705365988
https://www.redfin.com/MO/Saint-Louis/6412-Blow-St-63109/home/93774283,104.78076219080373,1022.5506333432546,583.6903968583895,161.7369082026294,118.73703310127328,4910.63236659307
https://www.redfin.com/MO/Saint-Louis/1002-Barton-St-63104/home/93686764,284.26103647020614,86.06996213108822,266.27002714512406,311.677564181089,85.52316794127009,7748.917394415863
https://www.redfin.com/MO/Saint-Louis/3634-Russell-Blvd-63110/home/93747355,147.49090456634502,488.93376416254404,728.9350582000963,196.4913321356619,227.34882005818602,5422.103977784886
https://www.redfin.com/MO/Saint-Louis/4960-Magnolia-Ave-63139/home/83588157,245.76912459066023,978.7878742726716,258.6056159724816,233.3685662930545,389.5807616427383,4317.238047908723
https://www.redfin.com/MO/Saint-Louis/3730-Utah-Pl-63116/home/93699916,395.01991721227205,724.9776731537926,1119.4256493685107,384.873444967682,386.573934729026,4665.289879450025
https://www.redfin.com/MO/Saint-Louis/4969-Reber-Pl-63139/home/93727896,282.0236443820913,1066.2765259707414,200.93756919165799,296.50658189523364,361.9951298513365,4112.624727198452
https://www.redfin.com/MO/Saint-Louis/3109-Allen-Ave-63104/home/93689564,162.26655833972168,653.5889666540955,811.5703854404186,976.0325842667445,427.9264096981897,6110.935804466927
https://www.redfin.com/MO/Saint-Louis/3224-Lafayette-Ave-63104/home/93689524,100.53809832014514,229.02668447339212,628.6332459160634,681.1715018895227,248.00757422384555,6672.33093360889
https://www.redfin.com/MO/St-Louis/6300-Alexander-Dr-63105/home/182625180,230.09659785235976,1154.3557255392657,328.82800706167757,319.17822711954807,1463.4646701157355,2104.4031295124387
https://www.redfin.com/MO/Saint-Louis/3677-McRee-Ave-63110/home/93700349,304.93499768847545,91.83697717496068,457.7516517187808,304.43952914996225,271.8957761513404,5751.680932922367
https://www.redfin.com/MO/Saint-Louis/4505-Tower-Grove-Pl-63110/home/93728306,499.0368551734339,428.28134872169056,805.3992741481412,535.4144106236453,471.3024476686583,3179.0884453795593
https://www.redfin.com/MO/Saint-Louis/3530-Shenandoah-Ave-63104/home/93692275,114.95417113768494,779.6674642064387,334.7939077778563,147.3867578606652,184.15032821797766,5514.70276675718
https://www.redfin.com/MO/Saint-Louis/6931-Sutherland-Ave-63109/home/93774176,138.10154242687435,683.5847673179669,974.420214740982,180.75269863765374,176.53495695293398,6068.572313311994
https://www.redfin.com/MO/Saint-Louis/3427-Chippewa-St-63118/home/62718941,26.79042458358692,662.3642695600611,827.1054985193789,243.503777437441,260.2800817893172,6187.007927595826
https://www.redfin.com/MO/Saint-Louis/3830-Cleveland-Ave-63110/home/93700229,415.8034920606441,583.0099355259284,362.15576889624134,159.740848275964,365.31019862798377,6026.907233933784
https://www.redfin.com/MO/Saint-Louis/4915-Gresham-Ave-63109/home/93742056,83.18116909002808,806.7367297961226,357.52710320005775,134.75817642107984,355.07826052572403,4599.259234373726
https://www.redfin.com/MO/Saint-Louis/6046-Westminster-Pl-63112/home/62735277,289.10627787273773,201.8124155534452,255.82595283072587,311.9752069295766,250.87478046314172,3876.8537404574836
https://www.redfin.com/MO/Saint-Louis/5119-Maple-Ave-63113/home/93752380,115.28358742622058,591.3019578028602,921.0970544141497,117.75762000881174,431.53905300611825,5043.755507944088
https://www.redfin.com/MO/Saint-Louis/7022-Marquette-Ave-63139/home/62702141,375.55376962633136,749.1142705624653,1305.8007346976942,1261.6133499931848,386.61978351928565,3651.908940810713
https://www.redfin.com/MO/Saint-Louis/4158-Shaw-Blvd-63110/home/93746947,781.6524007208499,458.6784735694841,144.71069790219676,99.97090143702202,115.65963546510984,5885.293056356344
https://www.redfin.com/MO/Saint-Louis/4473-McPherson-Ave-63108/home/62756843,590.9365193995258,486.0076752542823,295.3366902753884,70.7544385987323,216.9216221010886,4796.794825216135
https://www.redfin.com/MO/Saint-Louis/2144-S-Grand-Blvd-63104/home/93691142,30.75409117469896,471.4669425360348,576.8700316541175,54.50347102162913,263.08783012237495,4330.627971546318
https://www.redfin.com/MO/Saint-Louis/3228-Lafayette-Ave-63104/home/93689527,116.08998568968734,225.93999311084212,614.3360876811968,665.6777777187974,261.7434410881667,6666.209104370049
https://www.redfin.com/MO/Saint-Louis/5408-Maple-Ave-63112/home/93709907,360.79515502609223,429.8609128382732,555.5408503027529,356.0339238455755,489.2757252220507,4317.5672306032375
https://www.redfin.com/MO/Saint-Louis/5256-Westminster-Pl-63108/home/93745884,186.21087887921763,1141.777627410319,158.174155242163,161.10462251766273,305.55540059333134,3604.171590308341
https://www.redfin.com/MO/Saint-Louis/6148-McPherson-Ave-63112/home/93760258,213.89058856381578,240.09355390241925,599.8602342863628,172.93761127775406,509.7521257329086,4228.732458007853
https://www.redfin.com/MO/Saint-Louis/3650-Juniata-St-63116/home/93699765,218.0472860081397,198.7025553933166,851.3865717231364,206.29926375492101,230.40981246640592,5841.392509699733
https://www.redfin.com/MO/Saint-Louis/4431-McPherson-Ave-63108/home/93740226,568.143227733952,506.2636029445152,260.57468854500786,232.42477372306638,223.74228354713145,5333.686898352218
https://www.redfin.com/MO/Saint-Louis/4215-Maryland-Ave-63108/home/93725346,184.7792297627639,527.1651463644372,552.6023918952465,181.60341260842375,136.97565398911124,4765.640398255131
https://www.redfin.com/MO/Saint-Louis/5237-Enright-Ave-63108/home/93744949,154.21176677682814,746.5158320572083,247.44066115663205,181.4627512114834,185.0760020615468,4376.973294385588
https://www.redfin.com/MO/Saint-Louis/1718-Missouri-Ave-63104/home/93690361,226.56588872741273,441.9162123871634,583.8293629923371,268.04170380177493,230.9984792165203,6552.985068012093
https://www.redfin.com/MO/Saint-Louis/3914-Meramec-St-63116/home/93769554,638.2194819169581,417.8938212684176,1340.4963813875822,630.827389316887,321.4307861500626,5416.6006973379035
https://www.redfin.com/MO/Saint-Louis/6766-Devonshire-Ave-63109/home/93781307,158.78158767206818,1052.1604494021892,656.5804930267905,181.03201365701742,122.60296543592332,4472.756641668325
https://www.redfin.com/MO/Saint-Louis/3826-Arsenal-St-63116/home/93786215,33.3848291711245,536.9586572357281,764.483513846254,83.82568843893397,321.18854156422316,3998.4720271198403
https://www.redfin.com/MO/Saint-Louis/4550-Newberry-Ter-63113/home/93739431,200.54918680399012,324.7632976903641,782.3066243515308,249.1827080467742,187.82501047391906,4564.363362015413
https://www.redfin.com/MO/Saint-Louis/4460-Maryland-Ave-63108/home/93724884,174.2615745896376,161.916840320547,208.38876599611442,187.1533499092412,270.32207352364406,4558.8609089871115
https://www.redfin.com/MO/Saint-Louis/6188-Westminster-Pl-63112/home/93760391,50.49440372923337,279.6911006432551,694.9450210420634,48.72868564263116,266.14578249808216,3341.505436917613
https://www.redfin.com/MO/Saint-Louis/4548-McPherson-Ave-63108/home/93724712,599.7956956328509,447.7632969649314,431.50744615829984,197.22501315500512,295.76943563252684,4368.37459915812
https://www.redfin.com/MO/Saint-Louis/4457-Enright-Ave-63108/home/93739697,185.11052170475284,614.9275719761994,498.6003082573525,186.31082848417998,210.3030444516254,4883.138049406869
https://www.redfin.com/MO/Saint-Louis/4719-Westminster-Pl-63108/home/93709332,308.21304562959267,131.61850211675912,353.73125529032484,303.6341404923282,155.25469003362906,5412.41903190109
https://www.redfin.com/MO/Saint-Louis/3452-Sidney-St-63104/home/62720598,287.42777328995476,1001.2631579708382,270.59081931314034,280.17869730578735,194.0349830744213,5931.5077384218675
https://www.redfin.com/MO/Saint-Louis/2707-Keokuk-St-63118/home/93696286,229.72037680773195,414.23591623224763,474.8272350052367,233.93830330273852,207.00755831423757,6185.180282382458
https://www.redfin.com/MO/Saint-Louis/4256-Shenandoah-Ave-63110/home/93746811,938.7699244008667,412.64541961393985,246.51723540072263,848.4740688106161,544.8361473055386,3934.268871919643
https://www.redfin.com/MO/Saint-Louis/3510-Shenandoah-Ave-63104/home/93692277,211.12901185790773,757.1238468403594,241.53185413542514,242.0490378085308,268.803056318809,5207.67716193669
https://www.redfin.com/MO/Saint-Louis/3709-Hartford-St-63116/home/93699869,115.48604096107083,283.04410144378005,830.2580135839943,166.9770033576437,272.9297499423375,4990.66783678722
https://www.redfin.com/MO/Saint-Louis/4528-Westminster-Pl-63108/home/93739893,495.16799122239127,399.45194074156,263.891804047083,150.4756560915802,135.77016189553726,4744.349862179919
https://www.redfin.com/MO/Saint-Louis/6229-Columbia-Ave-63139/home/93743581,710.3025654905539,327.4647921452797,574.9146737424644,718.381962756437,103.12588935107117,5738.558867185143
https://www.redfin.com/MO/Saint-Louis/1640-Grape-Ave-63147/home/93731906,401.4534062852601,1328.2893548811978,631.8376363652162,918.7901695490938,417.1942582756948,5974.890737036315
https://www.redfin.com/MO/Saint-Louis/4712-Westminster-Pl-63108/home/93709300,371.99067160387165,195.85044181925372,413.79638138086665,367.94199855369095,114.0058085812962,5407.567837286855
https://www.redfin.com/MO/Saint-Louis/4441-McPherson-Ave-63108/home/62736517,579.7152728103612,498.34999604436973,282.09656450320256,192.6828756903318,238.86189769816568,5444.5138552680655
https://www.redfin.com/MO/Saint-Louis/1412-Wright-St-63107/home/93688380,209.79036337186685,187.56176688247746,401.09300081557524,157.65980273522362,168.54154848473107,9183.228977730376
https://www.redfin.com/MO/Saint-Louis/2057-Blendon-Pl-63143/home/93744113,223.04251102964534,846.7192729190184,688.5829117982947,541.107917077463,341.1931264543978,3234.7486681303953
https://www.redfin.com/MO/Saint-Louis/4753-Westminster-Pl-63108/home/93709319,258.52090712106866,173.11850303825307,293.6579639611818,252.477213679758,64.21389029502697,5899.050599531948
https://www.redfin.com/MO/Saint-Louis/3141-Parc-Ridge-Ln-63139/home/93674332,194.9572095411303,412.81675244021085,820.7373798921008,217.0961925979502,310.35203996963475,6738.255704759735
https://www.redfin.com/MO/Saint-Louis/4208-Beethoven-Ave-63116/home/93757825,272.118533610396,1008.2717530825375,294.2072418392236,273.45990084677385,171.2526754095699,5494.435841882677
https://www.redfin.com/MO/Saint-Louis/5727-S-Grand-Blvd-63111/home/93772222,269.41593318656703,1096.1660836148658,704.1607371358671,139.5737360059339,146.1008916470375,5420.068545848
https://www.redfin.com/MO/Saint-Louis/3345-Oregon-Ave-63118/home/93693689,665.8264342769509,89.8086882322749,959.9257028593629,109.64081917527183,107.47128999258129,6256.899867117358
https://www.redfin.com/MO/Saint-Louis/4542-Gibson-Ave-63110/home/93786340,215.63105060153458,644.5562000843827,774.2976977727164,213.14709834826738,192.4511540576335,5101.395487460335
https://www.redfin.com/MO/Saint-Louis/6063-Westminster-Pl-63112/home/93760429,222.46796661552986,286.92501022727447,312.9871615790526,275.0924125486061,195.40248429468286,4109.468556774078
https://www.redfin.com/MO/Saint-Louis/2636-Russell-Blvd-63104/home/93690644,32.06530249977876,572.5676513053689,131.2825324667824,160.4773800727711,120.9600657381252,5978.4995560280995
https://www.redfin.com/MO/Saint-Louis/3117-Longfellow-Blvd-63104/home/93690972,139.5960929542862,755.726672459823,657.6404337364747,954.041826154101,368.1924687707894,4487.385046654684
https://www.redfin.com/MO/Saint-Louis/6655-Pernod-Ave-63139/home/93778943,304.97350185149645,295.7793866488214,538.4897533599051,919.8740796261643,571.11446584732,5069.8018404857885
https://www.redfin.com/MO/Saint-Louis/5150-Page-Blvd-63113/home/93752399,35.815479881227624,451.2683300831957,908.0556510854899,154.85625838970992,497.71625025924834,5275.261391596295
https://www.redfin.com/MO/Saint-Louis/3844-French-Ct-63116/home/93773391,151.92411950289022,596.2372701944167,783.2226053274318,872.2716627248632,469.9474196326696,5950.438540989605
https://www.redfin.com/MO/Saint-Louis/5031-Sutherland-Ave-63109/home/93752677,357.91043077282956,1193.6618008888172,461.6824743320721,360.4163780429654,320.9100126487393,3601.2087637055683
https://www.redfin.com/MO/Saint-Louis/5171-Eichelberger-St-63109/home/93767752,493.3280128987139,871.577048481919,1049.498284902401,478.91005913278,456.9498461984114,4469.97517713962
https://www.redfin.com/MO/Saint-Louis/3156-Geyer-Ave-63104/home/93689568,23.950291703490684,512.219351466544,881.588599852873,784.0430722761441,374.54466808916544,6759.038615227933
https://www.redfin.com/MO/Saint-Louis/5101-Dresden-Ave-63116/home/93764009,337.18700966647856,179.57484610762563,977.3267288919154,325.3436042827845,316.5519566624898,4700.156791539183
https://www.redfin.com/MO/Saint-Louis/6419-Devonshire-Ave-63109/home/93779789,320.86984894773775,687.7663530473542,530.5483959353919,386.1202743592475,221.9871300278393,4043.1802315301557
https://www.redfin.com/MO/Saint-Louis/7133-Lindenwood-Pl-63109/home/93747983,134.3944263041484,1056.5888322037042,1808.8613023011635,472.0533355627732,612.6212432937215,4136.104191398909
https://www.redfin.com/MO/Saint-Louis/2134-Nebraska-Ave-63104/home/93690716,154.2224362101773,550.4434563265328,698.3576147259273,736.5463239570093,218.5291394234181,5951.610735727138
https://www.redfin.com/MO/Saint-Louis/4421-Tholozan-Ave-63116/home/93756331,411.9421674994888,1025.9656070845137,741.4230568415088,408.7187919898251,280.6624106122176,4863.964811537565
https://www.redfin.com/MO/Saint-Louis/3421-Halliday-Ave-63118/home/93692503,347.6974812357537,764.1148003400134,552.1477504062556,405.11455975429004,205.216960199858,6768.812044684315
https://www.redfin.com/MO/Saint-Louis/5117-Pattison-Ave-63110/home/93728092,486.6541343581341,578.6211029899054,333.375341682089,483.08264419470333,79.67104746230798,6337.24773017502
https://www.redfin.com/MO/Saint-Louis/6182-Kingsbury-Ave-63112/home/90908062,78.09168282960567,173.0831513014159,683.8023121185374,128.51043724503208,393.7042816839849,3299.1285917243645
https://www.redfin.com/MO/Saint-Louis/6943-Lansdowne-Ave-63109/home/93774208,34.37874283520296,832.7828587928443,926.2664847822314,124.82872023783926,119.5959308492578,6331.250425423608
https://www.redfin.com/MO/Saint-Louis/5111-Pattison-Ave-63110/home/93728094,468.0452207753704,584.519386580809,328.7788631906391,464.6619851087665,89.59486416708624,6477.926727663302
https://www.redfin.com/MO/Saint-Louis/7083-Lindenwood-Pl-63109/home/62723520,47.263098166874805,862.8098874325821,1618.4879785996338,585.451404023089,450.58632899909287,5329.895199980984
https://www.redfin.com/MO/Saint-Louis/7036-Bancroft-Ave-63109/home/93774589,205.64710242227184,866.8198006878521,1272.1487915607252,217.6938099020464,205.31240035455585,5356.727949500791
https://www.redfin.com/MO/Saint-Louis/6911-Garner-Ave-63139/home/93671187,180.99363783876296,437.73985280066273,301.3161883860923,419.0423458682328,362.9415673239871,5097.864809242339
https://www.redfin.com/MO/Saint-Louis/6420-Wise-Ave-63139/home/93672447,709.0116463857667,39.52985830458794,409.80907469973937,243.11610990613121,109.69776219736809,6576.305039894044
https://www.redfin.com/MO/Saint-Louis/6605-Lindenwood-Pl-63109/home/62693826,357.5282311643954,390.9130422972888,532.8145950172017,511.00620396316555,320.4563380048574,5921.312880255191
https://www.redfin.com/MO/Saint-Louis/5384-Reber-Pl-63139/home/93727521,314.7121437480949,438.2009811975256,545.0299644512434,306.86090530820053,230.77137518394582,4957.076805298379
https://www.redfin.com/MO/Saint-Louis/6482-Lloyd-Ave-63139/home/93774434,449.42191585951167,381.17647737882686,489.6476074282391,439.9254013396402,211.11637586768714,5611.852118180777
https://www.redfin.com/MO/Saint-Louis/3-Shaw-Pl-63110/home/93700285,292.60849233342833,465.74715388294885,605.038851827257,301.171707434912,244.5726433310882,5069.125998910489
https://www.redfin.com/MO/Saint-Louis/3945-Comstock-Dr-63123/home/93784974,305.30123956364304,1494.4898175907829,1281.2957787341074,482.3010145535307,703.3256008406119,5277.691552450148
https://www.redfin.com/MO/Saint-Louis/4920-Walsh-St-63109/home/62747831,98.35762834942102,333.95369126209005,1123.7665337119158,114.62793173372535,84.89248802585045,4468.482351728081
https://www.redfin.com/MO/Saint-Louis/4421-Oakland-Ave-63110/home/93751251,133.02011013783033,453.914234633461,483.30346624711535,122.20617501389468,57.24029794846382,6347.073359958534
https://www.redfin.com/MO/Saint-Louis/4217-Connecticut-St-63116/home/93729842,401.7212697782456,465.4584895663745,335.1311552642804,395.60394886391066,252.98703587392416,4129.654038518065
https://www.redfin.com/MO/Saint-Louis/5575-Lansdowne-Ave-63109/home/93752892,486.8596650878025,887.8376955353735,471.55357216601175,483.9192242232936,363.5173298475696,5420.316995756477
https://www.redfin.com/MO/Saint-Louis/4009-Flad-Ave-63110/home/93746652,939.7897393323237,115.02610928005679,414.8810346400328,341.03261173549436,406.99580212711857,5495.063102890103
https://www.redfin.com/MO/Saint-Louis/5321-Nottingham-Ave-63109/home/93753478,718.3152346506943,1019.5958742188776,421.2612758014693,718.1624823598244,167.82270434657443,3740.672389468372
https://www.redfin.com/MO/Saint-Louis/6558-Arsenal-St-63139/home/93742267,26.78965699546573,985.3920156595699,1302.6281598851972,1006.0803755053021,184.43275981048697,4039.99898619218
https://www.redfin.com/MO/Saint-Louis/4418-Arco-Ave-63110/home/62718448,204.7809407034581,411.918572063577,543.8860257611909,194.08774826826664,93.75486638541828,5907.57116949664
https://www.redfin.com/MO/Saint-Louis/2366-Sulphur-Ave-63139/home/62747725,103.04786644213095,297.5376335544745,387.66634202042263,205.57693474127817,97.85217391277506,5293.579431672574
https://www.redfin.com/MO/Saint-Louis/6407-Lindenwood-Pl-63109/home/93778349,72.72181263369023,943.5769027111988,566.1775906182636,74.9547703135259,55.61202811670771,5782.120819377534
https://www.redfin.com/MO/Saint-Louis/6478-Lloyd-Ave-63139/home/93774435,441.3756129491596,371.8015013372507,481.84161093196394,431.1363773651945,222.65739127506947,5558.514892155773
https://www.redfin.com/MO/Saint-Louis/2651-Ann-Ave-63104/home/93690631,102.77731445652704,491.63658123499005,174.27016378474613,216.50538599686925,154.09483908257465,6194.178266105148
https://www.redfin.com/MO/Saint-Louis/4544-Arco-Ave-63110/home/62740877,183.86004324634928,692.3803602758004,701.7662467457046,178.66770265263136,205.1622535459046,5139.600555292002
https://www.redfin.com/MO/Saint-Louis/5410-Reber-Pl-63139/home/93727378,325.6480673487717,353.40582250027626,562.1548419754469,331.9311311502605,238.58822656254998,5880.643679678589
https://www.redfin.com/MO/Saint-Louis/6149-Washington-Blvd-63112/home/93760476,99.93188477821263,487.12658435958434,559.2329203144776,90.79811052868881,62.2777688531333,4693.728077857753
https://www.redfin.com/MO/Saint-Louis/4320-Itaska-St-63116/home/62694128,226.22808771788684,407.9439738668642,497.2514190455323,215.57045143184197,172.31405528611884,5597.65923721358
https://www.redfin.com/MO/Saint-Louis/6204-Rhodes-Ave-63109/home/70324171,467.7076544293761,902.9818324606309,264.08023063582635,454.8688566710667,441.36426346347383,4555.826609389297
https://www.redfin.com/MO/Saint-Louis/3628-Russell-Blvd-63110/home/93747361,124.71383395002103,470.3687947745227,751.5883658898969,180.75106074625884,217.73932227694007,5388.516544275581
https://www.redfin.com/MO/Saint-Louis/4148-Shaw-Blvd-63110/home/93747066,809.4782423447009,486.9817386492423,165.23208294745535,126.05266466222054,144.39389338439125,5965.649883647996
https://www.redfin.com/MO/Saint-Louis/3535-Hartford-St-63118/home/93692665,96.37074490062753,172.62370227767104,579.7001081722818,93.30732275473099,75.6633939059089,6292.1800348018405
https://www.redfin.com/MO/Saint-Louis/3841-Juniata-St-63116/home/77520287,240.12611365304144,564.5916696333426,746.3391466640322,269.1668122482328,208.77304008134206,6022.858027803754
https://www.redfin.com/MO/Saint-Louis/5408-Winona-Ave-63109/home/93782454,161.74240126676676,1328.2727353935177,319.48002330933224,177.30949120243184,125.01290300036355,5157.611680013145
https://www.redfin.com/MO/Saint-Louis/3337-Minnesota-Ave-63118/home/93693482,426.8102020196768,318.6523299724653,699.9595763451379,110.00956884117579,110.62861268586286,6455.732021732299
https://www.redfin.com/MO/Saint-Louis/5241-Nottingham-Ave-63109/home/93753505,585.320167341331,910.942807811918,463.00055939500527,579.9710016590464,287.81894989900496,4111.277173166706
https://www.redfin.com/MO/Saint-Louis/6015-Arsenal-St-63139/home/93768830,26.575527243530537,913.1220870123816,470.09014158844104,170.70700996511204,134.64668952079356,7125.7218295813545
https://www.redfin.com/MO/Saint-Louis/3500-Connecticut-St-63118/home/92907663,221.74762484813243,333.1220622447613,413.7844395188685,259.5986361783672,180.9331110096842,6673.079720634202
https://www.redfin.com/MO/Saint-Louis/5725-Lansdowne-Ave-63109/home/62738753,373.2582080465049,542.9855846145625,858.8545597021781,390.92030125483427,320.1114963187141,4200.561241441126
https://www.redfin.com/MO/Saint-Louis/4409-Gibson-Ave-63110/home/93750856,353.8832942744903,229.24659944341664,673.5062535712708,96.91202365482512,65.77289329922168,6130.775502093789
https://www.redfin.com/MO/Saint-Louis/1425-Brock-St-63139/home/93740765,552.7765383243682,563.7103917645576,594.693513676042,702.044825263253,436.594080401674,5537.670369072266
https://www.redfin.com/MO/Saint-Louis/4222-Red-Bud-Ave-63115/home/93714778,745.0675892679468,1296.2741195812437,307.82000919763976,668.1213905105166,1018.9089511246779,4252.918826719109
https://www.redfin.com/MO/Saint-Louis/5660-Oleatha-Ave-63139/home/93780676,580.5759263973996,568.1802016154545,721.8010070642165,579.1404849725059,562.6062540787736,5074.773565893946
https://www.redfin.com/MO/Saint-Louis/5743-Westminster-Pl-63112/home/93767313,219.68779914655357,67.71636846776946,304.0119746836883,242.39209879426295,236.7883307933727,5129.979503202919
https://www.redfin.com/MO/Saint-Louis/3820-Wisconsin-Ave-63118/home/93696867,477.08693449301427,527.5062085825261,242.78832969308968,476.1436169622118,459.80990860792673,6413.715524408953
https://www.redfin.com/MO/Saint-Louis/4028-Pennsylvania-Ave-63118/home/93704947,645.9057665654149,410.7315724494518,357.5696609648899,392.06990499463575,35.45137594070018,5423.29145620912
https://www.redfin.com/MO/Saint-Louis/4938-Lansdowne-Ave-63109/home/93752989,157.54290493307332,955.466623681535,658.518483566823,143.1609502222001,126.44914138822305,3935.7306173161787
https://www.redfin.com/MO/Saint-Louis/2816-McNair-Ave-63118/home/63588065,413.9529662215701,128.98324470650223,800.2879571200164,413.1005375953502,299.79982558495095,6777.7932697595015
https://www.redfin.com/MO/Saint-Louis/3309-Commonwealth-Ave-63143/home/93751140,78.22589548608204,650.9465903489169,1925.2828587337597,1408.8399225966655,773.448868044991,3745.7603827135727
https://www.redfin.com/MO/Saint-Louis/3002-Geyer-Ave-63104/home/93690000,230.63851124898036,694.5448129982157,654.7029075541745,943.9121338788711,414.35527964122747,6827.48315751053
https://www.redfin.com/MO/Saint-Louis/3335-Pennsylvania-Ave-63118/home/93693565,533.2375039274267,191.21393909238017,777.1187704551342,121.90280540934378,73.3304909149758,6435.058194833252
https://www.redfin.com/MO/Saint-Louis/3936-Oregon-Ave-63118/home/93704260,416.413674411575,425.9305636048965,546.7464565413353,426.7484632901495,148.0794921103705,6372.885478428644
https://www.redfin.com/MO/Saint-Louis/4111-California-Ave-63118/home/93705077,414.70163981819707,161.79763851417468,161.4903421773865,198.13203809150681,165.3734966749262,6578.665682529948
https://www.redfin.com/MO/Saint-Louis/1226-Russell-Blvd-63104/home/62759209,28.23152281714488,589.2784736451927,737.8488514464926,118.26600686799488,80.5899064487884,9575.81350870079
https://www.redfin.com/MO/Saint-Louis/5715-Enright-Ave-63112/home/93739395,140.6731097408902,347.2178557914484,495.4826652292276,220.3367521824666,118.7002876002043,3973.6488482202844
https://www.redfin.com/MO/Saint-Louis/4738-Ray-Ave-63116/home/93778424,584.7933374908295,654.2614185029877,512.1454127487656,583.9285545975416,551.386379926843,4962.450259282449
https://www.redfin.com/MO/Saint-Louis/2018-Senate-St-63118/unit-R/home/103204411,509.4366570505049,217.06432204133614,858.5009072985868,495.66930886246547,289.8628099885931,6486.35841113676
https://www.redfin.com/MO/Saint-Louis/4998-Fairview-Ave-63139/home/93777053,514.9195215296938,1532.5057048223753,147.8948087896981,510.1954960024992,464.71943652695984,3801.2081060385444
https://www.redfin.com/MO/Saint-Louis/3939-Botanical-Ave-63110/home/103203297,744.4518774900173,520.5460301593033,390.25548275657184,198.00736334056631,463.41134733143264,5438.729291751286
https://www.redfin.com/MO/Saint-Louis/4152-Flad-Ave-63110/home/93746497,1056.8985796691413,513.7543900011543,434.38188893707695,581.1767212066512,310.8184908233004,5473.702810035885
https://www.redfin.com/MO/Saint-Louis/4934-Murdoch-Ave-63109/home/93753338,152.75767093822398,717.1963274618304,727.3285541434553,161.0138376677146,123.46761808816845,3898.91875854283
https://www.redfin.com/MO/Saint-Louis/2856-Russell-Blvd-63104/home/93690722,26.204700635407704,660.538070883481,708.3417594112985,740.3701119607098,295.504325600524,6180.049561127354
https://www.redfin.com/MO/Saint-Louis/1535-Gregg-Ave-63139/home/93762232,121.04499874702175,299.3055794910831,409.56938216189656,215.34434664062945,261.16322992087095,5290.247316896979
https://www.redfin.com/MO/Saint-Louis/6375-Devonshire-Ave-63109/home/93780137,411.67621785030855,571.9394882214309,638.088971087216,439.73472480495417,344.29542624918037,3341.4964672680894
https://www.redfin.com/MO/Saint-Louis/6128-Marwinette-Ave-63116/home/93773761,698.6161062441029,946.8798820239144,258.60943264375453,1154.252068463125,672.5307861604964,5922.356314098128
https://www.redfin.com/MO/Saint-Louis/4124-S-Compton-Ave-63118/home/93705257,541.1750303835843,243.95207323943896,315.91308167542735,151.2639693240614,175.1216289753411,5581.443749385378
https://www.redfin.com/MO/Saint-Louis/3251-Missouri-Ave-63118/home/93693898,219.5781257025433,70.33776979683232,1016.2509989969518,225.29607416658175,261.78804530099734,5785.838846693923
https://www.redfin.com/MO/Saint-Louis/3756-Olive-St-63108/unit-15/home/176875150,232.4464515797977,283.67772978914627,284.88924175591364,279.1831501600062,360.77792614734534,5553.761869736085
https://www.redfin.com/MO/Saint-Louis/4634-Steffens-Ave-63116/home/93767189,646.974722758749,883.8459471851841,760.3240798831973,656.1509796019799,370.76138011425246,5533.799360266729
https://www.redfin.com/MO/Saint-Louis/5700-Lansdowne-Ave-63109/home/93753048,365.6373509154795,582.637970638059,780.4779717222681,422.30283506070117,340.41872210902056,4968.221584674103
https://www.redfin.com/MO/Saint-Louis/5473-Oleatha-Ave-63139/home/93780891,644.4864296275232,781.674733873168,864.0196434598906,634.6997600606896,558.1218958271578,5567.91156265704
https://www.redfin.com/MO/Saint-Louis/5980-Astra-Ave-63147/home/93770366,238.73619725001345,152.01775827048712,293.6006921151136,228.5990210356372,281.80003381097947,5418.6419384071205
https://www.redfin.com/MO/Saint-Louis/2000-Senate-St-63118/home/93697757,553.9277722666853,212.29744105951255,919.6029561933327,542.6293133437979,242.84379219115655,6955.205387981307
https://www.redfin.com/MO/Saint-Louis/5203-Windsor-Pkwy-63116/home/93765296,79.09097257045222,169.70157802377742,1181.3563834610895,95.58103096287145,188.85540167306795,4786.545156881557
https://www.redfin.com/MO/Saint-Louis/6312-Lucille-Ave-63136/home/93745615,59.27242809804837,1020.6922494613906,1164.6850819614288,998.9570760816357,744.9475500824018,3558.348346572766
https://www.redfin.com/MO/Saint-Louis/6928-Garner-Ave-63139/home/93741053,110.46945739447594,535.217025664122,400.565968266348,409.86319501465937,272.7868411878904,4657.022293980088
https://www.redfin.com/MO/Saint-Louis/1131-Childress-Ave-63139/home/88995356,855.002670967317,172.49336577736926,565.538453813525,186.12364687932194,71.4889318863943,6484.7414234240205
https://www.redfin.com/MO/Saint-Louis/3915-Russell-Blvd-63110/home/93747573,680.3204353234927,324.86563679698463,207.00094792698565,64.26731473024515,258.23365526261216,5071.677209084582
https://www.redfin.com/MO/Saint-Louis/3907-Burgen-Ave-63116/home/93781486,133.2739693309835,1295.4819112610417,895.6818862712681,823.2698383272804,168.9473312937768,5053.361393951108
https://www.redfin.com/MO/Saint-Louis/3117-Mount-Pleasant-St-63111/home/93706244,559.7144077456325,236.70562924240073,865.8792160347708,549.2496007487679,365.8879207405489,6681.381228224371
https://www.redfin.com/MO/Saint-Louis/6434-Wanda-Ave-63116/home/93770659,261.6363448029002,447.51132688956324,814.0939003690801,703.0208010999745,251.21295005956804,6362.846433102807
https://www.redfin.com/MO/Saint-Louis/5621-Southwest-Ave-63139/home/93727233,290.8853313923008,154.5842743965736,806.1471374015739,323.9661494577439,90.79748533757075,5564.634689913596
https://www.redfin.com/MO/Saint-Louis/5415-Childress-Ave-63109/home/93782736,422.67846976502614,464.9362630166987,676.9116317658164,901.8435260664068,875.8418635684898,3953.973762350157
https://www.redfin.com/MO/Saint-Louis/6719-Dolan-Pl-63139/home/93765058,503.69314280687905,786.8757374081631,156.70134206098155,115.45393049370962,134.4306087531375,5353.62420648828
https://www.redfin.com/MO/Saint-Louis/3410-Halliday-Ave-63118/home/62694309,310.21121324395546,744.602673017749,606.6131988172506,346.42919062534025,226.156384437967,6828.260194625127
https://www.redfin.com/MO/Saint-Louis/4557-Wabash-Ave-63109/home/93780799,200.52945299002175,1247.762194477868,1170.8789746567581,252.6897775173692,249.84024044207823,3936.11630829056
https://www.redfin.com/MO/Saint-Louis/4636-S-Compton-Ave-63111/home/93706850,642.2858226179478,424.83822686994233,1021.801420233089,654.466663857978,283.89160460442747,6108.0234955525
https://www.redfin.com/MO/Saint-Louis/5721-Floy-Ave-63136/home/93765363,91.7728653263397,791.8323766908943,458.7041220814931,287.57945214174975,223.01162717325184,4876.35567645626
https://www.redfin.com/MO/Saint-Louis/2657-Oregon-Ave-63118/home/62748288,330.7341312097164,522.6574498590012,353.99122857858634,317.2852041907969,91.05643227062818,5572.94681983315
https://www.redfin.com/MO/Saint-Louis/4445-Tholozan-Ave-63116/home/93756361,408.97988829028617,1092.370469014557,790.3633503985169,431.79128826959334,208.14455534007942,4921.70549628507
https://www.redfin.com/MO/Saint-Louis/4219-Louisiana-Ave-63111/home/93705455,220.0045430738185,553.425935487929,256.86095501409795,237.631273131394,111.32408305243182,5086.9945097834525
https://www.redfin.com/MO/Saint-Louis/5207-Gresham-Ave-63109/home/62723050,215.97855531410616,911.300100109313,454.6145936673352,250.54770917790736,414.70731508696247,4269.284541814475
https://www.redfin.com/MO/Saint-Louis/2837-Wisconsin-Ave-63118/home/93691590,435.1470931655638,98.83387300385643,920.152449634065,441.9749341757122,254.6806203136747,7190.832101384149
https://www.redfin.com/MO/Saint-Louis/4708-Vienna-Ave-63109/home/93780144,272.06046942345796,128.43311861416493,971.6932066798527,256.9250000843688,262.7761845206643,5497.413695614537
https://www.redfin.com/MO/Saint-Louis/4215-Utah-St-63116/home/93729436,771.9237669257541,95.25030509716076,288.31779709368845,763.3466205830362,269.55799796259265,4443.715274629424
https://www.redfin.com/MO/Saint-Louis/1955-Wyoming-St-63118/home/93681647,165.5038663319634,356.92716562931685,1308.3126053200858,166.9325522186005,195.48974975336267,6183.252119591284
https://www.redfin.com/MO/Saint-Louis/1912-Lasalle-St-63104/home/62768969,157.74579097747292,414.11735739523436,581.5936184560744,180.72837574828853,181.39577678615692,5227.481787023232
https://www.redfin.com/MO/Saint-Louis/6122-Southwest-Ave-63139/home/93774019,353.175207000286,351.73678774594094,220.59235962394794,447.75524779539086,41.396437097204185,5692.743621134797
https://www.redfin.com/MO/Saint-Louis/1207-Sidney-St-63104/home/93686969,632.2864606000171,219.12130623722052,586.5378956812268,37.28442201696751,103.3841442256312,7454.483284600705
https://www.redfin.com/MO/Saint-Louis/6256-Marmaduke-Ave-63139/home/93767690,364.38540222555696,637.3449855926682,532.4198291684883,497.93488209347646,336.3894985317714,4990.305072449063
https://www.redfin.com/MO/Saint-Louis/4246-Schiller-Pl-63116/home/93781162,65.32990873797307,381.21805906782356,332.03979642854637,271.8817174846635,225.8028233912525,5400.941732264118
https://www.redfin.com/MO/Saint-Louis/4108-Oregon-Ave-63118/home/93705074,487.58770950384263,233.9627207591833,221.0413981499463,224.3578993812888,176.43615284881682,6228.738278028196
https://www.redfin.com/MO/Saint-Louis/4312-Wabash-Ave-63109/home/93774601,28.714103522902388,1053.172947874242,1462.9893296803918,177.56545623540012,229.20784474673877,4575.35151914595
https://www.redfin.com/MO/Saint-Louis/3947-Bowen-St-63116/home/93773835,693.4710029345289,845.2297468718355,513.4390912363773,963.7704974841299,498.7619574009513,6076.274176239991
https://www.redfin.com/MO/Saint-Louis/5021-S-Kingshighway-Blvd-63109/home/93766943,37.38449365167103,400.449264227116,963.8377102786164,162.99056117109316,59.96844824515225,3961.2001097375924
https://www.redfin.com/MO/Saint-Louis/3719-Ohio-Ave-63118/home/93696190,171.18059576541864,337.18906837275586,489.6081382805685,187.81878242954974,184.07689979216394,6610.3333681716085
https://www.redfin.com/MO/Saint-Louis/5600-Rhodes-Ave-63109/home/93777545,438.7870054199305,1535.7492706856472,723.133511224888,442.46202870248044,415.4422236161357,3264.4842523390334
https://www.redfin.com/MO/Saint-Louis/4032-Schiller-Pl-63116/home/93781112,253.69469427709478,909.6807009851818,768.6370974242233,920.0698688092867,535.1376466781925,3223.886920822912
https://www.redfin.com/MO/Saint-Louis/3507-Hawthorne-Blvd-63104/home/93748598,226.74153325126298,558.1377320013037,333.9770245628348,224.5797857371857,286.0600854755289,3809.9173251815437
https://www.redfin.com/MO/Saint-Louis/4063-Magnolia-Ave-63110/home/93746397,663.9537496922534,528.7907986716044,553.44844824718,620.7352022391431,301.4801270688993,3267.864519992683
https://www.redfin.com/MO/Saint-Louis/6709-Leona-St-63116/home/93779057,202.72003531991948,962.847445739111,580.0469474309076,1277.719820962824,491.8971295421325,5407.653845917139
https://www.redfin.com/MO/Saint-Louis/5222-Parker-Ave-63139/home/62696267,815.6510701419495,1229.30968963399,269.3694924753222,867.7053313204005,246.778650211199,4392.835473081926
https://www.redfin.com/MO/Saint-Louis/4041-Parker-Ave-63116/home/93729188,790.9821967498824,546.7822780639091,495.2226743612747,838.6099552500816,650.231235135158,5198.622914243508
https://www.redfin.com/MO/Saint-Louis/3120-S-Compton-Ave-63118/home/93692763,30.261654728106695,837.3616790683363,270.1936638099873,109.7946775158159,134.07099988250403,6721.321790287934
https://www.redfin.com/MO/Saint-Louis/6541-Winnebago-St-63109/home/93775095,173.98482501482007,599.1545516025633,561.3337529508299,298.6599062763024,139.29322786328777,5547.22340954741
https://www.redfin.com/MO/Saint-Louis/5758-Gresham-Ave-63109/home/93774280,26.750192608260576,962.5144530227982,469.3060725842643,107.00833290630017,38.233917838113044,4889.0374307980355
https://www.redfin.com/MO/Saint-Louis/6257-Hoffman-Ave-63139/home/93768062,152.2464235043727,830.0099888238633,622.1775787480393,368.76360444380094,168.9023233589119,4711.925226984156
https://www.redfin.com/MO/Saint-Louis/5224-Tamm-Ave-63109/home/93780274,642.5809003471617,343.44521879464827,606.4159650146045,633.4964286717388,615.619396796714,3367.2548106185563
https://www.redfin.com/MO/Saint-Louis/3651-Blow-St-63116/home/93711808,217.07844330278715,609.7827667157325,1023.3832296427121,336.0967217159962,115.55014308986078,5827.367374808512
https://www.redfin.com/MO/Saint-Louis/5422-Odell-St-63139/home/93727341,142.1571453761251,273.8825648337134,746.3869495839516,187.2521491524581,96.49042706426216,4670.193968559218
https://www.redfin.com/MO/Saint-Louis/5263-Parker-Ave-63139/home/62748407,860.6246116362307,1103.396324353134,293.80074615722367,853.2702795163733,86.12232870912241,5291.323030995921
https://www.redfin.com/MO/Saint-Louis/5211-Nagel-Ave-63109/home/93758204,326.4488614672049,1082.6272691349795,807.5062917006492,384.7091259228439,357.80161865253774,3590.133709597279
https://www.redfin.com/MO/Saint-Louis/5704-Lansdowne-Ave-63109/home/93753055,354.0631499327655,569.2185973639017,793.8480410227485,413.1010091799939,327.26343322823857,4873.506499658006
https://www.redfin.com/MO/Saint-Louis/3834-Bingham-Ave-63116/home/93767384,665.4036841040885,800.5630521037164,967.4763300827603,667.2110799730548,223.82643110292307,6951.201147677581
https://www.redfin.com/MO/Saint-Louis/4444-Bingham-Ave-63116/home/93772053,136.18198675671974,1359.0739936802636,581.1297676796773,202.90825893211908,134.26602490907837,3928.6116549889152
https://www.redfin.com/MO/Saint-Louis/3967-Holly-Hills-Blvd-63116/home/93773772,709.4512139693005,696.2105402033175,466.3166628932963,930.6152589557838,767.2349575961218,4832.641674739982
https://www.redfin.com/MO/Saint-Louis/5650-Leona-St-63116/home/62762329,240.10713663123016,1223.5446495151657,570.1607887052602,1113.3396123110501,512.3863559917166,5051.247464507489
https://www.redfin.com/MO/Saint-Louis/3800-Olive-St-63108/home/181866747,223.2666070658671,304.63536720609636,271.0532457086795,302.88418540266997,335.285672941407,5542.063869216681
https://www.redfin.com/MO/Saint-Louis/6412-Colletta-Dr-63139/home/93784650,467.8301082204979,560.4175931823814,887.8682050965105,826.9479967174401,285.4198316402601,5388.844414548703
https://www.redfin.com/MO/Saint-Louis/6759-W-Park-Ave-63139/home/62761874,433.39517685066033,908.3968565800952,322.32117402409654,381.1801285173106,406.64911787342413,5087.415118107005
https://www.redfin.com/MO/St-Louis/3820-Olive-St-63108/unit-8/home/193424225,157.91452653247177,295.40145403337067,275.76125752967704,357.34829544024615,279.99448319141794,4977.2720464977765
https://www.redfin.com/MO/Saint-Louis/1234-Dolman-St-63104/home/143286255,83.09427529206694,258.2122225392123,177.25788543659297,421.0502763416373,124.91030109509617,7246.762749321693
https://www.redfin.com/MO/Saint-Louis/4030-Saint-Louis-Ave-63107/home/93716538,427.77648713776273,913.6403465535736,528.2435266286449,91.2987141466692,449.08192457194275,5699.7844529786735
https://www.redfin.com/MO/Saint-Louis/252-Woodbourne-Dr-63105/home/62705469,137.7703265973362,1027.497572700918,443.55975018656875,177.7664948905332,1331.8545970216492,2297.969320640065
https://www.redfin.com/MO/Saint-Louis/2306-Sulphur-Ave-63139/home/93741634,109.06362603600896,375.1724176091769,619.5231095172385,105.90774169437417,176.33609473320286,4863.791374345518
https://www.redfin.com/MO/Saint-Louis/4339-Potomac-St-63116/home/93774397,777.1906918149542,600.3238005255184,946.772684953684,772.217485699043,178.8581786721228,4477.147014229381
https://www.redfin.com/MO/Saint-Louis/2631-January-Ave-63139/home/93726782,468.871815080559,519.5202807061071,699.548485186572,469.3022743911095,109.25620824256701,4690.138686896558
https://www.redfin.com/MO/Saint-Louis/8531-Lowell-St-63147/home/93731605,126.86962363950693,408.4367860041182,1557.088530753751,117.47700848067777,247.73143011338283,5660.813655846702
https://www.redfin.com/MO/Saint-Louis/3438-Russell-Blvd-63104/unit-303/home/93690987,71.80916855117816,304.25865561646947,522.6883767402682,383.3444771289626,450.2030818683941,2259.3616753393494
https://www.redfin.com/MO/Saint-Louis/5962-Maple-Ave-63112/home/93723866,354.6016052767067,322.82868317154663,666.9443043777363,667.6754577380748,462.6418602157966,4419.706324630442
https://www.redfin.com/MO/Saint-Louis/6223-Potomac-St-63139/home/93775397,377.60812512555884,724.1473775224651,479.909030393396,365.35334174516913,323.8670287677094,4169.851563548798
https://www.redfin.com/MO/Saint-Louis/6053-Bishops-Pl-63109/home/84228056,167.92152404435507,549.20686824324,601.7617113940674,781.1058997943006,731.8168195649297,6668.828343743245
https://www.redfin.com/MO/Saint-Louis/7016-Horner-Ave-63117/home/93786067,85.7535382512338,754.953334627244,617.5440110544149,1107.048498955236,178.63148238276244,2087.6952402819666
https://www.redfin.com/MO/Saint-Louis/4003-Shreve-Ave-63115/home/93732828,400.96371815754594,324.4368923688283,936.2991089616202,394.4613305745121,356.65831956288173,4736.025268298524
https://www.redfin.com/MO/St-Louis/3826-Olive-St-63108/unit-7/home/194935156,158.66252975755523,321.57802605648186,249.051751778976,375.30948061212916,261.2603891426816,4588.5474957341185
https://www.redfin.com/MO/Saint-Louis/6739-Wise-Ave-63139/home/93740518,490.67409266809295,840.692910601681,213.45391835620217,239.61451608968872,264.2787484444509,5760.671700739394
https://www.redfin.com/MO/Saint-Louis/6542-Hoffman-Ave-63139/home/93741675,101.8113320642455,1132.6726058114139,1121.1008708220754,869.5647141652571,176.3259609184156,3281.597746795525
https://www.redfin.com/MO/Saint-Louis/4128-Tesson-St-63123/home/93784162,144.99584901537784,1070.8223568463748,1050.6000133592222,356.3875825883745,249.89701862523953,4670.701730599316
https://www.redfin.com/MO/Saint-Louis/5512-Finkman-St-63109/home/93776605,451.696916897793,1349.1203342479944,811.3902420627431,536.6430824097469,437.67699129917634,3326.5170165299446
https://www.redfin.com/MO/Saint-Louis/3704-Ohio-Ave-63118/home/93696540,228.83738881480753,321.4807171946018,425.45926579469136,236.4613042136205,206.42122964639884,6794.260998735808
https://www.redfin.com/MO/Saint-Louis/6801-Arthur-Ave-63139/home/93743408,182.71799017232215,836.3709780086814,871.0668550361615,1486.2544614247674,208.03603612898942,5020.52671764202
https://www.redfin.com/MO/Saint-Louis/4729-Prague-Ave-63109/home/93780243,458.60454429101986,317.76587275971724,791.2288100872897,445.7124622402082,439.1808141138104,5007.385766758142
https://www.redfin.com/MO/St-Louis/4941-Fairview-Ave-63139/home/182673086,233.75457011854007,1473.623103787866,428.86799263607924,230.3961423114551,182.3581082590809,4061.493331547526
https://www.redfin.com/MO/Saint-Louis/4556-Athlone-Ave-63115/home/93714019,109.6508772195568,629.5589976805951,607.7561836918866,105.52353203574324,724.2688254008208,4258.609115065447
https://www.redfin.com/MO/Saint-Louis/4118-Botanical-Ave-63110/home/62733923,819.282116608499,570.5038021361264,439.598978350796,700.6312511724467,151.81106183258612,5034.886501032892
https://www.redfin.com/MO/Saint-Louis/4343-Delmar-Blvd-63108/home/146874005,38.0689809823815,878.7441623824913,601.2459395237496,200.34174362916286,201.3241622946613,5157.781997497354
https://www.redfin.com/MO/Saint-Louis/5435-Eichelberger-St-63109/home/93767698,685.7939745094428,1117.6494253410274,1045.2936496524874,683.2452595566358,246.5500308850539,3954.3633815223643
https://www.redfin.com/MO/Saint-Louis/4002-Bates-St-63116/home/93771943,37.8037446809871,1222.8167504458813,812.7231635960188,1121.814469392014,291.4777258670524,4231.210139901464
https://www.redfin.com/MO/Saint-Louis/4333-Connecticut-St-63116/home/93749724,398.85876792796716,640.773219075025,723.6158903139658,403.4185986359714,115.22554412922786,4516.936223605877
https://www.redfin.com/MO/Saint-Louis/5231-Potomac-St-63139/home/93742667,889.8027356446904,1207.593716408977,289.3511140966718,886.1411505656808,350.7180437694061,5005.318811376241
https://www.redfin.com/MO/Saint-Louis/6604-Mardel-Ave-63109/home/93774884,366.1889067752094,370.38674054635084,483.6868311521347,560.0085829606376,323.61559773200685,5782.592133504083
https://www.redfin.com/MO/Saint-Louis/3865-Bowen-St-63116/home/93773630,692.4489896289969,739.8800046365337,724.9012974577358,760.4019309776293,339.10057647575275,5288.502881389275
https://www.redfin.com/MO/Saint-Louis/6271-Goener-Ave-63116/home/93756547,99.33010420322547,310.86814656056475,452.49820207765254,126.01457668351516,107.07742083396572,5411.912795572479
https://www.redfin.com/MO/Saint-Louis/5600-Tholozan-Ave-63109/home/93781642,338.123686760418,898.3789500192037,880.8920529038271,322.17204742578997,302.0969657030469,5533.543894113228
https://www.redfin.com/MO/Saint-Louis/4581-Wabash-Ave-63109/home/93780806,240.7813846115994,1284.1747126892694,1067.863823077118,337.21791653175706,309.377783532354,4033.683437450792
https://www.redfin.com/MO/Saint-Louis/2920-Eads-Ave-63104/home/93787264,415.73593563703196,547.6436012408136,422.72626745265654,854.9959037834253,309.31056951953144,5735.288758493436
https://www.redfin.com/MO/Saint-Louis/3700-January-Ave-63109/home/93781974,333.31249639104266,751.0021241889564,588.5733543128631,320.8826234021995,298.9929691360309,5863.067348593489
https://www.redfin.com/MO/Saint-Louis/4323-Hunt-Ave-63110/home/93726054,230.97243351880098,216.82868320737174,161.80590194612657,119.22934489488786,211.4415782430141,4923.052816333433
https://www.redfin.com/MO/St-Louis/4153-Loughborough-62116/home/186481145,33.75932115297642,809.2850122087245,314.0306694532985,1076.268471228529,92.79095048994112,5945.960019809319
https://www.redfin.com/MO/Saint-Louis/7804-Clymer-Dr-63123/home/93784951,266.8779024622873,1505.4243693074297,1259.6090986676802,471.17591757124154,844.5642396559932,5714.014248358749
https://www.redfin.com/MO/Saint-Louis/3534-Pestalozzi-St-63118/home/93692740,112.64176495254458,452.7334349384605,704.6939734164808,143.83818102077313,180.30535759592829,6268.286259078448
https://www.redfin.com/MO/Saint-Louis/6416-Colletta-Dr-63139/home/62695677,451.81185437609116,573.3745428460059,900.2527139452843,821.232419940221,295.14734664735994,5458.875535809346
https://www.redfin.com/MO/Saint-Louis/3822-Cleveland-Ave-63110/home/93700235,389.1660586220103,605.8297554564981,362.33758729787814,186.39093934464515,341.76391957209364,5943.252097375473
https://www.redfin.com/MO/Saint-Louis/3729-Ohio-Ave-63118/home/62691644,134.24085785273448,327.73144132182045,505.265230852412,154.41208995257418,160.98943138477046,6618.930947686681
https://www.redfin.com/MO/Saint-Louis/3815-Pennsylvania-Ave-63118/home/93695954,70.4785442344864,330.56767798670984,248.053293942134,87.80261477187912,86.41416706669428,5843.156051638677
https://www.redfin.com/MO/Saint-Louis/7051-Lansdowne-Ave-63109/home/62689082,33.292567963921016,1031.628081914325,1244.831832977145,133.73859699750213,178.20987490435635,5133.926331044802
https://www.redfin.com/MO/Saint-Louis/4327-Connecticut-St-63116/home/173620403,399.13798325918884,618.5166351202063,692.301684035137,412.24258881254826,84.70081193580464,4511.976739960966
https://www.redfin.com/MO/Saint-Louis/3720-Humphrey-St-63116/home/93699991,366.0775487184182,568.7800236995193,1046.8134701786548,381.1163308053233,322.67785716534553,5033.38013353842
https://www.redfin.com/MO/Saint-Louis/946-Bates-St-63111/home/93708411,28.722044673536736,1448.4911296657442,323.93622623097014,311.7692940391393,274.58059059125674,6337.114564455853
https://www.redfin.com/MO/Saint-Louis/1820-Lasalle-St-63104/home/93701191,156.908895313887,397.5290481876911,505.5720027838348,187.35999625025883,126.62291499935189,5693.168244591508
https://www.redfin.com/MO/Saint-Louis/2732-Utah-St-63118/home/93693777,410.7802875974337,391.4481099871619,1111.2077905885506,239.51913847292602,137.46188076534452,6821.578226723011
https://www.redfin.com/MO/Saint-Louis/7512-Virginia-Ave-63111/home/93710970,108.84925122847113,188.0387222367321,756.5086714030307,547.763042319284,536.370470202277,7422.323611470436
https://www.redfin.com/MO/Saint-Louis/2811-Hickory-St-63104/home/93683240,216.22660433044607,94.90929849470312,375.0867516306734,212.40347474757448,74.74469575127566,6444.010942659894
https://www.redfin.com/MO/Saint-Louis/2345-Rutger-St-63104/home/93700627,54.65151901901913,484.1528535005002,770.265849637849,59.78636926270509,21.418951774878614,5818.726546289931
https://www.redfin.com/MO/Saint-Louis/1538-Eton-Ln-63147/home/93732092,141.49379419512672,781.1767302315766,839.4184840526282,960.5512506417564,494.7295585593069,6128.28491574916
https://www.redfin.com/MO/Saint-Louis/3821-Regal-Pl-63109/home/93782538,161.12424242738172,1043.1212051735629,727.7676762369742,147.31907816627267,125.28379311701214,5360.102194413012
https://www.redfin.com/MO/St-Louis/6291-Magnolia-Ave-63139/home/189846870,573.0497813235736,514.0768512578966,661.641633201059,803.350389256522,92.37862996369589,5135.066566584404
https://www.redfin.com/MO/Saint-Louis/5720-Murdoch-Ave-63109/home/62701032,162.48512260889984,473.42674685485053,913.6305834751175,171.61311074927562,123.17885260990913,4341.422778003411
https://www.redfin.com/MO/Saint-Louis/5932-Wise-Ave-63110/home/93726262,116.62806457400133,495.84216916596347,781.3028987970999,135.8830227404582,83.15417278165948,5426.83125022286
https://www.redfin.com/MO/Saint-Louis/2353-S-11th-St-63104/home/93686136,533.7994019041704,284.23469518853824,505.05347161573724,101.45479463808584,76.68136111380822,8315.214441036018
https://www.redfin.com/MO/Saint-Louis/4357-Evans-Ave-63113/home/187276175,155.3010054036828,284.8948759318929,750.1707499912051,142.58805385160565,77.2924933659401,5494.852116200976
https://www.redfin.com/MO/Saint-Louis/5771-Pershing-Ave-63112/home/93763162,106.9495232390733,486.3762100103176,577.5199529996815,155.34100478281755,481.58223589429656,4613.552349255215
https://www.redfin.com/MO/Saint-Louis/2932-Hereford-St-63139/home/86870687,34.8527492715138,1076.8191219631244,259.6398653750442,70.8900841548411,197.9339083119636,3624.830214259549
https://www.redfin.com/MO/Saint-Louis/2120-Boardman-St-63110/home/173620173,307.38817526503175,371.0742099644585,868.6132195233084,418.8045276171633,202.20184445086284,4566.630111295989
https://www.redfin.com/MO/St-Louis/3536-Vista-63104/home/175982283,158.97598823762456,400.0406513906936,362.4596409123153,156.33408867602566,437.711358895221,4593.174354149089
https://www.redfin.com/MO/Saint-Louis/164-Cahokia-St-63118/home/93697165,629.5345441487623,693.6103667067454,203.07588132004997,617.9120152279863,626.3679826543063,6142.555621253793
https://www.redfin.com/MO/Saint-Louis/2918-S-Compton-Ave-63118/unit-2918/home/109911639,24.010819238415063,903.8474374724539,511.781624391581,153.9197761149755,139.36621019864455,7278.2079034866665
https://www.redfin.com/MO/Saint-Louis/3708-Gustine-Ave-63116/home/93766232,119.539744430111,346.19156133408865,1412.3406799950765,107.12187711926505,152.7021901848214,5309.077363457084
https://www.redfin.com/MO/Saint-Louis/5505-Wyoming-St-63139/home/93742781,558.2326313038445,736.9674692949026,310.88958857116756,560.054299071644,70.6198489049439,4269.843814081803
https://www.redfin.com/MO/Saint-Louis/5811-De-Giverville-Ave-63112/home/62756462,415.216295023584,302.37672203566234,254.74570293857076,156.4291263046835,407.6294144110042,5348.739591051813
https://www.redfin.com/MO/Saint-Louis/3242-Regal-Pl-63139/home/93742813,543.3452939345547,700.0237579636496,581.0477189267124,559.5778522139038,213.40818138037352,4892.374050396747
https://www.redfin.com/MO/Saint-Louis/5410-Delmar-Blvd-63112/home/109911647,29.924352080388655,575.8643286507372,537.5028590638442,150.38719798578043,405.453658846641,2406.322505426983
https://www.redfin.com/MO/Saint-Louis/3900-Randall-St-63116/home/93750332,824.1374885402165,1240.6035840372501,678.4140268555133,961.2862329014621,435.82441207993634,5243.236293889021
https://www.redfin.com/MO/Saint-Louis/5351-Mardel-Ave-63109/home/62741226,275.1038116067037,1174.5669528499086,730.2265815822019,263.3968567354559,237.83695063200676,4959.348400117178
https://www.redfin.com/MO/Saint-Louis/6002-Leona-St-63116/home/93773454,561.0523652945751,1156.9307779053322,288.1387003784312,1233.9572257864627,672.1792938765884,6626.410048677157
https://www.redfin.com/MO/Saint-Louis/4322-Haven-St-63116/home/93771773,101.90368887917005,535.3098018022824,497.7168530037858,918.1715063923125,199.7182278713664,6290.205257938264
https://www.redfin.com/MO/Saint-Louis/1504-Sproule-Ave-63139/home/93761938,116.9430200804539,452.92826951624966,472.0118188398064,128.0380824458569,81.5601530889676,6877.308848116455
https://www.redfin.com/MO/Saint-Louis/7042-Mitchell-Ave-63117/home/93744207,188.55860953283263,741.9195297693649,568.3430930966284,868.234840722502,199.7823746264475,2029.168524377073
https://www.redfin.com/MO/Saint-Louis/2147-Sulphur-Ave-63139/home/62721462,150.58187519572675,496.6937918949144,802.2434935727972,157.78372616569234,85.75100542378549,5626.057351932271
https://www.redfin.com/MO/Saint-Louis/7845-Decatur-Dr-63123/home/62753994,298.52655034555136,1421.1934696012945,1258.7019464261982,468.31662784011235,614.1629521046021,4874.767280932908
https://www.redfin.com/MO/Saint-Louis/7360-Yates-St-63116/home/93784818,306.8800182887157,1000.5536877158623,505.0885218662983,303.1027838564642,306.948555951858,5592.414725983182
https://www.redfin.com/MO/Saint-Louis/7332-Rainor-Ct-63116/home/93785345,186.5455118933742,1110.5422063534177,782.9998003498534,496.13945392529587,474.76758220630325,6442.386300052765
https://www.redfin.com/MO/Saint-Louis/3333-Michigan-Ave-63118/home/62773995,316.1392451675941,446.64145740605284,628.1580327642855,175.80914431047154,134.13015435618638,6621.269533667114
https://www.redfin.com/MO/Saint-Louis/4415-Vista-Ave-63110/home/169425110,354.75051723941573,125.63004537392956,267.91341394514825,345.51682059434455,356.28778408074476,5189.6079165572555
https://www.redfin.com/MO/Saint-Louis/1256-Gimblin-St-63147/home/76422730,425.93849237774634,534.5768495618531,1191.2551682665876,781.300350093743,392.5457697850878,6189.9853247421415
https://www.redfin.com/MO/Saint-Louis/5631-Botanical-Ave-63110/home/173620136,487.6063076272405,780.4012972912975,672.930314461003,509.18699480635775,171.6821661506444,5471.125257353474
https://www.redfin.com/MO/Saint-Louis/406-Fassen-St-63111/home/93708656,85.51473864233473,569.200217125939,616.7186809815689,418.84676455699025,142.7797532913148,8260.820388203729
https://www.redfin.com/MO/Saint-Louis/2233-Hickory-St-63104/home/181866123,255.45180485752172,438.87028883720785,986.0010499196578,253.40588592000907,223.25006191259914,5157.172481897578
https://www.redfin.com/MO/Saint-Louis/3131-Keokuk-St-63118/unit-3131/home/93672823,229.7744047382102,430.9607167648156,514.1832875412426,230.21014141864973,195.1666569386347,6011.861597694357
https://www.redfin.com/MO/Saint-Louis/4129-Cleveland-Ave-63110/home/109920100,1127.8356009432719,457.29927345667096,534.0857599394881,642.3094552324543,195.0242599964715,6037.017869710698
https://www.redfin.com/MO/Saint-Louis/3835-Hartford-St-63116/home/93728256,113.58194643424106,555.8332007964199,778.6337910944444,159.96208105919905,245.58097467373236,4955.234545539578
https://www.redfin.com/MO/Saint-Louis/4313-S-37th-St-63116/home/93706009,299.0951674404636,1022.5847292816802,832.2604670666552,307.9196482150377,337.21575424172204,6826.547287040561
https://www.redfin.com/MO/Saint-Louis/5406-S-Kingshighway-Blvd-63109/home/93759260,36.841888839984165,261.0647923493383,1296.3400808275665,50.72829207760139,96.2599718274429,4041.307750414335
https://www.redfin.com/MO/Saint-Louis/8310-S-Broadway-63111/home/93711900,35.60593523176783,456.9940455456668,1940.314613821275,100.09556381283828,126.03995344303141,6730.458991647609
https://www.redfin.com/MO/Saint-Louis/6568-Mardel-Ave-63109/home/93775120,274.83991648438354,460.82381706182036,423.02771907680216,501.1247309190011,232.6316377512579,5658.049557702502
https://www.redfin.com/MO/Saint-Louis/1036-Sells-Ave-63147/home/93731357,157.14803982664262,591.4167365724884,1307.8265584827955,474.46243251688077,208.5577114538161,6582.363452710637
https://www.redfin.com/MO/Saint-Louis/5334-Elizabeth-Ave-63110/home/93768182,1035.413982192661,496.4449874646409,240.03789110486147,1021.4455636348014,198.02965867134628,4283.006704541127
https://www.redfin.com/MO/Saint-Louis/3900-Wyoming-St-63116/home/93729555,580.9333523262585,878.2535245357366,602.8057966965436,569.8289540041274,371.58644148856564,4662.152900245818
https://www.redfin.com/MO/Saint-Louis/3865-McDonald-Ave-63116/home/93699962,696.9384953346045,975.5575714436761,932.4305553304154,691.1688749500757,412.3995319196306,4674.368512721261
https://www.redfin.com/MO/Saint-Louis/5735-Arthur-Ave-63139/home/88662587,594.1049627195913,315.15307479453287,914.714503695306,605.366629425633,348.9990524842774,4019.3221180938945
https://www.redfin.com/MO/Saint-Louis/4063-Potomac-St-63116/home/93729125,690.6569648820582,593.2441373245011,669.9923768163296,716.4000858328474,624.5905244796188,5154.345444995566
https://www.redfin.com/MO/St-Louis/7027-Plateau-Ave-63117/home/194342618,127.41395100460497,724.059147419211,565.8237097301093,996.0879466465655,109.54971549615388,1515.8576089522467
https://www.redfin.com/MO/Saint-Louis/5505-Cates-Ave-63112/home/93724003,529.3381157629171,206.09639900390465,428.02251222869006,522.9855243285392,792.6922186166164,3384.1039931080927
https://www.redfin.com/MO/Saint-Louis/3025-Ohio-Ave-63118/home/93699151,45.66735746947813,553.0802058306143,675.3642089966733,55.187377007507976,16.339510033511033,8096.906996279698
https://www.redfin.com/MO/Saint-Louis/3924-Potomac-St-63116/home/93728923,354.48788257318523,972.3152896393585,954.6249794331817,424.49202988723766,186.00777865760972,4384.7753487142345
https://www.redfin.com/MO/Saint-Louis/6827-Minnesota-Ave-63111/home/93710475,22.154856231706862,1078.8398369245936,344.45269955071393,311.691040904183,53.289836619606625,8036.91998080618
https://www.redfin.com/MO/Saint-Louis/5721-Lisette-Ave-63109/home/62718415,157.79061603899936,1196.2261135416404,463.0828304502481,254.01201020591606,149.10685267581076,4088.70460747851
https://www.redfin.com/MO/Saint-Louis/3459-Itaska-St-63111/home/93707221,321.6548964287041,798.5500752164155,630.2083434740775,313.90984443842564,361.6451174125625,4642.283130548095
https://www.redfin.com/MO/Saint-Louis/4330-Chippewa-St-63116/home/93771903,23.248755902298356,1303.2126026643273,276.56128726239217,101.17491485348758,111.70303525489173,5033.474623729737
https://www.redfin.com/MO/Saint-Louis/5639-Eichelberger-St-63109/home/93767861,294.3100407270516,972.1964144263733,620.6246857242065,283.18956518195995,233.1633168656776,5121.575742466736
https://www.redfin.com/MO/Saint-Louis/5301-Blow-St-63109/home/77289299,210.9868285242315,1097.1504882166535,824.0709177659612,545.3645629554217,293.9494492403864,4652.771541342524
https://www.redfin.com/MO/Saint-Louis/3722-Keokuk-St-63116/home/93777693,328.72128642219985,374.0933189666067,1340.7761765898981,331.85576383532526,292.5725498355197,6051.010216199094
https://www.redfin.com/MO/Saint-Louis/3407-Manhattan-Ave-63143/home/93751192,197.357691209157,961.0423495041606,1865.3413751548442,1532.6439416289438,954.7977334032878,3785.337026406318
https://www.redfin.com/MO/Saint-Louis/6325-Winona-Ave-63109/home/88629084,97.02831765825825,755.9904303757856,612.5512110832992,90.68735579378084,123.14852377779219,5745.323801430422
https://www.redfin.com/MO/Saint-Louis/2002-Victor-St-63104/home/101771222,383.5879339169809,469.26462841352935,833.1697335532936,366.60219491968627,185.07322467352307,6443.202827412983
https://www.redfin.com/MO/Saint-Louis/3943-Juniata-St-63116/home/93749827,272.7550954581302,771.5656954152886,335.9111811384548,296.7098316794083,213.1038066940608,4884.040262578036
https://www.redfin.com/MO/Saint-Louis/4038-Fairview-Ave-63116/home/93728989,656.8260516087672,630.9605109005923,648.2263239436301,694.8587730840169,567.9446111410012,5290.358476538583
https://www.redfin.com/MO/Saint-Louis/6148-Tennessee-Ave-63111/home/93709466,757.8790448436545,747.6294662472413,849.0832389097723,231.81624764410103,219.5903580020601,6571.515671256425
https://www.redfin.com/MO/Saint-Louis/2909-Wyoming-St-63118/home/87395010,347.2545794768248,514.7632598786258,614.7743182759635,334.61079398625435,55.68087647032405,6479.206602040509
https://www.redfin.com/MO/Saint-Louis/5643-Pernod-Ave-63139/home/93780758,517.8013913410143,658.4083023666402,773.0281504306056,529.4576535987202,502.581076618028,5517.00989944403
https://www.redfin.com/MO/Saint-Louis/6641-Villa-Ave-63139/home/173620408,819.2421488048516,697.7911794134119,736.4425344341744,577.1635003677173,223.6445311046683,5940.544184525888
https://www.redfin.com/MO/Saint-Louis/3841-Rainor-Ct-63116/home/93785251,258.62161156633795,1115.8622523065744,667.7899030205984,607.9082528195621,582.7245556418043,6789.790098897056
https://www.redfin.com/MO/Saint-Louis/3327-Illinois-Ave-63118/home/93694036,356.4295029039951,220.53000599965196,874.7250255739914,348.14215797593135,118.18185783201758,6731.775779093545
https://www.redfin.com/MO/Saint-Louis/3511-Connecticut-St-63118/home/93693300,185.81885777365943,273.625519891862,444.381286880396,208.2445969776165,154.99672476285036,6359.388895434862
https://www.redfin.com/MO/Saint-Louis/6409-Lansdowne-Ave-63109/home/93779904,262.90166516284734,694.8003974681571,654.974952713339,293.2018657268091,247.99330458665764,4198.717717995116
https://www.redfin.com/MO/Saint-Louis/2706-Saint-Vincent-Ave-63104/home/93700646,280.9935345942051,78.40887365353117,238.30581992410222,290.49162352151825,200.92654561018944,4673.663924083282
https://www.redfin.com/MO/Saint-Louis/3324-Vista-Ave-63104/home/93700908,259.46881450228346,436.052099850786,527.9278230392396,507.8946133695703,96.40682823966067,5666.4314761566175
https://www.redfin.com/MO/St-Louis/3301-Eads-Ave-63104/unit-6A/home/175626342,146.85984599231486,98.15824695677095,502.20607199278777,618.9100478586965,264.77338895000065,4831.5331840292
https://www.redfin.com/MO/Saint-Louis/3505-Illinois-Ave-63118/home/62758185,254.7486276487798,577.1217112915746,462.08406327065006,256.5445652881835,163.5317453958688,6710.487747225647
https://www.redfin.com/MO/Saint-Louis/3829-Flad-Ave-63110/home/93700268,417.812147732055,519.470019332863,544.315232473703,165.14541161970618,421.0324347800258,5482.948754333165
https://www.redfin.com/MO/Saint-Louis/1508-Tamm-Ave-63139/home/93762236,249.77838992088945,174.50365208860285,296.62840916140385,307.68931155892506,206.53312822512726,5732.995965160254
https://www.redfin.com/MO/Saint-Louis/4200-Westminster-Pl-63108/home/62769117,420.73707878911165,686.2649559797969,545.7741291103904,416.96580766964115,216.26639754129798,4665.870748466581
https://www.redfin.com/MO/Saint-Louis/7123-Rabenberg-Pl-63143/home/62759942,183.50551181864716,403.67317093357707,1633.4849444481551,572.8813352445447,252.694993317859,5070.546584556193
https://www.redfin.com/MO/Saint-Louis/3221-Taft-Ave-63111/home/93706209,699.4634344206664,239.90779186139372,709.3661866886916,692.0631132037462,98.36276859841405,6384.3303230114725
https://www.redfin.com/MO/Saint-Louis/4961-Schollmeyer-Ave-63109/home/93764457,231.22449182361132,771.6779444249819,339.0581124036753,261.498315516561,200.3319462913565,4754.573926560802
https://www.redfin.com/MO/Saint-Louis/3204-Henrietta-St-63104/home/76312337,27.255112883234386,142.21041032265742,646.7338279250653,736.9323482849748,156.4979203023688,5987.549309376449
https://www.redfin.com/MO/Saint-Louis/3705-Blow-St-63116/home/93712025,215.36777872683015,555.6455436508428,1185.7306705237359,493.4842868723318,39.29565157599844,5810.400713021275
https://www.redfin.com/MO/Saint-Louis/4046-Holly-Hills-Blvd-63116/home/81971252,479.8274827103902,1010.9849092417608,309.8514650127503,1287.444323879853,455.42262142221807,6100.268801199767
https://www.redfin.com/MO/Saint-Louis/4700-Penrose-St-63115/home/93733149,836.2175371100908,566.1428278462038,1019.3608623930996,708.9018899809032,831.8801340854357,5474.112220720645
https://www.redfin.com/MO/Saint-Louis/5734-Itaska-St-63109/home/93767934,143.18287653457315,634.4342186438109,748.6369003917243,184.72403677729417,122.67769791128686,4398.907790878245
https://www.redfin.com/MO/Saint-Louis/5461-Goethe-Ave-63109/home/93775700,658.6540031008598,1241.6813949817663,905.3664870481617,649.0905595046856,235.62644924966645,4384.579647838732
https://www.redfin.com/MO/Saint-Louis/3131-Ivanhoe-Ave-63139/home/93741916,128.11561389030578,755.6890530854993,1394.8516164728935,1252.3022050403522,78.22332703983132,5516.925622064763
https://www.redfin.com/MO/Saint-Louis/6361-Devonshire-Ave-63109/home/93780127,450.9036156251494,519.6038729412232,673.7162352422644,475.34230084064757,396.6055756217866,3979.2207024757663
https://www.redfin.com/MO/Saint-Louis/1448-Graham-St-63139/home/93778537,300.94501975674206,297.41282608039756,282.2453763697828,289.0849773084302,262.44296202063157,5709.178811918242
https://www.redfin.com/MO/Saint-Louis/4366-Osceola-St-63116/home/93764748,290.07263904651694,1172.3291675171604,355.64158272636604,278.067212262849,316.42155363293904,4132.764432816216
https://www.redfin.com/MO/Saint-Louis/3943-Tholozan-Ave-63116/home/93728608,194.1423137281269,700.4791057587676,1160.1561598389085,197.33254825127315,179.65108742001348,6078.701806921221
https://www.redfin.com/MO/Saint-Louis/4249-Botanical-Ave-63110/home/93746771,873.3069229209123,479.3515552052451,175.20322073812986,865.4376478535221,514.5187274788127,4488.687256111951
https://www.redfin.com/MO/Saint-Louis/7137-Virginia-Ave-63111/home/93680054,163.2811656904567,661.404651790599,272.173573355572,581.2773763298106,478.2651061739675,7020.247929930659
https://www.redfin.com/MO/Saint-Louis/5476-Bischoff-Ave-63110/home/93772184,762.1812780231285,464.04610645139576,603.0757851761267,759.8683189363851,274.66764268699285,4583.014139347875
https://www.redfin.com/MO/Saint-Louis/5887-Cates-Ave-63112/home/93723948,355.1556026453056,260.718544486081,608.9913329485707,378.9808559460838,503.79332464634774,4008.556340010609
https://www.redfin.com/MO/Saint-Louis/5609-Pennsylvania-Ave-63111/home/93708607,45.71673844686374,238.12780809810542,890.8114807053101,137.54434909027995,141.4358001751326,7843.003934672241
https://www.redfin.com/MO/Saint-Louis/5219-Dewey-Ave-63116/home/93742517,427.3456224288496,1740.551261427437,535.830108598522,453.1511981597319,428.054794815329,4480.793389224776
https://www.redfin.com/MO/Saint-Louis/4609-S-Broadway-63111/home/93706938,29.794562657092783,660.6626772611244,1144.7346681441556,17.930599692207497,90.73462088049102,6453.214560000806
https://www.redfin.com/MO/Saint-Louis/3816-Flora-Pl-63110/home/93700327,380.4249661195675,548.8335433428498,573.749464134283,213.72079891294436,419.5069089094856,5008.250019069826
https://www.redfin.com/MO/Saint-Louis/5016-Gerritt-Ave-63116/home/93766657,668.244011287236,1201.8340767621694,736.8432829286941,980.6612738627155,489.7839677659189,5490.674765277049
https://www.redfin.com/MO/St-Louis/2741-Lafayette-Ave-63104/home/194345320,430.6929213464116,270.4736326731052,135.41856809663983,426.74586086774207,78.04371473546088,5695.829047076486
https://www.redfin.com/MO/Saint-Louis/3428-Vista-Ave-63104/home/93700873,370.2142031506403,474.5140141280062,436.88622973466215,364.10388254322675,230.32018374202812,5049.830159397908
https://www.redfin.com/MO/Saint-Louis/6419-Woodbine-Ct-63109/home/93774318,142.86420381384113,1232.1958085710614,798.6017266047988,487.3693828996197,116.28138557463613,4598.7444055416345
https://www.redfin.com/MO/Saint-Louis/6423-Murdoch-Ave-63109/home/93779868,408.798453244875,558.3764674507687,443.851547415592,458.4344482555217,283.3383539853311,4126.008556513699
https://www.redfin.com/MO/Saint-Louis/2826-Oregon-Ave-63118/home/93691817,115.1747866545248,702.6483107264644,385.96056566705676,130.22465626069751,62.16630566758789,7791.278593273052
https://www.redfin.com/MO/Saint-Louis/5030-Lotus-Ave-63113/home/93738145,129.05134260564128,345.9602562208594,101.43831210579536,128.32767448378235,548.2270110326702,3306.3818098659303
https://www.redfin.com/MO/Saint-Louis/8100-Southpark-Ct-63125/home/62731698,174.0883121606578,940.3599654947009,1726.907157394006,411.7308591666611,216.82382048780215,5909.8186218408455
https://www.redfin.com/MO/Saint-Louis/2125-Macklind-Ave-63110/home/93726972,1054.3778743919165,358.43927432116385,524.5566922351013,1050.0215307900478,25.008968081743742,4723.195376287697
https://www.redfin.com/MO/Saint-Louis/4435-Tholozan-Ave-63116/home/63731720,411.0699531123824,1065.7464472664556,771.4162243706832,424.0725169767349,233.5065099715183,4791.460417297212
https://www.redfin.com/MO/Saint-Louis/5813-Minnesota-Ave-63111/home/93708446,106.89305109379312,449.2618077652804,798.003191932927,312.0182367317022,421.3529881184896,8033.7466404599645
https://www.redfin.com/MO/Saint-Louis/2005-Hereford-St-63110/home/93728066,443.95297514786813,274.54799599453116,720.305599879474,539.1603452015188,26.523121255156873,6376.565455805417
https://www.redfin.com/MO/Saint-Louis/3154-Garden-Hill-Ln-63139/home/93674337,251.47293905106068,479.2235677849792,828.1346488890579,254.74783305301352,294.43802662628394,6888.19639677575
https://www.redfin.com/MO/Saint-Louis/1807-Cambridge-Ln-63147/home/93781517,280.5016519394224,1027.9353259964957,714.1414046232115,658.7196758140649,244.24033846006952,5722.731206993864
https://www.redfin.com/MO/Saint-Louis/7136-Bancroft-Ave-63109/home/62693489,158.11611799587772,1205.2767884047994,1660.7214577044417,203.98261529993607,336.67967565835556,3762.449023370281
https://www.redfin.com/MO/Saint-Louis/7227-Pennsylvania-Ave-63111/home/93710712,166.04189733932256,593.0386334769395,594.4779764861964,158.66885656612834,93.9458979743377,7428.816133210705
https://www.redfin.com/MO/Saint-Louis/7121-Yates-St-63116/home/93784129,365.6801010489231,1008.7379606333817,210.47704670322665,765.7612348951191,385.2440363039617,6082.348709343442
https://www.redfin.com/MO/Saint-Louis/6949-Hancock-Ave-63139/home/93743562,185.8287521148985,758.6188447053706,1121.8752017690124,1449.9873620317578,401.73500147406276,5195.201651143339
https://www.redfin.com/MO/Saint-Louis/5451-Tedmar-Ct-63139/home/93742842,998.6040915828481,762.201047354861,592.1600653295243,991.0172731349244,203.83949644905746,6873.000750565774
https://www.redfin.com/MO/Saint-Louis/3328-Norma-Ct-63139/home/93743346,121.89301832967045,1083.2802247057116,570.6337915592214,938.7324225320226,90.27502429125467,4957.0497099650465
https://www.redfin.com/MO/Saint-Louis/4237-Botanical-Ave-63110/home/93746763,874.6680753633583,519.4562510223199,177.07041826097563,871.7778704290533,465.9826158383915,4674.469428220756
https://www.redfin.com/MO/Saint-Louis/4351-Bingham-Ave-63116/home/93771900,123.62589293769567,1335.2676527921667,288.5074834035668,137.30866492322644,181.96948077821006,4461.139904119263
https://www.redfin.com/MO/Saint-Louis/3829-Upton-St-63116/home/93785265,329.89866428568433,976.2527592889605,728.7293936789548,579.9364999068689,493.9498534169946,6683.838090455033
https://www.redfin.com/MO/Saint-Louis/6551-Winona-Ave-63109/home/93775458,214.2121071704211,624.263380819113,700.3401462663427,270.5737164041159,174.1764382165743,5771.857340153372
https://www.redfin.com/MO/Saint-Louis/5542-Mardel-Ave-63109/home/93782549,219.19819544178947,916.4153395181661,770.4268116953232,230.87842582725378,235.97016838820124,6635.98686407161
https://www.redfin.com/MO/Saint-Louis/3833-Humphrey-St-63116/home/93728449,568.5761573974753,670.460517845523,860.2373445495316,589.8402580789719,479.78845848673507,5764.2518100146335
https://www.redfin.com/MO/Saint-Louis/4261-Swan-Ave-63110/home/93725772,102.33503856863103,373.0916589638909,227.619844786621,111.90472742414586,86.94277847329309,5528.951304077582
https://www.redfin.com/MO/Saint-Louis/6042-Oleatha-Ave-63139/home/93775374,187.36648483733674,665.3651461393414,230.4727274880256,204.96154371955956,173.24772640482215,5102.348526438515
https://www.redfin.com/MO/Saint-Louis/1313-S-Boyle-Ave-63110/home/93725927,120.10814186175409,236.63605618866995,261.75750093086356,288.3790437708193,40.802530714234486,4718.14068963485
https://www.redfin.com/MO/Saint-Louis/3957-Cleveland-Ave-63110/home/93746275,818.7079418026508,260.566423953341,530.4287407022142,251.20853427420832,427.35902684213494,5783.494033376444
https://www.redfin.com/MO/Saint-Louis/3117-Portis-Ave-63116/home/93748765,75.99372874746784,1049.6712287556254,688.3396707737628,65.99969433239768,373.24403897665496,3251.333527219018
https://www.redfin.com/MO/Saint-Louis/3721-Hebert-St-63107/home/93702095,272.6804458670424,740.4882500940299,317.4405682352509,277.13612758422585,249.75038780225844,5896.674133150111
https://www.redfin.com/MO/Saint-Louis/5705-Lindenwood-Ave-63109/home/93780916,156.9498902475731,907.4550830191748,555.6713558403258,159.17477866965308,124.416419004495,6105.674845483485
https://www.redfin.com/MO/Saint-Louis/7403-Commonwealth-Ave-63143/home/93751164,226.29457997387885,601.1871368518758,2086.336672114665,1248.006709340585,824.320398601771,3123.221864856577
https://www.redfin.com/MO/Saint-Louis/4745-Sigel-Ave-63116/home/93759127,157.8206813494415,395.27570048237857,836.248899855736,214.67542015429714,124.69708281086092,5956.489701834373
https://www.redfin.com/MO/Saint-Louis/5623-Milentz-Ave-63109/home/93771456,352.4992339713878,1308.6662910242842,591.2187327715801,347.039039079394,331.52465379135583,3659.0275328954513
https://www.redfin.com/MO/Saint-Louis/4934-Rosalie-St-63115/home/93760988,173.00574726974656,1397.6619392684963,1340.0859582494006,228.14920645476207,217.5144052107337,5252.3866437644165
https://www.redfin.com/MO/Saint-Louis/6222-Marmaduke-Ave-63139/home/93767672,347.8600376932718,577.465823138359,397.27902561818905,423.67152832225463,246.79336195426134,4940.3623799302395
https://www.redfin.com/MO/Saint-Louis/5318-Michigan-Ave-63111/home/62739357,296.5282998639476,647.6857761659778,744.7726843899922,367.5546500229304,254.75399990387382,8277.81911888226
https://www.redfin.com/MO/Saint-Louis/5110-Page-Blvd-63113/home/93752372,33.93057407537215,600.0193218533543,955.2007697778058,40.518458706930126,427.4844045636064,4859.737968389292
https://www.redfin.com/MO/Saint-Louis/2902-Michigan-Ave-63118/home/93692123,167.2201048336534,1052.8850517050853,628.0114543042463,263.03326373496844,72.43624173902707,7374.8955935470585
https://www.redfin.com/MO/Saint-Louis/6722-Dolan-Pl-63139/home/93740481,523.278344561515,814.6758498217664,178.43399628651528,158.55158443211994,183.04851370596174,5334.734023383156
https://www.redfin.com/MO/Saint-Louis/3530-Wyoming-St-63118/home/93693425,102.01720551560652,366.298229549305,563.8136766379818,193.22196301048618,113.74396373880302,6443.989188138941
https://www.redfin.com/MO/Saint-Louis/6923-Hillsland-Ave-63109/home/93781333,107.70774768913803,1075.6721779423792,683.6409684117056,148.08877503714922,124.01377826718111,5692.441952033561
https://www.redfin.com/MO/Saint-Louis/5338-Northrup-Ave-63110/home/93726493,500.7340222974908,434.7054716473187,679.3089167442397,510.0984741983543,68.6634532969352,4615.978189656609
https://www.redfin.com/MO/Saint-Louis/5908-Victoria-Ave-63110/home/93726382,220.3997483654825,646.0607976108266,831.4448632378761,236.12856393341613,180.28430962410687,5755.991418118199
https://www.redfin.com/MO/Saint-Louis/719-Lami-St-63104/home/62767433,88.02476878996872,134.94151650364262,369.7337412413803,148.23247816395818,103.25524806268949,6830.490229318394
https://www.redfin.com/MO/Saint-Louis/6601-Lindenwood-Pl-63109/home/93774920,346.1883034288852,400.8638455466549,523.0089050451406,504.28016116038583,309.64898386895135,5879.955876753952
https://www.redfin.com/MO/St-Louis/3868-Blvd-Heights-Ct-63116/unit-67/home/177018858,406.45161084516957,860.4602633075849,663.2952717230622,713.7334334285338,587.9570680426799,7596.253901979743
https://www.redfin.com/MO/Saint-Louis/6600-Nottingham-Ave-63109/home/93779654,248.49748592433912,663.8014681986211,151.5911055323795,306.5283521648526,269.4716863159518,6120.717851364904
https://www.redfin.com/MO/Saint-Louis/4221-Wyoming-St-63116/home/89184043,525.5905326759664,342.0851282635778,284.25488903775664,520.5023802120202,245.38087520921553,4669.034912295163
https://www.redfin.com/MO/Saint-Louis/5522-Lisette-Ave-63109/home/93776615,311.71584660065076,1313.036568837585,798.334068948741,540.1540419059139,296.7116386996195,3576.622553224401
https://www.redfin.com/MO/Saint-Louis/2008-Crittenden-St-63118/home/93699104,121.03264289549553,340.4107865550555,1073.1667416178323,144.1917741977008,116.86606059791164,6792.32622322904
https://www.redfin.com/MO/Saint-Louis/1530-Gregg-Ave-63139/home/93761924,102.6763101046428,317.31021693241127,413.615992512237,217.84718940645672,308.2478652911217,5843.454069629835
https://www.redfin.com/MO/Saint-Louis/4674-Rosa-Ave-63116/home/62732768,305.2084973290865,502.5741094469966,989.2839566441702,306.5991399240195,272.818784086016,4671.413457466469
https://www.redfin.com/MO/Saint-Louis/1526-E-Linton-Ave-63107/home/93713250,498.0524047606458,849.3133761132322,307.3823968478614,526.5684085704694,634.4363965626279,6380.805892102101
https://www.redfin.com/MO/Saint-Louis/3718-Humphrey-St-63116/home/93699992,352.9858256804623,562.1851127861887,1034.7012447807883,367.9801675113742,309.5593701166432,5021.629028863125
https://www.redfin.com/MO/Saint-Louis/6726-Dolan-Pl-63139/home/93740482,511.7905342888153,804.8786628620184,168.53053644345064,166.6073835377577,188.47525843080993,5304.689502735635
https://www.redfin.com/MO/Saint-Louis/4731-Rosa-Ave-63116/home/93759271,206.6007307959265,367.21162251316866,1117.244696800638,198.4296347084314,241.34674116144825,5528.099341879605
https://www.redfin.com/MO/Saint-Louis/5308-Nottingham-Ave-63109/home/93755143,660.4766263754636,950.4180214630156,486.05457983991715,675.8488091168844,178.6646076160793,4124.408622545693
https://www.redfin.com/MO/Saint-Louis/6830-Lansdowne-Ave-63109/home/93773943,22.645277662337012,823.6608983202159,679.7752516908947,92.69755986200774,103.43375130743146,6400.401270531659
https://www.redfin.com/MO/Saint-Louis/3415-Missouri-Ave-63118/home/93694542,230.032199343899,336.92550673377946,640.1763604968586,217.29792341179188,66.28188921507319,6367.008437365376
https://www.redfin.com/MO/Saint-Louis/3911-Potomac-St-63116/home/93729002,396.7699413756934,1017.2256089971664,954.4294647045272,463.807098426393,161.7353015799463,4118.564164769313
https://www.redfin.com/MO/Saint-Louis/6910-Glades-Ave-63139/home/93741360,167.74328117723405,404.11049468298756,242.44022546489737,517.2339042939907,378.3542225670091,5113.617314431134
https://www.redfin.com/MO/Saint-Louis/1443-Graham-St-63139/home/93778433,330.6179336946727,240.37440695559428,226.3705969045414,323.0288121455279,204.04260687168912,5553.399455289193
https://www.redfin.com/MO/Saint-Louis/3944-Keokuk-St-63116/home/93778738,329.7388863590395,294.9358859441739,1155.0005652900936,358.15346335411226,233.14037891291704,5271.761812064147
https://www.redfin.com/MO/Saint-Louis/416-Fassen-St-63111/home/93708653,111.14052699209653,614.6971921546772,568.9127040720447,468.08547712057475,95.20389803094946,8118.340010820856
https://www.redfin.com/MO/Saint-Louis/5322-Daggett-Ave-63110/home/93726884,981.9365947927333,297.1901719510701,739.7463109524929,1000.1305106655581,81.99512912106229,4763.112170720447
https://www.redfin.com/MO/Saint-Louis/6263-Odell-St-63139/home/93767966,277.41872409208503,724.8603445054353,581.6104201422398,454.0086442580219,263.51103196833435,4738.521504390016
https://www.redfin.com/MO/Saint-Louis/4141-Utah-St-63116/home/93729514,774.7248673427243,235.66751671559837,152.145383306055,776.5261537099401,481.1601773270138,5264.527422462218
https://www.redfin.com/MO/Saint-Louis/3418-Wisconsin-Ave-63118/home/93680298,383.93209922193046,500.3622482842898,729.6123684410079,402.6093783855469,60.63125528541278,5941.546923283347
https://www.redfin.com/MO/Saint-Louis/2221-Richert-Pl-63143/home/93741444,160.6455001045767,987.5477788675413,870.0647437424997,257.59540291823384,145.47301166713345,3633.1477096575513
https://www.redfin.com/MO/Saint-Louis/1730-S-10th-St-63104/home/93683838,375.14429229557106,296.7447755668564,904.2043866573542,372.35586358505304,84.99806522016839,8500.15895638711
https://www.redfin.com/MO/Saint-Louis/3716-N-25th-St-63107/home/93697062,81.13977689842869,805.5744877223858,1002.2298999317512,216.51265588546323,325.6731532956751,8643.304852434063
https://www.redfin.com/MO/Saint-Louis/3313-Vista-Ave-63104/home/93700928,217.84078917873728,469.81249283331323,597.7391737411126,556.9936435569487,107.49214944801447,5928.4635258322105
https://www.redfin.com/MO/Saint-Louis/1729-Nicholson-Pl-63104/home/93690284,518.1284653164995,391.090392799753,220.76612178582158,632.1975857903053,328.2246224833103,6521.808790098014
https://www.redfin.com/MO/Saint-Louis/1319-Lami-St-63104/home/93686447,352.4496744618758,593.199758126864,778.6327959472553,265.8258525612602,172.42018590900125,7389.758383926494
https://www.redfin.com/MO/Saint-Louis/2516-Tamm-Ave-63139/home/93743586,668.8400747065763,342.22093500203664,876.1452211373387,720.9290437820538,369.90367714968016,4299.266565745097
https://www.redfin.com/MO/Saint-Louis/6064-Hancock-Ave-63139/home/93748787,260.57321038222784,554.665024652829,607.4894727484999,277.1973734814725,207.18142406255032,4280.296764898233
https://www.redfin.com/MO/Saint-Louis/6024-Columbia-Ave-63139/home/93757210,261.1020296184065,249.5401977547559,206.56220282722697,252.3052174433906,227.8455926444117,5720.92517691705
https://www.redfin.com/MO/Saint-Louis/7301-Pennsylvania-Ave-63111/home/93710800,198.4679602252794,539.4853644044741,600.7803771091519,201.11410153377963,114.80627925120464,7737.719177058794
https://www.redfin.com/MO/Saint-Louis/5721-Devonshire-Ave-63109/home/93753128,253.1603158143803,479.9213818215818,872.5318077838464,316.90985281848634,234.0069863312071,4482.140575608566
https://www.redfin.com/MO/Saint-Louis/3830-Juniata-St-63116/home/93728336,300.32087888354073,530.9071153516204,786.5411694677005,306.5231447339152,261.8314703579389,5744.151035705594
https://www.redfin.com/MO/Saint-Louis/2609-N-Sarah-St-63113/home/93717240,634.1297357289847,644.8945244023155,645.9396439809635,420.7929848122303,412.77833306149165,5944.578854160307
https://www.redfin.com/MO/Saint-Louis/7025-Ethel-Ave-63117/home/93760633,102.06799297084588,344.5248446015108,479.98398913887786,253.87523724101644,234.93963849668276,4025.35467387035
https://www.redfin.com/MO/Saint-Louis/5627-Milentz-Ave-63109/home/93771457,337.2045813849318,1299.862545755553,575.8906049048044,332.11547407523864,316.29708699553197,3632.3068794883097
https://www.redfin.com/MO/Saint-Louis/3948-Dover-Pl-63116/home/93774750,324.3382750619757,1170.739920565145,675.307092040796,946.1890393502201,373.39169810006433,5414.3771389613175
https://www.redfin.com/MO/Saint-Louis/6551-Smiley-Ave-63139/home/93742291,152.02341356102465,1027.3413870508887,1302.8369225822319,985.7845030347848,235.17306617951897,4299.977473097893
https://www.redfin.com/MO/Saint-Louis/2929-Dodier-St-63107/home/93754632,327.585539812911,966.8099163069027,398.63210716863904,310.35018180005324,342.33296667779456,5985.3681026667
https://www.redfin.com/MO/Saint-Louis/625-Walsh-St-63111/home/62743719,534.3938096054147,1127.58466847969,600.2945214956518,173.0926725732544,186.94042986905848,6801.0113943689885
https://www.redfin.com/MO/Saint-Louis/2631-Nebraska-Ave-63118/home/79074333,488.2461286863344,508.05346804342844,499.67661105830996,513.992176720482,68.57661670034202,5940.999612992345
https://www.redfin.com/MO/Saint-Louis/6519-Devonshire-Ave-63109/home/93779040,156.01161141657462,781.640496517169,370.61540290576954,188.75151543981667,78.54920050675605,5437.184412807927
https://www.redfin.com/MO/Saint-Louis/6308-Winona-Ave-63109/home/93782109,165.56099014742054,668.6097665468993,634.9180274145934,177.78010253717477,191.42531192570337,5556.244768940764
https://www.redfin.com/MO/Saint-Louis/4422-Vista-Ave-63110/home/169425125,399.2974921815142,181.44309305498788,318.4030998665577,394.7393786273313,380.7322430610594,5070.7144192352725
https://www.redfin.com/MO/Saint-Louis/3834-Rainor-Ct-63116/home/93785343,186.42729340469637,1142.809585235485,744.9321940183343,535.3577395632316,525.6871298306387,6674.187490232744
https://www.redfin.com/MO/Saint-Louis/7375-Sharp-Ave-63116/home/93784841,332.7650992544334,1056.8809091248922,486.42152632147025,359.8912849227711,340.54827005453956,6429.300524543487
https://www.redfin.com/MO/Saint-Louis/3927-Federer-Pl-63116/home/62740476,829.541328234468,689.812667779615,583.0211293939708,850.6734449154236,531.0142372285936,5657.851743148228
https://www.redfin.com/MO/St-Louis/5809-Park-63147/home/177024550,269.6005005806899,301.4592550182071,177.586782946334,299.3339374821306,255.51580114882813,5398.10980145493
https://www.redfin.com/MO/Saint-Louis/21-Willmore-Rd-63109/home/93782583,257.1858069446586,849.7993490435198,930.0872301032382,871.4039674813982,829.2234304088958,2975.0319001864364
https://www.redfin.com/MO/Saint-Louis/3327-Park-Ave-63104/home/93700901,250.33012736756612,379.8833153203904,488.9754051393406,516.2546937247928,78.57461524369066,5564.67272269407
https://www.redfin.com/MO/Saint-Louis/3912-Bates-St-63116/home/93781579,28.16727691009999,1406.5971807573605,953.0501210959324,859.5964508736217,65.73784110986045,5152.386447535286
https://www.redfin.com/MO/Saint-Louis/2332-S-Compton-Ave-63104/home/93671850,28.015892611707944,886.4649941454057,356.7608358314931,807.1285513236375,105.0310009199819,6324.1901321485775
https://www.redfin.com/MO/Saint-Louis/4715-Rosa-Ave-63116/home/62717755,252.93828796222058,412.4606781677672,1072.5271342493427,250.8636323174645,281.12796391071544,4877.326486378125
https://www.redfin.com/MO/Saint-Louis/5230-Fairview-Ave-63139/home/93742629,879.1480050210382,1233.5721335565618,256.11730212299614,904.0502800403902,305.8274230922312,4908.386676502218
https://www.redfin.com/MO/Saint-Louis/5217-Fairview-Ave-63139/home/62735421,817.7032337771433,1279.014677453107,222.59009043179756,852.4057736832333,300.41947168443045,4507.337896968733
https://www.redfin.com/MO/Saint-Louis/3923-Prather-Ave-63109/home/62752555,245.21948514794795,287.7987850682455,810.7118369000315,517.5109782103544,512.241388156933,5047.574827987093
https://www.redfin.com/MO/Saint-Louis/6137-Colorado-Ave-63111/home/93709529,705.4061306731837,1030.9571255900212,662.2523851485046,533.7397893802869,498.7208210976872,6387.186465396851
https://www.redfin.com/MO/Saint-Louis/5533-Winona-Ave-63109/home/93782360,102.14240461631083,1072.999056496153,583.7607674608657,131.4709757679745,152.97420258610794,5612.689529700483
https://www.redfin.com/MO/Saint-Louis/5833-Delor-St-63109/home/62759578,146.03028037453566,526.1341940530737,582.9856371672577,142.4243316434301,124.73667934355787,5149.608637275758
https://www.redfin.com/MO/Saint-Louis/6323-Alaska-Ave-63111/home/93709337,738.4500951432293,788.0658374832716,938.2087207870266,352.1450563672118,305.54378470052075,6491.7474051738245
https://www.redfin.com/MO/Saint-Louis/4325-Koeln-Ave-63116/home/62765538,148.57310126685917,266.7559126665187,444.8693362391517,370.317812200184,474.8790872581472,6380.395088349545
https://www.redfin.com/MO/Saint-Louis/3526-Nebraska-Ave-63118/home/93694855,658.3190609881622,409.38488242158155,507.6799105134054,369.69809853586924,237.45169851792403,5826.272665816571
https://www.redfin.com/MO/St-Louis/3201-Eads-Ave-63104/unit-1/home/177082425,19.172327463330696,152.25469805106817,630.0270294081764,745.8673434614216,228.89220373378336,4862.217150010303
https://www.redfin.com/MO/Saint-Louis/4321-Quincy-St-63116/home/93784481,105.962629702565,507.9663680788044,224.39688545060437,894.2280206295935,57.85923497891958,5653.142257734242
https://www.redfin.com/MO/Saint-Louis/5736-Winona-Ave-63109/home/93780872,162.13652328215795,737.3790165154597,683.6335449935542,201.2628389649756,163.1713444293792,4833.766533932138
https://www.redfin.com/MO/Saint-Louis/5250-Sutherland-Ave-63109/home/93752869,417.18735579607244,1280.051127429706,162.9781417919047,448.9339488630956,274.15043326215414,4506.011287634392
https://www.redfin.com/MO/Saint-Louis/6039-Juniata-St-63139/home/62767316,154.89382075933082,783.8880992446598,724.710284770605,158.83074822568665,143.741663362691,6488.167591691319
https://www.redfin.com/MO/Saint-Louis/5101-McCausland-Ave-63109/home/93781547,205.42528751993703,1001.1134109371571,724.2204897718412,362.30961175571383,332.0953340007595,3708.392191023774
https://www.redfin.com/MO/Saint-Louis/2106-S-11th-St-63104/home/93686332,31.651869024527862,348.9279811032828,839.2390908496677,133.0601844868453,72.4159010033822,7961.355579994386
https://www.redfin.com/MO/Saint-Louis/6309-Murdoch-Ave-63109/home/93780213,401.9025457383627,298.9833592279086,805.4879748552645,408.169416590923,367.3441255514823,4923.842883341066
https://www.redfin.com/MO/Saint-Louis/7714-Vermont-Ave-63111/home/93711101,99.94663171849314,268.68421490808424,1052.8185014922394,670.9872263403757,629.5638134099748,8104.243987611241
https://www.redfin.com/MO/Saint-Louis/6632-Winnebago-St-63109/home/62711231,401.7026512143926,413.83310510865823,743.8608456518859,427.03769119327364,392.5889937622495,5677.472451447174
https://www.redfin.com/MO/Saint-Louis/8725-Annetta-Ave-63147/home/93779397,201.38486374850922,942.2572928203333,792.6175547606384,851.3257222780709,333.34844665763956,4831.715969637712
https://www.redfin.com/MO/Saint-Louis/1923-Sublette-Ave-63110/home/93726535,655.2847360314215,350.8173435908394,1014.4350425954259,672.3501590667827,403.0543686883471,4971.704354011101
https://www.redfin.com/MO/Saint-Louis/2311-Arsenal-St-63118/home/62740985,24.81562568811787,243.31003486966497,843.3815023070007,36.769750100635555,25.619574614382753,6127.404241916737
https://www.redfin.com/MO/Saint-Louis/4817-Rhodes-Ave-63116/home/93766553,128.9594014257045,663.6199302981345,647.2417964312141,118.92278009866092,169.85771180175263,5573.426361526976
https://www.redfin.com/MO/Saint-Louis/6823-Minnesota-Ave-63111/home/93710470,36.04514739975097,1092.5751563739125,350.561496537743,308.57289306249714,55.03256970183355,7919.126447186286
https://www.redfin.com/MO/Saint-Louis/6249-Marmaduke-Ave-63139/home/93754730,418.9919125732923,574.8658348365445,491.612848305961,522.2655339767324,273.9140075889632,4992.496694763939
https://www.redfin.com/MO/Saint-Louis/2701-McNair-Ave-63118/home/93697833,413.1789641216009,256.440796481357,737.8794441924053,407.45426206949554,336.68201034704794,6318.453203992421
https://www.redfin.com/MO/Saint-Louis/7005-Trainor-Ct-63116/home/93773352,156.41726489978086,671.7760158944377,673.6382350336205,924.2975171374746,582.5511500695993,6106.083692422358
https://www.redfin.com/MO/Saint-Louis/4558-Cote-Brilliante-Ave-63113/home/93718835,231.25739333944927,584.5729288503591,1129.8258501687665,251.12811650234715,206.96806526058916,4033.8342590151624
https://www.redfin.com/MO/Saint-Louis/3841-Fairview-Ave-63116/home/70323341,561.9281495743284,1048.0438395978742,1078.0300477075389,555.0812658257705,254.42085410956517,4711.3917041043405
https://www.redfin.com/MO/Saint-Louis/5717-Bartmer-Ave-63112/home/93722564,187.89591400415034,546.7896109937072,324.4752836107443,177.69320439874662,409.3797261325837,4088.139822436792
https://www.redfin.com/MO/Saint-Louis/4502-Tholozan-Ave-63116/home/93730026,356.8877719044313,1192.388229940814,807.2578985624609,383.17473913688656,208.50100933794428,4466.069705354212
https://www.redfin.com/MO/Saint-Louis/5557-Elizabeth-Ave-63110/home/93772554,498.3746503363286,715.0614267675254,728.2617275471497,517.2211246784294,287.33840561927246,5078.579164411042
https://www.redfin.com/MO/Saint-Louis/6353-Murdoch-Ave-63109/home/93780222,564.9914171887425,467.13535831211334,644.030751596911,576.1831838896614,468.5223245625455,4481.373993140558
https://www.redfin.com/MO/Saint-Louis/3743-Sullivan-Ave-63107/home/93702135,351.10368884839664,820.2714219167302,347.411878486215,403.5253474044765,109.81981690342778,5819.235812641733
https://www.redfin.com/MO/Saint-Louis/3410-McCausland-Ave-63139/home/62695577,297.8160726329287,879.0200821682176,1254.589634945441,1544.428258483875,429.1125829118191,3630.184179460112
https://www.redfin.com/MO/Saint-Louis/8748-Jordan-Ave-63147/home/93782973,157.120361909325,307.1391338656027,1305.0913609966346,172.91077578705966,155.38685166923014,6003.057763291539
https://www.redfin.com/MO/Saint-Louis/3143-Ohio-Ave-63118/home/93697079,165.77500213628633,483.75660707544347,889.778507594908,159.56176376959039,160.79735301930657,7037.558712832233
https://www.redfin.com/MO/Saint-Louis/6301-Potomac-St-63139/home/62708008,417.9176831354243,761.462779487017,504.1578724489994,405.5717006935505,364.16865906103783,4119.377205253709
https://www.redfin.com/MO/Saint-Louis/3442-Potomac-St-63118/home/93695418,138.7475557658387,331.8759963148496,1044.034403168106,252.1776070265583,129.74806826235172,6147.762662236919
https://www.redfin.com/MO/Saint-Louis/6518-Parkwood-Pl-63116/home/62708481,165.24311365730347,502.99566989313166,718.1228020455868,811.8553599896179,223.8334974669466,6335.603404742201
https://www.redfin.com/MO/Saint-Louis/4149-Humphrey-St-63116/unit-4149/home/93679024,654.6823334967775,277.4670185382474,76.41024419852687,653.7176821200202,436.98724168932637,5176.71350963058
https://www.redfin.com/MO/Saint-Louis/4645-Adkins-Ave-63116/home/93757030,269.7072302543388,574.89604340577,498.70579878962747,262.26682849450424,221.55166911165355,5241.238739374368
https://www.redfin.com/MO/Saint-Louis/3937-Russell-Blvd-63110/home/93747580,769.5430623662633,256.05595709632,136.85725341283856,152.0326309792906,290.3682839185517,5300.419539575985
https://www.redfin.com/MO/Saint-Louis/1035-Central-Ave-63139/home/93759988,279.03362297790346,585.9800719635986,89.94715588035895,313.8744219341043,193.16542492258364,6043.051968594162
https://www.redfin.com/MO/Saint-Louis/3808-Olive-St-63108/home/181866746,211.5891273666626,318.55730657025634,257.30104063616466,323.41515661269113,314.36699035097166,5336.446755801546
https://www.redfin.com/MO/Saint-Louis/1917-S-Compton-Ave-63104/home/62762825,31.632547135517676,477.46248803252746,830.5938636240373,727.9057536332728,428.5356704657191,6449.960076088563
https://www.redfin.com/MO/Saint-Louis/4607-S-Spring-Ave-63116/home/62727936,730.9520222081561,1176.4674961627254,603.3689435369589,718.8772139152373,536.722025618078,4418.88608669986
https://www.redfin.com/MO/Saint-Louis/8601-Tara-Ln-63147/home/93732062,302.6675135739318,1035.9720725535885,913.4863482075489,1139.5964311322814,314.6941396564354,5380.168634544087
https://www.redfin.com/MO/Saint-Louis/5713-Acme-Ave-63136/home/93421445,148.54327205444216,1017.1576031678179,625.0593209323805,280.5156041207603,230.94833209333254,2162.2466434140483
https://www.redfin.com/MO/Saint-Louis/5852-Clemens-Ave-63112/home/93680626,225.75188988804788,222.36550318005234,491.27215013319164,310.51503116579613,240.09794492292352,4685.9246731885405
https://www.redfin.com/MO/Saint-Louis/5431-Elizabeth-Ave-63110/home/93772092,909.3846173058058,615.3870513112722,346.076762451896,937.3016099901029,188.57948843235147,4634.089432811158
https://www.redfin.com/MO/Saint-Louis/6456-Wade-Ave-63139/home/93740751,609.8116427397501,240.69892360077935,273.0568991610958,590.6266708175206,266.5047259660262,6433.294672810726
https://www.redfin.com/MO/Saint-Louis/5236-Daggett-Ave-63110/home/62689692,788.5395378848791,203.7389191531768,776.2699527985131,832.6310190253542,65.06718298172854,4622.5524759818
https://www.redfin.com/MO/Saint-Louis/4120-Haven-St-63116/home/62716855,180.12587164081683,816.813428714585,500.51910366772717,1199.0372598548727,226.76807393765006,6133.866459928514
https://www.redfin.com/MO/Saint-Louis/4865-Bessie-Ave-63115/home/93733388,519.916301824626,560.4308831935094,642.3418361950326,337.41180231560725,879.3877433215589,3942.468987029014
https://www.redfin.com/MO/Saint-Louis/5958-Floy-Ave-63147/home/79024620,148.6063774120386,887.5004198139916,493.014926513182,353.9282169624282,326.9340181709019,4886.175863495628
https://www.redfin.com/MO/Saint-Louis/4566-Washington-Blvd-63108/home/93676136,195.25619354301594,233.6762957794655,289.3603747518131,230.6561982043952,81.66294029629282,5284.180151795135
https://www.redfin.com/MO/Saint-Louis/3623-Oregon-Ave-63118/home/93696399,416.2024053603138,386.53750698179607,303.65664162759975,420.4457893248279,184.5611621257237,5974.308738236749
https://www.redfin.com/MO/Saint-Louis/4108-De-Tonty-St-63110/home/143286953,895.261103070987,468.84736382947307,379.6025118455727,125.73230162446613,152.81330582335087,5672.704872404251
https://www.redfin.com/MO/Saint-Louis/4128-De-Tonty-St-63110/home/143286956,826.407174761197,479.73933630495645,322.55471416799645,158.19371003623178,181.87257692793716,5718.814908064354
https://www.redfin.com/MO/St-Louis/4201-W-Pine-Blvd-63108/unit-106/home/175152249,146.50663545554391,272.27869879239375,317.5031284447136,148.0582206877904,126.33655082688506,3874.0339089831386
https://www.redfin.com/MO/Saint-Louis/1505-W-Billon-Ave-63139/home/93741494,120.0565340710859,537.6425553959014,489.50023018121846,191.7100761028484,48.846133474292294,7412.6499366070075
https://www.redfin.com/MO/Saint-Louis/3411-Vista-Ave-63104/home/93700939,356.73585369989337,465.6008598142669,515.3215306926828,418.418514073166,202.88735995486428,4790.145602315565
https://www.redfin.com/MO/Saint-Louis/6927-Sutherland-Ave-63109/home/181867591,123.55279721955331,690.7452389358807,954.3060101599629,162.0340074542438,156.9781284410401,6284.394481208403
https://www.redfin.com/MO/Saint-Louis/3253-Texas-Ave-63118/home/62699239,157.5224275407727,327.7668760019763,1075.268333213639,147.30873716935898,73.19912456412261,6061.582926594049
https://www.redfin.com/MO/Saint-Louis/2208-Chippewa-St-63118/home/93696777,166.9872565077578,192.7542012371092,342.8020328016321,151.9943609470373,127.62745107741858,6162.124592568374
https://www.redfin.com/MO/Saint-Louis/7344-Sharp-Ave-63116/home/93785078,376.03504961167255,1111.2719133886935,453.1067636449883,469.63329028314405,385.65650503914753,7031.290961522537
https://www.redfin.com/MO/Saint-Louis/2223-Sublette-Ave-63110/home/93772621,692.0243856988959,566.6425078083851,591.6702246169284,699.2404919686159,335.06270563615976,4922.9941926342435
https://www.redfin.com/MO/Saint-Louis/3506-Pennsylvania-Ave-63118/home/93694885,730.7003664477371,358.6160510601085,572.2617472567783,304.78713422302997,325.58093244231156,5700.459491409843
https://www.redfin.com/MO/Saint-Louis/4424-Randall-Pl-63107/home/93703512,202.88661196971435,589.9863608167703,1003.3891152074833,208.38194585316106,401.08758637016354,5793.604898227213
https://www.redfin.com/MO/Saint-Louis/4866-Carter-Ave-63115/home/93733318,626.0071344116504,570.5165319015706,831.202463668971,626.5027868280314,682.3022936696765,6088.986128577806
https://www.redfin.com/MO/Saint-Louis/1524-Deer-St-63113/home/93718743,109.86611784657705,466.8538749410708,1102.1928849554163,130.3711925550138,97.46007777032139,4506.734848466849
https://www.redfin.com/MO/Saint-Louis/4319-California-Ave-63111/home/93705736,141.53530121632875,617.5705041545631,420.72312582707417,127.95176452019723,104.45301415447027,5608.400388147063
https://www.redfin.com/MO/Saint-Louis/4737-Beacon-Ave-63120/home/62724376,185.6531411188569,1002.5753472834015,614.3701471572865,793.838800807669,795.5830046123253,4903.82981423217
https://www.redfin.com/MO/Saint-Louis/3819-Kossuth-Ave-63107/home/93715026,603.9994926032376,352.5915889452567,765.2944115220157,603.4976400959325,523.1861636780942,5930.145190372626
https://www.redfin.com/MO/Saint-Louis/5168-Vernon-Ave-63113/home/93752401,310.0884144543267,510.58448789096855,645.1193332636597,307.985790913605,380.8389013687396,5633.510293212212
https://www.redfin.com/MO/Saint-Louis/2028-Destrehan-St-63107/home/93688743,171.5087681126355,537.8032790250641,494.01435888781316,167.74260254741108,682.248247221597,8348.909027251151
https://www.redfin.com/MO/Saint-Louis/3615-Virginia-Ave-63118/home/93695713,442.45102942229863,204.37732539812708,667.2834437516966,445.05799525666373,126.35233266946669,5996.610367658586
https://www.redfin.com/MO/Saint-Louis/2349-S-Compton-Ave-63104/home/93691981,28.240305594797725,949.6211490057752,320.0370378196897,741.5866070903044,104.74949479933903,6263.902756096769
https://www.redfin.com/MO/Saint-Louis/4728-Primm-St-63116/home/93775511,332.79105513441607,699.9081774607748,1235.877712311043,324.47625503307887,341.95146667791283,3589.8532088286797
https://www.redfin.com/MO/Saint-Louis/1131-Angelica-St-63107/home/93702897,379.59802602808736,283.15644432272404,507.15362947593684,377.7601222839559,700.35289923715,7132.311533345968
https://www.redfin.com/MO/Saint-Louis/215-N-Sarah-St-63108/unit-11/home/182774033,165.78236899135473,44.984212396463306,372.25678103465197,153.6764547119094,214.38638744532136,3956.180757015488
https://www.redfin.com/MO/St-Louis/2231-Hickory-63104/home/173772914,240.93342782402502,441.35133327686026,977.9477774682118,230.96902940374238,252.89709705390158,4856.819216660106
https://www.redfin.com/MO/Saint-Louis/2630-S-11th-St-63118/home/93686926,427.4058646947439,333.65913192594,449.46304219560324,177.81632069765104,115.8016432570535,5517.910895900557
https://www.redfin.com/MO/Saint-Louis/5306-Wilson-Ave-63110/home/178545804,923.4160554710328,251.5868293689698,595.1172266777301,984.5592672647246,51.88195563561763,4539.9727556907255
https://www.redfin.com/MO/Saint-Louis/4461-Dewey-Ave-63116/home/93730857,457.04753626594066,1234.0285512282655,538.2788080616062,456.93691430236595,508.54225285796036,5971.080959433807
https://www.redfin.com/MO/Saint-Louis/4501-Oregon-Ave-63111/home/93706556,180.49941872720615,481.9094131147592,835.4502194005966,318.0382869357166,229.77625723728087,8077.879815697323
https://www.redfin.com/MO/Saint-Louis/5204-Cabanne-Ave-63113/home/93745396,266.8401627805294,648.7458177808841,343.4304032514286,266.7847331430521,231.6818744565125,4992.610206154789
https://www.redfin.com/MO/Saint-Louis/9139-Edna-St-63137/home/93782309,152.48163609407385,1134.2750710030753,599.2711433682974,293.07144017011285,339.479415081118,2586.749213429526
https://www.redfin.com/MO/Saint-Louis/5054-Fyler-Ave-63139/home/93777184,679.6467611520022,1180.8346579522754,127.53637459650554,752.2893766374041,327.95798243469864,3585.8226913178332
https://www.redfin.com/MO/Saint-Louis/5304-Wilson-Ave-63110/home/178545736,913.6915352579922,241.90024004012204,597.1121092350946,975.7859687746641,50.58436346950017,4615.053348377097
https://www.redfin.com/MO/Saint-Louis/2113-Boardman-St-63110/home/173620159,348.3469462278937,325.1531575649563,859.6734955087438,474.9903721153727,145.97596530235256,5208.231143572909
https://www.redfin.com/MO/Saint-Louis/6119-Alabama-Ave-63111/home/93709140,476.77555644437444,1153.8303749662648,587.617208038095,767.8827988725093,665.7701352661039,6800.8156396368795
https://www.redfin.com/MO/Saint-Louis/10102-Lookaway-Dr-63137/home/93785916,42.96677746263947,375.59133059283613,6186.087721295934,4120.669160849367,3459.503923459307,2031.887589370605
https://www.redfin.com/MO/Saint-Louis/6603-Villa-Ave-63139/home/93750101,783.8324225933984,588.9755345279588,634.616005747273,557.9534254386735,151.09997160561585,6219.220723594898
https://www.redfin.com/MO/Saint-Louis/4107-Oleatha-Ave-63116/home/93728793,663.8967567695283,627.7701258888576,769.9581445773586,656.562487684755,475.98392068961624,5347.414819486701
https://www.redfin.com/MO/Saint-Louis/3325-Itaska-St-63111/home/93707074,610.430622805938,648.7291270996685,914.8023366495466,583.8185811371225,205.98171155105064,5092.37310508642
https://www.redfin.com/MO/Saint-Louis/5206-Morganford-Rd-63116/home/93773998,35.14290381482238,136.3002728583191,122.96498388409623,184.50517516313087,146.7072845835709,5477.008080402113
https://www.redfin.com/MO/Saint-Louis/3005-Lemp-Ave-63118/home/93698988,112.14306931664788,436.7976979646208,1248.2922857607048,105.37458340389381,299.41103934958846,8157.952839498329
https://www.redfin.com/MO/Saint-Louis/5327-West-Ave-63116/home/93761672,415.6961778403658,423.83546354647547,690.800792724426,404.2229926456576,386.1445468718348,4576.670129796208
https://www.redfin.com/MO/Saint-Louis/6832-Dale-Ave-63139/home/93740616,315.238341552746,662.9376462407129,626.8276608365854,722.2197813747935,441.69680408927695,4806.490530577193
https://www.redfin.com/MO/Saint-Louis/2704-Stoddard-St-63106/home/93686858,170.46622599130689,487.25902949446845,278.0048757571343,164.47910023355263,434.8939772090971,6646.504470755645
https://www.redfin.com/MO/Saint-Louis/4316-Alma-Ave-63116/home/62709511,74.18264466862188,569.3306610444098,613.9408578954861,922.9665868470267,271.98073704633475,5950.711063150763
https://www.redfin.com/MO/Saint-Louis/4610-Lexington-Ave-63115/home/93735673,198.47812022820054,528.6040186141735,372.2016469691615,202.05678609209153,150.46130164577326,4141.11425503133
https://www.redfin.com/MO/Saint-Louis/5249-Vernon-Ave-63113/home/93710058,105.25866003370754,292.92395311986456,557.728083171612,111.87151038034833,200.8853721009569,5991.2773906127295
https://www.redfin.com/MO/Saint-Louis/3963-Palm-St-63107/home/93753891,84.1546026001505,458.2678884500543,350.7848972183827,110.73499734899282,696.4102529666576,4887.997640209673
https://www.redfin.com/MO/Saint-Louis/5658-Maffitt-Ave-63112/home/93754248,290.046482979468,729.3982648068319,379.9179090435036,282.2488021478306,336.49929033847377,3397.0757980915614
https://www.redfin.com/MO/Saint-Louis/3616-Osceola-St-63116/home/93706464,86.01885812159455,946.3077873347387,702.2812362608819,147.64537110020714,347.0404568925278,6126.531005349951
https://www.redfin.com/MO/Saint-Louis/4129-Enright-Ave-63108/home/93745145,188.32335574203975,236.36264486439643,463.20754484824135,206.30039862798876,145.43034536327997,4851.859004570618
https://www.redfin.com/MO/Saint-Louis/4606-Wherry-Ave-63109/home/93753230,689.5367275982957,1068.1579006642673,343.7046948912867,678.3041662509805,153.02269820824037,5345.958001689248
https://www.redfin.com/MO/Saint-Louis/2235-Missouri-Ave-63104/home/93690901,235.70874670105778,649.2250772546483,229.06879840234865,287.42844305544406,228.03187414513746,6896.915499479356
https://www.redfin.com/MO/Saint-Louis/2023-Sidney-St-63104/home/93671861,414.57171720436753,386.2990782782361,864.2164370597604,408.5396845272235,180.08786822057493,6349.7452419028505
https://www.redfin.com/MO/Saint-Louis/5109-Cote-Brilliante-Ave-63113/home/93738127,313.90308891344483,245.2593100317237,280.3616031297162,333.1358630003552,426.99532909085286,2331.784763613353
https://www.redfin.com/MO/Saint-Louis/5052-Plover-Ave-63120/home/93759787,704.8203311016024,517.7812311142004,586.1433859906854,824.3541359815325,701.786986035491,4213.624428292566
https://www.redfin.com/MO/Saint-Louis/8528-Riverview-Blvd-63147/home/62717280,31.050732488830786,862.2968072279318,997.9187285071973,1066.6367110735118,465.99526723863255,5181.206086243253
https://www.redfin.com/MO/Saint-Louis/8508-Drury-Ln-63147/home/93732315,284.3701974695885,711.1475933219178,699.1333931624343,857.2438520932153,600.9497663537039,5838.19490383703
https://www.redfin.com/MO/Saint-Louis/8050-Morganford-Rd-63123/home/93784188,32.82530170221908,1133.3619733965238,1320.229614208117,557.6895068829117,354.4981256627581,5896.7363047422
https://www.redfin.com/MO/Saint-Louis/1827-Kennett-Pl-63104/home/62712447,344.5021531162897,268.8888828751678,240.0400283200752,771.250193708224,149.46026756907236,5249.111841838525
https://www.redfin.com/MO/Saint-Louis/11-Henrietta-Pl-63104/home/93700466,545.2147319267642,274.7510999662719,101.03008731540123,541.6793985648428,198.81125035081635,6083.607225040716
https://www.redfin.com/MO/Saint-Louis/4146-Concordia-Ave-63116/home/93770979,156.02556677069865,907.273097920495,590.5810408639669,674.3546234842657,337.4476427491516,4240.249549246172
https://www.redfin.com/MO/Saint-Louis/4481-Vista-Ave-63110/home/93726085,350.13301141587215,389.00685785122425,533.4279240614944,363.0556875175421,288.0423769193544,3558.9119992918186
https://www.redfin.com/MO/Saint-Louis/4025-Tholozan-Ave-63116/home/93728643,329.9209578234285,823.4261541580789,1067.4940546917785,322.3826654982831,296.1098110025054,6183.53209407738
https://www.redfin.com/MO/Saint-Louis/4095-Concordia-Ave-63116/home/93761979,242.33056619593776,1041.405359806127,556.2514284398868,853.5463226046862,463.9539023416429,4608.517958994489
https://www.redfin.com/MO/Saint-Louis/5046-Enright-Ave-63108/home/93744589,140.04067975211734,701.7029049335259,657.2704902220823,179.09198213022287,100.98348573368628,3763.045644620032
https://www.redfin.com/MO/Saint-Louis/4275-E-Ashland-Ave-63115/home/93735095,308.26417836781513,971.8959032588233,775.5239489762038,325.42614084020926,215.9550705596071,4298.703826576949
https://www.redfin.com/MO/Saint-Louis/6609-Pennsylvania-Ave-63111/home/93681591,168.50809156994092,1191.00310473715,685.9792781128477,312.5668932010191,176.29376621566155,6974.016099118722
https://www.redfin.com/MO/Saint-Louis/3743-Palm-St-63107/home/93702207,121.9875303219455,565.1527423799963,196.01073349431164,115.9185299927592,313.11123895474987,4371.822687993195
https://www.redfin.com/MO/Saint-Louis/4315-Oregon-Ave-63111/home/93705764,255.85580189875174,646.5546385213021,397.25146576667345,245.90061106771762,192.54377035341727,5236.673113628336
https://www.redfin.com/MO/Saint-Louis/3725-Minnesota-Ave-63118/home/93695864,150.99653749656673,454.34438550041125,218.8406123118761,229.0222313527462,105.71849526687652,6071.922405983299
https://www.redfin.com/MO/Saint-Louis/4101-W-Pine-Blvd-63108/unit-2/home/187671438,141.6544908757889,69.11210123925122,392.0926370152947,129.72427452929318,190.36418816207527,3814.073754727143
https://www.redfin.com/MO/Saint-Louis/5716-Minnesota-Ave-63111/home/93708383,179.1221374438807,325.83266952078793,834.6035777259611,223.43082052255332,281.28876088836074,8629.548524891872
https://www.redfin.com/MO/Saint-Louis/1440-S-18th-St-63104/home/93689711,192.30478667450396,181.67061213869388,390.4675026903452,675.3061081658927,95.5963229906052,6106.46039217353
https://www.redfin.com/MO/Saint-Louis/4528-Pennsylvania-Ave-63111/home/93706541,371.2140861953478,312.1703142786228,860.4714299393603,367.1905280490485,316.23234551057385,7382.43694755749
https://www.redfin.com/MO/Saint-Louis/2633-Wyoming-St-63118/home/79160574,175.2796134255278,386.4855102624833,1056.0135938542371,175.30270016339526,176.28944072503262,5444.669083819142
https://www.redfin.com/MO/Saint-Louis/2625-Armand-Pl-63104/home/93690833,109.47459912574236,342.19474242019584,120.86282465701943,171.49726122790094,153.4773776184907,6341.333667748246
https://www.redfin.com/MO/Saint-Louis/8784-N-Broadway-63147/home/93766301,32.87588232043927,285.94683138241237,1532.6920578766874,120.08928862427521,249.80975174019105,6615.191037097656
https://www.redfin.com/MO/Saint-Louis/4862-San-Francisco-Ave-63115/home/93732725,231.0581452271676,528.315430487506,841.4143709049471,274.4275844839618,324.3958267220534,4247.400397207351
https://www.redfin.com/MO/Saint-Louis/1212-Dolman-St-63104/home/62779976,70.8665392497058,319.6967641422696,193.73163647246082,350.0228405137797,201.19575256199147,7577.19470595669
https://www.redfin.com/MO/Saint-Louis/6214-Fyler-Ave-63139/home/93743114,344.0906630217836,650.7579766552235,873.8880372906,339.6188024442208,315.7305558381901,4711.633388126383
https://www.redfin.com/MO/Saint-Louis/3125-Potomac-St-63118/home/93695053,580.6915478278811,313.46740430723554,706.3731513115015,271.52854448158234,251.78341283092675,6348.122158407485
https://www.redfin.com/MO/Saint-Louis/4903-Michigan-Ave-63111/home/93707643,442.01235518318686,805.1221274242843,1100.3074208645555,435.47811163393715,342.9704226231673,5381.413184467267
https://www.redfin.com/MO/Saint-Louis/2129-E-Gano-Ave-63107/home/93712548,95.19571176577851,540.3268489206896,81.87888910361147,93.18359716863513,433.64757140418726,6173.164684941281
https://www.redfin.com/MO/Saint-Louis/3834-De-Tonty-St-63110/home/93760785,480.00793067725454,413.61474910221153,460.12866440764185,212.61742318343556,184.77935407453575,5782.2420371412545
https://www.redfin.com/MO/Saint-Louis/3716-Carondelet-Blvd-63123/home/93712317,31.197642003054,894.2894025502287,1211.3499323872143,236.25926773333833,453.93387425944184,6678.819693619046
https://www.redfin.com/MO/Saint-Louis/8117-Reilly-Ave-63111/home/93711411,393.2969064637768,711.9725393382753,1865.9305537336998,391.6371160669006,47.27731481747962,4465.770839167964
https://www.redfin.com/MO/Saint-Louis/6448-Clifton-Hills-Dr-63139/home/92910361,283.3949785870465,758.4248845476989,967.4144922203119,894.2447701069235,361.4173380713206,6685.712029246355
https://www.redfin.com/MO/Saint-Louis/3916-Nebraska-Ave-63118/home/93704270,330.37839519730375,386.26935289656575,497.8600202079541,345.95731783150524,99.47936875144285,5952.922521678171
https://www.redfin.com/MO/Saint-Louis/1422-McCausland-Ave-63117/home/93740571,47.546442271592966,755.2686953313813,655.5709330202876,921.5787163315425,286.85721244863487,3353.9873253084497
https://www.redfin.com/MO/Saint-Louis/5915-Era-Ave-63147/home/93768913,209.04063776278943,740.7022696272171,320.5870229742354,247.10431074133695,197.53294265291763,5135.043486556344
https://www.redfin.com/MO/Saint-Louis/5909-Hampton-Ave-63109/home/169429165,29.862458259942084,1261.7355053900176,245.87986320801502,30.998755260991476,29.65168480614958,4112.263462584524
https://www.redfin.com/MO/Saint-Louis/8516-Church-Rd-63147/home/93754422,109.93751409200328,845.1561024150606,1273.2488596269552,342.08451450206786,205.65581063807622,4746.36515602532
https://www.redfin.com/MO/Saint-Louis/8922-Edna-St-63147/home/93731544,232.67528334134542,981.0665372016452,654.6095686876355,480.0060371812975,427.01312106782404,5030.124150182268
https://www.redfin.com/MO/Saint-Louis/3966-Lexington-Ave-63107/home/93753754,243.5436434325746,610.5607760881726,200.99047285480236,242.86043346025707,641.193883955209,5957.2015527784815
https://www.redfin.com/MO/Saint-Louis/4035-California-Ave-63118/home/93705019,498.87926350607967,185.45478603077834,313.29125175906773,360.2150432642097,130.70672592410253,6613.712059053592
https://www.redfin.com/MO/Saint-Louis/7617-Ivory-Ave-63111/home/93673560,20.177463134434117,52.362634327529044,900.3403509561964,543.520211990083,453.3870884277245,8370.154846389652
https://www.redfin.com/MO/Saint-Louis/4627-Adkins-Ave-63116/home/93757025,251.5625681082901,630.1969247116933,562.4593286447266,268.6335481043353,215.5807166492577,5086.224496759742
https://www.redfin.com/MO/Saint-Louis/4822-Milentz-Ave-63116/home/93766469,168.7528684873392,643.0989446569771,710.703843728409,163.0175082918934,224.59563825098314,5722.767812793192
https://www.redfin.com/MO/Saint-Louis/7426-S-Grand-Ave-63111/home/93710837,379.86905001765274,356.37623608778074,1075.0748551119473,400.3808971286967,293.8466855845263,5826.652675918563
https://www.redfin.com/MO/Saint-Louis/5639-Bancroft-Ave-63109/home/62757593,232.381885400506,811.3030065298556,731.1533886247304,246.76533722027602,276.9602408662202,5673.947391299967
https://www.redfin.com/MO/Saint-Louis/1387-Temple-Pl-63112/home/93722303,329.73990435925265,349.2585275012419,684.1759596919132,340.8786396038359,431.5949763950877,5626.956374959657
https://www.redfin.com/MO/Saint-Louis/1111-Forest-Ave-63139/home/93759915,183.29513478214625,602.1711908402565,233.93752004979288,448.1322632196687,259.2652214162397,5439.986377122648
https://www.redfin.com/MO/Saint-Louis/3208-N-Dakota-St-63111/home/93705940,645.191019767324,214.4062290093129,505.6090764865233,655.9272998097847,150.68974512446945,6576.70703543448
https://www.redfin.com/MO/Saint-Louis/4311-Loughborough-Ave-63116/home/93771844,28.48672010215967,619.3937999034583,297.6192697117783,981.2777171633766,29.618918682626884,6453.296422159152
https://www.redfin.com/MO/Saint-Louis/5741-Floy-Ave-63136/home/93765383,91.40152371327227,780.0258363810074,414.29175268289896,217.93927316988876,153.26774439324623,4798.900049606875
https://www.redfin.com/MO/Saint-Louis/5254-Maple-Ave-63113/home/93710061,85.24530094715591,209.90216028972915,634.6388791029476,73.44483319220046,279.2711603652108,5635.5210658061405
https://www.redfin.com/MO/Saint-Louis/4143-Peck-St-63107/home/93702871,104.78097605755825,722.5928286203025,786.163700410688,102.28595061374132,136.10750135437704,5799.184336511978
https://www.redfin.com/MO/Saint-Louis/5542-Era-Ave-63136/home/93770051,255.68095664161626,792.3388845684293,661.8638875367176,491.8746639784767,484.7844389251857,4492.1251155610635
https://www.redfin.com/MO/Saint-Louis/1312-Sullivan-Ave-63107/home/169424164,372.8790082564623,252.26819191473405,255.57266347015315,178.2642333549526,208.95728007250327,8581.96233245673
https://www.redfin.com/MO/Saint-Louis/5532-Lansdowne-Ave-63109/home/93752944,543.533558029371,1022.9463592241385,328.23828660634535,529.5635835857308,216.96147871595733,6193.653017982237
https://www.redfin.com/MO/Saint-Louis/3447-Dunnica-Ave-63118/home/62700025,98.49829716371059,710.5271065080533,938.3833002164562,189.77318103417687,120.74431903335406,5814.880079418535
https://www.redfin.com/MO/Saint-Louis/4604-Varrelmann-Ave-63116/home/62755287,172.4573093622712,681.0497791132839,633.6916183459974,246.5005655539967,146.0737122726945,5302.250310589582
https://www.redfin.com/MO/Saint-Louis/3119-Iowa-Ave-63118/home/93697147,87.46307811119011,630.9519180325926,790.8153028358888,117.41522744647118,71.8062400066382,7672.371425833139
https://www.redfin.com/MO/Saint-Louis/2907-Salena-St-63118/home/62747655,259.34487270839816,297.6738015215094,1120.4892553634215,255.71639108952942,274.9360479810127,7008.024956737394
https://www.redfin.com/MO/Saint-Louis/2909-Minnesota-Ave-63118/home/93692124,238.23753764973063,1016.8076936235633,650.1012734123775,268.61390038475787,62.57781430454702,7434.501323287892
https://www.redfin.com/MO/Saint-Louis/1405-Missouri-Ave-63104/home/93700552,214.3151390625977,244.39446532812278,744.4890759175543,215.07185627083345,240.41286401205122,4708.801547551886
https://www.redfin.com/MO/Saint-Louis/2715-Meramec-St-63118/home/93705047,149.66360967979216,197.27016779162486,124.83956926913707,109.42519859140404,206.15940237312702,5842.054529703718
https://www.redfin.com/MO/Saint-Louis/2350-Hickory-St-63104/home/93700618,29.761071226276286,547.4404934803296,816.4328700909828,34.18865183742611,79.50474881348394,6166.535370278603
https://www.redfin.com/MO/Saint-Louis/4634-Tyrolean-Ave-63116/home/93759225,97.17618198719767,324.5252556589159,347.8701379181277,171.40989891647078,139.51153848201025,4708.613828228731
https://www.redfin.com/MO/Saint-Louis/7204-Emilie-St-63143/home/93743144,204.1306643747052,326.4776287023271,1856.000906462541,780.5975236827903,464.09450140826266,4348.9463004752015
https://www.redfin.com/MO/Saint-Louis/5807-Columbia-Ave-63139/home/93741629,296.22931633865426,729.1791819705783,598.5592591015799,288.87931944741337,129.44804701243848,4298.314138181607
https://www.redfin.com/MO/Saint-Louis/4735-Tennessee-Ave-63111/home/93707179,118.9563810822226,1071.650431945176,423.6108394855913,130.33290959918753,179.672619277995,5287.936571271391
https://www.redfin.com/MO/Saint-Louis/3159-Nebraska-Ave-63118/home/93693209,262.13473851087286,665.1598718650237,621.1993806455439,260.32044264336827,169.36485960260538,7784.948467349558
https://www.redfin.com/MO/Saint-Louis/6481-Westway-Rd-63109/home/93782718,95.21227602775261,664.3633721412758,939.4153953143261,863.1743441923234,1149.9395050718156,5526.686698415656
https://www.redfin.com/MO/Saint-Louis/3862-Neosho-St-63116/home/93730902,827.7203980998656,1280.4664988481577,597.7055511647974,828.4654917072041,460.36274174250553,4945.840377018158
https://www.redfin.com/MO/Saint-Louis/1225-Mackay-Pl-63104/home/93701075,362.73617987556645,284.1663830435889,832.0355197309581,351.4338021409943,328.8466234049736,4994.276899689807
https://www.redfin.com/MO/Saint-Louis/5309-Lindenwood-Ave-63109/home/93781770,155.63303835485448,1375.5668586720715,619.6700654410565,222.56166982668475,208.27009484370873,4477.784199178706
https://www.redfin.com/MO/Saint-Louis/4610-Leona-St-63116/home/93769637,861.0857515436294,1136.8940296935643,946.9189120635376,851.377286492347,419.2992838742838,4481.2120086802615
https://www.redfin.com/MO/Saint-Louis/4317-Enright-Ave-63108/home/93739851,187.1526676302164,749.3655931124509,421.02638475274046,224.16785775299493,173.6999391303736,4903.837704153981
https://www.redfin.com/MO/Saint-Louis/7036-Canterbury-Ave-63143/home/169427487,49.64814970625022,208.67446359572185,1827.973402875246,1106.4156414930974,413.09236255548916,3789.712744897187
https://www.redfin.com/MO/Saint-Louis/4717-Hannover-Ave-63123/home/93557427,263.68729389377614,1347.2308840751525,1815.0355767627827,461.7976814821581,589.3287596854028,1186.1874114560794
https://www.redfin.com/MO/Saint-Louis/4946-Margaretta-Ave-63115/home/93761329,139.33373961360465,829.2678576033612,493.8735017764836,132.62984000701016,716.5145241940882,4596.15294746952
https://www.redfin.com/MO/Saint-Louis/4616-S-38th-St-63116/home/93767578,537.151269550258,1304.6934772922627,445.23197613778683,526.8445510134485,453.58879112727936,6080.852017315654
https://www.redfin.com/MO/Saint-Louis/4238-Cleveland-Ave-63110/home/93746805,982.2213248946243,434.49250781963445,373.6867456306126,701.7817838311963,485.3433129869665,4958.784479852616
https://www.redfin.com/MO/Saint-Louis/6279-Magnolia-Ave-63139/home/93743624,613.2111281723764,480.86960117157844,622.2739653064019,780.4342618941299,70.96747354938583,5571.1423291205765
https://www.redfin.com/MO/Saint-Louis/4069-Germania-St-63116/home/93784832,42.13460310960833,834.532179829899,697.4778990368577,208.65917410715434,319.115554631863,5030.786725470808
https://www.redfin.com/MO/Saint-Louis/2706-Osage-St-63118/home/63473643,296.19010006602224,250.03619152040946,211.9242116907156,286.6783469717515,141.33702497311396,5511.109755112369
https://www.redfin.com/MO/Saint-Louis/8946-Halls-Ferry-Rd-63147/home/93731503,28.190479810943554,1239.9528447308537,348.7455588103343,274.1735333778202,121.71931891674737,4983.212854928272
https://www.redfin.com/MO/Saint-Louis/3100-Rolla-Pl-63115/home/93736126,544.7490751895429,803.1631424424648,553.1720241197046,356.01965982980846,245.00514928077135,4436.475275985062
https://www.redfin.com/MO/Saint-Louis/5601-Vernon-Ave-63112/home/93709977,474.34003950658376,231.91079902815898,117.36603366950297,481.9179544114843,452.95280560436737,4282.994163958721
https://www.redfin.com/MO/Saint-Louis/4669-Allemania-St-63116/home/93776458,31.341379176991374,756.2426606915666,1252.3021551047916,18.827840550636285,581.6241486650441,5254.821539150179
https://www.redfin.com/MO/St-Louis/1920-Park-Ave-63104/home/186511117,415.3028613495796,120.97172437142471,517.286438256095,530.7712964224942,8.03767145834918,4859.9772009426015
https://www.redfin.com/MO/Saint-Louis/7136-Mardel-Ave-63109/home/93748002,156.15316907588664,1081.2979518312286,1825.785100112184,531.2520176000894,612.4759218781429,3789.1080664069177
https://www.redfin.com/MO/Saint-Louis/3618-Hydraulic-Ave-63116/home/93766185,85.88654659619903,505.2311082809802,1469.8769113349301,99.28238480994987,58.92723441486457,5765.579450815713
https://www.redfin.com/MO/Saint-Louis/3238-Tennyson-Sq-63143/home/93751158,177.33604477772357,556.5901797504177,2037.567630571259,1241.350516780451,769.347400782153,3637.7309958781666
https://www.redfin.com/MO/Saint-Louis/853-Nassau-Dr-63147/home/93783366,231.18681467282224,445.50088377539987,1217.8019007862406,268.88009995743045,296.0325068661237,6196.337469017932
https://www.redfin.com/MO/Saint-Louis/3732-Blair-Ave-63107/home/182003302,137.0581809448722,166.47057936746742,236.9757701045888,549.1416843737254,236.34271166721004,5420.464630615664
https://www.redfin.com/MO/Saint-Louis/4247-Cleveland-Ave-63110/home/93746897,918.3502245376048,408.81466689914913,436.46700254305307,644.0977296089861,521.9110221850177,4955.475429351333
https://www.redfin.com/MO/Saint-Louis/5638-Murdoch-Ave-63109/home/93753511,307.32247747297254,621.9179504355909,776.9415313355669,302.9917238155053,270.058957254154,4315.181008879567
https://www.redfin.com/MO/Saint-Louis/3730-Blair-Ave-63107/home/93689327,129.52070067132888,185.56448338163483,224.98156924141537,530.0992043580803,216.7962067086409,5571.931586780913
https://www.redfin.com/MO/Saint-Louis/5022-Daggett-Ave-63110/home/185740444,293.62703362706947,421.5737141102226,695.8067467786585,405.87787439086395,101.27441679552484,6073.151830212537
https://www.redfin.com/MO/Saint-Louis/4066-Bates-St-63116/home/93761900,23.833033383103476,1005.2409798464171,765.307430010337,936.7302329018249,538.4363568003679,3006.57041551395
https://www.redfin.com/MO/St-Louis/2247-Gravois-Ave-63104/home/195989609,35.21717112645867,568.997824344544,349.2771473652363,26.6464566092508,4.373529888747703,7179.703020535362
https://www.redfin.com/MO/Saint-Louis/6214-Oleatha-Ave-63139/home/93775350,349.71833432272757,789.6897957026919,329.8810732062016,361.51192283066905,324.4341867697785,5156.871790203816
https://www.redfin.com/MO/Saint-Louis/4202-E-Carter-Ave-63115/home/93714767,542.0190372032532,1101.9189100772082,360.79490126714535,541.5177576393075,1149.102116910435,4943.032681517628
https://www.redfin.com/MO/Saint-Louis/5234-Morganford-Rd-63116/home/62743619,35.33672876472878,249.23135002824168,218.75043042588354,201.03685713890448,158.02024660878442,5187.407528029138
https://www.redfin.com/MO/Saint-Louis/4471-S-Spring-Ave-63116/home/93730980,736.7950082179017,1121.4974311158744,648.501956371375,727.3045548551553,592.6390179806381,4656.244919829968
https://www.redfin.com/MO/Saint-Louis/6608-Idaho-Ave-63111/home/93709882,421.366025077325,985.7106956383627,578.019546017338,720.9132037323812,589.0306078194147,6771.774595409164
https://www.redfin.com/MO/Saint-Louis/3808-Primm-St-63123/home/93785180,234.21218354864675,1161.7049221394097,1221.2944297928684,551.9835490286353,741.6311003765397,5375.1003178467
https://www.redfin.com/MO/Saint-Louis/2021-Boardman-St-63110/home/173620190,353.47256010348184,329.7981643299007,788.2092493767366,520.5332460261797,104.89596016919222,5921.8086258840385
https://www.redfin.com/MO/Saint-Louis/4025-Lexington-Ave-63107/home/93753787,188.7855550774597,633.8805904976883,214.19802710227054,197.68622266733067,554.3722746167758,5398.971816512736
https://www.redfin.com/MO/Saint-Louis/1946-Arlington-Ave-63112/home/93738636,366.5152843957489,988.7876978074792,1120.5799901852133,359.8541135630047,410.0761099194584,4812.764859827716
https://www.redfin.com/MO/Saint-Louis/2209-Edwards-St-63110/home/93727459,909.6557865990742,288.0622881280408,425.2394212487307,917.1700567223975,29.09427602298107,4653.302459660143
https://www.redfin.com/MO/Saint-Louis/5227-Ulena-Ave-63116/home/93757700,363.75667131207314,1296.7972005415102,833.2661045267242,899.423137878684,334.4467070284013,4379.085721428839
https://www.redfin.com/MO/Saint-Louis/2609-Macklind-Ave-63139/home/93727445,707.2789372730045,659.2513228834623,210.71697877015282,700.8692940483895,39.750205494779365,5947.34945304293
https://www.redfin.com/MO/Saint-Louis/5809-Pershing-Ave-63112/home/93762478,103.81629534422095,563.7253266464242,563.3639615212156,105.34298647404233,643.9090798523282,4606.220842644708
https://www.redfin.com/MO/Saint-Louis/7100-Idaho-Ave-63111/home/93710286,24.068138749803616,722.8290550341261,324.80201236210274,431.6585114012849,211.8614396930738,5904.964935865314
https://www.redfin.com/MO/Saint-Louis/3130-Russell-Blvd-63104/home/93690970,37.33605513012571,695.2117999257948,718.6775050626214,928.1227730945865,458.78496151389203,4592.7717817584025
https://www.redfin.com/MO/Saint-Louis/3820-Shaw-Blvd-63110/home/93747197,412.8683655298869,552.5265245823794,463.6818647693469,227.22379569102472,238.79058314738032,5392.7965446058115
https://www.redfin.com/MO/Saint-Louis/4246-N-Taylor-Ave-63115/home/93734461,972.0908880408759,967.0986150568167,761.2348736878942,536.346694284455,1022.1032888400055,4799.005988580527
https://www.redfin.com/MO/Saint-Louis/4112-W-Belle-Pl-63108/home/93745157,308.4161359037661,106.88397968596297,446.2856885503792,302.997702425313,41.57483710214973,4987.62532610515
https://www.redfin.com/MO/Saint-Louis/7509-S-Grand-Ave-63111/home/93712219,283.7145169115436,394.33846092599964,1170.4064069137185,304.9227553165434,265.23154816851144,6589.588452404177
https://www.redfin.com/MO/Saint-Louis/4845-Fountain-Ave-63113/home/93720369,475.15720654299207,156.6581746967149,139.64856788438104,467.12321375473414,435.4063940286895,4331.43171122162
https://www.redfin.com/MO/Saint-Louis/2810-Arlington-Ave-63120/home/93738400,359.92824378771434,1316.523908539682,1198.2833945090163,356.3998854027132,584.6505399005167,4009.832420273661
https://www.redfin.com/MO/Saint-Louis/2222-S-12th-St-63104/home/62726504,256.22583133678586,406.77545374147394,721.1012618024567,238.47017861291124,43.97211063460783,8062.139792038022
https://www.redfin.com/MO/Saint-Louis/7826-Carlsbad-Dr-63123/home/64336757,86.11447380781452,778.241763140075,1131.5935702162128,301.56584771741194,375.0748245176558,5471.605918109048
https://www.redfin.com/MO/Saint-Louis/4525-Page-Blvd-63113/home/66080626,36.394610795430225,239.23834440532772,957.0615438210066,63.484886107248265,65.45271684499049,4563.269267939227
https://www.redfin.com/MO/Saint-Louis/4985-Loughborough-Ave-63109/home/62748010,24.84022272778415,800.6369843546976,445.85193242499014,329.5545463685236,37.13172453749502,4448.870837656274
https://www.redfin.com/MO/Saint-Louis/6922-Magnolia-Ave-63143/home/93743673,100.9021227315532,715.8923293334508,1195.3636580335178,414.8511462112766,84.33916501783119,4214.926382049433
https://www.redfin.com/MO/Saint-Louis/1347-Graham-St-63139/home/62738008,419.4769372623124,291.2026206954857,145.61188166173696,395.3068618949997,237.6109694478112,5477.677781442183
https://www.redfin.com/MO/Saint-Louis/4413-Olive-St-63108/home/93739919,306.77949000799134,790.6410928225717,286.5087808514953,295.65762444682883,73.5692139484168,4275.979986542808
https://www.redfin.com/MO/Saint-Louis/3208-Henrietta-St-63104/home/169424254,43.42438694726753,127.8277112934988,630.059249596421,720.6412989810289,173.15528518012033,6073.327195526013
https://www.redfin.com/MO/Saint-Louis/5730-Clemens-Ave-63112/home/93672371,80.62470113724966,357.72888066226625,600.3660942310462,304.8452823292618,211.34220384297336,3954.4564139123695
https://www.redfin.com/MO/Saint-Louis/3649-Wisconsin-Ave-63118/home/103204410,162.40855275821917,522.8168878327241,294.41961672121755,190.36654505650162,278.45728685057617,7046.049526388665
https://www.redfin.com/MO/Saint-Louis/2034-Ann-Ave-63104/home/93691275,157.3255078015231,994.6148870394376,262.3061277903513,205.15859803030887,94.845614406082,6902.4783762526895
https://www.redfin.com/MO/Saint-Louis/2115-Cherokee-St-63118/home/93694018,314.77724806722705,281.18393963408,742.2724996887355,307.8208935798861,38.99231382143668,6312.2892550484885
https://www.redfin.com/MO/Saint-Louis/1113-Washington-Ave-63101/unit-607/home/93676722,47.104341656800145,309.082374236945,586.0883176461065,140.05567340961073,36.463289932878546,6743.525849782509
https://www.redfin.com/MO/Saint-Louis/6928-Minnesota-Ave-63111/home/93710123,123.42814426841825,943.5751910347569,358.7155420432008,272.5976892205316,177.44201632069255,8104.698000513559
https://www.redfin.com/MO/Saint-Louis/2326-Park-Ave-63104/home/93700520,127.96628671213065,327.6988169637355,667.1184114648705,140.17923724190993,185.64926114685673,5223.687210419933
https://www.redfin.com/MO/Saint-Louis/5530-Columbia-Ave-63139/home/93727282,697.6746256748197,585.8094253802188,488.31354170914557,689.4013422684777,47.59593153166847,5279.7088888883545
https://www.redfin.com/MO/Saint-Louis/4615-Maryland-Ave-63108/home/93724743,246.5743445939331,301.79096256113064,593.7777025179427,269.07716850000713,192.44858056467655,4606.549822148878
https://www.redfin.com/MO/Saint-Louis/2806-Keokuk-St-63118/home/93704247,285.6311309366834,323.26820150007063,519.8098463418545,293.5419124534336,31.506366385610413,6493.783670672268
https://www.redfin.com/MO/Saint-Louis/1925-Pestalozzi-St-63118/home/93691642,320.2917141861062,267.9647136819758,1138.4665652460274,324.38983951497073,254.36303433133236,6991.032646712788
https://www.redfin.com/MO/Saint-Louis/8738-Partridge-Ave-63147/home/93779453,151.71784580534185,1073.1479809832933,652.2037178358893,767.8783790501384,230.80269730135194,5492.061461926759
https://www.redfin.com/MO/Saint-Louis/3939-Itaska-St-63116/home/93769642,986.8408121113006,1153.8530537735614,807.6325176814429,1006.4555033701137,585.9337229479049,5834.196403074943
https://www.redfin.com/MO/Saint-Louis/2721-Watson-Rd-63139/home/93773015,34.54934836846185,557.9500761465655,132.05816498978075,100.28492330903732,59.71112235870437,6895.570855885445
https://www.redfin.com/MO/Saint-Louis/2139-Sidney-St-63104/home/103204375,220.05548190173437,476.2279384034676,600.9459818306053,208.70832619597627,178.10085723705632,5609.660927967441
https://www.redfin.com/MO/Saint-Louis/4762-Plover-Ave-63120/home/93761810,313.53897068351023,678.2220745171705,732.8339168490149,1128.7625917798366,672.4943804766561,4343.756458914888
https://www.redfin.com/MO/Saint-Louis/10211-Lookaway-Dr-63137/home/93779439,161.8907120562558,828.1038347240802,6587.719572779367,4548.68310411546,3002.46255930494,997.5354486322276
https://www.redfin.com/MO/Saint-Louis/948-Harlan-Ave-63147/home/93759860,183.52125597195436,672.6329029575403,904.4873733455054,189.35335753151142,510.24677685643115,4925.725213497822
https://www.redfin.com/MO/Saint-Louis/3325-Park-Ave-63104/home/93700900,246.2226309823825,378.4014653241854,492.20964356507574,520.2955673003578,74.46253861882577,5582.12721661865
https://www.redfin.com/MO/Saint-Louis/2862-Indiana-Ave-63118/home/143286489,160.91379035184877,399.90854173044016,663.5530166114429,150.21754738894032,21.553621847008298,7111.859885644306
https://www.redfin.com/MO/Saint-Louis/6201-Winona-Ave-63109/home/93782126,97.79982747016184,693.4238196169076,529.886615116102,108.29515133904111,98.25831931842126,5779.359169886329
https://www.redfin.com/MO/Saint-Louis/2300-Saint-Louis-Ave-63106/home/93687965,418.0055052762992,378.65227821665604,1192.0923754149464,27.70070080898907,307.8776465087,4083.286712039383
https://www.redfin.com/MO/Saint-Louis/4486-Laclede-Ave-63108/unit-4486/home/93671100,132.40470849738728,595.4092219309982,680.9258733595545,73.52597481964995,80.3809361618422,3997.1119415345893
https://www.redfin.com/MO/Saint-Louis/3204-Liberty-St-63111/home/93707108,605.5939632912986,701.8360280662029,1084.375438625163,423.2848079584733,196.48293679346904,5283.99371748022
https://www.redfin.com/MO/Saint-Louis/5339-Shaw-Ave-63110/home/93726863,755.4252061822094,234.61972565490976,811.3099498188693,772.0128175420656,175.72694586262858,5663.95066746202
https://www.redfin.com/MO/Saint-Louis/6165-Laura-Ave-63136/home/93762305,88.56321378086776,660.0519876494151,1741.6858882202068,1527.8025741190806,118.02813740694546,5242.047634692021
https://www.redfin.com/MO/Saint-Louis/4246-Botanical-Ave-63110/home/93672487,820.3210264432407,519.8163810903102,121.35688761838666,813.4976213172419,515.7074098089056,4554.935955371945
https://www.redfin.com/MO/Saint-Louis/6124-Marwinette-Ave-63116/home/93773762,701.7558978437519,953.3429371360617,262.6707180921625,1157.3390756629947,678.630228702065,5893.22679257228
https://www.redfin.com/MO/Saint-Louis/3522-Wisconsin-Ave-63118/home/62690727,116.38378392614923,716.84059918453,489.9971075947365,178.80963283028817,162.06932646181374,7025.385002779044
https://www.redfin.com/MO/Saint-Louis/814-Wall-St-63147/home/93761143,74.02306205542298,415.1686694783534,1352.1344027759214,88.26201437023768,382.8832069632745,6157.275895207163
https://www.redfin.com/MO/Saint-Louis/4068-Wilmington-Ave-63116/home/93770834,425.63595171279286,1160.6527021721206,362.8198412376939,1042.147173486346,639.236581800751,6260.791430593639
https://www.redfin.com/MO/Saint-Louis/2936-Greer-Ave-63107/home/93754589,299.031567588221,1049.158394887917,478.1334641135939,287.9666939804598,381.4623725586941,5865.806959128219
https://www.redfin.com/MO/Saint-Louis/2131-McCausland-Ave-63143/home/93744169,38.1911634233201,761.6152097375768,632.800668825955,318.4145471673773,112.42627212207935,4739.3600543732
https://www.redfin.com/MO/Saint-Louis/4632-Maryland-Ave-63108/home/93724535,172.08348896945117,383.98126370324246,707.0369354730677,215.1733174266803,90.65264941677088,4438.667181538831
https://www.redfin.com/MO/Saint-Louis/105-River-City-Blvd-63125/home/93712194,25.19420093568971,741.8246335444263,1590.6881323251882,194.54254309195488,382.94532822421377,7090.600322724548
https://www.redfin.com/MO/Saint-Louis/6737-Odell-St-63139/home/93743861,273.7723554203363,682.4085277047811,1572.3587074535694,983.2229572657709,183.54740743351135,5686.2261630042985
https://www.redfin.com/MO/Saint-Louis/2916-Hereford-St-63139/home/93727841,92.65615282826397,1074.9213282153303,291.2161295580577,109.1497601019415,160.30991792655516,3768.9903081856955
https://www.redfin.com/MO/Saint-Louis/5950-Lalite-Ave-63136/home/93758755,178.33413465446517,412.9684553602028,1443.1611581079876,1152.2748061023324,194.06590483114158,4036.6773153302797
https://www.redfin.com/MO/Saint-Louis/3615-Nebraska-Ave-63118/home/93696375,447.5088556799261,453.3481635175196,290.5698628666329,445.72852132670687,170.83604095456437,5806.848668787233
https://www.redfin.com/MO/Saint-Louis/3220-Itaska-St-63111/home/62766259,710.9782824623562,595.4389834597793,1144.0669980628934,508.4542074706259,162.6554326184879,5503.577455654095
https://www.redfin.com/MO/Saint-Louis/4431-Vista-Ave-63110/home/93726100,361.30320704800255,198.85835225681532,341.9150976897118,357.6816653647628,335.48270875106715,5379.305746367534
https://www.redfin.com/MO/Saint-Louis/3004-Indiana-Ave-63118/home/62756058,120.22114558312067,275.6890552780208,828.7982842339283,146.58464052985687,117.34816560010894,6974.417414171834
https://www.redfin.com/MO/Saint-Louis/4747-Ray-Ave-63116/home/93768345,547.3954692435601,598.6695858746067,454.73942671076844,540.9259625037388,529.7350119980828,5215.163568141375
https://www.redfin.com/MO/Saint-Louis/423-Christian-Ave-63147/home/93754312,103.22485568047081,775.0307803112192,2343.916476023437,91.60136862085963,67.91201022634574,5731.208497065094
https://www.redfin.com/MO/Saint-Louis/1721-Lafayette-Ave-63104/home/93689721,171.06998790476783,400.40224190326256,267.638316441086,572.0212698526572,65.7012762037865,5489.875243973285
https://www.redfin.com/MO/Saint-Louis/5341-Goodfellow-Blvd-63136/home/93745621,32.30530300994527,993.6514558938007,1154.94921322017,988.3455239868365,742.7820121984605,3726.018808347307
https://www.redfin.com/MO/Saint-Louis/3017-Osage-St-63118/home/93704370,489.0444506601778,342.9750614453775,532.5284582115887,494.56950456353616,187.13410703389926,5084.092115159044
https://www.redfin.com/MO/Saint-Louis/3938-Nebraska-Ave-63118/home/93704261,419.4863625754848,471.8648439138771,585.3069803208422,429.6412054424845,78.52083058918518,5907.842567153506
https://www.redfin.com/MO/Saint-Louis/3744-Illinois-Ave-63118/home/93696920,280.04135132805465,391.7635859641411,322.1228843257832,279.999453161163,323.081952191738,6357.806484674409
https://www.redfin.com/MO/Saint-Louis/6659-Pernod-Ave-63139/home/93778944,290.930820715164,289.0450607368113,552.4479576603896,929.8774000510774,584.6348061071616,5052.688246008099
https://www.redfin.com/MO/Saint-Louis/4141-Bowen-St-63116/home/93776391,182.97826886383413,848.0903150586736,321.84207082996346,884.5880776711092,344.083283891132,6312.630868835808
https://www.redfin.com/MO/Saint-Louis/2219-Edwards-St-63110/home/93727463,908.6820614451577,312.5387302825428,385.1781350319226,907.2607084980131,70.30149587138871,4810.627192619609
https://www.redfin.com/MO/Saint-Louis/4614-Varrelmann-Ave-63116/home/93757033,182.23146195343972,642.2156037971333,591.794745474376,231.50506734534343,145.81330896477232,4958.7881926921555
https://www.redfin.com/MO/Saint-Louis/5307-Ruskin-Ave-63115/home/93684066,228.95753023858185,1052.140413943239,792.4495540370496,220.30660658784197,194.59026512386976,4404.13252366785
https://www.redfin.com/MO/Saint-Louis/4355-Osceola-St-63116/home/93772008,251.34629299482637,1208.43048297719,304.0397136270365,248.5312317361852,297.2958679640173,4605.596521695907
https://www.redfin.com/MO/Saint-Louis/5436-Holly-Hills-Ave-63109/home/93771509,498.7506208003998,1276.979147985342,845.4189394738816,504.5325134714497,214.74199465503372,3818.492547789632
https://www.redfin.com/MO/Saint-Louis/6911-Wise-Ave-63139/home/62725421,177.83087385672803,715.0040447343133,319.45724698245056,505.94585776636524,385.7299635315192,4822.981080218325
https://www.redfin.com/MO/Saint-Louis/4429-Vista-Ave-63110/home/93726101,355.1223606265589,185.84715683020806,329.2491045779557,354.1301654359767,332.90814115990594,5415.2176468540165
https://www.redfin.com/MO/Saint-Louis/3022-Wyoming-St-63118/home/93693610,255.13093755754736,500.64097836997087,475.7203081715703,305.16445872963175,127.5268257894312,7224.453504557974
https://www.redfin.com/MO/Saint-Louis/4521-Tholozan-Ave-63116/home/93756351,299.6049603488165,1210.7304525022341,898.2415637088786,313.7103230076585,146.4509457464549,4733.329073794093
https://www.redfin.com/MO/Saint-Louis/4126-Page-Blvd-63113/home/93719234,32.91088577000233,443.91231268885105,505.91332478324335,82.84905481741625,120.79327029747134,5762.192111144707
https://www.redfin.com/MO/Saint-Louis/1132-Washington-Ave-63101/unit-501/home/93677570,50.088865753121524,199.43068817418828,612.259269076011,160.03403913149054,120.50962331658822,6304.904562035284
https://www.redfin.com/MO/Saint-Louis/2924-McNair-Ave-63118/home/143286569,185.38773415774793,351.47730529707883,987.3087722468955,216.10547192114737,76.55472301975104,7437.147540206356
https://www.redfin.com/MO/Saint-Louis/1552-Switzer-Ave-63147/home/93732283,200.80392299327846,1010.6565292922326,963.0653169262126,1168.191339073209,280.08811311894937,6166.206092765416
https://www.redfin.com/MO/Saint-Louis/4728-Hammett-Pl-63113/home/64245033,561.6095056937381,1208.5288280962088,922.7725338755088,574.3574542693997,346.18473173678643,3633.9318676893417
https://www.redfin.com/MO/Saint-Louis/1844-Russell-Blvd-63104/home/63123378,44.65119431782314,1018.1356541004626,298.1776461204735,134.48611030560733,39.730199279026614,6812.074453318927
https://www.redfin.com/MO/Saint-Louis/2016-Schaeffer-Pl-63139/home/93741312,126.72116423904991,391.33725557348646,555.7455842460589,174.23561158223583,122.82595702931552,4711.493184231093
https://www.redfin.com/MO/Saint-Louis/4532-Ray-Ave-63116/home/93755927,468.5394744886952,1013.9622236787669,926.6743043972587,463.59385339189384,61.69431516394319,3595.5059248932785
https://www.redfin.com/MO/Saint-Louis/4451-Washington-Blvd-63108/home/93720058,116.57252108904716,670.6862635889188,227.744223028603,156.97379234239673,284.07093336779553,5425.173239488461
https://www.redfin.com/MO/Saint-Louis/3555-S-Spring-Ave-63116/home/93730508,114.74013294894914,810.1785413417532,1433.5950810063248,109.46963450449314,87.13446701932608,5166.055210065102
https://www.redfin.com/MO/Saint-Louis/5301-Loughborough-Ave-63109/home/93774361,34.513085534595135,1100.3683141668664,694.4148630479214,581.9142239163303,157.86357898249355,5241.297357338568
https://www.redfin.com/MO/Saint-Louis/3521-Kingsland-Ct-63111/home/93705438,98.17125230547508,634.3742441587827,382.3273629472822,110.93719086299366,62.605130830199535,5413.754198368024
https://www.redfin.com/MO/Saint-Louis/6012-Clemens-Ave-63112/home/93739280,295.54455963996213,333.82847133393346,507.1751565024945,195.68919344353483,262.51470403427976,3878.228747153494
https://www.redfin.com/MO/Saint-Louis/8553-Mora-Ln-63147/home/93732436,445.97417990451675,958.0132324166142,707.9621483033285,750.8766719104059,408.2461102647412,5766.875360645816
https://www.redfin.com/MO/Saint-Louis/3830-Ohio-Ave-63118/home/93696557,129.15572366924042,309.50918320287155,555.9334029594345,121.88616352088246,160.98604860164917,6566.981929458114
https://www.redfin.com/MO/Saint-Louis/5335-Shaw-Ave-63110/home/93726864,759.0536749690864,253.82649370095638,793.5871093500772,773.0390960650774,171.8897605562231,5888.555225449147
https://www.redfin.com/MO/Saint-Louis/3436-Minnesota-Ave-63118/home/93694953,629.4566120727532,317.60531595582114,742.1974761983176,143.54067981703932,164.93843585906922,6243.104705889089
https://www.redfin.com/MO/Saint-Louis/2614-Bennett-Ct-63139/home/62732436,273.4820473031912,747.6811587357747,1004.2413546444548,838.4830469381313,392.5216414215245,6769.748006870559
https://www.redfin.com/MO/Saint-Louis/4740-Alaska-Ave-63111/home/93707280,456.67804697669055,888.467587851645,760.577244280521,449.8162225776285,327.40443749657425,5711.833890437479
https://www.redfin.com/MO/Saint-Louis/4648-S-Compton-Ave-63111/home/62733822,626.8979207637323,470.9033035141052,1068.9439826995908,643.3095932499879,313.56243315118934,5875.811000948428
https://www.redfin.com/MO/Saint-Louis/5319-N-Kingshighway-Blvd-63115/home/93752088,31.39022597838615,952.3112681019164,1107.159853446299,64.62143664898113,481.33509969147445,4267.81429443542
https://www.redfin.com/MO/Saint-Louis/5124-Lotus-Ave-63113/home/93738014,367.2013056753744,345.37805191407426,332.5135022626626,361.8554893505989,375.40619780335044,2509.7376935596963
https://www.redfin.com/MO/Saint-Louis/4607-Lee-Ave-63115/home/93734198,755.3615643521963,566.4147980127424,753.3719213065814,653.5168217610469,780.3244506302048,6112.055629599784
https://www.redfin.com/MO/Saint-Louis/4239-Neosho-St-63116/home/93772457,168.5722536419518,664.4711943520941,604.2161091837135,246.68841000421128,147.991220833179,4655.105259395628
https://www.redfin.com/MO/Saint-Louis/3720-Comstock-Dr-63125/home/93712282,473.89822195372534,1221.2326999982372,1640.8146405268387,676.2616420570292,392.7188273246821,4515.409532204743
https://www.redfin.com/MO/Saint-Louis/6046-Mardel-Ave-63109/home/93785420,174.72290428481577,981.8474532753852,215.08872487315713,225.9091947857917,133.79951926413415,5815.20749995206
https://www.redfin.com/MO/Saint-Louis/1547-Hornsby-Ave-63147/home/93731773,192.9013966660094,1531.1172821423834,279.46074167847235,550.0858024549818,356.59046941695493,5240.878655039415
https://www.redfin.com/MO/Saint-Louis/3546-Bamberger-Ave-63116/home/93730427,171.1842640838712,817.5038308501497,1340.189296596437,187.34276283390565,130.34042705392724,4803.409481363222
https://www.redfin.com/MO/Saint-Louis/3860-Blow-St-63116/home/93676866,266.8856625531437,718.7026616633536,712.0229108123311,797.0530549511568,525.9126187602452,6936.9341611672435
https://www.redfin.com/MO/Saint-Louis/2035-Ann-Ave-63104/home/90358855,110.13402012407441,1022.9129566167647,200.72724631701385,237.2461752054732,109.60779050224855,6898.505080433975
https://www.redfin.com/MO/Saint-Louis/2739-Allen-Ave-63104/home/103203640,165.5290766860958,625.1793300510657,440.0025763009813,450.52003091835905,197.86747290334685,6620.837378294424
https://www.redfin.com/MO/Saint-Louis/3458-Utah-St-63118/home/93683402,207.96806775076058,670.6474260444944,608.4902755158477,226.44257531644345,190.46591992429313,7569.362092751515
https://www.redfin.com/MO/Saint-Louis/5736-Goethe-Ave-63109/home/62757055,92.49010098977902,1134.8815882741744,329.6921306631617,143.94027928578006,66.26292551914115,3599.2077871942474
https://www.redfin.com/MO/Saint-Louis/4244-Olive-St-63108/home/62713382,370.6599314676289,889.4382979327238,732.0351608174294,385.2113856035207,322.49846731547194,5276.407518122247
https://www.redfin.com/MO/Saint-Louis/3824-Berger-Ave-63109/home/93779112,93.67499312818677,310.0283521949234,1055.8170876961792,562.6045824191806,398.3740590620242,5749.094277144809
https://www.redfin.com/MO/Saint-Louis/5847-Hampton-Ave-63109/home/93777692,28.796542508538177,1233.7320919053557,283.08848655009683,81.17446184274029,52.44142500132547,3730.9308180003773
https://www.redfin.com/MO/Saint-Louis/4930-Botanical-Ave-63110/home/93744339,137.62107863398572,744.8789812537186,585.3877251316956,198.63423710411445,90.17436917234932,3766.7036754183646
https://www.redfin.com/MO/Saint-Louis/5608-Murdoch-Ave-63109/home/93753513,421.50671553847343,739.044068819176,674.1555491094799,414.349350489653,386.65320597388444,4893.59886290111
https://www.redfin.com/MO/Saint-Louis/5110-Southwest-Ave-63110/home/93743955,441.2162484840151,593.561987452418,567.743903141954,465.52417986718604,103.76438475796206,3560.8747956443494
https://www.redfin.com/MO/Saint-Louis/4935-Robert-Ave-63109/home/93771052,155.21041832407522,917.1069573957784,844.3001119610553,176.4763967403421,126.90937918591614,3578.748613102208
https://www.redfin.com/MO/Saint-Louis/4004-Walsh-St-63116/home/62709374,477.0933990542365,876.3606570876661,723.7440733679888,892.0652568647924,642.0760051989973,4201.791291851841
https://www.redfin.com/MO/Saint-Louis/4324-Virginia-Ave-63111/home/93705835,472.72871354968646,474.7457348391922,219.62256911233715,384.1106566297457,235.7043398921743,5713.374927195245
https://www.redfin.com/MO/Saint-Louis/3543-Nebraska-Ave-63118/home/93694799,597.4975251720792,473.10503285561526,440.1264567032776,427.74180164231626,316.84085290520494,5778.083136589039
https://www.redfin.com/MO/Saint-Louis/5308-Wilson-Ave-63110/home/93726811,934.9214469844965,263.2184971272829,596.1296241651396,996.1921686628981,52.66498873945456,4331.582267424728
https://www.redfin.com/MO/Saint-Louis/3907-Delor-St-63116/home/93750314,767.4875116529291,1208.4900129592982,711.7111473052346,981.4664284694846,465.62110193393534,5650.420768002927
https://www.redfin.com/MO/Saint-Louis/3021-Henrietta-St-63104/home/93700423,250.67646202900826,382.9543546291816,583.6860584585595,1015.3385627658888,142.69916980447675,5937.869236105655
https://www.redfin.com/MO/Saint-Louis/3323-Iowa-Ave-63118/home/93693780,406.5310469996909,362.2405718760445,1047.7428026027922,170.5351184476772,122.45654641881922,6695.70608579998
https://www.redfin.com/MO/Saint-Louis/3870-Utah-Pl-63116/home/93684326,716.4084031965627,922.3205608885353,858.2185621336579,706.3372468190912,507.3628810619802,4507.243104519519
https://www.redfin.com/MO/Saint-Louis/4132-Hartford-St-63116/home/93749859,170.49324669546272,492.37974729254756,254.01652018280978,196.79668567072605,501.97424632809884,4163.5902241826625
https://www.redfin.com/MO/Saint-Louis/3521-Salena-St-63118/home/93694483,112.09572249845287,733.3124398644248,535.3539001279177,211.10552677603093,115.30977778942982,6703.345088808789
https://www.redfin.com/MO/Saint-Louis/8316-Pennsylvania-Ave-63111/home/93711893,60.78999805029645,369.49579155796596,1920.6892659709554,60.98576788747533,206.15749853785877,7339.407056403274
https://www.redfin.com/MO/Saint-Louis/4081-Bowen-St-63116/home/93770847,443.89734948035897,1096.5488112276428,148.1242185558818,1125.190684895754,486.10276295649254,6811.635039156169
https://www.redfin.com/MO/Saint-Louis/5418-Elizabeth-Ave-63110/home/93771692,948.5084133994892,666.0624201047244,281.3534782413393,984.4285620590995,218.11043668928596,4616.262796394259
https://www.redfin.com/MO/Saint-Louis/2215-Hickory-St-63104/home/181866117,254.5897992606552,423.01510939470785,955.7246227332411,242.11772196834212,275.5477750340927,4988.413676834745
https://www.redfin.com/MO/Saint-Louis/3104-Providence-Pl-63111/home/93705550,684.704934273746,590.3428634589136,259.4207300367018,150.85286185236933,190.7724969388885,4996.460381305279
https://www.redfin.com/MO/Saint-Louis/6553-Winnebago-St-63109/home/93775084,227.2696911601398,551.7938262573211,580.4131771534242,338.71573701439604,191.79457050721442,5568.700170106777
https://www.redfin.com/MO/Saint-Louis/3312-Saint-Vincent-Ave-63104/home/93684665,192.29168659785165,174.2410717493885,463.677761040085,571.730168839223,198.94773452724291,4671.953709288021
https://www.redfin.com/MO/Saint-Louis/5454-Daggett-Ave-63110/home/93726961,880.6123745933775,157.16174584759625,809.200569719904,872.3873856838235,259.4031263802831,5524.481791090891
https://www.redfin.com/MO/Saint-Louis/3464-Macklind-Ave-63139/home/93742653,612.2443987088488,1000.2325408974044,663.986777301887,601.2393125634687,575.67164507661,5739.255084579192
https://www.redfin.com/MO/Saint-Louis/4734-Ashland-Ct-63115/home/93735908,356.30469814841086,264.9805575519604,324.754666940731,360.49507330672435,392.3890541976741,4786.157297217138
https://www.redfin.com/MO/Saint-Louis/4146-Holly-Hills-Blvd-63116/home/93777900,64.02228580427436,767.8933044255366,490.7074742891094,972.4551585414296,103.48472624708985,6091.460950337442
https://www.redfin.com/MO/Saint-Louis/6570-Winnebago-St-63109/home/62723302,290.03022478085626,527.4243250422502,663.7964591462995,352.1674169116657,251.13740230918773,5508.132799957252
https://www.redfin.com/MO/Saint-Louis/6544-Neosho-St-63109/home/93779566,271.4918018688466,523.1307476192552,107.89869456064946,450.42809099553557,419.7259119463606,5866.402404698996
https://www.redfin.com/MO/Saint-Louis/6707-Alexander-St-63116/home/93778191,211.19764941866728,1009.1257221168671,568.9571729907558,1314.8921568597648,371.4108622354002,5879.300687833837
https://www.redfin.com/MO/Saint-Louis/2017-Ann-Ave-63104/home/62751523,112.21762223524351,1010.2773981957545,242.04249075381418,166.20133289618693,107.10165672459114,6747.968633341008
https://www.redfin.com/MO/Saint-Louis/4066-Wyoming-St-63116/home/93729621,578.6992617643065,495.3147617651028,160.57501274201988,569.7668339513127,661.2028609203567,4448.675269970835
https://www.redfin.com/MO/Saint-Louis/1341-McCausland-Ave-63117/home/93740205,33.51955691190946,967.5333555889786,675.9858055153593,839.3011028220106,500.7293433840851,3919.7140247414363
https://www.redfin.com/MO/Saint-Louis/4711-Penrose-St-63115/home/93733481,896.5131989761957,626.410110170629,1087.9376480425667,678.2314082772378,876.7546389136334,5412.167994170515
https://www.redfin.com/MO/St-Louis/319-Rosedale-Ave-63112/unit-1/home/176133661,164.09153706161842,380.09620923041507,555.3635577091251,37.992766530223285,669.2052797441403,4128.157468730297
https://www.redfin.com/MO/Saint-Louis/3405-Itaska-St-63111/home/93707213,537.0468634532937,677.8809394098372,842.2483186816974,527.7760174569253,235.67090453546373,5278.254955454522
https://www.redfin.com/MO/Saint-Louis/6127-Lucille-Ave-63136/home/93745310,239.37414366025246,733.3635466786843,991.8980703554199,798.4058538104472,603.8589249908935,4650.1102497883385
https://www.redfin.com/MO/Saint-Louis/3706-Connecticut-St-63116/home/93700052,299.03217254707124,332.8165931782829,930.737231672704,301.10291475642777,276.9116513296091,5657.483494503812
https://www.redfin.com/MO/Saint-Louis/5328-Nagel-Ave-63109/home/93771168,373.6619344893541,908.655075923958,1014.1016323496568,379.09780431223635,405.78663326168294,3449.393094434382
https://www.redfin.com/MO/Saint-Louis/6520-Morganford-Rd-63116/home/93777994,27.858890853160858,684.4295302448546,661.2520446427203,1002.2094956469623,206.82151252329314,6304.409829808235
https://www.redfin.com/MO/Saint-Louis/4416-Arsenal-St-63116/home/93748621,33.94158319700045,980.5867841590078,754.4025301967847,49.715371358185536,301.4367078471627,2890.4550640396837
https://www.redfin.com/MO/Saint-Louis/5612-Eichelberger-St-63109/home/62748530,377.6725074974163,1067.4092503009135,669.8396526637933,368.7747966398889,141.8548571058489,4989.441744325403
https://www.redfin.com/MO/Saint-Louis/2222-Macklind-Ave-63110/home/93727457,1082.351897231206,489.02663676510645,366.02519763164844,1091.173204075135,73.7871158540014,4520.853378647399
https://www.redfin.com/MO/Saint-Louis/1927-Pestalozzi-St-63118/home/93691639,319.45237721981954,263.0610655522493,1130.1395521516654,321.3493342279081,256.1447637661809,6947.968619981481
https://www.redfin.com/MO/Saint-Louis/1127-Kentucky-Ave-63110/home/93726592,120.69153777383087,395.70847067313065,452.0013578890842,115.70821612602616,80.07810422795586,5591.120782936973
https://www.redfin.com/MO/Saint-Louis/7000-Plainview-Ave-63109/home/93781227,154.12112442274048,1081.5327182304493,1009.1544457626328,143.44363072285617,117.52232975296052,4916.915128156749
https://www.redfin.com/MO/Saint-Louis/3139-Cherokee-St-63118/home/93693525,366.4273894114788,449.7816323710461,712.5148477877506,119.83421530401225,73.84431841225891,6532.472213461217
https://www.redfin.com/MO/Saint-Louis/2117-Lilly-Ave-63110/home/93682766,817.9905511947023,349.6528874184235,661.2681858842201,814.0973493753243,242.96816307957738,4964.596674466314
https://www.redfin.com/MO/Saint-Louis/4725-Hummel-Ave-63116/home/93763383,287.57252212340194,218.73380309883433,1131.0972380434155,291.098048636684,69.87251917316614,5445.194527282594
https://www.redfin.com/MO/Saint-Louis/7425-Dianthan-Ln-63116/home/93784368,79.57204584645602,561.7468978339319,600.2326893844881,197.55534040010164,343.0950088083739,6338.4007922981
https://www.redfin.com/MO/Saint-Louis/5753-Park-Ln-63147/home/93770361,192.2375058960092,260.4105626843108,177.14690055082542,233.87876576347907,214.69419122093177,5667.670331045047
https://www.redfin.com/MO/Saint-Louis/5722-Itaska-St-63109/home/66023969,188.4792064922836,668.3863349321928,773.1689754262549,220.011926476655,166.8383415924266,4860.80439337543
https://www.redfin.com/MO/Saint-Louis/1906-California-Ave-63104/home/93690259,217.58853998228517,591.3041747586668,466.9413708742477,531.832059856934,259.75005263699046,6726.785763857086
https://www.redfin.com/MO/Saint-Louis/4996-Parker-Ave-63139/home/93776991,447.4039141848508,1450.0569864944466,226.8856880660332,487.3820451045387,387.9412952541756,3434.672371665244
https://www.redfin.com/MO/Saint-Louis/7911-Pennsylvania-Ave-63111/home/93711283,166.0324790733905,263.4798961900587,1364.4791089510009,182.8484124310494,195.56487770366803,7973.904005269732
https://www.redfin.com/MO/Saint-Louis/5025-Rosa-Ave-63109/home/93765422,113.11124302615708,460.55604914816405,1211.0763604963208,102.51281951171252,85.10394721663356,5232.894672966909
https://www.redfin.com/MO/Saint-Louis/5131-Shaw-Ave-63110/home/93728109,547.3161630818163,409.7792618355045,502.14147664023193,544.6231008330375,33.843283608635005,6546.197991929574
https://www.redfin.com/MO/Saint-Louis/4230-Olive-St-63108/home/93673833,372.45702767705234,861.8255206596626,677.833406106366,370.20833366618103,380.6371488637782,5230.759067296646
https://www.redfin.com/MO/Saint-Louis/5264-Oleatha-Ave-63139/home/93777445,688.7363986622518,1091.5473753912142,512.2169032264173,697.1735890542705,519.3799251197827,6114.391230130227
https://www.redfin.com/MO/Saint-Louis/6566-Dale-Ave-63139/home/93740987,640.4272198804478,588.9178637427525,694.9566264117755,642.7258889950556,69.55690458884797,5425.00146406137
https://www.redfin.com/MO/Saint-Louis/8650-Oriole-Ave-63147/home/93731158,270.737987326111,730.6848326345278,1005.5295746734223,1000.5021143741899,274.3511752644445,5817.4603296608
https://www.redfin.com/MO/Saint-Louis/1900-Belt-Ave-63112/home/93738942,326.87849204354,626.3009379307298,1131.3340960224375,316.8107267516075,382.8865844077889,3922.9248475783656
https://www.redfin.com/MO/Saint-Louis/6727-W-Park-Ave-63139/home/93765773,554.9911365204082,921.5456393916177,347.1286462153993,327.7266776064188,363.2779803558902,5280.349046983843
https://www.redfin.com/MO/Saint-Louis/5504-Neosho-St-63109/home/62736585,603.5231925369044,977.5940576402802,712.3037138270614,610.4328478544786,278.5978067099384,4428.091651893736
https://www.redfin.com/MO/Saint-Louis/5549-Mardel-Ave-63109/home/62724919,273.9983422980497,855.1214180344831,734.0091614049037,285.9534113589125,296.15863355030035,6533.776490182254
https://www.redfin.com/MO/Saint-Louis/2867-Salena-St-63118/home/93691632,323.2828772241947,241.27741104154904,1097.4081321494436,319.1347217103796,258.5912086683363,6817.175847997936
https://www.redfin.com/MO/Saint-Louis/6251-Loughborough-Ave-63109/home/93783930,264.2848077922392,652.2149316006409,559.9619971788637,579.6389656528742,546.9748506472986,6692.3495370808
https://www.redfin.com/MO/Saint-Louis/3194-Portis-Ave-63116/home/93748575,384.34299740431874,803.166335848041,792.3035669914862,378.00566534638494,304.3063330485031,2756.6342690730617
https://www.redfin.com/MO/Saint-Louis/1838-Kennett-Pl-63104/home/62756056,386.7737588566609,342.7811853084848,166.59911040887226,794.6555587475991,161.3069271748887,4704.229158534034
https://www.redfin.com/MO/Saint-Louis/6402-Lansdowne-Ave-63109/home/93779783,329.09871717032166,650.1215691352081,625.8294173225112,360.3162384570207,275.5790258964374,3537.270826567069
https://www.redfin.com/MO/Saint-Louis/4330-Vista-Ave-63110/home/176875186,308.4021985062722,141.22877883907873,102.4767376318205,147.44203408307885,249.09043589313168,4811.44498174356
https://www.redfin.com/MO/Saint-Louis/6700-Marquette-Ave-63139/home/93778817,388.1403643425703,538.0450412929539,499.69309419567026,1070.8056913379464,479.2410266303091,5405.310672399547
https://www.redfin.com/MO/Saint-Louis/4027-Darby-St-63120/home/93731984,331.8916491122121,1336.3386847124827,1927.247888807256,321.863373648561,267.82267694986086,3045.5305343915584
https://www.redfin.com/MO/Saint-Louis/6609-Marquette-Ave-63139/home/93748858,280.14281778370645,715.5145612846842,355.04089904960557,1021.0110834577209,251.06422566825128,5968.420570514731
https://www.redfin.com/MO/Saint-Louis/5625-S-Magnolia-Ave-63139/home/93682759,541.8085754356778,402.4349866649905,687.6855748324709,567.1926741478031,191.85407889463215,5744.658097331128
https://www.redfin.com/MO/Saint-Louis/1421-Dodier-St-63107/home/93688954,210.17219128221484,274.66455911542295,355.3334376330486,231.06128877328172,237.50579559279873,9129.010680813146
https://www.redfin.com/MO/Saint-Louis/2601-N-Sarah-St-63113/home/93717223,623.4133830098554,659.9261007805219,654.5057243922377,453.1345066039063,390.05033558333173,5808.479786651851
https://www.redfin.com/MO/Saint-Louis/3540-Vista-Ave-63104/home/93689878,147.9494257405135,388.72051700761864,371.82668371091137,143.53291576437965,449.6147659919242,4575.864580691256
https://www.redfin.com/MO/Saint-Louis/3129-Keokuk-St-63118/unit-3129/home/93695771,230.12073137649938,428.9948548127988,518.6584152757131,228.91107022251182,195.62845757239953,5998.436605050282
https://www.redfin.com/MO/Saint-Louis/6415-Clifton-Hills-Dr-63139/home/62769033,441.0295910393716,605.0960517575058,859.935822518101,884.1765166756182,247.0805475189188,6043.177020486159
https://www.redfin.com/MO/Saint-Louis/5725-Goener-Ave-63116/home/62751882,104.72539925452786,589.5544252485839,848.6692992639967,167.87558382422046,61.86502433202454,4738.205983103359
https://www.redfin.com/MO/Saint-Louis/2621-Sublette-Ave-63139/home/64113223,667.1989205246565,530.8067962921479,424.74470121510166,661.3759265319774,128.24122676968543,5769.8908575071655
https://www.redfin.com/MO/Saint-Louis/3209-Winnebago-St-63118/home/93695647,290.43966416562955,362.55827260193297,522.28703777741,279.0853906455509,217.62350700401888,6069.1785846499415
https://www.redfin.com/MO/Saint-Louis/6916-Dale-Ave-63139/home/93740573,109.80861938445736,768.6665549610007,687.4515172440096,830.3066458753037,360.6528513803905,4084.493466760126
https://www.redfin.com/MO/St-Louis/4319-Beck-Ave-63116/home/198547429,222.401564940558,1025.327230893303,455.5023258510548,214.16158908259615,48.536307397987215,5372.885525543216
https://www.redfin.com/MO/Saint-Louis/3869-Germania-St-63116/home/93785313,43.97274731903536,1248.8951125516514,803.6261698720855,454.9308185944551,614.2694891828602,5273.121066507405
https://www.redfin.com/MO/Saint-Louis/7041-Plainview-Ave-63109/home/93774124,101.05056840402078,1108.664123898081,1155.543040898666,162.37144088852406,147.7046163477811,4218.338441795499
https://www.redfin.com/MO/Saint-Louis/7062-Sutherland-Ave-63109/home/93774065,99.15231810474853,1011.7315240286518,1308.0005408177863,140.84727812175697,185.626352718773,5167.74444264805
https://www.redfin.com/MO/Saint-Louis/6951-Alabama-Ave-63111/home/93710331,86.7072917307047,801.8899337381262,236.34055968464045,486.5818437153607,267.20353391481495,6989.989488348865
https://www.redfin.com/MO/Saint-Louis/4014-Humphrey-St-63116/home/93729359,708.4035108834728,639.3702948452848,379.0350347941696,698.4881017574323,638.7987799709894,5053.279811136725
https://www.redfin.com/MO/Saint-Louis/4512-Minnesota-Ave-63111/home/93706232,506.5908691118013,168.68608460957498,742.2119462743096,510.7501578626657,382.1135558140273,7090.284295792787
https://www.redfin.com/MO/Saint-Louis/1928-Arsenal-St-63118/home/93699329,36.60151271996432,363.7630972335148,1330.8413027664083,98.52763939493444,193.3534848157395,7055.147186034382
https://www.redfin.com/MO/Saint-Louis/6431-Oleatha-Ave-63139/home/93775197,172.46304264418836,994.9867510408931,236.0941355708672,649.9230032338729,141.68368001338942,5006.174858065738
https://www.redfin.com/MO/Saint-Louis/5220-Chouteaus-Bluff-Dr-63111/home/93680196,115.69551067388143,538.6418170827453,1222.656639328543,101.24491456150115,475.69107757553667,2872.2758308532066
https://www.redfin.com/MO/Saint-Louis/5214-Chouteaus-Bluff-Dr-63111/home/93680191,119.18043469067831,565.3577781247179,1235.0575023371944,106.36370169678152,502.2482786207381,2861.693578093789
https://www.redfin.com/MO/Saint-Louis/3014-Iowa-Ave-63118/home/93699172,89.49721600189416,650.1170158017202,616.4889252907769,138.04471005266487,102.3601966384483,8345.693976518716
https://www.redfin.com/MO/Saint-Louis/9836-Parkway-Dr-63137/home/62709631,78.54320423227526,696.2513106452013,5267.125068613208,3187.0888109843295,3050.1000323065755,1922.9298027183308
https://www.redfin.com/MO/Saint-Louis/3704-Hebert-St-63107/home/93702145,261.9619993232977,818.5026661961218,393.7927385691815,247.22549030928516,212.25002957265264,6199.412905394426
https://www.redfin.com/MO/Saint-Louis/3702-Hebert-St-63107/home/187273178,245.10591920005828,841.3876801868388,416.17616828435433,230.5518701654544,203.82831221626105,6302.829567671618
https://www.redfin.com/MO/Saint-Louis/9983-Riverview-Dr-63137/home/93768277,64.9397699508746,303.92291003885185,5737.9926869887895,3666.7226843454446,3529.171474816771,1169.5137549123076
https://www.redfin.com/MO/Saint-Louis/3910-Walsh-St-63116/home/93757710,434.5990177078854,1208.2770306416617,848.8478283762272,983.4160104690037,423.4240329155334,4648.658939288969
https://www.redfin.com/MO/Saint-Louis/3622-Flad-Ave-63110/home/93700192,94.88197523299178,666.0160328208398,579.6147449274913,128.0813709130335,131.49648447831285,5615.446937077474
https://www.redfin.com/MO/Saint-Louis/4370-Taft-Ave-63116/home/93764771,542.4990276283962,926.9623049765664,508.062394593186,530.210572428137,349.0986694315435,3873.19034424699
https://www.redfin.com/MO/Saint-Louis/1824-Allen-Ave-63104/home/93690393,111.13474315901044,938.2883838666327,338.3079127669144,201.31875180703258,111.10879230101122,7356.892777872969
https://www.redfin.com/MO/Saint-Louis/5435-Murdoch-Ave-63109/home/62718045,743.8008444483628,1085.4786240136982,370.636884989243,734.253850331734,125.63809144275021,5051.93075699814
https://www.redfin.com/MO/Saint-Louis/4224-Grace-Ave-63116/home/93705348,105.61869764420479,780.375341338339,596.5681354035324,110.35130891422318,85.83000459397006,6715.5356203837855
https://www.redfin.com/MO/Saint-Louis/5-Homeland-Pl-63109/home/93782658,116.58709014241552,691.7587518639027,945.5241456921524,810.0912063148666,1071.0784745862832,5752.210166993547
https://www.redfin.com/MO/Saint-Louis/5337-Lindell-Blvd-63112/home/93723617,62.639824077153065,776.5114987626228,844.2937570442691,300.05598716326864,337.08626944193276,3383.943729209347
https://www.redfin.com/MO/Saint-Louis/3339-Nebraska-Ave-63118/home/178781919,641.6160435682634,77.87689031197999,869.4736979500049,95.46609276774286,76.10236325030293,6236.890292964388
https://www.redfin.com/MO/Saint-Louis/6515-Minnesota-Ave-63111/home/93709693,105.26936439111269,1125.6128933820498,711.0247599704395,334.94843331971623,364.81659705246204,7188.581540150895
https://www.redfin.com/MO/Saint-Louis/5405-S-Compton-Ave-63111/home/93708160,243.297639010023,754.1100798002468,539.4790846240807,365.15959780800785,100.5102219973199,7372.403681222482
https://www.redfin.com/MO/Saint-Louis/9840-Parkway-Dr-63137/home/93768249,102.39441931048677,634.2904678137331,5339.172066175656,3264.3307163908707,3126.800802150763,1892.8682138309473
https://www.redfin.com/MO/Saint-Louis/3-Homeland-Pl-63109/home/93782664,167.473997727286,606.1744565339724,1034.8238134770318,720.8586994976863,1131.3339324656647,5596.016191446899
https://www.redfin.com/MO/Saint-Louis/3937-Illinois-Ave-63118/home/93704204,351.88204198695564,572.284667239987,541.8346453517868,343.69607890565896,322.1722749767574,5973.223755174912
https://www.redfin.com/MO/Saint-Louis/9834-Rivermont-Dr-63137/home/93381141,240.92335427892021,507.77562176063424,5600.783932422913,3552.3762248314874,3412.468996506703,909.0332012291658
https://www.redfin.com/MO/Saint-Louis/6204-Waterman-Ave-63130/home/93760104,33.8429338592414,84.57158208918317,826.5596367369117,25.546412302340677,612.7168457006527,3026.4385721478898
https://www.redfin.com/MO/Saint-Louis/5010-Daggett-Ave-63110/home/173620186,249.76862806351733,457.1824189227584,714.425050690933,384.43380387509586,143.2842104090665,6326.338083699119
https://www.redfin.com/MO/Saint-Louis/6255-Simpson-Ave-63139/home/93743602,641.4786600559688,251.2748134891316,641.5556610225888,671.8583475183741,276.21621675423785,5533.522087118474
https://www.redfin.com/MO/Saint-Louis/6177-Lucille-Ave-63136/home/93745295,43.49806144084326,926.0149394227957,1052.9425394753746,885.1537641880024,771.8674205487679,4124.373614050585
https://www.redfin.com/MO/Saint-Louis/701-Valley-Dr-63137/home/93768267,184.52093898990026,730.829893664327,5257.994687365865,3193.7752423068946,3055.0050423114844,1711.627895385694
https://www.redfin.com/MO/Saint-Louis/6005-Bishops-Pl-63109/home/93782873,100.10818131001948,440.9531447296951,685.2776743447438,717.0349633157131,907.8630811070727,5523.516879775521
https://www.redfin.com/MO/Saint-Louis/4144-Flad-Ave-63110/home/93746501,1079.1890999215273,486.58282228480925,443.03442835706096,585.2727976582889,292.65393926878914,5558.990776985969
https://www.redfin.com/MO/Saint-Louis/714-Lookout-Dr-63137/home/62688666,253.9758980579017,1207.991551448166,4758.534312883286,2694.282814968774,2554.8843817565357,659.922592784503
https://www.redfin.com/MO/Saint-Louis/9705-Riverview-Dr-63137/home/93768348,76.77263709993463,1173.019106818845,4782.842855970918,2689.743387826663,2553.9167864190467,1168.2676863089564
https://www.redfin.com/MO/Saint-Louis/9749-Riverview-Dr-63137/home/93768265,58.3238143495119,1006.0246660971261,4949.373011792441,2858.2519624729416,2722.3577523580348,1479.5855967077832
https://www.redfin.com/MO/Saint-Louis/10001-Riverview-Dr-63137/home/93768298,44.20195680632818,242.2428571007608,5851.006384573246,3779.297382900119,3641.8904520137185,1853.2413299736
https://www.redfin.com/MO/Saint-Louis/6425-Kinsey-Pl-63109/home/93782766,352.0696629149677,575.9652678173044,695.8441564209129,924.3211391146317,895.5909477154308,5115.2125858363315
https://www.redfin.com/MO/Saint-Louis/10277-Lookaway-Dr-63137/home/93779419,194.99431561262327,890.0831941214873,6847.644256774815,4819.841105870037,2723.3240663751435,885.8306222317483
https://www.redfin.com/MO/Saint-Louis/10257-Lookaway-Dr-63137/home/93779415,184.39024102262056,967.3845357096051,6773.353403475592,4742.995545908549,2801.5927133669643,907.2126994640786
https://www.redfin.com/MO/Saint-Louis/7018-Plateau-Ave-63117/home/84264369,92.02159696706171,676.8029379126284,515.706258994363,941.9131817836676,57.657980831857955,2524.5502967038674
https://www.redfin.com/MO/Saint-Louis/6024-W-Cabanne-Pl-63112/home/93739665,381.39764730229393,288.71079346627613,418.7076015379369,488.3542554788943,383.5717935571053,3244.001768973871
https://www.redfin.com/MO/Saint-Louis/6725-Eichelberger-St-63109/home/93781410,91.36386849789173,671.8324078149293,686.7707159135484,828.8715426833372,792.8600714567561,4796.520700052593
https://www.redfin.com/MO/Saint-Louis/11-Willmore-Rd-63109/home/62742674,228.23995723437872,817.1164512593742,847.5472032895165,874.0797574454729,842.856069663483,3853.8811575845225
https://www.redfin.com/MO/Saint-Louis/3534-Hawthorne-Blvd-63104/home/93691152,114.42374173820058,596.8285675921693,405.17974860145017,110.73933976722046,175.68447053564495,4564.148886172853
https://www.redfin.com/MO/Saint-Louis/5015-Lindell-Blvd-63108/home/93745437,80.52074607417563,918.0012254348875,901.4384378529226,79.77070688610495,199.75972799645032,3522.79254290997
https://www.redfin.com/MO/Saint-Louis/5405-Bartmer-Ave-63112/home/93745005,139.60918517213102,356.97075911799493,383.35160886671144,131.35028302494771,358.3265414411682,4111.868161453726
https://www.redfin.com/MO/St-Louis/801-S-Skinker-Blvd-63105/unit-12D/home/148670985,57.855389148775096,151.81786233291447,503.6420980348624,43.38034009584118,418.5642831298529,1753.8496198256169
https://www.redfin.com/MO/St-Louis/801-S-Skinker-Blvd-63105/unit-4B/home/62749080,58.176355379148916,151.43636696826087,503.61466911209004,43.71341123490711,418.3303388201114,1753.7481181152987
https://www.redfin.com/MO/Saint-Louis/9910-Parkway-Dr-63137/home/93768246,113.41495611967704,541.8659518502933,5448.117805530591,3377.37391906162,3239.494600948551,1788.2406708145327
https://www.redfin.com/MO/Saint-Louis/6250-Westminster-Pl-63130/home/93760182,193.23150967257516,290.1589019772735,939.7964423570918,183.33807411522264,292.7606525441609,1899.1264936335272
https://www.redfin.com/MO/Saint-Louis/705-Jeffrey-Dr-63137/home/93768251,202.26059276948655,577.5378021205796,5454.278640380785,3397.0222553610156,3257.7736230632086,1410.905328854787
https://www.redfin.com/MO/Saint-Louis/5100-Kingwood-Dr-63123/home/93783032,71.27757411278796,1378.2369192573758,1080.6807402265697,195.60168276434598,105.91939938291812,5344.907035060745
https://www.redfin.com/MO/Saint-Louis/243-Woodbourne-Dr-63105/home/93771925,225.60762587979576,1019.6230609455137,464.08344880995213,246.1649499244117,1330.2319108513768,1896.6046422837176
https://www.redfin.com/MO/Saint-Louis/9810-Jeffrey-Dr-63137/home/93382669,244.6297324799752,581.825155594176,5482.643968742173,3432.5940903509168,3292.7166923120926,1112.991756401877
https://www.redfin.com/MO/Saint-Louis/5800-Clemens-Ave-63112/home/93671165,29.792556424953226,324.015825742981,566.924586851083,284.4170527773925,234.51547477869727,4126.828155916663
https://www.redfin.com/MO/Saint-Louis/1711-N-Taylor-Ave-63113/home/93718823,180.60570786502709,364.65450491234435,966.9195347696624,144.5527865163108,134.6662621636756,4122.168952013815
https://www.redfin.com/MO/Saint-Louis/3154-Longfellow-Blvd-63104/home/93691046,34.94488938565701,720.7799820725207,488.0303400247916,811.1318177413112,223.9344789557772,3872.526407920644
https://www.redfin.com/MO/Saint-Louis/1339-Kraft-St-63139/home/87131674,639.6605476248338,762.9654476133663,552.8146907659733,501.20587676966045,433.4059031459296,5722.095825112757
https://www.redfin.com/MO/Saint-Louis/6566-Southwest-Ave-63139/home/93743731,108.75509546002446,1004.6292414732881,1154.0510104726325,917.2740289104728,303.68606846762873,7220.756040504784
https://www.redfin.com/MO/Saint-Louis/6731-Fyler-Ave-63139/home/93741889,257.7269089220688,961.8903265649578,928.1976048617046,1487.223602898709,88.21074906892878,4938.386850264027
https://www.redfin.com/MO/Saint-Louis/4352-Schirmer-St-63116/home/93783613,125.93089344251753,380.24846930195014,752.3521655295671,253.62128128781436,492.9322015320423,3676.8971233180932
https://www.redfin.com/MO/Saint-Louis/3140-Russell-Blvd-63104/home/76424599,44.07386763342808,696.1940742900202,712.4693029985615,928.267868334718,451.8531045168616,4581.891354839579
https://www.redfin.com/MO/St-Louis/5911-Dale-Ave-63110/home/169433889,218.415487291704,864.07115172551,779.1170739299968,252.81512896291255,194.97133689672805,6491.5977735151755
https://www.redfin.com/MO/Saint-Louis/5211-Washington-Pl-63108/home/93749433,108.18639018782028,1082.3058891382013,322.9267193334435,100.61126727006746,124.46256411343562,3603.118224522847
https://www.redfin.com/MO/Saint-Louis/5352-Maple-Ave-63112/home/93709914,221.01406977216195,376.1526246422412,607.9061612004967,219.09993729028074,371.7319860199052,4668.977988998298
https://www.redfin.com/MO/Saint-Louis/4007-Blow-St-63116/home/93785744,214.8647658082233,966.9843529893359,338.85499783652784,921.4439891097031,561.6840849060223,6753.209633098669
https://www.redfin.com/MO/Saint-Louis/3-Willmore-Rd-63109/home/93782564,94.75760520935117,694.7416552389321,792.9085645675935,950.8401369906838,916.8846878517264,5127.694712955621
https://www.redfin.com/MO/Saint-Louis/6635-Fyler-Ave-63139/home/66023426,410.68955133806753,1085.8711192618348,783.6721748427725,1183.8747794572469,144.27836973204856,4821.603358788249
https://www.redfin.com/MO/Saint-Louis/64-Willmore-Rd-63109/home/93782705,235.4350331476647,159.2313187912621,1033.9206851462138,398.327711128118,1247.26891008174,3714.081753980852
https://www.redfin.com/MO/Saint-Louis/5879-Cabanne-Ave-63112/home/93723928,321.17241539201206,286.7803726020388,457.4248107337567,314.49704038400836,398.8320494466097,4615.575935176025
https://www.redfin.com/MO/Saint-Louis/8936-Gateland-Ave-63136/home/93404534,102.83530610274926,1887.798606107687,354.1830710409057,601.3914232787641,388.0069928457782,2649.6313552422594
https://www.redfin.com/MO/Saint-Louis/85-Willmore-Rd-63109/home/93782630,112.1647714446374,295.53993154305056,880.8377890150871,516.0191491184733,986.8922369902889,4016.0865481346877
https://www.redfin.com/MO/Saint-Louis/7131-Sutherland-Ave-63109/home/93749222,124.24707748263361,1215.5718922360852,1599.3008095279745,194.60262056549422,256.09714181564135,4169.11323866229
https://www.redfin.com/MO/Saint-Louis/7096-Tholozan-Ave-63109/home/93747878,48.25876811059096,872.9818319313842,1600.1077456882324,752.3505333319031,377.8346941833171,4993.101122981839
https://www.redfin.com/MO/Saint-Louis/6208-Pershing-Ave-63130/home/93760144,56.76300366757427,267.8120660718815,643.6539366813131,46.49879151490899,790.775953895415,2740.782875159617
https://www.redfin.com/MO/Saint-Louis/59-Willmore-Rd-63109/home/93782645,266.3508159001052,163.75421139383118,1156.219064579004,305.82224955026334,1369.2326440561922,3134.293710163437
https://www.redfin.com/MO/Saint-Louis/7857-Adkins-Ave-63123/home/93784232,111.21165451173708,1108.285286488381,1239.619183288145,491.63845407878546,290.6872392944878,6021.549816073888
https://www.redfin.com/MO/Saint-Louis/2902-Ellendale-Ave-63143/home/93743197,56.32916759576195,306.29366229506866,1639.5782722773304,639.975197964348,226.15387580536367,5692.6400811000185
https://www.redfin.com/MO/Saint-Louis/6419-Clifton-Ave-63109/home/93782826,229.33577131752082,670.4817687932477,577.9483991457181,631.6083271385155,598.9524665324444,7063.100705703957
https://www.redfin.com/MO/Saint-Louis/3233-Hawthorne-Blvd-63104/home/93748586,137.26191370706593,662.5518681604163,316.6489601163613,630.6437929418779,213.59876220213815,3696.307155169277
https://www.redfin.com/MO/Saint-Louis/2750-Ellendale-Ave-63143/home/93743196,63.170355168700254,335.5775748898863,1611.0140828491171,610.6739425739825,197.54779816349972,5463.076123064017
https://www.redfin.com/MO/Saint-Louis/6027-Guilford-Pl-63109/home/93782639,171.327480620605,176.2516306416428,954.1815279845192,451.30962647326163,1159.1500611285999,3870.1129012647757
https://www.redfin.com/MO/Saint-Louis/5820-Lansdowne-Ave-63109/home/93769134,154.42578219584348,316.4239236521725,923.3038102216823,165.71754291196154,123.59993995098763,5001.854175324789
https://www.redfin.com/MO/Saint-Louis/4823-McCausland-Ave-63109/home/93781559,102.4084952297903,1140.664111557319,742.338667148163,99.8095832492358,61.28646001796874,4647.797107172094
https://www.redfin.com/MO/Saint-Louis/1344-Central-Ave-63139/home/93765602,474.6639371727724,740.0868137787355,533.5637848713993,551.3115235326511,563.3320133899864,5493.363703387191
https://www.redfin.com/MO/Saint-Louis/38-Benton-Pl-63104/home/87947243,275.198932010939,404.33282904015886,796.7113118253751,309.3440524273347,218.0132254752048,5136.482595486736
https://www.redfin.com/MO/Saint-Louis/5924-Childress-Ave-63109/home/93783856,454.6738569968819,805.3007927939335,425.7801044647165,674.8009035035313,648.7539313759651,5021.622913604845
https://www.redfin.com/MO/Saint-Louis/3224-Regal-Pl-63139/home/170010038,486.09295119579565,642.7263952751757,583.5519199838228,503.98441155194166,210.7763247323722,4978.895755397649
https://www.redfin.com/MO/Saint-Louis/4-Willmore-Rd-63109/home/93782668,90.26828729211915,710.6550664697614,848.0013106502909,904.4323251269781,983.8124113279023,5329.217303489085
https://www.redfin.com/MO/Saint-Louis/9745-E-Lookout-Ct-63137/home/93768332,207.0487184730613,1062.1637539758726,4903.923465590522,2835.1465389378027,2696.4252216804853,1074.3402941508
https://www.redfin.com/MO/Saint-Louis/4123-Poepping-St-63123/home/93784340,205.59988009542275,1136.7983911651795,1113.4715263939465,393.91403878280994,307.0204387068596,5461.896377225127
https://www.redfin.com/MO/Saint-Louis/2653-Shenandoah-Ave-63104/home/93690834,237.54862709618132,164.88695560888883,139.96170655556008,223.55247155310192,36.31720513705269,6544.674810588816
https://www.redfin.com/MO/Saint-Louis/6247-Magnolia-Ave-63139/home/93743644,616.6727294302764,388.73144651086164,508.7129370813702,703.0728090834135,112.05970262541102,5886.460739814265
https://www.redfin.com/MO/Saint-Louis/3943-Marine-Ave-63118/home/174211987,497.8687680936643,656.6124171063756,536.4928753370822,489.5843167579748,453.8131218437128,6214.496539870639
https://www.redfin.com/MO/Saint-Louis/6107-Lalite-Ave-63136/home/93745630,315.6811235108827,621.5620355493447,1415.0434902338986,1167.9657382558078,386.2618632098361,3547.649753601318
https://www.redfin.com/MO/Saint-Louis/3909-Marine-Ave-63118/home/93785507,551.8012484574856,620.3324821771948,400.3315756504089,537.6801988303253,488.63571361850035,6155.1972317358
https://www.redfin.com/MO/Saint-Louis/3316-Norma-Ct-63139/home/93743274,131.44212758210142,1117.8465590125493,614.7301671430874,931.8666940038828,104.3473310310482,5258.430063666077
https://www.redfin.com/MO/Saint-Louis/1216-Victor-St-63104/home/93686953,690.6300322518947,259.48387268605825,632.2024700334815,118.27210738526216,184.9076204498371,7464.93084587505
https://www.redfin.com/MO/Saint-Louis/2510-Clifton-Ave-63139/home/93743620,632.9335033932352,241.36506408357732,731.7116541128781,635.8361153172806,402.874868745051,5175.744090297989
https://www.redfin.com/MO/Saint-Louis/4362-W-Pine-Blvd-63108/home/93725148,248.65211324099045,686.0551153297712,321.0753105233316,262.58905362609045,184.00225706040484,4430.924592712854
https://www.redfin.com/MO/Saint-Louis/6125-Lalite-Ave-63136/home/93745633,238.3935651155897,690.0663407306107,1425.9456723603075,1200.2919902087028,446.7479615086771,4277.554292570825
https://www.redfin.com/MO/Saint-Louis/6777-Eichelberger-St-63109/home/93781554,253.09801974579912,861.928548583813,763.3552220432946,670.4228024494884,639.5129845711546,3222.839848852802
https://www.redfin.com/MO/Saint-Louis/3755-Weber-Rd-63125/home/93785620,624.3225046463622,1384.4040819028892,1674.2012703856353,839.5895695935116,493.741917008418,3132.0300296114347
https://www.redfin.com/MO/Saint-Louis/4168-W-Pine-Blvd-63108/home/93725485,246.94485266205766,259.06210875749537,216.71269942368426,243.56656089929854,213.25918639605916,3762.1317822068004
https://www.redfin.com/MO/Saint-Louis/6731-Odell-St-63139/home/93743862,294.1805242665743,710.0106499884081,1553.6251202304836,965.3926131381269,217.02819088878638,5456.059764988971
https://www.redfin.com/MO/Saint-Louis/5873-Julian-Ave-63112/home/93723042,195.31238010861165,428.66958248982223,818.7744414218569,232.45651639131145,492.70570437007524,4434.825521730539
https://www.redfin.com/MO/Saint-Louis/6303-Lucille-Ave-63136/home/93745349,20.886838233584673,989.6767180986819,1079.6487947547062,913.9048607166616,820.59112653857,3921.4716859766436
https://www.redfin.com/MO/Saint-Louis/6117-Lalite-Ave-63136/home/93745635,277.92769951442006,653.622114992115,1422.423562593945,1189.3250768156022,413.7581499597347,4003.2591133793653
https://www.redfin.com/MO/Saint-Louis/6111-Lalite-Ave-63136/home/93745636,295.8482179117836,639.0926014496456,1417.138812240359,1179.139687698166,401.53725883939575,3746.9070258138913
https://www.redfin.com/MO/Saint-Louis/5854-Neosho-St-63109/home/62756085,238.81987879692406,292.12010610324074,791.1700798930976,226.12755962259268,214.55817914304328,5770.257030036717
https://www.redfin.com/MO/Saint-Louis/6255-Pershing-Ave-63130/home/93760107,226.26772430037218,283.1133723901003,699.1232173579946,226.2892500011927,728.8353417857282,1378.5057916946362
https://www.redfin.com/MO/Saint-Louis/7125-Emilie-St-63143/home/93743167,155.14183273208616,315.19810106884984,1786.2444449710742,721.659047245602,390.03452273207,4155.586955268702
https://www.redfin.com/MO/Saint-Louis/6438-Bishops-Pl-63109/home/62700619,228.56878119244195,628.2116596725394,548.2821019105539,699.7414179473255,651.5990756133052,7011.82653233875
https://www.redfin.com/MO/Saint-Louis/3446-Nebraska-Ave-63118/home/109007522,741.6884181384847,229.2816517831753,686.102982071506,193.07680664519606,198.54623182527223,5819.513864815513
https://www.redfin.com/MO/Saint-Louis/16-Aberdeen-Pl-63105/home/93766507,206.81609376547297,734.1023926967322,286.84845865813423,242.42474628905944,1046.604257404348,1426.1680128311705
https://www.redfin.com/MO/Saint-Louis/6126-Lucille-Ave-63136/home/93745334,239.68901110793342,722.4053991330535,1070.2258103679053,868.5646120641188,562.3072055102749,4506.0835309275135
https://www.redfin.com/MO/Saint-Louis/6201-Wade-Ave-63139/home/93726347,290.76423449740673,356.4494952023265,281.07009890973177,317.62905453664945,174.75749766266313,5765.1691735128825
https://www.redfin.com/MO/Saint-Louis/41-Willmore-Rd-63109/home/93782636,223.0139914019085,418.724845987936,1308.2894717592192,440.7109006163527,1187.9860337055045,3433.8896567149045
https://www.redfin.com/MO/Saint-Louis/7219-Emilie-St-63143/home/93743202,266.3721103636575,410.23725791987755,1824.2165112827597,729.3184602085671,437.3461621159419,2563.9157948068914
https://www.redfin.com/MO/Saint-Louis/3223-Tennyson-Sq-63143/home/93751124,228.70724779256565,493.2701535001841,2085.721907412637,1135.4522239349735,756.6743003482612,3411.4763646202587
https://www.redfin.com/MO/Saint-Louis/4632-Pershing-Pl-63108/home/93724635,369.4984496165345,435.9046889190001,678.3218994297767,329.60097672147265,133.7035698485896,3503.500297795945
https://www.redfin.com/MO/Saint-Louis/1401-McCausland-Ave-63117/home/93744505,44.06234772531343,857.7385581960954,750.7155169960122,945.9117243554971,351.19971902408577,3005.2199341742594
https://www.redfin.com/MO/Saint-Louis/4934-Columbia-Ave-63139/home/93727613,147.52410115755467,855.3887476822764,428.7910565876334,171.01462490371333,199.5628737407833,4034.2128515930785
https://www.redfin.com/MO/Saint-Louis/2500-Clifton-Ave-63139/home/93743619,594.0909407295057,245.94220899696353,714.5036511397819,595.9746059355535,405.9959914543016,5253.021253418972
https://www.redfin.com/MO/Saint-Louis/3745-Weber-Rd-63125/home/93785623,576.4797004910727,1350.2863455740935,1712.0680267341236,808.5112755745113,437.5089333639033,3119.5212791729155
https://www.redfin.com/MO/Saint-Louis/5562-Goodfellow-Blvd-63136/home/62769083,27.364159543285172,929.8827210338223,676.49584621936,522.451744492968,472.79585092290927,4407.502490787893
https://www.redfin.com/MO/Saint-Louis/40-Willmore-Rd-63109/home/93782578,284.75543052867386,492.62184597229015,1212.9335860746828,541.7179475782882,1133.706608440474,3442.320698065281
https://www.redfin.com/MO/Saint-Louis/48-Willmore-Rd-63109/home/93782574,278.3791773376509,398.98207195999,1249.894564321594,460.15121007196456,1219.6529253661904,3452.615350337852
https://www.redfin.com/MO/Saint-Louis/5433-Vernon-Ave-63112/home/93683495,466.97252098339465,345.16840669573077,460.47081930595994,454.284907952687,564.8632519415117,4401.026458633309
https://www.redfin.com/MO/Saint-Louis/4259-Louisiana-Ave-63111/home/93705473,232.25844137084005,677.8991139020364,284.0330577916167,252.03552698931964,183.95669037201714,5080.576595839904
https://www.redfin.com/MO/Saint-Louis/7417-Parkwood-Dr-63116/home/93783601,298.129585185186,209.29839920356844,663.9709222057975,403.0476961199327,662.6651108951326,2730.3403593602015
https://www.redfin.com/MO/Saint-Louis/6029-W-Cabanne-Pl-63112/home/93728752,331.9630047954157,228.950146958352,435.93338409952423,563.2169528106183,353.21921194427875,3720.475940414151
https://www.redfin.com/MO/Saint-Louis/4388-McPherson-Ave-63108/home/109919933,431.6283003166988,558.0673248308775,198.46783526038053,421.04567744625206,299.9093450089575,4629.073633071361
https://www.redfin.com/MO/Saint-Louis/3903-Holly-Hills-Blvd-63116/home/93773769,713.0500408415077,505.22254067794034,700.9762375425605,694.4651532990168,625.8927411539224,4418.42377047986
https://www.redfin.com/MO/Saint-Louis/6827-Fyler-Ave-63139/home/93741878,92.2628360619051,857.6848425576748,1043.646657258786,1652.6584731137573,32.73232067957848,4738.620944359397
https://www.redfin.com/MO/Saint-Louis/7151-Wellington-Ct-63143/home/93751093,40.29788770944167,1192.8292888682113,1762.8336938797438,1260.1861084588415,738.1516330643933,2714.436434311556
https://www.redfin.com/MO/Saint-Louis/3005-Hawthorne-Blvd-63104/home/93691034,117.37410236593396,722.1558644730433,821.380644741599,926.5184240482162,381.6293014774603,5245.748446966591
https://www.redfin.com/MO/Saint-Louis/6821-Bradley-Ave-63139/home/93742019,107.190041379886,717.4639433212616,1173.25670331303,1590.4145683650565,182.59863544366067,5568.999886367209
https://www.redfin.com/MO/Saint-Louis/8572-Oriole-Ave-63147/home/93758139,312.37340439750665,586.8148838772922,1227.5114882402427,1035.3651186331156,438.68695800722963,5123.33788873992
https://www.redfin.com/MO/Saint-Louis/6429-Myrlette-Ct-63116/home/93783500,376.35516678322364,190.66618323695522,479.5347540948293,375.6856119800871,336.06876978049615,3489.228447022528
https://www.redfin.com/MO/Saint-Louis/754-Bellerive-Blvd-63111/home/93708685,187.16785648897442,1232.0279776269722,164.84378873353032,554.548783623254,509.8734297339402,6198.605209599879
https://www.redfin.com/MO/Saint-Louis/3911-Comstock-Dr-63123/home/93784961,368.53745189899183,1570.6719080036198,1358.766848678877,561.4124693828321,865.392696684766,4761.547797445388
https://www.redfin.com/MO/Saint-Louis/4379-Holly-Hills-Blvd-63116/home/62698761,346.4458125354961,374.0059384680579,823.1620291051195,560.3634992144376,318.0263483519751,5767.838536918089
https://www.redfin.com/MO/Saint-Louis/3672-Bellerive-Blvd-63116/home/93772310,188.1824460184894,1137.3358538613552,936.8880152694805,303.1786855049142,279.2012475001038,4202.7538311037415
https://www.redfin.com/MO/Saint-Louis/7080-Plainview-Ave-63109/home/93780815,151.64362085327033,1242.2728650750705,1288.2054319744755,140.6192305460577,124.38259986886801,3631.717497177069
https://www.redfin.com/MO/Saint-Louis/6120-Garesche-Ave-63136/home/93745628,259.2700526765279,720.1287332881121,1296.4957712687542,1073.2829211951212,476.9737779426212,4371.970352439966
https://www.redfin.com/MO/Saint-Louis/6433-Odell-St-63139/home/93744974,277.39403565921725,861.9781444321748,808.7423611952813,657.381798953401,281.21331041695294,4565.792830664317
https://www.redfin.com/MO/Saint-Louis/950-Beach-Ave-63112/home/93723823,507.7246178501831,251.11538492203357,578.4787391973803,526.1394582731438,557.7347251732072,4942.601126293443
https://www.redfin.com/MO/Saint-Louis/4754-Michigan-Ave-63111/home/93707028,411.3578304166803,746.821913030396,1178.036701083343,398.65935677691516,382.5571490105505,5689.558309141956
https://www.redfin.com/MO/Saint-Louis/5325-Wherry-Ave-63109/home/93768200,152.6737509518761,879.2118941817198,511.93560736242307,143.1039866264099,123.06290683686072,4953.162717476156
https://www.redfin.com/MO/Saint-Louis/7094-Mardel-Ave-63109/home/93748077,38.1058644577838,869.1363099262137,1616.8625416069997,643.3194720041902,416.2563213314658,5179.301460366178
https://www.redfin.com/MO/Saint-Louis/7127-Bancroft-Ave-63109/home/93747838,111.55583292173252,1134.7261529629902,1645.6632151668057,270.25235371194753,364.97867935791436,3763.4724165454004
https://www.redfin.com/MO/Saint-Louis/5002-Columbia-Ave-63139/home/93727603,348.0987511722604,753.7777280389892,483.5388816132373,365.03600626984615,189.66193209730568,3601.228591183947
https://www.redfin.com/MO/Saint-Louis/6165-Lucille-Ave-63136/home/93745290,81.07852708044499,889.1753900309767,1037.11986722436,868.3905364949231,739.3006762188279,4641.196530273205
https://www.redfin.com/MO/Saint-Louis/8137-Carlsbad-Dr-63123/home/93784245,349.3966677574409,1216.1101273366962,1574.4714916035175,605.4914886760891,670.742206900289,3857.0504324968497
https://www.redfin.com/MO/Saint-Louis/3651-Germania-St-63116/home/93757106,30.98921327511323,609.1876937570149,1381.12998348938,53.23088061776425,287.94289457012883,6902.252682518099
https://www.redfin.com/MO/Saint-Louis/7430-Hildesheim-Ave-63123/home/93761272,280.7485874200117,1294.3590597847137,1747.2576130025159,489.4191212487355,683.9984163171852,1447.6753867780865
https://www.redfin.com/MO/Saint-Louis/4346-McPherson-Ave-63108/home/93725559,383.74836892824743,676.1506174309707,323.69262110961034,404.13150398390263,297.8286874031408,4612.108008799839
https://www.redfin.com/MO/Saint-Louis/6723-Marmaduke-Ave-63139/home/93743768,266.42314087758837,806.1030666176179,1476.6686158788202,880.062452904074,165.8408274014027,5861.27896571412
https://www.redfin.com/MO/Saint-Louis/6551-Fyler-Ave-63139/home/93741951,204.5310152976448,1169.9349633043867,718.5463766782062,975.6159178240048,164.79572565783428,4620.641999159631
https://www.redfin.com/MO/Saint-Louis/8-Willmore-Rd-63109/home/93782666,154.5235579752625,769.8760684186635,879.6809025913858,873.3451093197605,960.3551073802091,4438.007954471063
https://www.redfin.com/MO/Saint-Louis/63-Kingsbury-Pl-63112/home/93763878,280.96316893742096,105.88541002740412,220.7280075081405,265.2749699414826,321.25345312622966,2704.862269425774
https://www.redfin.com/MO/Saint-Louis/4918-Pershing-Pl-63108/home/93724455,258.11258564086904,649.070698398344,826.9548052768813,255.2908536017359,115.46415832030556,3429.2769328522854
https://www.redfin.com/MO/Saint-Louis/5843-Clemens-Ave-63112/home/93739303,184.22980251906375,275.2353968810539,589.5764023373661,355.0608508616118,333.51563212117594,4618.395404134073
https://www.redfin.com/MO/St-Louis/3239-Lafayette-Ave-63104/home/76473548,163.56177648518397,160.86918206376978,540.5385451934047,606.2150763746845,291.65591135260973,6222.2818593312
https://www.redfin.com/MO/Saint-Louis/2010-Longfellow-Blvd-63104/home/93689964,82.7154728840363,775.1661563566823,796.8298325151642,963.2430049478464,528.7814721063646,5513.059839250804
https://www.redfin.com/MO/Saint-Louis/6165-Garesche-Ave-63136/home/93745323,104.32428091381458,857.313257104765,1225.8872407939054,1045.37419755578,632.8609301295425,4737.080072362698
https://www.redfin.com/MO/Saint-Louis/6230-Waterman-Ave-63130/home/93760120,130.68603616568262,159.0398119162185,779.4598278835574,128.49604458966033,641.5156071812252,2272.364143566251
https://www.redfin.com/MO/Saint-Louis/4136-Pennsylvania-Ave-63118/home/93705222,641.2872893886076,505.7211116762012,67.16624144883082,113.34347632776557,114.49334569196685,5829.967251126009
https://www.redfin.com/MO/Saint-Louis/6343-Garesche-Ave-63136/home/93420122,175.31767174709466,1065.298952890497,1334.0100677901921,1169.7700015060475,628.2558740270453,2619.4771171320767
https://www.redfin.com/MO/Saint-Louis/4437-S-39th-St-63116/home/93730965,881.0494770204031,915.0944490623581,867.0986496523577,899.8997313427855,507.05886576924894,4152.673665610936
https://www.redfin.com/MO/Saint-Louis/1352-Central-Ave-63139/unit-R/home/176876789,479.80433952041705,702.9113407156811,570.7276295805319,584.9636597304731,543.913655767886,5550.363698940459
https://www.redfin.com/MO/Saint-Louis/3543-Victor-St-63104/home/93692405,71.53739476195565,856.9740223818451,376.6087703406543,96.01095900030319,130.56313195079395,5197.397352719528
https://www.redfin.com/MO/Saint-Louis/6334-Albertine-Ave-63136/home/93761396,139.50631682961236,1146.3227762355868,897.6379640523131,713.4178230833488,675.5754634937225,2720.6675584553996
https://www.redfin.com/MO/Saint-Louis/32-Kingsbury-Pl-63112/home/93724169,422.69321529417493,493.3883809389653,622.47889953094,339.4010824221036,597.9458196800387,1184.253963961612
https://www.redfin.com/MO/Saint-Louis/3024-Lafayette-Ave-63104/home/86390956,287.6684937340075,476.42895494826195,582.76534646919,991.6780496398304,167.15526924694268,6922.827825582912
https://www.redfin.com/MO/Saint-Louis/6921-Marquette-Ave-63139/home/90752889,74.28158783031061,580.3993156960354,968.8420729646432,1294.1110783835231,484.6711999104775,5548.980473862338
https://www.redfin.com/MO/Saint-Louis/5255-Loughborough-Ave-63109/home/93769497,31.09172152065778,1052.9260118428692,652.2895469302609,573.0111464011625,207.41319988372146,5159.700914253246
https://www.redfin.com/MO/Saint-Louis/4327-McRee-Ave-63110/home/109919834,122.89448446823684,412.2196765617068,148.92828803152176,110.53937361882782,101.69472810222044,5296.142700391898
https://www.redfin.com/MO/St-Louis/1426-Devlin-St-63110/home/87133434,145.8061311061845,806.775020896856,745.9481345445977,185.94134107388334,75.96423621469074,7100.572519743068
https://www.redfin.com/MO/Saint-Louis/7003-Mardel-Ave-63109/home/93747922,368.29174465826185,511.79144946361794,1260.0733568917635,736.5082432385763,146.39428318798517,5374.292115854858
https://www.redfin.com/MO/Saint-Louis/2808-Lafayette-Ave-63104/home/93690094,488.8030398104372,393.6049446330213,223.68948713776487,559.4040196813884,64.88989814133926,6553.600032676303
https://www.redfin.com/MO/Saint-Louis/7431-Sharp-Ave-63116/home/93784999,134.33306270083662,1098.8016049625412,686.3361412536317,122.94452875994538,462.7423146885623,4985.301204146512
https://www.redfin.com/MO/St-Louis/2762-Park-Ave-63104/home/195200273,490.9916711400056,295.2689844429716,316.4004017661804,483.64468477358747,116.54415532073908,6143.9635720148035
https://www.redfin.com/MO/Saint-Louis/10-Willmore-Rd-63109/home/93782665,183.6165892631149,769.8110985599296,901.6762769115863,853.4091924667772,959.0351010223219,4000.034963926572
https://www.redfin.com/MO/Saint-Louis/4466-Tholozan-Ave-63116/home/93730025,357.771358454737,1178.7498861219592,795.5428257363174,401.33715950272,213.3311005285192,4536.535038034793
https://www.redfin.com/MO/Saint-Louis/3914-French-Ct-63116/home/93773358,152.7051777898761,698.9811448660691,634.6206000264425,950.8439108929833,624.9443337411896,6292.6175073005015
https://www.redfin.com/MO/Saint-Louis/6711-Mitchell-Ave-63139/home/62772167,493.7750933707484,174.9920987655929,320.4640206485037,483.60592128109914,457.10299710469945,4845.316580558332
https://www.redfin.com/MO/Saint-Louis/4535-S-Grand-Blvd-63111/home/70105616,31.983554020972587,918.7635546959748,545.1312352371149,50.12063563180626,253.6603581149841,5171.0123634295605
https://www.redfin.com/MO/Saint-Louis/6700-Morganford-Rd-63116/home/93671722,31.0207688662942,667.5490427773968,490.0001612106687,1049.729921814214,196.7046974101681,6392.617150183909
https://www.redfin.com/MO/Saint-Louis/4386-Westminster-Pl-63108/home/93740310,524.1396774883698,654.7039242964316,314.0516781109666,449.74405230796845,152.27318914103788,4787.327768146966
https://www.redfin.com/MO/Saint-Louis/1605-Missouri-Ave-63104/home/93700578,219.3664826974433,298.2786183007262,636.5316713742158,228.80329666167492,186.72191652412153,4279.284197706883
https://www.redfin.com/MO/Saint-Louis/4466-Westminster-Pl-63108/home/93740234,523.0689742105997,553.5900879534254,238.2377717819714,131.38698908821286,164.5212501397073,5272.6513648169785
https://www.redfin.com/MO/Saint-Louis/1832-S-8th-St-63104/home/93685093,112.11063223411212,308.33290299654624,1135.5178407081946,136.31238544419068,150.05359746044013,7184.466815972965
https://www.redfin.com/MO/Saint-Louis/4532-Westminster-Pl-63108/home/93739894,489.0456357819063,387.08712383645445,271.4636939987923,161.97697722082938,134.26947627247398,4764.247253820096
https://www.redfin.com/MO/Saint-Louis/7726-Virginia-Ave-63111/home/66027465,25.24942954018955,183.50989902202284,1073.36449381769,536.6706661284626,499.40895046281616,8202.775867050788
https://www.redfin.com/MO/Saint-Louis/3623-Ohio-Ave-63118/home/93696155,288.0208443153822,494.57924103966815,484.25645974239455,281.77275827789725,167.51067507670825,6312.669845242489
https://www.redfin.com/MO/Saint-Louis/4421-Westminster-Pl-63108/home/93739934,448.98022851735817,652.1138596879977,288.0878144979592,294.6406527850779,80.00496764506876,5244.887813129974
https://www.redfin.com/MO/St-Louis/3701-Cook-Ave-63113/home/102280390,146.55339727856833,784.5844993805366,551.1273269799505,195.29438072624623,212.07160314722472,6354.167337459781
https://www.redfin.com/MO/Saint-Louis/1919-Withnell-Ave-63118/home/93681739,272.67234794830205,184.50940651674745,1227.4362214294183,278.50423614770165,215.45906239654275,6351.166131628045
https://www.redfin.com/MO/Saint-Louis/5275-Westminster-Pl-63108/home/93749533,110.84383328754298,1010.0776332384135,284.9727176239315,134.67193138556877,219.6307351438941,3219.668039146135
https://www.redfin.com/MO/Saint-Louis/2423-S-13th-St-63104/home/93686692,604.3869813538465,312.70878493788285,717.6128110271612,199.37226593524406,228.51956207783027,7340.906944869925
https://www.redfin.com/MO/Saint-Louis/4367-McPherson-Ave-63108/home/62733049,480.36954398467407,662.5211794042239,302.3949119498968,487.25180802622754,224.4046964668271,5073.216582534194
https://www.redfin.com/MO/Saint-Louis/4445-Westminster-Pl-63108/home/93740253,450.64717595334577,632.581955651876,220.7618308241207,214.49525572714563,144.69456156722575,4975.773410545399
https://www.redfin.com/MO/Saint-Louis/2316-S-12th-St-63104/home/93686426,370.60750570777077,428.99411854472373,642.1768579918607,179.89478918505802,158.3490402209969,8173.240734007108
https://www.redfin.com/MO/Saint-Louis/2621-Lemp-Ave-63118/home/93697318,663.7304422576949,207.03591682575762,942.4880563022408,394.4568246964019,182.620802241917,7394.233452295893
https://www.redfin.com/MO/Saint-Louis/4132-W-Pine-Blvd-63108/home/62728575,244.78634174542026,124.82974530191292,242.08277555590246,253.9756854104059,269.5025759055042,3881.9019339574998
https://www.redfin.com/MO/St-Louis/2930-Michigan-Ave-63118/home/93692160,138.58757589735717,1020.7442474061253,535.9910935383128,183.00476393606712,116.55419874909822,7356.788556497358
https://www.redfin.com/MO/Saint-Louis/5026-Westminster-Pl-63108/home/93746007,128.2981088439915,725.5601764895023,668.2749812430511,155.9153492001301,146.6524598577034,3185.106741885071
https://www.redfin.com/MO/Saint-Louis/700-Bellerive-Blvd-63111/home/62745381,191.5555020237647,1022.830456501312,169.70913779481288,761.3325980311286,338.9152047359533,6495.353577905292
https://www.redfin.com/MO/Saint-Louis/5025-Enright-Ave-63108/home/93744562,116.92175616798045,603.5026654526439,583.4836504079747,169.28524851526885,141.465179238331,3691.0754543806815
https://www.redfin.com/MO/Saint-Louis/1221-Mackay-Pl-63104/home/93701074,377.5962021052041,289.1685005062626,830.7162087667803,365.1804992186091,344.0802732359071,4961.4476367475745
https://www.redfin.com/MO/Saint-Louis/1808-Lafayette-Ave-63104/home/93690442,267.57090448590714,475.0782339377522,153.90561657178208,627.9568005162296,26.90512827938731,6024.6192612556615
https://www.redfin.com/MO/Saint-Louis/3611-Ohio-Ave-63118/home/93696157,284.9090008077212,524.1214512767676,490.8888743573922,271.9241000589651,128.38300475204124,6181.62304398647
https://www.redfin.com/MO/Saint-Louis/1532-Mississippi-Ave-63104/home/93697404,447.0727945331604,240.11633852889042,316.00845975878246,739.8225985654582,172.071444466784,4472.812013844939
https://www.redfin.com/MO/Saint-Louis/2838-Salena-St-63118/home/93691509,432.2886324082565,180.4236695923495,1091.3611614030917,431.00714365485015,146.0950853635491,6899.593794750555
https://www.redfin.com/MO/Saint-Louis/2308-S-10th-St-63104/home/62742671,275.78277581722756,131.0484617821746,454.84996720770806,287.70747123267125,99.12145190211925,8001.451967034934
https://www.redfin.com/MO/Saint-Louis/2837-McNair-Ave-63118/home/93674687,369.58458208623233,185.54445002572228,797.0771908680005,365.31809394653646,227.5848939467744,7133.600941040072
https://www.redfin.com/MO/Saint-Louis/7411-S-Broadway-63111/home/93710676,32.72281270964305,443.24408911263913,836.1565572644424,39.48144325680821,172.9831236211927,6026.946106471258
https://www.redfin.com/MO/Saint-Louis/2624-S-11th-St-63118/home/93686929,424.5670315185895,337.8566195218225,436.47727744756986,198.84831187020663,94.7530584875295,5868.512806616375
https://www.redfin.com/MO/Saint-Louis/4466-Laclede-Ave-63108/home/69323591,136.60773142726993,602.331254535387,627.6789887435856,133.03739611282012,99.09160596381807,4353.596863821503
https://www.redfin.com/MO/Saint-Louis/1920-Longfellow-Blvd-63104/home/93684678,169.09205538807817,687.3524724446122,755.4200076351098,1007.37361560385,437.1562254493352,6382.677591659869
https://www.redfin.com/MO/Saint-Louis/4745-Nebraska-Ave-63111/home/93707004,103.94243664292779,787.1112378336978,1407.7934741784602,187.0599852458473,525.865135572951,5861.6034356739665
https://www.redfin.com/MO/Saint-Louis/7116-Michigan-Ave-63111/home/93710390,18.28722546751751,698.9446818623045,306.06907069671735,407.811459026183,373.6101159773166,8144.401234054181
https://www.redfin.com/MO/Saint-Louis/3875-Federer-Pl-63116/home/93674969,826.3830783231547,593.5261498811167,777.4682487386043,667.0871912461527,430.25733825679913,5194.998789703414
https://www.redfin.com/MO/Saint-Louis/1728-Carroll-St-63104/home/103203316,200.9735800737837,270.7237023061495,317.7312006439493,638.0570692983194,134.22288971895375,6185.900335356562
https://www.redfin.com/MO/Saint-Louis/3322-S-9th-St-63118/home/109007231,176.93245306782595,390.03246122661045,1262.0406271002794,274.2097409699551,97.45809533315122,7146.833266440246
https://www.redfin.com/MO/Saint-Louis/2319-S-12th-St-63104/home/93686452,367.1679137232159,483.6934665873325,700.7210963710208,178.58703246233162,143.5642499126392,7917.332294750346
https://www.redfin.com/MO/Saint-Louis/6189-Westminster-Pl-63112/home/93760456,51.39089636554952,337.5498183260663,695.0151040138846,39.26204856345913,207.4522720259132,3565.8659430590546
https://www.redfin.com/MO/Saint-Louis/2330-Menard-St-63104/home/109007581,384.05114794477544,221.10300897656234,422.4094388858081,295.4333365426382,198.72686110383142,8490.113957014677
https://www.redfin.com/MO/Saint-Louis/2915-Accomac-St-63104/home/62768506,234.90293714706118,582.3446692336805,791.4764378675216,860.6080576419942,242.45937904204905,5483.414071609009
https://www.redfin.com/MO/Saint-Louis/2907-Texas-Ave-63118/home/93699247,156.32723695656333,579.5715953199528,519.8890488606618,146.8384326664865,59.01761828420649,7370.362084863998
https://www.redfin.com/MO/Saint-Louis/1407-Missouri-Ave-63104/home/93681612,216.5398965144806,240.1969162661411,743.3337431047325,220.05813624788482,246.9989584731664,4712.828505824355
https://www.redfin.com/MO/Saint-Louis/3864-Loughborough-Ave-63116/home/93773244,33.20569771316357,541.0407057925502,776.2404765042517,841.7911543482163,540.102300878354,4608.66811769037
https://www.redfin.com/MO/St-Louis/5164-Waterman-Blvd-63108/home/190536101,459.626347373544,1274.9848496942648,166.74556611131325,45.44462986198729,472.0950665131662,2044.7229008491547
https://www.redfin.com/MO/Saint-Louis/5855-Itaska-St-63109/home/93769155,227.5052465021478,374.19035975931524,708.9111803145354,221.81361195358713,199.74379448478888,5589.121462416971
https://www.redfin.com/MO/Saint-Louis/2815-Russell-Blvd-63104/home/109007478,53.73752108129344,662.5067524162362,547.0938838364342,572.3848357598291,286.5781349397974,6046.541743173185
https://www.redfin.com/MO/Saint-Louis/5325-Bischoff-Ave-63110/home/76427028,1016.2129081590336,355.18436425437255,487.66197542087775,1039.091698224748,99.3223761809499,4574.1392755763845
https://www.redfin.com/MO/Saint-Louis/2359-S-12th-St-63104/home/93686143,550.6551065784986,398.5487094636475,618.1382490057637,29.429036113833455,88.94899045300087,7919.689483827413
https://www.redfin.com/MO/Saint-Louis/2222-Nebraska-Ave-63104/home/93691237,360.0128347816888,420.1321126122782,654.1524721070477,740.0261878390216,115.01285978511515,6257.912815605065
https://www.redfin.com/MO/Saint-Louis/3127-Shenandoah-Ave-63104/home/143286453,128.40670316978958,787.4412201184167,463.58460590868583,898.6387024302329,111.57891754270989,5292.968435565225
https://www.redfin.com/MO/Saint-Louis/1817-S-9th-St-63104/home/109918774,313.6347103624088,300.47413222794296,1020.1743276906369,340.1453799346468,50.49370913470339,7808.792597958328
https://www.redfin.com/MO/Saint-Louis/1025-Dolman-St-63104/home/93685580,113.1130590366773,472.03740520358303,396.2449862593328,127.38913525961856,139.16172824948322,6451.620143203945
https://www.redfin.com/MO/Saint-Louis/5710-Vera-Ct-63139/home/93679449,342.98747487816036,550.9343131791322,780.4989595796274,347.36882727877384,355.665377820565,5681.824476778098
https://www.redfin.com/MO/Saint-Louis/5266-Washington-Pl-63108/home/93749443,143.69574637691483,988.5239979029154,304.53284866140854,179.2396911982831,156.83127052326276,3461.351379815042
https://www.redfin.com/MO/Saint-Louis/1956-Wyoming-St-63118/home/109919868,218.89319952028947,344.8207259500755,1255.0334157488292,217.59727940734965,238.48517513945984,6549.1153793685135
https://www.redfin.com/MO/Saint-Louis/4169-Flora-Pl-63110/home/93747157,865.8819396833602,553.4512783413203,205.25412714435154,351.3950065952478,322.8997426902291,4934.759360793257
https://www.redfin.com/MO/St-Louis/2605-S-Compton-63104/home/196160189,29.35001464449507,967.8616875205839,362.9210491709452,733.906861207632,67.08671731611044,6758.269781203404
https://www.redfin.com/MO/Saint-Louis/2701-S-11th-St-63118/home/93686355,494.7132663724751,268.79761978288525,524.9011447174013,130.32383891742535,90.66305708656635,5399.103956996953
https://www.redfin.com/MO/Saint-Louis/4101-Pennsylvania-Ave-63118/home/93705186,771.5120741067532,386.1723478799906,227.69743789482,235.32125805650142,129.7254696555891,5752.477612428444
https://www.redfin.com/MO/Saint-Louis/1943-Lynch-St-63118/home/93786841,611.644587439942,130.32669380512476,1011.8335509440626,526.6133192758787,93.92786085543072,6487.487011064593
https://www.redfin.com/MO/Saint-Louis/4253-Westminster-Pl-63108/home/93725735,451.7402404720959,861.3285314267325,655.8305901016324,467.37335704379154,296.4172222575327,4806.739107233054
https://www.redfin.com/MO/Saint-Louis/2106-S-Compton-Ave-63104/home/62744285,27.98378189207783,595.4646833537658,649.8556585365502,822.7892164384527,438.48322934051515,4317.426765137647
https://www.redfin.com/MO/Saint-Louis/2915-Russell-Blvd-63104/home/93689962,34.933601736237556,762.7863278524716,757.9065881800644,825.7420868187406,401.3921243208539,6122.06944513543
https://www.redfin.com/MO/Saint-Louis/1039-Allen-Ave-63104/home/93685671,165.85765516373488,453.18456018732127,998.5888287176671,189.83884963857594,53.29047361726291,7836.640978430275
https://www.redfin.com/MO/Saint-Louis/4327-Washington-Blvd-63108/home/93720051,120.31219051969343,923.4349937650662,597.6089575125268,180.84982293826243,83.46198613990751,5531.969379587046
https://www.redfin.com/MO/Saint-Louis/1430-N-Park-Pl-63107/home/93702747,300.9823470139749,316.6828040139319,262.6687477436049,539.1614743919885,423.668175695496,5491.581454401934
https://www.redfin.com/MO/Saint-Louis/3627-Utah-Pl-63116/home/93700109,118.76168536289988,550.0420549698973,850.0589246817984,134.91496372001313,105.75864349019623,5062.26053840728
https://www.redfin.com/MO/Saint-Louis/3225-S-Jefferson-Ave-63118/home/93694226,41.28736280365883,256.5932286037808,1142.6803571604394,66.32041249264132,124.39590537177793,5558.160208639521
https://www.redfin.com/MO/Saint-Louis/2707-Lemp-Ave-63118/home/93697301,669.9728495423128,222.76829906457075,981.620899861171,376.6760678822102,66.3726045800221,7060.5825250352445
https://www.redfin.com/MO/Saint-Louis/1024-Mississippi-Ave-63104/home/62763603,110.25281439001547,472.75930114680875,641.4590625987865,118.02171022103337,193.55404519474223,4855.82305522841
https://www.redfin.com/MO/Saint-Louis/3727-McDonald-Ave-63116/home/62751717,406.94614829201635,809.3060632192539,1159.5358734374497,404.79148857931443,386.659152823822,4886.904198050317
https://www.redfin.com/MO/Saint-Louis/3514-S-Jefferson-Ave-63118/home/93671325,48.02245722975091,594.3982584944606,411.36862303142567,60.55083251856142,122.71463791524728,5291.463270368198
https://www.redfin.com/MO/Saint-Louis/4364-Vista-Ave-63110/home/92224786,384.60428154081245,94.40080719177831,185.8198667662446,268.33277260012255,343.58719636138795,4681.2304276878895
https://www.redfin.com/MO/Saint-Louis/1201-Dolman-St-63104/home/93682970,136.5666387946036,310.8343793761003,270.7125313971593,289.20917287124485,222.75839584218548,7034.084935318756
https://www.redfin.com/MO/Saint-Louis/3009-Allen-Ave-63104/home/62751987,163.469991659567,718.2262971742235,729.1071588580802,964.580722043737,457.17673569101817,6124.000455284495
https://www.redfin.com/MO/Saint-Louis/2908-Park-Ave-63104/home/143286629,541.2574123233396,409.52917719394543,428.64752085879314,684.596594892133,182.90532722453167,6169.128126240419
https://www.redfin.com/MO/Saint-Louis/4111-Cleveland-Ave-63110/home/93746448,1129.4968382218494,405.61992555919767,558.3159528152311,635.0966346507099,175.01698142536748,5929.275461717719
https://www.redfin.com/MO/Saint-Louis/3231-Indiana-Ave-63118/home/93694265,108.2945181215323,141.7460295300817,1101.4711532269923,148.48481790531486,181.76281612592564,5473.3628919654975
https://www.redfin.com/MO/Saint-Louis/2049-Ann-Ave-63104/home/93690471,112.90563426519084,1010.0420117936676,187.80262311667622,289.8744169630987,70.0297690963187,6562.4541823544
https://www.redfin.com/MO/Saint-Louis/3258-Copelin-Ave-63104/home/93689591,234.54969752775528,309.0547680466295,600.3700736705063,549.6765158741526,425.9534887462667,5598.237237958334
https://www.redfin.com/MO/Saint-Louis/3622-S-Jefferson-Ave-63118/home/93696718,39.11972572846773,376.06434113769126,174.9951015902825,87.44595291310017,63.3074289108538,5843.583407563066
https://www.redfin.com/MO/Saint-Louis/3528-Pestalozzi-St-63118/home/143286520,140.32954821717226,458.62561640207264,727.3614471944525,169.24479967245804,193.7082678889149,6136.202031911588
https://www.redfin.com/MO/Saint-Louis/5240-Washington-Pl-63108/home/93749445,179.8293972012533,1057.5861899763038,260.55964483952687,201.23115544524353,141.06216891514134,3731.969898155088
https://www.redfin.com/MO/Saint-Louis/2400-McNair-Ave-63104/home/93671315,97.34242958018157,685.5873605104597,547.3907376439626,89.33443062996417,61.14982283212377,6196.491713277645
https://www.redfin.com/MO/Saint-Louis/1801-Lasalle-St-63104/home/62726326,97.86670348369965,457.15464384074295,479.48497103896295,95.58162760520636,64.68489577730594,6224.127264749506
https://www.redfin.com/MO/Saint-Louis/3735-Connecticut-St-63116/home/62772719,371.00386053585953,404.6527317324635,941.1575809097391,362.1565644655929,394.07605609280074,5666.216713066251
https://www.redfin.com/MO/Saint-Louis/3931-McRee-Ave-63110/home/103203001,764.0732993159633,401.05200350855534,577.3495822993278,456.4457158013108,284.6938509151789,5743.643538845222
https://www.redfin.com/MO/Saint-Louis/2341-S-12th-St-63104/home/93686145,482.1070019317008,433.17829559957585,654.2117253183676,72.80382041233965,139.98950023664793,7728.095158991914
https://www.redfin.com/MO/Saint-Louis/4480-Maryland-Ave-63108/home/93724879,174.2576245350441,77.0525952143856,283.4987376357489,104.65754868910767,235.52886319639384,4041.1474057570376
https://www.redfin.com/MO/Saint-Louis/3152-S-Compton-Ave-63118/home/93693189,27.198633905642655,828.6591011864621,163.56392052225365,134.990745851383,99.00542149388328,6947.024144272059
https://www.redfin.com/MO/Saint-Louis/1113-Victor-St-63104/home/93686770,534.6735878519684,262.59408779780836,471.80726867615135,102.49849522780109,68.07494166404864,7841.780821028436
https://www.redfin.com/MO/Saint-Louis/216-Nagel-Ave-63111/home/62752134,201.42395173181185,661.4561453104994,493.12169782387605,221.34635076741674,195.82992554666347,8019.093283250202
https://www.redfin.com/MO/Saint-Louis/5502-Beacon-Ave-63120/home/93762835,232.08474117929273,1119.3744071593812,249.06698130748262,244.8875020912833,189.12346861293773,3450.6556046869655
https://www.redfin.com/MO/Saint-Louis/5440-Nagel-Ave-63109/home/93775850,135.05707050815195,711.5940070772365,881.0240299940479,147.28006604344347,176.89896124750538,4535.440236141667
https://www.redfin.com/MO/Saint-Louis/3630-Roswell-Ave-63116/home/93711781,390.372421922066,689.7779531428295,999.8959918121255,381.7921194953377,244.98520432968,5281.610930463147
https://www.redfin.com/MO/Saint-Louis/5146-Cologne-Ave-63116/home/93761639,395.22004293480893,357.7762114602753,752.2425415394764,385.143195495118,329.7383987141644,4614.962472770407
https://www.redfin.com/MO/Saint-Louis/3174-Nebraska-Ave-63118/home/93692964,296.8712944287946,617.113007302345,682.8056521302136,304.3826749252523,126.46970265784591,6703.106435112076
https://www.redfin.com/MO/Saint-Louis/3719-Koeln-Ave-63116/home/93751442,179.48272176993265,743.8423707087231,1192.4541897798563,193.5065107384677,70.47586760116718,6460.372505169114
https://www.redfin.com/MO/Saint-Louis/2215-Keokuk-St-63118/home/93696824,188.62482037446773,313.154073565074,550.3026711360096,179.81615660849477,134.89165082910685,5691.534736584614
https://www.redfin.com/MO/Saint-Louis/6960-Sutherland-Ave-63109/home/93774215,106.30766180010362,796.0132415405535,1017.1645356626401,161.7999647407035,138.87428989721735,6180.962880624826
https://www.redfin.com/MO/Saint-Louis/6406-Hancock-Ave-63139/home/93748793,238.42144727672508,894.1458676505117,512.7573892545814,612.6519107807168,205.49698477720005,3761.651902821729
https://www.redfin.com/MO/Saint-Louis/1014-Geyer-Ave-63104/home/62720757,265.267116437219,499.81629663687664,1063.2762381762072,327.63690523668464,72.84737015600513,7796.669452520192
https://www.redfin.com/MO/Saint-Louis/2001-Withnell-Ave-63118/home/93693976,310.2163801127968,357.8409884071407,1161.5441032293704,303.2354512282969,310.9656721910275,6102.201902908014
https://www.redfin.com/MO/Saint-Louis/2809-Chariton-St-63111/home/93705480,215.0567170919943,526.527302149051,322.2461720489552,218.76713423951284,174.37234763486623,6332.208840032433
https://www.redfin.com/MO/Saint-Louis/5908-W-Park-Ave-63110/home/93761427,233.71030733797622,738.0276571522852,810.891985515427,219.42372304371918,153.67050347760753,6738.614362372235
https://www.redfin.com/MO/Saint-Louis/7159-Wellington-Ct-63143/home/93751094,43.717494697209595,1166.618571575772,1761.9886251630185,1288.2516583824586,753.3324030459237,2838.2165459386465
https://www.redfin.com/MO/Saint-Louis/4740-S-Compton-Ave-63111/home/93706981,550.5038641769104,698.6355674405501,1118.1810787206346,452.91250504706767,251.76205890247343,5147.782642229064
https://www.redfin.com/MO/Saint-Louis/4607-Cecil-Pl-63116/home/93759354,259.8854683074195,142.59699701976345,340.24596338911925,267.80336362544773,232.62370790490814,3002.5405311334343
https://www.redfin.com/MO/Saint-Louis/6655-Villa-Ave-63139/home/93750138,738.9662384375047,660.2648606804381,707.0398694924,616.4698809642414,282.0058454490634,5554.215100550724
https://www.redfin.com/MO/Saint-Louis/5501-Davison-Ave-63120/home/93762864,238.0955776454004,1155.492842675336,213.73955751775728,234.73751984977315,193.56964854496096,3420.6414763401554
https://www.redfin.com/MO/Saint-Louis/4104-Fillmore-St-63116/home/93776346,305.80646699598424,979.6235863865954,287.98220789305446,949.7859124561711,456.8418155378316,6575.500988258756
https://www.redfin.com/MO/Saint-Louis/4072-Schiller-Pl-63116/home/93781107,250.7535008823751,764.748624375665,630.0303884111396,762.4173130707402,503.195001303819,3032.330428055386
https://www.redfin.com/MO/Saint-Louis/4070-Schiller-Pl-63116/home/93781108,250.4760547861822,772.6459269109846,637.5256918022161,770.9821049274267,510.7510395007729,2954.4576950150345
https://www.redfin.com/MO/Saint-Louis/4419-Eichelberger-St-63116/home/93764928,90.58777629498361,299.9948272541877,409.15301374047465,93.46421067673715,82.82975735839254,5203.652695648332
https://www.redfin.com/MO/Saint-Louis/5825-W-Park-Ave-63110/home/62718940,321.56800285226404,761.2869584766819,909.873761531518,312.98494676341215,130.00191366418136,5843.3660790575
https://www.redfin.com/MO/Saint-Louis/4844-Austria-Ave-63116/home/93755515,102.4491057509957,1074.3815666144308,1567.7916142331087,129.56213417429845,137.1569542908387,3900.8958772545952
https://www.redfin.com/MO/Saint-Louis/201-Hill-St-63111/home/93707636,140.55519194530208,845.1028247169694,1128.4563646322738,179.346261338973,585.7725530267643,6215.3482558261185
https://www.redfin.com/MO/Saint-Louis/6803-Virginia-Ave-63111/home/93710517,128.45556168402328,1180.8488625166103,258.28857498604,575.0833339547507,244.44178097926786,7140.189615277678
https://www.redfin.com/MO/Saint-Louis/3454-Macklind-Ave-63139/home/93742657,659.6470780042306,979.0903549061436,644.2183972783794,648.4819788527096,548.9127893457105,6150.313456286565
https://www.redfin.com/MO/Saint-Louis/6838-Salzburger-Ave-63116/home/93759289,94.09391007851448,232.14396588360162,468.62522410072444,332.16033328395076,302.01849829376516,2899.054392583725
https://www.redfin.com/MO/Saint-Louis/3944-Randall-St-63116/home/93750187,831.5821686944665,1082.5134463641675,839.1517147758701,1000.3197048842943,598.5550643399123,6053.072944005632
https://www.redfin.com/MO/Saint-Louis/6212-Wanda-Ave-63116/home/93765676,327.2093216568289,354.74568286461414,788.4802427717636,557.6328854335069,323.06953788086565,5405.302487044743
https://www.redfin.com/MO/Saint-Louis/5917-Emma-Ave-63136/home/93758923,75.70590214068308,322.1969167487952,902.3618562354756,389.8375504160601,130.20634416246074,4443.141850101259
https://www.redfin.com/MO/Saint-Louis/6822-Hancock-Ave-63139/home/93743294,111.72435335669665,591.364027374772,799.914573508066,1316.326774660587,416.22440066319393,5683.8216788324235
https://www.redfin.com/MO/Saint-Louis/4039-Taft-Ave-63116/home/93762163,237.1975047109092,1000.5330783802511,764.0023736269386,261.3398281507877,245.5082180535596,3912.1804845891716
https://www.redfin.com/MO/Saint-Louis/5244-Daggett-Ave-63110/home/93727665,819.7587036500731,224.18111746939564,769.3692534191025,861.0228215675671,35.26642100958725,4613.46094480377
https://www.redfin.com/MO/Saint-Louis/917-Fillmore-St-63111/home/93708877,528.6019905230895,1104.8163057423244,511.829183858335,440.80261428598044,397.6087182125827,5620.871184842976
https://www.redfin.com/MO/Saint-Louis/3506-S-Compton-Ave-63118/home/93694993,531.8709599923319,180.86999293499457,712.754340300287,295.8226365654162,279.79740526419454,5918.537840395424
https://www.redfin.com/MO/Saint-Louis/6840-Salzburger-Ave-63116/home/93759288,81.13109613220243,244.51744886182695,476.2177318483404,330.15329027069924,300.5944095511681,2977.856596410242
https://www.redfin.com/MO/Saint-Louis/4455-Itaska-St-63116/home/93764126,609.8972435166073,684.1735106690031,827.6301170680543,607.9279056370344,261.58346522355953,3809.591482704745
https://www.redfin.com/MO/Saint-Louis/3267-Morganford-Rd-63116/home/93751427,816.7980478280076,321.2325823739928,598.0474329115084,805.9625255360972,19.636727497759537,3973.5504419383374
https://www.redfin.com/MO/Saint-Louis/4627-Steffens-Ave-63116/home/93770935,597.6737978998989,869.7710567496906,752.6289484918939,615.023982389397,328.9778437283004,5501.356212938384
https://www.redfin.com/MO/Saint-Louis/6453-Marquette-Ave-63139/home/93749099,78.65277902649277,1029.3661955178984,353.61893743998223,777.2122916165985,117.15177662646259,4552.444309759893
https://www.redfin.com/MO/Saint-Louis/4473-Gannett-St-63116/home/93763660,560.0624383724642,817.5156284833995,957.2623983793072,548.6597480842737,274.8572892372528,2989.0299270331434
https://www.redfin.com/MO/Saint-Louis/2629-January-Ave-63139/home/65990418,468.9553274592176,525.4655129802162,701.7641462858666,468.0655849562899,102.48022745619869,4669.795612864418
https://www.redfin.com/MO/Saint-Louis/5548-Elizabeth-Ave-63110/home/93772592,523.9638550496494,735.1492057380387,683.0404867529984,555.5860893939766,273.1806050888617,4863.579359713486
https://www.redfin.com/MO/Saint-Louis/308-Quincy-St-63111/home/93710245,87.26097529162044,902.0754743559477,286.70573312233944,331.014737138291,176.86898922987646,8094.365504347142
https://www.redfin.com/MO/Saint-Louis/4718-Lexington-Ave-63115/home/93735373,243.03483738168043,328.67445575623725,357.6459853689908,275.9818950580847,290.94212242339415,5726.593720584957
https://www.redfin.com/MO/Saint-Louis/5409-Dresden-Ave-63116/home/93758034,294.1441453370453,315.90603546860734,895.1136043070704,335.44171007159343,176.97889194353198,5372.146056800526
https://www.redfin.com/MO/Saint-Louis/5912-Nashville-Ave-63110/home/93761512,217.8881327509182,815.7837042025216,778.9336592763877,231.38090531137044,178.2180393478136,6671.785734695353
https://www.redfin.com/MO/Saint-Louis/4270-Miami-St-63116/home/93728578,489.86156360266096,721.700342496861,727.5952683759507,476.70026604597365,208.31035159676873,4589.023188361711
https://www.redfin.com/MO/Saint-Louis/6018-Minnesota-Ave-63111/home/93709094,169.93963798264184,538.8327470189209,933.0138835439341,262.7560097936858,617.1412078981047,7036.163577992508
https://www.redfin.com/MO/Saint-Louis/5508-Beacon-Ave-63120/home/93762873,210.83612540462798,1114.7908449674073,272.44737715169157,233.07316003382303,170.0069707684184,3603.096543562957
https://www.redfin.com/MO/Saint-Louis/3838-Neosho-St-63116/home/93730908,722.6187757480865,1317.0289608261035,505.2182736068439,725.401706708292,398.6174642595455,5267.924694901969
https://www.redfin.com/MO/Saint-Louis/8425-Pennsylvania-Ave-63111/home/93711567,112.95705071482153,477.21470909035804,2071.839984691347,105.52595853725106,242.95451658956438,6395.962984081893
https://www.redfin.com/MO/Saint-Louis/6746-Odell-St-63139/home/93743844,234.46207192579917,617.8455628521278,1625.9552201532629,1006.2011355429173,111.96589427633373,5491.985650641056
https://www.redfin.com/MO/Saint-Louis/5908-Nashville-Ave-63110/home/93761513,230.67560662930333,824.1184050978565,791.6128596430877,243.29098427642145,189.0403750500479,6572.912305865821
https://www.redfin.com/MO/Saint-Louis/6209-Hancock-Ave-63139/home/93743079,322.98692000683167,610.652785410109,674.3210857905427,350.6799253460489,275.5884618378,3917.0707093440624
https://www.redfin.com/MO/Saint-Louis/3931-Delor-St-63116/home/62755835,769.3469179061262,1126.6367311741114,792.4987562028209,1064.7070024201566,547.2844734691774,6136.973170818838
https://www.redfin.com/MO/Saint-Louis/4474-Wallace-St-63116/home/93764092,530.8635551137148,577.1727704264971,808.1435496512809,557.5593697686237,147.4847070468333,3441.9830000441157
https://www.redfin.com/MO/Saint-Louis/4417-Bingham-Ave-63116/home/93772039,102.07843047425001,1371.1000386548847,475.7512446487491,122.87089299807502,169.44349342703248,4027.4889655052066
https://www.redfin.com/MO/Saint-Louis/6738-Dale-Ave-63139/home/93740756,527.9739047138288,640.4095268976426,635.6357970251055,630.9479583142821,478.6702340118351,5660.260187356184
https://www.redfin.com/MO/Saint-Louis/5760-Acme-Ave-63136/home/93761230,97.0919920273787,971.0958207600531,546.3072001038767,131.97064631926617,55.08971628647734,2490.637074084136
https://www.redfin.com/MO/Saint-Louis/3979-Schiller-Pl-63116/home/93770281,290.0413915715039,1042.2825114050029,895.7827908019872,1067.209798487072,422.0941372527115,3211.463366255118
https://www.redfin.com/MO/Saint-Louis/4453-Gannett-St-63116/home/62696687,638.741940354775,761.529436017676,896.8362853712372,627.0606534170744,350.5220672124179,3848.717265486862
https://www.redfin.com/MO/Saint-Louis/1421-Brock-St-63139/home/62696547,552.8510483653654,578.0688116536984,608.4498529689873,687.8186098225348,439.0856829396899,5546.583083229233
https://www.redfin.com/MO/Saint-Louis/1433-Brock-St-63139/home/65540656,553.5654182660728,530.7572116904972,563.5334280828396,734.5884638788378,431.6706236127227,5646.988305156379
https://www.redfin.com/MO/Saint-Louis/5657-Leona-St-63116/home/93761945,234.69766621009865,1176.5936428573755,561.239029525095,1054.1155031969058,560.7778018970413,4728.547420901198
https://www.redfin.com/MO/Saint-Louis/4850-Goethe-Ave-63116/home/93763280,173.86793237529164,635.4373690735293,881.6320079311888,189.4428084118685,214.1184494713196,5265.83883201353
https://www.redfin.com/MO/Saint-Louis/2820-Indiana-Ave-63118/home/77448190,181.41152517714647,362.8676802898023,583.3547642986827,188.18694289259895,162.80438953115413,6084.806593506986
https://www.redfin.com/MO/Saint-Louis/4511-Jamieson-Ave-63109/home/93774113,54.542579777573735,882.3213557016328,767.7131452633344,55.62704017517887,39.39087906757238,5396.875430943947
https://www.redfin.com/MO/Saint-Louis/3429-Osage-St-63118/home/93704806,271.7553229789091,411.51174588325847,787.5740246804864,278.87418856276634,240.1240519706729,5355.931398086322
https://www.redfin.com/MO/Saint-Louis/4691-Tesson-St-63116/home/93775239,162.53418176434698,676.7452141469026,1194.1372382828924,148.29326902169566,499.66773676967216,4752.498376551181
https://www.redfin.com/MO/Saint-Louis/3534-Lucy-St-63116/home/93730082,480.1581235603891,791.396671145692,712.564096009409,469.5736610944026,188.51463831896746,6010.770140279895
https://www.redfin.com/MO/Saint-Louis/6927-Dale-Ave-63139/home/93765557,138.2972791818301,790.129246628031,660.1305790442173,777.7675124449142,410.5323741460539,4362.770293902382
https://www.redfin.com/MO/Saint-Louis/5541-Connecticut-St-63139/home/93765791,348.58813145415513,502.06566330206255,581.818387772647,360.5576849934579,238.10043718502746,4803.019816759825
https://www.redfin.com/MO/Saint-Louis/6062-Thekla-Ave-63136/home/93758632,404.45940786273246,554.850506804083,1116.3259559687222,868.9290988646818,386.2836838472417,3727.0266671379186
https://www.redfin.com/MO/Saint-Louis/4130-Burgen-Ave-63116/home/93762032,183.09568601463747,933.9067120077391,639.89461817777,742.8751354569931,348.09600479423835,3943.2741340235616
https://www.redfin.com/MO/Saint-Louis/4006-Neosho-St-63116/home/93767236,675.3235796192216,1003.7687395515914,886.9364003091434,667.5101988895437,274.3164228988719,4400.56084442358
https://www.redfin.com/MO/Saint-Louis/4435-Arco-Ave-63110/home/93750923,278.3390438096138,400.38199661021906,622.796169365329,261.86968762818367,138.82076377135968,6069.903345974427
https://www.redfin.com/MO/Saint-Louis/4136-Miami-St-63116/home/93728519,487.9583555548454,740.1466288066723,910.0015991587745,521.9297050809383,267.85881835129453,5333.162728144744
https://www.redfin.com/MO/Saint-Louis/4531-Minnesota-Ave-63111/home/93706263,537.1365221710518,172.27840189109475,790.3319859422832,525.2134276845363,412.49751316016506,7142.59668393636
https://www.redfin.com/MO/Saint-Louis/3424-Louisiana-Ave-63118/home/93695146,207.51840776116626,301.60927256848703,817.213747179689,196.67100372023765,81.93026742371461,6779.576122406693
https://www.redfin.com/MO/Saint-Louis/709-Gimblin-Rd-63147/home/93731692,113.76277759517168,822.3284999293694,1647.023890135886,126.92020367016013,358.40791533251974,4944.3823213468095
https://www.redfin.com/MO/Saint-Louis/4548-Ray-Ave-63116/home/62747698,484.34642097789697,972.5669703631768,880.9705166057283,472.8808804633159,112.40802622344295,3868.653513391436
https://www.redfin.com/MO/Saint-Louis/3505-Itaska-St-63111/home/93707161,248.11018539826318,853.9938733049781,556.9118003905206,240.33709177029826,289.9791504911662,4860.548563372827
https://www.redfin.com/MO/Saint-Louis/6338-Hancock-Ave-63139/home/93748798,275.95628928321025,856.7243402491553,534.9884048226343,575.6657743081378,239.616824610302,3519.8039282727023
https://www.redfin.com/MO/Saint-Louis/6340-Lena-Ave-63136/home/93420323,168.69324189309927,1115.9478953450493,823.8291647204314,597.5971561667258,569.6906340195645,2615.72857842651
https://www.redfin.com/MO/Saint-Louis/7211-Eugene-Ave-63116/home/93711975,414.8460381234552,752.2610845845063,1206.6327670505596,523.3887739038684,235.76412384245657,5777.791149814685
https://www.redfin.com/MO/Saint-Louis/1511-Fairmount-Ave-63139/home/93741220,687.6301323058631,517.5400711202424,627.8708099784926,674.6333143652647,175.1023345157794,5278.072866058293
https://www.redfin.com/MO/Saint-Louis/4751-Beacon-Ave-63120/home/93767284,234.18270031870753,971.3040555095697,565.4034927271431,796.3957420129444,781.0829755979453,4351.636394647036
https://www.redfin.com/MO/Saint-Louis/4738-Minnesota-Ave-63111/home/93707039,309.10992341015833,696.2748646282529,1324.6242484249258,315.81303124667596,512.5469626244954,6233.091661582108
https://www.redfin.com/MO/Saint-Louis/313-Fillmore-St-63111/home/93708978,75.76284568818201,555.170917439741,812.0472993372587,331.11699742561086,511.02080278943635,7530.849374337507
https://www.redfin.com/MO/Saint-Louis/4718-Hummel-Ave-63116/home/93758067,337.86950217568256,256.0795772586733,1098.9734518494324,336.0782495109961,67.50671539933862,5280.747696852384
https://www.redfin.com/MO/Saint-Louis/7142-Alabama-Ave-63111/home/93710307,152.7374187491865,620.8929280397564,362.13049760269627,588.8326019902827,381.1861189453615,6348.032856364106
https://www.redfin.com/MO/Saint-Louis/4327-Jessica-Ave-63116/home/62748216,323.7844208851886,1168.5171756943716,179.9121349649552,347.27067050929105,210.3194669207775,5016.115812364806
https://www.redfin.com/MO/Saint-Louis/3192-Watson-Rd-63139/home/92911180,33.73507033488013,899.8593310564213,946.4217383883646,416.34296828188974,242.9356604372443,6476.445270602759
https://www.redfin.com/MO/Saint-Louis/4507-Oregon-Ave-63111/home/93706535,211.6332065060307,463.4870499061518,867.2677001392711,298.1667441627687,210.51332493399462,7926.3775349453845
https://www.redfin.com/MO/Saint-Louis/6009-Marquette-Ave-63139/home/93749026,55.77280447521179,381.55145164729436,510.7943073189945,68.21378951498166,26.503128016483352,4231.577267739684
https://www.redfin.com/MO/Saint-Louis/4213-Osceola-St-63116/home/93726622,323.664620887658,1197.0530791613526,155.06876865016147,315.8408193013744,219.67042125948385,4900.6123210167
https://www.redfin.com/MO/Saint-Louis/1033-Graham-St-63139/home/93756165,515.9937097351101,279.3008697346037,692.2068475969872,254.0706166204753,232.86662022991226,5849.901363672222
https://www.redfin.com/MO/Saint-Louis/3451-Sublette-Ave-63139/home/93742313,671.6763804186037,1027.2103758637634,587.1825999546068,666.0627299344901,532.6484520255092,6028.113761617538
https://www.redfin.com/MO/Saint-Louis/6215-Idaho-Ave-63111/home/92335969,570.8705205813654,1078.5949058764556,754.4365011268422,617.8532091365155,576.0439087941129,7299.034614641964
https://www.redfin.com/MO/Saint-Louis/4172-Schiller-Pl-63116/home/93781167,218.09304996678722,483.68811565266026,386.1581256597892,430.2193067473166,251.59919782545714,4681.689855247402
https://www.redfin.com/MO/Saint-Louis/4336-Humphrey-St-63116/home/93751337,749.8149444184894,461.0377853352993,706.2878469791542,745.1795857882779,148.39062897730133,3467.8146340209896
https://www.redfin.com/MO/Saint-Louis/4151-Concordia-Ave-63116/home/93761972,146.52991560103686,916.4430380875631,631.8524361271412,646.0081543226908,297.2097796487934,4356.8800135475685
https://www.redfin.com/MO/Saint-Louis/1241-Graham-St-63139/home/93726413,472.64420452536575,271.8607340239933,279.3758743811694,175.93822312387317,113.62832449497922,5530.6568415561105
https://www.redfin.com/MO/Saint-Louis/4258-Miami-St-63116/home/93728580,485.5362352611016,713.715734303026,732.6370742103612,472.60565775105823,203.474988446506,4723.2050311948515
https://www.redfin.com/MO/Saint-Louis/3248-Morganford-Rd-63116/home/93729427,749.2324628018101,294.48147429055905,533.8262929702181,736.366308873698,56.377470276509726,4400.062203614812
https://www.redfin.com/MO/Saint-Louis/3244-Morganford-Rd-63116/home/93729425,727.2570260281676,303.6381544032593,528.8607226851846,714.3871195248631,35.15546373492089,4469.396455303427
https://www.redfin.com/MO/Saint-Louis/2839-Indiana-Ave-63118/home/93692103,118.11470624659532,424.95904048126835,565.0205885851454,161.06970752797966,124.73101902000779,7003.348579033831
https://www.redfin.com/MO/Saint-Louis/3418-Michigan-Ave-63118/home/93694922,505.8197377545811,379.92072306945994,836.9753526051508,132.82438459591668,148.1725285550903,5986.811658210549
https://www.redfin.com/MO/Saint-Louis/5133-Dresden-Ave-63116/home/93764019,406.3142992672321,181.14889951423172,925.3578465294014,404.40680787298595,232.74066041698637,4896.237339906649
https://www.redfin.com/MO/Saint-Louis/505-Hurck-St-63111/home/93711460,154.8391424291262,299.6752402518815,1759.4327351162872,281.00379017599346,633.447842823316,5994.45773934106
https://www.redfin.com/MO/Saint-Louis/4355-Maryland-Ave-63108/unit-110/home/93725625,272.07174612436546,589.7399924232461,235.1490453806278,297.8120494211153,221.16608781682072,4335.302986070687
https://www.redfin.com/MO/Saint-Louis/5646-Waterman-Blvd-63112/unit-1NW/home/93672300,178.4240283116495,370.8568180043353,379.44149852166225,162.158338481001,211.29456219702968,4642.7555438027175
https://www.redfin.com/MO/Saint-Louis/4695-Primm-St-63116/home/93775233,237.2932089690167,589.8966217469195,1115.1509577746747,234.61589971866368,508.3800851415377,4071.6202864440475
https://www.redfin.com/MO/Saint-Louis/4394-Haven-St-63116/home/93771810,278.3999633860668,259.81590205255185,640.1936943369759,643.0918179590409,346.8838730553269,4086.6009658949893
https://www.redfin.com/MO/Saint-Louis/6925-Field-Ave-63116/home/93773265,102.96983404344735,465.30988064131304,973.1800084304484,710.0521127739116,295.3150623826898,5018.950735397343
https://www.redfin.com/MO/Saint-Louis/5458-Gravois-Ave-63116/home/93757182,36.510241571715085,533.4422259997915,587.4809595644757,104.05069415058406,34.897937954767826,5215.515834467891
https://www.redfin.com/MO/Saint-Louis/1382-Mobile-Ct-63139/home/62710085,616.8836423791143,342.36055620969296,401.89915597175815,608.5767146705746,215.7323353391769,6279.81576009451
https://www.redfin.com/MO/Saint-Louis/4750-Plover-Ave-63120/home/93761814,267.27133638719215,713.5804295740544,765.4902889651114,1135.6973371917773,688.2798357212846,4654.568567050248
https://www.redfin.com/MO/Saint-Louis/4734-Hamburg-Ave-63123/home/93759455,187.7964899284607,1319.708519934754,1800.9492384639111,387.5545627818832,516.5931808016084,1418.031810495012
https://www.redfin.com/MO/Saint-Louis/5944-Floy-Ave-63147/home/93768981,143.92448115854737,854.7685041657653,448.2361247934866,299.4728133301193,283.08824966517307,4633.368356907982
https://www.redfin.com/MO/Saint-Louis/1517-Kraft-St-63139/home/93773120,705.023010532548,468.53391699720805,554.5355629442154,728.5428062246227,282.9502151907021,5316.068396827375
https://www.redfin.com/MO/Saint-Louis/6800-Wanda-Ave-63116/home/93771822,148.23847257099405,379.2098661792516,491.43355734179835,755.9532615086835,199.19706444166826,4926.8403169806425
https://www.redfin.com/MO/Saint-Louis/1375-Childress-Ave-63139/home/93740870,611.8654877609904,282.887282630492,330.76095545227076,603.5038518024747,289.218583548965,6349.851930522291
https://www.redfin.com/MO/Saint-Louis/1561-Kraft-St-63139/home/93773056,608.0925418037655,327.8990767034589,441.49197017272104,606.8834663707114,343.2738164872977,5532.6729127687695
https://www.redfin.com/MO/Saint-Louis/4149-Wilmington-Ave-63116/home/93770974,143.5223665737059,867.8227476681712,530.4986864848553,704.4422165021432,398.39222387782866,4774.617799564838
https://www.redfin.com/MO/Saint-Louis/3227-Jasper-Park-63139/home/93742962,499.812217696593,595.8787557779987,773.970725978023,496.1602364409178,383.6344237352034,5021.437510705257
https://www.redfin.com/MO/Saint-Louis/3975-Eichelberger-St-63116/home/93757742,349.92817110225207,1050.5179833612278,901.1367763491473,1071.8817038325196,443.7063734064802,3626.3435011410143
https://www.redfin.com/MO/Saint-Louis/4373-Loughborough-Ave-63116/home/93771856,20.12355385364018,415.2212269938351,437.75327865683033,711.6454385121073,145.05520984885482,4216.940378036901
https://www.redfin.com/MO/Saint-Louis/8414-S-Broadway-63111/home/93711683,35.8814971309803,552.3566667748369,2081.1853769285426,57.1460078775104,69.963011794578,6238.5575923913475
https://www.redfin.com/MO/Saint-Louis/3922-Itaska-St-63116/home/93750177,934.4045685600672,1188.5039398601468,751.3501912282744,1043.7707043811872,522.5268431625092,5690.807694797829
https://www.redfin.com/MO/Saint-Louis/4658-Dewey-Ave-63116/home/93742471,394.92011293136676,1345.6719728052315,240.24396497522386,403.8273981336776,327.52867297607554,4570.452882283288
https://www.redfin.com/MO/Saint-Louis/4351-Potomac-St-63116/home/93774408,729.0820688249632,638.3182705479277,983.897902492449,724.8156442544008,215.80341738010918,4370.678681442487
https://www.redfin.com/MO/Saint-Louis/6713-Wanda-Ave-63116/home/93771851,229.98732722519622,309.45454853406943,580.0328880250444,691.9253345177731,288.3813726555161,4433.397792083499
https://www.redfin.com/MO/Saint-Louis/5224-Fyler-Ave-63139/home/93742692,779.9268823494123,1108.6276304521411,201.43239745247575,780.0470186338958,212.9923198490297,3710.7676204139552
https://www.redfin.com/MO/Saint-Louis/7413-Pennsylvania-Ave-63111/home/93710786,166.41993451578531,410.5808096199447,755.7576162396527,161.96342393761466,192.35145788227226,7637.903853430245
https://www.redfin.com/MO/Saint-Louis/4639-Primm-St-63116/home/93775213,73.7913037170441,546.8015690541484,1022.5546574079654,59.98542196325599,645.1633361887835,3327.253224896326
https://www.redfin.com/MO/Saint-Louis/4882-Anderson-Ave-63115/home/93733350,507.63539983641874,500.2799503732755,635.0373261402582,388.6650972720731,796.3943288743487,3927.265324693683
https://www.redfin.com/MO/Saint-Louis/4878-Anderson-Ave-63115/home/93733349,519.5379116583633,513.1044193296697,646.3914824943257,392.5259992884663,805.1042711216991,3833.681105304361
https://www.redfin.com/MO/Saint-Louis/8757-Lowell-St-63147/home/93766305,110.07649469041714,241.47957024572818,1597.384892406275,176.10053952069947,265.21624181628493,5293.96680749437
https://www.redfin.com/MO/Saint-Louis/2153-Knox-Ave-63139/home/93761533,373.8000665445514,332.92149752512177,795.9810013124335,368.4577888704469,258.40458326382407,5607.989475674332
https://www.redfin.com/MO/Saint-Louis/3306-California-Ave-63118/unit-A/home/93681730,492.48886587393434,314.44618504975176,1044.9757973933517,209.0247752491613,59.53124401355123,6618.046777675022
https://www.redfin.com/MO/Saint-Louis/4416-Wallace-St-63116/home/93763767,417.9498275315766,452.39690107846684,599.5043948424501,408.41000194669914,379.8677638041608,4712.2194342938155
https://www.redfin.com/MO/Saint-Louis/4845-Carter-Ave-63115/home/93733294,670.4573336805049,652.1080467795371,916.216838112148,665.7994196323625,722.2120812327178,6391.806043091662
https://www.redfin.com/MO/Saint-Louis/2731-Osceola-St-63111/home/93705777,69.87154756602827,674.9577229002407,560.3888126848145,93.845506246542,103.06555188190097,6052.536300107906
https://www.redfin.com/MO/Saint-Louis/5502-Vermont-Ave-63111/home/93708614,91.45769866648295,908.7049531474153,279.1457221451271,463.1207428158904,160.87143478117906,7492.269095813439
https://www.redfin.com/MO/Saint-Louis/3726-Michigan-Ave-63118/home/62767415,140.72879086665384,529.0541298854191,298.2922650390933,180.3274083078116,91.3680947520072,6145.762234754946
https://www.redfin.com/MO/Saint-Louis/6826-Dale-Ave-63139/home/63667571,342.8775681384723,669.3642956057442,637.0494931205287,694.8224856213418,472.16386520177105,5090.218581709382
https://www.redfin.com/MO/Saint-Louis/4273-Wyoming-St-63116/home/93729840,498.6044699305366,430.4784495889133,488.9683447846963,486.96422227045997,37.76004712219451,4150.537130978473
https://www.redfin.com/MO/Saint-Louis/4327-Chippewa-St-63116/home/93729724,30.01390189719138,1243.9718773110742,303.3446404854421,70.04353852039189,69.77075428678428,4890.194018975204
https://www.redfin.com/MO/Saint-Louis/4935-Alcott-Ave-63120/home/93756771,349.0978110900946,1102.2803129179567,262.77198660869806,525.0475698442212,440.36704066370186,4575.650971260178
https://www.redfin.com/MO/Saint-Louis/2917-Minnesota-Ave-63118/home/93692131,210.48505561602065,1040.835182854592,624.5083774390571,242.80639743232916,90.34195069980639,7545.65374499455
https://www.redfin.com/MO/Saint-Louis/4061-Concordia-Ave-63116/home/93761941,245.88378709185707,1149.7649501472088,543.7796885388682,1009.0334543340562,608.5900413814395,4937.9142598726685
https://www.redfin.com/MO/Saint-Louis/1029-Tamm-Ave-63139/home/93774502,637.5751758655043,293.5152518093379,711.5024070148072,313.8979936690585,237.78116945981702,6218.529659279926
https://www.redfin.com/MO/Saint-Louis/6448-Wade-Ave-63139/home/93740755,592.1254266465667,207.1504683739992,235.37123619267544,602.7231889933067,230.11959562167243,5996.724475340287
https://www.redfin.com/MO/Saint-Louis/2909-Clara-Ave-63120/home/93755286,516.6209851944312,703.7586011068462,792.6652854241331,509.1890105323115,632.6039089375474,3894.6173249613266
https://www.redfin.com/MO/Saint-Louis/4838-Goethe-Ave-63116/home/93763276,201.56505897514498,660.2158939654752,827.1073438726239,220.9898672344086,245.26294836361467,5492.005609435104
https://www.redfin.com/MO/Saint-Louis/6409-Marquette-Ave-63139/home/93749115,244.8885965689319,916.4530558323471,446.81469902061036,607.8036706578117,246.02019630443877,3768.340287089414
https://www.redfin.com/MO/Saint-Louis/5523-Connecticut-St-63139/home/93765779,348.6873684030985,503.39100139720404,509.7026580341899,342.4932039344256,190.8733474172885,4325.164496509208
https://www.redfin.com/MO/Saint-Louis/5147-Pattison-Ave-63110/home/93728080,603.5162257603838,553.151087140871,383.4157961200977,598.881160107695,108.80337264833076,6092.190009899233
https://www.redfin.com/MO/Saint-Louis/3850-Marine-Ave-63118/home/93697186,625.3369790288556,655.3425015487263,274.5471997319764,613.7164851725202,584.5104423750763,6387.100142319165
https://www.redfin.com/MO/Saint-Louis/7923-Water-St-63111/home/93711251,118.20744838811655,354.6508882688825,1520.8661308721641,187.295547275194,83.71604005092122,6312.865737136897
https://www.redfin.com/MO/Saint-Louis/3230-Osceola-St-63111/home/93706111,528.5810577097268,348.4003907168784,386.3226302659391,524.626416104276,161.36708457438976,6100.922229959533
https://www.redfin.com/MO/Saint-Louis/3232-Osceola-St-63111/home/93706112,524.6725579222843,349.722016775318,393.0477655527552,521.8079194746516,167.53078336388444,6081.808395560378
https://www.redfin.com/MO/Saint-Louis/7015-Field-Ave-63116/home/93773247,187.90286444430802,549.0315774534292,943.4173611679187,766.5704749693413,296.8338210681539,5846.643390105966
https://www.redfin.com/MO/Saint-Louis/4132-Miami-St-63116/home/93728518,487.87834570551166,743.3652569277507,918.5351179211341,519.3036275643327,275.4688439550121,5437.581150477447
https://www.redfin.com/MO/Saint-Louis/4616-S-Spring-Ave-63116/home/93767571,682.1855952345719,1232.8608903062811,540.8905501388248,671.3524883611998,482.50175080572706,5445.011002333727
https://www.redfin.com/MO/Saint-Louis/3307-N-19th-St-63107/home/93688880,380.0047078554414,405.62818217169183,466.6105117360748,370.6916721122105,560.3925603567548,7875.271545199447
https://www.redfin.com/MO/Saint-Louis/3889-Walsh-St-63116/home/93766579,525.4627122601428,1247.0266919866285,759.3903776212559,951.6783594699958,499.54466179538855,5140.474009344441
https://www.redfin.com/MO/Saint-Louis/6012-Fyler-Ave-63139/home/93742984,75.26985414192973,397.3537829962969,844.155089476034,92.44911658044646,62.58672019236234,4348.69255197102
https://www.redfin.com/MO/Saint-Louis/7717-Vermont-Ave-63111/home/93711031,142.19523968969347,327.42312454246894,1073.6996699339256,724.8971184770556,688.9584583603408,7152.855794067564
https://www.redfin.com/MO/Saint-Louis/7075-Mardel-Ave-63109/home/93747908,133.79790162458673,776.7524544405387,1519.6504738051806,734.4678509608055,313.8380947408352,5559.095323861135
https://www.redfin.com/MO/Saint-Louis/4057-Cottage-Ave-63113/home/93716651,529.7758224954607,751.7814171929972,748.2876279294169,453.9366222139141,451.86096115200826,6213.530494241945
https://www.redfin.com/MO/Saint-Louis/2620-Tamm-Ave-63139/home/93743611,581.3811558745041,479.1245047642814,785.268155246182,873.1719978998535,214.52303708257992,4926.123708260438
https://www.redfin.com/MO/Saint-Louis/4049-W-Iowa-Ave-63118/home/62754944,404.8190757475231,90.83581880881914,241.31331177582786,298.04537441510803,123.7231064680717,6134.919460849419
https://www.redfin.com/MO/Saint-Louis/2604-Tamm-Ave-63139/home/93743614,611.1823071009924,430.86457415622556,818.1172630684982,812.8488001886143,273.46710277033355,4789.0216962945415
https://www.redfin.com/MO/Saint-Louis/4157-Concordia-Ave-63116/home/93761967,119.71435896953817,894.2691152053525,646.2027604731055,620.7349209539258,281.19543447150124,4194.293870200901
https://www.redfin.com/MO/Saint-Louis/4159-Bowen-St-63116/home/93776368,116.90703185186068,783.0424448625238,374.4292930733446,836.6639362915955,317.67276418177397,5849.776560265916
https://www.redfin.com/MO/Saint-Louis/2628-Tamm-Ave-63139/home/93743612,568.8814619882689,481.4599601749775,770.2831791167062,903.6865536680742,186.66197453660007,4846.001789421556
https://www.redfin.com/MO/Saint-Louis/4066-Burgen-Ave-63116/home/82702094,180.33060194242378,1094.5302767709359,608.1959948508525,983.9384250794835,575.2158328022244,4316.157747867885
https://www.redfin.com/MO/Saint-Louis/2611-Macklind-Ave-63139/home/93727444,696.9935922085393,650.5049355299309,217.95822424713674,690.6236385742101,49.93796555062766,5935.9640234688295
https://www.redfin.com/MO/Saint-Louis/3306-California-Ave-63118/unit-C/home/93681721,492.48886587393434,314.44618504975176,1044.9757973933517,209.0247752491613,59.53124401355123,6618.046777675022
https://www.redfin.com/MO/Saint-Louis/1913-Senate-St-63118/unit-A/home/93672839,639.6804024759892,257.429887233109,997.7890038379267,449.7780099284598,186.43899157693025,7386.587586121211
https://www.redfin.com/MO/Saint-Louis/1386-Mobile-Ct-63139/home/93740873,601.8082390235107,341.16700669267334,406.3946535994072,592.7080517937186,208.1741491468261,6461.196247893065
https://www.redfin.com/MO/Saint-Louis/6411-Marquette-Ave-63139/home/62724999,233.99939107835294,926.7610170444786,440.9112670074834,618.7382760450558,237.6493345046706,3842.72459429318
https://www.redfin.com/MO/Saint-Louis/5532-Robin-Ave-63120/home/93751871,114.95608535109035,626.6368936434897,922.7252080583916,102.53493766320145,117.92847546592874,3364.959905312707
https://www.redfin.com/MO/St-Louis/4250-Juniata-St-63116/home/93729823,318.3703285930143,565.9864108593242,494.51013942595466,328.75631493557006,105.36567860036969,4388.44496805767
https://www.redfin.com/MO/Saint-Louis/6107-Alaska-Ave-63111/home/93709558,604.1841417865733,1000.171656334449,610.8858955185566,403.4974400382596,339.9564336466544,6395.803880550803
https://www.redfin.com/MO/Saint-Louis/4261-Humphrey-St-63116/home/93729592,652.5854802005518,277.0509996764797,425.36964708468844,644.9217350974117,83.34297983629858,5237.535872084066
https://www.redfin.com/MO/Saint-Louis/4712-Nebraska-Ave-63111/home/93706897,102.17443954517715,711.6096659166878,1320.4361839229769,123.09307405216944,404.4098571390419,5964.118321397021
https://www.redfin.com/MO/Saint-Louis/4073-Schiller-Pl-63116/home/93770299,295.609235112504,742.5059118633795,603.8087913023484,755.4946761027026,520.6567950026462,2878.684462837316
https://www.redfin.com/MO/Saint-Louis/4416-S-Spring-Ave-63116/home/93730877,680.034578369211,964.4438577080499,786.0370528588971,708.6106854485578,424.3949546181179,6134.7063066014425
https://www.redfin.com/MO/Saint-Louis/5212-Columbia-Ave-63139/home/93727626,699.6783655020436,683.3254440326778,324.8681542793339,712.1846766109027,106.61037806206075,4554.953290704785
https://www.redfin.com/MO/Saint-Louis/7219-Eugene-Ave-63116/home/93712115,442.0033434607611,779.3505706209822,1209.5337603657786,496.6193174982144,240.46956866950194,5668.287382541398
https://www.redfin.com/MO/Saint-Louis/1509-W-Billon-Ave-63139/home/93741495,130.8234689293269,532.907977766346,493.01408968213406,181.11921713512254,60.026411355706315,7492.542302340499
https://www.redfin.com/MO/Saint-Louis/1317-Hughes-Pl-63110/home/93726302,328.2419023475821,940.8978333171314,1113.5670625127402,383.27609428071816,117.81180805012887,5183.1735595275195
https://www.redfin.com/MO/Saint-Louis/2750-Hermitage-Ave-63143/home/93745086,207.7719622763801,469.69707802462636,1481.8593445832437,707.977934960116,218.73554008620113,3327.997104889056
https://www.redfin.com/MO/Saint-Louis/5516-Botanical-Ave-63110/home/93727089,697.8585021841963,708.9596735457731,462.1550000391891,704.0702328995426,147.05846187271288,4731.860769224641
https://www.redfin.com/MO/Saint-Louis/1519-Angelrodt-St-63107/home/93679631,407.08357386223463,481.12620778637637,368.3169112932884,466.82178682125016,520.7579867300215,8960.97750342483
https://www.redfin.com/MO/Saint-Louis/5626-Vivian-Pl-63136/home/93769783,42.13918119993868,353.7376871437508,674.3838946630398,53.07102033945173,11.283833667611955,4548.505415110386
https://www.redfin.com/MO/Saint-Louis/2031-Agnes-St-63107/home/93688793,158.8658875508205,586.9951785102695,528.0997533835517,152.02352925026793,631.7979020896153,8307.792823235017
https://www.redfin.com/MO/Saint-Louis/2025-Agnes-St-63107/home/93688794,187.5377228891804,572.9557909639998,502.5234978849907,180.46791259014768,640.6908305917384,8517.999176755347
https://www.redfin.com/MO/Saint-Louis/1304-S-Boyle-Ave-63110/home/93726637,130.0075710015295,307.2257197180479,316.6556629772841,273.7277454074459,74.95875441201491,4945.148067204192
https://www.redfin.com/MO/Saint-Louis/4110-Dryden-Ave-63115/home/93767335,630.8736964178988,509.1727918443907,618.7725963117325,564.8500101682865,638.8857479227858,6125.046215275239
https://www.redfin.com/MO/Saint-Louis/2033-Schaeffer-Pl-63139/home/93741328,86.80396507341219,389.8618179343294,541.5798186262065,96.06590621842635,140.21082466537342,3868.817869789005
https://www.redfin.com/MO/Saint-Louis/4627-Maffitt-Ave-63113/home/87394741,1021.0328392335744,906.8406978891808,497.8476063490617,495.72962352630174,292.93387934600116,5283.745846377624
https://www.redfin.com/MO/Saint-Louis/3709-Blow-St-63116/home/62751740,217.65387769977718,555.7585699377512,1198.5723070024649,506.39070606208213,48.03240072040998,5871.239184463178
https://www.redfin.com/MO/Saint-Louis/4660-Dewey-Ave-63116/home/69946383,396.47055215600926,1351.6273881585353,229.44762492759781,401.6838904257739,315.5194937448462,4427.430393844695
https://www.redfin.com/MO/Saint-Louis/4687-Primm-St-63116/home/93775235,216.20706303184974,577.1114672995511,1098.3158992755273,223.22717138689936,537.9655717562434,4013.582075279608
https://www.redfin.com/MO/Saint-Louis/5837-Arsenal-St-63139/home/93726720,29.62938457289621,514.0132029566211,621.5497235560205,59.280189692338595,128.04317913610964,7180.162430952481
https://www.redfin.com/MO/Saint-Louis/3716-Illinois-Ave-63118/home/93696927,205.25992701347084,414.3249212546166,274.2585246396326,191.74430443914872,350.91614300770135,6751.976370437456
https://www.redfin.com/MO/Saint-Louis/4248-Juniata-St-63116/home/93672398,328.6015912507048,555.4460514367123,486.1661518689733,339.20209356396686,107.27223087230934,4431.869893348946
https://www.redfin.com/MO/Saint-Louis/4709-Allemania-St-63116/home/93775535,164.2502030322065,805.6206582311885,1329.2196453830582,197.77289101232532,402.7458211406273,5197.958400823332
https://www.redfin.com/MO/Saint-Louis/6307-Arsenal-St-63139/home/93768098,27.042176497597293,941.9692242724441,687.5012519226892,317.5564296533064,112.7064266096059,5628.426761814138
https://www.redfin.com/MO/Saint-Louis/4248-Schiller-Pl-63116/home/93781161,53.23239027695924,373.7928808710897,329.6627745606908,258.9317276612521,229.66101582980193,5487.166805694121
https://www.redfin.com/MO/Saint-Louis/3639-Roswell-Ave-63116/home/93711735,335.0959163264671,729.5533657217121,1012.4307664322522,364.9146090813339,222.76942561013075,5099.744019936109
https://www.redfin.com/MO/Saint-Louis/5919-Sherry-Ave-63136/home/93758734,69.94644197073505,301.3134494612113,1332.325863455529,1188.2935030162673,85.75682230194748,4108.1932560284895
https://www.redfin.com/MO/Saint-Louis/6223-Wyoming-St-63139/home/93775933,155.93950289664124,804.2900315904399,1058.5160218231458,427.3701270325966,227.01532857837194,6237.4411705588045
https://www.redfin.com/MO/Saint-Louis/5018-Geraldine-Ave-63115/home/93750494,153.8226518494176,817.4748562371412,730.3238317355966,146.16836308146404,126.35514802169439,4172.4311684579125
https://www.redfin.com/MO/Saint-Louis/4609-Steffens-Ave-63116/home/62758711,579.4243779699891,914.9597595163876,804.7818095205173,579.0052085391518,255.35260442244098,4934.055110814479
https://www.redfin.com/MO/Saint-Louis/4006-Schiller-Pl-63116/home/93781146,248.88355810916087,999.0421050905212,855.8428729141767,1013.8741058703737,449.0745083177044,3316.507013037749
https://www.redfin.com/MO/Saint-Louis/5123-Pattison-Ave-63110/home/63733070,507.1367842427547,573.38295672378,338.930510895229,503.4563135318541,72.16457851081164,6254.862037861418
https://www.redfin.com/MO/Saint-Louis/7142-Winona-Ave-63109/home/93747829,192.74530560649848,1178.8890956862322,1750.4562492162065,243.0825269953694,466.56895832485543,3054.455671237198
https://www.redfin.com/MO/Saint-Louis/8986-Edna-St-63147/home/93760652,174.98794216577875,919.5723293663461,643.6507189611112,233.57355691051285,413.8927029006053,4494.673928002028
https://www.redfin.com/MO/Saint-Louis/3834-Texas-Ave-63118/home/93696571,108.31620029776413,230.32688803611074,534.7519407700719,151.5913701848668,66.19777611822143,6472.997388058967
https://www.redfin.com/MO/Saint-Louis/1409-E-Gano-Ave-63107/home/93712591,273.492600551343,692.278497486843,503.97319598893296,297.1119963832191,328.123018659657,8634.606632581603
https://www.redfin.com/MO/Saint-Louis/925-Iron-St-63111/home/93709512,781.3528150260111,894.6257039327148,791.9747863408641,410.13355388262863,371.50581026637747,7281.81031986835
https://www.redfin.com/MO/Saint-Louis/5524-Alaska-Ave-63111/home/93708540,106.68834880970856,1322.1690427954445,246.19494287927523,451.14354035604657,443.2973929266308,7172.488244842282
https://www.redfin.com/MO/Saint-Louis/3649-Koeln-Ave-63116/home/93712077,246.3338617294414,583.4173370916618,1262.01252454906,240.98869315628778,81.64688394060374,7004.478060726575
https://www.redfin.com/MO/Saint-Louis/4617-Michigan-Ave-63111/home/62743733,598.7753890658664,332.8945622665317,949.313509754278,591.2409191484385,317.2803063790416,6033.3150283469
https://www.redfin.com/MO/Saint-Louis/5005-Jamieson-Ave-63109/unit-2N/home/92894593,47.2702887494752,818.4599817889033,414.6921002152889,299.3037809038065,247.9633748082536,6481.731697093784
https://www.redfin.com/MO/Saint-Louis/1045-Childress-Ave-63139/home/93740424,851.8975144700436,273.6022847800513,706.0439994746873,237.7015997109114,218.71947505021916,6720.8740568406065
https://www.redfin.com/MO/Saint-Louis/5916-Lalite-Ave-63136/home/93758726,52.894989677918126,301.317609884739,1322.836168130174,1097.8300856514015,162.21863432066743,3713.066006530226
https://www.redfin.com/MO/Saint-Louis/4714-Dahlia-Ave-63116/home/62720049,282.66058185767645,357.17081226704414,1135.3359739188252,270.5416268035245,208.51836421011433,5240.808158496645
https://www.redfin.com/MO/Saint-Louis/6027-Leona-St-63116/home/93770851,521.6638206504798,1175.9785808882964,184.11847879080548,1183.8175996348298,561.0773766451625,6447.466366420433
https://www.redfin.com/MO/Saint-Louis/4454-Bingham-Ave-63116/home/93772056,133.8454380761569,1367.5532929968492,607.2483032417596,181.46903189682092,117.94582164068966,3849.386616697045
https://www.redfin.com/MO/Saint-Louis/961-Switzer-Ave-63147/home/93730567,278.3781638716863,448.0866788411136,2117.149334671219,286.31624907706913,251.0568717102577,3655.286503370033
https://www.redfin.com/MO/Saint-Louis/5236-Grace-Ave-63116/home/93742564,115.29452571924526,1612.3122247746303,607.8663541626146,110.37103502413841,368.1714855932013,6065.142900911642
https://www.redfin.com/MO/Saint-Louis/4733-Hummel-Ave-63116/home/93763392,267.48177673803576,243.18896743098767,1165.4063519688075,264.0730192522608,107.02749514038925,5478.8446290034935
https://www.redfin.com/MO/Saint-Louis/4873-Goethe-Ave-63116/home/93763305,109.58988195893106,567.0270446044019,969.3173242813715,101.73804134227943,153.93108932395444,4941.798616458837
https://www.redfin.com/MO/Saint-Louis/4924-Blow-St-63109/home/93758371,94.86427406216536,780.7236244434603,619.3314195596354,119.15549289738951,58.62880795013164,3804.946610566746
https://www.redfin.com/MO/Saint-Louis/3857-Neosho-St-63116/home/93767657,792.0811793638738,1243.3554699408771,592.2967921744091,786.2516104959769,479.7762606207251,5223.166910430017
https://www.redfin.com/MO/Saint-Louis/5134-Cologne-Ave-63116/home/93761649,437.93174965062343,344.4311088529982,761.842853973131,431.9970498170331,344.01502932563204,4372.805454958346
https://www.redfin.com/MO/Saint-Louis/1501-Sproule-Ave-63139/home/93761913,144.91332276595116,396.23660920626946,421.10194300622453,134.954751965587,138.8925107741939,6557.243726606548
https://www.redfin.com/MO/Saint-Louis/3928-Itaska-St-63116/home/93750175,934.7109951694404,1166.0099205749734,774.9975796464096,1041.3532095992848,545.9434908463974,5915.979630321941
https://www.redfin.com/MO/Saint-Louis/3380-Commonwealth-Ave-63143/home/93751173,199.65764542446504,906.9115956609978,1921.9748778113947,1614.4992155267253,967.9986118619278,3373.554409184962
https://www.redfin.com/MO/Saint-Louis/5736-Devonshire-Ave-63109/home/93753132,173.48988364986158,408.22241276114903,942.460072622438,247.65391266464513,161.51010640775732,4771.678290073645
https://www.redfin.com/MO/Saint-Louis/3658-Roswell-Ave-63116/home/93711772,386.2105205696797,750.360477302213,1097.7416705719033,455.81876662130577,229.80210741644444,5885.3861489514675
https://www.redfin.com/MO/Saint-Louis/7043-Lansdowne-Ave-63109/home/62718856,31.17599265650658,1013.6164962394547,1216.8044054461482,131.7450178324378,148.63034317054445,5226.33172700789
https://www.redfin.com/MO/Saint-Louis/5434-Christy-Ave-63116/home/93757892,219.56514349456913,371.9724273617941,975.4834795982914,302.89519166452385,182.2576304618981,5834.7334119781735
https://www.redfin.com/MO/Saint-Louis/2517-Tamm-Ave-63139/home/69385646,631.4108091583563,371.52110024791693,916.0665403980523,698.3665846783608,387.91581428111454,3917.808186303316
https://www.redfin.com/MO/Saint-Louis/4734-Goethe-Ave-63116/home/93757169,143.01193966460426,371.7915683337555,659.7448115828522,145.09931384416436,118.74884081733789,6042.713708889002
https://www.redfin.com/MO/Saint-Louis/3870-Marine-Ave-63118/home/93697180,614.6802836448709,666.8523558443055,360.64931440626697,600.1718256378833,551.5831888257129,6266.505370010075
https://www.redfin.com/MO/Saint-Louis/4864-Calvin-Ave-63115/home/93733011,609.0688637004725,555.5378427767644,756.5390724118976,526.9071286161272,756.7074023585716,5433.393635707479
https://www.redfin.com/MO/Saint-Louis/4083-Burgen-Ave-63116/home/93761893,139.2610197431126,1006.1765884464362,649.9950916280416,895.6613456892281,483.9196738966156,4005.1991541603093
https://www.redfin.com/MO/Saint-Louis/5458-Harney-Ave-63120/home/93762782,265.35036581867854,1202.0862456948828,153.3782184663778,250.92332975138203,134.46265850757197,3680.5415654170156
https://www.redfin.com/MO/Saint-Louis/1812-James-a-Harvey-Ln-63133/home/93444245,620.0266390743162,982.7824436893462,790.5471564890187,602.9827916893361,364.6911438823104,1400.0785789634613
https://www.redfin.com/MO/Saint-Louis/870-Elias-Ave-63147/home/93756055,291.50212093962773,433.128717663888,1133.0671179361743,293.27467424779275,285.9753537095232,4743.058485797756
https://www.redfin.com/MO/Saint-Louis/7246-Stolle-St-63116/home/93775493,118.53880831060947,954.8168151910893,1480.119264463338,107.28451570200221,326.83754025785254,4591.025893933748
https://www.redfin.com/MO/Saint-Louis/4695-Tesson-St-63116/home/93775247,186.63308967052046,684.3773670873269,1206.1265125617422,172.19745859944504,469.9903147289712,4791.782840469228
https://www.redfin.com/MO/Saint-Louis/4414-Oleatha-Ave-63116/home/93756203,578.4386244382205,862.8164939634876,911.0836404214194,571.0849250911036,273.73395624176175,4845.387957719489
https://www.redfin.com/MO/Saint-Louis/4007-Delor-St-63116/home/93750353,774.8958967893044,922.6099472277515,772.0229911376069,869.7352919854718,714.4443848859606,5721.0565894920355
https://www.redfin.com/MO/Saint-Louis/6943-Sutherland-Ave-63109/home/93774259,176.99099001098188,705.6606856236754,1012.643251365079,206.9249436031283,207.65883716965544,6101.090367484026
https://www.redfin.com/MO/Saint-Louis/5343-Blow-St-63109/home/62713417,217.42793084576562,982.4073323163904,951.7197006388216,396.6018376089098,244.42465967338902,4251.881263007882
https://www.redfin.com/MO/Saint-Louis/4838-Potomac-St-63116/home/93756234,90.44488952777185,1214.2212414669748,757.7323256901157,98.83626184806243,80.68034441248162,5319.374362436448
https://www.redfin.com/MO/Saint-Louis/2607-Michigan-Ave-63118/home/93691996,100.19191532742697,846.8450682636362,480.84766319929537,723.8278592050934,146.48550744132947,6524.718748498862
https://www.redfin.com/MO/Saint-Louis/4363-Miami-St-63116/home/93730021,540.9256517694931,835.1351489988211,803.3799007810671,530.9191653860951,250.53771840352192,5646.459960891821
https://www.redfin.com/MO/Saint-Louis/3117-Michigan-Ave-63118/home/93692808,84.83623066598012,911.2768274163683,328.7178245064129,131.92481220248104,113.30141905778058,7160.6287244415125
https://www.redfin.com/MO/Saint-Louis/6026-Thekla-Ave-63136/home/93759076,276.3534183164001,407.35483501573253,1134.1295777615826,805.958557658364,260.3025341346606,3894.131163668965
https://www.redfin.com/MO/Saint-Louis/6030-Arthur-Ave-63139/home/93742983,135.25051202929887,422.47443374172974,710.2439066188302,233.78355098686814,110.3936935337266,4429.520531746904
https://www.redfin.com/MO/Saint-Louis/3967-Eichelberger-St-63116/home/93757739,356.51553386845114,1084.0808215822046,934.1339347879004,1104.60240740523,424.43878585224076,3945.2377103541376
https://www.redfin.com/MO/Saint-Louis/4722-Primm-St-63116/home/93775513,306.41905685578627,683.083194973559,1217.5275797086838,294.79705773149465,373.555154074525,3663.481654251592
https://www.redfin.com/MO/Saint-Louis/1414-McCausland-Ave-63117/home/93740570,46.441464446027766,771.3828318066085,673.9247532217586,906.8951984768729,307.3354775461037,3350.229841512862
https://www.redfin.com/MO/Saint-Louis/6560-Villa-Ave-63139/home/93740701,731.0560790542789,572.1529759188336,629.2576894745031,611.7398533931286,95.01978869904251,5865.970880794754
https://www.redfin.com/MO/Saint-Louis/5418-Milentz-Ave-63109/home/93771267,464.62061357209984,1151.574737015845,1007.5753727244112,451.8037849381823,145.7150592057493,3475.8319359386505
https://www.redfin.com/MO/Saint-Louis/2807-Chariton-St-63111/home/93705481,208.9099518145755,520.8657180790356,316.49999899908187,215.991056598585,168.40991408758111,6332.054941350797
https://www.redfin.com/MO/Saint-Louis/3837-Bates-St-63116/home/93761598,30.122168222463618,1406.104723230445,988.1307346364875,693.7179478506017,32.92452067681366,4177.07915979333
https://www.redfin.com/MO/Saint-Louis/5812-Victoria-Ave-63110/home/93769203,364.33972249171654,756.1472348854929,967.9672615886685,369.69266832048646,141.58287778223436,4976.658039508844
https://www.redfin.com/MO/Saint-Louis/4741-Milentz-Ave-63116/home/93756829,166.3253507137586,417.36575164489017,582.9195511043648,156.77928923374532,134.9462781740799,6520.032527525409
https://www.redfin.com/MO/Saint-Louis/1933-Chippewa-St-63118/home/93697387,409.15905411927895,524.1793548840413,190.81264098712035,396.804545316954,454.90410015904325,6716.356505232946
https://www.redfin.com/MO/Saint-Louis/1937-Chippewa-St-63118/home/93697385,400.8673863092418,513.3180011118287,201.39851799984513,389.104455258762,444.0431356167232,6703.308355295906
https://www.redfin.com/MO/Saint-Louis/5638-Hancock-Ave-63139/home/93749140,677.6382749470996,407.94869201526836,916.0858391500595,668.3718377973142,364.1142778546714,3718.32909332569
https://www.redfin.com/MO/Saint-Louis/4600-Richard-Pl-63115/home/93734527,719.8171357561363,1249.917337885181,1088.842250293154,724.9201426881522,1083.2749883956037,6539.135073636278
https://www.redfin.com/MO/Saint-Louis/5649-Hancock-Ave-63139/home/62744315,627.8565694637758,347.90214095194443,935.3477518409761,623.6484758257837,370.93566556137966,4011.7875059212206
https://www.redfin.com/MO/Saint-Louis/5641-Marquette-Ave-63139/home/93749128,658.2224792101575,408.8635015186633,910.8729635290136,648.1909353543565,417.2070917166631,3993.9461884851894
https://www.redfin.com/MO/Saint-Louis/4566-Lewis-Pl-63113/home/93749619,354.9238446050459,460.9479725073014,690.681996109165,275.2893958106138,328.08950010564604,4919.876767963593
https://www.redfin.com/MO/Saint-Louis/1310-San-Jacinto-Ct-63139/home/93750089,932.1425302214064,592.1516914082106,649.0401585313392,338.3113113487773,372.7635433288409,5118.234368311487
https://www.redfin.com/MO/Saint-Louis/5629-Marquette-Ave-63139/home/93749131,706.208564299444,453.1907359410645,922.4437929087763,696.1770137142101,387.5499039235185,4199.707842905054
https://www.redfin.com/MO/Saint-Louis/4523-Anderson-Ave-63115/home/93734114,949.3686546900472,980.8695392925838,847.1874990888658,647.3274617189068,1109.1926930610025,5438.407342672687
https://www.redfin.com/MO/Saint-Louis/4521-Anderson-Ave-63115/home/93734136,955.6072627498075,974.4029282482174,840.3041721727576,635.027773618412,1096.8881721697157,5459.232561815468
https://www.redfin.com/MO/Saint-Louis/4631-Primm-St-63116/home/93775221,52.361268960637666,547.6758933647967,1013.4752962053702,49.21591631806016,616.1874609977266,3338.309979166317
https://www.redfin.com/MO/Saint-Louis/5315-Alfred-Ave-63116/home/93761696,226.0193186673264,305.545118127678,452.7755975898106,260.85671557690296,195.20667777168686,4685.174673598893
https://www.redfin.com/MO/Saint-Louis/4121-Taft-Ave-63116/home/93757851,97.14597528454492,917.0172487329968,468.71885545494615,94.21932022344545,183.6716217164362,4823.478055203482
https://www.redfin.com/MO/Saint-Louis/4340-Miami-St-63116/home/93730104,489.1352094994648,823.064692070178,730.7616346135056,478.5188345428965,215.1500312172733,6112.986935367895
https://www.redfin.com/MO/Saint-Louis/2603-Brannon-Ave-63139/home/93727383,735.700627972262,696.0164320484573,237.47701630195667,728.5951976760314,54.47109859280403,4473.21369118948
https://www.redfin.com/MO/Saint-Louis/935-Fillmore-St-63111/home/93708887,526.5051018660362,1062.068260204848,539.3155850273822,377.3119287977561,331.6896657356444,6015.885005991419
https://www.redfin.com/MO/Saint-Louis/8512-Minnesota-Ave-63111/home/93711571,193.53364268713662,534.9059063388556,2137.317781725298,192.10941265474312,297.0852029979123,4780.406713676138
https://www.redfin.com/MO/Saint-Louis/7125-Vermont-Ave-63111/home/93710425,213.74940312225647,724.5239546580613,253.37098470565672,628.1779959814619,409.0150415035628,7176.22929117943
https://www.redfin.com/MO/Saint-Louis/3663-Steins-St-63116/home/93757118,89.45038225684974,633.7096944147853,1323.7562219692734,88.8141256386837,198.07281236268412,7216.536563247661
https://www.redfin.com/MO/Saint-Louis/3461-S-Grand-Blvd-63118/home/93695492,32.992933000626365,665.3587437724823,1081.0723686175718,32.6643428286389,52.55195260534771,6273.14978320216
https://www.redfin.com/MO/Saint-Louis/1319-San-Jacinto-Ct-63139/home/93750079,881.4455277380612,649.8711670230258,629.0036480919499,377.1469468509096,356.2914461904291,5340.820570783188
https://www.redfin.com/MO/Saint-Louis/2827-Abner-Pl-63120/home/93738219,260.3590516136903,1299.9437794769235,1081.1383378474259,249.31581609099527,571.9592523452972,4328.9433956740495
https://www.redfin.com/MO/Saint-Louis/4518-Tennessee-Ave-63111/home/93706295,168.43477269898835,710.455991235025,709.4540089389724,163.04007642342756,376.05818602601204,5270.957425242862
https://www.redfin.com/MO/Saint-Louis/6041-Harney-Ave-63136/home/93758448,445.77237869641414,632.5188227011414,687.1816685616823,433.17838538918346,405.7737520927272,3942.489828324657
https://www.redfin.com/MO/Saint-Louis/4175-Newport-Ct-63116/home/62743526,85.92641100748217,598.1426414215588,571.4853969861099,148.2508248633781,52.16238730116921,4761.094586035536
https://www.redfin.com/MO/Saint-Louis/4717-Michigan-Ave-63111/home/93707473,508.79754809996854,593.3157499459684,1208.5276327518648,512.5872991287691,347.0034696899087,5747.512981497153
https://www.redfin.com/MO/Saint-Louis/246-Woodbourne-Dr-63105/home/93771920,143.6302032512937,1052.4040013821843,418.6676784859198,195.91606549227495,1356.926448131064,2341.261285677375
https://www.redfin.com/MO/University-City/6238-Washington-Ave-63130/home/93760196,164.96079632126353,325.0920881984829,814.7809766583338,195.49887586272348,135.0028895473235,2452.4427204644276
https://www.redfin.com/MO/Saint-Louis/15-Arundel-Pl-63105/home/93766545,187.40647720084075,647.3024408047531,236.539256870513,191.19272103200362,959.2112157670174,1186.2759620498034
https://www.redfin.com/MO/Saint-Louis/1414-Mississippi-Ave-63104/home/62765202,462.55021495987535,166.7462297932119,490.7639960781168,564.7640133977044,59.391521740081444,4614.352247940374
https://www.redfin.com/MO/Saint-Louis/907-N-Taylor-Ave-63122/home/93512270,234.9098072312953,575.3843855046912,537.2395787317541,59.29844215128222,152.811248825105,4368.684324676539
https://www.redfin.com/MO/Saint-Louis/4538-Pershing-Pl-63108/home/93724614,323.74337861704004,267.5793657354104,497.4859178592004,164.0075918005952,302.05982352628246,3660.795615256162
https://www.redfin.com/MO/University-City/6223-Washington-Ave-63130/home/93760159,95.73053172539758,284.1353309615684,728.4947973114625,102.01431126300035,74.66690091754685,3077.567038287884
https://www.redfin.com/MO/Saint-Louis/4624-Pershing-Pl-63108/home/93724640,364.2262930783688,402.35247153271973,641.1050695181947,293.1706095071485,168.46663296813415,3511.4910469093134
https://www.redfin.com/MO/Saint-Louis/1817-Lasalle-St-63104/home/93701280,99.34401773600142,453.9612835323812,527.038589944322,134.6253281548063,68.30008811483837,5198.912905407704
https://www.redfin.com/MO/Saint-Louis/2741-Lafayette-Ave-63104/home/193545739,410.73802000299395,256.81864168671297,134.77841198052718,406.4135130459672,84.69999685348394,5552.331611079593
https://www.redfin.com/MO/Saint-Louis/4355-W-Pine-Blvd-63108/home/93725232,165.53055970642532,660.6009501914859,251.00242733844377,202.61860704462006,226.18813925283408,4547.116707442681
https://www.redfin.com/MO/Saint-Louis/5239-Wilson-Ave-63110/home/93727734,795.4069711514708,139.02004765007135,675.8312462944685,883.1933602796923,93.02103757942186,4311.654239917656
https://www.redfin.com/MO/Saint-Louis/17-Arundel-Pl-63105/home/93766546,205.12464619306138,649.394593641618,223.3976542728722,207.51840491592435,962.6161372878513,1093.1459726802814
https://www.redfin.com/MO/Saint-Louis/5443-Columbia-Ave-63139/home/93771705,778.5350354012579,659.5849945617933,312.52972606049735,780.3246870170728,147.36471903782748,6100.088885609631
https://www.redfin.com/MO/Saint-Louis/5302-Wilson-Ave-63110/home/178545699,901.7231067254183,229.9809297736848,599.7206836426444,964.9916308699311,40.340852853725124,4657.59713464451
https://www.redfin.com/MO/Saint-Louis/362-Walton-Row-63108/home/62756938,492.48665064963336,426.5163041529811,538.8041584253369,217.65753359526636,309.99710141589543,4084.4870624296223
https://www.redfin.com/MO/St-Louis/3758-Olive-St-63108/unit-14/home/195107699,210.72214016666183,275.59702496259,264.2746724422403,294.55939642628107,350.1167244950407,5384.796704370668
https://www.redfin.com/MO/Saint-Louis/1038-Geyer-Ave-63104/home/93685666,188.23769901906493,545.9791553732492,953.7858374315279,230.18877993314737,51.233504010907154,8839.454783989453
https://www.redfin.com/MO/Saint-Louis/6327-Wade-Ave-63139/home/93726459,439.43292146698786,173.87024233767013,106.9699933271503,440.41190446680946,122.25530206125595,5846.399524039811
https://www.redfin.com/MO/Saint-Louis/4731-Westminster-Pl-63108/home/93709316,289.3149064437129,134.97138141657643,325.9260950181558,300.0099998461773,120.57014653329385,5704.580465605351
https://www.redfin.com/MO/Saint-Louis/4508-Pershing-Pl-63108/home/93724628,384.8242270823315,263.3933597327021,391.6779354653097,38.60591045363388,417.0533032870682,4591.8445686657205
https://www.redfin.com/MO/Saint-Louis/1103-Dolman-St-63104/home/93683537,126.4279198177089,436.7450740050464,355.32465198029996,168.65972957746465,176.32414629495088,6820.157035239525
https://www.redfin.com/MO/Saint-Louis/2017-Park-Ave-63104/home/93672793,469.45629909090974,287.18364356646623,623.4417420565959,460.4033009767225,110.6555226419858,4739.374849545585
https://www.redfin.com/MO/Saint-Louis/6225-San-Bonita-Ave-63105/home/93768160,119.18950074348705,60.56941028363718,523.9581664462512,126.24708767934291,355.2814319636826,1713.8762986708807
https://www.redfin.com/MO/Saint-Louis/6310-Alexander-Dr-63105/home/93477165,268.4727090708927,1141.8052851451873,355.98909986990935,338.3011544395088,1453.209816519944,1721.4265150788733
https://www.redfin.com/MO/Saint-Louis/1912-Rutger-St-63104/home/168304422,416.63943102086876,184.13295299872195,513.6322194516528,420.6866996572091,74.71739570560028,5609.139381315109
https://www.redfin.com/MO/Saint-Louis/8-W-Pine-Ct-63108/home/93724529,268.2607895178436,464.12265601007067,783.2482181519825,203.28442297730646,124.65649312293924,4520.982718528802
https://www.redfin.com/MO/Saint-Louis/6732-Delor-St-63109/home/93781392,148.87371748107114,763.815711703347,570.444769484681,565.7511268906655,522.740575342272,4533.755798597781
https://www.redfin.com/MO/Saint-Louis/1823-Hickory-St-63104/home/93701221,224.81889274272874,330.42985363725137,476.0880700242646,246.59361171313574,192.0758066893309,6178.862010307766
https://www.redfin.com/MO/Saint-Louis/1218-Dolman-St-63104/home/146873435,78.73158750716705,294.98522963033315,187.6466719291868,372.17853257885383,173.02648757800856,7580.316242762289
https://www.redfin.com/MO/Saint-Louis/4533-Westminster-Pl-63108/home/93739871,433.7387397284199,356.79170816329236,233.0287421296831,162.13392300425804,76.78973922573617,5234.65911166821
https://www.redfin.com/MO/Saint-Louis/10-Arundel-Pl-63105/home/93769346,126.63722375810289,577.6374160606938,257.182890670631,113.09449209537473,884.1442628541333,1550.3907877286756
https://www.redfin.com/MO/Saint-Louis/370-Walton-Row-63108/home/93724710,512.6815513855518,442.44906194796357,521.9602950287342,225.8599657933138,322.8696017708523,3890.0695997456046
https://www.redfin.com/MO/Saint-Louis/3525-Crittenden-St-63118/home/93692731,155.77075572350483,403.6897350756706,681.0739205074015,166.14307616888524,162.45319770026833,6166.6920834420625
https://www.redfin.com/MO/Saint-Louis/4016-Flora-Pl-63110/home/93746617,980.0285181507847,69.04057359523237,359.51636423222624,383.93601070841197,439.8176036008712,5410.558120711289
https://www.redfin.com/MO/Saint-Louis/4385-McPherson-Ave-63108/home/93740334,499.22238383651563,610.8290914775608,256.50027799843406,472.6740457255884,233.17670355114146,4771.473909995911
https://www.redfin.com/MO/Saint-Louis/5951-Jamieson-Ave-63109/home/62742167,49.0721827317966,306.9992704191433,849.3487193208396,577.5560533493899,1073.0729680553632,4921.861640298731
https://www.redfin.com/MO/University-City/6249-Washington-Ave-63130/home/62753318,104.2089886789836,257.8985472180145,765.7724403206187,180.22634755066355,85.0980737732728,2388.42710256748
https://www.redfin.com/MO/Saint-Louis/4424-Laclede-Ave-63108/home/93725073,143.90097048128743,649.7536585631128,543.937349470137,181.94536208174515,106.70023292016768,4023.009154364786
https://www.redfin.com/MO/Saint-Louis/1409-Vail-Pl-63104/home/93673161,381.8197291240672,88.85268562700844,475.92427670358086,586.8860780907071,45.01214060304936,5272.791064770852
https://www.redfin.com/MO/Saint-Louis/4347-McPherson-Ave-63108/home/93740305,455.30527689108476,716.3419853104803,357.134474578504,467.10073596306535,225.3437390385702,5181.984359327616
https://www.redfin.com/MO/Saint-Louis/5156-Westminster-Pl-63108/home/77510183,330.12654785091854,1222.7334474570857,183.59217484685243,142.7379217185375,286.1817683775105,2977.082667889438
https://www.redfin.com/MO/Saint-Louis/2309-Sublette-Ave-63110/home/181867568,707.5285617347153,677.0000626364138,500.11485699108147,743.7687187787258,346.22006203296996,4158.048779479425
https://www.redfin.com/MO/Saint-Louis/3834-Olive-St-63108/home/176875143,134.15850854562024,307.8514493711314,262.3914139562964,368.11840446264836,250.58270161998752,4605.59786736726
https://www.redfin.com/MO/Saint-Louis/2328-Albion-Pl-63104/home/93672036,128.21474542785492,331.8491596670971,607.6447221881887,167.38785773063464,123.48571946424885,4550.514084075405
https://www.redfin.com/MO/Saint-Louis/5027-Daggett-Ave-63110/home/93728145,323.26428271499327,433.1946670792623,621.1624011129105,380.0619039867815,98.11022528011753,6522.536857686009
https://www.redfin.com/MO/Saint-Louis/5223-Botanical-Ave-63110/home/93727552,736.3881296681714,442.72715902786905,305.6851812158207,727.1467845842069,130.35392312943952,4196.33063018966
https://www.redfin.com/MO/Saint-Louis/6253-Murdoch-Ave-63109/home/93780082,337.88160878655736,232.41841986179935,870.9357394023554,341.2355747828427,303.6527362520309,4942.447413710243
https://www.redfin.com/MO/Saint-Louis/1901-Lafayette-Ave-63104/home/93697406,392.50837590740696,397.26619781136895,106.10222168805859,774.9178139451725,155.8191982388146,5237.434155155633
https://www.redfin.com/MO/Saint-Louis/1908-Lasalle-St-63104/home/93701184,160.67603327952904,406.2853501729924,564.4515370132733,193.68610403892848,170.19759086890755,5205.533317685176
https://www.redfin.com/MO/Saint-Louis/5102-Waterman-Blvd-63108/home/93745900,420.13574936810255,1064.5491447635009,376.1327776175836,89.06408072728983,463.03746765601056,1576.3026754998957
https://www.redfin.com/MO/Saint-Louis/5150-Westminster-Pl-63108/home/93745986,349.91421372837675,1202.3116551638523,195.07010908442706,132.0405353571194,308.5248536567896,2900.9071434036814
https://www.redfin.com/MO/Saint-Louis/4440-Laclede-Ave-63108/home/93672249,140.04982092053447,627.937048340005,572.4900363017862,142.85367643531154,159.7655705434959,4498.700968217433
https://www.redfin.com/MO/Saint-Louis/4351-Laclede-Ave-63108/home/93725182,273.34544957881144,708.4662560403932,404.0939317111546,311.93448358705166,176.24876348538749,4231.751842519404
https://www.redfin.com/MO/Saint-Louis/4235-Maryland-Ave-63108/home/93725334,189.1361784837208,577.3636689785866,481.6271958606029,208.4112776526557,138.98494770332698,4765.715345073438
https://www.redfin.com/MO/St-Louis/2223-Hickory-63104/home/186089507,240.93342782402502,441.35133327686026,977.9477774682118,230.96902940374238,252.89709705390158,4856.819216660106
https://www.redfin.com/MO/Saint-Louis/4312-Laclede-Ave-63108/home/93725190,134.55503028268654,532.7946993116074,371.49368497289527,124.46657239401881,61.27274118817385,3992.765332706444
https://www.redfin.com/MO/Saint-Louis/2920-Milton-Blvd-63104/home/93691199,418.5171005161259,512.0792185240874,764.4246926233695,854.7848778769431,90.64188539613507,5626.045678380605
https://www.redfin.com/MO/Saint-Louis/2614-Dalton-Ave-63139/home/93726773,370.3897932971839,613.0413575826868,622.5907315787347,364.9746596650942,145.30472393874766,4349.769151579869
https://www.redfin.com/MO/Saint-Louis/6207-Delor-St-63109/home/93780310,380.2842228187046,494.55193326247587,594.6983291488971,370.46887221337374,354.3244095897596,4897.161694824088
https://www.redfin.com/MO/Saint-Louis/3810-Olive-St-63108/unit-10/home/176875147,213.80249250989263,315.2789754688384,273.19060006433426,316.26355527935453,320.0781127475984,5436.221987732646
https://www.redfin.com/MO/Saint-Louis/1216-Dolman-St-63104/home/103203498,81.33274610370437,300.9861533279271,194.9263867370997,360.54317098815983,182.24507518236194,7560.0680248325425
https://www.redfin.com/MO/Saint-Louis/336-N-Newstead-Ave-63108/home/93725641,370.67467882195933,482.8346676616488,122.47743071750527,357.7378479051059,364.0668332330821,4572.039671733165
https://www.redfin.com/MO/Saint-Louis/1928-Lasalle-St-63104/home/76811282,139.43594414115316,448.9398050966299,635.2618362908775,140.48003264415016,213.69678748654258,5090.076897530059
https://www.redfin.com/MO/Saint-Louis/4211-Shenandoah-Ave-63110/home/62698685,1005.7295308141961,550.3569853649448,327.7134182883022,757.5402038918368,371.06780669428787,5034.653855405473
https://www.redfin.com/MO/Saint-Louis/4319-McPherson-Ave-63108/home/70105615,427.85978847934007,809.1767053700137,456.1647156224755,417.6569979347949,264.7813671704158,4377.880368980316
https://www.redfin.com/MO/Saint-Louis/4230-Maryland-Ave-63108/home/146873905,128.39834897716847,526.5935523707377,482.05387581716155,150.8337718285032,101.34601099617403,4491.034485119023
https://www.redfin.com/MO/Saint-Louis/4234-Olive-St-63108/home/62726464,369.854276426995,870.0264605984529,694.7200733741178,371.7017889410335,363.72982717088706,5291.186283322779
https://www.redfin.com/MO/Saint-Louis/5217-Botanical-Ave-63110/home/146873938,717.2753804153521,438.90847398802316,323.4422012422368,707.9635633419987,144.17562058137787,4229.462973209793
https://www.redfin.com/MO/Saint-Louis/6242-Loran-Ave-63109/home/93779934,522.246444929027,522.5958496897516,387.933046267474,524.7524435613959,475.1793427756182,5214.55784324593
https://www.redfin.com/MO/Saint-Louis/3649-Cleveland-Ave-63110/home/93700316,190.66187364117022,767.568230217109,467.2732657043323,213.42998610248137,168.16713061285537,5887.403119983101
https://www.redfin.com/MO/Saint-Louis/5918-Crane-Cir-63109/home/67168265,515.176471489308,898.3571495520332,241.83191101663795,503.3876212912325,480.33923692071374,5400.170028305383
https://www.redfin.com/MO/Saint-Louis/2747-Lafayette-Ave-63104/home/77299754,469.42550570810124,288.26348971441973,131.3975652868847,464.40307806101737,66.44602635641044,5844.0368218748035
https://www.redfin.com/MO/Saint-Louis/4366-Laclede-Ave-63108/home/93725198,138.42048258831912,612.2948325748279,521.1871599875868,184.3936556214004,130.62023668059123,4378.25153621788
https://www.redfin.com/MO/Saint-Louis/4527-Maryland-Ave-63108/home/93724738,251.82316708460633,186.09228176573237,457.55212537736696,159.96566921291364,273.6896105059235,4182.324033543338
https://www.redfin.com/MO/Saint-Louis/6347-Devonshire-Ave-63109/home/93780130,490.77395099189226,459.061986579656,730.0288326209331,510.20601297968466,454.36973522186685,4162.023250401896
https://www.redfin.com/MO/Saint-Louis/4008-Flora-Pl-63110/home/77526639,940.1673203326126,46.05518840506381,346.6526281223961,344.68713987313913,462.5250914623476,5231.817656832217
https://www.redfin.com/MO/St-Louis/3810-Olive-St-63108/unit-10/home/192866158,213.80249250989263,315.2789754688384,273.19060006433426,316.26355527935453,320.0781127475984,5436.221987732646
https://www.redfin.com/MO/St-Louis/2227-Hickory-63104/home/171387812,240.93342782402502,441.35133327686026,977.9477774682118,230.96902940374238,252.89709705390158,4856.819216660106
https://www.redfin.com/MO/Saint-Louis/2235-Hickory-St-63104/home/181866124,244.27384789670035,454.98247164345594,1004.1249619841228,247.9915287621784,204.84454622017427,5352.643163898408
https://www.redfin.com/MO/Saint-Louis/3918-Cleveland-Ave-63110/home/93746314,659.3155025483793,393.73801535061904,446.47878480755116,84.97132441094634,560.2332209719318,5723.438192606194
https://www.redfin.com/MO/Saint-Louis/6127-Kingsbury-Ave-63112/home/62765009,302.1544071744265,349.9550450060924,451.7915540807809,302.6184762227061,333.26472182398334,2847.153252949952
https://www.redfin.com/MO/Saint-Louis/3816-Castleman-Ave-63110/home/93747266,395.8311587874587,604.9666447796933,470.46711043881857,216.64000826705615,307.8049781696144,4859.827092393801
https://www.redfin.com/MO/Saint-Louis/3847-Holly-Hills-Blvd-63116/home/93773684,707.6636159986734,347.7922256695812,1016.7886652370541,415.94664275630845,503.3242919459202,3963.606953486284
https://www.redfin.com/MO/Saint-Louis/5945-Clifton-Ave-63109/home/93783994,455.710614482842,923.9887481454285,187.36269444359377,453.9539242549119,431.99402024680023,5695.276180963515
https://www.redfin.com/MO/Saint-Louis/3011-Wisconsin-Ave-63118/home/93699107,99.156911678011,337.7480271937497,1101.5890712372723,114.90200327713703,113.32531702232467,6908.744407463801
https://www.redfin.com/MO/Saint-Louis/1226-Dolman-St-63104/home/143286332,80.04368990992072,277.96492010863403,180.31569842144728,394.6689867486872,150.82878354533085,7389.894223657213
https://www.redfin.com/MO/Saint-Louis/4001-Cleveland-Ave-63110/home/93746567,902.8033452143933,243.8531454145468,536.8024234272852,332.53177068513764,350.73044042543484,5539.014995539387
https://www.redfin.com/MO/Saint-Louis/3511-Pestalozzi-St-63118/home/93692428,205.47762660314282,544.5136215838451,718.143465301854,203.97478811746862,195.75447013602232,6058.710833325388
https://www.redfin.com/MO/Saint-Louis/3740-Texas-Ave-63118/home/93696622,86.07618954100921,149.71237297031502,379.3858745253471,77.5678236200048,58.04629464854477,6979.408320543121
https://www.redfin.com/MO/Saint-Louis/4650-Saint-Louis-Ave-63115/home/93718424,938.1037905876985,820.869825077245,414.440583098621,550.6021877676154,326.1040903932145,5659.650996432107
https://www.redfin.com/MO/Saint-Louis/6111-Sherry-Ave-63136/home/93745584,299.06910252857494,575.3659175522641,1593.934599240759,1334.2357974254874,317.9897572202395,3986.354015466321
https://www.redfin.com/MO/Saint-Louis/2917-Abner-Pl-63120/home/93738363,255.53515059530423,1505.4159436236548,966.8668058044832,246.1178596235886,399.58262168766123,4771.753872569681
https://www.redfin.com/MO/Saint-Louis/6119-Lillian-Ave-63136/home/93762141,221.82112696638535,606.5948721318483,1557.8104672614083,1549.9842934772862,206.23069590991653,5627.928062622519
https://www.redfin.com/MO/Saint-Louis/4031-Pennsylvania-Ave-63118/home/93704923,649.5715723200199,359.30331750726833,363.3101856125778,378.4236387644527,67.0004891868264,5281.248144134297
https://www.redfin.com/MO/Saint-Louis/4561-Lexington-Ave-63115/home/93735549,138.68894922816503,501.51598629464837,451.9064812930327,179.89871072722707,89.02070178874206,4399.031277879971
https://www.redfin.com/MO/Saint-Louis/3958-Kennerly-Ave-63113/home/62732076,241.32003243384682,751.189101991235,770.2526648647961,280.6978980366812,338.9135410611083,6045.030053218433
https://www.redfin.com/MO/Saint-Louis/1517-Herder-St-63107/home/93689192,449.1719300857059,395.69426657505784,454.64150850617614,459.36863625393795,593.5221928622393,9243.066550300156
https://www.redfin.com/MO/Saint-Louis/4239-E-San-Francisco-Ave-63115/home/93715655,262.986553939659,1130.8367476252417,675.3244601666294,259.6239353715325,392.41696350863253,5273.759779243628
https://www.redfin.com/MO/Saint-Louis/4240-Nebraska-Ave-63111/home/93705540,399.2024891891399,554.1274862739923,224.31921297605382,178.3755289395029,133.51637472510387,5011.896959283176
https://www.redfin.com/MO/Saint-Louis/5053-Claxton-Ave-63120/home/93764180,154.0014369187046,1143.5007454238025,468.0558739225883,226.0123022955393,129.00963605776357,5011.981250486738
https://www.redfin.com/MO/Saint-Louis/5114-Maffitt-Ave-63113/home/93737481,318.2846981227497,894.8938882752811,669.3253822393631,315.2658694206843,559.5419018114866,2243.7817133388207
https://www.redfin.com/MO/Saint-Louis/5088-Queens-Ave-63115/home/93768753,85.30297967221216,826.3590923386649,1086.956494613653,84.63137808903835,336.5124935733976,4483.642668827322
https://www.redfin.com/MO/Saint-Louis/5219-Maffitt-Ave-63113/home/93737456,248.55760939447592,994.0413837059768,769.2021978741388,268.70580060354035,453.2895159479138,3153.8071999071985
https://www.redfin.com/MO/Saint-Louis/1169-Howell-St-63147/home/62715313,115.36596309041468,1211.517622741303,355.93001969882056,132.04587135696903,128.5447457978757,4492.827720940855
https://www.redfin.com/MO/Saint-Louis/3130-Oregon-Ave-63118/home/93692934,124.57375125207749,781.6143925541409,807.75594023413,137.5359835520087,81.64060166457986,7479.428717408769
https://www.redfin.com/MO/Saint-Louis/4633-Michigan-Ave-63111/home/93706837,579.4260137106312,393.7165016871762,1009.4363115649325,582.7241701304683,337.53825154878984,5840.688692139337
https://www.redfin.com/MO/Saint-Louis/3223-Taft-Ave-63111/home/93706216,689.4214178189899,248.20530303890848,708.0520064252157,681.9818631339364,90.66512365978204,6332.732096858162
https://www.redfin.com/MO/Saint-Louis/4961-Margaretta-Ave-63115/home/93761346,91.582616668095,801.46255104871,431.2167072397183,91.88960297053562,780.1406797806204,4787.738282365151
https://www.redfin.com/MO/Saint-Louis/4623-Elmbank-Ave-63115/home/93736030,444.3600759568491,669.5051431248967,144.6279526755271,436.3325523255484,403.0391517584695,4239.464968656749
https://www.redfin.com/MO/Saint-Louis/819-Elias-Ave-63147/home/93782975,90.43821312413331,225.69525208839465,1338.6070129484342,106.553310197566,92.4339268700187,5331.57700627775
https://www.redfin.com/MO/Saint-Louis/5359-Maffitt-Ave-63112/home/93738256,246.67899280241662,1228.675980359532,1114.4352061642778,252.86557183232438,497.9738105188753,4596.202811475514
https://www.redfin.com/MO/Saint-Louis/4976-Genevieve-Ave-63120/home/93757409,650.1511746944143,750.2823581335333,301.3333865390582,816.8886472076612,701.6741206628258,3899.5521299891634
https://www.redfin.com/MO/Saint-Louis/4414-Carter-Ave-63115/home/93734231,727.7090271231505,1294.3341377378883,460.9885295493928,539.2341373422045,950.7486125977431,4799.386099064025
https://www.redfin.com/MO/St-Louis/5955-Harney-63135/home/196025851,211.6028107627816,491.9368737040682,732.3201417426269,334.0639329408306,261.4314824458968,4046.8487771453306
https://www.redfin.com/MO/Saint-Louis/4330-California-Ave-63111/home/93705808,93.02750353483545,594.3875459014116,419.7556319993881,82.53700168382996,69.60216890550682,5967.622176507214
https://www.redfin.com/MO/Saint-Louis/6301-Laura-Ave-63136/home/93762194,15.105411529215331,612.1261404619116,1757.7960186634052,1560.4900823660837,100.3390628413663,4057.774189473599
https://www.redfin.com/MO/Saint-Louis/3918-California-Ave-63118/home/93704319,354.06067285768006,418.23562189202113,456.8281195570739,349.81140611543236,97.87077049930468,6382.620626737738
https://www.redfin.com/MO/Saint-Louis/1122-McLaran-Ave-63147/home/93731328,73.79330080555651,721.7936277914122,1183.4372951435575,512.7665956321893,66.18766665746067,5672.985446807362
https://www.redfin.com/MO/Saint-Louis/6155-Sherry-Ave-63136/home/93745573,124.07152867916017,747.945917336161,1627.036504205272,1412.7001619277019,233.33605174393628,5071.08627686147
https://www.redfin.com/MO/Saint-Louis/5920-Lalite-Ave-63136/home/93758733,63.1121690905409,310.79420669484267,1332.9195615545245,1099.2656053588546,164.09650395436805,3825.9841315047765
https://www.redfin.com/MO/Saint-Louis/6341-Sherry-Ave-63136/home/93762091,170.2979372899592,683.3626567690138,1683.7657024577259,1515.2667875474663,260.4533079895297,2496.62327903879
https://www.redfin.com/MO/Saint-Louis/4319-Prairie-Ave-63107/home/93712823,191.61831258243126,755.0569683936784,342.7770630751882,196.36239391147018,622.9794724887893,5603.430301114649
https://www.redfin.com/MO/Saint-Louis/918-Nassau-Dr-63147/home/93759802,112.24290778410968,649.5654323436598,981.665287276968,170.82840477205013,487.3344463129202,5094.756838094065
https://www.redfin.com/MO/Saint-Louis/4512-Ashland-Ave-63115/home/93735876,370.2258677852372,798.7769971770418,440.68944584205593,378.02851956172015,381.2499737004813,3138.6463060075475
https://www.redfin.com/MO/Saint-Louis/8421-Church-Rd-63147/home/93731366,96.76453994588088,610.3845111848445,1397.8905212180507,364.2920781888855,259.7155121114478,6907.528644371643
https://www.redfin.com/MO/Saint-Louis/3408-Marcus-Ave-63115/home/93735833,386.1761444730338,435.0676453285221,174.35416818059764,381.1909891534533,465.7030692657373,5351.043460671831
https://www.redfin.com/MO/Saint-Louis/4629-Michigan-Ave-63111/home/93706838,578.8203262229648,380.13962072273597,997.0636968832526,578.9725853165581,336.9879363806985,5897.1974712436495
https://www.redfin.com/MO/Saint-Louis/8408-Church-Rd-63147/home/62720046,86.24567416151353,606.0977081180143,1462.4294807324648,314.1802399983645,200.95459187786818,6804.830134775766
https://www.redfin.com/MO/Saint-Louis/1434-E-Gano-Ave-63107/home/93703701,341.81731432841906,589.1874485227574,561.1147720106145,320.18287196581264,307.5345531195218,7288.808387315717
https://www.redfin.com/MO/Saint-Louis/3720-Virginia-Ave-63118/home/93695656,163.50588790427904,482.6677041626109,552.1690405774244,163.20196069599837,121.88300190132108,6528.925860957396
https://www.redfin.com/MO/Saint-Louis/4593-Maffitt-Ave-63113/home/93718538,1022.2833540442165,986.9649475978135,519.9094006927046,378.1109620627328,395.47573665481644,4345.713777898706
https://www.redfin.com/MO/Saint-Louis/4853-Calvin-Ave-63115/home/93732990,667.392271082221,603.3017232536449,823.8523450850222,593.7854850351607,758.6307097530637,6216.886747569681
https://www.redfin.com/MO/Saint-Louis/5267-Beacon-Ave-63120/home/93763135,662.6302178070522,968.103938303641,279.8589821936873,398.3968015792119,378.7447653486632,3757.9747834718933
https://www.redfin.com/MO/Saint-Louis/5129-Maffitt-Ave-63113/home/93737305,373.3363896329063,953.9198794457541,693.8554200085408,366.5522729527021,557.4638683790714,2639.629256071289
https://www.redfin.com/MO/Saint-Louis/6315-Sherry-Ave-63136/home/93762113,63.996927884320364,712.790293044613,1646.3046540367982,1465.4891986666817,228.94672648505573,3155.6342775450435
https://www.redfin.com/MO/Saint-Louis/5340-Mimika-Ave-63136/home/62737698,375.56266680145933,586.1382035252218,1062.2951066082653,824.3674875820861,441.03110415890006,3761.234247702027
https://www.redfin.com/MO/Saint-Louis/1913-Belle-Glade-Ave-63113/home/146873830,454.1959272325674,638.9147084453523,570.3514417122618,462.81860004519564,73.24263261336462,5839.1768502807545
https://www.redfin.com/MO/Saint-Louis/5962-Goodfellow-Blvd-63147/home/93768975,32.40832513733938,978.3599362991902,564.4984782838077,319.11724314292354,259.542317140678,3733.186407445827
https://www.redfin.com/MO/Saint-Louis/2242-Osage-St-63118/home/93704952,82.72002622118697,425.1193457995438,252.84690755641367,79.97437571849574,56.0928487543815,5287.201657078071
https://www.redfin.com/MO/Saint-Louis/4939-Alcott-Ave-63120/home/93756770,360.1948555399959,1096.448066011113,251.56678340899794,529.5949077980289,437.58027023097685,4592.785876011039
https://www.redfin.com/MO/Saint-Louis/4429-Marcus-Ave-63115/home/93733139,901.8964628745216,1087.2492556713426,1297.8441182333834,884.6304963369765,1125.6568904655496,6978.868830342163
https://www.redfin.com/MO/Saint-Louis/3414-Michigan-Ave-63118/home/62698371,489.24177048886855,388.4854914203889,832.4670775589811,136.50951810543302,151.25987622281932,6206.1182421916665
https://www.redfin.com/MO/Saint-Louis/4217-Clarence-Ave-63115/home/93714357,949.9375593240503,1243.9778172044512,313.8376898198734,254.9886503894104,883.7932223070892,4196.868725413637
https://www.redfin.com/MO/Saint-Louis/3607-Clay-Ave-63115/home/62716875,126.22480113011873,671.2833052634768,305.2395813820929,120.16332985022366,425.3703685430245,5223.371530995655
https://www.redfin.com/MO/Saint-Louis/4530-Greer-Ave-63115/home/93718336,636.5797574508161,929.9842899058381,353.64154338130834,506.6986521459751,562.0438208682456,4097.370554474725
https://www.redfin.com/MO/Saint-Louis/811-Hornsby-Ave-63147/home/93761177,62.758987563304785,485.6018059077179,1374.8836858964964,57.562928168097415,409.9320124913557,5861.676467730758
https://www.redfin.com/MO/Saint-Louis/5710-Saint-Louis-Ave-63120/home/93755003,238.13748112294346,455.39652157086664,527.0014664139986,244.76587801340435,395.7165716501171,3835.6157834501932
https://www.redfin.com/MO/Saint-Louis/4224-Penrose-St-63115/home/93714441,854.472106156665,1237.6776167545408,393.0510358862112,636.4776570092242,912.4541509154773,4688.087333733045
https://www.redfin.com/MO/Saint-Louis/2823-Nebraska-Ave-63118/home/93691796,264.30055927814175,746.3399208162753,521.770521464387,268.5102071622308,143.4445387047576,6883.956739955352
https://www.redfin.com/MO/Saint-Louis/5242-Wabada-Ave-63113/home/93737902,132.19443203905286,619.0151545280866,644.0293709449314,144.5248158759665,99.80216619494225,3898.890237869439
https://www.redfin.com/MO/Saint-Louis/6133-Lillian-Ave-63136/home/93762121,167.54480239252092,660.3528505582358,1612.2581733429263,1573.5285009305946,163.74948440423304,5325.309665710281
https://www.redfin.com/MO/Saint-Louis/828-Elias-Ave-63147/home/93759939,123.83269691743044,275.51556029079757,1299.5619491415555,140.1922603010804,157.22822931702473,5162.776100363657
https://www.redfin.com/MO/Saint-Louis/5521-Genevieve-Ave-63120/home/93763193,164.22900856744533,968.7440901827376,451.2142576989646,190.87684617028415,133.529755869565,3659.88477595424
https://www.redfin.com/MO/Saint-Louis/4749-Beacon-Ave-63120/home/93767278,226.23594988618527,977.0485142216214,572.2659233509034,794.4300074451415,781.7674880442912,4512.817891517392
https://www.redfin.com/MO/Saint-Louis/827-Canaan-Ave-63147/home/93759983,120.45325485835806,308.9917262955732,1298.7212702434176,109.00872330578188,219.10798790090925,5533.418278639638
https://www.redfin.com/MO/Saint-Louis/5039-Queens-Ave-63115/home/93768737,135.7001740858528,668.2475731329191,1035.4474793055751,191.39319269687422,168.5284459615506,5181.459215995542
https://www.redfin.com/MO/Saint-Louis/5086-Arlington-Ave-63120/home/93764196,227.89440672973313,1284.4524135690992,437.34104628361524,239.9786259508524,200.96710475853052,4419.4484953476085
https://www.redfin.com/MO/Saint-Louis/4150-Shreve-Ave-63115/home/93733223,789.9039176584877,604.1746628145114,905.2911234103611,474.71188716034,782.085280645147,4841.827122949005
https://www.redfin.com/MO/Saint-Louis/8504-Concord-Pl-63147/home/93766425,102.13248086208324,693.9878319089864,1387.1800644230998,118.9467003483914,452.29871427828806,4483.9416301061465
https://www.redfin.com/MO/Saint-Louis/3203-N-Taylor-Ave-63115/home/93735858,452.0194924658822,887.9527918801455,455.46882045722197,401.88449215954864,392.4729820510768,3032.774291481392
https://www.redfin.com/MO/Saint-Louis/5521-Alcott-Ave-63120/home/93765959,163.67967973741895,1318.5753509489423,217.83974786665652,165.89333136441124,205.7186242992662,3950.395887466209
https://www.redfin.com/MO/Saint-Louis/6165-Sherry-Ave-63136/home/93745570,88.47829121872141,754.0225482883031,1631.383730482141,1423.1437841413733,227.96255722320248,4848.16812742501
https://www.redfin.com/MO/Saint-Louis/6018-Margaretta-Ave-63120/home/93731992,288.89969443081304,1310.2451591055226,1895.7446677814246,266.07940196960016,204.29650747726402,2531.8497733875392
https://www.redfin.com/MO/Saint-Louis/5353-Maffitt-Ave-63112/home/93738250,224.64327175773894,1216.9545461460664,1095.0858755497936,231.46313050571035,487.6153896738591,4774.157763825161
https://www.redfin.com/MO/Saint-Louis/4419-Farlin-Ave-63115/home/62714719,485.00768410785423,859.2751481312987,223.98225888513653,112.2682186835449,416.2067007771014,4904.433157475373
https://www.redfin.com/MO/Saint-Louis/5556-Floy-Ave-63136/home/93770012,140.55481046199287,833.9152091469635,620.8025485936604,459.5156056913166,424.8938610535253,5087.102774252486
https://www.redfin.com/MO/Saint-Louis/5305-Minnesota-Ave-63111/home/93708123,291.5104468909331,630.3008096766315,836.2687769184746,281.27768221791956,336.79451107343345,8558.183638404043
https://www.redfin.com/MO/Saint-Louis/4962-Lilburn-Ave-63115/home/93761118,101.5823814557919,1065.3282980645647,1236.147857727028,137.92965387572073,466.83369653826384,4298.255840982378
https://www.redfin.com/MO/Saint-Louis/1519-Herder-St-63107/home/93689197,456.62459985240713,399.9620940596726,456.76655594830197,450.1018066293541,598.2390471878836,9100.656059687262
https://www.redfin.com/MO/Saint-Louis/5205-Emerson-Ave-63120/home/93765007,402.4429342530869,1232.690071915049,332.3348896305829,294.08603153373934,386.3362981334165,4110.354335835454
https://www.redfin.com/MO/Saint-Louis/5155-Terry-Ave-63115/home/93737294,326.2542641949437,1095.7431720757845,623.5954715767597,305.35803836084153,550.4080536714167,3326.80838644473
https://www.redfin.com/MO/Saint-Louis/3006-Miami-St-63118/home/93696351,492.73649079219257,498.92663523559946,349.3600566397851,488.6296741037128,248.03817761999363,5786.251112490325
https://www.redfin.com/MO/Saint-Louis/4012-Penrose-St-63107/home/93714908,564.3622930874817,637.4678838236143,996.1267082537067,570.7237443196734,969.6316967366444,5461.875194551111
https://www.redfin.com/MO/Saint-Louis/610-Fremont-Ave-63147/unit-R/home/93785876,53.25460114350114,297.2557460597108,1715.8635766514096,233.0730283886227,303.28421625997527,4167.115643064626
https://www.redfin.com/MO/Saint-Louis/4860-Anderson-Ave-63115/home/93733352,581.1855434355089,582.0311940853759,705.9801217830309,415.9196863222297,855.8862019791158,3816.318810276442
https://www.redfin.com/MO/Saint-Louis/949-Canaan-Ave-63147/home/93756372,340.6624127561383,697.2455493512904,875.407870646143,332.5240942545484,548.7747684606567,4049.9839689836667
https://www.redfin.com/MO/Saint-Louis/5561-Floy-Ave-63136/home/93770097,96.13865529600731,871.1680239423455,641.0153542192556,484.0031874474543,442.01044398486664,5007.402853526947
https://www.redfin.com/MO/Saint-Louis/4420-Cottage-Ave-63113/home/93717915,750.3320473676046,579.976541942367,575.3374473084606,219.55639404810623,194.6722063130485,4968.463856225975
https://www.redfin.com/MO/Saint-Louis/2036-E-De-Soto-Ave-63107/home/93712614,302.6324557316823,669.597228479461,308.3707825286811,352.50552248544074,550.6600770082437,6033.444413278907
https://www.redfin.com/MO/Saint-Louis/8116-Pelham-Ave-63147/home/93731456,74.60276727317519,810.9329771307191,2008.0664880434451,183.88913228001516,159.6565951789405,4722.406280951422
https://www.redfin.com/MO/Saint-Louis/5431-Arlington-Ave-63120/home/93764910,254.51888204004032,1529.621812293395,267.494098705123,273.06935752260244,270.07661514416316,4563.492429214662
https://www.redfin.com/MO/Saint-Louis/3711-Gravois-Ave-63116/home/93730381,31.755863393774597,806.497594023269,1539.0914240367722,60.261635412791534,36.384658978294375,5303.295973580669
https://www.redfin.com/MO/Saint-Louis/3122-N-Taylor-Ave-63115/home/93715395,514.1583115483659,970.9936659078032,503.9273833906441,343.34405914363174,359.12711464342755,3458.1977202617786
https://www.redfin.com/MO/Saint-Louis/8214-Pelham-Ave-63147/home/62765519,119.09698841608548,780.3222429350054,1890.6869324098507,134.60263960481728,89.26021670981726,4851.542142659633
https://www.redfin.com/MO/Saint-Louis/2236-Sullivan-Ave-63107/home/93687500,317.7633547908672,520.2049746715777,1000.450590962742,350.04770142066604,446.0566466720525,5990.310215741661
https://www.redfin.com/MO/Saint-Louis/4307-Gravois-Ave-63116/home/93726571,35.942750755345955,1008.580112881015,473.81792764475904,317.86897203303215,165.9591745562342,5452.870128606303
https://www.redfin.com/MO/Saint-Louis/7142-Idaho-Ave-63111/home/93710297,62.58884967511897,577.5264606373205,424.9582989120206,488.71968929890795,294.62990055823803,4982.977265357174
https://www.redfin.com/MO/Saint-Louis/4619-Natural-Bridge-Ave-63115/home/93733803,23.752252988034062,311.5207523561051,589.1735349761534,34.821455362633294,107.34964330656314,4499.87237565542
https://www.redfin.com/MO/Saint-Louis/8514-Mora-Ln-63147/home/93732241,514.0826095431878,826.7802763848318,601.4562055864104,702.2065498494427,496.3204339404491,5581.438486689444
https://www.redfin.com/MO/Saint-Louis/1632-Belt-Ave-63112/home/93738859,267.1562683830493,590.2503526786853,1081.6361075068528,256.2892337120411,323.7165755609155,4434.058914461927
https://www.redfin.com/MO/Saint-Louis/4869-Carter-Ave-63115/home/62737650,577.4746392409979,558.7202017332139,846.9112423782618,574.5628994483833,630.7148802241799,5537.567034536225
https://www.redfin.com/MO/Saint-Louis/4965-Lilburn-Ave-63115/home/93756184,93.55779270833138,1107.3402539605495,1223.0834723546882,104.73497751646205,424.6018967149568,4199.694560678075
https://www.redfin.com/MO/Saint-Louis/1919-Belt-Ave-63112/home/93739032,400.0517447760848,648.3592308390625,1048.0003402427544,399.3168194881721,457.99129517032395,4488.0239299198465
https://www.redfin.com/MO/Saint-Louis/4652-Tennessee-Ave-63111/home/93707226,173.08599514814213,829.211807499283,528.273195948967,230.84675696853694,213.16293650469512,5694.8445484032545
https://www.redfin.com/MO/Saint-Louis/5930-Shulte-Ave-63136/home/93758953,113.67824148684554,486.0445996394703,725.121430097491,215.86303148071676,160.12219498241743,5014.644415927972
https://www.redfin.com/MO/Saint-Louis/2630-Arsenal-St-63118/home/93697115,28.58845208301008,404.6259578827455,786.6433370285417,76.1329733949746,91.26833328902809,6885.182350815967
https://www.redfin.com/MO/Saint-Louis/4625-Kossuth-Ave-63115/home/93733711,637.1359939312938,428.1998241729072,738.1617910476359,634.0745104965113,702.5686042569546,6154.233015554902
https://www.redfin.com/MO/Saint-Louis/963-Canaan-Ave-63147/home/93756369,304.7335366279791,768.9396440483464,801.5308456682455,303.80474111688073,587.0041739145133,4137.345765092631
https://www.redfin.com/MO/Saint-Louis/2927-Harper-St-63107/home/93698835,142.6813066711032,1118.8539259551217,987.0766465771131,159.77724704979747,238.14323432273554,6759.624997040624
https://www.redfin.com/MO/Saint-Louis/4307-Randall-Pl-63107/home/93703612,320.05030799603577,433.1900594983682,895.2402144422144,346.9566441381799,628.9961589279112,6115.113162749615
https://www.redfin.com/MO/Saint-Louis/8800-Jordan-Ave-63147/home/93783349,168.5411297004415,475.73992630664776,1342.5638155605864,161.58114619536124,225.61615417913237,6609.999497121577
https://www.redfin.com/MO/Saint-Louis/1337-Walton-Ave-63113/home/93720721,143.37920233646278,733.9818617576615,524.4307863018744,131.88258020714957,100.65078709345065,5012.28653152065
https://www.redfin.com/MO/Saint-Louis/5220-Highland-Ave-63113/home/93737923,217.40106796471218,694.1516881357264,629.4482970896456,212.6451364499973,187.09422975820306,3306.633796318585
https://www.redfin.com/MO/Saint-Louis/4514-Bircher-Blvd-63115/home/93734637,606.3100767984363,1379.9364264741357,1151.4339028922116,597.9284383610268,1015.9522397838198,5537.200810580356
https://www.redfin.com/MO/Saint-Louis/5920-Floy-Ave-63147/home/93769003,144.85753883776894,809.0502831971233,385.75367371510714,220.7029943073056,204.58741628925333,4852.99569625234
https://www.redfin.com/MO/Saint-Louis/711-Gimblin-Rd-63147/home/93731691,101.88502031720783,834.9122739728467,1640.4914183756023,118.39056362159072,363.1199577547741,4881.043460927849
https://www.redfin.com/MO/Saint-Louis/4403-Cottage-Ave-63113/home/93717880,800.7307771285364,509.42046395771854,516.8681333756591,263.15674982665064,204.5578352329466,5278.208431164478
https://www.redfin.com/MO/Saint-Louis/5875-Roosevelt-Pl-63120/home/93777758,302.0896224493938,277.3406616482131,401.7739191514924,297.61731738450425,343.15988076298805,3273.243457801797
https://www.redfin.com/MO/Saint-Louis/1652-McLaran-Ave-63147/home/93732167,470.8876573363346,1201.1669172536097,762.944561628842,1048.1632665755892,451.9060498870911,6484.510235524894
https://www.redfin.com/MO/Saint-Louis/1001-Veronica-Ave-63147/home/93755611,325.16623219555686,796.4720961775018,1044.7749247073648,445.87789372247715,378.6975576901582,3507.2814328077307
https://www.redfin.com/MO/Saint-Louis/4215-W-Page-Blvd-63113/home/93719033,34.96472075721596,670.1557383628766,431.2121623071761,160.77701345955884,180.5711096394613,4532.9594050911755
https://www.redfin.com/MO/Saint-Louis/5054-Thrush-Ave-63120/home/93757577,839.4208087186087,635.1639600745833,443.4969977855029,729.2919252759621,792.4021592676538,4442.91774116487
https://www.redfin.com/MO/Saint-Louis/4112-Turner-Ave-63115/home/93734779,642.9529889789608,1363.696211260246,506.38465147889127,411.37515772314083,621.2715987069369,6595.595254284336
https://www.redfin.com/MO/Saint-Louis/1008-Wall-St-63147/home/93760924,459.3846408527001,688.9137171860453,969.245563434978,454.0275130922422,568.8158552146164,4347.532557773563
https://www.redfin.com/MO/Saint-Louis/3425-Itaska-St-63111/home/93707193,450.38538442405763,722.5271242272853,756.4708610235572,441.40399952323764,278.5064751135598,4754.699833560939
https://www.redfin.com/MO/Saint-Louis/8845-Portland-Ter-63147/home/93783295,83.28100295250212,577.7303277629347,1471.2544071124812,143.05554285518517,97.2511977767718,7195.197250964539
https://www.redfin.com/MO/Saint-Louis/5041-Lotus-Ave-63113/home/93738024,168.47521756508283,391.6063379532294,165.9642655805597,161.1560085805988,574.7894469920374,3466.3325535685053
https://www.redfin.com/MO/Saint-Louis/3744-Blow-St-63116/home/93711943,269.5753577750518,603.7385384071125,1052.2335425425383,660.9888474736251,198.10315375506983,6269.2002982620115
https://www.redfin.com/MO/Saint-Louis/4110-Oregon-Ave-63118/home/93705075,485.1598452912611,238.58337428805632,217.00819376444082,215.96376568427155,167.1116516026445,6236.149899977096
https://www.redfin.com/MO/Saint-Louis/6343-Amelia-Ave-63120/home/93778225,191.1627639536778,124.5402904073773,1976.3214070627323,1791.6651211425947,152.10166938948598,1909.3361819576044
https://www.redfin.com/MO/Saint-Louis/1026-Hornsby-Ave-63147/home/93755602,331.13777480581814,822.7102044522192,927.0838545740316,526.288947193144,437.516149522336,4213.627958596991
https://www.redfin.com/MO/Saint-Louis/322-E-Davis-St-63111/home/93711372,383.7139730251598,736.822433149274,1936.1658999806489,370.39953488320526,42.242221083652055,5774.048514103288
https://www.redfin.com/MO/Saint-Louis/5407-Genevieve-Ave-63120/home/93762890,556.0669457071002,862.4258508924564,370.7313737903222,520.6105222033469,411.5742189239146,3375.8447805879723
https://www.redfin.com/MO/Saint-Louis/4234-Shreve-Ave-63115/home/93733413,821.3807587401956,791.5801338852533,938.9619715224403,556.5105663181843,983.8334141704033,4609.718333600059
https://www.redfin.com/MO/Saint-Louis/4500-Carter-Ave-63115/home/62746336,800.1537567401477,1130.9588378894327,743.8251022424816,654.0664600749885,1065.0334559970952,4521.117073569421
https://www.redfin.com/MO/Saint-Louis/2248-Sullivan-Ave-63107/home/93687497,318.9820470846548,544.6757892135312,1042.2229220883692,369.09789024482694,403.8874087780069,6244.647818212027
https://www.redfin.com/MO/Saint-Louis/5949-McArthur-Ave-63120/home/93768543,279.6696961285018,1234.8511099851523,1830.9083466741718,280.4691215472469,262.2060005879168,4072.6807336165016
https://www.redfin.com/MO/Saint-Louis/2015-Chippewa-St-63118/home/93696852,327.830984232297,413.70828166715256,299.8155833973001,329.8723817722101,344.43426829407525,6409.945507993474
https://www.redfin.com/MO/Saint-Louis/4545-Alice-Ave-63115/home/93713956,142.09223632824364,966.6727234488418,924.6191790569986,144.02766454282738,1299.4643594488523,4891.730803673525
https://www.redfin.com/MO/Saint-Louis/4669-Elmbank-Ave-63115/home/93735917,411.8755910312165,501.2005421146745,120.22969860671115,404.9991064844587,445.2396866234227,5054.617635092263
https://www.redfin.com/MO/Saint-Louis/3619-Cora-Ave-63115/home/93735643,67.80988575634996,370.2563647539738,463.1711385566045,70.54563484452082,140.7065091943567,5204.997574672167
https://www.redfin.com/MO/Saint-Louis/4228-Red-Bud-Ave-63115/home/93714776,720.1848574557924,1269.246446612356,293.16285626509824,678.8059920332659,1043.7021350110267,4085.194036066457
https://www.redfin.com/MO/Saint-Louis/6008-Lucille-Ave-63136/home/93758554,264.2755091637967,355.41427576125926,1003.4608833577619,646.4563814237325,243.55118817392204,4202.660288617519
https://www.redfin.com/MO/Saint-Louis/3210-Chippewa-St-63118/home/93695832,35.71455709192671,614.0301097542745,556.0142993659638,55.38867174386062,77.55096067895761,6324.266419467166
https://www.redfin.com/MO/Saint-Louis/3047-Whittier-St-63115/home/62685467,564.5274706322756,816.5067651500009,493.0855238417711,325.02900524644076,315.83746416061416,4844.624646267134
https://www.redfin.com/MO/Saint-Louis/7515-Pennsylvania-Ave-63111/home/93710922,163.2494301301146,296.87179655640557,879.0010904162086,195.97410974421445,223.18751846439744,7822.370205241582
https://www.redfin.com/MO/Saint-Louis/5433-Beacon-Ave-63120/home/87133502,448.86112061386336,998.9141192775746,258.03013965774943,423.5553603082584,256.4170431931066,3299.7765160644867
https://www.redfin.com/MO/Saint-Louis/4137-E-Lee-Ave-63115/home/93714992,699.949344370699,819.0078548451095,805.8280491629946,702.1706826637903,928.5107066932062,5435.5639830992695
https://www.redfin.com/MO/Saint-Louis/8415-N-Broadway-63147/home/93754501,31.33722754120275,909.7313612698512,1543.5705144265994,99.49100276322588,249.99167843720775,4606.540439832503
https://www.redfin.com/MO/Saint-Louis/6004-N-Pointe-Blvd-63147/home/93770342,325.4077783558644,341.91783300576327,202.07335824854775,345.61834932269886,297.200814177902,5136.82246888499
https://www.redfin.com/MO/Saint-Louis/4106-Nebraska-Ave-63118/home/93705205,604.3082738960584,360.22197818729285,209.24928329510345,212.40397186598742,178.76720608701592,6144.599778186406
https://www.redfin.com/MO/Saint-Louis/615-Fillmore-St-63111/home/93709044,409.5761239855285,1023.8029848365063,501.44681385052843,827.7528063544815,523.3822209944999,6525.5828406279525
https://www.redfin.com/MO/Saint-Louis/6300-Pennsylvania-Ave-63111/home/93709595,115.66395735759559,756.4463588682465,1083.241235162626,185.33095753566937,573.4388704658661,5789.166348587143
https://www.redfin.com/MO/Saint-Louis/4274-Penrose-St-63115/home/93714348,855.2015009953258,1412.8267422297815,300.3952055944165,446.3322420794873,827.8336972509471,4691.666606142102
https://www.redfin.com/MO/Saint-Louis/836-Harlan-Ave-63147/home/93783036,159.4272676171056,288.7267952429523,1281.8785470103878,146.94640261598644,125.67927497783141,5471.833470112353
https://www.redfin.com/MO/Saint-Louis/4307-McRee-Ave-63110/home/93747512,190.30169577408964,398.8758197026898,80.06949879595498,40.32548510686225,24.599247349481224,5595.9061744272685
https://www.redfin.com/MO/Saint-Louis/1965-Arlington-Ave-63112/home/62762399,422.29717026576714,1012.36169471264,1187.212582802112,409.9644441521386,470.01426263748135,4604.67489220027
https://www.redfin.com/MO/Saint-Louis/4223-W-Labadie-Ave-63115/home/93736512,737.5739592361031,539.7928393986094,668.8076899780851,176.47119273517006,204.82312982933908,5327.77131020142
https://www.redfin.com/MO/Saint-Louis/3964-Botanical-Ave-63110/home/93746222,819.1357860726202,556.8145925695401,465.11153154776827,313.72424642150156,382.9182504133618,4828.789118126262
https://www.redfin.com/MO/Saint-Louis/4030-Russell-Blvd-63110/home/93747145,1047.8141942503878,168.1539268036125,252.38963856068764,290.49455296348043,301.7316626383585,5743.227031377641
https://www.redfin.com/MO/Saint-Louis/2348-Hickory-St-63104/home/93700619,39.151254541644334,538.6180240648149,819.583334531193,37.702358946674764,77.20991831773765,6069.350334615139
https://www.redfin.com/MO/Saint-Louis/1811-Rutger-St-63104/home/93685618,297.96809174565124,222.8709727319953,403.38068703690584,330.9900577345045,172.78171106944473,6472.3024598632755
https://www.redfin.com/MO/Saint-Louis/2909-Accomac-St-63104/home/93691030,228.23610591464185,558.6484133290561,760.7819686071612,825.4205559389895,242.81782250398808,5520.736137170812
https://www.redfin.com/MO/Saint-Louis/4248-Flad-Ave-63110/home/93746876,854.9327465874436,390.6621552734981,478.0836179571071,589.9005219049762,564.8715527169165,4433.544593892723
https://www.redfin.com/MO/Saint-Louis/3030-Hawthorne-Blvd-63104/home/93690745,134.03829813017205,659.9078469270058,824.5781507125677,861.0602050063269,344.83281572064345,5689.225384645658
https://www.redfin.com/MO/Saint-Louis/3822-Humphrey-St-63116/home/103204133,532.4295848985927,681.5529075427633,919.3787884433995,546.243091787882,488.9516751119633,5290.40048557768
https://www.redfin.com/MO/Saint-Louis/3839-Shaw-Blvd-63110/home/93760777,487.9924973309017,498.72723223873635,412.00698068524684,161.2122004379785,154.92268724602394,5865.675702066864
https://www.redfin.com/MO/Saint-Louis/6239-Alamo-Ave-63105/home/93768145,173.6160876860685,56.72513158091784,617.7747032325734,186.62910758377836,261.9165883316888,1966.5499207314504
https://www.redfin.com/MO/Saint-Louis/2-W-Pine-Ct-63108/home/62748683,296.80685696822115,488.23131334975056,792.0735190734237,204.91247297030597,123.9353805002791,4204.064098250448
https://www.redfin.com/MO/Saint-Louis/1215-Mississippi-Ave-63104/home/62700032,318.04007572704546,327.59065976613107,627.9759840820352,309.307877380399,174.39227536832593,5330.73014546622
https://www.redfin.com/MO/Saint-Louis/3904-Juniata-St-63116/home/93729943,326.6874015541964,823.6365452780615,498.2542082793827,315.474721468395,124.85007727175824,4774.217850246128
https://www.redfin.com/MO/Saint-Louis/4561-Washington-Blvd-63108/home/62755214,124.63279393034334,276.5309476602939,308.56758620440695,195.78507844430925,129.27602971035986,5387.084833147315
https://www.redfin.com/MO/Saint-Louis/4053-Connecticut-St-63116/home/93729922,400.7534914160282,659.1715972542526,143.40615772793976,404.8149442696287,585.5314637283606,4690.1148464720245
https://www.redfin.com/MO/Saint-Louis/6621-Oleatha-Ave-63139/home/62745834,432.8958647437195,490.807773119165,427.7194894264871,974.450936711229,462.07707322323046,5232.417651550797
https://www.redfin.com/MO/Saint-Louis/4237-Hartford-St-63116/home/86202763,110.69953186465962,587.9080830094738,586.8961695741219,180.81172770796343,179.80328434723168,4264.509038003449
https://www.redfin.com/MO/Saint-Louis/3642-Wyoming-St-63116/home/62765499,189.97343847892978,370.6951247704607,842.8985560412412,265.927239283725,167.03745947794678,6068.769410715982
https://www.redfin.com/MO/Saint-Louis/4020-Flad-Ave-63110/home/93746583,986.4607314739009,184.33057625448066,484.4942625570715,395.1858761048674,330.6225947336921,5575.796789162245
https://www.redfin.com/MO/Saint-Louis/2361-S-39th-St-63110/home/93746137,592.0283465547583,727.2435375112275,208.92746884941872,122.6153043429904,539.0105270798254,3762.5952053765
https://www.redfin.com/MO/Saint-Louis/3893-Humphrey-St-63116/home/93728444,626.4724691213908,868.1050187881151,655.8648200507707,616.986056769781,415.9689702500561,4635.766696798835
https://www.redfin.com/MO/Saint-Louis/6135-McPherson-Ave-63112/home/93760397,268.19498453267227,300.952761136687,527.5811482769645,201.21763376680474,460.2324079991601,3833.8983011472956
https://www.redfin.com/MO/Saint-Louis/2336-Menard-St-63104/home/93686066,381.4253697958921,217.677113916615,408.855293805946,287.91941750291033,180.64536840683812,8495.312071224798
https://www.redfin.com/MO/Saint-Louis/3424-Halliday-Ave-63118/home/93692388,352.9079452470487,705.1418991008245,609.5411803655176,354.65835671057005,211.2937246204772,6761.850608238415
https://www.redfin.com/MO/Saint-Louis/4496-Laclede-Ave-63108/home/93662285,152.11326201655936,574.5852593834901,690.492733959302,37.030979617044935,99.884332075171,4092.655015683992
https://www.redfin.com/MO/Saint-Louis/3860-Juniata-St-63116/home/93728354,301.2767868023924,646.8965347797445,669.8592054230223,331.65106731422264,157.73594470312227,5403.610560892336
https://www.redfin.com/MO/Saint-Louis/1220-S-18th-St-63104/home/93686011,204.94663274441163,222.6179153560736,308.31945751984273,341.4042660831717,165.2050631111473,6890.088187620411
https://www.redfin.com/MO/Saint-Louis/6758-Neosho-St-63109/home/93781443,251.00498045813268,961.8611043048885,615.5150052462117,295.22054419685554,248.42853539748168,4295.9872674640055
https://www.redfin.com/MO/Saint-Louis/4176-Folsom-Ave-63110/home/176876175,368.4930887573457,286.0278055196611,80.6304723350593,305.20725281054473,361.9117664135975,4293.310100715396
https://www.redfin.com/MO/Saint-Louis/4038-Botanical-Ave-63110/home/93746663,820.9070536001718,566.2913331851952,656.3985660339254,488.2968803468786,210.75691342567208,5213.421430348246
https://www.redfin.com/MO/Saint-Louis/1032-Geyer-Ave-63104/home/93685669,222.6913900268595,513.5973139374823,990.9653005765663,243.7936687678537,15.422968595468605,8930.551177299096
https://www.redfin.com/MO/Saint-Louis/6305-Devonshire-Ave-63109/home/93780095,359.74045639506437,320.041353830099,859.5319901671334,394.40132024115667,323.00756793445726,3902.7835007851095
https://www.redfin.com/MO/Saint-Louis/1920-Victor-St-63104/home/93691526,411.4035495223287,431.1156159368596,858.5549771098405,395.0282681305858,233.2323748274741,6695.456622596342
https://www.redfin.com/MO/Saint-Louis/3618-Arsenal-St-63116/home/93699876,34.63031016428435,194.33124356263272,790.5233623272466,60.42413635246475,68.67524631270263,5141.26326414785
https://www.redfin.com/MO/Saint-Louis/4427-Vista-Ave-63110/home/169425114,347.3647771093365,174.73083388242898,318.5922789605545,345.64056607596024,328.6873771379021,5417.726259863139
https://www.redfin.com/MO/Saint-Louis/3728-Arsenal-St-63116/home/93699856,32.12005012760335,400.40815734641814,744.0675715958276,46.45612761289426,367.85335001795744,4015.6041943735036
https://www.redfin.com/MO/Saint-Louis/6758-Delor-St-63109/home/93781395,247.7377527374401,858.971639767202,660.3482202668249,523.2275900784492,489.6039419710522,3871.153228376193
https://www.redfin.com/MO/St-Louis/2225-Hickory-63104/home/186089734,240.93342782402502,441.35133327686026,977.9477774682118,230.96902940374238,252.89709705390158,4856.819216660106
https://www.redfin.com/MO/Saint-Louis/3877-Utah-Pl-63116/home/93728589,741.7309935357216,889.0087951712194,785.6600290303988,737.5464648003555,554.0245148147937,4480.744988572177
https://www.redfin.com/MO/Saint-Louis/3315-Shenandoah-Ave-63104/home/93691091,202.53578987093556,768.6163647709476,156.61474650515345,571.5280599400788,190.39059285034827,4627.3696492248655
https://www.redfin.com/MO/Saint-Louis/2721-January-Ave-63139/home/93727173,452.9628971202139,366.5898331172286,696.5848907962695,464.8005376635451,219.13134883609231,4450.507910689689
https://www.redfin.com/MO/Saint-Louis/929-Buena-Vista-Ave-63105/home/93768143,189.28712153949252,67.46743026220673,596.1457830568623,198.48399203206995,271.8321426482729,1874.3742590668205
https://www.redfin.com/MO/Saint-Louis/1214-S-18th-St-63104/home/143286334,205.6918766076449,242.84718155747666,315.5782550841088,319.0716809427455,186.88180954983412,6819.310658922383
https://www.redfin.com/MO/Saint-Louis/4456-Maryland-Ave-63108/home/93724883,174.07695322048858,174.47920384642924,199.0019628463609,199.45778440895742,277.2177748321193,4579.947519136085
https://www.redfin.com/MO/Saint-Louis/5843-Delor-St-63109/home/93769011,179.7871792587385,515.2679727594317,578.7716872011316,174.24051174785905,156.9958884159232,5203.206199993238
https://www.redfin.com/MO/Saint-Louis/2116-Hereford-St-63110/home/173620185,403.9114090410161,270.47977945637876,814.1043399226791,512.0666921001163,115.55566908903921,5440.118520935374
https://www.redfin.com/MO/St-Louis/6299-Magnolia-Ave-63139/home/194558193,547.6506056017622,535.5981647390257,686.4775819496986,818.4876036673129,111.43660611332817,5474.994146062482
https://www.redfin.com/MO/St-Louis/4435-Vista-Ave-63110/home/191017328,356.0310787769954,209.90797548524506,353.4840405806234,350.3674471956755,327.3846474247489,5351.934449754182
https://www.redfin.com/MO/Saint-Louis/3919-Hartford-St-63116/home/93749686,111.64775525837734,732.7881496140321,456.1440990611209,119.7755268222718,146.13313383334304,3978.235009226277
https://www.redfin.com/MO/Saint-Louis/5310-Tamm-Ave-63109/home/63495172,653.4878334535803,361.41837293617544,550.6182744393499,661.0026726257669,613.8196846180616,3467.7467474998534
https://www.redfin.com/MO/Saint-Louis/5338-Tamm-Ave-63109/home/93779931,658.1449586907693,432.0534882731997,478.7535049562385,651.5042081805411,611.9902371425417,4354.64753685736
https://www.redfin.com/MO/Saint-Louis/3837-Utah-Pl-63116/home/93728583,579.5328903481146,766.7438354099121,916.4482010507867,577.1413078305658,540.6253196161904,5157.667552181305
https://www.redfin.com/MO/Saint-Louis/4418-Vista-Ave-63110/home/93726107,410.17537147385946,168.8570301548631,301.82106241990743,396.1335734086504,397.8987312111194,4782.068722786462
https://www.redfin.com/MO/Saint-Louis/4941-Botanical-Ave-63110/home/93743953,184.30190334927235,672.027656138363,645.1306867910519,197.63128183120782,93.61763920260029,3557.2582843200253
https://www.redfin.com/MO/Saint-Louis/4121-Shenandoah-Ave-63110/home/93746479,999.9568557196488,515.4472998770399,515.5237307299702,682.089190718487,78.16212279870041,5695.678224511409
https://www.redfin.com/MO/Saint-Louis/4143-Blaine-Ave-63110/home/93747464,522.2789219938599,142.0141122335902,231.58865873414027,435.2399751756053,442.6909374443767,4897.847296727534
https://www.redfin.com/MO/Saint-Louis/4133-Botanical-Ave-63110/home/93746370,880.0128194299435,605.6257315037567,416.2579531777066,735.0703858672235,134.59339251531244,5411.987317854509
https://www.redfin.com/MO/Saint-Louis/3641-Wyoming-St-63116/home/93700071,175.54730410821563,310.9904786683776,816.7910804610159,236.6111626432634,153.4435265813781,5852.088573179349
https://www.redfin.com/MO/St-Louis/6301-Magnolia-Ave-63139/home/194009231,546.6123163350197,536.4768990968554,687.4968089896684,819.1295663979101,112.25968666139497,5483.53155221591
https://www.redfin.com/MO/Saint-Louis/4176-Blaine-Ave-63110/home/93684869,447.3940871284435,286.1136083493793,206.98138410990612,309.2190798524922,303.69639168911635,4155.413872733171
https://www.redfin.com/MO/Saint-Louis/3863-Utah-Pl-63116/home/93684209,688.04740548175,847.3956996102964,828.0352710883304,684.2896410010962,563.4448331540076,5071.07645239517
https://www.redfin.com/MO/Saint-Louis/2401-S-13th-St-63104/home/93686681,536.79321760664,405.07935283317033,729.9979599486668,160.02190876319617,207.14391494911862,7522.233420228992
https://www.redfin.com/MO/Saint-Louis/1959-Lynch-St-63118/home/93677876,601.3874557513651,90.76127917023224,954.5648214921405,584.2188874829254,148.09514443851373,6449.8495763052
https://www.redfin.com/MO/Saint-Louis/1303-Childress-Ave-63139/home/62757834,855.0594897508987,309.0360864826013,391.902805225316,336.16039004495366,255.77648984093133,6218.088898436622
https://www.redfin.com/MO/Saint-Louis/2340-S-12th-St-63104/home/93686132,477.680983714528,364.95173136969373,585.1376223057811,79.06497532421052,112.78884246464408,8206.708833706592
https://www.redfin.com/MO/Saint-Louis/1822-Hickory-St-63104/home/62700814,288.6431531669219,266.1213528601689,444.6953181373046,301.03922292147666,209.32154533296384,6462.750346383735
https://www.redfin.com/MO/Saint-Louis/4719-Clifton-Ave-63109/home/62693434,250.3943680589863,121.77302139629928,964.3580372810657,239.21716830236426,237.1614607098814,5827.271780229722
https://www.redfin.com/MO/Saint-Louis/3832-Utah-Pl-63116/home/93700028,568.4606276626745,821.574950875545,973.8178599614821,558.3611055360843,510.6599333681294,4771.503188899782
https://www.redfin.com/MO/Saint-Louis/3714-Wyoming-St-63116/home/93700100,330.5518871134378,447.59079102845635,980.1147085755465,383.82069602349037,307.2260319920596,5493.93607826311
https://www.redfin.com/MO/Saint-Louis/2518-S-12th-St-63104/home/173618256,569.3667844821587,300.34480672985785,513.7884905933151,41.010100225412785,87.29199628948774,7447.579783537649
https://www.redfin.com/MO/Saint-Louis/4433-Vista-Ave-63110/home/169425116,347.21687898489847,198.18536908082902,342.20891476429074,343.53342754639334,321.45013820965136,5448.3782167218615
https://www.redfin.com/MO/Saint-Louis/4154-Shenandoah-Ave-63110/home/62750067,944.3025909103608,641.3037703314061,374.6935923209152,818.7977518931802,201.4614929273946,5087.144201811156
https://www.redfin.com/MO/Saint-Louis/2630-Tennessee-Ave-63118/home/93692191,354.75204984565306,958.8944963166242,320.00459843498544,419.1938392338784,170.97301525079348,6717.991754643785
https://www.redfin.com/MO/Saint-Louis/3929-Burgen-Ave-63116/home/93781490,138.36589566036844,1324.6928171649745,837.8737145849436,905.8990268352305,184.8906512920824,4704.2044761699335
https://www.redfin.com/MO/Saint-Louis/4667-Louisiana-Ave-63111/home/93707159,256.99553387045637,788.4493629787851,588.3076463600366,275.70114397457485,295.54960177523475,5346.957976797477
https://www.redfin.com/MO/Saint-Louis/4107-Robert-Ave-63116/home/93784104,252.07254309099713,661.4331056977652,163.7326979599301,632.1342850799488,188.05381120006643,5710.809381308244
https://www.redfin.com/MO/Saint-Louis/7024-W-Park-Ave-63117/home/62753160,118.07800260912296,851.1000568955673,652.126506349527,753.599564410493,645.2961879795519,2940.712942333138
https://www.redfin.com/MO/Saint-Louis/4037-Robert-Ave-63116/home/62700486,458.30311216625927,932.6753430287442,178.2134182549445,675.6423569664063,275.21515274379647,5656.226019519765
https://www.redfin.com/MO/Saint-Louis/6059-Wanda-Ave-63116/home/62765968,396.6069451078807,311.6566229701691,860.4403141225814,386.345426834394,434.35084462285715,2522.554216675655
https://www.redfin.com/MO/Saint-Louis/10068-Lookaway-Dr-63137/home/93672592,52.979575553921,303.3096893735872,6074.82717038862,4008.381207821013,3568.592762638424,2022.1095658006466
https://www.redfin.com/MO/Saint-Louis/3828-McRee-Ave-63110/home/93760802,458.6207822482826,151.99723790553622,621.8989007207921,440.7894784100237,403.4911518125676,6374.303226222079
https://www.redfin.com/MO/Saint-Louis/1533-Gieseking-Ln-63147/home/93732276,142.91194410895167,966.8696499782475,1001.2170252312532,1143.3743512464503,309.72012971147666,5944.956177868942
https://www.redfin.com/MO/Saint-Louis/4123-Blow-St-63116/home/93772919,199.83439702765358,692.1463423318196,160.10654676036322,847.224785772515,220.1453115429031,5030.199428761696
https://www.redfin.com/MO/Saint-Louis/5005-Parker-Ave-63139/home/93777171,498.45155624277356,1359.913669045199,233.16654729376774,560.693213323034,416.90061816883514,3775.263946210033
https://www.redfin.com/MO/Saint-Louis/5178-Eichelberger-St-63109/home/93769483,485.92293384565824,911.6053525430435,1102.3420357919333,476.427307707605,448.3243662542348,4095.679314324454
https://www.redfin.com/MO/Saint-Louis/6703-Vermont-Ave-63111/home/93710029,223.19418398583716,1151.2727133853803,346.63836586486724,700.602722274456,386.6160931866342,7533.137550123244
https://www.redfin.com/MO/Saint-Louis/1739-Grape-Ave-63147/home/93778759,130.07226517095856,1408.5067239986176,770.5306512487831,1073.3910696108944,266.235035718285,5662.203587060924
https://www.redfin.com/MO/Saint-Louis/5417-Rhodes-Ave-63109/home/93771274,434.30325493186245,1169.3561691890957,939.3946315329407,430.84330566617325,78.74768211428017,3277.5280954136315
https://www.redfin.com/MO/Saint-Louis/3460-Regal-Pl-63139/home/93780846,823.045068493872,630.3118367055727,839.1770725757276,806.1833475237532,384.1290592445548,5286.811548544042
https://www.redfin.com/MO/Saint-Louis/4264-Hartford-St-63116/home/93749883,168.6285041478653,707.5068506303362,639.9135991557163,167.49299228497327,62.307305275326186,4249.618965188978
https://www.redfin.com/MO/Saint-Louis/5121-Rosa-Ave-63109/home/93769614,275.20670407460676,701.1405242049211,1187.819444005415,260.1273063494362,238.14509135848763,4724.091150301804
https://www.redfin.com/MO/Saint-Louis/4033-Weber-Rd-63123/home/93783890,488.76148255308834,1517.1833719236995,1463.9563646177091,684.0809647076572,677.0941825545415,2369.8481397001096
https://www.redfin.com/MO/Saint-Louis/5250-Murdoch-Ave-63109/home/93753457,631.6379230065016,989.2013709890508,378.84654062769397,622.776180971924,233.91725260277866,4382.2368382179775
https://www.redfin.com/MO/Saint-Louis/4131-Utah-St-63116/home/79031579,777.3234644892522,271.0617921872362,151.35673686064771,773.0137922151101,520.0194026712342,5313.089799135927
https://www.redfin.com/MO/Saint-Louis/3823-Michigan-Ave-63118/home/93695733,103.23047629948438,552.3897619472109,433.76490166865386,109.15378666713407,69.19256915939897,6053.952885529849
https://www.redfin.com/MO/Saint-Louis/6412-Lansdowne-Ave-63109/home/93779781,308.3161541853991,683.9777309358985,602.7277019448478,346.16143183746146,240.6816497102151,4010.1342290748744
https://www.redfin.com/MO/Saint-Louis/4080-Wilmington-Ave-63116/home/93770838,426.75305639745693,1116.1545944812158,361.28913299697723,999.9146738613362,608.0859871224148,6100.228555944143
https://www.redfin.com/MO/Saint-Louis/5208-Gresham-Ave-63109/home/93764561,204.90746137346474,876.5260731634777,419.8093955803839,266.0041247137659,369.2187098746926,4231.221770847615
https://www.redfin.com/MO/Saint-Louis/4435-Itaska-St-63116/home/93764123,563.4683034292563,619.8855679183696,758.7069337586253,561.8820864443411,335.7816279127084,4281.473328252421
https://www.redfin.com/MO/Saint-Louis/1318-Kraft-St-63139/home/93750061,696.619511763346,817.7546199523816,511.1900104448682,427.3384741952833,445.2923394872847,5196.224430776762
https://www.redfin.com/MO/Saint-Louis/6627-Winona-Ave-63109/home/93774969,370.7281603617918,482.75569701293693,785.6184350115857,358.78481856184703,325.0695306490992,5548.275795472584
https://www.redfin.com/MO/Saint-Louis/7404-Yates-St-63116/home/93784811,264.4529349490928,1008.4785440427257,543.1533173923826,261.75353474445836,331.297995837684,6139.152238205836
https://www.redfin.com/MO/Saint-Louis/5319-Itaska-St-63109/home/93767034,643.5947209046191,884.9857566531387,676.2570524456769,630.4775922070371,187.7792272792524,3871.53861077137
https://www.redfin.com/MO/Saint-Louis/2204-Menard-St-63104/home/93686413,179.35456726912747,177.54474222944253,652.2581277356675,301.3615821603342,169.32383043562936,8100.399725473708
https://www.redfin.com/MO/Saint-Louis/3890-McDonald-Ave-63116/home/93730346,674.1837249484346,1034.6916101330519,861.2042550918999,691.327867874862,358.56500051355437,4005.4051500431037
https://www.redfin.com/MO/Saint-Louis/4646-S-Grand-Blvd-63111/home/93706511,34.28532576696884,936.4196011401199,423.58044736622765,150.5437597671935,84.85281455074181,5172.600323853744
https://www.redfin.com/MO/Saint-Louis/2725-January-Ave-63139/home/62729734,441.94188774462543,354.9655434197574,702.4136713440238,467.9296516485285,210.54635536322374,4519.030879959021
https://www.redfin.com/MO/Saint-Louis/5527-Goethe-Ave-63109/home/93775707,544.0166249659171,1322.4159497726027,784.458900947971,560.6807205197607,187.30886227689152,4083.6864286901214
https://www.redfin.com/MO/Saint-Louis/4322-Holly-Hills-Blvd-63116/home/93769709,95.14907379644168,625.3628170614071,621.5917843844986,821.8498878917441,56.338487870929264,6056.5525738387905
https://www.redfin.com/MO/Saint-Louis/6315-Winona-Ave-63109/home/93782101,97.25153423074444,739.4816980678914,591.2407004068702,109.05338290422208,154.9613644894128,5606.972694430922
https://www.redfin.com/MO/Saint-Louis/4718-Newport-Ave-63116/home/93768304,459.312654074594,578.3960303909553,451.7752882547894,452.7038069501121,419.4763865978791,4854.371503505061
https://www.redfin.com/MO/Saint-Louis/3136-Nebraska-Ave-63118/home/93692947,148.63143711940188,769.032542841345,681.3988454459314,160.440561887262,85.84219686520359,7880.702124226153
https://www.redfin.com/MO/Saint-Louis/3811-Fillmore-St-63116/home/93773612,549.2032454338614,814.1911458721233,890.7609112047297,586.6355764644262,145.9438309803073,5053.915197856742
https://www.redfin.com/MO/Saint-Louis/6124-Westminster-Pl-63112/home/93760331,285.64807837346,369.8113092112356,444.10326926242107,284.37655444262316,263.82706256102995,3047.5251019358348
https://www.redfin.com/MO/Saint-Louis/3993-Dover-Pl-63116/home/93774794,257.41282897214256,1302.4402650891702,628.6220927854868,1107.4335904381635,389.4538519159184,5772.918540301652
https://www.redfin.com/MO/Saint-Louis/6400-Myrlette-Ct-63116/home/93783566,386.51383106135773,332.81983689788524,576.510492537764,378.14084398793364,344.20366774595635,5325.001301233773
https://www.redfin.com/MO/Saint-Louis/1464-Graham-St-63139/home/62728030,236.83043820585758,305.7983369231535,319.3200681616394,226.10188875506537,232.7070219631002,6249.160179978904
https://www.redfin.com/MO/Saint-Louis/2640-Ann-Ave-63104/home/93690678,156.72433345982913,451.7108418597423,169.80150687489774,217.84821168543274,214.42266355688278,5801.924906029638
https://www.redfin.com/MO/Saint-Louis/2830-59th-St-63139/home/93726750,192.85921962876745,502.05353057963606,503.4614870749479,202.59278362447824,58.341111987077305,6347.981790543174
https://www.redfin.com/MO/Saint-Louis/5811-Oleatha-Ave-63139/home/93780603,146.7731534529411,435.6121632051918,360.6293243246281,174.97085570755726,116.27257846845168,5019.598517964303
https://www.redfin.com/MO/Saint-Louis/5312-Nagel-Ave-63109/home/93771165,407.0305715096548,942.6916599743374,991.3928590204928,435.453529655039,454.7423043534864,3871.563380543442
https://www.redfin.com/MO/Saint-Louis/6635-Devonshire-Ave-63109/home/93779514,100.67203101978215,832.4710294348971,311.982160055141,155.8337338879905,62.846218534931346,5437.312633276503
https://www.redfin.com/MO/Saint-Louis/4151-Fillmore-St-63116/home/93776109,136.74277064682946,827.2860730450968,433.461628972966,776.4269740951362,427.7889941566806,5294.485757447414
https://www.redfin.com/MO/Saint-Louis/6932-Garner-Ave-63139/home/93741054,86.90657569805929,555.3489292134662,417.3348725461915,426.59176424672967,266.2658881415806,5025.789995644075
https://www.redfin.com/MO/Saint-Louis/5618-Fyler-Ave-63139/home/93743037,762.4052833168179,501.4355785320659,727.0252439380175,754.0478011274349,172.7344907677374,4833.765700998135
https://www.redfin.com/MO/Saint-Louis/5217-Bonita-Ave-63109/home/93769411,248.4933759544638,997.4668904015454,553.705512274343,455.43540437751216,298.00769565170435,4382.8210272453925
https://www.redfin.com/MO/Saint-Louis/4420-Sexauer-Ave-63115/home/62728906,969.5108681770076,1003.4139932835477,1211.6198636198433,903.2764627272022,1060.54464409992,7113.236695151544
https://www.redfin.com/MO/Saint-Louis/5618-Nottingham-Ave-63109/home/93767812,374.2644888266537,721.3132263283968,772.3833329508029,364.0780520008842,351.34717873446226,4700.1982308533115
https://www.redfin.com/MO/Saint-Louis/6015-Arthur-Ave-63139/home/93742988,72.0426470343272,368.3139902371255,764.95513514703,158.4459627573555,53.881250304226434,4251.973303270208
https://www.redfin.com/MO/Saint-Louis/3328-Lemp-Ave-63118/home/93694165,429.10043412376143,242.92323002772778,1047.0146001833748,421.43181499537246,75.0648984153937,5912.209813476583
https://www.redfin.com/MO/Saint-Louis/4614-S-39th-St-63116/home/93767669,822.568727353831,1175.8322260611258,651.374435044416,811.3897167335563,547.266627204478,4721.190190363203
https://www.redfin.com/MO/Saint-Louis/5724-Rosa-Ave-63109/home/62751995,152.16805317461387,1042.8452251638623,414.4438810072129,165.41393394839045,99.7422261403247,4376.437858226722
https://www.redfin.com/MO/Saint-Louis/6266-Marmaduke-Ave-63139/home/93767693,362.2958091293531,658.1087714067713,569.0776556540704,521.7681387031645,339.7314189883083,4891.384501446301
https://www.redfin.com/MO/Saint-Louis/3010-Salena-St-63118/home/62722469,99.10152715759328,467.4444777945841,1258.222621586929,129.20890687897884,220.73938615779835,7732.768969832934
https://www.redfin.com/MO/Saint-Louis/4632-Varrelmann-Ave-63116/home/93757092,193.62636061489002,583.9578232766947,528.8213438506637,203.48362683303964,161.28316930332437,5057.666156820788
https://www.redfin.com/MO/Saint-Louis/3815-Tamm-Ave-63109/home/62748599,178.0310638420191,1037.2751773162681,509.33662914200374,171.3479351960986,146.56253989693977,5402.736867944901
https://www.redfin.com/MO/Saint-Louis/3516-Magnolia-Ave-63118/home/93692363,184.39060315892496,724.702108345298,544.2699273710531,225.1374001200925,49.76645984805229,6043.710827993313
https://www.redfin.com/MO/Saint-Louis/5251-Walsh-St-63109/home/93768008,495.4584276346798,738.0852895001495,938.1204484814591,486.8259654969306,411.7739100380901,4648.557674609904
https://www.redfin.com/MO/Saint-Louis/3924-Parker-Ave-63116/home/93729236,580.0839834960863,922.0171497790036,798.7788789353318,644.1122131753765,319.4231904986976,4802.378825718348
https://www.redfin.com/MO/Saint-Louis/4066-McRee-Ave-63110/home/109914648,817.7744520801238,214.92982081206668,527.6768668959643,379.8476333936612,333.3822214890989,5878.612526042111
https://www.redfin.com/MO/Saint-Louis/2859-Ohio-Ave-63118/home/93691709,176.47134904925733,765.5593450345904,361.46892458584165,200.6175340096286,76.33106526217215,8439.750159346399
https://www.redfin.com/MO/Saint-Louis/8725-Goodfellow-Blvd-63147/home/93778666,33.529247932243564,1441.6691318297158,1058.552655169383,969.0027365593403,79.52180219491635,2668.9138704138936
https://www.redfin.com/MO/Saint-Louis/4410-S-Spring-Ave-63116/home/93730882,681.7364325563528,943.6514100426525,807.5790534683803,704.8071287837289,400.8205446925703,6083.1897406116595
https://www.redfin.com/MO/Saint-Louis/2026-Sidney-St-63104/home/93697729,412.1287580052614,326.84746057672845,803.0172670555053,401.9350988556817,208.25144586681952,6509.15544173084
https://www.redfin.com/MO/Saint-Louis/6122-McPherson-Ave-63112/home/93760243,310.563746214949,336.6456785771032,517.2762965424046,131.72291415730223,521.3397030673534,3438.358936896837
https://www.redfin.com/MO/Saint-Louis/2810-Norwood-Ave-63115/home/93737485,236.33738505440206,977.5243394693141,634.9178980836696,232.31673223188855,656.6324206901543,3581.6822779051495
https://www.redfin.com/MO/Saint-Louis/6569-Pernod-Ave-63139/home/73953641,286.8166017912767,528.5120466053065,239.71593990106848,764.9552757930136,314.7759694296011,5210.876631117837
https://www.redfin.com/MO/Saint-Louis/3917-Crosby-Dr-63123/home/93784807,227.26278232382876,1441.7288876110824,1220.3835328639188,448.3114776757195,864.1546468924397,5905.225451425555
https://www.redfin.com/MO/Saint-Louis/7221-Field-Ave-63116/home/93679222,412.3178751829202,818.6697207243504,895.5468351508291,537.9911769354208,368.0739461855921,6413.419043495003
https://www.redfin.com/MO/Saint-Louis/6179-Kingsbury-Ave-63112/home/93760349,94.78396383453257,235.7848229593737,655.9992590524132,108.86221335976522,328.6764351907472,3183.4126626808156
https://www.redfin.com/MO/Saint-Louis/5226-Elizabeth-Ave-63110/home/93727559,757.0101182622827,381.9788779663436,325.10658509986973,743.2458490049759,82.45183544107564,4389.602949761763
https://www.redfin.com/MO/Saint-Louis/2845-Chippewa-St-63118/home/93696482,24.353309888711202,96.73568604264888,183.08234767845858,139.71147166283583,38.04371497481578,6473.444957363972
https://www.redfin.com/MO/Saint-Louis/5544-Murdoch-Ave-63109/home/93753439,481.8942949211746,800.6284351171035,621.6493633244413,474.294269665926,411.7001279349524,5046.138549218589
https://www.redfin.com/MO/Saint-Louis/3704-Palm-St-63107/home/62773859,177.40344530031803,712.644956815299,352.9908467521046,185.5337641753596,175.7132449381066,6018.301167706485
https://www.redfin.com/MO/Saint-Louis/1115-Forest-Ave-63139/home/92933525,185.15490045506644,613.6790653533233,238.35420303767657,450.0428159350714,271.10153206367914,5320.238664671291
https://www.redfin.com/MO/Saint-Louis/5648-Marquette-Ave-63139/home/88443158,634.830656712716,416.2889592313382,859.666930665918,629.0009485082659,476.70925987812143,4055.8028223292604
https://www.redfin.com/MO/Saint-Louis/6963-Sutherland-Ave-63109/home/93774257,155.1805094190479,766.5142189955956,1064.4371821811255,183.42601761901807,152.26226430689974,6155.210199679005
https://www.redfin.com/MO/Saint-Louis/6633-Tholozan-Ave-63109/home/93775075,394.58938052079503,273.82016895578454,485.1444690091162,760.0581751475015,451.47214021643805,5478.748318467219
https://www.redfin.com/MO/Saint-Louis/5205-S-Kingshighway-Blvd-63109/home/93766882,35.693086567746896,279.9167505779212,1085.1117998513162,55.77391328406454,138.70928394203472,4197.636425608458
https://www.redfin.com/MO/Saint-Louis/3927-Childress-Ave-63109/home/93778383,99.34151753799445,860.4898102869789,570.3748730351915,191.36520669131238,79.4138776917847,6197.507823491062
https://www.redfin.com/MO/Saint-Louis/4967-Parker-Ave-63139/home/93777151,297.6409965047651,1509.790620830178,369.34961871924594,352.0149168920053,248.0938178445983,3035.21259879601
https://www.redfin.com/MO/Saint-Louis/6329-Potomac-St-63139/home/62735103,340.7491422777366,864.0128393384641,440.3210974012765,515.0814797681236,316.5525578247662,3844.8649500193624
https://www.redfin.com/MO/Saint-Louis/4950-Quincy-St-63109/home/93758332,151.92847062418022,776.208068462716,537.2041675130396,227.3619743657569,174.8866137629252,4684.426355252384
https://www.redfin.com/MO/Saint-Louis/3166-Pennsylvania-Ave-63118/home/93692984,220.45398094869662,657.408486495309,546.4960672378648,206.26768361049227,130.10352023269215,7752.641103152579
https://www.redfin.com/MO/Saint-Louis/4125-Miami-St-63116/home/62712295,537.1572851772472,708.6063579122809,890.4012419178114,560.8961277604596,336.25467008497696,5438.307014479905
https://www.redfin.com/MO/Saint-Louis/5456-Gravois-Ave-63116/home/93757183,32.040799162302235,519.3097238092071,574.2095121596052,115.77076674935543,30.73957671814989,5317.139046689373
https://www.redfin.com/MO/Saint-Louis/6830-Glades-Ave-63139/home/93741076,338.1214694744634,249.32490852138812,130.96825727137258,459.7985802562046,374.9719150327183,4811.499326619664
https://www.redfin.com/MO/Saint-Louis/5039-Grace-Ave-63116/home/93742558,170.2922665345974,1470.2734708457733,370.0228161584554,232.06702918215902,190.1917319213636,4917.562114432019
https://www.redfin.com/MO/Saint-Louis/6127-Alaska-Ave-63111/home/93709535,685.410439854968,941.7779230376597,685.1156913522565,430.3141666278131,371.04979663422154,6537.820858301084
https://www.redfin.com/MO/Saint-Louis/5732-Winona-Ave-63109/home/62749480,162.75005665426966,744.4654695367674,692.125854865811,208.4455863781697,172.46730331637147,4886.199274638733
https://www.redfin.com/MO/Saint-Louis/6718-Oleatha-Ave-63139/home/86019215,189.39464428203138,315.44982444852656,654.9832081408103,1048.0072252676662,596.4019535219006,4799.100588629083
https://www.redfin.com/MO/Saint-Louis/4008-Blaine-Ave-63110/home/93680533,903.0484268462752,293.41420810956305,643.4246029763805,517.7190094196852,123.23442366380559,5244.391451766752
https://www.redfin.com/MO/Saint-Louis/4464-Lee-Ave-63115/home/93733884,741.8952670282947,803.0291656719422,521.114885240014,286.9832910347373,675.7261728786577,5373.047203406552
https://www.redfin.com/MO/Saint-Louis/3854-Loughborough-Ave-63116/home/93773254,28.453244087461037,505.19785702084516,819.4337840128767,801.710014849775,497.9788118165649,4525.881590590224
https://www.redfin.com/MO/Saint-Louis/1334-Fairmount-Ct-63139/home/93750072,831.4707076405311,722.4457299847844,638.3060313190317,449.5333754519745,320.1621075587394,5957.244032351264
https://www.redfin.com/MO/Saint-Louis/2315-Russell-Blvd-63104/home/93690684,35.09491328107473,779.6772190342721,208.6238634394416,135.90648836505719,78.10727115613102,5977.04818524521
https://www.redfin.com/MO/Saint-Louis/3431-Indiana-Ave-63118/home/93694649,112.67135863881293,396.61820793482997,581.2908227165767,132.51170527090508,117.46161741070051,6197.846643264282
https://www.redfin.com/MO/Saint-Louis/5454-Gresham-Ave-63109/home/93769396,244.5243371473083,1154.2584067847943,708.8935904638593,562.1015150748333,230.3900568292347,4787.901246925023
https://www.redfin.com/MO/Saint-Louis/1719-Edwards-St-63110/home/93726508,605.793647800186,474.80864917236806,574.2268534422489,597.9060518224194,93.78428999590149,5757.125499181521
https://www.redfin.com/MO/Saint-Louis/2909-McNair-Ave-63118/home/93699038,251.54129655756387,306.4369001638668,900.741158287396,251.34580659681,119.3587243808757,7318.029830504793
https://www.redfin.com/MO/Saint-Louis/4114-McDonald-Ave-63116/home/93728856,967.3609373180187,339.5675568138537,349.42131417959,956.9304288857313,637.2528864905829,4872.990747057179
https://www.redfin.com/MO/Saint-Louis/5636-Marquette-Ave-63139/home/93780701,691.2396872157469,464.2269512480697,908.509376822885,684.9679576448441,442.82653566756306,4246.432402425685
https://www.redfin.com/MO/Saint-Louis/5939-Hilgard-Pl-63109/home/93784028,281.94278492416214,1014.1772949614766,143.2971318488431,331.8315765471839,248.75718777741596,6193.54271129599
https://www.redfin.com/MO/Saint-Louis/6024-Scanlan-Ave-63139/home/93742954,104.9203961411882,640.2239187624207,904.4840272987738,118.9109953830576,74.00396965711856,4939.362818286684
https://www.redfin.com/MO/Saint-Louis/8624-Riverview-Blvd-63147/home/93730749,31.01558259574252,915.8553799837798,905.8556022976901,1076.6915789364311,111.92698419991589,5580.262766838349
https://www.redfin.com/MO/Saint-Louis/5123-Goethe-Ave-63109/home/77446731,194.3006028110331,744.7935620038359,1077.0509681010165,192.11480834030235,167.40559779523065,4840.533854565725
https://www.redfin.com/MO/Saint-Louis/5621-Botanical-Ave-63110/home/68108481,524.1983892516663,773.6454818815457,636.509054251221,544.655368613747,195.95119193229053,5540.82866695039
https://www.redfin.com/MO/Saint-Louis/3310-Michigan-Ave-63118/home/62771703,312.47882077606727,415.8667559339213,582.1545508486159,228.17543186707994,193.2023174760185,6539.18076780604
https://www.redfin.com/MO/Saint-Louis/5556-Arthur-Ave-63139/home/93742752,933.0739485301399,647.0039254257418,643.7416229351813,934.0048280442085,151.14908966471347,5912.00933640359
https://www.redfin.com/MO/Saint-Louis/4744-Bonita-Ave-63116/home/93766459,100.82362807309592,559.9719400567964,142.34156278685472,161.48369154884674,105.8022146626746,4734.942717286367
https://www.redfin.com/MO/Saint-Louis/4323-Bingham-Ave-63116/home/93771913,139.88101119907847,1322.8898978063735,175.69948300269363,164.57366008111745,122.05123432961898,5120.271563894072
https://www.redfin.com/MO/Saint-Louis/925-Riverview-Blvd-63147/home/93783208,27.548861921315698,719.1007941010995,1122.3006490276857,73.88810917058544,447.4064423598916,6049.00404144894
https://www.redfin.com/MO/Saint-Louis/6036-Horton-Pl-63112/home/93723563,147.65189845162206,256.5652811877997,644.8521786006752,824.7913747993703,272.33224172078627,5165.830843999685
https://www.redfin.com/MO/Saint-Louis/6011-S-Grand-Blvd-63111/home/93772421,503.621683312497,873.5933834793341,804.689552127997,93.06935578200228,69.9927754538082,5239.5923707405545
https://www.redfin.com/MO/Saint-Louis/4254-McRee-Ave-63110/home/62720952,317.520766599514,365.15448768614414,108.62343904477545,95.99581654489556,69.01433366927203,5786.5302573559175
https://www.redfin.com/MO/Saint-Louis/5750-Gresham-Ave-63109/home/82734593,57.12451507944622,982.2000244776694,488.80043514179283,116.29897427673782,42.64901322522595,4647.462914629653
https://www.redfin.com/MO/Saint-Louis/2703-Pestalozzi-St-63118/home/93691711,209.24358534438775,733.5872083411343,398.51847041895036,228.5634733502444,55.61215004869733,8251.68375557794
https://www.redfin.com/MO/Saint-Louis/2638-Park-Ave-63104/home/93700724,152.55578249530146,270.3313698120335,441.2979688940178,143.13195433693647,206.0033140029092,5369.95908674788
https://www.redfin.com/MO/Saint-Louis/2520-California-Ave-63104/home/93699948,453.92895688794454,169.119478802334,329.90201185408785,440.6321510160758,56.399315748966025,6010.343387611799
https://www.redfin.com/MO/Saint-Louis/6412-Potomac-St-63139/home/93775208,239.01025587700002,977.1226721182437,326.4367441402999,621.2827201426102,205.78090057891458,4522.801106522857
https://www.redfin.com/MO/Saint-Louis/5727-Winona-Ave-63109/home/93780968,103.30102017146443,800.0923728417072,656.1065891715115,171.12773283495207,149.16896409919215,5240.612150571382
https://www.redfin.com/MO/Saint-Louis/4747-Milentz-Ave-63116/home/93756831,189.33084244324678,434.79907460351586,600.4240017956757,178.4374300642822,156.71542199033374,6207.585726937178
https://www.redfin.com/MO/Saint-Louis/2922-Sidney-St-63104/home/93699577,416.6033153600137,544.7132455702806,583.6994770524001,601.8257199078594,67.38887188468549,6120.013936431855
https://www.redfin.com/MO/Saint-Louis/7124-Marwinette-Ave-63116/home/93784068,352.9506297852737,935.8974036142006,466.21019000199385,820.0348587114363,600.0975793451126,7287.949535496456
https://www.redfin.com/MO/Saint-Louis/2834-Mount-Pleasant-St-63111/home/62739023,140.48020163715734,554.1077416032741,1097.9906980205544,129.4946525065824,131.63332375470387,7578.566258418716
https://www.redfin.com/MO/Saint-Louis/2339-Sulphur-Ave-63139/home/93741606,149.33964828293176,269.91974441133675,490.74731851168724,204.83674636865663,129.27173639961873,5576.0387869745255
https://www.redfin.com/MO/Saint-Louis/1523-Graham-St-63139/home/93761909,108.8736344012572,332.70454782619424,405.1708142346219,154.73955944427175,264.65812090509877,6254.541860292779
https://www.redfin.com/MO/Saint-Louis/7121-Leona-St-63116/home/93784106,361.1487787791892,902.6656545222613,101.46526646502497,777.2516938971052,321.3945815655151,5796.265508234283
https://www.redfin.com/MO/Saint-Louis/1615-Veronica-Ave-63147/home/93731838,297.40552942254936,1518.0209603891096,413.38341632278633,696.8823170257971,410.00731160367826,5296.218468104677
https://www.redfin.com/MO/Saint-Louis/3025-Mount-Pleasant-St-63111/home/93706256,461.88130539005095,279.59140912846146,899.5786642763811,456.0782157031267,436.2407684316011,7113.991591074334
https://www.redfin.com/MO/Saint-Louis/8111-Southpark-Ct-63125/home/93785118,236.73052779635307,1000.0612950043068,1710.3632314415938,466.2892762868862,254.41975684298518,5824.719358104346
https://www.redfin.com/MO/Saint-Louis/3829-Burgen-Ave-63116/home/93781505,147.0905214792252,1241.298448510654,969.7729648774831,707.1369806365515,207.6004521184402,4787.330498176614
https://www.redfin.com/MO/Saint-Louis/3215-Jasper-Park-63139/home/93742960,432.30293418292825,639.971171021688,777.4155334211072,430.39858424769477,402.1540091223665,4996.6624963794875
https://www.redfin.com/MO/Saint-Louis/7300-Vermont-Ave-63111/home/62725111,257.2986664562607,577.6239183014255,394.85996397575974,669.0553464484742,492.51871149775224,6540.957882648818
https://www.redfin.com/MO/Saint-Louis/4533-Ray-Ave-63116/home/93756010,423.29197570152695,998.3910807774218,916.9256152174747,419.3660032316718,83.13128115471412,3598.629323032793
https://www.redfin.com/MO/Saint-Louis/2828-59th-St-63139/home/93726749,191.93867770931533,503.9384101585048,497.0856898416594,201.30604813774647,58.799701346105195,6341.970515533934
https://www.redfin.com/MO/Saint-Louis/2217-Keokuk-St-63118/home/93696829,176.4961335243916,308.6759594441629,541.8789426106727,167.6176240743028,123.04607941598128,5704.22594054517
https://www.redfin.com/MO/Saint-Louis/5425-Bates-St-63116/home/93767474,166.64079791393686,535.2530607112848,667.444678269507,161.757639864004,134.49199394002545,5169.657404543095
https://www.redfin.com/MO/Saint-Louis/2225-Richert-Pl-63143/home/93741480,158.530584230117,1002.3060050203295,887.2359248875833,247.8085001820057,127.21503440463337,3702.877225855096
https://www.redfin.com/MO/Saint-Louis/7122-Picadilly-Ave-63143/home/81570103,104.14135039822195,992.3445988136302,1763.6715400243288,1465.551605627915,861.9529518337013,3677.9789358659987
https://www.redfin.com/MO/Saint-Louis/2702-Indiana-Ave-63118/home/93697785,201.12628522181313,428.3903730491525,523.067274990898,228.46414060141018,147.45635465021448,6094.728313178093
https://www.redfin.com/MO/Saint-Louis/5221-Delor-St-63109/home/93766693,416.53661309883836,651.0309996138498,847.0778886201024,411.3605026879185,406.30991747253347,3711.806974228488
https://www.redfin.com/MO/Saint-Louis/6591-Scanlan-Ave-63139/home/93742252,345.17429950821503,921.8980878597775,1153.3768395980997,1186.241969804658,117.58272339002835,4108.416823182917
https://www.redfin.com/MO/Saint-Louis/3415-Vista-Ave-63104/home/93700940,365.9906173603301,458.7497174725733,510.5765584187778,409.17382326972205,210.93375694704773,4836.297954570673
https://www.redfin.com/MO/Saint-Louis/7200-Lanham-Ave-63143/home/93743627,108.18955134038958,725.4635127474086,1421.3052533397406,298.4323794129853,102.24178970251455,1608.624444495566
https://www.redfin.com/MO/Saint-Louis/5015-Gerritt-Ave-63116/home/62710610,671.5540063887578,1141.228121028932,792.9669542400234,1041.192183183006,545.5348979340099,5632.050223090273
https://www.redfin.com/MO/Saint-Louis/5920-Morganford-Rd-63116/home/93776115,29.382703219281726,729.200105213785,521.9312223676532,685.0041518073965,425.14749297877376,3739.7609326258184
https://www.redfin.com/MO/Saint-Louis/6020-Potomac-St-63139/home/88995357,103.86742253904036,521.011950335966,333.2934478781305,125.36316404229316,72.20139057422065,4843.0277412312325
https://www.redfin.com/MO/Saint-Louis/3956-Connecticut-St-63116/home/93729642,452.7325857472879,877.9540013201879,352.21984591448063,454.5043119684543,344.94112450514575,4616.560265267768
https://www.redfin.com/MO/Saint-Louis/5251-Pernod-Ave-63139/home/93777338,516.4996748640328,1216.4388365116702,565.7601938974859,552.7803473635452,505.1315650362027,5487.4423736632825
https://www.redfin.com/MO/Saint-Louis/4222-Flad-Ave-63110/home/62764603,912.565902135431,495.9425292602652,436.59594455875805,564.9112890685968,473.42360787641576,5024.203148289479
https://www.redfin.com/MO/Saint-Louis/4955-Nagel-Ave-63109/home/93758304,207.84872164613805,929.5925173515917,721.598757139243,197.66019867701243,172.4733216039254,4117.3725042146025
https://www.redfin.com/MO/Saint-Louis/3442-Chippewa-St-63118/home/93695359,28.055481992517652,738.1381034467261,901.5561942218749,181.01422813389973,174.89056755109806,5930.707365332082
https://www.redfin.com/MO/Saint-Louis/2801-Missouri-Ave-63118/home/93677429,240.1988172503477,321.11674342491665,601.4060571399217,222.55814964813158,194.44574517312344,5774.145448393954
https://www.redfin.com/MO/Saint-Louis/5242-Quincy-St-63109/home/93758225,149.62265543553568,1109.585984712204,756.3364049240174,567.1567555107896,273.4164888665065,4600.662370684122
https://www.redfin.com/MO/Saint-Louis/3139-Mount-Pleasant-St-63111/home/93706190,661.8751911603247,238.86772907962313,845.8094414790414,649.4861907313424,261.9744187182731,6419.410913335093
https://www.redfin.com/MO/Saint-Louis/3710-Berger-Ave-63109/home/93779094,93.34602981165531,234.12378219766632,979.9870948765931,766.2530178795481,281.5127424955466,5335.853356779732
https://www.redfin.com/MO/Saint-Louis/7827-Clymer-Dr-63123/home/93784965,283.9862868160412,1520.389581371994,1267.7454736900415,466.1087945853475,747.4438902525696,5386.365617868604
https://www.redfin.com/MO/Saint-Louis/5455-Walsh-St-63109/home/62696031,695.1103236816306,1183.01073593885,968.8860126047393,687.9305223525392,259.35082924037704,4389.985213015667
https://www.redfin.com/MO/Saint-Louis/4441-Oakland-Ave-63110/home/93751248,171.43542372989103,502.8535499875804,550.3384455427179,181.69219485798263,128.04755111433317,5963.468113802532
https://www.redfin.com/MO/Saint-Louis/6648-Dale-Ave-63139/home/93741217,747.4046617524592,518.4707569742251,609.8755909258509,737.1876983968891,236.47445201327326,5334.472684165649
https://www.redfin.com/MO/Saint-Louis/4822-Hamburg-Ave-63123/home/93759311,109.3996595351898,1388.737719476784,1898.7813323267733,345.2312198187045,280.50580895667713,1642.924285993093
https://www.redfin.com/MO/Saint-Louis/5746-Pernod-Ave-63139/home/62717562,259.39276447839495,598.809326812164,361.12107211699407,257.13100629521097,292.30576175229186,6340.601946421199
https://www.redfin.com/MO/Saint-Louis/3933-McDonald-Ave-63116/home/93729377,760.2931872531378,868.0158376640302,684.2307816622022,815.6507632932967,483.5445659225558,4890.087532438662
https://www.redfin.com/MO/Saint-Louis/6028-Potomac-St-63139/home/62751224,131.3358165900118,541.9470256896706,334.9007863821966,146.45515459077234,93.43938588250593,4853.1313989481505
https://www.redfin.com/MO/Saint-Louis/6444-Plateau-Ave-63139/home/93740836,260.82723953182864,334.64111801384325,469.3506325383959,252.9270110815336,212.46340147271374,5119.381804666786
https://www.redfin.com/MO/Saint-Louis/1112-Hornsby-Ave-63147/home/93760917,200.01636527598257,996.50268800858,731.6340339544913,597.8577322821544,479.8648355476347,5062.516501114798
https://www.redfin.com/MO/Saint-Louis/5716-Winona-Ave-63109/home/93780869,163.7292238514013,778.1342895012097,729.1311296653492,195.60628840422638,207.42686093075528,5547.9441549765
https://www.redfin.com/MO/Saint-Louis/5252-Botanical-Ave-63110/home/93727589,861.6342394203796,537.3728080301956,164.64512041934734,859.9269910453778,121.42113514877349,4980.668709582211
https://www.redfin.com/MO/Saint-Louis/4978-Odell-St-63139/home/62725667,136.94369614491984,1166.5896426104741,266.77657682245547,206.88101754715083,228.546577627819,4070.752792175512
https://www.redfin.com/MO/Saint-Louis/5828-Pamplin-Ave-63147/home/93770356,137.34775476500513,330.98861603641126,112.49071548549222,168.18227673120865,132.27529120351372,5461.212232248594
https://www.redfin.com/MO/Saint-Louis/5717-Lansdowne-Ave-63109/home/93752731,364.50427293650523,549.7645989346461,835.8489631773056,399.6078401421186,318.65860691169377,4413.0531485775255
https://www.redfin.com/MO/Saint-Louis/3420-Humphrey-St-63118/home/93671832,179.84003468141094,647.7699183129201,410.329233733052,168.21348967087192,136.30024801567353,7460.269755729513
https://www.redfin.com/MO/Saint-Louis/3940-Randall-St-63116/home/62748904,829.338306841609,1092.8039611329448,828.4209826482963,1011.6221437844363,587.5701757382333,6047.941447568029
https://www.redfin.com/MO/Saint-Louis/5712-Floy-Ave-63136/home/93765406,141.48144449883614,748.5472885900049,437.2346658803406,276.0839081718566,232.31184426791498,5010.820644190019
https://www.redfin.com/MO/Saint-Louis/2636-Hereford-St-63139/home/93727617,426.76094077626425,840.981502134039,432.78156306327907,418.9320621795456,218.4975948916468,3452.5372999428414
https://www.redfin.com/MO/Saint-Louis/4546-Arco-Ave-63110/home/93749278,176.10649329896933,698.4794521256782,695.9477426060722,170.5450098897599,212.37923743126285,5155.9447619901
https://www.redfin.com/MO/Saint-Louis/1226-Sidney-St-63104/home/93686652,687.7718294076075,129.96933128725686,658.2682993985652,114.2611569101414,158.1508921863798,7417.28757093176
https://www.redfin.com/MO/Saint-Louis/3724-Bamberger-Ave-63116/home/62692922,78.60331610238065,347.5220095687067,1628.854523771191,125.41472431172147,183.89549822089958,5529.798003161571
https://www.redfin.com/MO/Saint-Louis/5962-S-Cuba-Ct-63139/home/93775539,78.32782795057796,776.7748048391528,418.07637561737505,95.45073900769665,73.53610324075355,7234.199312230879
https://www.redfin.com/MO/Saint-Louis/3729-Upton-St-63116/home/93712148,296.2318016474107,810.7222868508534,1133.8320424253163,326.7315685744715,107.01043368863905,6708.879357187168
https://www.redfin.com/MO/Saint-Louis/5620-Bischoff-Ave-63110/home/62739721,628.252455513549,481.61192392898124,769.1902540512853,624.6928119642115,426.15383046141415,5046.279340375798
https://www.redfin.com/MO/Saint-Louis/3718-S-Spring-Ave-63116/home/93730228,172.41727701991852,499.11937450071736,1572.1448356305973,160.19958461906785,188.60329625661998,5785.896834167498
https://www.redfin.com/MO/Saint-Louis/3408-Winnebago-St-63118/home/93695337,234.66096657245922,447.14599955162976,760.4151266940842,345.96817730313427,67.09563253433438,6408.8678307579385
https://www.redfin.com/MO/Saint-Louis/6118-Newport-Ave-63116/home/62732448,268.7212866242105,913.1973355688725,184.6791761000194,1029.939190284134,297.7744801741859,6812.98151725258
https://www.redfin.com/MO/Saint-Louis/6409-Sutherland-Ave-63109/home/93780027,166.1538433517327,756.068238394768,754.3924600672348,181.41986893586113,152.69165518549724,5104.906913427762
https://www.redfin.com/MO/Saint-Louis/6156-Louisiana-Ave-63111/home/93709515,782.4900616273218,824.0531324777229,802.9259075335044,317.46314155657376,286.8452597886003,6788.541767694531
https://www.redfin.com/MO/Saint-Louis/6650-Odell-St-63139/home/93743853,172.5894641847827,824.2419425789576,1411.0084145297149,1111.194618139477,195.3727336525304,6738.713131870075
https://www.redfin.com/MO/Saint-Louis/4862-Goethe-Ave-63116/home/93763271,133.2648386338261,620.6309372513749,913.3109711134053,149.45500867508707,171.35387180270556,5251.945269710152
https://www.redfin.com/MO/Saint-Louis/3817-Childress-Ave-63109/home/62726699,97.52962255892999,833.3438107937532,401.91026513401164,315.70656179652843,60.590313395383504,5636.8132399495225
https://www.redfin.com/MO/Saint-Louis/819-Portland-Ter-63147/home/93783298,68.18815644339834,604.6296492177696,1548.9861365598945,84.0502725850032,71.018711247942,6437.325938527846
https://www.redfin.com/MO/Saint-Louis/4227-Prather-Ave-63109/home/93769781,245.562653626589,533.5293899137321,817.3578710138876,264.2818335796881,301.2741099666838,5359.78667767061
https://www.redfin.com/MO/Saint-Louis/1371-Louisville-Ave-63139/home/62710958,757.5320980988182,541.4320549931659,586.9854587563323,556.8337039993388,145.94138931039004,6038.949161108867
https://www.redfin.com/MO/Saint-Louis/6201-Oleatha-Ave-63139/home/62718380,295.65729338918936,716.0590595160804,328.34233709469254,322.6410266175593,260.57007620440345,4848.004530034034
https://www.redfin.com/MO/Saint-Louis/5633-Walsh-St-63109/home/62767315,316.161089531145,893.1263188539278,713.30279805308,312.9014804754903,277.71728241686947,5074.304220713676
https://www.redfin.com/MO/Saint-Louis/5007-Alabama-Ave-63111/home/93707892,675.9691214802929,962.5782276683377,768.9076271329601,277.16927963261975,108.71001334547698,6464.370571177168
https://www.redfin.com/MO/Saint-Louis/5450-Dresden-Ave-63116/home/62711780,125.6749450813374,475.4467210275918,876.761077577283,212.12794523499895,89.7808931190325,6426.4268396131265
https://www.redfin.com/MO/Saint-Louis/3903-Prather-Ave-63109/home/93769756,243.88228441475673,220.0707948860602,764.4009554970241,591.1807260387777,571.3751013016415,4774.588376392971
https://www.redfin.com/MO/Saint-Louis/5947-Summit-Pl-63147/home/93770503,355.240269013655,497.46815134354796,448.75074925876027,607.3987032240582,555.9681567929753,6404.337012116718
https://www.redfin.com/MO/Saint-Louis/2258-S-Jefferson-Ave-63104/home/93690918,45.41571433967917,457.57773023400995,164.4978996137936,120.34746095172684,96.95076863278125,6465.040486581136
https://www.redfin.com/MO/Saint-Louis/7413-Ray-Ave-63116/home/93784358,210.58785921584692,715.3970392311768,531.0300462039011,263.36066173718376,244.04785211034022,6510.489743589955
https://www.redfin.com/MO/Saint-Louis/6635-Arsenal-St-63139/home/93741807,25.028762112159292,850.4708664216741,1408.8706009707173,1141.1405910042079,91.1167179074542,5628.473952330461
https://www.redfin.com/MO/Saint-Louis/6453-Colletta-Dr-63139/home/93784581,333.85242750155084,666.4823644891003,1041.9860092325284,733.8228374015486,429.44021015181,5230.464120906901
https://www.redfin.com/MO/Saint-Louis/5405-Michigan-Ave-63111/home/62711080,213.58033764671535,634.4500893547212,659.5039128479235,435.6289256370598,213.92767832819402,7891.034326715606
https://www.redfin.com/MO/Saint-Louis/6553-Lindenwood-Pl-63109/home/93775143,227.0095589623846,516.0182583951605,460.5664115395489,420.17689197621627,192.01249923251413,5925.696941521105
https://www.redfin.com/MO/Saint-Louis/3426-Nebraska-Ave-63118/home/93694320,745.2531970106247,158.87612677049182,755.4674723783785,125.15640759594831,148.063847893057,6002.269495999388
https://www.redfin.com/MO/Saint-Louis/6215-Southland-Ave-63109/home/62732882,145.3443416110469,935.8777371095448,309.7519573649847,241.1053416240712,134.4865172045048,5518.1794873561585
https://www.redfin.com/MO/Saint-Louis/1338-Fairmount-Ct-63139/home/62717950,832.392759578061,723.5605318238586,652.1871481810629,465.4103394671027,304.6774203401907,6071.0022077543745
https://www.redfin.com/MO/Saint-Louis/3241-Geyer-Ave-63104/home/93689578,168.72122224839063,346.96459758580073,698.2742929524363,597.7794400834277,419.2962211603446,5918.407794373038
https://www.redfin.com/MO/Saint-Louis/4151-Quincy-St-63116/home/93772878,97.56595955040957,686.695216333779,174.58832855620506,937.842820053967,75.74521754955728,5479.78686351469
https://www.redfin.com/MO/Saint-Louis/2637-Pearl-Ave-63139/home/103203201,591.1985876476452,440.7377164758027,612.3461740171787,598.2237625968231,138.22545754248375,5693.295360626258
https://www.redfin.com/MO/Saint-Louis/5616-Milentz-Ave-63109/home/93771372,379.3697780335666,1370.0942631886624,624.6549320557484,369.5080613846061,357.4130283856378,3645.9535382581757
https://www.redfin.com/MO/Saint-Louis/4252-Gertrude-Ave-63116/home/93781035,113.18297650310242,563.0039048872039,493.8495450958754,437.55655129135357,118.6735910736153,4412.886225118272
https://www.redfin.com/MO/Saint-Louis/5133-Goethe-Ave-63109/home/93769447,224.6962304489239,779.8425234047774,1080.156008187635,227.67366709517427,189.75399037133704,4938.696533250752
https://www.redfin.com/MO/Saint-Louis/3000-California-Ave-63118/home/93699315,133.84081263751904,803.5971967272818,572.591871699633,131.85623488945257,112.6729753015983,8822.22749663006
https://www.redfin.com/MO/Saint-Louis/5753-Lindenwood-Ave-63109/home/93780908,152.0623951657972,902.4440712028502,394.8475994706031,140.94171055468757,116.21962211755793,6050.132043972366
https://www.redfin.com/MO/Saint-Louis/3927-Weber-Rd-63123/home/93785639,531.1086733871684,1702.6493562053372,1514.626366270436,712.9793690497174,893.8476881092872,2679.5091903883404
https://www.redfin.com/MO/Saint-Louis/4448-Itaska-St-63116/home/62751687,593.5108229544138,633.3022607297356,778.2798150004694,588.4880317451489,265.0202669284675,4225.936743604879
https://www.redfin.com/MO/Saint-Louis/5034-Ray-Ave-63116/home/93767090,561.9998028547792,604.081755871036,449.87984759130615,610.429386365474,666.1684337108337,4587.417063659351
https://www.redfin.com/MO/Saint-Louis/3332-Nebraska-Ave-63118/home/93693671,667.8592336167846,88.39897627616197,887.9118812110489,115.33588469317368,113.44015540052436,6348.559933377482
https://www.redfin.com/MO/St-Louis/4113-Hartford-St-63116/home/201215071,103.91347566556868,420.12100157908645,217.27296844987802,97.60044481598551,590.1169726881384,3505.224036197005
https://www.redfin.com/MO/Saint-Louis/2332-Hickory-St-63104/home/93700594,109.51033502255557,492.09859289056163,867.7424984792525,102.73914163423485,114.71658528108095,5817.9187459280765
https://www.redfin.com/MO/Saint-Louis/1408-E-Linton-Ave-63107/home/93713184,237.59671079437572,987.9913859494567,139.49450244861106,240.93960146186984,387.40949203870315,7468.084731034138
https://www.redfin.com/MO/Saint-Louis/3968-Schiller-Pl-63116/home/93781153,249.62243412476496,1088.2864284376262,943.1361093700423,1108.331882028576,369.47918720797264,3535.410788284317
https://www.redfin.com/MO/Saint-Louis/8554-Drury-Ln-63147/home/93732326,340.592237293201,887.9244004053444,835.8838117871011,979.8438474410892,467.4350107789241,5633.94328333693
https://www.redfin.com/MO/Saint-Louis/6414-Center-Ct-63116/home/93779360,184.0059456182298,552.4234095047974,380.9910584178875,173.52760801416946,108.51953110466582,6046.695200024868
https://www.redfin.com/MO/Saint-Louis/6220-Minnesota-Ave-63111/home/85025438,167.90567251494087,758.9566539454071,1074.4617564384514,323.0814402615969,660.390658854317,7038.359754707147
https://www.redfin.com/MO/St-Louis/1520-Washington-Ave-63103/unit-604/home/168590453,46.94798013443128,386.38380672379594,274.97500719764605,246.14542758335625,80.55067280690567,7472.019561328139
https://www.redfin.com/MO/Saint-Louis/7821-Parkwood-Dr-63123/home/93783865,117.20783367837852,798.1498712607348,1080.6048249067246,317.0122637430095,222.5066885757681,6355.361767133706
https://www.redfin.com/MO/Saint-Louis/6023-Elizabeth-Ave-63139/home/93761602,199.64164529908552,360.43604916809056,675.0272025120496,194.23221812853603,176.7799746537798,4659.3460071225645
https://www.redfin.com/MO/Saint-Louis/617-Haven-St-63111/home/93709890,275.0846664730713,1105.7069055795223,404.8114917901742,731.4889986932347,450.088137559691,7312.191529316158
https://www.redfin.com/MO/Saint-Louis/5011-Alaska-Ave-63111/home/93707524,395.2912595716625,1060.5943134233953,738.4917605401487,400.4868269995973,341.61527555747017,6105.453914668684
https://www.redfin.com/MO/Saint-Louis/4716-Olive-St-63108/home/93709331,241.20485918371185,60.79444513183855,303.7053190670591,230.83207927009335,166.78572830680147,5956.51078545395
https://www.redfin.com/MO/Saint-Louis/5447-Robert-Ave-63109/home/93775961,97.65632571662587,653.6596067797813,894.738406610587,92.38761177208491,133.2585837010455,4789.052856869882
https://www.redfin.com/MO/Saint-Louis/6107-Alabama-Ave-63111/home/93709179,485.96908055238674,1133.5764684016638,541.0169146515168,753.6027504784244,624.880614330257,6877.852634879448
https://www.redfin.com/MO/Saint-Louis/2918-Wisconsin-Ave-63118/home/93698939,216.7314995184005,318.32383112442994,1075.8553074979993,212.08642276343264,193.84057342544324,7466.510472973658
https://www.redfin.com/MO/Saint-Louis/7132-Vermont-Ave-63111/home/93710409,230.1630834811477,685.1264920094363,266.0243142276143,648.2453340111026,463.1068329313015,7171.486824608895
https://www.redfin.com/MO/Saint-Louis/6634-Elmer-Ave-63109/home/79108391,128.26259843733402,548.2303172730193,199.41193773573934,140.87698086615387,70.61242252491837,4757.680444578104
https://www.redfin.com/MO/Saint-Louis/6415-Blow-St-63109/home/93774279,101.80908124765467,982.0973903155292,547.7263110639865,113.2487986647009,64.53275383713323,4358.042806649022
https://www.redfin.com/MO/Saint-Louis/2706-Alhambra-Ct-63118/home/93692269,158.80775363082967,829.3498245685131,463.0660533798903,182.65127074446823,98.60997619584579,5694.728642854486
https://www.redfin.com/MO/Saint-Louis/5139-Goethe-Ave-63109/home/93769443,242.67687511051756,802.500252618747,1080.855255016173,249.6736741734525,204.64669548726934,4884.224416349046
https://www.redfin.com/MO/Saint-Louis/4410-Wallace-St-63116/home/93763769,399.1944260504774,435.18789536473685,581.3121173219221,390.69170173091635,388.6088201260573,4591.844024261126
https://www.redfin.com/MO/Saint-Louis/4153-Loughborough-Ave-63116/home/93778163,29.643570704081974,803.6434723473877,307.8917282362138,1070.7963854088318,86.3823006024929,5944.228372640523
https://www.redfin.com/MO/Saint-Louis/4817-Goethe-Ave-63116/home/93763405,307.41479462959194,564.100871071869,821.6534684646751,309.2990149528415,308.2760119854977,4295.459521757363
https://www.redfin.com/MO/Saint-Louis/3231-Ohio-Ave-63118/home/93694183,278.64206996195946,462.3892293335741,1182.063882432116,277.1533549650077,121.82942013255325,6469.172554694232
https://www.redfin.com/MO/Saint-Louis/4455-Oakland-Ave-63110/home/93750910,203.36406837806618,541.2540258093466,601.4130698477558,213.83992992787302,79.07403797671286,5886.514210845283
https://www.redfin.com/MO/Saint-Louis/5725-Westminster-Pl-63112/home/93767242,143.76209947469746,147.11643467195933,219.23118137421176,168.3669395373419,117.3124854601354,4507.872363984376
https://www.redfin.com/MO/Saint-Louis/5344-Lansdowne-Ave-63109/home/62733865,543.3586793126311,1297.8394783947929,92.40587586775382,531.8044990452229,79.22360868003035,4983.192441896444
https://www.redfin.com/MO/Saint-Louis/4918-Wise-Ave-63110/home/93726654,63.674960339273234,834.0700702067785,373.6478792135846,75.10346786547349,18.689363116521193,4261.595916336783
https://www.redfin.com/MO/Saint-Louis/3409-Macklind-Ave-63139/home/93742744,860.9714841771436,863.5732043749196,644.9609042545923,849.0560308674693,345.2635239174708,6301.209489005863
https://www.redfin.com/MO/Saint-Louis/5433-Donovan-Ave-63109/home/93782781,70.50716458010899,597.7359752134458,845.1826301648405,952.043346310422,1096.6927922326643,5680.843787060015
https://www.redfin.com/MO/Saint-Louis/7109-Canterbury-Ave-63143/home/93745012,35.65743539268999,209.33866017749972,1963.0131155805425,998.6543534785254,528.744701661354,5279.791114088181
https://www.redfin.com/MO/Saint-Louis/4521-Gibson-Ave-63110/home/93750278,317.63629803619693,544.3793028280556,874.636528017597,314.6738705172724,92.33136759545849,4460.770946626802
https://www.redfin.com/MO/Saint-Louis/5662-Tholozan-Ave-63109/home/93781656,337.67641423876006,777.6977910048658,680.4349827623628,340.4505739006767,329.00739585560376,6132.72028822768
https://www.redfin.com/MO/Saint-Louis/3525-Hartford-St-63118/home/93692682,96.86352155657072,205.87722318398016,542.5652006735979,116.66190796971446,88.54756826910098,6414.43136085714
https://www.redfin.com/MO/Saint-Louis/4934-Walsh-St-63109/home/93767177,150.18398722333797,387.4971333085979,1100.3817014698393,162.84901066831358,116.57385205123197,4741.001446484428
https://www.redfin.com/MO/Saint-Louis/3143-Lavender-Ln-63139/home/62740402,170.99495214796863,366.0130104575338,787.2650260603497,230.03910502856886,320.1338932053769,6651.019623279554
https://www.redfin.com/MO/Saint-Louis/4224-McRee-Ave-63110/home/93683808,412.9493859698348,421.23375122976813,191.02037998281162,196.8337059292444,174.08431175074,5693.402986916549
https://www.redfin.com/MO/Saint-Louis/923-Withnell-Ave-63118/home/93699695,196.5243133490905,292.439242793016,1238.295190841732,203.8672631761209,137.47705708514422,6362.0663363326985
https://www.redfin.com/MO/Saint-Louis/6331-Saloma-Ave-63136/home/93778231,72.42506125019652,341.0026975978752,1942.5852499589296,1831.564734607068,106.54028514630009,2938.148828069875
https://www.redfin.com/MO/Saint-Louis/5608-Holly-Hills-Ave-63109/home/93777486,422.9223430795507,1513.575616934326,698.9037040632915,411.95509437002903,400.0508301116714,3358.6607850360797
https://www.redfin.com/MO/Saint-Louis/6228-Marquette-Ave-63139/home/93775406,391.5804325685937,712.014508907992,546.4580204412474,380.04304692935546,340.23700187299966,3842.928266709745
https://www.redfin.com/MO/Saint-Louis/3241-California-Ave-63118/home/93693823,544.51827580347,375.51696234209163,941.5149947735913,345.2317815190288,64.93382738732568,6612.411530489692
https://www.redfin.com/MO/Saint-Louis/5612-Rosa-Ave-63109/home/66028777,394.93584286264587,1173.7383850701492,647.9137839964612,408.11639803204673,169.97290161178407,4540.121416189174
https://www.redfin.com/MO/Saint-Louis/5521-Murdoch-Ave-63109/home/93753279,587.6178207030446,895.1866495243986,510.905697537257,581.2839638667256,315.88344546677433,5093.936641066366
https://www.redfin.com/MO/Saint-Louis/6518-Odell-St-63139/home/93741808,224.9120570661776,1026.6713545285777,997.5813163286119,807.7784141568258,248.13805036242948,4060.702106518189
https://www.redfin.com/MO/Saint-Louis/3138-Clifton-Ave-63139/home/93775742,154.92758838679637,844.2860820879921,728.5303611942977,199.28652850798943,117.64951710573395,6211.635196360909
https://www.redfin.com/MO/Saint-Louis/2119-Chippewa-St-63118/home/93696678,221.2203427568402,273.7700101542088,307.4174603693107,238.9088545353643,204.5310286125621,6090.314318099708
https://www.redfin.com/MO/Saint-Louis/5521-Itaska-St-63109/home/93765274,546.2561852936632,948.5515449018236,804.0434076295924,563.8578156909888,342.4960431634347,4541.000189332768
https://www.redfin.com/MO/Saint-Louis/1178-Riverview-Blvd-63147/home/93760573,31.832544892701364,1251.3713655175127,344.253519144652,55.65032627833567,78.23744855523493,3323.6305458231172
https://www.redfin.com/MO/Saint-Louis/6565-Winnebago-St-63109/home/93775081,269.44307274696075,514.83701714796,597.7468502524279,373.2180596299953,233.50606693036627,5476.125769001338
https://www.redfin.com/MO/Saint-Louis/2628-Indiana-Ave-63118/home/93697767,199.8866998246348,448.42894272281796,518.5925515624137,223.40119241093706,136.14936795557253,6412.238127311498
https://www.redfin.com/MO/Saint-Louis/6539-Bancroft-Ave-63109/home/93775552,119.04909126642806,739.205109971854,752.5916677212872,148.28927810900166,117.45635896787847,6014.641638651609
https://www.redfin.com/MO/Saint-Louis/3949-Flad-Ave-63110/home/93746633,790.1016020405982,177.4020748454988,409.36068647344786,191.40996439804152,518.403064295435,5603.282509070726
https://www.redfin.com/MO/Saint-Louis/5208-Murdoch-Ave-63109/home/62734760,464.5608600101057,873.9402672790235,475.68964529185746,457.59219909367033,398.1500256639858,3972.608710368194
https://www.redfin.com/MO/Saint-Louis/4948-Tyrolean-Ave-63109/home/93764360,100.18133544387685,633.2656914449998,294.1401341691673,212.4166981354675,161.2735304395367,5120.543246576219
https://www.redfin.com/MO/Saint-Louis/3920-De-Tonty-St-63110/home/93756966,715.0505344053613,530.1584896638948,284.1729725188785,127.00514217262814,105.02516491173452,5889.277443897172
https://www.redfin.com/MO/Saint-Louis/6136-Victoria-Ave-63139/home/62731294,154.97658164752784,415.1108248941538,521.4510300575464,160.0126344068179,132.65405866691714,5310.014263656942
https://www.redfin.com/MO/Saint-Louis/1624-Forest-Ave-63139/home/93741384,258.0906699211879,322.0522059725453,181.96533212165897,703.6366369804164,262.4307159064814,5414.778450541393
https://www.redfin.com/MO/Saint-Louis/6242-Marmaduke-Ave-63139/home/93767674,364.346236915739,613.0065544734706,480.68948587657513,464.3007243983892,303.69080281283533,4898.464822753267
https://www.redfin.com/MO/Saint-Louis/4436-Miami-St-63116/home/93756344,485.6785062404739,1011.8937068646754,833.698407918557,494.4153929296996,196.88545469574754,4481.318021063975
https://www.redfin.com/MO/Saint-Louis/3254-Jasper-Park-63139/home/93742796,594.3993298766346,577.0853327773343,710.4465468075941,599.909996390964,272.84710560164376,4334.08280441696
https://www.redfin.com/MO/Saint-Louis/2922-Virginia-Ave-63118/home/93692639,105.25856082260871,782.2514511524216,476.9618605599428,183.50376056038434,89.89255289960533,7319.28057909337
https://www.redfin.com/MO/Saint-Louis/2846-Accomac-St-63104/home/62738663,271.82736920513076,453.04802278781625,653.7265495152395,739.6628402966501,195.37026822245159,6268.791812462787
https://www.redfin.com/MO/Saint-Louis/3979-Burgen-Ave-63116/home/93771888,136.42117194620684,1258.1898218438196,713.5797269960411,1143.3391097950496,348.4861876397997,4696.146305151982
https://www.redfin.com/MO/Saint-Louis/6531-Hoffman-Ave-63139/home/93741766,143.93674461644113,1110.0403579976442,1058.356392967263,825.3994695114462,180.89687920517986,3731.1482262027407
https://www.redfin.com/MO/Saint-Louis/6036-Hartford-St-63139/home/93775720,128.4468102164246,829.1992405785403,644.4614115951689,207.95598423003506,114.08057049301266,6652.157509834658
https://www.redfin.com/MO/Saint-Louis/2402-S-10th-St-63104/home/93785923,235.1712369979049,94.27926903851083,227.05173702282187,269.44638090675284,122.29396629392552,7906.683594289923
https://www.redfin.com/MO/Saint-Louis/4438-Neosho-St-63116/home/93763600,670.5942648914181,780.9043155472516,814.9605004183871,660.6120010657878,404.0038088606442,4155.088079212607
https://www.redfin.com/MO/Saint-Louis/3470-Regal-Pl-63139/home/93780843,774.9126823843776,650.9878749327643,873.2531924927183,758.104159161745,431.4837384189325,5076.067802636488
https://www.redfin.com/MO/Saint-Louis/6034-Childress-Ave-63109/home/79079011,438.5195409098929,783.3771695050173,328.37773923269083,594.7043889775515,562.7882721586947,6144.833436597123
https://www.redfin.com/MO/Saint-Louis/4928-Walsh-St-63109/home/93767178,123.3222775916858,359.56001573998674,1111.385487424784,137.50468642738724,98.40829901170636,4621.462819027813
https://www.redfin.com/MO/Saint-Louis/5729-Finkman-St-63109/home/93777510,130.9975220747712,1307.8507992157897,405.4663088366456,130.75442420245287,106.8924229354449,3574.323969322225
https://www.redfin.com/MO/Saint-Louis/4932-Bonita-Ave-63109/home/93764432,148.0115944410428,742.1835811938697,289.5685150822609,221.6258688498333,286.654821662736,4487.827171687632
https://www.redfin.com/MO/Saint-Louis/1364-Kraft-St-63139/home/93750147,697.2731502677815,666.3680583486838,673.9876698195962,610.4029940374459,326.6324296874596,5555.269623581982
https://www.redfin.com/MO/Saint-Louis/7132-Lindenwood-Pl-63109/home/93748031,142.02194846455765,1072.9318299724212,1797.257892493522,417.7707870281019,608.5409186392286,4020.197085546882
https://www.redfin.com/MO/Saint-Louis/6410-Wade-Ave-63139/home/93740728,525.7469036193912,107.16209896373347,97.46880713719385,540.4177931378248,102.38684435042295,5819.011198393555
https://www.redfin.com/MO/Saint-Louis/6542-Lindenwood-Pl-63109/home/62733118,178.9614655582917,575.3816638755593,501.22524494079516,344.9173220468962,136.77058744240153,5775.9130144874225
https://www.redfin.com/MO/Saint-Louis/5461-Alabama-Ave-63111/home/93708507,76.47998960161057,1094.6149818883646,142.17456238002603,525.1083220133227,348.4919838988999,6900.611493372563
https://www.redfin.com/MO/Saint-Louis/3918-Wyoming-St-63116/home/93729571,578.6114755266433,939.8617546760588,545.1512248608321,570.129018381061,380.91673998103863,5235.346214403898
https://www.redfin.com/MO/Saint-Louis/5705-Lisette-Ave-63109/home/93776704,225.96479914776066,1237.064469906152,528.0510458721201,300.2786963010074,212.63229402208881,3886.4026389673704
https://www.redfin.com/MO/Saint-Louis/1123-Graham-St-63139/home/93707578,471.7679065966169,245.30598012342102,529.9275407413323,81.90240653855601,70.91099712076071,5527.13986342156
https://www.redfin.com/MO/Saint-Louis/6717-Bradley-Ave-63139/home/93741900,314.3474474608099,872.0843939669103,1054.697479874556,1396.5457051314359,62.07155404018326,4373.080871302289
https://www.redfin.com/MO/Saint-Louis/2104-Robert-Ruggeri-Pl-63110/home/173620203,206.1928246737378,466.38033871396175,874.2274419234228,426.93525802367526,131.13035236860688,5538.764943378432
https://www.redfin.com/MO/Saint-Louis/6112-Wanda-Ave-63116/home/93779253,352.5427548837494,289.41925166701816,792.796843160995,498.7355646672274,413.08124788091317,3596.843041309543
https://www.redfin.com/MO/Saint-Louis/5238-Alabama-Ave-63111/home/93707946,351.82315724674834,1121.022214975123,422.11913896380423,261.08976692462693,232.9671007739892,6912.580099467579
https://www.redfin.com/MO/Saint-Louis/2630-Arkansas-Ave-63118/home/93692337,281.0509946579714,899.9688109585114,363.8425149301463,288.8041614286693,89.42874271661245,6234.134317799439
https://www.redfin.com/MO/Saint-Louis/4609-Milentz-Ave-63116/home/93756669,197.36376878965,166.554378059412,598.8573714586051,202.1535341844618,232.3118971768814,5821.615710964216
https://www.redfin.com/MO/Saint-Louis/6223-W-Park-Ave-63139/home/93726398,373.5873052180195,361.4411119858592,318.0262461669226,185.51382070686202,210.70558057668765,5282.529161302055
https://www.redfin.com/MO/Saint-Louis/6205-Odell-St-63139/home/93767678,241.57847693071048,653.6840661794417,385.0369816735867,314.07155295455607,241.83196713593324,4963.042199769876
https://www.redfin.com/MO/Saint-Louis/4919-Tyrolean-Ave-63109/home/93764507,85.92604314552597,521.1640421174955,226.68013936806915,139.4667768485325,85.17590969477281,4752.644203358005
https://www.redfin.com/MO/Saint-Louis/6160-Crescent-Ave-63139/home/93707370,265.66936415084206,281.0679270047743,539.9422309134194,151.55005010890628,152.6118543932865,5307.575184910225
https://www.redfin.com/MO/Saint-Louis/1470-Sproule-Ave-63139/home/62760323,173.5567659227164,442.8179307645858,444.17642067013077,189.52784435313652,111.31050310692966,7031.697996028424
https://www.redfin.com/MO/Saint-Louis/7313-Yates-St-63116/home/93784726,498.74569780968756,898.5127977606938,231.2829532209141,581.7304949823356,196.15761102733148,5659.32741906575
https://www.redfin.com/MO/Saint-Louis/6442-Hoffman-Ave-63139/home/93741755,99.057712382546,1012.4722738281296,889.963108540295,618.8963191828926,170.93256405890264,4824.212555990979
https://www.redfin.com/MO/Saint-Louis/5348-Gilson-Ave-63116/home/93761572,230.20843976577524,411.88984540213363,540.4553342792698,218.73680426763545,204.34561755452708,4642.4162287372
https://www.redfin.com/MO/Saint-Louis/3229-Childress-Ave-63139/home/93776361,102.85634181661851,953.7660221552247,940.1889748579927,595.0859066869424,216.8583396400451,6065.322356098077
https://www.redfin.com/MO/Saint-Louis/4611-Quincy-St-63116/home/93742154,155.76371101769865,509.87651682151755,586.9406105012063,265.9493248287119,170.15157248559808,2987.663590915829
https://www.redfin.com/MO/Saint-Louis/5614-S-Compton-Ave-63111/home/93708724,49.06525111354532,601.2869276986193,523.990275488418,504.47941202141976,68.48055351365763,8545.845235715291
https://www.redfin.com/MO/Saint-Louis/3216-Jasper-Park-63139/home/62731040,455.68404661895346,640.9512015600053,716.3151584278219,466.42624665853634,343.5980354874148,4757.823133731228
https://www.redfin.com/MO/Saint-Louis/5510-Botanical-Ave-63110/home/93727094,725.340790106493,713.1802555161048,434.55176683550815,731.7635810277968,161.68497968276048,4315.546268726261
https://www.redfin.com/MO/Saint-Louis/3118-Magnolia-Ave-63118/home/85689546,172.0146105396262,882.8586940839265,680.2652675024613,504.18759782232195,24.649269823871713,6939.573625147732
https://www.redfin.com/MO/Saint-Louis/4005-McDonald-Ave-63116/home/93729301,826.0048875552915,657.6162053849702,500.87612623619,887.7339518075654,612.9272405183167,4621.719147746031
https://www.redfin.com/MO/Saint-Louis/2262-Blendon-Pl-63143/home/62731941,100.53329145826257,1070.5318991886677,1032.869820728044,116.1768880783021,93.83145100653857,2490.9388813165965
https://www.redfin.com/MO/Saint-Louis/2724-McNair-Ave-63118/home/62761029,446.040454712744,166.501648699684,787.0264385685438,427.6708008969779,316.86982040806237,6455.482234874813
https://www.redfin.com/MO/Saint-Louis/4337-Wyoming-St-63116/home/93751386,526.3377970472626,576.0392703763301,720.919615763196,521.5335953547083,145.5347078531759,4320.499505449261
https://www.redfin.com/MO/Saint-Louis/1519-Sanford-Ave-63139/home/93740917,450.2511526997595,513.4189895631538,621.9540645353449,469.66143905845337,181.09483977364255,6084.050611327276
https://www.redfin.com/MO/Saint-Louis/2617-Alfred-Ave-63110/home/93728283,553.5574992000841,548.3154974926497,776.8565986537908,561.7345335595,549.6733891166464,2628.2513351285456
https://www.redfin.com/MO/Saint-Louis/3647-S-Compton-Ave-63118/home/93695674,320.265000448154,340.4109412141324,504.92349372281467,308.93564968189645,211.0965917481547,6135.202085990511
https://www.redfin.com/MO/Saint-Louis/4049-Humphrey-St-63116/home/93729530,650.4118900400056,527.1236781395418,232.51454518760627,651.3525328169427,695.863995033703,4947.033705529144
https://www.redfin.com/MO/Saint-Louis/3317-Indiana-Ave-63118/home/109912645,109.54806473762596,94.15399270372767,897.7152082464153,99.12155790081911,168.6870799584836,6457.150543558442
https://www.redfin.com/MO/Saint-Louis/5563-Devonshire-Ave-63109/home/93753020,557.4726405955225,833.9478001107694,520.3465041980184,565.561124320479,407.32791277852016,5269.073419672954
https://www.redfin.com/MO/Saint-Louis/5041-Rosa-Ave-63109/home/93765459,162.03990441700415,527.6993236689661,1203.9039512820846,169.65951114330323,154.7752145910193,5076.34906525104
https://www.redfin.com/MO/Saint-Louis/2307-Sidney-St-63104/home/93691420,89.46752022338109,583.3568778930952,477.8468364080336,151.4643332418079,35.77092145192253,6050.255811235875
https://www.redfin.com/MO/Saint-Louis/6111-Idaho-Ave-63111/home/93709409,612.6149759005568,1177.2516765746764,558.145887755134,634.067511746893,582.7738846594074,6038.890417486702
https://www.redfin.com/MO/Saint-Louis/5311-Blow-St-63109/home/93758342,218.14917581565732,1067.3872778828838,854.4319948105308,510.5754568470264,281.24882715686266,4567.50907162351
https://www.redfin.com/MO/Saint-Louis/1457-Sproule-Ave-63139/home/62757847,240.34020991314725,371.5869352270308,364.25691288832246,234.96466240970133,191.01927628320823,6471.910219067322
https://www.redfin.com/MO/Saint-Louis/6554-Mitchell-Ter-63139/home/93741165,196.78911194673586,400.00162513383043,573.5765490059194,203.58452563613628,127.22361498150988,5290.7640249431515
https://www.redfin.com/MO/Saint-Louis/5610-Leona-St-63116/home/93771861,80.82732172860301,1117.3067374389177,722.6772515912603,1048.1521399846142,453.54279767230315,3454.2511658709795
https://www.redfin.com/MO/Saint-Louis/4215-Flad-Ave-63110/home/93746819,889.4575623555211,531.6100759894152,378.2222120349977,509.330684034663,480.6636962745222,5180.703298562595
https://www.redfin.com/MO/Saint-Louis/4126-Bates-St-63116/home/90713278,23.310307597948764,909.5608532989928,767.5471562933909,823.6033313317312,444.32122657586154,2924.724594254729
https://www.redfin.com/MO/Saint-Louis/5308-Quincy-St-63109/home/93758213,152.57467413775038,1123.6356458683103,801.7995233561157,541.9983005460475,234.88035277911038,4604.5878485959465
https://www.redfin.com/MO/Saint-Louis/4435-Miami-St-63116/home/62766805,495.89057339177305,972.3472116866933,883.0903712263256,504.46492273472035,184.84166856506312,4414.890653422258
https://www.redfin.com/MO/Saint-Louis/5421-Odell-St-63139/home/93727360,211.5501717923162,284.8758666154253,679.2518206113357,239.23919534633242,165.46183777586197,5091.955742163795
https://www.redfin.com/MO/Saint-Louis/4253-Neosho-St-63116/home/93772454,222.25844463454575,676.8856215522111,581.8759394169283,285.02660175986466,195.71518898135776,4454.673954821604
https://www.redfin.com/MO/Saint-Louis/2146-Esther-Ave-63139/home/93761453,209.95969158411026,466.5019256288676,800.5343711344163,206.28871033871744,144.81614108176217,5749.463797280537
https://www.redfin.com/MO/Saint-Louis/4056-Quincy-St-63116/home/93777645,142.57908063189277,1005.8369440963789,255.34126558887291,990.958031283138,476.5501871382098,5817.657326355637
https://www.redfin.com/MO/Saint-Louis/4753-Goethe-Ave-63116/home/85615048,210.2357828642557,432.84037530708105,742.5030629307303,238.34966511606183,176.01085713497312,5169.945957440607
https://www.redfin.com/MO/Saint-Louis/3855-Bingham-Ave-63116/home/93780441,703.131892055873,693.4046427022453,1061.9356789925293,692.9068005783407,192.81429290039256,6506.245366312181
https://www.redfin.com/MO/Saint-Louis/1115-Childress-Ave-63139/home/93782134,854.9901191263731,207.10992101183365,623.8284363624398,192.01708239994994,129.8475193927302,6350.793005134896
https://www.redfin.com/MO/Saint-Louis/4148-Federer-St-63116/home/79030504,161.109084663455,814.410583764638,321.54237934076144,1032.0109014615707,127.5108266626736,6516.273829110184
https://www.redfin.com/MO/Saint-Louis/6418-Oleatha-Ave-63139/home/93775319,213.43078179009203,1017.9034262355121,264.0290451256264,591.0797512480805,181.4645881354858,5097.513174866665
https://www.redfin.com/MO/Saint-Louis/4035-Fairview-Ave-63116/home/93729082,688.5049870996762,613.2668391427271,604.6975317354764,731.4188766826668,576.445450943251,5402.691476830375
https://www.redfin.com/MO/Saint-Louis/4449-Shaw-Blvd-63110/home/62692063,108.6368818875826,390.4928257619346,604.3058328708053,439.935113067695,121.4431516599528,6112.465707161924
https://www.redfin.com/MO/Saint-Louis/5444-Eichelberger-St-63109/home/93775620,685.1868534139325,1154.6096182553988,996.7282771048572,691.1334321273227,204.83234963589635,4399.07196948199
https://www.redfin.com/MO/Saint-Louis/7309-Esplanade-St-63143/home/93751272,121.96040759071221,416.3564177948172,1979.637074254558,1154.6708972353415,647.760089853492,4527.00043000997
https://www.redfin.com/MO/Saint-Louis/6734-Plainview-Ave-63109/home/93779508,89.74520119129781,955.1988406084523,522.148055967903,133.0319839661797,59.90244516738982,6351.790088989689
https://www.redfin.com/MO/Saint-Louis/6515-Devonshire-Ave-63109/home/93779039,166.13220240775914,773.4450354104154,369.91609114037936,191.495607438683,89.51091436254028,5462.743474297437
https://www.redfin.com/MO/Saint-Louis/2354-Louisiana-Ave-63104/home/93692058,233.46624913931961,992.3748648747311,173.08647711386595,535.1109122632968,133.002607969992,6198.0699726591
https://www.redfin.com/MO/Saint-Louis/5241-Lindenwood-Ave-63109/home/93781788,157.88906871916265,1443.4249973726064,644.0575332692782,226.97393464662773,168.80489499677864,4115.073724818732
https://www.redfin.com/MO/Saint-Louis/6100-Garesche-Ave-63136/home/93745631,331.3393788455889,652.1793117171809,1294.8819269793846,1056.4874970332364,404.5729422885065,3586.8015604458556
https://www.redfin.com/MO/Saint-Louis/2026-Allen-Ave-63104/home/93690474,109.47979915532143,811.6061742631234,79.21711666312983,371.01380341166214,148.08622009039638,6227.62487732359
https://www.redfin.com/MO/Saint-Louis/4009-Delor-St-63116/home/93750360,775.4111597239564,908.0267638949742,757.591927909278,855.3843922341863,708.8812413943872,5644.902383175198
https://www.redfin.com/MO/Saint-Louis/2853-S-18th-St-63118/home/93691520,368.0955056343767,390.7047022027836,1026.0749479964106,349.80423132403195,253.47382130261406,7142.774340649608
https://www.redfin.com/MO/Saint-Louis/5578-Lindenwood-Ave-63109/home/93782853,98.85233641692405,983.901033008021,670.4660592180288,92.46247050063832,90.53176741030944,5761.698651086108
https://www.redfin.com/MO/Saint-Louis/2625-Arkansas-Ave-63118/home/93692258,230.80053122051555,911.029898511737,366.5590433185615,232.76220655234866,124.85950981991105,6164.2478806643185
https://www.redfin.com/MO/Saint-Louis/2336-Esther-Ave-63139/home/62764755,211.40242963102418,211.25828214739047,485.4402022367645,257.7923524740509,187.69363752698953,5693.573526469912
https://www.redfin.com/MO/St-Louis/2650-Pennsylvania-Ave-63118/home/62737617,416.1280977157924,601.618862298285,558.5339597651118,527.6380003284205,144.6279635268446,6067.888527566458
https://www.redfin.com/MO/Saint-Louis/1310-Mackay-Pl-63104/home/93680153,416.9304478585982,234.64091532613855,769.816838371606,410.65268929838754,357.8293653641169,4588.249150098889
https://www.redfin.com/MO/Saint-Louis/6309-Marquette-Ave-63139/home/80167785,411.8826147758614,746.5464225878163,579.0064583276372,438.0377154600188,382.3428627042713,3677.116632337331
https://www.redfin.com/MO/Saint-Louis/6031-Lansdowne-Ave-63109/home/93782411,145.80805466565695,287.89095831890324,866.2196925302886,165.40191024303542,103.84006039930584,5040.772578317535
https://www.redfin.com/MO/Saint-Louis/3449-Utah-St-63118/home/93693058,218.1044015014527,636.3071318190267,537.0338377326559,224.14578281995105,185.03295830043749,7539.378024756909
https://www.redfin.com/MO/Saint-Louis/3401-Halliday-Ave-63118/home/93692499,278.78625860239964,806.1475744016965,554.1133031978085,399.8602625558869,246.6138351113982,7178.189870938887
https://www.redfin.com/MO/Saint-Louis/6941-Hillsland-Ave-63109/home/93781330,158.25009842385978,1128.1901836294123,722.5781137441801,171.01173365756094,159.75866499140986,5548.529408144098
https://www.redfin.com/MO/Saint-Louis/3436-Tedmar-Ave-63139/home/93742311,702.9183471858497,848.5485900925711,744.3883816029694,696.7718746575788,498.2058136372953,6682.384008122877
https://www.redfin.com/MO/Saint-Louis/4711-Ray-Ave-63116/home/93768312,520.0605338165655,656.076898903047,527.7569469372874,507.6161502943,471.45585023743615,4978.400520030973
https://www.redfin.com/MO/Saint-Louis/6437-Brockschmidt-Pl-63139/home/93740845,283.4847510468956,277.10862703229884,412.164709907967,288.3234172941318,241.24146712755174,5495.722277884484
https://www.redfin.com/MO/Saint-Louis/6017-Juniata-St-63139/home/93775760,83.59223603632556,754.3888079583512,719.6840949887866,132.0533322961794,131.89553598412868,5874.253386302958
https://www.redfin.com/MO/Saint-Louis/5410-Lindenwood-Ave-63109/home/93782849,102.32346522496715,1244.872817284156,570.4132036086753,107.41715278483274,60.95570429142593,5528.3012846832535
https://www.redfin.com/MO/Saint-Louis/5919-Scanlan-Ave-63139/home/93775807,173.7358652089441,588.1255485035393,875.1530820062724,216.14050258784602,240.79754463206888,6828.266176227933
https://www.redfin.com/MO/Saint-Louis/6409-Myrlette-Ct-63116/home/93783504,333.75122424731296,294.2503925484353,504.002122231241,321.61652825891116,286.90609287087113,4459.126277030919
https://www.redfin.com/MO/Saint-Louis/1518-Graham-St-63139/home/93761908,100.1534857572499,368.51551569945553,425.1353317697257,109.73373345518024,206.97548652766588,6212.279221450573
https://www.redfin.com/MO/Saint-Louis/4509-Holly-Hills-Ave-63116/home/93756699,310.0329329763327,271.72189250110034,571.6682426439614,320.9464505349172,289.7834093991195,5263.210204151648
https://www.redfin.com/MO/Saint-Louis/8-Lawn-Pl-63110/home/93765846,110.4863012566515,967.6250855064922,396.5767382987255,43.35644724160735,237.74967672309603,4366.26528641165
https://www.redfin.com/MO/Saint-Louis/5416-Neosho-St-63109/home/93765137,825.7492564065335,1128.2387434929176,620.2672051607348,827.9276746789715,56.71439075779819,3625.5647790575667
https://www.redfin.com/MO/Saint-Louis/2842-Knox-Ct-63139/home/93773963,198.78325900124722,505.03616171341764,153.79918576163072,344.97261814653064,93.71567964484302,6346.283215441714
https://www.redfin.com/MO/Saint-Louis/4567-Arco-Ave-63110/home/93749294,104.65474642079788,753.6797324549866,658.8436648069709,98.01509146495238,292.9071108252375,4837.935951306042
https://www.redfin.com/MO/Saint-Louis/6304-Wyoming-St-63139/home/93775921,184.51213022886114,803.4942282434225,1044.1538982257748,431.1788062540248,274.9101270065619,6485.25300135615
https://www.redfin.com/MO/Saint-Louis/2126-Franz-Park-Ln-63139/home/62752480,190.20522395944874,431.33895352843746,392.39263837422135,190.68766995274936,158.5427942607796,5534.460946174762
https://www.redfin.com/MO/Saint-Louis/5347-Tholozan-Ave-63109/home/93781812,396.69065476230674,1101.537715779525,798.7873121316842,385.1023003204526,359.5784773602587,4951.695647470057
https://www.redfin.com/MO/Saint-Louis/4338-Oregon-Ave-63111/home/93705798,162.6539164582396,648.1162549219399,507.50116466762404,180.35209286488114,85.75842149695855,5540.1638476628905
https://www.redfin.com/MO/Saint-Louis/6413-Lloyd-Ave-63139/home/93740887,355.9162231258584,106.48077822949354,242.68798205131355,387.3001633587283,157.55391097689656,5310.8832142503325
https://www.redfin.com/MO/Saint-Louis/5742-Lansdowne-Ave-63109/home/93753030,265.7815404513972,432.6604569862134,945.6925429176105,282.10853142786164,208.3122210079516,4924.762600635642
https://www.redfin.com/MO/Saint-Louis/6424-Bradley-Ave-63139/home/93742097,98.88264078338109,1164.0954049320344,843.9682251687464,822.4447099682942,109.67224451731437,4876.878461070673
https://www.redfin.com/MO/Saint-Louis/8464-Edna-St-63147/home/93731349,141.65181853175716,733.6931283818469,1084.9384333461244,640.7081966125326,120.58461675264152,5345.2488258431995
https://www.redfin.com/MO/Saint-Louis/5346-Tholozan-Ave-63109/home/62699125,336.9647236029686,1145.161456893154,791.354493330502,326.362465650821,300.53394205368386,4777.445513991208
https://www.redfin.com/MO/Saint-Louis/5927-W-Park-Ave-63110/home/93672322,153.02056972487074,636.2525333501928,751.6792658358609,154.7043389902512,97.32221110072888,6587.294581749474
https://www.redfin.com/MO/Saint-Louis/1220-Mackay-Pl-63104/home/93701240,334.4054486298002,331.72767424461847,848.3944823016216,326.01291904359056,308.0139199700175,4772.870828057848
https://www.redfin.com/MO/Saint-Louis/3326-Humphrey-St-63118/home/93693023,99.83025595539424,724.0350522956816,363.7742590426945,117.74991307787714,75.8127245181928,7409.102769805779
https://www.redfin.com/MO/Saint-Louis/6610-Alabama-Ave-63111/home/93709856,351.0710688710671,1103.1136027686427,528.2781438616541,801.5005796842547,535.8920241270713,7365.389390245497
https://www.redfin.com/MO/Saint-Louis/5435-Christy-Ave-63116/home/93757974,240.78010733599655,373.719697449341,1076.8803259186259,266.39649166600014,175.05439782904406,5723.101234430015
https://www.redfin.com/MO/Saint-Louis/5604-Itaska-St-63109/home/68486186,425.6396597865417,864.8360989625127,920.100510470899,435.1871670086313,396.06787281174314,4652.311315954592
https://www.redfin.com/MO/Saint-Louis/4426-Beethoven-Ave-63116/home/93764615,392.94315841944,1097.3591900495423,546.8238958442645,407.87712685616134,360.3144249791432,4079.8126694949074
https://www.redfin.com/MO/Saint-Louis/5610-Winona-Ave-63109/home/93781633,165.06034346058897,941.8822741062826,650.7113450514161,155.19669706682853,268.78928200920006,5559.064835262733
https://www.redfin.com/MO/Saint-Louis/3954-Russell-Blvd-63110/home/93747570,830.6636462797011,169.74145662215113,160.11144066580246,221.0171124539391,373.0086935766447,5482.801532644582
https://www.redfin.com/MO/Saint-Louis/6119-Archwood-Ln-63123/home/93783414,233.30327581767924,676.1776547400062,1632.9923671714473,465.7287085893632,1046.7307515139935,3152.4292219567787
https://www.redfin.com/MO/Saint-Louis/4439-Grace-Ave-63116/home/93706398,177.18379207212715,1040.0260521620078,619.7991417138621,211.51648102357902,409.6396563291186,5771.55949161563
https://www.redfin.com/MO/Saint-Louis/7113-Coronado-Ave-63116/home/93784075,309.4306652588446,870.2720966773978,518.0522687078208,877.517237479055,664.5998099732554,7086.7989178047865
https://www.redfin.com/MO/Saint-Louis/5722-Murdoch-Ave-63109/home/93753518,151.98473656270963,461.9230175232367,923.9262739328743,163.45259199662357,112.4276312778153,4429.070607369039
https://www.redfin.com/MO/Saint-Louis/2921-Virginia-Ave-63118/home/69299980,156.50245868127695,741.4059458888083,485.745524473625,181.8088134055607,101.46919924593193,6943.151603232815
https://www.redfin.com/MO/Saint-Louis/3974-Wyoming-St-63116/home/62743551,575.364124526296,761.9377043562043,387.9203721540136,565.1941807211689,482.4491104527231,4091.207699312343
https://www.redfin.com/MO/Saint-Louis/6924-Bancroft-Ave-63109/home/93774172,121.74416439512632,631.2314335854874,995.5498050761967,221.74529291631907,213.49385110564344,6100.9849400910125
https://www.redfin.com/MO/Saint-Louis/6416-Pernod-Ave-63139/home/62758642,221.71105407530752,992.6423904083321,285.8180106206947,459.1224111091545,185.19823602701055,5348.520268949301
https://www.redfin.com/MO/Saint-Louis/4015-Magnolia-Pl-63110/home/93746706,759.9356829373456,613.1726856186618,558.028251433055,432.5509109229505,321.64088234561956,4411.670754903012
https://www.redfin.com/MO/Saint-Louis/4343-Hunt-Ave-63110/home/93726066,278.4529365895192,176.35624090769568,180.78439941499798,192.305868339119,288.162031264171,4634.6498826641555
https://www.redfin.com/MO/Saint-Louis/4237-Wyoming-St-63116/home/62719110,526.2028660605325,350.17499719359853,341.9954004822793,533.5302649957778,185.2776901759469,4997.048246777422
https://www.redfin.com/MO/Saint-Louis/3319-Magnolia-Ave-63118/home/93692206,218.64690842251088,948.8593692369772,430.3140986976745,538.9815943331699,192.9753910126715,7127.9150946401405
https://www.redfin.com/MO/Saint-Louis/3915-Prather-Ave-63109/home/93769759,245.46986751494367,262.15829375560867,792.1225668277524,545.2589168295614,537.7298497360623,4687.4881617576
https://www.redfin.com/MO/Saint-Louis/6639-Arsenal-St-63139/home/93741806,26.317157323741217,837.2443134221963,1420.9530658652131,1154.4366713875834,86.05989212738788,5727.222847251804
https://www.redfin.com/MO/Saint-Louis/6221-Hancock-Ave-63139/home/62694290,366.96574668737037,654.2229310203858,694.7917035313578,394.09505827798733,319.63897226799,3918.5787333297276
https://www.redfin.com/MO/Saint-Louis/5989-N-Cuba-Ct-63139/home/93775577,79.73952163260407,734.8939785373996,265.0129644495361,127.894403209472,65.57476348437946,6660.230589679779
https://www.redfin.com/MO/Saint-Louis/4467-Wilcox-Ave-63116/home/93764994,494.42113218403097,462.84702331508487,717.0625256676221,496.7357135840677,297.227210248468,3996.370815941744
https://www.redfin.com/MO/Saint-Louis/2316-Sulphur-Ave-63139/home/93741631,105.41221013921465,348.3877022738032,573.1834437250294,120.29441808442748,143.03621934054607,4927.9464919725615
https://www.redfin.com/MO/Saint-Louis/3532-Arsenal-St-63118/home/93692738,27.062039898680013,226.01472336088477,604.6572704720824,48.44033743787788,13.161175851341463,6215.818030452891
https://www.redfin.com/MO/Saint-Louis/3959-Keokuk-St-63116/home/93730133,268.55089899017594,333.5109993708312,1095.7011747879726,287.278533869242,229.59565697951422,5541.2211450095265
https://www.redfin.com/MO/Saint-Louis/4417-Itaska-St-63116/home/62734963,501.086467872722,571.2905115753302,704.9417387271151,494.9614660093613,399.40497232856103,4359.3517501837605
https://www.redfin.com/MO/Saint-Louis/6652-Hancock-Ave-63139/home/93748816,443.5422648871876,697.3150876686925,535.9061018641281,1184.8643490658162,380.7932371855324,6003.813594290896
https://www.redfin.com/MO/Saint-Louis/5548-Shaw-Ave-63110/home/93726989,653.735173029226,309.38000747584704,1059.2722011533376,655.3698506067014,338.85788663995504,4501.730398044888
https://www.redfin.com/MO/Saint-Louis/4044-Walsh-St-63116/home/93757560,469.42309233104686,721.3761051589568,569.8331850274195,739.5757000446163,646.5482820682165,3963.510706489446
https://www.redfin.com/MO/Saint-Louis/2330-S-9th-St-63104/home/93686174,130.42814948030258,72.75167704911622,328.63255011513814,210.84187497919106,141.91968623518713,7267.637952297474
https://www.redfin.com/MO/Saint-Louis/3315-Lemp-Ave-63118/home/93694079,477.5068958291256,218.8929831517278,1055.2434428572656,474.516690178799,32.34800845917631,6146.952759174399
https://www.redfin.com/MO/Saint-Louis/5904-Crane-Cir-63109/home/93783991,509.14484763925157,931.3877144429549,263.37227866644037,500.95578858183643,473.8015091836417,4771.702117047014
https://www.redfin.com/MO/Saint-Louis/2133-Allen-Ave-63104/home/93690619,176.27543727030306,692.5558261022918,248.13876835760794,371.6241012892839,237.99292460664645,6141.051683533085
https://www.redfin.com/MO/Saint-Louis/3932-Botanical-Ave-63110/home/93746151,708.2092725505286,590.8097020957932,336.1517860067302,220.00928458467033,509.9646733872206,4945.03184931727
https://www.redfin.com/MO/Saint-Louis/2808-Russell-Blvd-63104/home/93690787,27.781615671024767,574.600122598336,526.770161761715,558.5644940105385,196.32535166333275,6077.260453501382
https://www.redfin.com/MO/Saint-Louis/2805-Wyoming-St-63118/home/93677487,357.9384424155197,558.5519711411612,885.301110237879,346.9068178563035,115.34936512796986,6658.125212116343
https://www.redfin.com/MO/Saint-Louis/5235-Oleatha-Ave-63139/home/93777466,764.8179886066304,1171.1027418938036,383.5139335904021,774.7278102338786,452.5654933627155,5706.061221377153
https://www.redfin.com/MO/Saint-Louis/4368-Evans-Ave-63113/home/93718950,129.83460711778565,323.125725403932,729.4395900446339,121.25358671883009,155.78677070164886,4771.637337338878
https://www.redfin.com/MO/Saint-Louis/1301-Kentucky-Ave-63110/home/93726594,156.7622730548932,417.33318508365045,431.1342240273003,173.54151276524638,77.79479268666957,5628.7980291038775
https://www.redfin.com/MO/Saint-Louis/2024-Blendon-Pl-63143/home/93744126,163.21156989236738,744.7125348797629,577.6698997294836,615.587315384699,408.01435526005827,3206.481541811798
https://www.redfin.com/MO/Saint-Louis/3216-Henrietta-St-63104/home/146873629,74.71559572724382,110.89039363980228,600.7586268588302,689.4474096456188,203.51594313333342,6186.941837371718
https://www.redfin.com/MO/Saint-Louis/3808-Wyoming-St-63116/home/62699741,474.1802745654969,552.6221639863398,921.572674278427,514.8474319558226,450.5145115605534,5550.792556978266
https://www.redfin.com/MO/Saint-Louis/2870-Texas-Ave-63118/home/62695693,110.2846327230325,605.6256296682592,478.8593995569656,97.69358655238089,41.83942142506534,7181.5315559422215
https://www.redfin.com/MO/Saint-Louis/2842-Victor-St-63104/home/93699882,590.1679172098146,332.67112365769844,500.628508568438,612.5486463504385,138.79965491815747,6300.465804633961
https://www.redfin.com/MO/Saint-Louis/2419-S-12th-St-63104/home/93686776,640.4232071004952,363.9552716243369,577.2476993518538,76.1674363260578,97.16965999968893,8138.491240487768
https://www.redfin.com/MO/Saint-Louis/6149-Marwinette-Ave-63116/home/62745727,647.1635517355592,944.9840282615477,219.01577271034253,1173.9281264771057,609.4549638134793,6551.2309719587
https://www.redfin.com/MO/Saint-Louis/3936-McRee-Ave-63110/home/93674086,785.418087706725,438.49976532730574,511.65403935798315,402.4595864052861,315.5566171238442,6121.53278166225
https://www.redfin.com/MO/Saint-Louis/2820-Accomac-St-63104/home/93691155,279.8900850424888,366.82223894242185,541.8086854822944,627.4092855844718,94.30459459502157,6045.717254065391
https://www.redfin.com/MO/Saint-Louis/1721-Carroll-St-63104/home/93689729,168.59618726169006,230.6065148595328,382.554117395192,633.8466136456739,135.51384570824425,6064.47182740647
https://www.redfin.com/MO/St-Louis/3946-Juniata-St-63116/home/200782915,329.6884910254898,812.3978972743788,337.58849994563246,349.77949850049146,240.95253663443145,4736.45688128284
https://www.redfin.com/MO/Saint-Louis/5755-Waterman-Blvd-63112/home/93762695,232.32586980909127,258.560902807801,429.83969389562503,147.02239792353788,353.7494065343519,5657.0652472163665
https://www.redfin.com/MO/Saint-Louis/5817-Dressell-Ave-63120/home/93768482,59.89182456306131,1180.6324572085525,1777.0396500629815,382.448924359107,88.31726939931077,3663.0308529710437
https://www.redfin.com/MO/Saint-Louis/4120-Olive-St-63108/home/62747260,370.25811522470826,720.2106305258017,384.01236623419044,363.600624524772,339.3273120291453,5551.0586963836495
https://www.redfin.com/MO/Saint-Louis/3712-S-Jefferson-Ave-63118/home/93680198,40.701832181028706,151.04036470981134,195.3961092511385,126.8244284952827,79.81074336018672,6109.737559504919
https://www.redfin.com/MO/Saint-Louis/1913-Hickory-St-63104/home/62723713,227.31109454925323,349.8184249506242,556.1064118129651,239.70806977017048,234.90003706053565,5579.6406696760305
https://www.redfin.com/MO/Saint-Louis/1206-Lynch-St-63118/home/177026261,552.1913949298015,209.57963091482503,745.7987717086185,68.03882211661931,62.954489712278736,5236.173782718467
https://www.redfin.com/MO/Saint-Louis/5647-Chamberlain-Ave-63112/home/93722403,323.852457655118,393.9074927828799,320.71434403471966,340.61931331763094,374.7303795027015,3704.380388946339
https://www.redfin.com/MO/Saint-Louis/2623-S-11th-St-63118/home/93684435,462.67888440398787,301.0870719708591,466.3116621024653,171.90113637175034,75.10039429856921,6075.470129212781
https://www.redfin.com/MO/Saint-Louis/3935-McCausland-Ave-63109/home/92586581,369.7471496045792,638.3827565505338,1311.3086673914001,410.7922636388058,385.01920678492036,5354.008795171167
https://www.redfin.com/MO/Saint-Louis/6145-Colorado-Ave-63111/home/103204458,707.1341035248493,990.4077715676914,724.7831110782179,504.56259651346403,466.93978612851225,6680.419773052296
https://www.redfin.com/MO/Saint-Louis/2648-California-Ave-63118/home/93699469,239.95335048178802,417.3827336656666,167.87568467031855,257.01254582620487,130.08260119806852,6317.160007861976
https://www.redfin.com/MO/Saint-Louis/3872-Humphrey-St-63116/home/93728445,687.9035215366939,839.4632149850047,748.3016094340511,686.4952334083524,482.95368673320746,4764.183059215596
https://www.redfin.com/MO/Saint-Louis/3181-Portis-Ave-63116/home/62766309,333.3572231499557,876.9592152743589,726.2374185686725,322.5332216288651,265.9044117700969,2678.9502598287636
https://www.redfin.com/MO/Saint-Louis/6522-Parkwood-Pl-63116/home/93771928,163.06918309794406,500.01768053544976,703.3909910628086,817.7111073401069,235.03632595863118,6430.644009193067
https://www.redfin.com/MO/Saint-Louis/3204-Dakota-St-63111/home/82405546,725.6572106720126,159.45898800448555,634.0827761703807,725.9304364651814,189.76830248219602,7148.052903357781
https://www.redfin.com/MO/Saint-Louis/3138-Lafayette-Ave-63104/home/93683664,67.83651750169292,305.075226921274,781.6386911320051,846.7647408404782,119.51230169034281,6339.917304966839
https://www.redfin.com/MO/Saint-Louis/4131-Shenandoah-Ave-63110/home/93746480,1002.624407780218,544.2841812873659,482.8972485224655,725.0698276697315,117.6581356243644,5681.682228063861
https://www.redfin.com/MO/Saint-Louis/3547-Nebraska-Ave-63118/home/93694802,578.3976084140812,492.4592112993427,420.8089042064502,446.9223173794985,301.6956274333922,5708.495198628547
https://www.redfin.com/MO/Saint-Louis/2842-Shenandoah-Ave-63104/home/93699596,536.2099375848651,319.8636170988963,584.4348724466687,682.5162907080727,114.91298464779986,6630.407137628892
https://www.redfin.com/MO/Saint-Louis/1920-Senate-St-63118/home/93697297,657.1221774979462,276.210880236221,1038.8594525390768,468.26805110964057,163.3806503838326,6378.9590931289
https://www.redfin.com/MO/Saint-Louis/3824-Michigan-Ave-63118/home/93695996,107.06594081101333,534.9682539822221,397.53810751616845,143.43932587285263,73.29738281734761,5986.517890654848
https://www.redfin.com/MO/Saint-Louis/3211-Ohio-Ave-63118/home/93694221,279.4888004207232,489.49333906823114,1130.5402990201012,264.71644880580766,192.8114966131419,6329.333272464434
https://www.redfin.com/MO/Saint-Louis/3449-Tennessee-Ave-63118/home/62761889,121.4872276115989,340.15890073793423,951.0641480974703,172.31345634841296,84.1015067805259,5865.838867968235
https://www.redfin.com/MO/Saint-Louis/3408-Hartford-St-63118/home/93692686,155.7750313488101,502.7374548634064,238.84838696352878,164.10929203966825,242.5978214192136,5596.440114795219
https://www.redfin.com/MO/Saint-Louis/5027-S-Grand-Blvd-63111/home/62773763,34.18294823894884,1352.1748627615707,409.5059678032283,135.65373705879975,89.02773925540201,5042.761797514015
https://www.redfin.com/MO/Saint-Louis/5368-Odell-St-63139/home/93727772,141.28062227220997,473.2895899483918,709.12404009492,150.43155792520727,121.43343530126688,4338.70356004271
https://www.redfin.com/MO/Saint-Louis/4509-Idaho-Ave-63111/home/93706364,537.8069637959491,358.20291238207676,652.7323300183301,531.4133291667666,74.11034845685425,6022.899237984591
https://www.redfin.com/MO/Saint-Louis/6568-Smiley-Ave-63139/home/93742277,215.51151030703133,965.2690559599512,1254.8068165130658,1070.9101173393112,213.32872287469272,4034.844417362515
https://www.redfin.com/MO/Saint-Louis/5745-De-Giverville-Ave-63112/home/93763218,158.5018381337561,417.9375453436976,524.9521155431826,186.87645685634558,254.1915338418611,4771.125548535614
https://www.redfin.com/MO/Saint-Louis/1208-S-13th-St-63104/home/109007751,125.13703818728052,175.533140436108,87.74963529684194,180.93601947480937,219.678986216227,7679.601342836949
https://www.redfin.com/MO/Saint-Louis/515-Loughborough-Ave-63111/home/62692890,32.006665914033405,1085.3631949204,153.736603783415,623.640346631727,264.5124960464982,7545.6573376043425
https://www.redfin.com/MO/Saint-Louis/5500-Lindenwood-Ave-63109/home/93782525,98.13917812568907,1097.8667407173766,674.9843421349402,86.5499721501615,63.04719238734365,5666.024659738007
https://www.redfin.com/MO/Saint-Louis/5327-Itaska-St-63109/home/93766997,687.579982439903,931.0323203440043,645.4418789109661,674.5243236617283,141.3299959923719,3598.372506759827
https://www.redfin.com/MO/Saint-Louis/3413-Oregon-Ave-63118/home/93694789,676.7046691913968,123.76079875187625,823.1326253339231,108.68832059263768,117.2660952296329,5934.512443725596
https://www.redfin.com/MO/Saint-Louis/4169-McPherson-Ave-63108/home/93725348,328.3888541699708,594.513920814031,500.46852389933133,328.47910011136855,122.48266874375653,4796.2908087362775
https://www.redfin.com/MO/Saint-Louis/2748-Accomac-St-63104/home/93691194,282.2919125433359,299.87688041717905,416.6416860920182,500.9290426388995,88.89288689415538,5972.751167591577
https://www.redfin.com/MO/Saint-Louis/4211-Norfolk-Ave-63110/home/93725987,222.26909453381643,320.97903576179476,250.67165215898575,255.05125515773628,147.19587201225872,5831.991387908126
https://www.redfin.com/MO/Saint-Louis/6968-Lansdowne-Ave-63109/home/93774104,29.30629523983596,939.7739233471616,993.6343897117525,62.57929240904878,31.47124475500207,5417.873288944632
https://www.redfin.com/MO/Saint-Louis/3215-Magnolia-Ave-63118/home/93691972,80.57523189971418,1037.9025284359268,484.10754566981154,538.8996265673521,55.21913346178371,7420.508040071879
https://www.redfin.com/MO/Saint-Louis/1831-Victor-St-63104/home/93691288,465.5714323919331,371.1137070700199,878.4065122197582,400.1380260433193,311.5020192757835,6561.692416455186
https://www.redfin.com/MO/Saint-Louis/6054-Oleatha-Ave-63139/home/93775378,229.76315849010237,697.1218622495717,249.18056320783356,245.8417836575873,211.63159954896867,4967.743008110738
https://www.redfin.com/MO/Saint-Louis/6210-Walsh-St-63109/home/93780258,389.91941716355456,603.2806898070536,417.4832584161648,400.1658865194933,360.09070528428987,5106.75371536907
https://www.redfin.com/MO/Saint-Louis/3139-Ivanhoe-Ave-63139/home/93741919,166.18066761890614,761.2799641861458,1359.8710529755701,1258.45390007392,116.30573794236915,5335.5587757609155
https://www.redfin.com/MO/Saint-Louis/4627-Rosa-Ave-63116/home/93759006,117.33857562154249,405.3054264690846,944.1621531681748,129.9404070633984,87.78693372276953,6299.466097721943
https://www.redfin.com/MO/Saint-Louis/3419-California-Ave-63118/home/93694324,541.169238300969,237.76139846428416,844.2211604383486,99.20955643432539,69.5803612951435,6358.07046053264
https://www.redfin.com/MO/Saint-Louis/4608-S-Grand-Blvd-63111/home/93706623,31.643691016586995,875.5878835121018,531.6186137966006,44.68922162372679,208.06631965575716,4868.283325457125
https://www.redfin.com/MO/Saint-Louis/5784-McPherson-Ave-63112/home/143294155,383.2675821394901,217.40430820082992,337.9700268343402,99.10949292726741,415.09125379881823,5631.035500151936
https://www.redfin.com/MO/Saint-Louis/2911-Michigan-Ave-63118/home/93692558,102.04596869198436,991.7749553285215,577.3086816400664,210.4128922970049,140.690617555533,7236.899087455381
https://www.redfin.com/MO/Saint-Louis/2010-Oregon-Ave-63104/home/93690058,84.10168665058674,702.881464711746,589.6571270181245,613.3320231995272,323.98196162438114,6347.729269831008
https://www.redfin.com/MO/Saint-Louis/3434-Sidney-St-63104/home/93692319,363.13526474563594,1019.5359006040309,225.532108786696,356.3359037915435,221.85526037002666,6291.4246795922645
https://www.redfin.com/MO/Saint-Louis/3285-Jasper-Park-63139/home/62762693,684.4540036465821,463.7558670658045,784.0759032664092,673.8360241216911,264.6478502904383,4201.837704245418
https://www.redfin.com/MO/Saint-Louis/919-Pendleton-Ave-63108/home/93739849,231.9071961669718,694.408911970681,358.2182750624424,241.75868829961613,196.07516786467835,4870.82848800408
https://www.redfin.com/MO/Saint-Louis/3957-Shaw-Blvd-63110/home/109007223,857.2737050455547,448.3099061256129,149.286850626423,62.85719467551417,214.92275908105927,6225.88830334721
https://www.redfin.com/MO/Saint-Louis/1111-Allen-Ave-63104/home/93672772,147.34217820135257,524.2309247024365,902.6181259771971,78.18473731170556,130.34201825990084,8627.17640539997
https://www.redfin.com/MO/Saint-Louis/4731-Holly-Hills-Ave-63116/home/93756713,131.78308472474683,438.0354858085217,475.1488912243131,175.5313478964937,86.68697800636511,6041.697536471712
https://www.redfin.com/MO/Saint-Louis/6206-Victoria-Ave-63139/home/93726369,307.50746804308767,399.9841898592884,411.9629729315998,157.23109242652205,190.23732828504248,4662.655931714293
https://www.redfin.com/MO/Saint-Louis/3129-Maury-Ave-63116/home/93767069,123.6072935354242,1208.8541714969665,437.50685373232244,112.97521278685372,192.64682456525205,3811.030738406568
https://www.redfin.com/MO/Saint-Louis/6953-Arthur-Ave-63139/home/93743537,201.02888958429315,890.8023629349516,1199.3647959601496,1601.3474664005473,307.42146716334435,4438.150697860234
https://www.redfin.com/MO/Saint-Louis/3125-Morganford-Rd-63116/home/93749581,121.56847368515785,775.7237242714226,762.6638101661192,125.30988569404339,48.60116109043795,3602.478858254982
https://www.redfin.com/MO/Saint-Louis/3324-Wyoming-St-63118/home/93693085,177.85699865230026,651.4572159408359,247.00032225868793,218.59880431758975,201.2557610375869,6979.88444341961
https://www.redfin.com/MO/Saint-Louis/4046-Magnolia-Pl-63110/home/93746694,711.6004205291354,607.8690410521211,615.8007919135333,562.3471081505763,278.81988221838265,4097.572974765034
https://www.redfin.com/MO/Saint-Louis/6718-Glades-Ave-63139/home/93741249,267.18707895713277,179.32056314520818,326.01315490396723,258.2255576536534,226.9211146539741,5402.266869355657
https://www.redfin.com/MO/Saint-Louis/1507-Brock-St-63139/home/93740791,551.6349032107629,407.03650285375534,447.01270904712203,782.4468132431035,440.1149037122055,5267.76242965247
https://www.redfin.com/MO/Saint-Louis/4390-Chouteau-Ave-63110/home/175305510,367.7497701219411,99.85770712448472,694.1095223731601,106.77770367742866,62.84352728554315,6543.83402345306
https://www.redfin.com/MO/Saint-Louis/4371-W-Belle-Pl-63108/home/93739744,370.7969940469663,539.037423159058,524.1032376709944,373.2135126100736,454.2062831936101,4131.681925830613
https://www.redfin.com/MO/Saint-Louis/6451-Devonshire-Ave-63109/home/62719364,238.32827290747838,703.0912768260083,451.38035568168,288.3326495658989,114.00145853568884,4570.456228239715
https://www.redfin.com/MO/Saint-Louis/1014-Bittner-St-63147/home/93730724,248.25069509948352,356.66263851668447,1938.7417708478401,238.19348852076277,210.64737914861155,5272.582953545154
https://www.redfin.com/MO/Saint-Louis/4118-Russell-Blvd-63110/home/93747036,999.424584789774,374.47583227116405,263.9513765486576,268.9446377873061,243.51802937309424,5803.796175200529
https://www.redfin.com/MO/Saint-Louis/6227-Oleatha-Ave-63139/home/93775308,391.16171093193816,793.8198593363311,395.8730224218543,408.3601625481551,355.0280546168327,4970.116443247536
https://www.redfin.com/MO/Saint-Louis/4675-Tennessee-Ave-63111/home/93707155,113.7637588500356,924.5629979380075,440.9371566169746,134.55501811648827,150.34136982040874,4617.059060120368
https://www.redfin.com/MO/Saint-Louis/4705-Virginia-Ave-63111/home/62772531,712.3621553820648,670.953507289657,1012.1465225984684,487.8723523620878,91.93124685050905,5920.241266730548
https://www.redfin.com/MO/Saint-Louis/5632-S-Magnolia-Ave-63139/home/93727129,485.421219663757,357.1666235396461,738.3580922452086,525.1129159852114,171.70380234704942,5468.75790936626
https://www.redfin.com/MO/Saint-Louis/1913-Lasalle-St-63104/home/93701274,109.21605234069297,461.8864219256077,609.7204123596218,140.12139677842347,158.60182791441989,4891.993148290569
https://www.redfin.com/MO/Saint-Louis/5510-Rhodes-Ave-63109/home/93771583,587.0566180595569,1413.8155549662577,852.2370339534767,588.636514965482,292.65764177432254,3356.227303928811
https://www.redfin.com/MO/Saint-Louis/2238-Edwards-St-63110/home/93672324,863.1046211031764,340.3855641102152,329.6529029220867,851.5849322393608,75.45730618477424,4435.3869257222705
https://www.redfin.com/MO/Saint-Louis/6541-Lindenwood-Pl-63109/home/93775147,173.71936078453552,566.9997188540884,432.83940277131563,394.8398231704377,137.76189910816478,5838.480544726502
https://www.redfin.com/MO/Saint-Louis/5065-Miami-St-63139/home/93777375,627.5462433962498,1416.1827637678746,326.0578353560661,616.2201124037603,598.5497722425446,4975.277834408352
https://www.redfin.com/MO/Saint-Louis/5609-Oleatha-Ave-63139/home/90082902,645.9869034669563,645.0186761488001,918.7351717954396,632.7665258282216,575.8430371712958,4770.904788847563
https://www.redfin.com/MO/Saint-Louis/2600-Tennessee-Ave-63118/home/93692196,357.53107795384506,1020.1583679396499,206.56039985172168,406.16108801317847,246.7758285718692,6399.003436345889
https://www.redfin.com/MO/Saint-Louis/5505-Milentz-Ave-63109/home/93771350,617.3129813977762,1321.6706667176134,855.4285728295499,610.0045741023396,317.3388849105052,3577.358151114961
https://www.redfin.com/MO/Saint-Louis/4118-Quincy-St-63116/home/93772931,146.9048870499731,756.921996724987,219.55558670300687,924.783236040817,208.35972245463623,4788.1481090217485
https://www.redfin.com/MO/Saint-Louis/4140-Shaw-Blvd-63110/home/66529019,837.9817234640033,515.8892521255842,187.52000450557222,142.63080712032703,144.66438974102465,6026.905966916019
https://www.redfin.com/MO/Saint-Louis/5505-S-Kingshighway-Blvd-63109/home/93765482,39.109661667436384,450.824459268755,1154.0074337201968,56.14612705518204,58.303160891585726,5113.528529342015
https://www.redfin.com/MO/Saint-Louis/3113-Wyoming-St-63118/home/93693203,144.58223021730257,608.7245924264222,368.5545889605868,211.8634442182732,113.74420328175268,7582.679273854489
https://www.redfin.com/MO/Saint-Louis/3500-California-Ave-63118/home/62744258,484.97881269621166,406.9067242095795,692.3186387580768,268.89364174341733,72.76299336301994,6586.930450772068
https://www.redfin.com/MO/Saint-Louis/5854-Waterman-Blvd-63112/home/93762436,179.29757413614212,404.61680933799806,462.44662188546505,91.52910880848013,642.4411035606428,4524.858797683636
https://www.redfin.com/MO/Saint-Louis/7062-Winona-Ave-63109/home/62764318,145.63154105030063,855.3511862726028,1454.0213135871886,376.8031427626823,403.1579615412529,5236.89351466218
https://www.redfin.com/MO/Saint-Louis/3632-Hartford-St-63116/home/93699752,140.76101972020743,118.33589607227522,795.8285203845617,163.50267399441137,136.15379403293807,5488.0067778684415
https://www.redfin.com/MO/Saint-Louis/1021-Lafayette-Ave-63104/home/93685325,256.9941312724832,288.1702844512146,718.6751032279043,266.46643484713877,191.47326498691592,8460.234613349887
https://www.redfin.com/MO/Saint-Louis/6721-Scanlan-Ave-63139/home/93742242,279.93819104780613,744.904426495038,1234.8291781219282,1368.5738813968533,98.40115123070544,5216.024507794606
https://www.redfin.com/MO/Saint-Louis/3705-Illinois-Ave-63118/home/62736877,127.54586433811346,377.37629000553807,196.75882274710358,115.62061379910858,296.7970649310624,6799.074244758815
https://www.redfin.com/MO/Saint-Louis/7120-Bancroft-Ave-63109/home/93749073,77.01409210402599,1132.8155973046657,1588.7903716412493,250.47694625700595,297.0843529081369,4097.993253289985
https://www.redfin.com/MO/Saint-Louis/905-Hornsby-Ave-63147/home/93761181,308.7257866353142,620.7162963319314,1131.8464767774872,299.105713043779,535.02960771255,3910.9206673141484
https://www.redfin.com/MO/Saint-Louis/7856-Leona-St-63123/home/93784432,270.6491867392428,1301.9613518116548,1202.2160129059966,425.35997629288363,481.76061576158435,5518.974928213309
https://www.redfin.com/MO/Saint-Louis/4921-S-Compton-Ave-63111/home/93707740,566.669104091624,893.0951587938116,934.3207395798698,269.6518179147016,242.7565004668723,5217.0023153730435
https://www.redfin.com/MO/Saint-Louis/6753-Oleatha-Ave-63139/home/93778987,45.428530761585606,399.8139762049883,807.0889479642999,1145.2361599780977,506.32522332340534,5226.954544621834
https://www.redfin.com/MO/Saint-Louis/1403-Montrose-Ave-63104/home/93689825,375.0116188925883,341.7494931956288,340.1727317650855,531.519003821029,136.3822151469317,5998.8312535139075
https://www.redfin.com/MO/Saint-Louis/6924-Fyler-Ave-63139/home/93743402,86.16948361117868,827.7991191886425,1152.147304265724,1686.081811945089,159.51636004170632,5201.17113312545
https://www.redfin.com/MO/Saint-Louis/1324-Graham-St-63139/home/93726361,399.54287288433886,370.7202909651341,206.26860031640604,306.3474751757908,212.81305351615538,5620.958802855201
https://www.redfin.com/MO/Saint-Louis/1348-Kraft-St-63139/home/65542487,694.186781563599,729.4077008626772,613.9192696512247,545.4263879124906,364.52943413519773,5525.4207910422
https://www.redfin.com/MO/Saint-Louis/6915-Hancock-Ave-63139/home/93743525,50.22189060190251,709.1969432433948,996.8760021523786,1437.022573772405,339.3998212450853,5562.630583943608
https://www.redfin.com/MO/Saint-Louis/5534-Winona-Ave-63109/home/62752123,158.40956125246197,1018.3329911199743,573.9451403517041,162.34147477631316,215.05530949663196,5609.245105425716
https://www.redfin.com/MO/Saint-Louis/6546-Arsenal-St-63139/home/93742269,26.8401074036055,1032.0642219723534,1260.0096448056827,959.3939973973062,224.17580767975807,3884.2959518542343
https://www.redfin.com/MO/Saint-Louis/6615-Fyler-Ave-63139/home/70413579,332.73583862979694,1108.6104589628624,748.3087426823383,1106.4614470468132,222.3318058204232,4602.477778430031
https://www.redfin.com/MO/Saint-Louis/5201-Kingwood-Dr-63123/home/93783012,151.60216596627953,1342.12760803749,1147.872025106494,319.63309985377697,268.0656264090567,4642.633917367009
https://www.redfin.com/MO/Saint-Louis/7068-Winona-Ave-63109/home/93747650,120.77726374896794,876.2495494644376,1475.2322222761147,371.3592902217692,418.80528727975394,5119.453965238431
https://www.redfin.com/MO/Saint-Louis/6431-Hancock-Ave-63139/home/93743263,134.53111834114605,984.0623930357883,513.5737488393495,717.5093384208127,94.88015387671997,4554.929216142098
https://www.redfin.com/MO/Saint-Louis/7047-Tholozan-Ave-63109/home/93747958,236.94861462340404,692.4155830869761,1401.5912804196748,911.8317964866571,183.49628172605415,5697.103886717868
https://www.redfin.com/MO/Saint-Louis/7226-Virginia-Ave-63111/home/93710435,109.84708241855446,529.7145566535045,403.0977640503849,521.9763884223197,448.3846938509868,6971.613200974115
https://www.redfin.com/MO/Saint-Louis/7081-Winona-Ave-63109/home/93747743,66.08012164005153,898.9346341411053,1552.386143428515,419.0343482342115,470.371932727711,4747.922009363101
https://www.redfin.com/MO/Saint-Louis/2661-Iowa-Ave-63118/home/93699479,129.4441572122985,481.7409684525365,109.4421783611805,149.45517610153496,90.53952440642459,6854.189479724191
https://www.redfin.com/MO/Saint-Louis/3914-Bates-St-63116/home/93781586,25.49673829586146,1412.834085032193,949.3111748416532,869.6133460395517,66.82406603946495,5102.596544780068
https://www.redfin.com/MO/Saint-Louis/1116-McLaran-Ave-63147/home/93731327,62.96523450426903,723.9444538000478,1195.8492972657734,495.67574127965406,72.55531726250462,5655.75766043072
https://www.redfin.com/MO/Saint-Louis/8578-Drury-Ln-63147/home/93732306,374.3657488159608,983.0584901071524,914.0387554471577,1050.798412606629,412.159754252164,5594.225622772578
https://www.redfin.com/MO/Saint-Louis/3832-Louis-St-63116/home/93785292,89.16549629134751,1157.0257530717552,828.5110344796794,463.11682051285374,494.13117872846715,5807.19512331104
https://www.redfin.com/MO/Saint-Louis/919-Bates-St-63111/home/93708532,25.322536285693655,1424.4983363965005,306.7805665074254,332.9149394573041,311.0331226667866,6433.562167276159
https://www.redfin.com/MO/Saint-Louis/4556-Carter-Ave-63115/home/93734106,904.3288517304744,1050.2478240557452,950.3232983394828,795.9789339184666,1181.9181749362197,5204.092047463631
https://www.redfin.com/MO/Saint-Louis/5714-Park-Ln-63147/home/93770313,84.97251459283638,187.19467539131156,309.96834210125513,73.857423133546,126.6372377869746,4887.523310282579
https://www.redfin.com/MO/Saint-Louis/4028-Blow-St-63116/home/93784131,265.4423861862249,1037.914428974,235.50245259959124,866.0560887367168,465.5922924424916,6274.969027613152
https://www.redfin.com/MO/Saint-Louis/5730-Park-Ln-63147/home/63495459,139.05956701718773,178.87482302348135,272.53961750353557,135.38274840405026,184.40456421711394,5201.619471586064
https://www.redfin.com/MO/Saint-Louis/6416-Brockschmidt-Pl-63139/home/62697249,207.2005268287818,292.090848319455,427.610892129964,217.01894871416872,184.03787455952536,5282.475367427212
https://www.redfin.com/MO/Saint-Louis/5938-Keith-Pl-63109/home/93783975,278.2250926508636,761.3582514746392,412.02571706311033,294.03698580372435,242.43256743883424,5890.206796197628
https://www.redfin.com/MO/Saint-Louis/8014-Morganford-Rd-63123/home/93784186,30.634289183106947,1024.9020882071568,1207.9333980202032,441.3927126666181,238.74910831783248,6354.794174519012
https://www.redfin.com/MO/Saint-Louis/4116-Koeln-Ave-63116/home/93784371,137.25842583190166,583.5814773692338,516.7477631309981,265.7278789727562,257.30051460696734,6543.437644284873
https://www.redfin.com/MO/Saint-Louis/3633-Poepping-St-63125/home/62716050,107.82268552800781,871.8775599288666,1732.2923686682736,347.24036897932467,202.45671015605902,5875.857558521249
https://www.redfin.com/MO/Saint-Louis/6759-Delor-St-63109/home/93781467,252.24055231362541,880.4444047540793,645.2638522898,467.7802670888308,433.55481663643405,3983.560852424164
https://www.redfin.com/MO/Saint-Louis/7401-Morganford-Rd-63116/home/93783786,28.00229033780623,399.7183795681667,464.45501080776654,302.2730072510532,364.97936094236024,6898.663619162895
https://www.redfin.com/MO/Saint-Louis/6411-Hancock-Ave-63139/home/93743260,210.49902238271798,906.3323228455911,551.1728410430156,640.9410858492137,166.36376340958716,4091.307095902188
https://www.redfin.com/MO/Saint-Louis/510-Holly-Hills-Ave-63111/home/93709675,177.69193205105526,1177.1042665695195,761.9235637772566,584.4345069368127,650.0086158196119,7292.602448654469
https://www.redfin.com/MO/Saint-Louis/7051-Nashville-Ave-63117/home/62733529,220.93507338033663,967.2784602453889,792.3389706478725,878.0632819792344,592.6110841972982,2165.986939107081
https://www.redfin.com/MO/Saint-Louis/5701-Arthur-Ave-63139/home/93743048,708.5146315108186,427.86521298613667,806.7826970920335,715.6933869797062,238.25557571568234,4457.7227221250105
https://www.redfin.com/MO/Saint-Louis/5531-Arthur-Ave-63139/home/93742850,897.4885468585147,759.9216711858533,524.7511704128192,888.9000980694954,103.55525633428536,6664.176764259519
https://www.redfin.com/MO/Saint-Louis/5689-Pernod-Ave-63139/home/93780762,490.9140860098107,573.3786761203045,603.053656999253,479.700570867431,480.13443696984103,5154.9119613548
https://www.redfin.com/MO/Saint-Louis/3428-Indiana-Ave-63118/home/93694556,184.69664124103616,405.4070665287057,564.538401162013,197.89323764756804,127.94896977872567,5904.584366657263
https://www.redfin.com/MO/Saint-Louis/6446-Virginia-Ave-63111/home/93709661,113.76203454785872,1256.085456778942,621.398344240229,547.9237697422204,490.5958617903578,7718.278388050601
https://www.redfin.com/MO/Saint-Louis/5458-Murdoch-Ave-63109/home/93753485,668.2487892930676,989.747583798315,476.4965659678248,659.7812813662125,222.40202883596595,5558.080242537908
https://www.redfin.com/MO/Saint-Louis/7305-Coronado-Ave-63116/home/93785089,419.7633236518646,1064.813069695666,513.7216403748344,658.0028198376455,554.3043204756317,7148.198219984932
https://www.redfin.com/MO/Saint-Louis/7816-Wilmar-Pl-63123/home/93784777,149.68130239652464,1376.3969084053797,1126.659435672571,326.72615921375944,626.1924501713615,6264.913930449168
https://www.redfin.com/MO/Saint-Louis/7824-Decatur-Dr-63123/home/93784929,250.5035166661796,1471.9205381557615,1230.6146645929819,429.4408991482253,699.2529735325736,5880.176894714844
https://www.redfin.com/MO/Saint-Louis/4312-Steins-St-63116/home/93783755,92.649192907949,400.5805299169882,584.3879040538708,195.74269543497402,464.6339069451877,6680.290487974513
https://www.redfin.com/MO/Saint-Louis/4267-Miami-St-63116/home/93728724,535.1346419267521,674.9617570092432,774.094306127696,521.5195064943491,180.82981900772106,4501.461416293268
https://www.redfin.com/MO/Saint-Louis/8770-Jordan-Ave-63147/home/93782959,207.2156155910824,389.8376483595836,1282.4102482922315,265.3095118429735,249.92207729141973,6168.7009953136385
https://www.redfin.com/MO/Saint-Louis/2817-Knox-Ct-63139/home/62731523,261.631016100614,452.2843603174528,176.94603915273896,389.6294905685028,133.86827104037366,6283.433643011338
https://www.redfin.com/MO/Saint-Louis/6462-Villa-Ave-63139/home/93740899,500.8086152386145,230.1442621362287,321.19345444650094,505.2248306421553,275.8963427743838,6764.08662661537
https://www.redfin.com/MO/Saint-Louis/4172-Parker-Ave-63116/home/93729136,962.3420361145796,246.2232357421173,489.56377188988205,987.6755654048882,381.46640206946563,3886.328566495265
https://www.redfin.com/MO/Saint-Louis/4352-Steins-St-63116/home/93783782,228.62548944774767,280.40185366887624,660.8153175103932,306.9080219333599,569.846885326543,3990.6978454189602
https://www.redfin.com/MO/Saint-Louis/3566-Bamberger-Ave-63116/home/93730446,88.49821938782792,735.4190899217575,1397.4594208048902,114.83856787773993,49.47375055351909,5008.5796078499925
https://www.redfin.com/MO/Saint-Louis/3183-Clifton-Ave-63139/home/93775835,107.13159394183518,820.9544045172863,905.0716060168753,335.8083569369935,142.01491887065484,5798.554899051283
https://www.redfin.com/MO/Saint-Louis/4336-Al-Clare-Dr-63123/home/93784696,187.9104244923787,1289.5923824572058,1598.397994778716,738.3890408915518,632.7383775229378,3416.054532074265
https://www.redfin.com/MO/Saint-Louis/3971-Juniata-St-63116/home/93749833,273.67993778480115,705.1314329579695,224.1636793759934,265.04084270051277,322.03441090605287,3734.661933615995
https://www.redfin.com/MO/Saint-Louis/4317-Alma-Ave-63116/home/93771930,74.79481164440315,586.6656602458263,691.2553205106756,901.1394941399541,194.50521810201468,5906.8167472168225
https://www.redfin.com/MO/Saint-Louis/1719-Veronica-Ave-63147/home/93778775,108.81557934879753,1498.7210379258795,640.7846661441401,942.6893120794113,385.22323034396936,5630.596188407722
https://www.redfin.com/MO/Saint-Louis/5634-Fyler-Ave-63139/home/93742905,705.3002830237194,446.50381557675604,782.765685074001,697.6108225247177,229.55193946029163,4697.061381703931
https://www.redfin.com/MO/Saint-Louis/4239-Eichelberger-St-63116/home/93773996,87.00441656059968,283.94724970307556,221.9133383980885,254.70607583750802,213.39083793803658,5055.975888294728
https://www.redfin.com/MO/Saint-Louis/6919-Marquette-Ave-63139/home/62739915,59.746157856445976,577.4446382405993,955.6261880769281,1295.779551555672,478.54558465435554,5473.099931214218
https://www.redfin.com/MO/Saint-Louis/4412-Pennsylvania-Ave-63111/home/62746968,365.055508099821,343.7071045715176,612.79761196855,471.9374066109476,323.78183835854134,5927.638565354396
https://www.redfin.com/MO/Saint-Louis/5540-Arthur-Ave-63139/home/93742756,945.5149627501564,719.6711089349656,585.3065410418675,937.7117909788536,162.03938198009843,6478.777175870673
https://www.redfin.com/MO/Saint-Louis/5549-Lindenwood-Ave-63109/home/93782495,152.8187362972943,969.6057900814362,766.7710878703172,164.56518579091457,205.8522614919098,6385.117151336445
https://www.redfin.com/MO/Saint-Louis/8015-Parkwood-Dr-63123/home/93783874,140.48166196942898,966.0738608988378,1253.9138462996077,488.0332506534293,317.87016851324597,6403.483121877254
https://www.redfin.com/MO/Saint-Louis/324-Hurck-St-63111/home/93711861,93.55292081455816,238.75110761669444,1827.6777044238545,115.93696338986237,452.2425933795463,7228.854672069526
https://www.redfin.com/MO/Saint-Louis/7700-Michigan-Ave-63111/home/93684134,114.23340552177523,86.49378159638404,1008.3921945957319,423.6872877194337,338.641185475885,8572.147082968566
https://www.redfin.com/MO/Saint-Louis/3728-Arkansas-Ave-63118/home/93785856,128.122252214274,625.2755829701293,931.5904357911937,175.52013640566338,162.03773795952867,6406.673626940185
https://www.redfin.com/MO/Saint-Louis/4375-Haven-St-63116/home/93770778,309.8343248009821,327.0178877235299,637.0965475402267,707.1408963299837,360.26289337118226,4427.570068141659
https://www.redfin.com/MO/Saint-Louis/2159-McCausland-Ave-63143/home/93744176,37.808520344591955,828.9679531252309,712.7415314434974,235.88618935130444,72.08440636318288,5229.523351481916
https://www.redfin.com/MO/Saint-Louis/7417-Ray-Ave-63116/home/93784359,186.66907761140791,725.832671275152,554.5802591784659,245.43056142543085,267.2457815001521,6167.023620166274
https://www.redfin.com/MO/Saint-Louis/6136-Adkins-Ave-63116/home/93776767,152.0630305033681,793.2598131564691,288.2465637870078,965.2838450123677,172.40610092197105,6518.873268949443
https://www.redfin.com/MO/Saint-Louis/3145-Clifton-Ave-63139/home/93775897,100.44548245950874,878.74795932845,745.6007077931952,206.59195225465217,71.5992974771423,5935.911106344081
https://www.redfin.com/MO/Saint-Louis/5614-Bancroft-Ave-63109/home/93753095,292.50117219050276,815.7332518954398,665.1120271343653,293.4190974018497,349.1670115179038,5120.245388906619
https://www.redfin.com/MO/Saint-Louis/5060-Potomac-St-63139/home/62689742,776.5154458540002,1379.9871972107544,152.87451362732006,768.4966057346052,487.8846610401093,4383.254012461211
https://www.redfin.com/MO/Saint-Louis/1122-Grandview-Pl-63139/home/93765054,440.72577356145644,723.9923987196134,94.79809710645316,141.83329688300987,140.32861572720105,5418.124452934032
https://www.redfin.com/MO/Saint-Louis/4359-Toenges-Ave-63116/home/88153802,243.90627609003982,486.475921827141,790.9062108711821,713.5474169153409,217.64090376048068,6681.543246131431
https://www.redfin.com/MO/Saint-Louis/6231-Archwood-Ln-63123/home/93783440,180.12111567660105,476.2053548680334,1583.1248147794504,208.58765798345766,1331.3309667481665,3245.788208619371
https://www.redfin.com/MO/Saint-Louis/5011-Lindenwood-Ave-63109/home/93776237,150.65359744164465,1639.9111997504353,778.7927033263131,139.79180486202304,300.03685250789744,4043.8448552134982
https://www.redfin.com/MO/Saint-Louis/3905-Cottage-Ave-63113/home/103202894,38.89215078725757,487.5155115041135,497.9983437654813,445.0589723424634,401.1373861462507,6067.111645717967
https://www.redfin.com/MO/Saint-Louis/3653-Taft-Ave-63116/home/93706495,229.04206932609114,1108.7492614778077,489.496053834552,229.2078533419119,322.83070283312173,5638.3117357122
https://www.redfin.com/MO/Saint-Louis/4475-N-Taylor-Ave-63115/home/93734728,461.5559501579512,1363.022225440722,762.547394120043,663.2725716477526,734.3138912824583,5432.382544738358
https://www.redfin.com/MO/Saint-Louis/6511-Southwest-Ave-63139/home/93784493,224.35512946886817,834.5002152708885,1003.9456974522989,949.6717643814256,421.0838364643547,6666.028584152355
https://www.redfin.com/MO/Saint-Louis/7337-Sharp-Ave-63116/home/93784838,442.90031042828275,1055.5795294002728,383.97133346134206,505.741732429819,332.4823042892427,6788.5802856805
https://www.redfin.com/MO/Saint-Louis/4348-Chippewa-St-63116/home/93771871,29.681859506930554,1335.2079653020046,321.233486186302,53.67818294383705,93.27638564173647,4640.6181507056
https://www.redfin.com/MO/Saint-Louis/7048-Lansdowne-Ave-63109/home/93774127,31.34555530049824,1069.0186263348394,1203.5506933825782,145.2424088588439,159.13875147937736,4708.755716850428
https://www.redfin.com/MO/Saint-Louis/5533-S-Kingshighway-Blvd-63109/home/93765488,37.32710952707178,547.1792776994959,1080.726197124163,54.440295055607486,73.31837701719316,4914.857761783065
https://www.redfin.com/MO/Saint-Louis/4117-Oleatha-Ave-63116/home/93728791,662.9363766989184,608.2687851537852,766.3239149533407,677.9546013125339,457.2560440098931,5382.390697562349
https://www.redfin.com/MO/Saint-Louis/4989-Odell-St-63139/home/93727970,213.1824240084518,1130.0634380910785,274.2813244890201,239.81467282480907,186.8367750598622,3677.526122345147
https://www.redfin.com/MO/Saint-Louis/4818-Oleatha-Ave-63116/home/93756226,173.71582749180328,1198.7370543447037,871.0568142515804,180.11672425080118,139.274614502631,5580.590853990827
https://www.redfin.com/MO/Saint-Louis/3892-Kingsland-Ct-63116/home/93780394,754.2305570436424,564.952856176959,1184.8231213154095,753.22844835583,246.23144450226863,5491.399308797298
https://www.redfin.com/MO/Saint-Louis/5339-Murdoch-Ave-63109/home/93753350,740.5369647001803,1162.4423876545945,287.4966478642586,729.0098613858277,45.60259207422314,4686.538118917424
https://www.redfin.com/MO/Saint-Louis/6318-Bradley-Ave-63139/home/93776323,241.9345119831699,818.2097913295514,904.141167005623,470.1311619274705,263.8596983638895,6358.8959621668755
https://www.redfin.com/MO/Saint-Louis/4250-Ellenwood-Ave-63116/home/93772441,213.77567691801875,744.0267078007438,522.2036284877965,259.519431304983,178.35409477366966,4387.808232943879
https://www.redfin.com/MO/Saint-Louis/4743-Maffitt-Ave-63113/home/93748635,761.5144674258433,709.2305238958091,582.8662555702225,767.8956633647882,244.15508778381718,4253.870638202476
https://www.redfin.com/MO/Saint-Louis/4119-Castleman-Ave-63110/home/93747063,939.2731442411016,464.17561405498077,238.59239169314577,104.22758520757326,84.72076976884188,5622.85019937056
https://www.redfin.com/MO/Saint-Louis/5644-Murdoch-Ave-63109/home/93753509,274.89334321008147,589.2635156842723,807.2880659505114,271.90996420829975,237.24386029307874,4435.871921740807
https://www.redfin.com/MO/Saint-Louis/6021-Leona-St-63116/home/93770843,527.4323271112114,1184.670328138826,205.8552408266604,1178.2622550765952,576.8429207884536,6151.167236871235
https://www.redfin.com/MO/Saint-Louis/5230-Gresham-Ave-63109/home/93764460,283.7642921667836,941.5079198087368,486.66452372339177,336.1247101225233,354.3592090710193,3773.0009104595038
https://www.redfin.com/MO/Saint-Louis/6147-Adkins-Ave-63116/home/93776831,99.98666936734165,741.1029766107282,343.5815169332073,932.1624486116726,97.11006632906835,6278.697994904
https://www.redfin.com/MO/Saint-Louis/3865-Hartford-St-63116/home/93728262,112.7073986943539,666.3431818382671,668.9575587767837,156.57777988189736,149.8305691597085,4671.241646392586
https://www.redfin.com/MO/Saint-Louis/938-Catalpa-St-63112/home/79932477,272.95298557007175,176.14262943117515,498.78009229070534,689.2382132729291,319.8938980658777,4572.47416320734
https://www.redfin.com/MO/Saint-Louis/5400-Itaska-St-63109/home/93766590,793.1153685144936,1026.0657439285537,733.5547087197124,786.5970817149332,121.68201531645562,3469.225421810091
https://www.redfin.com/MO/Saint-Louis/1727-Veronica-Ave-63147/home/93778777,88.10779393575025,1501.2227863725477,666.0844147785941,966.4660265582777,357.1365595847076,5353.548214546701
https://www.redfin.com/MO/Saint-Louis/4261-Red-Bud-Ave-63115/home/93714723,632.8768832195501,1163.7427804429135,199.3537434709778,641.3562848052101,1101.9616077123073,3872.6915110599084
https://www.redfin.com/MO/Saint-Louis/8623-Partridge-Ave-63147/home/93730784,97.92193197216358,828.063403807137,982.0148174735108,1139.2600017313587,185.67049162426315,5726.591618965149
https://www.redfin.com/MO/Saint-Louis/8635-Partridge-Ave-63147/home/93730787,95.04246761715419,851.5550755677796,945.594116832219,1101.0514747631735,150.78679631979583,5700.24883640562
https://www.redfin.com/MO/Saint-Louis/4010-Schiller-Pl-63116/home/93781145,250.7443455260296,987.9631856046881,844.9168839319559,1002.6387010744622,459.7185351776772,3340.907639043495
https://www.redfin.com/MO/Saint-Louis/8622-Partridge-Ave-63147/home/93731019,158.85323890903365,772.3951212851949,1014.8171769770366,1118.6194681921756,226.42377191218438,6142.657988763793
https://www.redfin.com/MO/Saint-Louis/3316-Commonwealth-Ave-63143/home/62739229,29.99104386912107,655.942738018244,1873.8049863778372,1442.0270085207474,749.4114821260206,3868.6121833035772
https://www.redfin.com/MO/Saint-Louis/5821-Oleatha-Ave-63139/home/93780599,104.58145106286844,449.68776430576776,334.6356439061218,145.32047656582327,76.153388404787,5064.164046592308
https://www.redfin.com/MO/Saint-Louis/6433-Woodbine-Ct-63109/home/93774330,85.44522471735256,1209.25687581363,785.7668387160039,486.31590532222094,69.05470326695671,4578.726009043554
https://www.redfin.com/MO/Saint-Louis/5250-Highland-Ave-63113/home/93737940,106.27981029977278,754.5100810811415,727.3629592929375,113.86537553673708,98.03704918594865,3930.1140976377746
https://www.redfin.com/MO/Saint-Louis/4417-Wallace-St-63116/home/93764109,439.910543580781,480.84588555579194,624.5905313313638,435.4269506102187,377.9715467212063,4626.140193197859
https://www.redfin.com/MO/Saint-Louis/3840-S-Compton-Ave-63118/home/93695741,173.22585718939274,473.36560100447565,535.4300134983459,166.48754057277938,161.70871709286837,6008.891029015676
https://www.redfin.com/MO/Saint-Louis/3831-Oregon-Ave-63118/home/93696465,132.77950594925517,174.70078961947212,337.2281087247256,169.37268390803797,96.34928999352302,6626.686124185383
https://www.redfin.com/MO/Saint-Louis/3120-Gurney-Ave-63116/home/93767082,100.88510427949139,1270.5879640114113,368.6941397894753,117.7627003866454,124.12950535463597,4070.522425912148
https://www.redfin.com/MO/Saint-Louis/2840-Dalton-Ave-63139/home/93727174,211.62842490474998,312.98413182573455,666.4962444165033,217.3476458687237,113.55313288690279,6646.067302728467
https://www.redfin.com/MO/Saint-Louis/1234-Louisville-Ave-63139/home/93750110,991.2483270655988,440.32988892768105,581.6557786876573,253.35497615932928,345.04493808206786,6125.313120015809
https://www.redfin.com/MO/Saint-Louis/4024-Wyoming-St-63116/home/93729612,578.8909080397066,644.1855594213303,330.15581658507625,574.4598139325456,576.5733895051648,4922.114210915458
https://www.redfin.com/MO/Saint-Louis/3937-Humphrey-St-63116/home/93729560,653.4004257677558,876.6328369844013,541.2640779835466,654.6172046474313,474.09905545173734,5133.509513693879
https://www.redfin.com/MO/Saint-Louis/2932-Lemp-Ave-63118/home/64357964,161.25336430579517,468.1415168953389,1187.7257411213036,156.73097979100675,355.00279460649995,7856.799009383806
https://www.redfin.com/MO/Saint-Louis/3833-McDonald-Ave-63116/home/93699973,567.376307510942,897.6635500436576,1036.6620290447115,563.4768937699787,414.4532206797511,4849.872886311096
https://www.redfin.com/MO/Saint-Louis/3922-Burgen-Ave-63116/home/93774759,187.92360800191514,1271.4631144767877,813.0628513517871,890.8065968624549,227.20123032295865,5439.63777755711
https://www.redfin.com/MO/Saint-Louis/5531-Eichelberger-St-63109/home/79022343,513.258864634245,1124.813148019541,815.8320288467472,502.0498920650813,61.65550631226511,4707.830551390384
https://www.redfin.com/MO/Saint-Louis/2917-S-18th-St-63118/home/93698929,220.10855210296253,501.00721747746286,1087.7114753161989,232.98883467781894,396.76272694241896,7186.126260696726
https://www.redfin.com/MO/Saint-Louis/4346-Vista-Ave-63110/home/93726031,341.151674295223,108.96737260523973,138.4229791442443,204.7885131208636,306.24486212203436,4721.422947012909
https://www.redfin.com/MO/Saint-Louis/4326-Vista-Ave-63110/home/93726068,295.9503509159227,156.71969282433295,97.57195961084687,128.1116630520661,229.7762176486245,4946.408508051878
https://www.redfin.com/MO/Saint-Louis/6614-Clayton-Ave-63139/home/93740392,718.1055143908187,649.5138340863194,390.54787703279817,173.50904682844865,209.5821466302924,5313.388938423931
https://www.redfin.com/MO/Saint-Louis/4836-Terrace-Ave-63116/home/93763410,305.89898065928645,571.883398133103,878.9735104278324,292.66746500416724,305.43358470215634,4302.21322841449
https://www.redfin.com/MO/Saint-Louis/6019-Elizabeth-Ave-63139/home/62693720,188.70513180168305,366.47181229947375,674.2979215296488,183.46430595323648,168.5972990147251,4677.393257572484
https://www.redfin.com/MO/Saint-Louis/1370-Mobile-Ct-63139/home/93740877,663.8797212982878,351.51570054559096,392.3608822642798,570.2997612067635,246.17313887425397,6444.895166494088
https://www.redfin.com/MO/Saint-Louis/4345-Itaska-St-63116/home/93763647,328.21999054293383,472.04247906255614,578.8476530038553,316.24135666338236,260.7093846597475,4729.557589722256
https://www.redfin.com/MO/Saint-Louis/5159-Kensington-Ave-63108/home/93744761,350.37760695860817,966.2819011398088,451.90690993297284,387.4471731703166,318.6668488327958,3755.3430279383774
https://www.redfin.com/MO/Saint-Louis/3539-Pennsylvania-Ave-63118/home/93694902,612.5615578345435,487.8492863011769,462.5013830010007,417.97697488511216,357.00059915030516,5890.39351658239
https://www.redfin.com/MO/Saint-Louis/4116-Virginia-Ave-63118/home/93705284,426.92490628084767,238.3239208570743,343.83261305987963,177.25550697565077,194.39199083597606,5470.646006440833
https://www.redfin.com/MO/Saint-Louis/2324-Arkansas-Ave-63104/home/93692313,277.23848724781334,843.043725059776,173.7390851481301,301.2423791107504,274.3350632365737,5530.399492638838
https://www.redfin.com/MO/Saint-Louis/4230-Connecticut-St-63116/home/93729906,451.25761717161384,420.37920156770554,354.26232917977245,456.3530379303861,204.0104951439483,4512.659192880802
https://www.redfin.com/MO/Saint-Louis/4250-E-Kossuth-Ave-63115/home/93735044,556.9667357635605,1202.4490838841257,621.4863830917056,547.612470582348,620.8485502973792,5846.964810077629
https://www.redfin.com/MO/Saint-Louis/4050-Quincy-St-63116/home/93777639,143.5841120692053,1030.7398360328045,270.58783352470874,988.5310732315991,503.83733412862995,5891.46515519791
https://www.redfin.com/MO/Saint-Louis/4951-Blow-St-63109/home/62723176,209.0728842872881,831.5578989876456,603.5605364751532,230.30507168938735,169.66781248429984,4566.60627533946
https://www.redfin.com/MO/Saint-Louis/4609-S-38th-St-63116/home/93767576,590.8055034152774,1250.7307097801197,501.34337821881434,578.8614220362223,488.8009728667319,5732.990432453385
https://www.redfin.com/MO/Saint-Louis/6038-Columbia-Ave-63139/home/93757207,311.77375243997693,218.7396436756035,224.8749013813153,303.4960983033843,218.8721817125242,5628.269959151339
https://www.redfin.com/MO/St-Louis/2643-Accomac-St-63104/home/197962286,185.28921641494284,391.61805999591195,213.30022292524671,262.60809186940025,226.83079381966118,5832.668892077205
https://www.redfin.com/MO/Saint-Louis/4063-Wyoming-St-63116/home/93729811,524.6712549559705,538.0858265518602,194.31540483234883,517.159510470929,675.2550467137314,4570.411045237851
https://www.redfin.com/MO/Saint-Louis/2643-Ann-Ave-63104/home/93690633,98.74152702782197,503.7482448437345,149.8301907429484,192.51554912814365,160.47502397566348,6055.501019603009
https://www.redfin.com/MO/Saint-Louis/3000-Louisiana-Ave-63118/home/93692647,111.22153824886496,653.0232220529832,446.6679964825911,118.83690858132796,91.86994832544913,6902.871580787113
https://www.redfin.com/MO/Saint-Louis/4258-Swan-Ave-63110/home/93725992,161.3910398810296,343.34631825284504,170.24819559535547,170.9870784220985,84.9769162488199,5479.177294852261
https://www.redfin.com/MO/Saint-Louis/3820-McDonald-Ave-63116/home/93684198,518.4804243685712,918.8531728023529,1112.7377073240793,527.5866318163812,371.35987488682196,4361.817140327061
https://www.redfin.com/MO/Saint-Louis/4255-Lafayette-Ave-63110/home/91573025,361.92582596858114,299.6622773812829,177.62417144042254,70.17118753595271,131.00341094046425,5628.343408748402
https://www.redfin.com/MO/Saint-Louis/3150-Nebraska-Ave-63118/home/73978472,222.08286225930198,694.5305872475404,673.2546747860395,230.9378649045953,145.96800156974714,7755.4339610935285
https://www.redfin.com/MO/Saint-Louis/2712-Allen-Ave-63104/home/93690158,99.02817742653882,678.0779129525904,329.0516390012263,341.47257628723077,87.80939365881129,6342.392293613644
https://www.redfin.com/MO/Saint-Louis/2920-Sidney-St-63104/home/93699574,423.63106647925554,538.3198443284347,577.061518654074,596.9529136956567,60.55167321063632,6010.9856515720885
https://www.redfin.com/MO/Saint-Louis/4426-Vista-Ave-63110/home/169425121,400.8130737200904,199.79094524985254,337.65031595599464,398.66603368101147,376.61714126733654,5042.289140193436
https://www.redfin.com/MO/Saint-Louis/10-Lawn-Pl-63110/home/93765845,110.90303706903568,962.1049214455004,389.81676249697034,54.589977520758666,226.24363599364025,4468.793888755419
https://www.redfin.com/MO/Saint-Louis/6059-McPherson-Ave-63112/home/93760500,375.1453051675284,212.16218829541336,369.24989666519673,157.74808221650747,452.41998171617485,3968.389043737084
https://www.redfin.com/MO/Saint-Louis/2029-Forest-Ave-63139/home/93671175,203.94047192200796,417.59534435784565,285.64609875555874,408.45981755424657,373.03196319329646,5246.256559046831
https://www.redfin.com/MO/Saint-Louis/3928-Folsom-Ave-63110/home/103204110,763.9315654801147,410.52922023339295,773.3369691839479,650.086489990103,216.40351538623642,5278.866515794156
https://www.redfin.com/MO/St-Louis/3002-California-63118/home/197714955,136.23633151340687,789.4460016006516,568.3562431356339,139.33326433916926,103.2379736225292,8655.369504537
https://www.redfin.com/MO/Saint-Louis/3214-California-Ave-63118/home/103203833,455.57702851355856,486.7964072348871,966.6250481253356,436.0480104276279,158.1851143501725,6600.100454965266
https://www.redfin.com/MO/Saint-Louis/2106-Hereford-St-63110/home/171139790,405.10938640956016,267.3119671282564,845.128371778169,544.660031317498,76.156941932105,5739.812266918545
https://www.redfin.com/MO/Saint-Louis/1902-Lasalle-St-63104/home/93701187,157.17190424408105,403.41005052142384,542.1825285161963,209.33681368688,149.18144004893222,5579.678754990969
https://www.redfin.com/MO/Saint-Louis/6019-Potomac-St-63139/home/93775445,90.41843014660076,475.7239697515551,388.0206113733326,83.32397737405557,36.757069229742314,4873.827642588667
https://www.redfin.com/MO/Saint-Louis/6430-Sutherland-Ave-63109/home/93779819,170.77536184133658,791.637787089129,660.5601054464296,208.9401659784557,147.5312520751024,5309.936247130726
https://www.redfin.com/MO/Saint-Louis/6443-Alabama-Ave-63111/home/93709700,402.42583978579984,1064.8520256397467,605.4790003128729,768.8963208820601,617.2877639265131,7446.192559859289
https://www.redfin.com/MO/Saint-Louis/3526-Bamberger-Ave-63116/home/93730429,245.56780665338502,891.5919331282556,1290.9409534349597,254.93969868667153,115.96293909643121,4957.914381155053
https://www.redfin.com/MO/Saint-Louis/3411-Itaska-St-63111/home/93707217,508.0674709145772,692.0956953212749,813.5192244479318,498.8694858253675,247.63161714791775,5213.598202097165
https://www.redfin.com/MO/Saint-Louis/4032-Wyoming-St-63116/home/93729606,578.0586122344614,622.7257533890455,306.0327041437806,577.9772244007416,595.1491300142334,4953.421798591403
https://www.redfin.com/MO/Saint-Louis/4249-Utah-St-63116/home/62692343,774.8907941519928,152.79857431649407,399.51403925312934,773.8830742188347,157.84005365668503,4789.039667674503
https://www.redfin.com/MO/Saint-Louis/4662-Tesson-St-63116/home/93776481,38.80363108098794,690.269937835886,1179.9870260257815,70.21022081394891,625.0279866416663,4508.5353935680405
https://www.redfin.com/MO/Saint-Louis/5408-Magnolia-Ave-63139/home/93727287,535.6937172179562,506.01853150908164,362.4695865393364,532.8213741184998,52.32345814358504,6319.955780029525
https://www.redfin.com/MO/Saint-Louis/2121-Esther-Ave-63139/home/93761463,218.1509586175148,450.5628454791907,885.81147171477,232.43579037025995,102.93328355507482,6569.834050419795
https://www.redfin.com/MO/Saint-Louis/4642-Leona-St-63116/home/93769608,888.7451618434513,1076.7784608509487,922.0270964592854,895.7559497178326,510.22528799725427,5179.031023955439
https://www.redfin.com/MO/Saint-Louis/4533-Lexington-Ave-63115/home/93735537,134.3106581858274,577.8606062463335,528.1071975330234,214.07277188535818,170.2164023721577,4037.33399148493
https://www.redfin.com/MO/Saint-Louis/4547-Bessie-Ave-63115/home/93782164,1019.8099433497266,809.8878186686085,945.3118004065931,715.9514823194745,1029.0036634995884,5995.225829263033
https://www.redfin.com/MO/Saint-Louis/6225-Juniata-St-63139/home/93741660,98.94160031008188,1046.661848101584,740.7425130203043,269.2057603923294,102.32173391278658,6906.417331664443
https://www.redfin.com/MO/Saint-Louis/6426-Odell-St-63139/home/93741845,221.70006446381785,886.4430456906894,798.6327273981578,608.4944630797252,218.6880016609431,4313.353965628366
https://www.redfin.com/MO/Saint-Louis/4853-Lee-Ave-63115/home/93733287,540.4941690405402,707.8105199833735,656.8342563179584,223.26945627247648,776.2811536907582,4610.069318685401
https://www.redfin.com/MO/Saint-Louis/3406-Juniata-St-63118/home/93693271,283.39330829767334,513.7534857255031,167.2081943104031,284.1027466025521,349.0427839665851,5665.623065125581
https://www.redfin.com/MO/Saint-Louis/3540-S-Spring-Ave-63116/home/93730352,154.00241957676732,883.407739408144,1447.2104319555488,144.40983462501995,109.80923050751045,5156.892921197303
https://www.redfin.com/MO/Saint-Louis/5664-Marquette-Ave-63139/home/93780720,567.6373336096203,360.9612242044576,804.0728798857082,562.1568416613662,520.5539395870553,3559.8704762712982
https://www.redfin.com/MO/Saint-Louis/1067-Melvin-Ave-63137/home/93782253,143.64976753051377,1011.8164023054668,714.8783899109113,191.38547781144032,448.5372947026815,4123.939893600847
https://www.redfin.com/MO/Saint-Louis/5412-Reber-Pl-63139/home/93727371,324.5163414544083,345.31056729065966,566.3846905553897,333.4905827216216,243.10487567191385,5892.077957141826
https://www.redfin.com/MO/Saint-Louis/6432-Wanda-Ave-63116/home/93770660,285.8695684891407,432.415746925991,825.5048131313174,677.6286933330877,269.2924404990784,6139.528642843776
https://www.redfin.com/MO/Saint-Louis/4019-Meramec-St-63116/home/93778746,420.52197165597255,397.7192828408129,1097.1856157411644,424.45727601952,320.139269755367,5243.516133043846
https://www.redfin.com/MO/Saint-Louis/3808-Burgen-Ave-63116/home/62699066,184.365879492311,1187.7342236585675,992.9819510405889,651.3802256826309,243.00662621624315,4804.000405869541
https://www.redfin.com/MO/Saint-Louis/4076-Wilmington-Ave-63116/home/93770839,428.3030736521116,1125.9478789276286,359.3050119428334,1010.434481580553,613.7827745877788,6191.524524523173
https://www.redfin.com/MO/Saint-Louis/4843-Lee-Ave-63115/home/93732905,581.587873974476,676.0331225342537,698.0429491367324,262.32248731821755,759.6049320447408,4596.332471336135
https://www.redfin.com/MO/Saint-Louis/5511-Lansdowne-Ave-63109/home/93752736,490.45959276384446,1126.5227392642173,224.6503716402259,484.67411734243507,114.90779185505366,5512.338336960194
https://www.redfin.com/MO/Saint-Louis/4745-Louisiana-Ave-63111/home/93707336,253.56769187628834,1020.7540466881383,564.9762904058721,244.83459435697696,232.91232402802083,5880.6312216764345
https://www.redfin.com/MO/Saint-Louis/4848-Calvin-Ave-63115/home/93733013,664.8195117392096,614.3953435695986,805.0918797028652,549.0239806323007,803.6270830320902,5562.861047402782
https://www.redfin.com/MO/Saint-Louis/5332-Loughborough-Ave-63109/home/93771559,30.289078709160655,1160.5025685555838,809.1859513276514,473.48231899986206,84.2287610537789,4584.849423169308
https://www.redfin.com/MO/Saint-Louis/6007-Odell-St-63139/home/93768861,44.47782980896712,660.0680774046306,224.29597081978395,266.8255423332171,114.36079321137167,7204.861651381459
https://www.redfin.com/MO/Saint-Louis/3445-Itaska-St-63111/home/93707239,376.9593408015596,765.1636603841422,684.1353394117691,368.4378667917544,327.8911389898778,4700.26762238765
https://www.redfin.com/MO/Saint-Louis/4335-Beethoven-Ave-63116/home/93764885,378.08800856962347,1080.7508447250625,288.76080226877735,386.543968868951,187.37318216352304,4594.442167979571
https://www.redfin.com/MO/Saint-Louis/3333-Delor-St-63111/home/93707407,677.1656592487022,894.7922418350478,837.8092015652323,320.8085869814966,125.7984933662555,6468.398178222904
https://www.redfin.com/MO/Saint-Louis/4437-S-37th-St-63116/home/93706518,315.2432181962315,1176.9170873165026,616.6502506640342,341.8676437324739,480.9227770923816,5964.703974968222
https://www.redfin.com/MO/Saint-Louis/3740-Meramec-St-63116/home/93705355,334.35645769628144,850.3572700277501,904.4092476546035,345.52033832844535,121.0266720627718,5487.575310083829
https://www.redfin.com/MO/Saint-Louis/5343-Chippewa-St-63109/home/93781925,33.313465971497905,1364.689248221888,487.5095839193258,46.298322047334075,35.665686383898006,4513.8166756590435
https://www.redfin.com/MO/Saint-Louis/6414-West-Ct-63116/home/93779276,153.2773596619229,627.8145693294197,440.60047499990094,143.80785790281385,207.639562841846,5868.132588844002
https://www.redfin.com/MO/Saint-Louis/4470-Bingham-Ave-63116/home/93772073,125.57376552923036,1393.282402090233,673.8896561067429,132.80582964523742,90.6730466715193,3330.2291300078637
https://www.redfin.com/MO/Saint-Louis/5452-Pernod-Ave-63139/home/93782028,456.6273005757224,959.3498516679626,868.93122089372,458.16513135858156,410.1483366084452,5862.5066398008385
https://www.redfin.com/MO/Saint-Louis/4733-Terrace-Ave-63116/home/93758044,294.9797190479222,343.1729354707362,1126.7590442241801,303.6833816439778,154.07376503650246,5280.518793436414
https://www.redfin.com/MO/Saint-Louis/6065-Wanda-Ave-63116/home/93772661,400.60825697814647,293.493287074552,855.2042209532052,393.71241832351774,440.9237353392588,3001.072814791101
https://www.redfin.com/MO/Saint-Louis/5410-Emerson-Ave-63120/home/93764892,332.2822416662214,1446.115199889075,174.89061969157333,272.156998666373,192.3825799107989,3728.6691471098893
https://www.redfin.com/MO/Saint-Louis/5975-N-Cuba-Ct-63139/home/93775580,93.30664699709074,784.5307682617632,313.1790193399938,82.8683418570546,72.46332017409723,7033.992343773861
https://www.redfin.com/MO/Saint-Louis/5916-Alpha-Ave-63147/home/93770417,356.4051504335454,519.9933533302303,216.08272838839906,346.1394707429848,318.5787179372592,5457.074726872834
https://www.redfin.com/MO/Saint-Louis/2501-Sublette-Ave-63110/home/93727092,756.817041046287,720.1976949404867,402.93614464277755,763.6222231217087,182.93196451575704,4486.304430833906
https://www.redfin.com/MO/Saint-Louis/4454-S-Spring-Ave-63116/home/93730851,683.4211186443184,1088.8269861796882,664.0393796802118,684.0371415161466,569.8456751000824,5850.742584188617
https://www.redfin.com/MO/Saint-Louis/3355-Sublette-Ave-63139/home/93742748,969.9217539112298,971.3232403307715,443.7597973415239,967.1523955953036,174.87742443142733,6035.739996927001
https://www.redfin.com/MO/Saint-Louis/2611-Brannon-Ave-63139/home/93727386,707.710086784879,723.3910875115603,252.13013169275823,700.60910911081,81.9089367776912,4397.264406364909
https://www.redfin.com/MO/Saint-Louis/4035-Schiller-Pl-63116/home/62697780,292.9462346866054,885.6810195001117,742.3005266514199,906.9755000309141,562.163941802816,2938.878026762227
https://www.redfin.com/MO/Saint-Louis/3279-Regal-Pl-63139/home/93742928,692.0560050162187,588.2382175613345,649.8780696844304,712.0353223343537,153.72184629702548,4697.137758351052
https://www.redfin.com/MO/Saint-Louis/6613-Parkwood-Pl-63116/home/93770653,214.53529007851324,425.16539529980315,621.270128286403,801.7991142706644,330.84936277232424,5790.1282218256365
https://www.redfin.com/MO/Saint-Louis/6610-Parkwood-Pl-63116/home/62755033,166.187245084888,474.7757844375865,614.970945825532,844.692840314762,318.7444467296119,5953.503422040211
https://www.redfin.com/MO/Saint-Louis/6564-Villa-Ave-63139/home/93740702,737.0924467651874,583.5272130104433,640.5001334907781,612.576745451565,98.56347995095769,5921.08926185998
https://www.redfin.com/MO/Saint-Louis/1361-Louisville-Ave-63139/home/93750104,792.2640614610515,546.2492246528838,581.967263418769,514.3224431513653,188.5599490938317,6254.967939191889
https://www.redfin.com/MO/Saint-Louis/4334-Beethoven-Ave-63116/home/93764730,435.0351323111629,1023.8679995568111,317.41742369371894,442.4763480537954,173.22674740458714,4613.763287048418
https://www.redfin.com/MO/Saint-Louis/4412-Wallace-St-63116/home/93763768,409.3055210898259,444.6553520459764,591.1908542906727,400.3683545657048,389.95702605852125,4665.5605210526965
https://www.redfin.com/MO/Saint-Louis/4444-Gannett-St-63116/home/93763663,642.3675352378744,708.7804317189359,845.4046617271024,633.2808860968595,336.6143590636583,3841.620401583784
https://www.redfin.com/MO/Saint-Louis/1438-Central-Ave-63139/home/93740643,364.0304297922331,537.3836181386332,508.10750678999784,808.0273554980596,397.7656117570137,4879.098777021973
https://www.redfin.com/MO/Saint-Louis/4421-Bingham-Ave-63116/home/93772040,100.11792729046508,1375.2431192495542,490.5974173520575,132.23939399876696,162.34305929462093,4083.454738050878
https://www.redfin.com/MO/Saint-Louis/4625-Adkins-Ave-63116/home/93757024,258.4784552451701,636.5572389644088,567.4861920180098,276.7538717272674,222.11907760492505,5060.794654850272
https://www.redfin.com/MO/Saint-Louis/4720-Goethe-Ave-63116/home/93757176,97.49559571882135,331.07233583355406,636.6900673995608,96.71455456181407,80.00627634185066,6042.142217176902
https://www.redfin.com/MO/Saint-Louis/4311-Bates-St-63116/home/88383634,27.720332199372155,571.355629505921,550.346328253197,347.4811904115725,72.15260285528585,3990.882341013184
https://www.redfin.com/MO/Saint-Louis/2409-Menard-St-63104/home/93686747,412.96218283882394,143.29487378850612,364.31428188592804,200.80603909028127,77.85795634091451,7880.769098440903
https://www.redfin.com/MO/Saint-Louis/3627-Blow-St-63116/home/93711827,205.70441893306017,643.3475070750889,913.7069551283447,229.65459608993157,210.5154495346602,5033.971174576195
https://www.redfin.com/MO/Saint-Louis/4033-Blow-St-63116/home/93777715,217.1989589260238,1040.4547004463489,261.9265228356334,914.3615902791365,507.5567353892777,6441.169016815688
https://www.redfin.com/MO/Saint-Louis/3800-Fairview-Ave-63116/home/93730413,446.99376005468474,1019.9362119194966,1246.6168486507063,436.9653763538441,281.9083665894648,4803.81349227069
https://www.redfin.com/MO/Saint-Louis/5619-Arendes-Dr-63116/home/93781569,82.17224412929737,1284.602117622481,1064.0080633371076,635.0980252143679,143.1696004387374,4270.973061571477
https://www.redfin.com/MO/Saint-Louis/3905-Itaska-St-63116/home/93769636,984.660747942968,1265.5070403860143,688.568589325035,975.6267335832177,469.9469357880952,5336.634780758982
https://www.redfin.com/MO/Saint-Louis/6135-Idaho-Ave-63111/home/93709441,590.2293665851208,1138.2280323062234,638.3838321082042,651.7609973505342,612.836127875976,6671.441380366292
https://www.redfin.com/MO/Saint-Louis/125-Koeln-Ave-63111/home/93710694,112.05747759021413,376.7974632302721,833.4196266403679,122.94935927797141,231.77125401634504,6964.644712517622
https://www.redfin.com/MO/Saint-Louis/7320-Eugene-Ave-63116/home/93712053,386.770927153161,692.160207853458,1217.1281387537845,380.8801803609499,105.83186297067952,5760.0487329111165
https://www.redfin.com/MO/Saint-Louis/5217-Loughborough-Ave-63109/home/93769539,27.695598550353612,911.6781959922046,531.3031910500082,445.1298217794806,81.24876745145076,4530.255092138482
https://www.redfin.com/MO/Saint-Louis/4918-Gresham-Ave-63109/home/62732324,96.67426904028581,785.4955016893979,330.10834875255546,189.3202682776236,350.15465370866895,4321.3484661238235
https://www.redfin.com/MO/Saint-Louis/3161-Ohio-Ave-63118/home/93697089,235.12453544159942,484.5135200042548,959.1689897862561,229.26110580871025,224.0438950838638,6796.43263498984
https://www.redfin.com/MO/Saint-Louis/5705-Devonshire-Ave-63109/home/93753150,304.54889166225877,546.3078963853156,804.7809473876566,348.44455509695706,279.0063824125097,4698.537948267862
https://www.redfin.com/MO/Saint-Louis/4644-Minnesota-Ave-63111/home/93706812,390.5039784117264,473.3626250123393,1102.2280273179779,398.4762621810905,493.3160280782222,6281.846052447642
https://www.redfin.com/MO/Saint-Louis/5613-Rhodes-Ave-63109/home/93771379,394.89326870204,1434.9868561475819,653.5934088103841,390.51319820178475,370.4230853601959,3249.130723713123
https://www.redfin.com/MO/Saint-Louis/5412-Idaho-Ave-63111/home/93708315,259.4171703214609,1221.3681723078676,321.69940561493945,424.67561002754854,398.2037224828553,7041.442917456238
https://www.redfin.com/MO/Saint-Louis/5920-Dressell-Ave-63120/home/93768510,202.47204318351768,1217.5632332576972,1815.2283731752043,319.66490980149774,210.90955794684203,4445.979405980276
https://www.redfin.com/MO/Saint-Louis/4250-Connecticut-St-63116/home/62746666,450.6189432519733,438.65134672387137,424.2593205903596,454.2888231429327,128.0323786740216,4598.956502422632
https://www.redfin.com/MO/Saint-Louis/5524-Lindenwood-Ave-63109/home/93782528,99.5755884692565,1057.763124888495,727.7972938160808,141.29740197767563,95.18531731196389,6247.918181230973
https://www.redfin.com/MO/Saint-Louis/5424-Bischoff-Ave-63110/home/93772170,953.1118938296581,416.10669985175946,493.5329273362212,951.8170028222514,89.94733862390554,4751.258058197355
https://www.redfin.com/MO/Saint-Louis/4630-Idaho-Ave-63111/home/93706674,589.5931693502488,472.332331503707,883.6553542849679,606.6520320415594,35.47622258889669,5505.023604796767
https://www.redfin.com/MO/Saint-Louis/6714-Bancroft-Ave-63109/home/93774164,213.30552839031608,573.4735829590404,791.6934382123965,228.180849980051,246.40335389758718,5453.078817582961
https://www.redfin.com/MO/Saint-Louis/4659-Tennessee-Ave-63111/home/93707145,116.29796509365967,889.9432561115759,466.7030286490662,171.75958499098647,155.7088856870302,5088.283606056762
https://www.redfin.com/MO/Saint-Louis/4649-Louisiana-Ave-63111/home/93706640,258.0716912609814,746.9283608579851,614.2839021244286,304.71143434306055,300.0573468254203,5460.399893886368
https://www.redfin.com/MO/Saint-Louis/3618-Gasconade-St-63116/home/93705641,91.41042163158983,680.7777758773371,696.7124927763298,148.2834874380599,77.20643385011155,5315.255522158292
https://www.redfin.com/MO/Saint-Louis/7408-Ray-Ave-63116/home/93784867,239.65752857714983,760.1087409255282,499.8618723646317,317.91601012986143,212.6660339910638,5809.308517576521
https://www.redfin.com/MO/Saint-Louis/5632-Devonshire-Ave-63109/home/93753157,374.00900361276746,649.3196250015851,706.5453624116077,388.38727526914107,334.29353996812046,4149.287907728112
https://www.redfin.com/MO/Saint-Louis/5737-Devonshire-Ave-63109/home/62717891,215.823760002687,423.18529592896505,931.525456289397,283.0544497075813,179.62497151178763,4738.603363478387
https://www.redfin.com/MO/Saint-Louis/4359-Tholozan-Ave-63116/home/93730112,416.9843855044545,921.1844841211896,677.9870302448754,411.55536300574676,278.43153435855504,5815.212450701193
https://www.redfin.com/MO/Saint-Louis/4372-Ellenwood-Ave-63116/home/93762066,580.2781670511265,813.5886107288917,609.0155488883728,580.1399614292941,426.3160709069703,3675.5320826337406
https://www.redfin.com/MO/Saint-Louis/6818-Salzburger-Ave-63116/home/93759295,178.30044159338553,152.8993178026928,428.0108357112944,357.9756024176311,297.6115963756759,2670.1996430959953
https://www.redfin.com/MO/Saint-Louis/6462-Wanda-Ave-63116/home/93770615,285.37356380180995,376.7257870837393,726.4861570782898,708.4070167384774,332.96231566037045,5552.781260436603
https://www.redfin.com/MO/Saint-Louis/5115-Cologne-Ave-63116/home/93763925,489.9788689717001,290.73872086417464,827.3252250913939,478.1192105265248,342.4462070669516,4962.208295178278
https://www.redfin.com/MO/Saint-Louis/6339-Marquette-Ave-63139/home/93749113,296.8868855226346,861.8351757998973,488.3482843049394,554.4297732137987,282.6386600199243,3174.203453713473
https://www.redfin.com/MO/Saint-Louis/2020-Ann-Ave-63104/home/93691274,126.88926659306047,967.6682324022925,282.63299415837537,162.53579685700893,113.54610363454569,6841.161981697245
https://www.redfin.com/MO/Saint-Louis/5441-Bates-St-63116/home/93767472,104.26186916786203,576.2758220552419,685.7510524088789,93.65764816123162,89.88212938193878,5503.005648609352
https://www.redfin.com/MO/Saint-Louis/5203-Dewey-Ave-63116/home/93742514,454.34386338500116,1734.9053910931975,481.21528742621933,469.2393937594208,386.2234839967695,4738.432409633825
https://www.redfin.com/MO/Saint-Louis/3633-Fillmore-St-63116/home/93772404,547.6938781836791,800.8892439618613,916.7942239126999,185.77270340663605,181.5297377809702,4485.937600870766
https://www.redfin.com/MO/Saint-Louis/4981-Pernod-Ave-63139/home/93776953,465.9615232898617,1739.0390596585255,441.7461110471746,454.97210050623374,422.6597352498466,4164.061633418127
https://www.redfin.com/MO/Saint-Louis/1216-McCausland-Ave-63117/home/93765628,29.268549377370903,798.2824347739812,507.79892168607756,685.9405051822044,534.1752433493641,4153.113715090224
https://www.redfin.com/MO/Saint-Louis/6743-W-Park-Ave-63139/home/93765752,490.7271582524811,939.0933755222616,331.5973871841119,354.3899977131257,384.7426511940275,5267.273318051999
https://www.redfin.com/MO/Saint-Louis/3349-Macklind-Ave-63139/home/93742830,956.4082641259429,849.4132018027263,500.13075000006677,952.5477904630485,171.72669841485725,6639.449656211915
https://www.redfin.com/MO/Saint-Louis/4333-Ellenwood-Ave-63116/home/93764787,469.9124441359265,821.7639082365205,488.54547076177556,507.36113073526843,285.8421455277667,4359.021312804158
https://www.redfin.com/MO/Saint-Louis/4369-Evans-Ave-63113/home/93718901,157.71727492683524,267.2053271851884,772.2919904764979,148.09169937406705,94.91164760794761,5329.29057865716
https://www.redfin.com/MO/Saint-Louis/3647-Wisconsin-Ave-63118/home/93696919,158.14979108128088,542.6092119302359,305.77485406430566,176.84739659262632,268.1080386625622,7123.428170443976
https://www.redfin.com/MO/Saint-Louis/5474-Queens-Ave-63115/home/62697755,57.90999000971765,1464.7016926340928,1010.0943178803868,103.54677909788522,83.55832155521746,3039.6241621143704
https://www.redfin.com/MO/Saint-Louis/5924-Michigan-Ave-63111/home/93708988,26.301079432352214,587.5818532208974,758.5017201874869,379.67162752860025,466.3394547877107,7898.86051540017
https://www.redfin.com/MO/Saint-Louis/5379-Wabada-Ave-63112/home/93738313,327.9841947744949,1016.2485952886728,1106.247155934621,321.40878925128067,372.44650888612995,4708.335908653796
https://www.redfin.com/MO/Saint-Louis/4739-Bessie-Ct-63115/home/93733490,888.0704814616672,775.7800438136518,1005.1909258399345,615.6860536958452,989.0709845281394,4959.285416971564
https://www.redfin.com/MO/Saint-Louis/4454-Holly-Ave-63115/home/93714645,416.7082812063184,942.303407758022,304.49997256033436,418.47799282965406,766.2750622143083,3932.6558988159313
https://www.redfin.com/MO/Saint-Louis/3820-Greer-Ave-63107/home/93715936,201.83669430833896,937.786611906615,499.22971108184964,295.9135459117894,187.18846234015442,6219.594291682733
https://www.redfin.com/MO/Saint-Louis/4543-Michigan-Ave-63111/home/93706187,646.4336938649099,188.4196023263974,806.034452214541,637.1894461844489,282.4132445268192,6305.567446667144
https://www.redfin.com/MO/Saint-Louis/4552-Ray-Ave-63116/home/93755947,487.76363669596884,953.8066518021411,860.6313811156184,475.7860825964185,135.03418553463436,3991.7397086427663
https://www.redfin.com/MO/Saint-Louis/2719-Keokuk-St-63118/home/93696287,231.65195827203993,372.1975320420192,495.8104168274611,231.41448211533327,190.85256723734315,6429.082213704556
https://www.redfin.com/MO/Saint-Louis/4045-Walsh-St-63116/home/93767039,528.3579839072494,715.6933961146434,562.1547046126574,729.0006033411519,688.572201341248,4373.288282726941
https://www.redfin.com/MO/Saint-Louis/1545-Sells-Ave-63147/home/93732200,180.0814923035199,1151.318775127906,796.9063022272994,1024.273126571863,145.2742504110468,6100.456269975441
https://www.redfin.com/MO/Saint-Louis/3018-Texas-Ave-63118/home/93699066,72.7257326848148,413.75820417854845,708.7885596589343,98.19397943231476,89.70068525530154,7772.742620936657
https://www.redfin.com/MO/Saint-Louis/4540-Nebraska-Ave-63111/home/93706549,235.01823355790074,449.56098643851186,973.0418692712739,232.82813187285973,179.31385051182386,7999.161309940651
https://www.redfin.com/MO/Saint-Louis/4610-Penrose-St-63115/home/93734190,848.0851230389218,649.1917084811536,817.1601137224144,666.7806395510969,866.9615110269618,6266.348103478227
https://www.redfin.com/MO/Saint-Louis/212-Espenschied-St-63111/home/93711574,151.92481679665758,506.16304446648246,2105.3046978859747,141.4135388212745,251.00363003748637,5757.98788391925
https://www.redfin.com/MO/Saint-Louis/122-W-Courtois-St-63111/home/93711186,106.99049717640966,82.45670750085714,1227.517729980384,120.33527907807522,139.86742310006866,8180.6636473261315
https://www.redfin.com/MO/Saint-Louis/4471-Dewey-Ave-63116/home/93730861,453.8074811260723,1264.78947609602,503.16526175404215,446.5132372204781,485.8722031038282,5673.764180044296
https://www.redfin.com/MO/Saint-Louis/831-Hornsby-Ave-63147/home/93761174,148.25201116935656,518.6907175647926,1289.2904917777676,139.00744624764798,471.22451228201874,5676.1438262812935
https://www.redfin.com/MO/Saint-Louis/3623-S-Spring-Ave-63116/home/93766327,94.28439185466172,604.7933114347506,1571.7863651391685,83.19934807272215,118.71802216597683,5468.948004898267
https://www.redfin.com/MO/St-Louis/4431-Alaska-63116/home/194911825,400.36674961838116,598.8029007923093,768.0146379913493,419.7537069203502,217.32337364643047,5464.317180375407
https://www.redfin.com/MO/Saint-Louis/3515-Itaska-St-63111/home/93707165,217.95236256301308,874.6167706147119,527.7078572879118,210.87436883994434,259.9840781222533,4971.600439931897
https://www.redfin.com/MO/Saint-Louis/6418-West-Ct-63116/home/93779275,145.5715312095853,636.5914187586028,431.4529766325794,138.64602061455494,211.32859467398885,5919.320501685103
https://www.redfin.com/MO/Saint-Louis/7721-Michigan-Ave-63111/home/93711084,96.06358757908309,141.3905866599157,1070.1185583975462,453.5506702694901,408.5757127946182,8321.83613509777
https://www.redfin.com/MO/Saint-Louis/3729-S-Spring-Ave-63116/home/93766361,113.5172649113745,423.4109446984908,1618.9991744856807,115.34132042040372,162.69894576748376,5795.800912398805
https://www.redfin.com/MO/Saint-Louis/3641-Hebert-St-63107/home/93702075,183.6927296388435,831.4252465684614,445.09733322490257,178.9434641115757,118.32521931868773,6256.144604961119
https://www.redfin.com/MO/Saint-Louis/4823-Terrace-Ave-63116/home/93759241,268.10271976262277,536.5994619318274,947.6869650082556,259.95835448616674,329.41418729464084,4841.289983866037
https://www.redfin.com/MO/Saint-Louis/7725-Ivory-Ave-63111/home/62750546,21.55997308110517,230.4228037028977,1082.3859351088474,593.658754178075,561.178518748322,8127.055700929866
https://www.redfin.com/MO/Saint-Louis/4762-Hamburg-Ave-63123/home/93759443,135.86623457813286,1343.1164396371598,1838.713047987934,347.9723564148512,412.84677439360314,1601.0762407675481
https://www.redfin.com/MO/Saint-Louis/3125-Michigan-Ave-63118/home/93692807,105.53242863729871,909.521590527145,303.523906082303,158.62544526585887,118.67919903308855,7128.511691369456
https://www.redfin.com/MO/Saint-Louis/5741-Itaska-St-63109/home/93767952,118.42059772187798,577.7984449755211,787.716670091383,147.38486003216272,99.57117810505753,4282.8377006656765
https://www.redfin.com/MO/Saint-Louis/5923-Scanlan-Ave-63139/home/93775802,160.6498438165227,589.4149718566312,870.9272941991619,201.66941694409374,233.27994455545596,6904.63820816332
https://www.redfin.com/MO/Saint-Louis/5447-Eichelberger-St-63109/home/62744530,710.2129577913514,1165.2758468656036,1000.5097062495353,699.0206093671263,201.20265618201404,4451.179981289133
https://www.redfin.com/MO/Saint-Louis/4404-Taft-Ave-63116/home/93764695,533.7444541289532,945.4991420184554,548.2213984480272,527.29034682847,400.24414878224246,3704.501698763074
https://www.redfin.com/MO/Saint-Louis/4140-Cleveland-Ave-63110/home/62728310,1072.3148819365674,530.9244079961677,502.7804965055566,705.7541693532233,186.47164033976574,5843.369659968059
https://www.redfin.com/MO/Saint-Louis/3953-Eiler-St-63116/home/93770156,188.4696769643475,1210.5339221980153,1050.708320682025,1041.7093141473542,246.2080210194486,3988.041374987613
https://www.redfin.com/MO/Saint-Louis/3445-Ivanhoe-Ave-63139/home/93743437,371.6345612403044,668.0915013824143,591.2815898644778,1213.0200477514343,377.25265747272454,5733.341311855394
https://www.redfin.com/MO/Saint-Louis/5456-Pernod-Ave-63139/home/93782048,459.25680324675807,940.6426436819344,886.1969594509956,466.36007647196095,414.65156088467285,5897.671516062344
https://www.redfin.com/MO/Saint-Louis/5129-Cologne-Ave-63116/home/62730257,475.4280860571448,294.0297471815527,812.749323235158,464.7253011757338,310.83211155090754,4730.304748016658
https://www.redfin.com/MO/Saint-Louis/6817-W-Park-Ave-63139/home/93765625,311.28652729585775,855.6115776439963,339.42481478424475,459.80246112330076,476.1627161789037,4255.883327744367
https://www.redfin.com/MO/Saint-Louis/4000-Steffens-Ave-63116/home/93785705,670.4986598421451,1087.6557135752566,977.5550212707268,660.3662627122868,206.18139025927786,2948.392744006361
https://www.redfin.com/MO/Saint-Louis/6170-McPherson-Ave-63112/home/77510184,116.15992420731395,142.69074258408568,687.0653589752937,110.22365251137494,515.623462720059,3631.7485458105148
https://www.redfin.com/MO/Saint-Louis/6758-Wise-Ave-63139/home/62694448,425.7036106758636,843.6900368916253,249.4080437422763,325.0963495590182,345.88770713963424,4952.5675359807865
https://www.redfin.com/MO/Saint-Louis/6815-Wise-Ave-63139/home/93759932,292.521676433201,743.7788221235705,236.10891535573222,396.70538025580595,374.12238013521437,4448.460220425892
https://www.redfin.com/MO/Saint-Louis/6732-Sutherland-Ave-63109/home/93774252,99.4207155045176,698.7926034242986,722.592418537329,141.0960721226683,120.54939864471797,5910.908310401527
https://www.redfin.com/MO/Saint-Louis/5747-Lansdowne-Ave-63109/home/93752710,303.9472011882225,451.5615411006451,927.9890381078909,298.37429873144686,245.12607093850716,4342.607625341243
https://www.redfin.com/MO/Saint-Louis/2138-Knox-Ave-63139/home/93761520,298.99419724706064,379.36742474029836,844.2648250129974,305.8756565155892,185.19438880188324,5489.098555627757
https://www.redfin.com/MO/Saint-Louis/6925-Wanda-Ct-63116/home/93784379,129.46104843218447,393.14177065860673,364.58291131837547,746.884216846212,165.02777236309737,3738.070201708994
https://www.redfin.com/MO/Saint-Louis/6709-Lansdowne-Ave-63109/home/93774225,35.12985648239551,767.335676003926,620.8174983363025,65.67678461628158,178.18639509130702,6388.419790710169
https://www.redfin.com/MO/Saint-Louis/3832-Connecticut-St-63116/home/62712114,425.74225712415904,574.8015813743252,791.150814465776,429.8560504389834,317.730014736596,6180.422062801529
https://www.redfin.com/MO/Saint-Louis/5730-Pernod-Ave-63139/home/62722488,318.8984756468258,598.3617734936751,419.5686053012476,314.5256082755866,345.06596634741237,5935.729611591087
https://www.redfin.com/MO/Saint-Louis/5907-Leona-St-63116/home/93770873,442.08598589690325,1237.0588963409268,362.7890439143396,1126.665393222748,677.4759325770507,6552.121882074044
https://www.redfin.com/MO/Saint-Louis/2421-S-13th-St-63104/home/93686686,595.784240749174,325.45781169759846,717.4868674184403,192.79777073777305,222.3624297459878,7385.08433155544
https://www.redfin.com/MO/Saint-Louis/5818-Rhodes-Ave-63109/home/93777685,103.29944232581309,1148.2262257741977,251.987173037457,95.57772886776561,120.15624461361949,3545.9533134286357
https://www.redfin.com/MO/Saint-Louis/4068-Toenges-Ave-63116/home/92224175,397.629417698899,1061.4109699079925,443.9402799101212,1329.6093611287833,435.5152235013207,6172.531211570423
https://www.redfin.com/MO/Saint-Louis/4164-Kettler-Rd-63123/home/62737512,38.80639895566244,1338.41923190554,1536.6845882774996,778.7645532206548,575.4521669118005,3215.2323819873814
https://www.redfin.com/MO/Saint-Louis/5157-Eichelberger-St-63109/home/93767755,452.414237704067,815.5618007511185,1053.061284889619,437.10636750951994,415.0960030090432,4747.5685848507
https://www.redfin.com/MO/Saint-Louis/5441-Nottingham-Ave-63109/home/87279943,735.3400502925684,1069.2332568018637,491.2364267919741,725.3585283763223,147.35127372131026,5183.518869446551
https://www.redfin.com/MO/Saint-Louis/3436-McKean-Ave-63118/home/93693082,125.87631291089633,609.9675925500478,706.833044885288,107.30650929066924,75.10617765273916,6962.081797519505
https://www.redfin.com/MO/Saint-Louis/4028-Quincy-St-63116/home/93777719,144.55521150168096,981.658192343108,325.93631709083076,987.5766654969597,582.4267176162148,5834.8517934342635
https://www.redfin.com/MO/Saint-Louis/532-Fassen-St-63111/home/69444307,142.2076089850483,905.6367752770215,321.191083468137,411.8712699142218,167.13943147140068,7405.995643455883
https://www.redfin.com/MO/Saint-Louis/3400-Humphrey-St-63118/home/93693356,125.21400684666644,699.1220801686081,377.26500037084617,136.91153869419077,85.63845461736369,7525.8533030903955
https://www.redfin.com/MO/Saint-Louis/2235-Edwards-St-63110/home/93727470,915.7268720440862,360.3788162203225,324.70090910383834,905.5654949103242,116.14610024339504,4564.913382591264
https://www.redfin.com/MO/Saint-Louis/6326-Juniata-St-63139/home/93741718,148.85704086409538,1128.6015312853167,857.4742874837906,402.64862400963403,118.57801776417276,6222.2606875413585
https://www.redfin.com/MO/Saint-Louis/3712-Juniata-St-63116/home/93699760,298.88351896397216,299.064733499022,956.5621290799278,311.0974581676606,325.65032282393776,5339.081207152707
https://www.redfin.com/MO/Saint-Louis/2613-Arkansas-Ave-63118/home/93692259,228.35382641640265,948.4596459859713,336.7869297988457,222.41559870898516,159.5568949695201,5912.322343223978
https://www.redfin.com/MO/Saint-Louis/5974-Park-Ln-63147/home/93770493,427.8035696256469,603.3905510186158,494.3262074521631,644.330747014402,607.3359984363407,4997.770088259925
https://www.redfin.com/MO/St-Louis/3221-Ivanhoe-Ave-63139/home/198198927,363.4722156113469,882.4149466915803,1078.227438917673,1330.687183130031,14.262999797134716,4662.952661041961
https://www.redfin.com/MO/Saint-Louis/6631-Pernod-Ave-63139/home/62757044,397.3546981142162,354.46002544290457,446.58449927022485,861.1124086330155,485.2940477536287,5627.585222597725
https://www.redfin.com/MO/Saint-Louis/5319-Daggett-Ave-63110/home/93726891,925.3008439243216,295.88255585420825,808.9220215816293,937.1794158817186,46.44313153654084,5389.944653982834
https://www.redfin.com/MO/Saint-Louis/4941-Delor-St-63109/home/93766864,177.12915381830302,423.9186571433426,958.7577797645132,165.4565333511907,175.2070811871637,4137.832752235031
https://www.redfin.com/MO/Saint-Louis/2415-Menard-St-63104/home/93686791,391.4308115212474,118.16102866162564,338.59860099271737,221.89896771463157,53.895581717237405,8168.302807860367
https://www.redfin.com/MO/Saint-Louis/2816-Oregon-Ave-63118/home/62769364,145.5718158035388,672.8598237583708,369.9006153379347,160.66342601621034,45.77659019815169,7493.153190398995
https://www.redfin.com/MO/Saint-Louis/5710-Walsh-St-63109/home/93768205,177.08232322571303,845.5189428227308,569.2079949453132,184.42425191147936,159.44054309556438,5397.203413736193
https://www.redfin.com/MO/Saint-Louis/6425-Alabama-Ave-63111/home/93709380,407.6631245976735,1076.6196988213683,674.3427065449471,748.4473256630196,671.3995323817409,6926.109712592906
https://www.redfin.com/MO/Saint-Louis/5733-Tholozan-Ave-63109/home/93781059,321.994261124083,660.4870747744117,410.67233367556827,333.7868483098546,321.5217781323517,6314.275716930714
https://www.redfin.com/MO/Saint-Louis/5701-Goethe-Ave-63109/home/93779181,233.1860042878755,1144.1894327418229,475.53121405205434,254.77766862501508,197.9955514179423,4652.587791846735
https://www.redfin.com/MO/Saint-Louis/6388-Smiley-Ave-63139/home/93741709,97.08201429411571,1049.4971841230235,955.9985852615738,463.23020058598837,239.22113388213387,6379.571999328992
https://www.redfin.com/MO/Saint-Louis/6719-Nashville-Ave-63139/home/93765597,581.8439113240808,857.1157327931451,439.679180660399,407.9794075597129,446.52110844620574,5240.390567457019
https://www.redfin.com/MO/Saint-Louis/2912-Virginia-Ave-63118/home/93692621,100.84380951921509,814.7149073618905,535.5672832884914,234.53706388120855,31.38591245773497,7070.586445258655
https://www.redfin.com/MO/Saint-Louis/4462-Wilcox-Ave-63116/home/93761689,458.40648868318334,459.18989555178433,692.820141340654,455.70938925144236,341.2141944291628,4394.457657111721
https://www.redfin.com/MO/Saint-Louis/7813-Decatur-Dr-63123/home/93784755,171.96595316655865,1425.7416633526339,1155.005815021104,353.3700601359109,679.8070319314703,5937.924375541653
https://www.redfin.com/MO/Saint-Louis/6605-Morganford-Rd-63116/home/93771795,25.68411956287888,615.8237223656021,596.4417253868667,972.2869070376502,280.2699085056811,6096.711894634391
https://www.redfin.com/MO/Saint-Louis/5636-Leona-St-63116/home/93774786,192.38459062473098,1190.5468641456202,615.5210210145917,1099.8570457641026,489.9939474323494,4413.381279983627
https://www.redfin.com/MO/Saint-Louis/4317-Duke-St-63116/home/93765092,78.11354975347011,156.25371745219954,296.4683362201995,153.79309155800712,64.20397673900902,5594.120270763635
https://www.redfin.com/MO/Saint-Louis/5670-Pernod-Ave-63139/home/93781945,459.01655080204233,655.9535905022078,658.5903430548954,452.63914546681815,435.27496665955704,5416.270201110607
https://www.redfin.com/MO/Saint-Louis/6627-Arsenal-St-63139/home/93741831,22.669185398780073,884.7975358059912,1377.3128626336018,1106.6984748731472,111.47000315471692,5150.911554731094
https://www.redfin.com/MO/Saint-Louis/4333-Schirmer-St-63116/home/93783775,154.98754141394303,380.4768235485602,668.6698810111958,190.27539134360748,460.38551289869054,4826.498999404257
https://www.redfin.com/MO/Saint-Louis/3749-Roswell-Ave-63116/home/93711986,334.70213515035505,672.0998639324769,1017.6891782525903,611.572470677884,259.32746686247316,6035.7476846082845
https://www.redfin.com/MO/Saint-Louis/7015-Marquette-Ave-63139/home/93743475,394.3016567799071,756.2486485615939,1277.6747804513568,1314.4174724834143,434.0150109373202,3594.9002203853956
https://www.redfin.com/MO/Saint-Louis/4108-Haven-St-63116/home/93778183,221.1234987064385,864.6380961336027,521.4614634445333,1246.536705037192,261.46397039586674,6000.932465600299
https://www.redfin.com/MO/Saint-Louis/5441-Reber-Pl-63139/home/93727326,409.3948241604005,326.6124324411418,538.3661104037756,417.73353084205985,137.88314135571082,6204.380557518964
https://www.redfin.com/MO/Saint-Louis/6624-Neosho-St-63109/home/62768312,119.68459500739918,683.3293647977316,246.37072477882174,325.9691828867272,299.4401240106784,6211.342958260017
https://www.redfin.com/MO/Saint-Louis/6457-Lloyd-Ave-63139/home/93740819,432.12135081953693,241.21835091943439,354.54549623384406,432.0321600242785,292.9164800206754,5905.035056336575
https://www.redfin.com/MO/Saint-Louis/4477-Itaska-St-63116/home/62691956,529.8436499005227,715.3351875944755,890.5327212630546,528.2355358047453,195.31939467804747,2829.481556903913
https://www.redfin.com/MO/Saint-Louis/4642-Steffens-Ave-63116/home/93767187,652.5609815388287,867.5344730642129,741.4998991162537,654.4920274588447,398.46263789693177,5534.387446771195
https://www.redfin.com/MO/Saint-Louis/4417-Shaw-Blvd-63110/home/93767508,128.03694389048948,267.697452932394,481.9028925022989,317.1655834358355,232.39265204891805,5900.178414994172
https://www.redfin.com/MO/Saint-Louis/3219-Regal-Pl-63139/home/143286862,452.5806071223233,618.8664224854277,645.4553479477885,489.02412280166885,273.25032449665207,4283.163116015363
https://www.redfin.com/MO/Saint-Louis/4119-Haven-St-63116/home/62691743,185.10293070264643,821.7742776133132,557.4157214338422,1189.6579185599892,278.56815247718737,6139.871609788095
https://www.redfin.com/MO/Saint-Louis/6811-Marquette-Ave-63139/home/93743425,146.8190257509732,530.8978561783221,744.5840939412251,1246.954338377292,481.068043659338,5644.126573349973
https://www.redfin.com/MO/Saint-Louis/6421-Hancock-Ave-63139/home/93743265,159.84938328033098,958.2576955134574,524.9498592824089,692.0310424836408,117.79480408696905,4345.660426720489
https://www.redfin.com/MO/Saint-Louis/1503-Cutter-Ave-63139/home/93672436,148.56579280889514,571.7398963467172,469.22867306307705,984.8341288125904,170.63270435154618,3875.4286595651697
https://www.redfin.com/MO/Saint-Louis/3634-Childress-Ave-63109/home/93778339,155.69221065022106,902.7432233452874,283.70907301287355,386.6428741677983,161.7640829308223,5844.722088259892
https://www.redfin.com/MO/Saint-Louis/6331-Henry-Ave-63116/home/93756828,225.579913856612,552.3546990702984,490.37968584923703,214.99549288955444,174.41910723075023,6404.5621625444
https://www.redfin.com/MO/Saint-Louis/4133-Lafayette-Ave-63110/home/93760825,703.7437240190737,286.27473537138076,405.4870025432216,343.90199953099545,370.5398752867264,5489.620997614982
https://www.redfin.com/MO/Saint-Louis/3627-Louisiana-Ave-63118/home/93695220,399.0039396094911,289.88891664081615,777.8498022811627,415.0542106331574,83.14818853597596,6182.451658678083
https://www.redfin.com/MO/Crystal-City/6921-Blow-63019/home/196000074,97.14271282232319,852.172787328788,708.7759687607619,132.19944144680846,151.14259701769387,5449.682674488898
https://www.redfin.com/MO/Saint-Louis/5261-Fairview-Ave-63139/home/62769464,977.4063061889815,1113.725401424438,380.4052864675627,984.0059102043506,209.17119814294912,5911.842686982783
https://www.redfin.com/MO/Saint-Louis/4177-Walsh-St-63116/home/93767022,321.9857462424724,375.97380187894964,224.2072132608723,394.7310483506504,426.6557377354366,4136.664140615423
https://www.redfin.com/MO/Saint-Louis/3651-Blaine-Ave-63110/home/93700364,206.93800984799302,177.2101430418716,346.7841967298669,210.18493325243472,181.200787692707,5275.842768296808
https://www.redfin.com/MO/Saint-Louis/7059-Sutherland-Ave-63109/home/93774599,154.94601266093323,975.4779759103826,1334.757896425194,187.1124489612316,229.25775382376327,5591.959408628736
https://www.redfin.com/MO/Saint-Louis/1033-Fairmount-Ave-63139/home/62758934,761.7463227937222,597.3026415345192,509.2746497814447,216.87702624332294,302.915376384927,5567.762256632595
https://www.redfin.com/MO/Saint-Louis/5341-Lindenwood-Ave-63109/home/93781777,156.7952306679483,1274.6360705823356,610.8999656455001,151.44102967676645,124.62193048708214,4375.2235677961535
https://www.redfin.com/MO/Saint-Louis/6308-Lansdowne-Ave-63109/home/62733221,346.3350520665708,355.659969096702,889.1889056932552,355.5391362159809,305.7617716941327,3788.4997563305433
https://www.redfin.com/MO/Saint-Louis/4504-Eichelberger-St-63116/home/93767609,163.5299416107784,436.4718927295372,545.3054956726309,165.8584133876827,129.9425597469901,4971.271952251871
https://www.redfin.com/MO/Saint-Louis/5041-Rhodes-Ave-63109/home/93771240,180.30005296994884,939.5429162646183,851.9223610239219,168.2097336077548,179.8128737547252,3952.9950691541594
https://www.redfin.com/MO/Saint-Louis/5091-Milentz-Ave-63109/home/93771218,371.542884553354,1028.7422221653014,1011.5425653734318,359.7451034169152,190.87889930981237,3406.2972268045637
https://www.redfin.com/MO/Saint-Louis/4258-Hartford-St-63116/home/93749891,170.53153057773804,689.3665481885128,620.0590174627282,180.84533407670048,89.29886710892335,4441.03046327892
https://www.redfin.com/MO/Saint-Louis/5000-Plover-Ave-63120/home/93759738,693.1072674719504,477.4144860532394,553.64842523751,931.7163326437441,704.8250417368596,4647.896958237056
https://www.redfin.com/MO/Saint-Louis/2926-Salena-St-63118/home/93698920,180.05730524441475,399.43671578405207,1216.0291684209371,198.11345254657655,267.1772993438105,7536.464951857791
https://www.redfin.com/MO/Saint-Louis/6312-Bradley-Ave-63139/home/93776324,258.9500722571494,801.0908653931492,910.2835309886792,452.6264735253788,279.85717278079915,6278.652228715098
https://www.redfin.com/MO/Saint-Louis/4023-Walsh-St-63116/home/93777268,531.7121829574546,823.2940340839021,669.5504272371854,835.5193263314048,715.0404100474142,4584.65428180333
https://www.redfin.com/MO/Saint-Louis/5300-Loughborough-Ave-63109/home/62739203,23.502797239153125,1108.3781437034768,716.6474875800103,575.6060147085176,172.21558631368947,5043.220569422781
https://www.redfin.com/MO/Saint-Louis/6444-Murdoch-Ave-63109/home/93779853,422.1458896977921,509.4650873136508,341.9523382031742,454.89514546580324,286.3991234515785,4148.163099176453
https://www.redfin.com/MO/Saint-Louis/5529-Murdoch-Ave-63109/home/93753275,552.8587666981864,859.7483840815551,541.0717675333581,547.1055441602366,351.3215732463407,5101.832261087286
https://www.redfin.com/MO/Saint-Louis/4543-Varrelmann-Ave-63116/home/93756280,94.28863357416387,810.6471027958877,681.8704955710575,93.75003402895169,62.631666049719634,4970.856114530049
https://www.redfin.com/MO/Saint-Louis/3521-Arsenal-St-63118/home/93692712,28.060742373425896,300.1723148618258,593.080560356417,103.62016043705106,78.44768928101176,6324.959376555798
https://www.redfin.com/MO/Saint-Louis/5225-Dewey-Ave-63116/home/93742609,400.12664206719074,1729.1647389894074,561.0934374328062,445.2302960399452,406.9217120237319,4519.101553392878
https://www.redfin.com/MO/Saint-Louis/3904-Louis-St-63116/home/93785288,88.60642774344467,1303.23261173575,734.6124536227933,329.9162546452531,600.3721075888285,5236.900725627714
https://www.redfin.com/MO/Saint-Louis/5233-Parker-Ave-63139/home/93742676,842.8692731574803,1155.219705172603,283.54027578731393,865.0051127958533,183.61193573697741,4317.287019830614
https://www.redfin.com/MO/Saint-Louis/5234-Wilson-Ave-63110/home/93727661,784.0656081563974,113.0280605492877,634.0823056296219,859.1946404659902,80.78054488398348,4200.961010768529
https://www.redfin.com/MO/Saint-Louis/3541-Tennessee-Ave-63118/home/93695426,245.7121942868241,287.1107949172014,967.103783606578,263.2970847566144,178.62505933623422,5517.574723658992
https://www.redfin.com/MO/Saint-Louis/5533-Murdoch-Ave-63109/home/93753276,542.6137258900983,848.8137342688595,549.3367704383185,537.2651158614177,362.26298889364085,5087.140040111033
https://www.redfin.com/MO/Saint-Louis/6203-Wade-Ave-63139/home/93726346,305.15781625560066,342.468637014021,267.17564306939374,330.28720532263526,187.25504089033302,5462.775775040485
https://www.redfin.com/MO/Saint-Louis/6210-Reber-Pl-63139/home/93754695,390.95424250648676,452.0578343825949,331.5272129748579,516.9191029048421,124.89100988216754,5372.596521977198
https://www.redfin.com/MO/Saint-Louis/4035-S-Grand-Blvd-63118/home/93704444,33.73829630133914,650.3213999531841,822.8047916261551,48.791500152826046,70.20220989233299,4656.741183826749
https://www.redfin.com/MO/Saint-Louis/7808-Wanda-Ave-63123/home/62756526,65.14671774990887,745.7405040441116,1053.7607797232035,301.74154450807026,269.002464096014,5753.959649022986
https://www.redfin.com/MO/Saint-Louis/5411-Pernod-Ave-63139/home/93742325,520.4486257752153,1077.0522672167438,680.5752929702539,513.8395607727216,487.64665107098836,5542.35233591008
https://www.redfin.com/MO/Saint-Louis/7052-Tholozan-Ave-63109/home/93747886,216.62249980660042,704.9510258201572,1432.9523270216318,835.7037803274542,212.49889360720195,5813.405987234919
https://www.redfin.com/MO/Saint-Louis/5642-Winona-Ave-63109/home/62734706,161.02296212929494,850.1550185973903,767.3369389287625,174.46123166118872,204.68866154156393,5812.0824173135725
https://www.redfin.com/MO/Saint-Louis/4716-Alexander-St-63116/home/93750205,797.1781586671734,897.8132312270745,754.0306466762772,783.9893571706309,586.7640817272267,5495.418231317898
https://www.redfin.com/MO/Saint-Louis/4077-Holly-Hills-Blvd-63116/home/93782076,363.87628719077736,1024.4042671768286,225.13593745066953,1239.7132508585307,326.20471804288707,6013.35282835194
https://www.redfin.com/MO/Saint-Louis/5524-Devonshire-Ave-63109/home/62730905,653.6899485450367,948.3394910955185,429.1498166360415,652.5113502829839,276.08850902115205,5594.332578246185
https://www.redfin.com/MO/Saint-Louis/6639-Marquette-Ave-63139/home/93748836,435.744901924341,626.7335870462261,474.8659041986354,1101.7693071891517,405.177649023921,5964.9684632385915
https://www.redfin.com/MO/Saint-Louis/3235-Hartford-St-63118/home/93692775,97.45085036935755,664.8132588478662,228.0369341259764,116.77338403248099,132.09132538533473,5656.718130116663
https://www.redfin.com/MO/Saint-Louis/2007-Lilly-Ave-63110/home/93726911,832.8512893766596,196.06585867677288,827.3990149824081,842.8652145410445,291.7779710469788,5715.536999266287
https://www.redfin.com/MO/Saint-Louis/4932-Fairview-Ave-63139/home/62737376,204.4693578204894,1457.614612870478,452.84344577095476,232.1160924391458,170.4043257369673,4347.349044095344
https://www.redfin.com/MO/Saint-Louis/6265-Walsh-St-63109/home/93780264,602.5053103732387,383.0052148039493,579.7607932406705,593.7962393718177,575.6277920673872,4194.248410104736
https://www.redfin.com/MO/Saint-Louis/6562-Oleatha-Ave-63139/home/74295518,262.0768891219734,586.1342644480096,218.57932754204822,827.8362841091736,302.1274056493875,5020.726815301952
https://www.redfin.com/MO/Saint-Louis/3845-Blow-St-63116/home/93773591,215.17138494176223,645.4574400630979,774.7072431394575,813.2903747694363,464.7143174065766,6736.737259226888
https://www.redfin.com/MO/Saint-Louis/1230-Missouri-Ave-63104/home/62758516,261.35467000897705,324.5578128407044,892.208108269648,252.96174856164947,227.40076269558708,5730.822524441804
https://www.redfin.com/MO/Saint-Louis/5211-Delor-St-63109/home/93766848,369.87560962997134,605.1529275729106,867.9683713570053,364.22575826762153,366.6953213343575,3773.41971634
https://www.redfin.com/MO/Saint-Louis/2725-Macklind-Ave-63139/home/93727293,445.13253323939153,455.97127099382334,435.7983919681201,440.475988140168,112.67454971922386,5987.9728508932385
https://www.redfin.com/MO/Saint-Louis/2258-Shenandoah-Ave-63104/home/93682969,140.55408441426337,580.8598330835902,306.68021584556647,177.46628429912425,60.34803868823797,6806.183325063508
https://www.redfin.com/MO/Saint-Louis/6634-Lindenwood-Pl-63109/home/93774954,398.4053135063726,326.7245400663932,653.6836406569929,529.1823376380123,416.7463450891166,5761.089176317794
https://www.redfin.com/MO/Saint-Louis/4939-Lansdowne-Ave-63109/home/93752859,169.74787731182838,1005.7556279545059,656.5182068018356,171.03901648669844,147.81552226665795,3896.6393211892196
https://www.redfin.com/MO/Saint-Louis/3124-Franke-Ct-63139/home/62729428,108.38404796781217,1153.483786830974,944.6386627938034,547.6480636335041,145.8607933872004,5236.575928128186
https://www.redfin.com/MO/Saint-Louis/5701-Finkman-St-63109/home/93777529,239.94523153457135,1353.4453219184722,515.0816869561885,239.71037768733063,217.45932842343746,3753.570066988891
https://www.redfin.com/MO/Saint-Louis/4528-Tholozan-Ave-63116/home/93730024,286.4375892744889,1259.4376926919088,877.261227617151,288.92439818836925,200.32097878874802,4641.374175045313
https://www.redfin.com/MO/Saint-Louis/5210-Parker-Ave-63139/home/93742702,770.7269638637299,1248.5565514218579,236.5312063224559,822.8234502235294,284.1066379183832,4031.490156788962
https://www.redfin.com/MO/Saint-Louis/4444-Taft-Ave-63116/home/93764662,511.2681843051017,1010.3793678079481,673.6149964892384,514.4778988566928,280.1409431734493,4115.520866332794
https://www.redfin.com/MO/Saint-Louis/4239-Botanical-Ave-63110/home/62748652,874.0617067242965,511.64181035956364,175.29047422702294,869.9819162994415,475.56351854104497,4649.942449613216
https://www.redfin.com/MO/Saint-Louis/6757-Eichelberger-St-63109/home/93781552,212.90550021428345,793.0039489447363,729.9843576537281,723.4846917750551,690.7522457582837,4153.2589019995585
https://www.redfin.com/MO/Saint-Louis/4805-Allemania-St-63116/home/93756701,259.4771350219782,858.6111721735324,1392.5131655049488,247.47881685709876,269.6736133082508,5061.003905937573
https://www.redfin.com/MO/Saint-Louis/1505-Kraft-St-63139/home/93773124,687.6709692749054,500.1559187891821,576.5684344028858,770.135558061263,296.0969873294981,5246.851973726805
https://www.redfin.com/MO/Saint-Louis/6423-Arsenal-St-63139/home/93741802,28.135666501528558,1032.3369589851823,861.6911436056406,537.6500058338324,85.07719770299192,4997.80543422639
https://www.redfin.com/MO/Saint-Louis/4122-Federer-St-63116/home/93776671,257.20371883665655,908.3932881497612,239.89871943700797,1118.2036150841043,220.36624999598413,6559.221854822797
https://www.redfin.com/MO/Saint-Louis/5472-Nottingham-Ave-63109/home/93765210,605.4017360698049,947.8453658332685,605.3715629246298,595.1433846381751,278.5882433362013,4825.655025251665
https://www.redfin.com/MO/Saint-Louis/4898-Margaretta-Ave-63115/home/93732586,350.6034168759437,679.7683519253007,654.7304908090867,336.4346755631261,516.8976863191074,3807.001182060602
https://www.redfin.com/MO/Saint-Louis/6821-Minnesota-Ave-63111/home/93710471,46.87759793518498,1103.4111814788546,356.4392284181906,305.64112128043087,59.52340167581144,7942.303294960752
https://www.redfin.com/MO/Saint-Louis/4450-Tholozan-Ave-63116/home/93730030,358.5600224216925,1137.0892434955122,757.8505198783166,385.78561791955394,239.63761522582183,4640.425117021737
https://www.redfin.com/MO/Saint-Louis/4226-Bates-St-63116/home/93761876,28.356720123425617,731.131130856103,658.8657949728445,589.0295157345645,173.97872072909465,3569.0492958747996
https://www.redfin.com/MO/Saint-Louis/2327-Esther-Ave-63139/home/93741590,236.7835296051082,232.41201108501684,553.0412638198794,250.15445513398782,231.64183613113056,5240.665778085882
https://www.redfin.com/MO/Saint-Louis/6623-Fyler-Ave-63139/home/93741962,372.70820468204874,1088.498474869434,758.8954527215886,1148.0785081597562,181.0918310781034,4860.405803812938
https://www.redfin.com/MO/Saint-Louis/4471-Beck-Ave-63116/home/93729771,220.96107285610344,1328.6599170930253,759.2387258764609,258.2444689965113,185.5679991943556,4289.616800815009
https://www.redfin.com/MO/Saint-Louis/6212-Michigan-Ave-63111/home/93709637,30.146671075645703,816.7521451840095,952.6321424599065,450.2039287740493,738.8480767859763,7073.450525460626
https://www.redfin.com/MO/Saint-Louis/7156-Mardel-Ave-63109/home/62687152,252.61299534966597,1177.8076748082096,1922.0255453040515,492.77912954373704,706.9723805303576,2429.1931097428533
https://www.redfin.com/MO/Saint-Louis/1505-Tamm-Ave-63139/home/93740806,229.66272555484687,226.84707138760035,359.3372527136944,254.73352727381732,246.96347133291263,5896.395332091025
https://www.redfin.com/MO/Saint-Louis/8627-Park-Ln-63147/home/93732047,428.97706139728234,1132.6337523838556,883.1398480244522,1022.5262886112137,439.8591630999679,5901.710940211137
https://www.redfin.com/MO/Saint-Louis/3136-Rutger-St-63104/home/93689891,77.08732578234908,567.6745429001846,318.00304546260645,394.54384396831614,270.22499041088383,5516.692155550712
https://www.redfin.com/MO/Saint-Louis/2964-Milton-Blvd-63104/home/93691097,235.73985405291424,705.7521746922741,601.3479669006526,1001.3365073393024,246.77200047538454,4980.054566082958
https://www.redfin.com/MO/Saint-Louis/6403-Macklind-Ave-63109/home/77306465,323.6608894906035,990.0569274155399,537.5789094871992,391.2643494504276,352.29711823966306,3827.563490096079
https://www.redfin.com/MO/Saint-Louis/6214-Pershing-Ave-63130/home/93760143,83.56679686279078,265.87283559206173,645.3779800472231,74.1657575007681,782.4621502691507,2575.8922846586497
https://www.redfin.com/MO/Saint-Louis/6752-Eichelberger-St-63109/home/62728115,214.5811200022178,795.3154798349011,780.6371524941164,796.848460518209,764.749542878069,3676.2150756584865
https://www.redfin.com/MO/Saint-Louis/6425-Myrlette-Ct-63116/home/66604230,362.6148758078467,218.75643908327964,481.99513850149015,356.74480429290395,318.1691106272087,3728.4363085463287
https://www.redfin.com/MO/Saint-Louis/6537-Marmaduke-Ave-63139/home/93743897,298.86855229277876,959.7463248012193,1033.8718299072482,954.1298060459683,453.13157220245466,4933.650061147333
https://www.redfin.com/MO/Saint-Louis/4639-Virginia-Ave-63111/home/93673296,670.6657871315267,570.0529188607967,982.5576011857725,612.2577300047773,167.8042206830216,5678.778383783898
https://www.redfin.com/MO/Saint-Louis/4558-Tower-Grove-Pl-63110/home/93728244,345.3168694559575,632.8094330514689,785.9132981937782,352.26290849432996,310.11047227192347,4001.3254565309644
https://www.redfin.com/MO/Saint-Louis/3120-Eads-Ave-63104/home/93700451,89.44959420806266,222.16918089424183,740.4172701569298,858.558515347199,158.7753195525929,4889.562984990883
https://www.redfin.com/MO/Saint-Louis/7401-Sharp-Ave-63116/home/93784844,274.75650440993024,1067.246186355407,548.1211462139223,284.5711620403666,369.6747182111009,6378.083188300958
https://www.redfin.com/MO/Saint-Louis/6561-Bancroft-Ave-63109/home/93775540,167.76788422109647,685.9290260678474,749.8121493197922,161.88291643763176,126.04927892885026,5967.913627013244
https://www.redfin.com/MO/Saint-Louis/6300-Juniata-St-63139/home/62735992,112.67720213985211,1055.858003027863,792.5425928687619,306.30799752058823,126.54966905164079,7294.569132642227
https://www.redfin.com/MO/Saint-Louis/6211-Odell-St-63139/home/93767635,271.98513195787433,657.0910492545784,413.77117548549455,334.38740806259773,249.32426171466273,4978.81203736749
https://www.redfin.com/MO/Saint-Louis/6523-Fyler-Ave-63139/home/93742107,99.57718238958586,1183.1793173185579,721.4380138486737,864.4602666482715,53.86382414243268,4708.583346255317
https://www.redfin.com/MO/Saint-Louis/7120-Rabenberg-Pl-63143/home/93743159,151.27755328169738,344.6332632488073,1685.2880036006943,634.0503395155688,287.598600887588,5522.645611499322
https://www.redfin.com/MO/Saint-Louis/6750-Plateau-Ave-63139/home/93740802,498.1701097488196,231.35950592740912,260.34545473274113,646.6233124753767,464.1757081234011,4803.782281569853
https://www.redfin.com/MO/Saint-Louis/6151-Columbia-Ave-63139/home/93743722,504.80927794641207,160.762417595888,399.904656800125,511.4195377120533,103.96961903805318,5846.736245400394
https://www.redfin.com/MO/Saint-Louis/1516-Switzer-Ave-63147/home/93732297,67.3646758877566,986.4576186527697,985.5280038794771,1192.4797984098075,227.14752962618806,6032.658507990238
https://www.redfin.com/MO/Saint-Louis/4144-Davis-St-63123/home/93783899,187.8313400488148,1186.7915692588658,1272.8887240544238,548.0739689453056,354.90318667381314,5611.53322837616
https://www.redfin.com/MO/Saint-Louis/7128-Bancroft-Ave-63109/home/93749069,129.8530365841892,1178.3574665498224,1636.866003539674,232.07528731758606,323.7141973194598,3899.625300277796
https://www.redfin.com/MO/Saint-Louis/6401-Clifton-Hills-Dr-63139/home/93784656,510.03847161619865,535.4914072643102,801.2735861925695,914.5101183653614,195.65543405403014,5323.013316474688
https://www.redfin.com/MO/Saint-Louis/2733-Hermitage-Ave-63143/home/93743942,140.9459081320223,487.2406722724493,1434.9756231041383,623.0495688583745,132.88909798613355,4258.265944487334
https://www.redfin.com/MO/Saint-Louis/7054-Eichelberger-Dr-63123/home/93782468,295.90340788969195,1244.3819585544866,1381.9700757062653,500.03308406194026,372.48041924995675,2137.0812153381617
https://www.redfin.com/MO/Saint-Louis/6641-Pernod-Ave-63139/home/93778932,365.4916031459031,334.4690954863785,478.07555688310674,882.9441621293126,515.7972317928746,5498.026088168598
https://www.redfin.com/MO/Saint-Louis/6721-Itaska-St-63109/home/93781447,104.72616780782045,807.9981051317543,471.41176697938783,396.48753985730593,343.68389487219235,5416.162297104366
https://www.redfin.com/MO/Saint-Louis/6718-Marquette-Ave-63139/home/93778808,312.869111293449,508.14578381330466,569.6603093495257,1108.8676498482414,525.9782823883304,5119.750682168881
https://www.redfin.com/MO/Saint-Louis/5929-Cates-Ave-63112/home/93739608,529.5736362380052,264.90602199067973,679.5343636540496,527.1167429838264,475.9659417345772,4213.7925870795425
https://www.redfin.com/MO/Saint-Louis/5453-Bancroft-Ave-63109/home/62757066,232.8965254416626,1136.5432974352052,379.0120785309634,218.86208933120864,275.2210008866151,6045.103088188478
https://www.redfin.com/MO/Saint-Louis/6271-Kinsey-Pl-63109/home/93783593,531.4636827181713,516.9705290013101,543.5373639272324,771.8789884184653,742.6845191382639,4793.6242402804655
https://www.redfin.com/MO/Saint-Louis/6962-Plainview-Ave-63109/home/62732880,154.0473964990081,1035.385006935509,909.0132249314303,173.76774467536396,136.1315596143649,5683.931355332003
https://www.redfin.com/MO/Saint-Louis/2638-Dalton-Ave-63139/home/93726796,382.66438467063347,536.0752075200877,605.3912757630478,399.61969489235025,190.91523350568167,5292.747602048637
https://www.redfin.com/MO/Saint-Louis/3807-Tamm-Ave-63109/home/62715461,200.87303098213752,1033.8962133125922,478.91149488733186,198.06478959156658,162.2248687647708,5610.788714284369
https://www.redfin.com/MO/Saint-Louis/6625-Hancock-Ave-63139/home/93743312,362.88923030035073,799.8311905913674,519.6352276357877,1186.7294214622036,337.35978220790906,6024.032305430622
https://www.redfin.com/MO/Saint-Louis/1231-Hornsby-Ave-63147/home/93731557,108.40930822844663,1334.5901497702846,392.5770675890484,443.1807278996491,213.5101784756525,5857.912488456421
https://www.redfin.com/MO/Saint-Louis/6056-Childress-Ave-63109/home/93783870,437.9171265194462,799.2429821153607,332.7502347430865,583.4346116343585,501.42673708793023,6078.290380532181
https://www.redfin.com/MO/Saint-Louis/5341-Reber-Pl-63139/home/93727504,410.5316366197111,634.5241987360818,443.7023071429981,424.2192729357993,223.38060311242563,4884.267340273647
https://www.redfin.com/MO/Saint-Louis/5700-Arthur-Ave-63139/home/93743028,693.909780817029,407.8533984624054,844.2397699665685,701.9386805778786,276.5898191376262,4217.733017339714
https://www.redfin.com/MO/Saint-Louis/6568-Odell-St-63139/home/62768107,204.58284152070124,1048.2276120291665,1185.4520931574698,985.5035650029141,319.3072511536906,4337.640445853582
https://www.redfin.com/MO/Saint-Louis/4005-Eichelberger-St-63116/home/93757720,349.5380020017933,978.6023590390239,830.0636620464111,1001.1311681241389,497.90955741334574,3377.9267097170355
https://www.redfin.com/MO/Saint-Louis/6451-Odell-St-63139/home/93744977,276.73605706504014,916.3058040409489,884.3988542729152,728.2405174790507,303.97189780890346,4638.104275497368
https://www.redfin.com/MO/Saint-Louis/1712-Belle-Glade-Ave-63113/home/93786431,192.42927406236248,869.2641369820952,777.7188673907735,196.90189173970083,159.3010169037716,6195.7751679324365
https://www.redfin.com/MO/Saint-Louis/4023-Healy-Ct-63123/home/93783882,381.72828240325595,1422.1979803819138,1324.1797966097054,540.1099301529215,592.168625357632,4277.6051199452995
https://www.redfin.com/MO/Saint-Louis/6445-Odell-St-63139/home/62765346,279.93760019932125,898.3777760558879,862.1203697873129,709.1995489674737,312.5858748142532,4619.257418461878
https://www.redfin.com/MO/Saint-Louis/6945-Lindenwood-Pl-63109/home/93748050,181.57707620879108,380.4770918020843,1134.6831410136715,586.432601899634,345.16515783390696,6162.717007819463
https://www.redfin.com/MO/Saint-Louis/6608-Oakland-Ave-63139/home/93740545,730.0488871714765,665.0343373767978,521.9830457736883,316.7463090043723,328.4452660745665,4892.153176710076
https://www.redfin.com/MO/Saint-Louis/6203-Tilden-Ave-63116/home/93765712,286.84449827834516,377.8027241298026,742.8768884424446,589.0859087313231,305.2215267357761,5231.874789074218
https://www.redfin.com/MO/Saint-Louis/1501-Switzer-Ave-63147/home/63685813,33.61070048290878,958.5201952796053,946.1455369344487,1140.4854132760777,173.05213016483768,5811.494276320352
https://www.redfin.com/MO/Saint-Louis/3838-Federer-Pl-63116/home/93773567,792.6458858936761,440.30071101657904,964.9110197184352,475.67030568301107,493.5324538191123,4400.486673940789
https://www.redfin.com/MO/Saint-Louis/7026-Winona-Ave-63109/home/93747686,280.6580401603307,741.6496027741103,1345.5827491566185,365.84848243621644,345.30385296555346,5017.305907831767
https://www.redfin.com/MO/Saint-Louis/7105-S-Grand-Ave-63111/home/93711751,284.3246255655407,720.3921198449024,857.6673943407902,221.06338928659875,139.66409657571836,3609.8695151728134
https://www.redfin.com/MO/Saint-Louis/6968-Winona-Ave-63109/home/93747737,260.83124197054275,604.2351770491082,1180.4562500487054,360.74830134344603,330.6362036301119,5975.034634750139
https://www.redfin.com/MO/Saint-Louis/7217-Pennsylvania-Ave-63111/home/93710708,167.87526149005834,627.933263471407,567.9634874995206,159.2204017625729,119.55747170283367,7420.177685422488
https://www.redfin.com/MO/Saint-Louis/6682-W-Park-Ave-63139/home/93750063,704.357407109928,789.7362114876005,465.277510201052,367.9447919360263,411.89378937447754,5152.920112216897
https://www.redfin.com/MO/Saint-Louis/3138-Illinois-Ave-63118/home/93699278,158.36060125865427,261.7257644379769,1277.028109995086,155.25052206985754,147.08356499925227,5273.029531739667
https://www.redfin.com/MO/Saint-Louis/4251-W-Maffitt-Ave-63113/home/93678024,1025.0815350917474,312.9339904359264,423.2897608520439,154.5766761936064,185.09961008058704,5787.547321200799
https://www.redfin.com/MO/Saint-Louis/7033-Pernod-Ave-63139/home/93748475,292.7421814201588,660.3504676007269,1331.095714383186,1015.7122327837434,176.69872807036452,4567.624437260667
https://www.redfin.com/MO/Saint-Louis/913-Morrison-Ave-63104/home/93685512,286.6647557836748,397.3769992144408,423.2365774918313,396.4839380614557,227.73223122414896,6289.441802677808
https://www.redfin.com/MO/Saint-Louis/6509-Marquette-Ave-63139/home/93748834,58.06530801962562,880.6525864227972,269.68324051144697,905.1525015939313,43.421552227293056,5049.422962003784
https://www.redfin.com/MO/Saint-Louis/4112-Poepping-St-63123/home/93784338,256.5881051682701,1217.7907186234156,1170.9501257816066,422.2689419507818,387.51625658424626,5868.285923276358
https://www.redfin.com/MO/Saint-Louis/4950-Eichelberger-St-63109/home/93765434,185.95429452048714,480.6299917681811,1180.1404910702784,172.8644661425656,151.61248069088296,5302.221147158992
https://www.redfin.com/MO/Saint-Louis/1648-Orchid-Ave-63147/home/93731806,95.18765476684754,1712.0717901751102,326.6045824059693,627.9365225245388,451.19297547566913,5118.296502354585
https://www.redfin.com/MO/Saint-Louis/4101-Healy-Ct-63123/home/62716808,400.3249130305025,1374.5192147611115,1346.4901202277476,582.7292085976336,534.3584197939283,4119.550486997009
https://www.redfin.com/MO/Saint-Louis/5932-Finkman-St-63109/home/93784014,256.24496124279483,1071.6859797637132,92.45331402062779,281.9486726540176,238.9896895674991,5823.002291089472
https://www.redfin.com/MO/Saint-Louis/5972-Tara-Ln-63147/home/93770711,100.79516080891936,607.2426769475483,722.9572901831218,798.2714767740847,670.0521117320595,5649.115273027609
https://www.redfin.com/MO/Saint-Louis/7018-Holly-Hills-Ave-63123/home/93782471,318.3258613198235,1009.8169308451063,1449.060485461295,754.4161911383885,633.5207955232653,1610.8541179055744
https://www.redfin.com/MO/Saint-Louis/6656-Oleatha-Ave-63139/home/93778993,292.70333289219406,346.85594993238675,551.7378257386481,980.7615863337436,611.5678795135832,5113.680845635254
https://www.redfin.com/MO/Saint-Louis/5811-Finkman-St-63109/home/93777660,89.96956044275014,1185.560666327769,186.8806742670308,112.85674837568116,101.08498776115813,4643.421914036421
https://www.redfin.com/MO/Saint-Louis/3425-Halliday-Ave-63118/home/93692504,367.36601541076374,753.059035523521,552.902286509524,402.34269147353075,186.68951999362326,6735.776281311094
https://www.redfin.com/MO/Saint-Louis/5445-N-Kingshighway-Blvd-63115/home/93752026,29.691647762994645,1427.3222015870485,1089.6134753902209,98.1314571533101,124.57420260022337,3789.901463779016
https://www.redfin.com/MO/Saint-Louis/5536-Lisette-Ave-63109/home/93776618,289.43984522232836,1345.2768940883952,747.2221279274438,491.2610742241942,289.14169769980373,3683.720100964732
https://www.redfin.com/MO/Saint-Louis/6269-Kinsey-Pl-63109/home/93783592,553.0266451134544,526.8166548192202,519.195221411138,747.644002775884,718.2961669161242,4795.828338245484
https://www.redfin.com/MO/Saint-Louis/3915-Blow-St-63116/home/93773365,216.7614186080896,749.6894169524955,609.775106218834,903.3386695812156,632.7253326677284,6939.682458519395
https://www.redfin.com/MO/Saint-Louis/4815-Minnesota-Ave-63111/home/93707667,309.96316163391174,871.9206139143107,1162.061312509067,306.3319172590792,474.8150175039537,5757.023725434839
https://www.redfin.com/MO/Saint-Louis/4916-W-Florissant-Ave-63115/home/62695103,31.72377492922271,1540.0512282939533,1432.2470279285612,96.75061960765338,247.53266540614337,4830.152595842432
https://www.redfin.com/MO/Saint-Louis/5730-Bancroft-Ave-63109/home/93753092,296.4723375671204,639.0934393485006,797.0993278902424,327.0024019091131,224.60180135231573,4107.7748008503495
https://www.redfin.com/MO/Saint-Louis/2765-Tamm-Ave-63139/home/93707792,428.3885561521573,733.4464004922492,751.6053058456947,712.0293964480321,335.53067361779426,5212.810368607799
https://www.redfin.com/MO/Saint-Louis/5169-Vernon-Ave-63113/home/62773850,254.36806426470213,476.93441368244584,690.3090241241332,255.75747931189673,407.2833569646407,5863.774855864816
https://www.redfin.com/MO/Saint-Louis/6505-Michigan-Ave-63111/home/93709683,31.80987958530858,1170.2692676977924,686.231753986012,455.72586178406027,485.95257219997654,7062.616362679187
https://www.redfin.com/MO/Saint-Louis/6821-Garner-Ave-63139/home/93741066,342.18700568245043,295.22357041047053,224.9499061559117,359.1771425459089,299.06287327092747,4692.127442080663
https://www.redfin.com/MO/Saint-Louis/6817-Garner-Ave-63139/home/93741059,335.1769390782553,285.08039302705555,223.6474161380376,358.6588728797034,288.70619725650107,4615.038155861228
https://www.redfin.com/MO/Saint-Louis/8120-Parkridge-Dr-63123/home/93784253,334.6994816742336,1163.0685462770296,1553.5397348845945,500.59906758712486,706.6241856608201,3262.217975708885
https://www.redfin.com/MO/Saint-Louis/3848-Eiler-St-63116/home/93761611,178.03442647721377,1441.601397228728,908.0857529884033,808.0011977275332,150.40414962839765,4055.0502260253834
https://www.redfin.com/MO/Saint-Louis/5273-Parker-Ave-63139/home/93742681,882.8147410969868,1070.4654745651503,325.07092994953825,874.9314948416004,93.9589667874005,5175.6594357176755
https://www.redfin.com/MO/Saint-Louis/8954-Edna-St-63147/home/93731519,284.14894332805187,939.5259829512196,635.6716403063457,342.1952068500196,417.57658150262995,4367.716302938616
https://www.redfin.com/MO/Saint-Louis/5467-Clifton-Ave-63109/home/93783476,462.2392388685389,800.6403895557437,245.0971957351912,457.2593975766483,437.6213668608234,4002.062234412013
https://www.redfin.com/MO/Saint-Louis/6580-Oleatha-Ave-63139/home/93778938,327.1115112301697,532.2155358393143,282.5712444334956,849.9930007644765,366.49667582001007,4845.88317463694
https://www.redfin.com/MO/Saint-Louis/2747-Rutger-St-63104/home/173619015,331.7272048346133,212.28570810087803,552.5530092752578,322.5793112929739,182.7006832275459,6128.851123671924
https://www.redfin.com/MO/Saint-Louis/7024-Stanley-Ave-63143/home/93744193,106.57626072974732,756.2130503112465,607.8143667402811,446.44184836214527,239.67887628849533,4120.676590436785
https://www.redfin.com/MO/Saint-Louis/2349-S-11th-St-63104/home/62741473,509.9912982665141,290.9814934723043,510.7539361564951,115.14840034263828,99.46806622340723,8479.590532327085
https://www.redfin.com/MO/Saint-Louis/4329-Alma-Ave-63116/home/93771926,119.2340400762576,535.9746581547204,672.4703373670959,865.2578545358763,233.86368579869077,6209.037952210935
https://www.redfin.com/MO/Saint-Louis/4253-Holly-Ave-63115/home/93714413,796.098344023408,1320.0018202258836,111.34025407559766,456.52708362022815,1036.0711227227216,3716.1789203478356
https://www.redfin.com/MO/Saint-Louis/5185-Enright-Ave-63108/home/93744914,193.85493600264576,928.6184439680873,402.4365083218688,206.96479502699626,150.8686731031574,3481.8895229254813
https://www.redfin.com/MO/Saint-Louis/1063-Hornsby-Ave-63147/home/93761150,299.60577463061463,896.3645223472645,794.3523787734892,545.4527941438483,504.2760788841911,4333.128363468419
https://www.redfin.com/MO/Saint-Louis/7223-Pennsylvania-Ave-63111/home/93710707,166.32700300088112,611.0711248071506,581.301921959617,157.00433498893642,105.37431740405603,7389.003368663094
https://www.redfin.com/MO/Saint-Louis/5095-Raymond-Ave-63113/home/93752500,383.21988509853566,750.536286795776,805.2356691700497,371.73605200971974,345.45482722324573,5270.724672068175
https://www.redfin.com/MO/Saint-Louis/3141-Potomac-St-63118/home/93695074,537.8014328525842,275.976690924757,736.0871129232685,251.3230700356932,223.11122865150085,6230.852367239821
https://www.redfin.com/MO/Saint-Louis/4725-Maffitt-Ave-63113/home/93748625,831.5377990918867,736.6508727109021,549.6380667611081,798.3808786605994,207.11648770232765,4447.074978519728
https://www.redfin.com/MO/Saint-Louis/4246-Nebraska-Ave-63111/home/93705534,390.4306554117031,573.1811252359577,243.4049617661054,197.8299043091056,146.5547753806277,4937.2783839951835
https://www.redfin.com/MO/Saint-Louis/7307-Minnesota-Ave-63111/home/93710809,117.16111003267153,484.2511928370498,548.2816693330992,306.4166450145367,220.1447629200899,7592.340742998229
https://www.redfin.com/MO/Saint-Louis/8226-Frederick-St-63147/home/93760550,329.3169947082114,337.9670064811817,1656.8043142536815,315.74743362840195,267.4188118020089,5895.040325931535
https://www.redfin.com/MO/Saint-Louis/4116-E-Iowa-Ave-63118/home/93705061,200.68061309268018,116.50545150504185,186.18444932971215,187.6434358510021,269.999327081183,5948.162158056226
https://www.redfin.com/MO/Saint-Louis/4339-Linton-Ave-63107/home/93712881,123.55951149560397,969.0685848372101,518.5558431084628,134.10670796161685,861.1644275849707,5735.4778828507815
https://www.redfin.com/MO/Saint-Louis/6619-Vermont-Ave-63111/home/93709861,283.1615159384428,1165.9837584020631,482.9498088491916,727.3314229237723,465.09536066817736,7102.307950259957
https://www.redfin.com/MO/Saint-Louis/3906-Bates-St-63116/home/93781580,28.267359127118414,1397.162101898183,968.2734210614475,834.4775193722105,63.32650169910741,5036.218135485358
https://www.redfin.com/MO/Saint-Louis/3841-Michigan-Ave-63118/home/93695739,173.68653914029227,480.6455401187561,489.3376014088788,170.36764852802204,140.8705923847707,5796.044885574658
https://www.redfin.com/MO/Saint-Louis/4419-Holly-Ave-63115/home/93714503,576.2385707381184,1108.4745769738977,198.89363108678182,589.7630388901116,844.3014271717444,4311.159885836669
https://www.redfin.com/MO/Saint-Louis/6049-Shulte-Ave-63136/home/93758488,340.94631930428005,588.4833226269512,555.169059201642,327.93448849125537,303.9751078520796,4032.2733615567045
https://www.redfin.com/MO/Saint-Louis/5653-Park-Ln-63136/home/93769991,91.83812468491446,326.9513416813959,416.3330531385657,87.85821138122236,58.08055626967544,4576.042024420097
https://www.redfin.com/MO/Saint-Louis/4871-Anderson-Ave-63115/home/93732968,555.4554139819506,524.6523652354413,689.6031168906857,448.36854261667474,780.3690225753363,4167.625973020245
https://www.redfin.com/MO/Saint-Louis/4422-Pennsylvania-Ave-63111/home/93706067,348.55722980019937,335.94351838966287,646.4855813049511,475.04547659500287,318.997101765883,5907.960783701547
https://www.redfin.com/MO/Saint-Louis/4950-Labadie-Ave-63115/home/93755807,106.48132015123991,558.284504849821,161.8519812327247,121.79515879264865,246.8895171094191,4396.055589831001
https://www.redfin.com/MO/Saint-Louis/3417-Park-Ave-63104/home/93700999,340.70162024842347,415.4815753155483,416.23677021296436,429.16411248365074,169.7842411404431,4956.221934074125
https://www.redfin.com/MO/Saint-Louis/3114-Clarence-Pl-63115/home/93736150,484.3304421264732,812.927950556025,842.781452225083,298.1591893549018,289.01311475193944,5499.679063498115
https://www.redfin.com/MO/Saint-Louis/4341-Minnesota-Ave-63111/home/93705880,565.6717105290892,357.5697976912803,377.5854563213625,423.1562905677059,234.4807182274915,5766.383994118575
https://www.redfin.com/MO/Saint-Louis/6270-Gravois-Ave-63116/home/62724793,27.545922466497643,350.2774749554711,433.12152394716304,87.81657250866873,91.03124284079838,5626.185283380838
https://www.redfin.com/MO/Saint-Louis/3008-Chippewa-St-63118/home/93695956,25.50678728732847,335.3027464742009,214.90756694161774,77.52560917873366,62.144169210469485,5875.653959329815
https://www.redfin.com/MO/Saint-Louis/4960-Thekla-Ave-63115/home/93763161,107.6219852154661,847.1290636423918,1260.2530579396177,111.66035838241712,432.61493547847283,4827.181567792844
https://www.redfin.com/MO/Saint-Louis/4621-Evans-Ave-63113/home/93721002,154.52730266475373,646.4255495928422,755.7590502354641,157.5045508964325,106.19120272318239,5536.090919462383
https://www.redfin.com/MO/Saint-Louis/5276-Genevieve-Ave-63120/home/93763129,621.6480961158372,911.1821254757732,331.9054238312266,467.5186896994862,403.0742775497085,3222.9163682429307
https://www.redfin.com/MO/Saint-Louis/8460-Edna-St-63147/home/93731350,155.25404102686582,717.5526785416553,1096.2254483556371,640.03830807827,129.31825201663963,5297.477443396737
https://www.redfin.com/MO/Saint-Louis/4859-Sacramento-Ave-63115/home/93732634,159.42105895579758,498.55173931907643,780.2573425485109,227.22327226183626,282.4943655693994,4585.658603690928
https://www.redfin.com/MO/Saint-Louis/2912-Indiana-Ave-63118/home/93699027,161.76675087601603,387.6284674166357,742.3296593630469,163.95284921275814,30.17688623037622,7246.947653788887
https://www.redfin.com/MO/Saint-Louis/3030-Chippewa-St-63118/home/93696023,31.005778312012286,388.15911278773297,250.02412862367692,128.57852332207693,9.291159710089584,6118.704099378136
https://www.redfin.com/MO/Saint-Louis/5714-Maple-Ave-63112/home/93709829,184.98867206939636,207.0226671151466,166.315349621712,183.04635581988617,162.51253388807487,3968.3981898792804
https://www.redfin.com/MO/Saint-Louis/2012-Mallinckrodt-St-63107/home/93688826,161.2107531519517,392.98558151822647,404.88080692976035,246.3728849620353,614.1969889308874,8317.942286735873
https://www.redfin.com/MO/Saint-Louis/4844-Northland-Ave-63113/home/93737180,463.56197024341924,866.6571584473465,716.4282260943052,459.5871100225321,437.7353618351304,4116.76981172329
https://www.redfin.com/MO/Saint-Louis/7027-Michigan-Ave-63111/home/93710184,29.036309866947196,791.0754145635851,209.81529193643928,438.1954840163591,291.2452248615766,7774.836554908192
https://www.redfin.com/MO/Saint-Louis/5447-Claxton-Ave-63120/home/93764862,152.51772706439127,1558.5940083382668,409.41515811204226,261.05298461697106,168.07925310135872,4753.397888047841
https://www.redfin.com/MO/Saint-Louis/4430-Sexauer-Ave-63115/home/93733135,938.4160832962255,1007.6721579488421,1227.1889749779036,926.7916580531112,1047.349755461295,6984.216975751909
https://www.redfin.com/MO/Saint-Louis/6012-N-Pointe-Blvd-63147/home/93770348,312.8032369096563,364.4698330688443,177.8979209957482,328.69782719101215,278.3072022434131,4466.96596881427
https://www.redfin.com/MO/Saint-Louis/5417-Pennsylvania-Ave-63111/home/93708189,149.4230095478016,385.44808526243816,906.5890372676344,150.1471118045604,271.32628990387565,7749.813895370161
https://www.redfin.com/MO/Saint-Louis/4644-Michigan-Ave-63111/home/93706785,505.8385705048259,452.0872922375292,1076.2042436136405,521.4486969932152,415.3665566243405,5888.685924128214
https://www.redfin.com/MO/Saint-Louis/3125-Miami-St-63118/home/62745567,545.1298754233592,291.4182656631692,492.86937532569596,501.54890226343497,280.8694733429879,5950.143965780143
https://www.redfin.com/MO/Saint-Louis/820-Elias-Ave-63147/home/93759941,92.72297446715679,248.0154887389204,1330.4367561987476,115.87834101200691,143.11578850265633,5213.97353677329
https://www.redfin.com/MO/Saint-Louis/4315-Lafayette-Ave-63110/home/93753965,235.17805826214263,275.12464222563995,195.09548450910816,83.1361437684538,135.6274847923239,5937.434511696181
https://www.redfin.com/MO/Saint-Louis/4526-Alice-Ave-63115/home/93713847,218.57833405238435,1052.3696081775138,930.2224629111355,240.37272252373447,1236.5230225393702,4880.3221248016125
https://www.redfin.com/MO/Saint-Louis/1412-Rowan-Ave-63112/home/93678068,240.4725645735063,674.2328972501467,1164.8293437555296,254.01496431609775,326.5709058637488,5513.126700525311
https://www.redfin.com/MO/Saint-Louis/4312-Oregon-Ave-63111/home/93705805,219.38517452778476,620.669082385066,413.10682550266205,205.94798282711764,175.88271075623842,5650.618700841094
https://www.redfin.com/MO/Saint-Louis/5226-Saint-Louis-Ave-63115/home/93737349,198.2720249017558,1221.566171555769,628.2809719796494,149.77589768617557,404.0116079385576,4014.9206979601627
https://www.redfin.com/MO/Saint-Louis/5046-S-37th-St-63116/home/93742425,257.5979101704536,1558.504237015509,386.4521245363334,321.4844132298452,282.28797275998426,4901.983405594823
https://www.redfin.com/MO/Saint-Louis/7413-Michigan-Ave-63111/home/93710778,28.24790881467046,305.6542033639321,632.6577839162348,440.7308607602059,404.82516143037867,7260.339437496523
https://www.redfin.com/MO/Saint-Louis/5232-Highland-Ave-63113/home/62739245,173.82567360034383,713.6738772131449,665.746502065406,170.98172390199207,147.14835594377007,3609.7358679622075
https://www.redfin.com/MO/Saint-Louis/5756-Floy-Ave-63136/home/93765411,100.84406837101349,723.657008829862,334.4830380997684,154.67488645858512,63.705242441058324,5374.788779190597
https://www.redfin.com/MO/Saint-Louis/3819-California-Ave-63118/home/93696136,86.54992271616679,140.18876982039023,381.5530697327884,98.76788195011068,14.33735937925337,6601.294295872226
https://www.redfin.com/MO/Saint-Louis/1514-Grape-Ave-63147/home/93731739,76.57423784854817,1186.7034613521796,628.7575877589844,834.3703878101065,79.22941747731467,5423.131733274591
https://www.redfin.com/MO/Saint-Louis/5922-Lillian-Ave-63136/home/93777938,125.25452820880213,494.3527929386116,1415.138759413704,1546.115469868087,63.083833455657775,5669.486679564524
https://www.redfin.com/MO/Saint-Louis/2817-S-Jefferson-Ave-63118/home/93691732,41.016701028573834,592.6812982731657,363.8338752811594,65.17365063570061,90.57901650479161,6735.948119930801
https://www.redfin.com/MO/Saint-Louis/4325-Morganford-Rd-63116/home/93772026,222.3473625113695,1246.6814435882116,99.95771861165449,233.9342666544494,158.72770380720252,5276.354453411642
https://www.redfin.com/MO/Saint-Louis/4743-Louisiana-Ave-63111/home/93707337,255.21656466546875,1011.6610190869517,564.4989089222095,247.64102313522596,239.65317473003896,5888.73320578398
https://www.redfin.com/MO/Saint-Louis/3931-Pennsylvania-Ave-63118/home/93704347,390.3137398562974,440.86143088127767,557.0003810048115,387.5060174422137,161.06841972761907,5519.440347093829
https://www.redfin.com/MO/Saint-Louis/4101-E-Lee-Ave-63115/home/93714956,657.943281078525,723.0692183894778,922.4980921683682,685.2639406557144,972.4779554375817,5666.403489415781
https://www.redfin.com/MO/Saint-Louis/5936-Theodore-Ave-63136/home/93758717,119.03404745208292,409.60813428236764,1381.2107524562443,993.9130160811677,125.19099970904385,4289.414032159742
https://www.redfin.com/MO/Saint-Louis/3522-S-Compton-Ave-63118/home/93695014,572.5808299940688,162.53619579404887,663.1797349026177,356.22408110700934,340.71822260628426,5966.78138409292
https://www.redfin.com/MO/Saint-Louis/3757-Itaska-St-63116/home/93742464,517.0656488093535,1480.96580519211,271.2501294729756,510.84546949486037,237.83627025758398,4456.9047552876555
https://www.redfin.com/MO/Saint-Louis/1740-Grape-Ave-63147/home/93778782,163.6485230669667,1353.2776669279422,822.9385375480725,1080.188473729324,235.94438379478967,5724.724413694684
https://www.redfin.com/MO/Saint-Louis/4453-Morganford-Rd-63116/home/93764712,461.8865557221524,998.6628830689868,271.74933821998957,449.388846443443,69.45888050581587,4175.937575100251
https://www.redfin.com/MO/Saint-Louis/5968-De-Giverville-Ave-63112/home/93762540,102.85970707628951,226.359190455613,158.74052893947766,98.8140192441983,82.47558424111566,4839.846240474206
https://www.redfin.com/MO/Saint-Louis/4214-Bingham-Ave-63116/home/93726563,252.51246480121415,1270.133237018686,137.50269385857888,242.47648266004327,222.93830418981963,5900.044555370296
https://www.redfin.com/MO/Saint-Louis/2239-University-St-63107/home/93687537,486.63192640447267,396.5449209624758,1064.0348501945098,215.1440157774274,443.3111534903906,6138.587037383459
https://www.redfin.com/MO/Saint-Louis/6336-Laura-Ave-63136/home/93762169,134.1831190272407,523.2845183021427,1835.6846101040098,1653.7670127124072,104.97405251776821,2918.4098950170574
https://www.redfin.com/MO/Saint-Louis/3614-Iowa-Ave-63118/home/93696177,356.1179739742163,489.41665654639985,557.6149669546992,343.6188028941335,141.4217266152161,6191.207382462864
https://www.redfin.com/MO/Saint-Louis/3420-Alberta-St-63118/home/93704826,324.7015668187895,418.155777456241,843.6541136986697,343.8407366087219,188.73010222517138,5226.501687148211
https://www.redfin.com/MO/Saint-Louis/4406-Gannett-St-63116/home/93764136,511.0872574188012,616.897420294205,740.7254667134848,498.60974258600976,430.94007987227286,3938.7399765370938
https://www.redfin.com/MO/Saint-Louis/4442-Morganford-Rd-63116/home/62758278,425.08193545703153,1009.6846311701518,248.9592521829191,413.0797459900787,33.64489152999568,4061.574088305689
https://www.redfin.com/MO/Saint-Louis/5950-N-Pointe-Blvd-63147/home/93769869,204.1341106635135,234.93488530202984,411.8952073221993,407.94536774058173,435.1597345799129,5675.037551866479
https://www.redfin.com/MO/Saint-Louis/5613-Pennsylvania-Ave-63111/home/93708606,54.587590044060086,233.3281914812616,894.0579558922026,135.437360099852,140.051027070781,7777.416929320908
https://www.redfin.com/MO/Saint-Louis/4023-Giles-Ave-63116/home/93772906,360.4915991713457,506.18970368265417,1181.906835781606,373.3838177193372,224.3120951583666,5460.347964399897
https://www.redfin.com/MO/Saint-Louis/7505-Pennsylvania-Ave-63111/home/93710919,166.70194980987577,336.5758244812475,843.0721679017477,184.2970373504793,257.3943511461987,7713.485496286379
https://www.redfin.com/MO/Saint-Louis/5640-Hiller-Pl-63136/home/62719986,152.84392105592502,395.1785560219409,429.71670399909925,137.86494360479287,111.50016434822842,4573.172897274557
https://www.redfin.com/MO/Saint-Louis/217-Schirmer-St-63111/home/63496781,224.9343519848493,173.4592247766222,1019.6149399094638,327.7096378430041,191.1125378994839,8273.744071366715
https://www.redfin.com/MO/Saint-Louis/8648-Oriole-Ave-63147/home/93731159,269.69052596013506,723.8131073066885,1014.1459122932256,1003.5649863608794,278.08462371383195,5866.86219766291
https://www.redfin.com/MO/Saint-Louis/3240-Michigan-Ave-63118/home/93693468,225.7377230536038,492.71943462384326,460.5617870633487,210.26806312209678,165.17854325571304,7196.7227060445
https://www.redfin.com/MO/Saint-Louis/1025-Hornsby-Ave-63147/home/93760931,385.3838004129021,775.1553489813683,935.5632711205526,499.73284468252723,488.704210014363,4325.231208742662
https://www.redfin.com/MO/Saint-Louis/5141-Dresden-Ave-63116/home/93764014,428.5356900190557,196.50867501345272,912.9698802793096,425.9045888176435,206.7807133784031,4906.773812730003
https://www.redfin.com/MO/Saint-Louis/6016-Minnesota-Ave-63111/home/93709125,165.06921226700405,534.7200024817489,924.4611176682334,262.6961699072141,608.3271100593031,7234.512239023113
https://www.redfin.com/MO/Saint-Louis/5713-Goodfellow-Blvd-63136/home/93761214,28.329822541561597,897.6676408800923,514.0944579770874,215.27869176719898,188.18051348370514,3452.648373128407
https://www.redfin.com/MO/Saint-Louis/887-Wall-St-63147/home/77407593,352.58060618322696,575.1725478054619,1070.0455517813343,359.58361372154417,461.2633259975334,4118.685454915292
https://www.redfin.com/MO/Saint-Louis/5021-Davison-Ave-63120/home/93755100,651.2584499989566,939.9040475434236,92.62165289303528,616.0761269602227,504.3572300081426,4366.411768808942
https://www.redfin.com/MO/Saint-Louis/3540-Michigan-Ave-63118/home/93694890,597.0411552374925,287.35887324809977,529.1044342827934,449.20836559602884,328.77834477484174,5680.516768917424
https://www.redfin.com/MO/Saint-Louis/3658-Salena-St-63118/home/62687641,287.9673755630565,644.8945423620652,246.74267902753218,274.69967590417036,277.233043709583,6227.365937132898
https://www.redfin.com/MO/Saint-Louis/4740-Nebraska-Ave-63111/home/93706889,55.58761436343702,828.1647613240838,1445.8282257421554,161.70026335834137,531.0762350969726,5229.287576786508
https://www.redfin.com/MO/Saint-Louis/4300-Dewey-Ave-63116/home/93706005,364.7075404387992,1025.2148168833048,880.4315421127798,375.8373645692812,325.896404146224,6980.270832598358
https://www.redfin.com/MO/Saint-Louis/5636-Winona-Ave-63109/home/93781629,164.4128539078132,869.7634109503053,738.069108378636,183.3353774866537,217.37537726420186,5493.051191571562
https://www.redfin.com/MO/Saint-Louis/3841-Bowen-St-63116/home/93773632,691.1040386820871,700.6897891725821,817.6971939877972,673.4591619187473,292.5096838937966,5106.0060070236
https://www.redfin.com/MO/Saint-Louis/2103-Boardman-St-63110/home/173620164,349.1155518613811,323.77747415592216,851.3217652840316,513.6010494285096,117.22218216290702,5445.88820669236
https://www.redfin.com/MO/St-Louis/6297-Magnolia-Ave-63139/home/192669047,576.6244255556085,526.8171337263707,653.7646444376836,780.1997425887812,111.72013494441264,4982.115335083862
https://www.redfin.com/MO/Saint-Louis/6543-Hancock-Ave-63139/home/90732000,183.7256314776666,887.2048821407477,418.89141329091785,1038.0033044735935,161.80013001752783,5413.860643644251
https://www.redfin.com/MO/Saint-Louis/4080-Burgen-Ave-63116/home/93761954,181.39246380483166,1051.7803256895588,606.6413485011569,923.8136292867939,517.2612427323726,4281.878190469369
https://www.redfin.com/MO/Saint-Louis/3119-Tamm-Ave-63139/home/93772162,84.62900304265852,1100.2090724813027,872.952927846244,470.53472272087413,71.87629792142293,4574.3133616943915
https://www.redfin.com/MO/Saint-Louis/6646-Mardel-Ave-63109/home/93774875,355.62515709612506,224.77009671048933,598.3870814000055,668.1959422092528,472.5101668065229,5258.325447431412
https://www.redfin.com/MO/Saint-Louis/1508-Graham-St-63139/home/93761918,141.01452307554075,344.6254404451662,390.79022425337786,139.48735759298222,204.6580083502618,6515.973998365891
https://www.redfin.com/MO/Saint-Louis/6272-Magnolia-Ave-63139/home/93754746,577.8685232894321,506.422502654901,583.3616547218188,705.4009699183453,139.37110199067564,5088.111616478198
https://www.redfin.com/MO/Saint-Louis/2323-Macklind-Ave-63110/home/93771688,1010.2970304578388,644.3240379691676,219.27667374973493,1004.7357326222825,234.62758018207674,4550.100920089724
https://www.redfin.com/MO/Saint-Louis/5872-Walsh-St-63109/home/93768784,283.23207428251163,677.6690449913309,395.7145249569322,299.7540497017785,255.32603664162497,5565.348748787834
https://www.redfin.com/MO/Saint-Louis/5425-Pernod-Ave-63139/home/93742298,518.1316476873162,1032.9408513973162,725.0379108770956,506.337175987919,480.93191846739575,5699.19420136605
https://www.redfin.com/MO/Saint-Louis/2123-Boardman-St-63110/home/173620154,349.3221529384906,332.0271867161896,829.2291292930744,442.7445625275937,181.00238502995117,4712.2643877301725
https://www.redfin.com/MO/Saint-Louis/4216-Wyoming-St-63116/home/93729443,578.2025656545807,288.9747410948451,253.5719996421959,570.5333600209613,258.719213439908,4687.5269500859795
https://www.redfin.com/MO/Saint-Louis/5406-Reber-Pl-63139/home/93727377,324.3755162392046,363.19898002551463,559.1847860168797,327.4291755486872,235.4439192974182,5830.717062061215
https://www.redfin.com/MO/Saint-Louis/6309-Potomac-St-63139/home/89124361,423.4060982401257,786.6450514171831,514.581562973034,432.6095815332592,391.27053743518616,4056.8344071606875
https://www.redfin.com/MO/Saint-Louis/6365-Lansdowne-Ave-63109/home/93780101,348.3881121109472,578.5238578578511,744.5384989824393,363.9865485021867,320.62799344396757,4173.750477823119
https://www.redfin.com/MO/Saint-Louis/6312-Berthold-Ave-63139/home/93707617,503.40684946303924,263.9257181369881,604.6002740269365,164.47414872133112,150.9784926015794,5799.0282620462085
https://www.redfin.com/MO/Saint-Louis/5477-Marquette-Ave-63139/home/62723051,891.4568678115584,675.3620064794741,741.9312656152487,878.6589963698373,310.8804435568731,5772.688222787003
https://www.redfin.com/MO/Saint-Louis/5660-Pernod-Ave-63139/home/93781941,457.7653603259115,678.3984814010723,705.7176050064656,461.6672594661916,448.26643874678706,5665.303423874396
https://www.redfin.com/MO/Saint-Louis/5504-Mardel-Ave-63109/home/62733343,219.04161518064495,986.7717007351561,784.1332404644776,206.75633681287522,182.58227959026976,5648.008706927469
https://www.redfin.com/MO/Saint-Louis/5534-Devonshire-Ave-63109/home/93753292,627.5035117704662,921.8597449605453,453.8322131126697,626.8154414172517,300.7008724355758,5268.1232289634645
https://www.redfin.com/MO/Saint-Louis/1943-McCausland-Ave-63117/home/93744119,31.021320950854946,588.0862688006231,415.04207368328025,667.1883735557096,273.02547278381473,4517.034618805282
https://www.redfin.com/MO/Saint-Louis/2125-Boardman-St-63110/home/173620153,350.02518383313,333.56299347073707,823.2971415818197,437.42749819113016,187.89988466652756,4575.036148561898
https://www.redfin.com/MO/Saint-Louis/5616-Neosho-St-63109/home/62718027,374.97581710239456,762.6776271994283,857.056792575388,388.8817621665149,351.94442578829023,4586.232549586261
https://www.redfin.com/MO/Saint-Louis/5708-Columbia-Ave-63139/home/93726781,437.67110945554197,621.3636403473191,705.9677123551096,428.35279741966815,66.43818933211041,4651.231908229636
https://www.redfin.com/MO/Saint-Louis/6756-Dolan-Pl-63139/home/93740474,424.09663821042045,754.2201215481091,135.62342421090824,239.94405320643426,249.98091449588662,5631.532054002783
https://www.redfin.com/MO/Saint-Louis/1333-Ripple-St-63139/home/93726452,293.2365954421886,418.650847107155,280.1092297217801,281.5183647319686,167.69746103159045,5002.053810438254
https://www.redfin.com/MO/Saint-Louis/6023-Arsenal-St-63139/home/93768866,23.26747369470627,907.808785647017,478.0975507758166,122.19409745648187,86.21207027730728,7129.844912493039
https://www.redfin.com/MO/Saint-Louis/6232-Devonshire-Ave-63109/home/81562910,270.7690903620914,198.5995277897399,936.7508276181077,287.1949797040391,235.95949494179234,4713.705151098815
https://www.redfin.com/MO/Saint-Louis/1933-Blendon-Pl-63143/home/93744213,219.33362952857266,775.1145681108605,601.1680681217732,752.4354254257133,328.5264169330611,2435.601929259725
https://www.redfin.com/MO/Saint-Louis/6044-Sutherland-Ave-63109/home/93782418,185.42341914451316,366.30795295683356,813.2844499758198,174.98251757461824,125.134763398147,4606.259603562951
https://www.redfin.com/MO/Saint-Louis/2016-Hereford-St-63110/home/173620199,403.76322318592514,287.685103156189,767.9583150847157,541.100491419492,64.0809809805789,6381.746798535693
https://www.redfin.com/MO/Saint-Louis/4064-Potomac-St-63116/home/77280528,669.702321897001,624.4366949973877,720.6728733030876,673.9288706172781,572.1466444001683,5244.537373448666
https://www.redfin.com/MO/Saint-Louis/5632-Bischoff-Ave-63110/home/93727065,587.3878026057833,511.55039713105947,800.0663295209326,584.9686762295212,431.03875957634136,4907.017460814125
https://www.redfin.com/MO/Saint-Louis/7022-Ethel-Ave-63117/home/93740189,96.51307396781348,400.3591469780824,487.1640657117908,310.8723820826518,288.59819409166226,3623.5866553050264
https://www.redfin.com/MO/Saint-Louis/7365-Marwinette-Ave-63116/home/93785094,216.92035980234047,1161.5780998419243,602.0308524635402,305.6406831487838,455.0807141409227,5614.1057398974735
https://www.redfin.com/MO/Saint-Louis/3734-Arsenal-St-63116/home/93675401,31.79457749588257,421.78707519715664,744.8894637541548,41.9268932782432,391.7848846258301,3984.2773428192477
https://www.redfin.com/MO/Saint-Louis/6619-Dale-Ave-63139/home/93740747,722.2354052296537,613.5039596421337,724.0346594139943,683.2930500070634,113.20666505833276,5558.530229544828
https://www.redfin.com/MO/Saint-Louis/5541-Columbia-Ave-63139/home/93727027,635.7751616638268,632.7329490540315,535.5826511419656,630.9606724124727,60.71661098200877,5149.299220995615
https://www.redfin.com/MO/Saint-Louis/4819-Milentz-Ave-63116/home/62767027,221.42884292977237,600.570318389162,729.2249873134255,218.90544064674904,280.57973398775715,5503.26874631503
https://www.redfin.com/MO/Saint-Louis/2235-Cuggiono-Ct-63110/home/93769430,501.54794814092975,338.2170705535023,584.360971339578,491.7445459683251,225.57182973261502,4031.157069658513
https://www.redfin.com/MO/Saint-Louis/6659-Tholozan-Ave-63109/home/93775056,299.2067049393176,194.1561760427734,572.7227753288665,832.426563268017,547.0846844528435,4852.886371338875
https://www.redfin.com/MO/Saint-Louis/5337-Winona-Ave-63109/home/62749403,112.91969436659723,1466.6643940414885,340.7412251367466,107.23763924217802,90.37008059637479,4497.327245717931
https://www.redfin.com/MO/Saint-Louis/3271-Alfred-Ave-63116/home/93785791,666.9506768623571,556.0896210877798,806.4874473764115,694.1324256514766,233.55355609633858,2752.0864785173308
https://www.redfin.com/MO/Saint-Louis/4357-Miami-St-63116/home/93730044,541.0600335767277,820.7813776606555,797.1989227086101,533.8152589183173,230.87023979555616,5790.169954055956
https://www.redfin.com/MO/Saint-Louis/5736-Lindenwood-Ave-63109/home/93780954,97.74109421453424,946.2696360388398,482.24077095047767,111.11635564637818,97.0192766480014,6116.12760677185
https://www.redfin.com/MO/Saint-Louis/5236-Lansdowne-Ave-63109/home/93753006,545.0378065875834,1144.0673810939973,232.1244629767791,550.8714480002822,285.6084700782976,4024.385677939901
https://www.redfin.com/MO/Saint-Louis/5460-Walsh-St-63109/home/93767778,664.276025728148,1201.731770775141,982.099014507552,658.1485839101432,195.19851778913275,4414.966552551598
https://www.redfin.com/MO/Saint-Louis/4016-Parker-Ave-63116/home/93729098,688.6816356382625,654.285600265119,597.0489681410592,740.4590263303178,540.0937842820883,4762.200830277947
https://www.redfin.com/MO/Saint-Louis/1612-Mississippi-Ave-63104/home/93672856,445.4827379189986,329.3755249262337,150.7318869571187,783.3364668917008,213.14571900243334,4553.798728892895
https://www.redfin.com/MO/Saint-Louis/1424-Louisville-Ave-63139/home/93740864,610.3578834457649,485.1331984211073,562.9044277937104,607.5345008434384,51.189994618629996,6336.092869999144
https://www.redfin.com/MO/Saint-Louis/4940-Walsh-St-63109/home/62724238,175.3568861883401,413.8430132847481,1090.2568392495948,185.4581245575692,137.08061059876204,4803.687554234839
https://www.redfin.com/MO/Saint-Louis/5340-Tholozan-Ave-63109/home/93781817,337.9438316492197,1168.0096143523472,791.6237538280391,331.7051227195626,305.28705003615414,4707.968632144147
https://www.redfin.com/MO/Saint-Louis/6550-Walsh-St-63109/home/93779692,82.36471889082051,504.69504382780116,481.5771941792958,740.5053906909586,702.5621966817838,5565.775990934561
https://www.redfin.com/MO/Saint-Louis/6429-Southwest-Ave-63139/home/93784630,456.6131586633499,593.1900452938381,791.1271352159922,925.277072671291,183.76700361974812,5796.922270934182
https://www.redfin.com/MO/Saint-Louis/5858-Kingwood-Dr-63123/home/93782482,220.9643156403063,963.9195185864479,1358.757406925372,745.1447696350643,645.1117115420608,2572.767463214339
https://www.redfin.com/MO/Saint-Louis/2910-Missouri-Ave-63118/home/93699035,243.1502071992728,351.88775972683305,839.7187818286502,235.71424105796243,125.68768050780439,7303.825246089969
https://www.redfin.com/MO/Saint-Louis/6532-Southwest-Ave-63139/home/93743732,204.35220096508235,891.3889485918041,1033.9803489816168,977.6246500010044,424.0851472753147,6058.610676952674
https://www.redfin.com/MO/Saint-Louis/5911-Scanlan-Ave-63139/home/93775805,197.22555620037164,588.461635696629,881.8775112435585,243.09854926187103,254.92030749317001,6733.925072211108
https://www.redfin.com/MO/Saint-Louis/5733-Delor-St-63109/home/93768114,188.05406372598637,714.7497355543007,715.67525420754,187.75568346481114,167.08454750735316,5093.333357195069
https://www.redfin.com/MO/Saint-Louis/3932-Humphrey-St-63116/home/93729416,707.7668732577374,876.9044439417839,589.92565958137,705.9481749770401,521.4469201807943,5351.076490648901
https://www.redfin.com/MO/Saint-Louis/4020-Neosho-St-63116/home/93767225,612.7211847438197,954.6742275596044,842.7465799359628,607.3614990886816,247.42996364651472,4686.366098484709
https://www.redfin.com/MO/Saint-Louis/3123-Alfred-Ave-63116/home/93748603,108.94090083872884,932.333458994908,834.997842371783,97.11306062851277,222.29083082308793,3479.188761326217
https://www.redfin.com/MO/Saint-Louis/5114-Rosa-Ave-63109/home/93769455,216.79369737540947,691.1556067956004,1145.7623233287006,201.74752181999287,179.76002581497778,4612.768929123016
https://www.redfin.com/MO/Saint-Louis/4130-Fillmore-St-63116/home/93776339,211.05802985627588,888.9430627520062,346.5637616412098,867.1101832719801,412.1663655911656,6435.956177289186
https://www.redfin.com/MO/Saint-Louis/6039-Oleatha-Ave-63139/home/93775370,172.57379768790182,620.3010641026247,271.90894118996545,209.86462933807712,139.8578765103519,4882.633560310413
https://www.redfin.com/MO/Saint-Louis/4328-Laclede-Ave-63108/home/62694008,137.988297859526,552.7143897699171,439.85625573691186,152.1913550049183,112.07542280986296,3985.810345490087
https://www.redfin.com/MO/Saint-Louis/7114-Bancroft-Ave-63109/home/93749072,51.09746183712995,1109.4416332007306,1566.3957729306135,240.55309179959724,288.989334648384,4194.5808039847925
https://www.redfin.com/MO/Saint-Louis/4034-Parker-Ave-63116/home/93729061,732.6573404627287,588.4707952390924,554.8329219436075,779.0775832200227,601.8511001054715,5057.614092198251
https://www.redfin.com/MO/Saint-Louis/4080-Fillmore-St-63116/home/93770887,422.4683006672506,1088.8847482414008,232.94299962228612,1062.712790076778,519.4648269529577,6596.34509496983
https://www.redfin.com/MO/Saint-Louis/4068-Utah-St-63116/home/62842554,833.7260244866849,405.452123130098,259.1247146970219,824.2956603160603,676.2498550206178,4777.424443688418
https://www.redfin.com/MO/Saint-Louis/5421-Itaska-St-63109/home/93765288,814.8315088384314,1114.805514353691,690.5253541177703,826.7859472151371,92.26870848629488,3400.562905161938
https://www.redfin.com/MO/Saint-Louis/4721-Prague-Ave-63109/home/93780248,442.4394717279244,303.3059495101321,799.4401569001125,430.66441364595283,421.4583772277459,5061.063314121785
https://www.redfin.com/MO/Saint-Louis/5525-Magnolia-Ave-63139/home/93727273,591.4191154140885,441.2674196542069,534.47488312254,585.8009743875579,99.88985341966743,5679.374620705146
https://www.redfin.com/MO/Saint-Louis/5579-Lansdowne-Ave-63109/home/62756753,490.77447720431815,875.7408154106503,483.2551008289597,485.77811335864754,375.0037440044833,5368.351677816666
https://www.redfin.com/MO/Saint-Louis/29-Benton-Pl-63104/home/93701232,309.86134814889823,356.5700177652914,840.6247132962753,318.3486542060653,263.40375354340813,4962.882949401352
https://www.redfin.com/MO/Saint-Louis/5520-Nottingham-Ave-63109/home/93765278,471.37036882714995,816.9786867823183,700.3841907049734,461.27859295270247,412.492405482765,4846.228697965738
https://www.redfin.com/MO/Saint-Louis/4939-Nottingham-Ave-63109/home/93753326,178.15716175103117,672.333813033357,735.3896498996498,165.20411351823162,145.33335176307955,4006.3826433938298
https://www.redfin.com/MO/Saint-Louis/6517-Tholozan-Ave-63109/home/93775003,74.93390376710124,681.2853112642639,169.32406619763142,568.2449727846911,88.06102211941929,5779.369423261913
https://www.redfin.com/MO/Saint-Louis/4421-Rosa-Ave-63116/home/93772830,238.9694455016826,170.0537673115618,927.7940717060688,238.00555443112142,274.2099330983199,4826.5401324059385
https://www.redfin.com/MO/Saint-Louis/4388-Maryland-Ave-63108/home/93725224,172.76726377073814,464.91616643816826,115.34525997001387,164.00914800220522,200.14366636667532,3931.8923587741624
https://www.redfin.com/MO/Saint-Louis/5864-Walsh-St-63109/home/93768814,255.71755810502103,683.7078510309434,389.73374128710697,276.9747561860074,227.62197453062723,5684.760525655971
https://www.redfin.com/MO/Saint-Louis/1126-Art-Hill-Pl-63139/home/93782284,692.253699871656,92.55296413675,528.5793202213076,231.41452315776678,101.91405145547012,6434.76851728708
https://www.redfin.com/MO/Saint-Louis/4169-Parker-Ave-63116/home/93728877,1021.2670407036502,191.30255408561757,435.4980312385346,1022.6083156908948,415.65252046830784,4099.353851362835
https://www.redfin.com/MO/Saint-Louis/4109-Upton-Ct-63116/home/93784287,194.42702981580126,593.4660930672567,284.10468602966387,510.96297473566227,144.46422564848706,6536.611569477902
https://www.redfin.com/MO/Saint-Louis/1037-Louisville-Ave-63139/home/93740404,890.5122314384478,474.1320842753238,627.948338036443,176.005641614489,375.2106386846392,5691.640287470321
https://www.redfin.com/MO/Saint-Louis/6821-W-Park-Ave-63139/home/93765627,286.9595926018007,854.2008305188718,354.9734150467432,482.63297599075344,496.48918609787984,4588.9452560009395
https://www.redfin.com/MO/Saint-Louis/4151-Hartford-St-63116/home/93751066,114.35950159534933,454.2091162148356,339.9638270005492,149.8492956653968,434.80260110832745,3957.5378538506934
https://www.redfin.com/MO/Saint-Louis/6027-Arsenal-St-63139/home/93768867,21.06755332671891,909.6511591712965,480.61168920602205,119.42067031965111,84.34810369645051,7143.85557297368
https://www.redfin.com/MO/Saint-Louis/4170-Utah-St-63116/home/86088363,832.4949736114856,101.54688044378925,257.4488143682903,821.9776850165844,379.08091572266613,4558.560285898025
https://www.redfin.com/MO/Saint-Louis/3880-Hartford-St-63116/home/62729843,168.8949146249826,719.2478632443557,599.7365646730378,183.57646024221208,67.86394609722618,4388.489846584733
https://www.redfin.com/MO/Saint-Louis/5225-Quincy-St-63109/home/93771485,101.83436857158671,1032.158225551132,677.0048502834421,522.7797749585434,211.0696811345247,4320.051371748732
https://www.redfin.com/MO/Saint-Louis/5454-Lisette-Ave-63109/home/93776621,353.87408203392823,1208.2481268320348,753.9063228180372,540.4439508265281,327.9298723714869,4252.182239940943
https://www.redfin.com/MO/Saint-Louis/2715-Watson-Rd-63139/home/93773032,37.207818699203045,550.1515429517203,143.00723473796043,101.43687719450388,43.218512679259575,6728.476243161153
https://www.redfin.com/MO/Saint-Louis/6211-Hoffman-Ave-63139/home/93767970,149.1955718218229,783.0896143774049,485.4132817401294,220.2736487371307,117.97146293287535,5288.9037363373045
https://www.redfin.com/MO/Saint-Louis/6016-Scanlan-Ave-63139/home/93742885,65.82402642898687,617.9455249791488,901.2505606384559,77.82150706090701,33.331720300282605,5232.787362713715
https://www.redfin.com/MO/Saint-Louis/4251-McPherson-Ave-63108/home/93673842,393.26000500126446,760.1482588367909,536.6295934054968,397.1602992290014,309.69227917486177,4992.49866331929
https://www.redfin.com/MO/Saint-Louis/5329-Murdoch-Ave-63109/home/93753348,746.7997462586374,1120.700181713445,294.6904294714386,737.8980230896266,94.9042805220944,4260.39951489721
https://www.redfin.com/MO/Saint-Louis/2222-Shenandoah-Ave-63104/home/146873668,91.02876178737039,705.7823131744527,390.8539751777295,142.40695141669502,94.42756985932932,6855.647380438846
https://www.redfin.com/MO/Saint-Louis/1597-Fairmount-Ave-63139/home/93681881,401.9175858621501,305.094137309791,471.5071680529583,401.49685043814065,332.0813462327615,4898.899045200598
https://www.redfin.com/MO/Saint-Louis/5748-Delor-St-63109/home/93768137,117.11917701003486,706.9296974372284,629.7179301047559,107.38206000556809,99.13160169530667,4907.332106764193
https://www.redfin.com/MO/Saint-Louis/5701-Woodland-Ave-63120/home/93787342,387.7870408828943,406.26978630816546,794.203102679835,1262.2773512084348,455.12086031908893,4086.7650111237663
https://www.redfin.com/MO/Saint-Louis/6420-Pennsylvania-Ave-63111/home/93709804,111.58571816106705,940.5076235257834,915.5529988075868,103.81842996073581,380.8542809508829,5840.832391752205
https://www.redfin.com/MO/Saint-Louis/4065-Fairview-Ave-63116/home/62764807,770.9952450935255,513.170460315231,557.7307777937191,805.0515913266896,652.1464596797811,5224.2612319348345
https://www.redfin.com/MO/Saint-Louis/4948-Davison-Ave-63120/home/93756776,438.7748566679878,1011.6322982211494,204.8628724927258,599.9160112948911,485.0056603317817,4595.992998662289
https://www.redfin.com/MO/Saint-Louis/2839-Osage-St-63118/home/93704376,491.895392118335,416.17493252960026,529.3397380081861,513.9518509767697,101.36274386933621,5990.533517386188
https://www.redfin.com/MO/Saint-Louis/5448-Bancroft-Ave-63109/home/93753065,291.2517107242225,1129.8948668697394,329.8481047719156,278.09832698702445,264.5127728078506,5815.383778641487
https://www.redfin.com/MO/Saint-Louis/4427-Arco-Ave-63110/home/93750940,265.90096687152334,379.27177942467637,602.8061805602578,246.62389303520624,152.70499092091447,6148.540447802648
https://www.redfin.com/MO/Saint-Louis/4123-Schiller-Pl-63116/home/93770307,290.20551430345233,626.7304013908897,495.9868924096112,626.2656447647715,411.9684337959251,3801.111002775053
https://www.redfin.com/MO/Saint-Louis/5141-Pattison-Ave-63110/home/93728076,587.6980730299732,555.2947955676057,374.8474716646359,583.1886494388787,97.39775256301517,6078.978418448876
https://www.redfin.com/MO/Saint-Louis/4037-Parker-Ave-63116/home/93729189,783.8513021717723,557.5733923427179,501.7848192686362,832.2636535530693,640.5014838535499,5183.119006811144
https://www.redfin.com/MO/Saint-Louis/6421-Lansdowne-Ave-63109/home/93779914,242.42285596255226,735.0978053994103,627.9691302004527,278.44656373708835,207.9871329797029,4962.186034547754
https://www.redfin.com/MO/Saint-Louis/5726-Sutherland-Ave-63109/home/93752768,401.6280252440837,559.0522169069698,871.0714669582096,405.8117541477642,291.71785723028773,4471.8424731338855
https://www.redfin.com/MO/Saint-Louis/4704-Prague-Ave-63109/home/93780230,363.36673087205526,232.44620292211852,858.6575788434776,355.6258353178387,337.53251594118024,5070.442147555523
https://www.redfin.com/MO/Saint-Louis/4233-Shenandoah-Ave-63110/home/93746885,1000.6269898234764,483.81871737677795,304.5449787287171,768.286994102274,440.9590065990356,4940.692169286542
https://www.redfin.com/MO/Saint-Louis/4975-Schollmeyer-Ave-63109/home/93764454,201.6710462125269,823.6412927700197,396.02749176473117,317.9504705644949,171.29638738808464,4592.2603920084875
https://www.redfin.com/MO/Saint-Louis/4864-Carter-Ave-63115/home/93733317,641.5021118690771,585.6212444348437,841.8670099531287,641.2816421909104,697.1650044189346,6228.963235538409
https://www.redfin.com/MO/Saint-Louis/4087-Wilmington-Ave-63116/home/93770936,379.4790937734516,1109.0248651509442,410.3960634947801,959.3938264696236,595.0617960065962,5650.969265748425
https://www.redfin.com/MO/Saint-Louis/2714-Saint-Vincent-Ave-63104/home/93700637,319.70626994378995,101.99850140685122,229.46457158781791,333.2731718159588,242.95446607587937,4782.401839346442
https://www.redfin.com/MO/Saint-Louis/6105-Louisiana-Ave-63111/home/93709451,582.106814763277,930.3596391865397,664.2824391438423,280.8032971376626,206.9122029465397,6487.883080505509
https://www.redfin.com/MO/Saint-Louis/6440-Marquette-Ave-63139/home/93775174,130.7559976969148,1043.9776006900927,333.69824431527104,725.0439935856448,164.21064797870122,4434.80586464161
https://www.redfin.com/MO/Saint-Louis/4112-Humphrey-St-63116/home/93729494,706.0081707285291,358.59381358758105,106.90014942445204,695.9915013709402,578.1120543469835,5066.9791216548465
https://www.redfin.com/MO/Saint-Louis/2342-Michigan-Ave-63104/home/93691906,155.18725849265454,765.5347825626766,489.7679559147195,852.1741940357952,196.07664468961943,6035.874115702699
https://www.redfin.com/MO/Saint-Louis/5208-Tholozan-Ave-63109/home/62725780,336.1562030133429,1445.8011107079324,631.5202695632979,329.89893031862647,298.94438864647407,4109.489415736083
https://www.redfin.com/MO/Saint-Louis/3640-Alberta-St-63116/home/93704590,180.52796124376943,615.6275204015245,1088.9998355073192,193.13480540863006,140.35872974953284,5455.068879340052
https://www.redfin.com/MO/Saint-Louis/3221-Harper-St-63107/home/93698738,141.7115350049835,977.004222901389,850.9805833711468,183.20625520673684,130.2705088779538,6332.002905937781
https://www.redfin.com/MO/Saint-Louis/4957-Robert-Ave-63109/home/93771058,235.4443618056619,999.7266159997581,866.1756916121044,255.2687724651024,200.89424145255302,3630.81039678281
https://www.redfin.com/MO/Saint-Louis/4259-Maryland-Ave-63108/home/93684088,187.8932643475139,644.0915626135236,395.9757834293329,187.96536679150836,122.24159641437431,4696.079085305553
https://www.redfin.com/MO/Saint-Louis/3107-Harlequin-Ln-63139/home/62753667,50.92016161114316,218.77020024977367,785.7325097329432,174.02029970904866,238.41528392366757,6427.6965452144
https://www.redfin.com/MO/Saint-Louis/5322-Loughborough-Ave-63109/home/93771555,28.0198905353902,1173.8692986214826,776.6150095782875,509.09755542390616,112.15706936200046,4714.41435697613
https://www.redfin.com/MO/Saint-Louis/8112-Carlsbad-Dr-63123/home/93784316,295.1387747782579,1083.5188106122837,1428.357957098304,517.5541006225125,531.2634080985198,5120.620031838653
https://www.redfin.com/MO/Saint-Louis/3183-Alfred-Ave-63116/home/62756456,353.88099647573216,749.1637547896167,840.6396119886534,341.5647135580016,217.8737540618808,3761.6858732009096
https://www.redfin.com/MO/Saint-Louis/3318-Michigan-Ave-63118/home/93693458,326.23593314149565,409.3671764047509,604.2561795327267,208.26078826236923,186.17525343137552,6617.6710905561295
https://www.redfin.com/MO/Saint-Louis/5312-Shaw-Ave-63110/home/93726857,835.1002257477378,317.8161055290752,764.3114174009617,842.3466045676507,94.00832156585449,5866.89958603091
https://www.redfin.com/MO/Saint-Louis/5523-Davison-Ave-63120/home/93762865,151.63425313584497,1200.9760506292725,270.66443056875823,148.37719504408733,113.6664941213844,3778.0993316881695
https://www.redfin.com/MO/Saint-Louis/4750-Milentz-Ave-63116/home/93756736,213.5260596098903,471.94403245135123,568.4298259980684,208.8043261486844,187.08044319988196,6414.005339755433
https://www.redfin.com/MO/Saint-Louis/5944-Era-Ave-63147/home/93768899,258.65838036156924,760.7381677874156,380.32238888165335,364.2539996113847,324.71460475736205,5325.599995317053
https://www.redfin.com/MO/Saint-Louis/4227-Connecticut-St-63116/home/93729845,399.96589890366323,469.0833989968045,366.7199699394704,401.8942222929596,214.65024826555384,4509.0491991149365
https://www.redfin.com/MO/Saint-Louis/6449-W-Park-Ave-63139/home/93749952,825.5699741894459,216.32832653320534,360.8182411503425,331.8167068647715,183.23697922587613,6183.809285403844
https://www.redfin.com/MO/Saint-Louis/3642-Hebert-St-63107/home/93702165,182.0953942228268,869.7112675518539,464.8983744562645,167.44819708527064,146.1612279433979,6049.5880811350025
https://www.redfin.com/MO/Saint-Louis/5521-Lindenwood-Ave-63109/home/93782536,154.35164504368348,1018.9390033712405,756.6778321353154,165.30727750003774,127.53870798302057,5846.900069319001
https://www.redfin.com/MO/Saint-Louis/7143-Mardel-Ave-63109/home/93747880,146.79166300778706,1078.6634154613234,1815.5771144565792,591.6131770697465,595.4664356782496,3553.6813275689037
https://www.redfin.com/MO/Saint-Louis/4318-Bingham-Ave-63116/home/93772023,183.831438834977,1278.9405407005447,159.91835260602355,206.58680836220066,159.67540368691735,5340.160234876029
https://www.redfin.com/MO/Saint-Louis/3998-Bowen-St-63116/home/62734767,693.9134969182073,1007.7743658533516,272.9985684622368,1197.5370319128435,691.5871271110151,5986.606211743659
https://www.redfin.com/MO/Saint-Louis/4105-Louisiana-Ave-63118/home/93705716,268.550646360197,328.569634390891,462.16441397504354,262.98795151044243,238.8757444972811,5319.422901875119
https://www.redfin.com/MO/Saint-Louis/5519-Lisette-Ave-63109/home/93776635,371.7613655105603,1320.8787231861602,806.7302978373488,544.9509161198642,355.920037673523,3553.9517365485453
https://www.redfin.com/MO/Saint-Louis/5937-W-Park-Ave-63110/home/93726367,120.33660915019199,611.6862775975267,722.7517308797475,129.11828542012393,80.42433196176601,6206.647030112154
https://www.redfin.com/MO/Saint-Louis/3730-Palm-St-63107/home/93702082,175.23409953813393,639.0148727365195,249.19693816802365,172.50452712627435,272.3485533533789,5311.914930277132
https://www.redfin.com/MO/Saint-Louis/6921-Vermont-Ave-63111/home/93710177,88.32431170292989,970.0964561685593,86.70742426113826,619.1976318858234,362.81259595806307,7239.976474369335
https://www.redfin.com/MO/Saint-Louis/4353-Evans-Ave-63113/home/93718921,140.43725924624505,290.1463925085834,745.5380497728826,132.24006169686857,61.936062241793586,5547.973864547903
https://www.redfin.com/MO/Saint-Louis/4439-Arco-Ave-63110/home/93750925,291.90446694112586,405.7111195234599,639.1392759098003,263.98551329649854,122.14331996900835,5929.6290800308925
https://www.redfin.com/MO/Saint-Louis/1007-Wall-St-63147/home/93756077,418.4344587646182,631.07407011072,1004.4195392803855,422.9724569318839,508.71321209634647,4421.157873047472
https://www.redfin.com/MO/Saint-Louis/2865-Texas-Ave-63118/home/93691687,155.62142937749914,650.6179801689264,437.9971403875944,148.26029125799994,69.30794077820315,7366.923229624614
https://www.redfin.com/MO/Saint-Louis/4309-Jamieson-Ave-63109/home/93774169,33.95208401431433,618.3388345116522,920.0363474605438,169.7093213235831,152.31666684539607,5358.434809686242
https://www.redfin.com/MO/Saint-Louis/6518-Hoffman-Ave-63139/home/93741774,95.73844299962491,1110.5216890800014,1029.5353623949482,768.6926316328301,118.98396444493157,3664.5070338012424
https://www.redfin.com/MO/Saint-Louis/4636-Idaho-Ave-63111/home/93706676,590.4632640702807,489.98803397725175,905.1569481755373,610.6963720738402,46.294629436508494,5494.259205981452
https://www.redfin.com/MO/Saint-Louis/1134-Childress-Ave-63139/home/93782288,801.0128221900094,119.41318074461753,531.2131432452627,240.79746271814284,45.58447625096846,6353.852740247159
https://www.redfin.com/MO/Saint-Louis/6630-Vermont-Ave-63111/home/93709866,230.45872956944672,1213.0567084363117,423.4315524831682,661.1051645191252,390.03866987767225,7244.600512027208
https://www.redfin.com/MO/Saint-Louis/5721-Rhodes-Ave-63109/home/93771409,162.1602665014557,1331.1572765176754,432.85255579101664,166.0256341067303,138.71904173587527,3189.8299382878486
https://www.redfin.com/MO/Saint-Louis/3625-Koeln-Ave-63116/home/93712067,298.91773621954235,491.92967565062384,1180.2947039130859,310.1505976321742,156.23259940347864,6878.025880495912
https://www.redfin.com/MO/Saint-Louis/5376-Magnolia-Ave-63139/home/62719588,535.6315801720651,579.9901094624149,323.0018788463911,528.8144360504682,35.738934696875226,5738.2424854407955
https://www.redfin.com/MO/Saint-Louis/4921-Loughborough-Ave-63109/home/93764346,28.721367513565788,571.9938394057763,328.60002073752753,102.60789343391836,62.461125053021135,4863.883522822265
https://www.redfin.com/MO/Saint-Louis/3828-Missouri-Ave-63118/home/93696810,260.5998386743488,299.2488994180049,454.9750290403532,256.74402507300414,233.30270974643346,6167.182250796975
https://www.redfin.com/MO/Saint-Louis/3624-Winnebago-St-63116/home/93695593,115.7812849897059,760.6137979589213,1268.0839843974122,106.77661618199312,88.64076859072205,5227.059904272201
https://www.redfin.com/MO/Saint-Louis/5640-Finkman-St-63109/home/93776711,288.37570210774567,1339.0502385202258,569.2633897415194,305.380925035421,262.3630410753753,3503.6906160422495
https://www.redfin.com/MO/Saint-Louis/3944-S-Compton-Ave-63118/home/93704728,445.7909981101314,201.97959953576165,698.068250707533,438.27090409707245,305.7669876387508,5157.348002466117
https://www.redfin.com/MO/Saint-Louis/3443-Keokuk-St-63118/home/93695279,231.99502206048535,599.978843313667,966.2968496585567,251.91394878900275,159.92253263414457,5728.24602210137
https://www.redfin.com/MO/Saint-Louis/8001-Church-Rd-63147/home/93730701,127.29685303628666,535.9871658888176,2158.9740433078623,124.60801461710311,121.13288601525892,5137.657903164026
https://www.redfin.com/MO/Saint-Louis/5508-Sutherland-Ave-63109/home/93752749,418.74196634500817,1031.5515673573589,343.49861305054714,406.1129661116152,243.9679348466236,6211.153535541296
https://www.redfin.com/MO/Saint-Louis/4622-Minnesota-Ave-63111/home/76808767,416.77693996976546,394.60907120317734,1021.6581749249652,406.6646287481127,457.08004698501,6609.197399895839
https://www.redfin.com/MO/Saint-Louis/5721-Acme-Ave-63136/home/93421442,148.9720145505331,1016.1086064265866,615.0935313004392,256.02386663791043,195.46435819642625,2156.42967775291
https://www.redfin.com/MO/Saint-Louis/4830-Goethe-Ave-63116/home/93763260,228.35928056087434,627.4438256158512,807.0468863282179,243.95804036671404,276.6124522259258,5575.553830233277
https://www.redfin.com/MO/Saint-Louis/4977-Fairview-Ave-63139/home/62751175,404.7169536346736,1559.689754302843,262.2129351877648,401.4149196539747,361.7747294684533,3437.073458105315
https://www.redfin.com/MO/Saint-Louis/4335-Loughborough-Ave-63116/home/62710816,25.94851294402582,541.3181675489075,328.63336232931323,887.8961200125098,80.76763573359067,6336.347587358653
https://www.redfin.com/MO/Saint-Louis/5249-Delor-St-63109/home/93766790,520.9787823770899,753.9727175126706,815.8765699356878,518.530001877878,332.0741764066879,4174.6742354234475
https://www.redfin.com/MO/Saint-Louis/4213-Dardenne-Dr-63120/home/93431457,434.5065499539243,1410.2498416146916,2040.7529751796387,410.6927185213671,347.7491734226617,2409.57412009103
https://www.redfin.com/MO/Saint-Louis/3954-McRee-Ave-63110/home/103204046,847.5064027469152,461.07164686717334,505.089283649435,389.9527937500382,282.6141240053996,6060.566134959338
https://www.redfin.com/MO/Saint-Louis/5227-Saint-Louis-Ave-63115/home/93737681,202.30847342382387,1247.440311686684,580.1775659165739,152.10411307850399,343.230926699171,4075.8068029893934
https://www.redfin.com/MO/Saint-Louis/4777-Milentz-Ave-63116/home/93757151,280.6113958518784,520.5564709585416,662.0303285333941,268.69644492936953,255.12327578071665,6033.18767823174
https://www.redfin.com/MO/Saint-Louis/6538-W-Park-Ave-63139/home/62768386,927.9939895243829,424.60770616007835,521.2015273016005,307.6123355815958,341.0115766983187,5727.019413542395
https://www.redfin.com/MO/Saint-Louis/4500-W-Pine-Blvd-63108/home/93673660,254.20854056509722,391.76470791128884,625.2467475620094,33.72424657848713,141.67047075673415,3978.4247086706628
https://www.redfin.com/MO/St-Louis/4512-W-Pine-Blvd-63108/home/200563323,253.87921616448247,396.4078670166079,647.3570304534188,57.89736288412921,123.21375110314239,3961.9326663483685
https://www.redfin.com/MO/Saint-Louis/3117-Russell-Blvd-63104/home/93690015,35.148807105388464,746.1614804064712,823.6797214730361,988.1140887488857,551.8629854328983,5153.969176508388
https://www.redfin.com/MO/Saint-Louis/2205-Hickory-St-63104/home/181866114,243.97965602365946,427.0399496354063,948.4621048379579,231.09527065880468,258.03106906542297,4818.405004773516
https://www.redfin.com/MO/Saint-Louis/2612-S-12th-St-63118/home/93686350,553.8504706279437,223.04888162273008,536.3005827059038,90.15550123033809,54.18960992392265,7086.404835435642
https://www.redfin.com/MO/Saint-Louis/6906-Bruno-Ave-63139/home/146874014,74.7283983942706,720.8340698041955,650.8798083422313,132.64898516171695,89.53050039287915,5804.830525612505
https://www.redfin.com/MO/Saint-Louis/4917-Pershing-Pl-63108/home/93724402,256.82432955257616,608.0307115437394,756.8054053172708,276.13785612424107,164.31138480271494,3333.9029542720923
https://www.redfin.com/MO/Saint-Louis/5257-Westminster-Pl-63108/home/93749525,182.24307626437857,1055.0643934948903,237.74382035431873,202.98327974023348,199.01577807875472,4125.997055109165
https://www.redfin.com/MO/Saint-Louis/3500-Russell-Blvd-63104/home/62734477,40.84247576201184,264.6727496876817,585.2737935274599,286.6368254864999,337.5578584835439,2863.930854506556
https://www.redfin.com/MO/Saint-Louis/5095-Westminster-Pl-63108/home/62751909,268.20199412888314,966.328418071279,435.57777987336567,204.31675722613832,294.3286182095091,2441.2037530135094
https://www.redfin.com/MO/Saint-Louis/2211-Hickory-St-63104/home/181866116,244.06164140488124,430.79196227854334,958.8275057553466,230.99740452383745,272.2808230902202,4842.759465480835
https://www.redfin.com/MO/Saint-Louis/5137-Washington-Pl-63108/home/93749488,113.13425343872163,1131.9133893880496,392.7369670452059,175.86421611005153,120.79835258394088,3546.7494112061513
https://www.redfin.com/MO/Saint-Louis/1819-Lafayette-Ave-63104/home/93697464,302.85832687166277,390.80874359303647,151.7374604007368,700.5471383936742,66.26706829403393,5437.034873495994
https://www.redfin.com/MO/Saint-Louis/4410-Westminster-Pl-63108/home/93740237,519.9183886933304,598.2359908690853,306.3426527431238,320.92456913848724,139.57848495754627,4936.006824029447
https://www.redfin.com/MO/Saint-Louis/1804-Hickory-St-63104/home/93685596,262.0612060372746,260.5723848929159,379.8761062350317,289.14655862280455,213.61365077335196,6737.757077865552
https://www.redfin.com/MO/Saint-Louis/34-Waterman-Pl-63112/home/93724336,153.9695320929585,953.2258716662849,493.95361324506877,161.73694929603454,175.40160368554052,2132.5331553834417
https://www.redfin.com/MO/Saint-Louis/4361-Westminster-Pl-63108/home/64816053,448.40708345704866,797.7866068078831,442.6371894633651,462.5551336466931,70.98084031116706,5286.534679992476
https://www.redfin.com/MO/Saint-Louis/2012-Lafayette-Ave-63104/home/93690812,534.3272941847716,357.73739550581973,115.83193877122889,705.1377587907197,294.9715594780626,5408.609462139009
https://www.redfin.com/MO/Saint-Louis/4321-Maryland-Ave-63108/home/62779526,235.64804351614205,726.692014820606,301.62395657334446,233.61055243909712,189.78518449980342,3933.260648809769
https://www.redfin.com/MO/Saint-Louis/2731-Lafayette-Ave-63104/home/77299603,407.0836427332425,254.65698307202666,135.25807500551088,402.7279393978551,81.05482751435538,5525.252542136524
https://www.redfin.com/MO/Saint-Louis/2346-Albion-Pl-63104/home/93700569,44.90973763457757,355.9900372977646,526.9039204849389,94.28943912231657,61.398531114103655,4569.912663658039
https://www.redfin.com/MO/Saint-Louis/5849-De-Giverville-Ave-63112/home/93762610,351.901568157353,233.55036894990724,175.7439009454329,289.35337136635894,318.59220786655453,4658.5044237312395
https://www.redfin.com/MO/University-City/6203-Washington-Ave-63130/home/93760161,33.87837847362174,310.68434769595495,701.5188202499188,57.047068894006514,113.14853092242524,3568.322237789831
https://www.redfin.com/MO/Saint-Louis/1816-Hickory-St-63104/home/93685593,290.5715645081661,262.4562272306556,423.0690282214929,295.3945882336035,211.65033306130204,6319.810818324883
https://www.redfin.com/MO/Saint-Louis/2024-Rutger-St-63104/home/93701233,402.4919261843004,319.8021050600951,695.8068738778112,399.38799924976865,162.03419660968126,4941.373136275597
https://www.redfin.com/MO/Saint-Louis/1225-Dolman-St-63104/home/93685993,129.9566130362769,231.37762506291676,225.88245622869076,393.5090178686359,118.97766742045859,6880.984547681179
https://www.redfin.com/MO/Saint-Louis/5250-Wilson-Ave-63110/home/93727654,852.6853539032303,180.78867067308272,606.6751127446503,918.4639422119666,13.804557436540204,4530.770258109309
https://www.redfin.com/MO/Saint-Louis/3445-Juniata-St-63118/home/169424315,231.78347539657415,338.66870683628304,344.73809864640293,240.44565687750372,283.40675489860007,6094.378933591842
https://www.redfin.com/MO/Saint-Louis/4225-Maryland-Ave-63108/home/93725336,185.88711572267255,550.4019271330004,519.341894647865,191.5951188218298,162.00293351220165,4781.480102887355
https://www.redfin.com/MO/Saint-Louis/30-Kingsbury-Pl-63112/home/93724138,423.52317174401645,511.39245473964985,640.9329257524367,336.1835648678125,582.4612410433866,1162.422796307901
https://www.redfin.com/MO/Saint-Louis/4608-McPherson-Ave-63108/home/93754475,573.1833355777965,394.18430621952405,484.33454783290426,286.2989879064813,247.04314701149417,4408.650041829178
https://www.redfin.com/MO/Saint-Louis/6120-Victoria-Ave-63139/home/93726407,88.8064716834946,434.88948679218163,573.9219834576357,105.28252981932789,83.7820879595104,5110.480130907156
https://www.redfin.com/MO/Saint-Louis/6980-Tholozan-Ave-63109/home/145288681,297.0024510866796,438.67856418116025,1171.703271349893,822.620254456879,90.46066421153321,5357.7736404017305
https://www.redfin.com/MO/Saint-Louis/3738-Olive-St-63108/home/176875154,231.73177189101347,205.16878086637936,314.98802249800497,231.91977428289528,432.177660259482,4953.35612615092
https://www.redfin.com/MO/St-Louis/4439-4441-Gibson-Ave-63110/home/202328837,412.91700093515755,319.96055247960027,742.9907445696927,167.54666741262454,137.7620189812239,5421.576494635848
https://www.redfin.com/MO/Saint-Louis/310-N-Newstead-Ave-63108/home/62763590,269.6134074339907,442.37388789543246,117.22302408647873,256.6838588054185,295.8065572531788,4316.864642811786
https://www.redfin.com/MO/Saint-Louis/3850-Arsenal-St-63116/home/93728235,35.57034293658082,629.4643782565196,743.0650803821047,158.8261604698595,243.58668995057738,4007.023090783088
https://www.redfin.com/MO/Saint-Louis/1919-Hickory-St-63104/home/93701209,225.2365241998775,359.04547795283656,574.4401266313213,230.68844811517383,245.22701267505613,5571.938606321039
https://www.redfin.com/MO/Saint-Louis/6157-Kingsbury-Ave-63112/home/93760352,188.73001927291722,294.7177281090183,563.1155389220286,199.39349436296735,319.2822306042523,3388.118985188253
https://www.redfin.com/MO/Saint-Louis/4937-Washington-Blvd-63108/home/93724414,128.77976730179412,397.1447717676996,315.4917616937575,187.133080584447,71.12438573906529,5601.291274015684
https://www.redfin.com/MO/Saint-Louis/4251-Maryland-Ave-63108/home/62735920,189.876922968569,623.2813882941169,423.5289303314417,201.237977563647,122.40934512843107,4728.858246019509
https://www.redfin.com/MO/Saint-Louis/5089-Waterman-Blvd-63108/home/93745949,357.9001270615506,976.8072632916952,427.3019177907426,42.94895793564902,354.9601235353873,1612.6507882446924
https://www.redfin.com/MO/Saint-Louis/2745-Armand-Pl-63104/home/93690846,352.43675825336106,225.76072851767236,366.9887399022049,452.8320948722541,128.1235139939309,6043.218034293749
https://www.redfin.com/MO/Saint-Louis/4257-Maryland-Ave-63108/home/93682381,188.69430685100747,638.076350718803,404.09946852108277,191.71093498795844,121.82010324206708,4721.017326473082
https://www.redfin.com/MO/Saint-Louis/5782-McPherson-Ave-63112/home/93674546,355.71110854178147,206.2659101620026,357.3105356212256,97.77647994908577,392.58665308568976,5546.1483387401095
https://www.redfin.com/MO/Saint-Louis/1845-S-9th-St-63104/home/93685162,304.2430774629952,406.51964871235964,1116.2737787571689,297.4088754521752,73.96017003365503,7650.845599723889
https://www.redfin.com/MO/Saint-Louis/3662-Humphrey-St-63116/home/109919824,262.48785492795565,516.9274664624045,949.2920722324619,278.35189140914525,219.0639847147756,5488.133366170321
https://www.redfin.com/MO/Saint-Louis/4328-Vista-Ave-63110/home/93726069,305.4956124373759,144.61448535820287,101.62835503114555,143.4526263825826,245.09789472743913,4793.091142762505
https://www.redfin.com/MO/Saint-Louis/5843-Enright-Ave-63112/home/93739333,173.08309272061194,287.13015513603347,425.87607809964527,228.25476959951163,165.04190821249085,4831.375229701782
https://www.redfin.com/MO/Saint-Louis/2406-S-13th-St-63104/home/93686678,600.9317100173006,396.34111533399727,651.5892960887426,98.38796608486314,131.75707871714286,7645.497598393242
https://www.redfin.com/MO/Saint-Louis/3865-Connecticut-St-63116/home/89320742,366.73517347007885,676.355184711649,658.882850402717,386.9312788440667,191.29747353852915,5679.08929173059
https://www.redfin.com/MO/Saint-Louis/4546-Washington-Blvd-63108/home/77289222,194.29446648193402,305.4842463493053,234.10039922241185,201.38042129079614,78.33985936761455,5198.735462390124
https://www.redfin.com/MO/Saint-Louis/1936-Arsenal-St-63118/home/93699323,26.921205044975572,387.5859481147269,1306.127060084326,99.40371466018534,169.2497717487861,7022.305238568146
https://www.redfin.com/MO/Saint-Louis/5816-Reber-Pl-63139/home/93726683,267.9272166498362,469.78725786730564,507.8566593321741,263.05661373913614,210.71208816823452,5653.638944900085
https://www.redfin.com/MO/Saint-Louis/1123-Kentucky-Ave-63110/home/146873929,102.98764588227411,389.88150617841575,460.3364511494575,98.87014228658028,62.442244457109695,5899.335541655625
https://www.redfin.com/MO/Saint-Louis/4452-Gibson-Ave-63110/home/93750912,380.3568624017678,397.9913433517246,728.5943520845975,246.2787661891109,65.3808912851876,5591.480862160737
https://www.redfin.com/MO/Saint-Louis/902-Geyer-Ave-63104/home/93685732,266.85701653053843,470.8258408496824,1040.5384395074277,286.2319297366488,68.46606054914115,7534.66311175063
https://www.redfin.com/MO/Saint-Louis/4161-Flad-Ave-63110/home/93746539,992.6697322717591,538.5882573923013,376.5857174915262,522.3464600766486,375.80699094194864,5409.847644042453
https://www.redfin.com/MO/Saint-Louis/6259-Magnolia-Ave-63139/home/93743641,645.5183125590765,413.9251255453127,544.3640667149446,738.5413343129059,83.29219365687516,5925.206762334205
https://www.redfin.com/MO/Saint-Louis/4033-Cleveland-Ave-63110/home/93786133,1030.3431787502846,260.937853901823,559.5497980754947,454.5396931933853,252.68372949880103,6021.801790602603
https://www.redfin.com/MO/Saint-Louis/3401-Pestalozzi-St-63118/home/93692366,278.58505129921986,716.61986993495,625.7739187398719,276.82634392912115,162.43931159577681,7360.235247886523
https://www.redfin.com/MO/Saint-Louis/1000-Barton-St-63104/home/187271178,278.3666329938667,83.0435605316158,259.93874791874765,305.2672468333549,87.39588950725638,7847.501679760507
https://www.redfin.com/MO/Saint-Louis/2117-S-13th-St-63104/home/93686274,83.35913843864259,616.2811882436954,705.4994072563396,183.22728653778353,52.74720092681834,9259.802457929185
https://www.redfin.com/MO/Saint-Louis/2922-S-Compton-Ave-63118/home/93785831,29.5596238638463,904.1424418600042,502.3139797348855,142.37212522522466,131.1005104522864,7273.348808403708
https://www.redfin.com/MO/Saint-Louis/4140-Burgen-Ave-63116/home/93762021,204.4554027185465,924.8846567603599,637.280441099028,701.9760651109585,319.55721658831123,4082.570334243219
https://www.redfin.com/MO/Saint-Louis/4037-McRee-Ave-63110/home/109914637,853.5607341758156,219.7908298028265,569.6658191427949,465.9080796812083,220.0009702200759,5521.474683680253
https://www.redfin.com/MO/Saint-Louis/3940-Shaw-Blvd-63110/home/109919797,790.9454724732877,395.95247334458384,106.77239603655569,129.1257308644008,172.04691193932211,5993.2720818287335
https://www.redfin.com/MO/Saint-Louis/4116-Flad-Ave-63110/home/93746440,1165.541862013858,379.9908087164185,486.8426593338729,562.7511882379728,249.87867815652515,5564.017693395018
https://www.redfin.com/MO/Saint-Louis/6623-Leona-St-63116/home/93777945,265.1631311923583,957.7494308035168,640.2393492601379,1269.3533437541407,515.5725036811721,5598.014881822316
https://www.redfin.com/MO/Saint-Louis/4209-Norfolk-Ave-63110/home/93725977,219.83136581960946,328.33246728554553,261.53384181335304,246.80965020818692,149.26029110681418,5758.489802856592
https://www.redfin.com/MO/Saint-Louis/6609-Pernod-Ave-63139/home/93778999,410.41773551064335,421.2645452019641,362.7119519670291,817.1804259619603,412.151693800424,5616.864061969013
https://www.redfin.com/MO/Saint-Louis/5931-Clifton-Ave-63109/home/62758309,456.63622831622445,961.3048740330506,187.9782071244388,444.0192484985666,420.777949125511,4898.7018649964375
https://www.redfin.com/MO/Saint-Louis/4272-Hartford-St-63116/home/93749882,171.18397196192754,728.2252283336635,656.2730386503746,162.3024010090271,37.53465937751929,3806.5573900643335
https://www.redfin.com/MO/Saint-Louis/5323-Bischoff-Ave-63110/home/93726845,1000.7252702861642,340.53891800375783,486.4949672501592,1023.8360987485656,94.28437739474552,4563.618020576337
https://www.redfin.com/MO/Saint-Louis/1524-McCausland-Ave-63117/home/93740584,44.00072101712387,606.3261867258442,473.2003534568697,987.7796553612516,57.11392106069583,3072.5040992403215
https://www.redfin.com/MO/Saint-Louis/3434-Humphrey-St-63118/home/93683397,224.86253911223307,608.0753661042078,445.2770148781125,209.70787632044855,189.01693766766755,7362.357868329934
https://www.redfin.com/MO/Saint-Louis/5622-Murdoch-Ave-63109/home/93753508,365.8166299133268,682.0193996993636,723.8316021771302,359.53503679352093,329.7702257952364,4636.419672692181
https://www.redfin.com/MO/Saint-Louis/1404-Monroe-St-63106/home/93685866,239.6817992548801,401.3352540722205,828.3646135092249,275.8155210155262,308.05280632934773,8553.223631777146
https://www.redfin.com/MO/Saint-Louis/2633-Allen-Ave-63104/home/93690348,155.08347732088518,638.3324753141794,254.83824701990818,216.72838926388056,164.54488756412763,6806.425237682312
https://www.redfin.com/MO/St-Louis/1926-Allen-Ave-63104/home/201509855,103.71038004206004,873.0925860102228,206.83143667774584,297.4342120821021,145.1869743559785,6635.869604307462
https://www.redfin.com/MO/Saint-Louis/1916-S-12th-St-63104/home/93685699,80.63618361697525,594.260675834883,834.6452748102822,94.72931157128833,83.61709240488486,9296.945190257697
https://www.redfin.com/MO/Saint-Louis/4213-Washington-Blvd-63108/home/93719932,118.94261768149737,662.4926912641228,608.6410008680808,151.3991831930582,160.96778694725202,5228.361801222048
https://www.redfin.com/MO/Saint-Louis/2432-McNair-Ave-63104/home/93691374,210.015228634267,559.5582922681733,663.4373114553922,215.37096263751266,27.000652603892355,6530.443042390375
https://www.redfin.com/MO/Saint-Louis/5911-Pershing-Ave-63112/home/93762461,104.62171770547798,423.2525621688759,511.7272432267318,175.5058482462897,714.8282886535399,4731.549106753171
https://www.redfin.com/MO/Saint-Louis/3305-Pestalozzi-St-63118/home/62720084,164.81758306571496,803.0298404001065,608.5170068968625,297.8279785150974,81.13638354064484,7204.905954719922
https://www.redfin.com/MO/Saint-Louis/1623-Forest-Ave-63139/home/93674027,207.1230648764658,367.2427940177633,215.40382415509654,734.8488835707816,224.47380180245256,5212.3371776644735
https://www.redfin.com/MO/Saint-Louis/2869-Missouri-Ave-63118/home/93671848,228.0390118362945,352.48181399555,738.6954378233436,213.45092593970358,70.2507626354906,7181.637615588577
https://www.redfin.com/MO/Saint-Louis/3417-Humphrey-St-63118/home/62717086,207.26790294307727,616.8993160599232,356.32928351811057,210.92596085746385,166.41814129125623,7176.321020040865
https://www.redfin.com/MO/Saint-Louis/1941-Congress-St-63118/home/93785616,666.5948134453125,178.5611504426295,1014.8577274133787,525.781958995466,126.29525590120214,6600.356936374477
https://www.redfin.com/MO/Saint-Louis/4273-Juniata-St-63116/home/93750032,271.3009855178636,635.7110530440589,589.8931668770289,261.0500250861678,50.963411560864984,4085.202678870672
https://www.redfin.com/MO/Saint-Louis/2827-Oregon-Ave-63118/home/193545590,140.26018369380756,730.2733368055135,433.0122724223286,164.35715622831245,97.31680823400796,7750.276125195242
https://www.redfin.com/MO/Saint-Louis/7071-Mardel-Ave-63109/home/93747903,147.66233262286485,763.3886106671838,1505.6310711088286,742.3745480194792,299.4031355764246,5715.566073057658
https://www.redfin.com/MO/Saint-Louis/5938-Clemens-Ave-63112/home/93739287,295.9360180547309,138.63530946095332,573.4099916171286,343.6201657494794,242.058634513428,4157.757631535303
https://www.redfin.com/MO/Saint-Louis/4038-Juniata-St-63116/home/93730004,323.437151855733,670.4756375541203,75.5851635035443,344.9260512070679,513.9719599418063,4479.603091413047
https://www.redfin.com/MO/Saint-Louis/7032-Lansdowne-Ave-63109/home/93774136,31.338829922201608,1026.6123195851515,1138.7242407615674,84.61134441208434,89.48007908720207,4783.979742215336
https://www.redfin.com/MO/Saint-Louis/4008-Botanical-Ave-63110/home/109007321,821.3098812284991,550.85593264207,543.9608439607475,381.7155434475244,308.50625736612807,5004.056937423516
https://www.redfin.com/MO/Saint-Louis/2843-January-Ave-63139/home/62724656,201.86733296677158,223.82667426722946,751.7793166859797,239.55477879894897,55.8774811521823,5933.4186293876555
https://www.redfin.com/MO/Saint-Louis/5800-Pershing-Ave-63112/home/93762442,20.569989348135678,617.1961485335837,646.4391018515247,181.0692474119293,611.4576178991674,4155.416795977867
https://www.redfin.com/MO/Saint-Louis/3006-Virginia-Ave-63118/home/93692637,83.67712310135195,754.536928800462,409.7912108487897,128.3580597103486,68.30738947839511,6772.067096954072
https://www.redfin.com/MO/Saint-Louis/3423-Giles-Ave-63116/home/93730339,313.8736094519187,886.970314267552,1175.4810140656389,326.9590415862663,274.30439805783266,5502.508763256478
https://www.redfin.com/MO/Saint-Louis/2316-S-9th-St-63104/home/93686366,146.31327129132535,148.44498967675491,412.9513359775661,174.32466180095963,63.136053011441724,7282.980701894761
https://www.redfin.com/MO/Saint-Louis/4349-Gibson-Ave-63110/home/93751305,225.69483977389612,223.03245614975543,564.7573265162254,20.419849720575428,83.37044936584905,6968.836363576149
https://www.redfin.com/MO/Saint-Louis/5621-Pernod-Ave-63139/home/63125819,518.4000753936235,706.5825782567447,850.848222868927,513.0172682393276,486.379162353646,5421.541195142021
https://www.redfin.com/MO/St-Louis/6413-6415-Bradley-Ave-63139/home/202233805,81.95106862326395,1141.8607446325998,934.0672541512214,785.9808553361478,199.70493434424296,5211.100880111565
https://www.redfin.com/MO/Saint-Louis/3433-Texas-Ave-63118/home/179021915,167.3923019974485,516.9609577065447,675.0545113835145,138.53545277520195,116.59439608420178,5971.617680503889
https://www.redfin.com/MO/Saint-Louis/4249-Arco-Ave-63110/home/93750950,113.37942105753558,330.19464382340595,443.098028140332,47.52256941745587,37.64063864567964,7229.560840803586
https://www.redfin.com/MO/Saint-Louis/7038-Pernod-Ave-63139/home/93747939,276.71657927630105,664.8962423789902,1355.7339961236396,963.8834406758566,160.7146418674676,5271.18929319254
https://www.redfin.com/MO/Saint-Louis/4062-Arsenal-St-63116/home/93786324,35.00741008201149,367.6846136883044,229.56372507546027,46.04046163310165,619.3019353071882,3122.6817414773486
https://www.redfin.com/MO/Saint-Louis/4444-Arco-Ave-63110/home/93751242,247.43810697357105,466.7828255425426,613.524459669529,247.5340556221379,87.68734220419543,5976.995037266127
https://www.redfin.com/MO/Saint-Louis/4939-Lisette-Ave-63109/home/93742177,188.22569971895393,972.5670045063761,534.0773667715717,177.11479421693645,304.7649068812008,4063.7893676210047
https://www.redfin.com/MO/Saint-Louis/2010-Blendon-Pl-63143/home/93744131,153.4228488522333,725.1351879621785,555.596887355124,645.321972554419,378.6369766154937,3208.543153396379
https://www.redfin.com/MO/Saint-Louis/2414-S-11th-St-63104/home/93686734,474.27341081481006,199.34424628660162,416.5811464477228,140.62390051492514,106.23705551963836,7894.668944684448
https://www.redfin.com/MO/Saint-Louis/1829-Oregon-Ave-63104/home/93690103,274.95239028718254,625.3621042387414,461.4190249608619,721.9656945669464,274.5820618753774,6916.462336445234
https://www.redfin.com/MO/Saint-Louis/4935-Cote-Brilliante-Ave-63113/home/93737212,192.62418610210582,534.8662168017124,257.5219237822784,203.78921050679648,383.05382980137045,4736.723604601671
https://www.redfin.com/MO/Saint-Louis/4142-Cleveland-Ave-63110/home/93746488,1073.0896915966819,538.2279410530567,497.1369136053181,706.9087497553168,194.38057174600144,5828.664403298152
https://www.redfin.com/MO/Saint-Louis/6125-Marwinette-Ave-63116/home/62744072,643.0841474952015,1000.8419382345124,204.3370622828231,1211.339500915629,621.4797085240897,6298.880396092749
https://www.redfin.com/MO/Saint-Louis/4557-Arco-Ave-63110/home/93749289,149.25125053818667,709.8400225231449,696.918233669583,140.270814161615,247.4684974578805,5038.9728962049485
https://www.redfin.com/MO/Saint-Louis/2739-Utah-St-63118/home/93693788,427.3629175233337,404.7249078195426,1076.2437927061035,280.85897308892874,119.95778655518453,6653.428151747937
https://www.redfin.com/MO/Saint-Louis/3307-Wisconsin-Ave-63118/home/62747963,491.6336407148147,328.3242613175181,973.8594414524619,477.18998805139404,187.89678485393222,6636.965471287577
https://www.redfin.com/MO/Saint-Louis/3467-Giles-Ave-63116/home/93730302,314.09922151506817,927.667881049056,1287.8671276322855,306.242589647193,275.0744590817172,5510.071200265292
https://www.redfin.com/MO/Saint-Louis/5239-Oleatha-Ave-63139/home/62721572,764.5101144935247,1158.9168353508128,395.15654889688017,777.5262550622754,450.7369477220424,5764.228708072033
https://www.redfin.com/MO/Saint-Louis/7119-Trainor-Pl-63116/home/93679204,339.73479662699543,827.2653179191672,620.9822510150204,790.6882509861666,624.9027070154476,7118.9066915936255
https://www.redfin.com/MO/Saint-Louis/6059-Clemens-Ave-63112/home/91490586,369.81702498590414,492.53947597908467,324.9969573769902,218.35363016531073,211.70970799659136,3346.378453079084
https://www.redfin.com/MO/Saint-Louis/5972-Cates-Ave-63112/home/71335714,464.000346108814,326.64735563080893,510.9834910472087,367.5889611189382,422.0227645448974,3636.737749865949
https://www.redfin.com/MO/Saint-Louis/6523-Odell-St-63139/home/93743840,282.58484397000336,1001.3797363527017,999.860461922308,842.0896952047011,307.7820972851555,4349.431584576239
https://www.redfin.com/MO/Saint-Louis/5588-Bartmer-Ave-63112/home/93722455,344.28957287631965,588.7058557960016,329.7625026273215,393.1084297141871,668.0479776027234,4910.51620403159
https://www.redfin.com/MO/Saint-Louis/6533-Tholozan-Ave-63109/home/93774987,142.4983361447508,614.055577710228,196.2479256350375,595.2384081536343,124.93156828449948,6115.9294556214745
https://www.redfin.com/MO/St-Louis/4253-Washington-Ave-63108/unit-D/home/190928999,110.87968626328032,763.5821964974795,614.7936208097067,113.93735518291294,115.62132149977641,5238.020050692558
https://www.redfin.com/MO/Saint-Louis/3302-Ohio-Ave-63118/home/93694284,231.47221305124177,398.5634675207718,1034.0647435761834,220.20310916641358,40.69054290895803,6653.247182075222
https://www.redfin.com/MO/Saint-Louis/3332-Wisconsin-Ave-63118/home/173618772,534.4674906869487,391.3682320455801,906.9059456795848,527.1652444630286,112.46008239153893,6589.423014370719
https://www.redfin.com/MO/Saint-Louis/6014-Potomac-St-63139/home/93775389,76.38245961981548,498.1177253786848,337.6892248253163,104.17447879611697,51.987070857159615,5263.601084171244
https://www.redfin.com/MO/Saint-Louis/2318-Louisiana-Ave-63104/home/104434520,232.20481503420513,867.5085795435336,92.2605575534083,560.5915369308506,218.17798275426222,5713.733151362816
https://www.redfin.com/MO/Saint-Louis/5665-Oleatha-Ave-63139/home/93780690,570.7364441780638,501.3155170786214,718.549280396899,571.4538462298103,536.5468961132136,4545.747742834468
https://www.redfin.com/MO/Saint-Louis/2143-Hickory-St-63104/home/62696165,215.88939473457992,449.27578608970896,927.2285451436502,214.56409372000797,198.67890913330206,4761.992198059749
https://www.redfin.com/MO/Saint-Louis/1810-Utah-St-63118/home/93694151,402.1708554502206,129.0932728278614,1159.4760303635185,414.9414406126555,41.21731024956551,6644.005988627748
https://www.redfin.com/MO/Saint-Louis/1901-Allen-Ave-63104/home/93690378,169.99898857059384,867.5425835600714,312.35644975728724,271.8801020196112,130.32978855690203,6352.229630872226
https://www.redfin.com/MO/Saint-Louis/5230-Bancroft-Ave-63109/home/93752671,292.1501753255309,1343.7699337040901,289.07001608113296,302.0056221499914,266.2163523121464,3429.5636964186983
https://www.redfin.com/MO/Saint-Louis/1500-E-Linton-Ave-63107/home/93713259,436.7166811728491,885.3726636979604,225.00700174829032,431.3674387888909,547.495398700149,6250.043129869548
https://www.redfin.com/MO/Saint-Louis/5622-Pernod-Ave-63139/home/93781950,456.17420185824693,756.2046166726,844.6113100803187,451.9020715387086,424.4830373265054,5472.40849940811
https://www.redfin.com/MO/Saint-Louis/4465-Greer-Ave-63115/home/93715389,583.9936156168693,1017.0347747099248,585.1757100720997,258.6188758118352,330.0919157280335,3921.5366152805236
https://www.redfin.com/MO/Saint-Louis/3503-Wisconsin-Ave-63118/home/93694499,200.5872294086239,632.6582077160857,525.424590788535,247.47871758324337,220.5541738475601,7137.901974805394
https://www.redfin.com/MO/Saint-Louis/1323-Shenandoah-Ave-63104/home/62714065,233.49499067964342,687.4112504843353,687.0134249164554,251.81760248481544,46.09589124163694,8298.271441053541
https://www.redfin.com/MO/Saint-Louis/1924-Withnell-Ave-63118/home/62722013,339.8832332837902,197.0795935612527,1161.1723525017048,343.89061142602793,179.15003445044084,5943.544792106153
https://www.redfin.com/MO/Saint-Louis/3445-Michigan-Ave-63118/home/184672079,519.9836319658133,316.48323729425033,770.0221577389651,221.16637403940018,187.80183851662395,6216.093446072099
https://www.redfin.com/MO/Saint-Louis/5449-Mardel-Ave-63109/home/93782003,276.8994117146282,1010.3611296280351,783.6664309998065,270.76207334019233,246.94211566299452,6310.646294911698
https://www.redfin.com/MO/Saint-Louis/2248-Jules-St-63104/home/62735438,145.01215982635628,797.8679519457711,307.82772827195174,129.12539426593096,82.1597971134791,6840.018567584076
https://www.redfin.com/MO/Saint-Louis/5810-S-Kingshighway-Blvd-63109/home/63691768,31.619495900654695,773.9380469601675,825.8782725475525,51.73026290156954,113.40113418072735,4801.886748484314
https://www.redfin.com/MO/Saint-Louis/5477-Loughborough-Ave-63109/home/93774312,35.929294591508885,930.7584910458647,593.9674313743242,85.32547194179749,89.6825194378822,4585.146445738807
https://www.redfin.com/MO/Saint-Louis/3725-N-20th-St-63107/home/93671267,126.66272373743864,174.22143314681736,419.1801400162023,288.09980662256993,559.6271955207712,6073.14318589239
https://www.redfin.com/MO/Saint-Louis/7016-Michigan-Ave-63111/home/143285890,23.348201231606144,831.1942409441816,237.49585572819578,385.3374175529594,241.68274369021984,8076.001482155084
https://www.redfin.com/MO/Saint-Louis/1725-Oregon-Pl-63104/home/93690072,401.05781447776087,531.1858270288175,356.4439838861273,686.071629888795,194.3432722544744,6981.145608883293
https://www.redfin.com/MO/Saint-Louis/4361-Enright-Ave-63108/home/93739837,186.5425382522621,716.6554334982924,554.79887842818,221.61146990495274,304.727932074099,4994.120904792853
https://www.redfin.com/MO/Saint-Louis/2758-Rutger-St-63104/home/93697600,390.67765653068864,183.03903253253915,523.080564632832,392.2510784159319,231.1872980513579,6486.211149667887
https://www.redfin.com/MO/Saint-Louis/5363-Reber-Pl-63139/home/93727529,408.6374460633107,557.56371943592,440.9631719840956,411.27682104668213,165.78008444650592,5412.2086144445675
https://www.redfin.com/MO/Saint-Louis/5530-Magnolia-Ave-63139/home/93727165,518.8143416749895,366.98001703166256,592.3531858214452,515.9059861527854,103.78377104671529,5724.736090738221
https://www.redfin.com/MO/Saint-Louis/1464-Sproule-Ave-63139/home/93778573,199.62057372399522,428.7124891499875,423.5352651541394,211.42352978069678,136.4811896562211,7025.605285025473
https://www.redfin.com/MO/Saint-Louis/3509-Park-Ave-63104/home/93689866,204.24705472036354,481.2144622385955,294.948068209856,225.727498724217,392.3839622209421,4322.733650626369
https://www.redfin.com/MO/Saint-Louis/20-Lawn-Pl-63110/home/93765850,112.54600537095139,947.5066185029704,371.69483838046875,87.92358727980344,194.1355612617979,4174.09619575616
https://www.redfin.com/MO/Saint-Louis/4253-Swan-Ave-63110/home/67379319,103.96220927773643,396.94860582040155,233.27525702485414,118.2713947676632,84.09512811363405,5805.234362161075
https://www.redfin.com/MO/Saint-Louis/1544-Saint-Vincent-Ct-63104/home/93700600,411.26173573056394,125.27466396814089,124.69920082802552,405.5979777350182,265.4540490168126,5353.266999444315
https://www.redfin.com/MO/Saint-Louis/6816-Wise-Ave-63139/home/93765619,293.57743794239525,789.520441858102,285.0301830681216,430.0979910486055,425.1190296015697,4384.519794807294
https://www.redfin.com/MO/Saint-Louis/4058-Botanical-Ave-63110/home/76771316,823.4558288349124,586.7745075548362,580.471578831313,561.0269734194436,157.50272159262968,5218.659763396786
https://www.redfin.com/MO/Saint-Louis/2925-Macklind-Ave-63139/home/93727350,63.189900074411945,349.6197916075637,659.6039617039055,86.17639026005513,40.80607996163272,3903.2403056547546
https://www.redfin.com/MO/Saint-Louis/3516-Illinois-Ave-63118/home/109007317,190.3485822524105,638.6951042560404,441.10213142781424,201.89231763364043,155.6532481575452,6809.556626187573
https://www.redfin.com/MO/Saint-Louis/4100-Potomac-St-63116/home/93728788,709.2988319992132,586.9899665023091,708.7782065785118,700.9308832374275,541.4912701594749,5083.971907517891
https://www.redfin.com/MO/Saint-Louis/905-Russell-Blvd-63104/home/93686208,37.869624273708524,254.7580861792152,813.4779438854442,279.99280606808173,76.02206043592746,7590.774408787882
https://www.redfin.com/MO/Saint-Louis/3706-Iowa-Ave-63118/home/93696181,223.02960695797927,317.62547441695665,479.8197437793753,236.1640004665959,192.13670845205,6739.779724893289
https://www.redfin.com/MO/Saint-Louis/7153-Whaley-Pl-63116/home/93785432,190.57133665020842,600.4024678489939,215.03467323375972,615.0385965528458,216.37571758478305,5467.867214238214
https://www.redfin.com/MO/Saint-Louis/4120-Loughborough-Ave-63116/home/93772837,31.377066696935096,866.9954444007672,333.26570481196455,1052.0669586585452,233.0055976104073,5559.211859844403
https://www.redfin.com/MO/Saint-Louis/1911-Lynch-St-63118/home/93697264,607.3345525528434,235.58757752190954,1036.6942697035242,405.8251949807189,48.35078709155901,6727.019649539549
https://www.redfin.com/MO/Saint-Louis/2830-Hampton-Ave-63139/home/69131459,27.9773339005124,667.7234251996573,448.41876994373115,84.22882961507287,71.59214239615855,6855.96746149563
https://www.redfin.com/MO/Saint-Louis/5439-Vernon-Ave-63112/home/93786376,494.83974954288834,339.83113401392166,410.08583109859416,482.7666910693797,612.5471424214387,4100.151595350153
https://www.redfin.com/MO/Saint-Louis/3878-Marine-Ave-63118/home/93697250,605.1570752185071,670.3898496758434,386.27072476017474,591.3863568115546,542.1428327106265,5940.96908196207
https://www.redfin.com/MO/Saint-Louis/7146-Mardel-Ave-63109/home/93747995,173.6776911490505,1098.9849565987195,1843.1747614958315,525.2238883740438,629.1883227002041,3565.3317139957903
https://www.redfin.com/MO/Saint-Louis/5238-Botanical-Ave-63110/home/93727570,794.894886365818,516.3533103410314,226.47623730231143,793.917830332483,123.85508716726929,4438.196607165337
https://www.redfin.com/MO/Saint-Louis/3024-Caroline-St-63104/home/93672743,293.4886938397479,410.66476752581394,340.9579634292006,514.9682224669494,121.34329977049843,5833.764104616718
https://www.redfin.com/MO/Saint-Louis/5829-Bartmer-Ave-63112/home/93680377,127.01511864828457,323.7963596595812,324.3501378627678,137.56238161108453,401.9587312562207,3563.784485319218
https://www.redfin.com/MO/Saint-Louis/2320-S-9th-St-63104/home/92954023,149.4604035595599,126.63835124943941,392.4573048470197,190.82293794618607,78.7391608502214,7412.272584093136
https://www.redfin.com/MO/Saint-Louis/6217-Marmaduke-Ave-63139/home/93754701,363.3705065435683,526.1066780685716,364.5526579598479,458.523325158376,195.63751868269424,4924.814877227679
https://www.redfin.com/MO/Saint-Louis/4729-Adkins-Ave-63116/home/93758982,306.3621738746534,425.0560066253931,316.9126722423837,311.9009947961499,302.67823284348736,4375.72804829727
https://www.redfin.com/MO/Saint-Louis/3337-Michigan-Ave-63118/home/93693546,332.09303193368544,438.80686383673947,648.2571598575616,167.32852850073692,122.61437637083192,6652.199860991175
https://www.redfin.com/MO/Saint-Louis/4014-Miami-St-63116/home/93728662,360.768037492165,854.1531741044828,1016.788905946967,371.53604439988516,335.9657379028674,6063.016252554368
https://www.redfin.com/MO/Saint-Louis/6557-Odell-St-63139/home/93743819,278.4321544356793,1104.566008829047,1129.1382772839866,964.8755237535714,351.6893505719598,4102.572848511422
https://www.redfin.com/MO/Saint-Louis/3112-Wyoming-St-63118/home/93693478,165.68552873920387,574.998833937772,383.0246462204767,214.68684403506398,120.13509722482382,7513.781953135658
https://www.redfin.com/MO/Saint-Louis/4963-Sutherland-Ave-63109/home/89324264,259.0736516111931,1142.2857066506567,615.9219468470559,276.3176616010723,231.5571118519133,3876.7372768565233
https://www.redfin.com/MO/Saint-Louis/3223-Utah-St-63118/home/104237048,56.15734443394027,669.9560517902474,426.1669510097391,51.69690452451497,27.144125772094135,7739.086496964935
https://www.redfin.com/MO/Saint-Louis/6531-Bancroft-Ave-63109/home/93775558,98.75991325175983,763.3666517783388,760.8433688730112,159.06260428980895,86.20197073779512,5882.162053626746
https://www.redfin.com/MO/Saint-Louis/3324-Louisiana-Ave-63118/home/93693130,79.14303935711854,494.15356987146544,619.6378948557253,125.24668526574051,54.03673017709221,7716.959673287665
https://www.redfin.com/MO/Saint-Louis/Undisclosed-address-63106/home/169424163,324.84963600842025,171.10128770505787,896.4903914544972,143.64497855440345,335.0224725854099,5911.489033165005
https://www.redfin.com/MO/Saint-Louis/3325-Minnesota-Ave-63118/home/93693448,397.06375382064914,332.5894027473956,658.5464252430155,154.25950082138283,153.32326806100698,6506.490866609311
https://www.redfin.com/MO/Saint-Louis/5414-Lindenwood-Ave-63109/home/93782848,100.84691402807678,1231.2753906452126,574.5294059878856,120.26656567050831,53.73717640709673,5628.29598698346
https://www.redfin.com/MO/Saint-Louis/7321-Coronado-Ave-63116/home/93785043,341.8253987840604,1146.9618109936025,541.7595868988709,570.3067297154017,532.6703227229217,6811.3245053484925
https://www.redfin.com/MO/Saint-Louis/4948-Neosho-St-63109/home/62764377,205.33988527918746,535.3199876276647,813.5482063133181,261.2145881184703,172.72507556568098,4085.188527514664
https://www.redfin.com/MO/Saint-Louis/5325-Quincy-St-63109/home/93771490,101.72454981131578,1117.8051129769294,825.9336397328542,484.1097721524329,153.95540514585102,4397.897507439294
https://www.redfin.com/MO/Saint-Louis/5008-Sutherland-Ave-63109/home/93752833,300.11219323292585,1108.391635090249,543.4050341426148,305.6276045307139,273.298487212653,3679.3858141237474
https://www.redfin.com/MO/Saint-Louis/4844-Sigel-Ave-63116/home/93763288,101.2072835372973,487.9180512327065,1035.3827240480573,98.78405904466612,176.92792823035842,4970.2044127813615
https://www.redfin.com/MO/Saint-Louis/4224-California-Ave-63111/home/93705491,211.07279156345572,384.5603217792714,180.86827143769574,121.26844521605796,97.54776105434625,6598.850502730434
https://www.redfin.com/MO/Saint-Louis/5507-Vermont-Ave-63111/home/93708496,91.82741945294293,958.8785680447467,238.06742776390544,468.3183970573685,210.86195159038564,7252.886800148211
https://www.redfin.com/MO/Saint-Louis/3911-Sullivan-Ave-63107/home/93753728,56.616017090674106,752.1889683129214,346.10201500696394,451.4802666046455,374.75033639068624,5290.043604605426
https://www.redfin.com/MO/Saint-Louis/6019-Hartford-St-63139/home/93775873,86.01741875187471,856.2245713124922,600.0286660420796,142.7265138447884,57.43411483555952,6749.684258551553
https://www.redfin.com/MO/Saint-Louis/3832-Iowa-Ave-63118/home/93696263,143.10993276591572,310.99495290592296,563.7055358654285,145.38187178404436,110.54547117288057,6476.72135190171
https://www.redfin.com/MO/Saint-Louis/5477-Oleatha-Ave-63139/home/93780849,643.7675362339174,769.4195687127614,878.2582547370268,632.0230830164069,558.4501568195496,5552.603140387729
https://www.redfin.com/MO/Saint-Louis/4936-Delor-St-63109/home/69445400,162.85515438437847,400.13747606419247,1001.7479808351777,165.09834641952048,199.23226421728148,4230.05594429196
https://www.redfin.com/MO/Saint-Louis/3440-Potomac-St-63118/home/93695417,146.97940703266488,322.66356633481655,1040.9740749984107,252.97224789856884,139.23653203315695,6070.04798901259
https://www.redfin.com/MO/Saint-Louis/4337-Loughborough-Ave-63116/home/93771767,33.19638896043815,526.3821621707548,341.41499442314876,873.9795752173203,80.62486592301478,6240.657090637112
https://www.redfin.com/MO/Saint-Louis/5341-Neosho-St-63109/home/93755145,754.7831277222377,1012.8156925799062,546.6770266679076,747.6679897996293,50.6812330872291,3441.556794106335
https://www.redfin.com/MO/Saint-Louis/3759-Kosciusko-St-63118/home/93697209,605.4491719910434,783.2395576605119,86.2322205152003,600.2193208289983,568.6110308662553,5024.369345985726
https://www.redfin.com/MO/Saint-Louis/5444-Sunshine-Dr-63109/home/93775861,50.08836709384373,557.346129378416,1018.9157068551408,63.03794581565487,186.33277064142794,4111.801377348768
https://www.redfin.com/MO/Saint-Louis/5453-Nottingham-Ave-63109/home/93753441,689.6086059698749,1023.1654658263244,513.1429864215737,679.7336380964788,193.07081467149519,5402.3758230371695
https://www.redfin.com/MO/Saint-Louis/6916-Hampton-Ave-63109/home/93758074,32.76323180581895,799.640285884499,660.9842702888952,60.95453553164625,75.91189963894048,4905.607221036258
https://www.redfin.com/MO/Saint-Louis/5612-Arthur-Ave-63139/home/93743063,782.7127870883011,496.6537948411468,764.3288087673426,788.7925102838574,203.6722968612969,4767.204101425489
https://www.redfin.com/MO/Saint-Louis/4739-Hummel-Ave-63116/home/93763387,255.64119768530773,257.20982484466134,1185.4795525012019,248.77765633796716,128.26547949934198,5531.344614855863
https://www.redfin.com/MO/Saint-Louis/5186-Vernon-Ave-63113/home/93752405,308.00067199390287,462.3895231233373,605.8174448923587,294.9952948809819,320.867305041127,5200.108457383207
https://www.redfin.com/MO/Saint-Louis/5946-Julian-Ave-63112/home/109924547,264.67685019722694,130.12240671667948,996.9950761485715,291.6218549333082,283.8522449416811,5128.172236999862
https://www.redfin.com/MO/Saint-Louis/3662-Minnesota-Ave-63118/home/93695976,273.6741075078832,452.8240370392382,200.04189033273286,293.089919425452,62.32545870070225,6303.411850286885
https://www.redfin.com/MO/Saint-Louis/1907-Lynch-St-63118/home/93671871,605.7058654073148,254.15572804121265,1018.383342651538,385.7064222318911,53.93096269182342,6706.5923027169265
https://www.redfin.com/MO/Saint-Louis/5218-Lisette-Ave-63109/home/62693805,252.37580886903356,975.9847664779518,521.7382732962927,249.39633139516317,398.5368819529094,3939.99624360471
https://www.redfin.com/MO/Saint-Louis/4259-W-Cote-Brilliante-Ave-63113/home/62759429,290.5448257814516,453.84509456452224,421.49794565648983,296.84993517020877,261.87000627043557,4177.677289685457
https://www.redfin.com/MO/Saint-Louis/4405-Alaska-Ave-63111/home/62743886,395.2512826433282,465.2631728329147,455.4497245520045,409.2596756771257,310.4033103439597,5724.899420975703
https://www.redfin.com/MO/Saint-Louis/5453-Robert-Ave-63109/home/93775968,74.8832890363436,638.1319666167736,878.9814941558365,75.3742179787584,110.43084595868378,4892.962084711137
https://www.redfin.com/MO/Saint-Louis/4319-Eichelberger-St-63116/home/93757142,64.80091530343311,225.07278920246455,260.89575528726095,100.5874497758055,64.0384798777226,5106.146586487781
https://www.redfin.com/MO/Saint-Louis/3523-Pennsylvania-Ave-63118/home/87395007,671.084076554986,436.63983014628104,519.9333132253605,360.3257679272417,381.8193167433944,5968.849607107879
https://www.redfin.com/MO/St-Louis/3708-Bamberger-Ave-63116/home/193769352,146.79593649742645,409.3846437884715,1646.2947871963052,179.24098797268863,209.88483327630405,5870.4713778239675
https://www.redfin.com/MO/Saint-Louis/3340-Bendick-Ave-63139/home/62755741,378.13199070057016,889.203244748313,597.7034181925582,1216.0526487079358,253.9339152429978,5803.240530788734
https://www.redfin.com/MO/Saint-Louis/5411-Tennessee-Ave-63111/home/93708247,118.51418889503691,1563.562593762209,618.4370479367101,111.32978257090133,332.91829705049264,7107.075465917318
https://www.redfin.com/MO/Saint-Louis/2214-McCausland-Ave-63143/home/93741105,42.16290698284238,829.8653242238805,735.6916789167922,112.73378160966566,37.57783600381301,5457.688920136664
https://www.redfin.com/MO/Saint-Louis/5300-Chippewa-St-63109/home/93781862,36.11331724634495,1529.223038750994,441.5807313127915,179.19680033064773,181.76135941145742,4514.199201026682
https://www.redfin.com/MO/Saint-Louis/3414-Cherokee-St-63118/home/62734586,83.20346606515218,412.2477030815701,760.4307947294553,82.7517531733058,41.546822746409525,7142.425663050865
https://www.redfin.com/MO/Saint-Louis/4401-Wilcox-Ave-63116/home/93764968,269.45861035883655,310.6430945280522,464.6448819632929,280.2099208409992,233.97391046757346,4491.192975610727
https://www.redfin.com/MO/Saint-Louis/4139-Tholozan-Ave-63116/home/93728549,420.7273496970175,801.390583852867,851.3507252552689,461.3962658402615,206.89536465495308,5167.310007843404
https://www.redfin.com/MO/Saint-Louis/5608-S-Kingshighway-Blvd-63109/home/64095996,31.56099428108744,616.015274840724,978.3431093068125,47.5443455631702,69.32920978714773,4686.829244777379
https://www.redfin.com/MO/Saint-Louis/2015-Schaeffer-Pl-63139/home/93741323,158.4956391156398,348.0468101075598,512.1375446183828,177.19607709121738,164.38346878722592,4899.230201154293
https://www.redfin.com/MO/Saint-Louis/3999-Dover-Pl-63116/home/93774790,258.52458205307425,1322.2166398431677,606.8301390897649,1147.0281036216002,418.14603643405167,5741.35925587036
https://www.redfin.com/MO/Saint-Louis/4117-Louis-St-63116/home/93784352,139.80305770621683,628.1221972706029,599.511009362903,176.44600304860109,326.09772246103785,6255.49536320847
https://www.redfin.com/MO/Saint-Louis/4348-Schirmer-St-63116/home/93783610,114.7980086293676,393.0027415352626,748.9268321527675,231.04513874158536,472.61906169274675,4274.167064677578
https://www.redfin.com/MO/Saint-Louis/4059-Phillips-Ave-63116/home/93748976,160.12325063753931,735.6232556926701,886.3605504233539,161.28312864315708,138.1036420740061,6438.111979485644
https://www.redfin.com/MO/Saint-Louis/6109-Newport-Ave-63116/home/93776760,216.84561141919207,868.372490130945,255.13874466284528,954.9883385577115,301.91500537840466,6737.551174201996
https://www.redfin.com/MO/Saint-Louis/4418-Louisiana-Ave-63111/home/93706038,311.7098695009069,547.2136180802199,520.8703705601898,352.2673178665656,339.86306803612973,5532.123759149762
https://www.redfin.com/MO/Saint-Louis/2913-Gasconade-St-63118/home/93704871,716.6189998273353,451.4074805530472,253.98843119375954,289.93499003360205,72.78907734652825,5774.256021705656
https://www.redfin.com/MO/Saint-Louis/5120-Wicklow-Pl-63111/home/93707651,436.1574036470141,871.1301106435961,829.1860895592228,289.0408453436744,269.34292898872434,6335.497295811329
https://www.redfin.com/MO/Saint-Louis/6736-Wise-Ave-63139/home/93765724,509.0682710656761,888.8317500273467,265.0839427225824,275.7697296365292,305.1556243876741,5287.25352423967
https://www.redfin.com/MO/Saint-Louis/4550-Enright-Ave-63108/home/93720014,123.79736523273573,516.9498798551758,480.53208515035004,211.690308530732,123.54557161038336,4635.718349318071
https://www.redfin.com/MO/Saint-Louis/5933-Arsenal-St-63139/home/93768701,25.520927514391285,668.2940364188252,534.698391089742,39.80951540896065,59.8006549115385,7094.251084444662
https://www.redfin.com/MO/Saint-Louis/6300-Potomac-St-63139/home/62699120,418.0777884499024,782.714249803381,465.65530347315286,412.95791090214124,367.4812234196573,4343.140628480151
https://www.redfin.com/MO/Saint-Louis/3702-Garnier-St-63116/home/93747398,176.80462176935046,1010.3530529331936,489.67760614830524,217.64896505130707,129.73611954714963,5279.069008631098
https://www.redfin.com/MO/Saint-Louis/2720-McNair-Ave-63118/home/93697739,448.19615804362627,172.92657008089574,786.8041539945917,430.1963914432505,318.73800849348623,6445.7355080689
https://www.redfin.com/MO/Saint-Louis/5342-Loughborough-Ave-63109/home/62692085,53.43899706173992,1119.5695924837637,853.6136004973357,431.8472740646167,83.6494203292273,4769.2148103693735
https://www.redfin.com/MO/Saint-Louis/3667-Steins-St-63116/home/93757111,88.68263464454752,647.6506436362539,1309.4538139652702,81.11999256956679,191.32023886348955,7121.99638756806
https://www.redfin.com/MO/Saint-Louis/2700-Arsenal-St-63118/home/93697155,23.574206513095795,519.1073937216129,746.1857866907549,15.811006189723633,54.99084397032493,7355.1326110367145
https://www.redfin.com/MO/Saint-Louis/6301-Marquette-Ave-63139/home/93749021,412.3205891768489,718.4314508792048,599.7266345043107,408.65256247898714,364.98228584433207,3754.0072610149664
https://www.redfin.com/MO/Saint-Louis/7316-Sharp-Ave-63116/home/93785055,455.1756215053841,1118.7482387300242,399.45231210598615,573.9087343935515,403.903136989108,6821.701743679695
https://www.redfin.com/MO/Saint-Louis/5418-Virginia-Ave-63111/home/93708154,191.51813764454636,768.7272071153078,479.4315389839863,393.62461012655876,124.24706812120152,7293.931078681447
https://www.redfin.com/MO/Saint-Louis/3524-Grace-Ave-63116/home/93695414,116.3317656795253,706.6986520917674,1281.0605506986599,105.68554948031365,154.8383679261308,5662.55328068012
https://www.redfin.com/MO/Saint-Louis/3930-Pennsylvania-Ave-63118/home/93704421,391.2892391232525,484.72890741426886,551.8832993515312,384.21699527088794,120.50693965962212,5719.996790829274
https://www.redfin.com/MO/Saint-Louis/4120-Nebraska-Ave-63118/home/93705202,568.4069023906854,366.4013639929143,159.04407574347968,151.3509470829035,147.33299449731962,6096.542393248614
https://www.redfin.com/MO/Saint-Louis/4724-Hummel-Ave-63116/home/93758065,323.3304986227022,265.5114979462523,1121.6550819804131,318.44405096678594,86.84422619241477,5256.989861803726
https://www.redfin.com/MO/St-Louis/4122-Nebraska-Ave-63118/home/202385139,574.3554250808634,375.27151012469574,151.97283937363176,148.27780442956507,149.7784044181247,6067.053663879357
https://www.redfin.com/MO/Saint-Louis/612-Holly-Hills-Ave-63111/home/93709701,301.261583533561,1209.533660716763,749.0970545833778,709.0971986243684,686.9992740910196,7131.623318919527
https://www.redfin.com/MO/Saint-Louis/6559-Marmaduke-Ave-63139/home/93743876,248.88360939047064,1024.0658971944315,1112.3343346402544,1029.1360121481387,376.3698866774388,5560.509672289719
https://www.redfin.com/MO/Saint-Louis/4233-Delor-St-63116/home/93759008,240.64065891961596,325.5486584068051,224.3459288307757,229.67152253327995,300.5125162153012,5428.313734758348
https://www.redfin.com/MO/Saint-Louis/7137-Marwinette-Ave-63116/home/62734965,396.0767916063805,1008.482195208909,407.9471728211936,761.5481065220449,526.8624729465778,7547.94826127526
https://www.redfin.com/MO/Saint-Louis/3450-Minnesota-Ave-63118/home/93694821,669.473304221533,353.2578743469812,684.4357098556906,202.0656126803331,223.54499015631336,6047.937139578355
https://www.redfin.com/MO/Saint-Louis/3533-Illinois-Ave-63118/home/93694536,155.25869853898956,678.3961992580349,356.5502294766464,146.09300687042295,77.20496049933345,7332.60571010753
https://www.redfin.com/MO/Saint-Louis/4052-Nebraska-Ave-63118/home/93704879,639.9008281556431,356.681411780964,282.1121719276735,289.52033591785204,136.32473833015192,6087.202650591729
https://www.redfin.com/MO/Saint-Louis/6033-Carlsbad-Ave-63116/home/93772781,259.9576709563894,323.10894220166006,994.0013479423978,263.1651758954432,300.9926503150451,4644.128871281797
https://www.redfin.com/MO/Saint-Louis/4601-Ray-Ave-63116/home/93757345,451.5212767648157,847.2586172580509,752.8039425459465,454.02339066035984,239.2717265668479,5066.940690549593
https://www.redfin.com/MO/Saint-Louis/1802-Switzer-Ave-63147/home/93781515,291.7397323707268,1076.4357613362558,773.8692890963231,720.1639970817124,254.5374661410429,5536.821550309246
https://www.redfin.com/MO/Saint-Louis/7857-Wanda-Ave-63123/home/93784474,196.9678729676992,883.7263931410064,1212.9716656321623,406.20083502118604,360.28034846119726,6025.050031125367
https://www.redfin.com/MO/Saint-Louis/4434-Enright-Ave-63108/home/93739815,127.0142550289328,684.3752494535348,471.7503215604701,160.00617397331956,271.74242554482026,5380.145406142097
https://www.redfin.com/MO/Saint-Louis/5827-W-Park-Ave-63110/home/93769204,306.69427314751346,748.4785950008634,896.1993241474911,298.8832478240317,144.44943771388319,5820.896449189675
https://www.redfin.com/MO/Saint-Louis/4049-Cottage-Ave-63113/home/143286700,497.88593032753226,784.2606236603693,779.9238962935307,466.8051556509856,469.40239754875876,6436.092235014452
https://www.redfin.com/MO/Saint-Louis/5366-Southwest-Ave-63139/home/93727390,657.7943913494505,703.2423382479967,192.870827598858,655.724452449642,24.60019359088402,5717.442124555723
https://www.redfin.com/MO/Saint-Louis/1440-Central-Ave-63139/home/93740644,366.9606767415309,522.256234957765,492.98086265320626,821.111242430653,391.7786355226261,4918.727056159957
https://www.redfin.com/MO/Saint-Louis/7328-Parkwood-Dr-63116/home/93783715,294.0697051659263,122.00364068658013,500.82970521234176,456.4840273533652,568.4133046614046,3845.37098505021
https://www.redfin.com/MO/Saint-Louis/6300-Fyler-Ave-63139/home/93743111,354.36638191952824,715.8644616530303,827.0976912406278,407.39556952428177,325.7941632836975,4956.033559347432
https://www.redfin.com/MO/Saint-Louis/2303-Arsenal-St-63118/home/93699058,27.2735496328896,224.97962057865806,858.8381833386809,37.78246096842414,53.97700903406584,6296.2880387703335
https://www.redfin.com/MO/Saint-Louis/4177-Itaska-St-63116/home/93757084,92.11405949416726,442.2913113631373,415.65890013614404,83.79858699917288,62.607485492297855,5959.690889892361
https://www.redfin.com/MO/Saint-Louis/4228-Schiller-Pl-63116/home/67986625,129.240463976556,419.81679892404264,346.91408782136244,337.8418092015796,222.9236739552861,4984.080172066005
https://www.redfin.com/MO/Saint-Louis/6717-Minnesota-Ave-63111/home/93710454,107.5416068115539,1258.310645405195,456.20469852274886,312.9561274244984,189.96405019122616,7895.026397447587
https://www.redfin.com/MO/Saint-Louis/5132-Dresden-Ave-63116/home/93763928,453.0480538115102,229.6103608398783,876.933429223118,447.7318353330555,262.33226118235615,4820.481435089326
https://www.redfin.com/MO/Saint-Louis/4629-Alaska-Ave-63111/home/93706713,395.3119385512974,594.0461808835048,769.4052178125589,412.49653605067635,215.01780405686915,5411.683918464081
https://www.redfin.com/MO/Saint-Louis/6228-Fyler-Ave-63139/home/93743109,373.0169349916403,696.301803323583,839.0406492677469,387.8770323689764,345.48702119333194,4989.59850743647
https://www.redfin.com/MO/St-Louis/3831-S-Grand-Blvd-63118/home/176874415,40.50292680092969,694.9739178041573,1213.6600476437325,94.03492170117762,76.18088617405446,5902.989187835413
https://www.redfin.com/MO/Saint-Louis/3820-Iowa-Ave-63118/home/93696268,92.71832522878807,284.24982783338703,537.326713865522,99.37228668511297,60.170074671423045,6569.020743756073
https://www.redfin.com/MO/Saint-Louis/3825-Missouri-Ave-63118/home/93696784,205.9233121901751,248.4511902645243,434.8256171224951,206.12173844780446,181.81068387643327,6392.68756665649
https://www.redfin.com/MO/Saint-Louis/4916-Blow-St-63109/home/93758301,72.69699246213459,764.8878636292153,616.4840990694103,102.94556643414226,35.84244819367607,3359.7063036956356
https://www.redfin.com/MO/St-Louis/2311-Rutger-St-63104/unit-C/home/191941959,182.2986592247996,381.07381811660207,850.9834114465111,175.09891569477776,148.3356535832471,5795.517863195176
https://www.redfin.com/MO/Saint-Louis/7342-Vermont-Ave-63111/home/93710767,248.12683687653393,425.2360649290155,560.0842404495179,658.2357746520406,596.9975022999715,6447.973923057627
https://www.redfin.com/MO/Saint-Louis/7507-Virginia-Ave-63111/home/93710942,164.2350870746062,226.63619635419204,744.1695103855279,601.4539906557361,589.738557137535,7247.285149267878
https://www.redfin.com/MO/Saint-Louis/5018-Leona-St-63116/home/93777294,665.71388554365,951.8685980808465,798.1762484770721,931.4570771602789,728.5587633952665,4979.252116812108
https://www.redfin.com/MO/Saint-Louis/4500-Miami-St-63116/home/93756217,379.1651448812965,1100.0222094524893,898.8013343658524,412.20833307878513,98.28778808942177,4830.28023821576
https://www.redfin.com/MO/Saint-Louis/3943-Ohio-Ave-63118/home/62736783,281.86961879368636,351.8613310404089,280.08255903630373,269.1427299921915,221.33412284667463,5890.515007333294
https://www.redfin.com/MO/Saint-Louis/940-Maple-Pl-63112/home/93723863,391.99451454758633,317.46052375647736,622.3103210544691,671.7555932731093,461.3503088019023,4450.068192752722
https://www.redfin.com/MO/Saint-Louis/6011-Michigan-Ave-63111/home/93709031,30.590475356708712,662.7395179374073,727.9858891816816,440.2089100565748,479.7378326397551,7640.046918434869
https://www.redfin.com/MO/Saint-Louis/4827-Miami-St-63116/home/93756229,112.8512753548616,1288.3976164483322,840.068973738817,182.7199538095967,92.38256005469141,5804.390116007447
https://www.redfin.com/MO/Saint-Louis/2335-Louisiana-Ave-63104/home/67655211,293.9796963791482,903.4654792180639,77.89136366721154,493.1051278119976,223.05198616530268,5557.03348977472
https://www.redfin.com/MO/Saint-Louis/4725-Terrace-Ave-63116/home/93758042,288.01797992918,336.76114851469424,1103.8157149149124,305.06066841327174,142.53954210811284,5436.722065243751
https://www.redfin.com/MO/Saint-Louis/6452-Southwest-Ave-63139/home/62716251,378.46037421457703,696.6581224628852,850.2002288771785,915.1576160389458,274.741413880064,6441.265207706366
https://www.redfin.com/MO/Saint-Louis/4140-Tesson-St-63123/home/93784152,145.03978110056494,1026.0262919330594,1049.0265405130122,348.7288733025612,194.1148513734461,5094.793750442352
https://www.redfin.com/MO/Saint-Louis/4342-Frieda-Ave-63116/home/93757236,73.83692415609652,381.6123578364812,424.33977066826344,100.89817602357881,53.87439696581738,5552.605959353528
https://www.redfin.com/MO/Saint-Louis/2630-Geyer-Ave-63104/home/93690340,125.1305933968531,576.4241565737275,311.1882909189112,247.84256642758987,193.0647430497593,7005.343396940994
https://www.redfin.com/MO/Saint-Louis/8321-Minnesota-Ave-63111/home/93711868,38.09146162756928,296.5506484712994,1898.9012841030985,26.33085942756849,390.9695510253186,7267.710096578818
https://www.redfin.com/MO/Saint-Louis/4128-Michigan-Ave-63118/home/93705171,669.313242786447,302.2614266139988,306.5933711934605,158.9858341295236,120.23198271333223,5648.6292166890025
https://www.redfin.com/MO/Saint-Louis/1211-Clara-Ave-63112/home/93722542,176.9617537248045,760.5606059358208,491.65023801970665,163.5465100207843,737.3543079025776,5483.218995212204
https://www.redfin.com/MO/Saint-Louis/5462-Christy-Ave-63116/home/93757910,118.36554780770338,475.95254966034696,992.4300699450645,205.81257711916015,92.44819656035003,5919.598364636725
https://www.redfin.com/MO/Saint-Louis/4147-Beethoven-Ave-63116/home/93758119,197.78161894560583,1048.322418124413,329.79309944647605,242.7007742933195,257.4333660876349,5638.241417059238
https://www.redfin.com/MO/Saint-Louis/4651-Tennessee-Ave-63111/home/64459744,114.42786737544982,872.529925592302,482.6110734370128,196.66150176434112,156.62044744609054,5188.055933426724
https://www.redfin.com/MO/Saint-Louis/3471-Morganford-Rd-63116/home/93774387,699.6955529422853,573.6341749554838,915.4118135648115,693.478769473474,37.89070420530662,4763.317661523337
https://www.redfin.com/MO/Saint-Louis/7101-Virginia-Ave-63111/home/93710438,160.9045731431619,793.3719743613507,139.73716859595498,570.5086471881033,361.308449470532,7630.76997620079
https://www.redfin.com/MO/Saint-Louis/3616-Louisiana-Ave-63118/home/91489867,438.2900742566,226.46974966411918,737.5167363390133,470.4822085284419,59.651328654321325,6175.151353154426
https://www.redfin.com/MO/Saint-Louis/6027-Etzel-Ave-63112/home/93723128,211.96552825089196,361.27526833557255,901.6087921592563,685.8925834403944,249.08698362391132,4535.043879670159
https://www.redfin.com/MO/Saint-Louis/6437-Colletta-Dr-63139/home/93784611,410.78507654726,593.153326569141,975.5909081648575,756.0023412803774,369.4291436832684,5219.870126264139
https://www.redfin.com/MO/Saint-Louis/5343-Conde-St-63107/home/93713437,107.94598435717361,742.7100362195613,431.0382078858777,544.4708259863274,927.8024863494288,4948.221805968956
https://www.redfin.com/MO/Saint-Louis/5649-Roosevelt-Pl-63120/home/93755010,326.394010246067,565.700642606147,538.4122181071491,337.6981382426952,420.6496879237413,3726.297028881476
https://www.redfin.com/MO/Saint-Louis/2518-Whittier-St-63113/home/93717082,734.8388307814756,453.7713059188913,442.4302267749446,469.6314026068257,319.9134825681184,5860.965893929337
https://www.redfin.com/MO/Saint-Louis/5204-Saint-Louis-Ave-63115/home/67369281,290.05944294549477,1191.5642243851662,566.6300459389784,240.08462198873718,449.15126288648526,3791.929559452662
https://www.redfin.com/MO/Saint-Louis/5275-Alcott-Ave-63120/home/93765029,532.500859627609,1203.636185206876,99.75220660328657,143.62008618687724,253.88055182778052,3475.686334061894
https://www.redfin.com/MO/Saint-Louis/4130-Oregon-Ave-63118/home/93705090,445.22972631984175,268.0822398856564,177.7877063672484,141.37020644163854,88.67842086722709,6359.328559468136
https://www.redfin.com/MO/Saint-Louis/5530-Partridge-Ave-63120/home/93751796,120.84780961049024,506.1365993346971,936.8929111515415,114.13292933202432,186.54568048495577,3987.213428174862
https://www.redfin.com/MO/Saint-Louis/357-Adrian-Dr-63137/home/93394124,256.8493836685858,1341.8508836493586,4620.379005434387,2554.2097377560876,2414.8007356535645,629.0971040393946
https://www.redfin.com/MO/Saint-Louis/3901-Sherman-Pl-63107/home/62725207,673.9205043167569,391.0029940477942,858.8460706411335,680.0702412088773,682.2333043348985,5970.718980492765
https://www.redfin.com/MO/Saint-Louis/5338-Wabada-Ave-63112/home/93738689,164.71729527926894,844.8457345582151,932.5779688757207,152.32942393049578,214.74008193715977,5516.205138883471
https://www.redfin.com/MO/Saint-Louis/4936-Harney-Ave-63115/home/93756145,197.37582630615609,1167.7623924080365,1321.586504235585,190.58876272060897,392.96950443150195,4067.8428840329575
https://www.redfin.com/MO/Saint-Louis/5636-Acme-Ave-63136/home/93761373,96.93688382237029,995.1897646329409,661.8586323395707,410.8405717365338,383.03958846485415,2993.043748359184
https://www.redfin.com/MO/Saint-Louis/4808-Cupples-Pl-63113/home/93736337,556.8981443109426,974.658790800908,750.4458604190836,552.6488659619115,377.61733475648464,3814.6335757561537
https://www.redfin.com/MO/Saint-Louis/4224-N-Florissant-Ave-63107/home/93703140,29.67892091246305,431.0158072847196,921.6146766968179,97.47545663476352,439.4064939708363,7704.293508720135
https://www.redfin.com/MO/Saint-Louis/3981-Schiller-Pl-63116/home/93770282,314.999886932458,1026.7816234584454,879.2557422011153,1050.5438349792778,444.61759900703447,3049.317642708665
https://www.redfin.com/MO/Saint-Louis/4314-Penrose-St-63115/home/93714837,860.5257614960994,1364.8641270064375,291.76176940884073,330.02097526295034,801.5677239174121,4459.363272432452
https://www.redfin.com/MO/Saint-Louis/210-N-17th-St-63103/unit-1409/home/93680867,51.95216179473909,331.78332896639694,283.9478718761128,111.08565632098107,146.1665527000381,6781.710761525441
https://www.redfin.com/MO/Saint-Louis/5918-Dressell-Ave-63120/home/93768511,191.56076748197125,1208.8555327202891,1806.6218736403027,321.794540696377,197.20575241613005,4487.812633670759
https://www.redfin.com/MO/Saint-Louis/3850-Kennerly-Ave-63113/home/93716085,84.31577047895553,497.2516667952082,561.8709482110777,288.43176594291697,224.36969881379179,6131.7756193031055
https://www.redfin.com/MO/Saint-Louis/4426-Carter-Ave-63115/home/93734211,733.7427490262095,1266.331431142876,501.13874412184265,546.0299753270494,964.805719701647,4914.788738735251
https://www.redfin.com/MO/Saint-Louis/6000-Thekla-Ave-63136/home/93759084,191.01828253366324,308.53916495473135,1134.3531028271348,748.5609515368366,187.22881853567065,4018.318435833489
https://www.redfin.com/MO/Saint-Louis/5119-Terry-Ave-63115/home/64451660,344.22032874226693,1070.1945028875548,546.346508463648,342.50339332933106,623.7833948243126,3371.5669134144127
https://www.redfin.com/MO/Saint-Louis/5929-Lucille-Ave-63136/home/93758811,107.60234985991087,234.06576078053175,1004.0496507687207,531.2059581495248,93.7579411721668,4570.372503609689
https://www.redfin.com/MO/Saint-Louis/5345-N-Kingshighway-Blvd-63115/home/93752050,30.144452643630437,1051.0005836844691,1094.5429010678258,144.93764346466492,423.40423046149925,4157.5837509415105
https://www.redfin.com/MO/Saint-Louis/4778-Highland-Ave-63113/home/93736696,630.8216875689284,1036.734298720816,784.5348194850044,626.79555348472,333.741854952905,2557.0337568022205
https://www.redfin.com/MO/Saint-Louis/5420-Queens-Ave-63115/home/93752006,135.8550162408784,1358.0205423643954,972.6088471883057,148.6480697305768,230.8724433095564,4459.452729028163
https://www.redfin.com/MO/Saint-Louis/7719-Minnesota-Ave-63111/home/93711110,218.14414516314324,190.54908132349314,1092.6570997867518,320.3273711146356,261.0506421929522,8313.179070136634
https://www.redfin.com/MO/Saint-Louis/3753-Marine-Ave-63118/home/93697380,478.2490167101438,633.5890625715531,79.96008338073649,466.79184123623014,511.43525385845214,6107.822112719556
https://www.redfin.com/MO/Saint-Louis/4409-Virginia-Ave-63111/home/93705955,485.08437079544103,374.7418622512641,463.1412610214459,498.7059062547346,237.9835050748308,5987.273524733192
https://www.redfin.com/MO/Saint-Louis/5628-Hiller-Pl-63136/home/93769961,199.25393952807977,432.9951824114836,480.4746589047353,187.17462448669326,159.10675936598813,4712.711232660222
https://www.redfin.com/MO/Saint-Louis/4210-E-Carter-Ave-63115/home/93714763,554.9394914280982,1105.8630289880955,323.7738112779489,562.3202451344282,1128.5747034788924,4780.529710697235
https://www.redfin.com/MO/Saint-Louis/4470-Bessie-Ave-63115/home/93734404,964.3952456180053,933.8001032822907,693.8448328735334,400.8798560242858,900.4120957217624,4474.643354406352
https://www.redfin.com/MO/Saint-Louis/5322-Michigan-Ave-63111/home/93708061,268.6743499700247,631.7151817187292,728.4838407953231,378.96611327819136,252.13149562021368,8251.1037440526
https://www.redfin.com/MO/Saint-Louis/889-Gustav-Ave-63147/home/62758221,94.08836830255332,598.3057543401694,1106.853461694334,175.5388441861412,445.7863781280279,6199.069918974936
https://www.redfin.com/MO/Saint-Louis/5825-Romaine-Pl-63112/home/93722849,107.43824263930901,608.9093090561136,1085.928589149357,103.59471780684864,462.59123492427705,5351.503580395749
https://www.redfin.com/MO/Saint-Louis/4003-Lexington-Ave-63107/home/93753780,196.88009865237794,587.88932945927,221.89570548003476,190.41395526712736,646.8467845024962,5489.54387677404
https://www.redfin.com/MO/Saint-Louis/4429-Pennsylvania-Ave-63111/home/93706050,412.29277303461464,268.1155031634932,617.2091670074964,543.5337855475043,341.63723103158713,6218.8752135540835
https://www.redfin.com/MO/Saint-Louis/1005-Switzer-Ave-63147/home/93730648,361.29541532928556,342.55231136098365,2043.8057605097833,351.44693156170376,330.58496017961323,2892.683704909304
https://www.redfin.com/MO/Saint-Louis/3020-Mount-Pleasant-St-63111/home/93706798,429.49361363933247,330.14750046687556,951.3590793856214,418.7165235733744,423.84651861734926,6856.240996707404
https://www.redfin.com/MO/Saint-Louis/1219-Sullivan-Ave-63107/home/93688458,494.55143721540065,323.7975456023321,154.6235836759493,211.47007251754277,274.1885416786389,9560.936130474365
https://www.redfin.com/MO/Saint-Louis/5806-Woodland-Ave-63120/home/93759544,136.23173494150765,456.79890840304625,1057.376306083817,1525.8631807188824,291.05913897986625,4973.121497909336
https://www.redfin.com/MO/Saint-Louis/4724-Kossuth-Ave-63115/home/93733445,597.1422712267256,371.2790333156181,982.2075099834447,538.6015084018475,554.1457172832233,5180.959271217873
https://www.redfin.com/MO/Saint-Louis/4412-Clarence-Ave-63115/home/68482572,640.0356531050381,1177.775709015786,239.73436007199888,624.9102803069039,850.3334388164075,4308.308910720276
https://www.redfin.com/MO/Saint-Louis/5917-Harney-Ave-63136/home/93758957,65.81659187871682,434.266277761914,807.6766405071054,263.93924710591415,122.79460063782466,4773.312348403821
https://www.redfin.com/MO/Saint-Louis/1727-N-Leffingwell-Ave-63106/home/93697705,288.9599773296106,129.9629319150567,487.3653448916998,378.12353033192005,456.6411217134674,5904.770834568831
https://www.redfin.com/MO/Saint-Louis/1040-Sells-Ave-63147/home/93731358,163.55755410967276,590.4906831261919,1299.1282911468059,485.7413976577306,204.65458788929962,6486.858311239053
https://www.redfin.com/MO/Saint-Louis/405-Christian-Ave-63147/home/88156373,150.99941600445706,805.5772715896942,2343.6116732516007,140.47295697266802,121.6976937317337,5601.182727865313
https://www.redfin.com/MO/Saint-Louis/8455-Concord-Pl-63147/home/93766440,143.29249923779443,767.916345757936,1370.1384370034261,154.33053971266446,419.4284548073624,4882.9952469188665
https://www.redfin.com/MO/Saint-Louis/4028-Grove-St-63107/home/93698367,383.1228897444516,936.5835821088269,1177.9943840909891,373.9246325690689,350.8521584070884,6989.422034210173
https://www.redfin.com/MO/Saint-Louis/4204-N-Euclid-Ave-63115/home/93733369,372.3992595653673,504.9705858377264,489.3184647130707,183.25297124530093,908.8479135535503,4534.159272653932
https://www.redfin.com/MO/Saint-Louis/7118-Vermont-Ave-63111/home/93710413,231.00865374149666,735.7008396709351,213.6991976440106,649.6139982648953,449.26909873852105,7198.767688140937
https://www.redfin.com/MO/Saint-Louis/743-N-Euclid-Ave-63108/home/93720198,196.2085084783483,391.00705715670017,220.7265845179552,201.61429717107288,111.24931606305313,4831.66383078981
https://www.redfin.com/MO/Saint-Louis/1514-N-Leffingwell-Ave-63106/home/93697610,78.38571084472527,402.4187298562885,498.4570494985557,171.61453577721375,315.1754629800311,6794.4972291327595
https://www.redfin.com/MO/Saint-Louis/4453-Athlone-Ave-63115/home/93714647,383.9161242557945,902.8400906649582,329.48995346802644,372.1115567524371,805.8789698613767,3919.3094114642786
https://www.redfin.com/MO/Saint-Louis/8539-Robin-Ave-63147/home/93730809,501.3197865048906,397.61303210011897,1406.60589569188,903.5364512946607,629.0433991172188,4465.36553089912
https://www.redfin.com/MO/Saint-Louis/5901-McArthur-Ave-63120/home/93768494,162.92527502350973,1110.3503774505257,1708.2363897176092,292.2865683365038,131.92473622679736,5104.010063154563
https://www.redfin.com/MO/Saint-Louis/4876-Calvin-Ave-63115/home/93733007,563.2356216669072,507.71404151921985,717.1266361878511,511.39827809846014,721.210853126462,4738.091544475085
https://www.redfin.com/MO/Saint-Louis/4849-Anderson-Ave-63115/home/93732936,644.6427578010905,616.9917574855496,771.5478495090579,489.0914280057199,846.8863164438441,4608.056115004377
https://www.redfin.com/MO/Saint-Louis/8659-Oriole-Ave-63147/home/93731086,210.76853137481856,799.9588355473708,944.3180793161289,1056.3199832628904,202.4113982190242,5787.709870369649
https://www.redfin.com/MO/Saint-Louis/1734-N-Euclid-Ave-63113/home/93737110,366.29021602312855,682.2300904453422,432.36345110043925,367.090489753601,410.4504140014728,3767.497576483263
https://www.redfin.com/MO/Saint-Louis/887-Gustav-Ave-63147/home/93783315,96.32567702521605,589.0617095837018,1125.5217799920015,164.7642709473044,433.5749594500585,6199.874854119703
https://www.redfin.com/MO/Saint-Louis/1139-Canaan-Ave-63147/home/93760672,164.04414137758158,1112.3701365016657,456.2785984691217,281.1797118328197,242.58646220053396,4768.231387778666
https://www.redfin.com/MO/Saint-Louis/3067-Marcus-Ave-63115/home/62705237,468.8223976558652,404.48572874323804,172.24413529320816,470.08495510943806,525.8592385311297,4878.104519659936
https://www.redfin.com/MO/Saint-Louis/882-Gustav-Ave-63147/home/93783363,148.19245631085857,536.9451485171347,1152.0129272758854,202.67965053216193,385.6784430116437,5770.678426197088
https://www.redfin.com/MO/Saint-Louis/863-Gustav-Ave-63147/home/93783338,99.2721384663696,554.7873547809714,1233.8821000720236,131.89024007156814,322.26532895662143,6473.999646264217
https://www.redfin.com/MO/Saint-Louis/886-Gustav-Ave-63147/home/93783362,147.73980785165406,545.4114391058815,1132.84620990592,212.237623795314,391.73278911838065,5695.800572343338
https://www.redfin.com/MO/Saint-Louis/5960-Minerva-Ave-63112/home/93723243,185.89529266409193,516.8238109139924,1362.9196500299627,201.963030360712,142.00683689585992,5478.467808371046
https://www.redfin.com/MO/Saint-Louis/4636-Saint-Ferdinand-Ave-63113/home/93736768,616.3818295562985,1009.2981961086844,957.2222238759349,530.545833963994,336.340638814751,4496.253350340681
https://www.redfin.com/MO/Saint-Louis/3726-Oregon-Ave-63118/home/93696123,140.58529061535555,108.4227511001776,240.91535403988152,134.51726922614372,54.25636292898669,6147.3423468019
https://www.redfin.com/MO/Saint-Louis/753-Aubert-Ave-63108/home/62692051,127.72048569327023,422.24954473007676,367.20009367139073,166.41062922805617,80.6933699288575,4545.040378727961
https://www.redfin.com/MO/Saint-Louis/5414-S-Kingshighway-Blvd-63109/home/93759258,37.76810279439816,285.4238608886622,1264.1138286649805,57.14030383472143,110.73018703401424,4232.615307599164
https://www.redfin.com/MO/Saint-Louis/3726-Osceola-St-63116/home/93706486,403.53250858515884,1095.508695730058,753.4004747864174,426.7952010166854,447.4031966079669,6447.608598276772
https://www.redfin.com/MO/Saint-Louis/5516-Acme-Ave-63136/home/93761405,93.66843451237291,1120.1207217920728,889.7397530721711,728.7550764496307,680.4575001725219,2876.0405568715405
https://www.redfin.com/MO/Saint-Louis/1389-Hamilton-Ave-63112/home/93723355,372.88850291810854,740.1951617731268,1293.5648595036184,361.0997949189977,336.19342949531745,4925.251456591393
https://www.redfin.com/MO/Saint-Louis/3502-Cora-Ave-63115/home/93735719,308.6094977488732,612.6505590731995,244.24140955721535,300.4756919886628,275.443976777828,4348.1083997387595
https://www.redfin.com/MO/Saint-Louis/5475-Gilmore-Ave-63120/home/93752204,284.86921823061596,383.6938508332083,1073.1710594823546,338.3515346593354,254.7318178160582,3217.386345257769
https://www.redfin.com/MO/Saint-Louis/8447-Concord-Pl-63147/home/93766442,129.49807306731574,803.5185947994553,1399.0410351510068,123.89796253093476,375.61344805025664,4729.159271997258
https://www.redfin.com/MO/Saint-Louis/7819-Vermont-Ave-63111/home/93711268,66.4432393816999,412.2558946134888,1216.5223347322803,700.0134915069249,715.7444259711841,5888.668279196639
https://www.redfin.com/MO/Saint-Louis/4538-San-Francisco-Ave-63115/home/93733765,144.4726980703189,381.0652490233247,492.28685315435285,240.71684415646436,232.4886444220937,4658.025160222571
https://www.redfin.com/MO/Saint-Louis/1761-Grape-Ave-63147/home/93778791,73.69871088845748,1431.5690215807379,821.1104548828848,1113.5750573206565,202.34843961427836,4712.795185739314
https://www.redfin.com/MO/Saint-Louis/3846-Virginia-Ave-63118/home/93695792,199.94102845051438,456.74407285348315,656.3381349982504,219.28875393895046,128.90594343086167,6134.443825296388
https://www.redfin.com/MO/Saint-Louis/8838-Park-Ln-63147/home/93778678,83.05219378122938,1618.892345096761,473.5318654379785,773.9229175452444,548.419874489317,5351.431049853061
https://www.redfin.com/MO/Saint-Louis/5381-Queens-Ave-63115/home/93752085,196.2272639682128,1243.1848393295734,910.3475037311212,200.2750658938212,207.50460853829384,4345.555356145172
https://www.redfin.com/MO/Saint-Louis/5977-Lalite-Ave-63136/home/93758705,281.3638880775763,516.0685840982237,1449.0002299861028,1151.3152464966358,287.3510176227226,3878.7763841480414
https://www.redfin.com/MO/Saint-Louis/3710-S-Broadway-63118/home/93696730,26.839005619209498,245.46125717236163,108.47173511527994,136.92437611853737,161.88502529058297,6086.026960710275
https://www.redfin.com/MO/Saint-Louis/4000-N-Grand-Blvd-63107/home/93698853,23.050974649528655,802.9961713597874,831.665709532009,89.04643963458031,163.2705923412357,4284.6174903905285
https://www.redfin.com/MO/Saint-Louis/6343-Sherry-Ave-63136/home/93762085,182.43625313601183,680.883903726993,1688.5049805803797,1520.1850357631658,266.4421764571331,2412.837464350773
https://www.redfin.com/MO/Saint-Louis/4502-Harris-Ave-63115/home/93713905,320.1964795588152,904.3179348620268,531.7300430620089,315.8568050420678,1073.809617749531,4235.829658347765
https://www.redfin.com/MO/Saint-Louis/4615-Newport-Ave-63116/home/93757281,359.6507740942703,746.7297158235375,662.2693070118703,391.61534703164375,328.1833430745341,5144.5517055657165
https://www.redfin.com/MO/Saint-Louis/4176-Newport-Ct-63116/home/93757068,93.76430910933345,556.9749767772771,528.6669838682449,118.40252298554996,80.33725892939351,4988.383525307034
https://www.redfin.com/MO/Saint-Louis/5994-Theodore-Ave-63136/home/93759063,337.5773125289816,582.097098741788,1369.7158109795726,1095.6125593555623,352.20008017095176,3595.064968580475
https://www.redfin.com/MO/Saint-Louis/5520-Louisiana-Ave-63111/home/93708521,117.61586160442845,1465.3848533209602,370.31361039775925,313.4330290718565,319.7927160570266,7192.879048747494
https://www.redfin.com/MO/Saint-Louis/9006-Edna-St-63147/home/93760692,111.08075545124393,910.1773819047115,661.8173784380971,168.6153262809092,416.0482192365444,4962.505962237367
https://www.redfin.com/MO/Saint-Louis/3437-Keokuk-St-63118/home/93695281,231.50426094194665,588.1067427887086,950.5763038462273,268.3280118808816,143.90844992888987,5910.32550258863
https://www.redfin.com/MO/Saint-Louis/4431-Virginia-Ave-63111/home/93705930,511.3659070746714,350.4058274068449,536.8817432594973,525.34537624652,188.66429046279367,6422.12851169639
https://www.redfin.com/MO/Saint-Louis/4222-Osceola-St-63116/home/93758162,366.58440088587804,1140.3245618084752,151.3414584672718,361.12943021952367,149.6651500996626,5181.2148882471865
https://www.redfin.com/MO/Saint-Louis/5344-Northland-Ave-63112/home/93738295,197.0288864307708,1011.4871118681408,1034.4093664094091,214.96446559714445,287.17492461159264,5077.330000316236
https://www.redfin.com/MO/Saint-Louis/3307-Winnebago-St-63118/home/93695645,282.0918538689741,364.82913024882623,625.826558007178,296.43295016360855,110.00857481139184,6530.194541181379
https://www.redfin.com/MO/Saint-Louis/3814-Greer-Ave-63107/home/93715934,226.104069578982,929.996749409398,505.0813265025643,288.2997816364593,169.19719935188107,6135.521124538499
https://www.redfin.com/MO/Saint-Louis/4502-Adelaide-Ave-63115/home/93713857,312.7836352762521,1034.39307148416,749.7029131169041,303.4433704294477,1328.626627512949,4282.762640365318
https://www.redfin.com/MO/Saint-Louis/4823-San-Francisco-Ave-63115/home/93732689,274.6634610090623,373.5105867008551,917.6856483298366,267.59721604413454,256.60362235644743,4415.381277453733
https://www.redfin.com/MO/Saint-Louis/5923-Mimika-Ave-63147/home/93768928,324.85644145103714,656.8578397031406,276.0035440402342,325.9244131928669,295.6271122443228,4499.668962363438
https://www.redfin.com/MO/Saint-Louis/8422-Pennsylvania-Ave-63111/home/169424599,95.44717212613942,483.43421835992143,2066.1070235015045,117.299854045807,207.75247052619798,6823.634337264906
https://www.redfin.com/MO/Saint-Louis/4635-Oregon-Ave-63111/home/93706944,89.80647348995454,635.2300447177711,1207.2561228661618,80.49623033313466,218.53404622270426,6210.127609933027
https://www.redfin.com/MO/Saint-Louis/815-Portland-Ter-63147/home/93783297,69.48918845381996,599.1512153896942,1562.7590048015952,80.89652078622039,63.49345979339569,6388.4279773296375
https://www.redfin.com/MO/Saint-Louis/858-Canaan-Ave-63147/home/93756093,252.7327636300332,446.39532959798316,1165.8856419137326,243.36004020854915,332.5988403134337,5171.093021066017
https://www.redfin.com/MO/Saint-Louis/9123-Church-Rd-63137/home/93783212,64.14348270334754,740.6136773785106,1185.3049215473172,55.07195444733921,407.6417323711608,5154.934982906362
https://www.redfin.com/MO/Saint-Louis/1215-Oakley-Pl-63112/home/93723252,383.75002720749677,206.69215069526985,856.6669603448014,390.775283560867,441.1958407447247,4461.697644110305
https://www.redfin.com/MO/Saint-Louis/8937-Edna-St-63147/home/93731511,220.41138251751659,1009.2039745494801,595.7118013598945,438.4871251278473,369.43403965259466,4985.357850641656
https://www.redfin.com/MO/Saint-Louis/5958-Park-Ln-63147/home/93770519,419.32884816766096,538.7553737892043,432.4186169327537,588.9341945471805,544.0513449536802,5881.171091791828
https://www.redfin.com/MO/Saint-Louis/854-Canaan-Ave-63147/home/93756094,233.56445279219975,431.5715105313461,1185.0783951801752,224.87518072132477,322.3805704709678,5286.532989234051
https://www.redfin.com/MO/Saint-Louis/3719-Marine-Ave-63118/home/93697328,390.67573599226495,654.996672852242,140.44798942499725,379.8156294868286,375.6910502901368,5393.39048494858
https://www.redfin.com/MO/Saint-Louis/6318-Lalite-Ave-63136/home/93762104,84.7620718940321,791.6598974143005,1568.574846005535,1398.425303516955,320.05903290093744,3783.1988322813027
https://www.redfin.com/MO/Saint-Louis/6429-Idaho-Ave-63111/home/93709392,517.4739648908319,964.8161771786486,693.6366897729205,645.5334549062344,597.1849502495595,6647.371521610647
https://www.redfin.com/MO/Saint-Louis/5941-Park-Ln-63147/home/93770586,461.4604223147551,509.08332019681353,357.95747762839864,512.7234935764477,470.5962988304392,5865.832458130735
https://www.redfin.com/MO/Saint-Louis/2642-Geyer-Ave-63104/home/93690217,181.7850773730424,567.994064786196,327.56016976436683,282.8361003414862,203.3435473590848,6854.968347191047
https://www.redfin.com/MO/Saint-Louis/4556-Elmbank-Ave-63115/home/93736010,506.7131011331247,801.545454254846,241.8560989857178,515.7699567369159,455.59451246204884,4191.57470435546
https://www.redfin.com/MO/Saint-Louis/4534-Margaretta-Ave-63115/home/93734323,330.2692892043265,396.86592669001294,457.57761273353344,373.9434769303657,347.75806636835455,5010.482750628983
https://www.redfin.com/MO/Saint-Louis/7353-Virginia-Ave-63111/home/62715500,171.85289349144446,363.9717878637505,586.0703201476576,582.3742260257065,530.1022449094373,6978.757904851857
https://www.redfin.com/MO/Saint-Louis/4260-Bates-St-63116/home/93761870,25.223451031128697,665.0440013521159,617.2402681048333,466.9887592010995,47.51191109836199,3768.648601697034
https://www.redfin.com/MO/Saint-Louis/5718-Etzel-Ave-63112/home/93722423,181.47069461510964,621.8882813040486,389.6650200071974,178.44883672195843,477.05000589970626,4512.144935575437
https://www.redfin.com/MO/Saint-Louis/5636-Columbia-Ave-63139/home/93727248,515.3540335600811,595.7577093719414,670.9602647656055,506.0662343461133,12.97860201379719,4518.070783333483
https://www.redfin.com/MO/Saint-Louis/3123-Rutger-St-63104/home/93689899,132.15507135644384,506.95316252591283,245.36125471829544,334.994634352132,312.99687720471553,5680.534550863509
https://www.redfin.com/MO/Saint-Louis/3719-Minnesota-Ave-63118/home/62699628,171.24423504362255,458.6555406468973,217.66639344479142,241.1644417543863,92.20785054862391,6056.058900028574
https://www.redfin.com/MO/Saint-Louis/5122-Aubert-Ave-63115/home/93765261,141.5870001121411,743.2347350469547,1154.797991248809,177.34411043849607,357.41198998730175,4860.545492866377
https://www.redfin.com/MO/Saint-Louis/4807-Milentz-Ave-63116/home/93763328,249.95994387074634,562.6296403190855,699.6074808699458,240.29280234587657,298.74896403607954,5589.837252693709
https://www.redfin.com/MO/Saint-Louis/4463-Bessie-Ave-63115/home/93734479,981.6008841696081,1007.0198925496572,633.7255594535735,402.29761500408466,948.0865096133471,5059.953481233905
https://www.redfin.com/MO/Saint-Louis/3412-Alberta-St-63118/home/93704824,347.93334573578824,398.00236553746436,834.787276095749,367.0877045878225,173.6982788527735,5116.93890504814
https://www.redfin.com/MO/Saint-Louis/1823-Eton-Ln-63147/home/93781587,223.46225647945283,967.0326789431641,618.802915717006,532.1803673804687,236.50450572626937,5829.547777782183
https://www.redfin.com/MO/Saint-Louis/3904-Walsh-St-63116/home/93757690,460.38939377377096,1226.8397782700038,816.3506011837768,965.160075162945,441.7143724634406,4806.471293328405
https://www.redfin.com/MO/Saint-Louis/6016-Garesche-Ave-63136/home/93759096,204.41023953816395,397.59432172143545,1250.0373561852223,891.4152489189307,167.71631062200987,4189.221621746532
https://www.redfin.com/MO/Saint-Louis/837-Wall-St-63147/home/93755977,158.33653673950548,425.901523725989,1263.6324271865801,184.03379355091863,355.54232793623737,5675.358066764394
https://www.redfin.com/MO/Saint-Louis/4429-Greer-Ave-63115/home/62714620,586.3984329905533,915.4861981468496,727.4125962492185,116.65431637033888,244.52519193371006,4564.164323654596
https://www.redfin.com/MO/Saint-Louis/2906-Park-Ave-63104/home/93700773,549.5263013968588,400.7868710969844,426.40003215469005,676.7985311833085,171.61035993910662,6174.206041132846
https://www.redfin.com/MO/Saint-Louis/3923-Gravois-Ave-63116/home/93749000,20.40605420624242,544.7808918748719,1327.7662787002967,31.776684786072856,45.66633241703415,5311.407741403607
https://www.redfin.com/MO/Saint-Louis/536-Eiler-St-63111/home/93708307,244.89560771378544,990.8373063998301,360.6370268515251,316.14906813499994,199.6096307187475,7381.59646501299
https://www.redfin.com/MO/Saint-Louis/4820-Potomac-St-63116/home/93756239,162.21094977762763,1147.405735225353,828.397902881548,162.57872727319187,135.83438090238056,4991.041734251766
https://www.redfin.com/MO/Saint-Louis/2027-Destrehan-St-63107/home/93688764,166.98120421184046,503.6609689055687,481.72512076553926,174.6491893904834,691.8068398209768,8627.319504399793
https://www.redfin.com/MO/St-Louis/1412-Bremen-Ave-63107/home/196160641,189.5932151731995,283.0780787533066,137.27749449825862,461.83206129550024,282.9307493730532,5494.536514749197
https://www.redfin.com/MO/Saint-Louis/3930-Itaska-St-63116/home/62731693,933.5481381542128,1155.118994362204,786.0430130586478,1030.4925881492313,556.7042646457295,5979.703902258082
https://www.redfin.com/MO/Saint-Louis/4834-Margaretta-Ave-63115/home/93732704,346.4435609375688,421.5867282135048,860.6232315877753,344.8407474298956,339.02652339313164,4176.180397044469
https://www.redfin.com/MO/Saint-Louis/2813-Meramec-St-63118/home/93705218,361.4970922475744,291.5488044429553,126.45724601377785,42.84869620276999,36.62418065934802,6389.813536772993
https://www.redfin.com/MO/Saint-Louis/5936-Pamplin-Ave-63147/home/93770558,467.4074517264578,519.2783153568975,317.08157786650446,463.84789050477684,431.37572631462785,5402.049968007872
https://www.redfin.com/MO/St-Louis/4713-4715-Natural-Bridge-Ave-63115/home/197635329,34.202835847969446,283.078351793133,607.2395542578205,135.01465519059786,91.77216698187688,6131.643837464611
https://www.redfin.com/MO/Saint-Louis/3308-Miami-St-63118/home/93695710,490.7040417335443,161.96587749934142,710.18288539872,497.932705637082,95.45077954812815,5999.049538874701
https://www.redfin.com/MO/Saint-Louis/5518-Maffitt-Ave-63112/home/62728841,780.4630528918899,1060.375108450601,868.6936964324095,770.8712737294467,826.6099699932172,3805.7823156016366
https://www.redfin.com/MO/Saint-Louis/1439-McLaran-Ave-63147/home/93779444,71.69798060708379,1008.0721717401403,750.7654048423359,904.7123594309869,70.60675408766257,5194.004757108259
https://www.redfin.com/MO/Saint-Louis/3721-S-Compton-Ave-63118/home/93695800,163.3933971838793,493.542416484587,473.05330794227046,152.9682664806934,115.67539233264556,6400.737065491145
https://www.redfin.com/MO/Saint-Louis/1403-Walton-Ave-63113/home/62721616,149.34009090743916,776.3463220247654,566.8279651210804,148.4472673737435,146.6063230085646,4737.906565997941
https://www.redfin.com/MO/Saint-Louis/3716-Minnesota-Ave-63118/home/93695953,180.2182674532555,414.14721317953143,168.56274384293602,214.0705514576558,112.86607028968852,6048.345326328653
https://www.redfin.com/MO/Saint-Louis/3712-Phillips-Pl-63116/home/93730201,107.09633004359794,519.601698633678,1474.8631417530744,129.79529776887398,78.14935841068906,5695.570332493145
https://www.redfin.com/MO/Saint-Louis/4650-Michigan-Ave-63111/home/93706780,499.3812969613269,471.27937236643373,1095.1354880374704,516.9740232106693,425.21975133954567,5843.260915484583
https://www.redfin.com/MO/Saint-Louis/3814-Illinois-Ave-63118/home/93696832,373.2635161682389,400.1328836951713,350.9215000005468,359.62527603200925,333.31717281611844,6339.2057687645365
https://www.redfin.com/MO/Saint-Louis/5218-Lotus-Ave-63113/home/93737974,230.73797313310652,442.4647050188275,516.6533428779567,244.71386423586404,192.32944819946204,3763.1439931509735
https://www.redfin.com/MO/Saint-Louis/4649-Oregon-Ave-63111/home/93706946,67.35345073427143,676.857678727412,1258.7310941516014,63.56225892811612,270.47592613537734,6007.755379402628
https://www.redfin.com/MO/Saint-Louis/5919-Summit-Pl-63147/home/93770535,333.7699740225007,381.3385471366052,365.9910426401944,498.8459411847752,463.91720454069406,6419.850949260983
https://www.redfin.com/MO/Saint-Louis/3926-Tholozan-Ave-63116/home/62728630,82.5363745586775,611.0737148678395,1263.9947511301195,70.89528498976131,48.96840054348065,5697.798496739735
https://www.redfin.com/MO/Saint-Louis/8636-Riverview-Blvd-63147/home/93730752,31.992788005644073,953.1673933832047,850.7398484092951,1020.2528403573303,55.43487918098004,5117.331961956645
https://www.redfin.com/MO/Saint-Louis/8425-Halls-Ferry-Rd-63147/home/93731413,19.090978554982623,677.6490224578139,1426.9192877873334,282.7407234847973,192.2905336902132,6652.62182952586
https://www.redfin.com/MO/Saint-Louis/8516-Pennsylvania-Ave-63111/home/93711612,115.19834000448381,583.567564841541,2173.3599509054056,164.50223543793527,156.85989242107377,5257.339984434168
https://www.redfin.com/MO/Saint-Louis/4544-Elmbank-Ave-63115/home/93736015,506.3584064264993,848.5761632666732,289.63589631876573,531.3563261368553,462.4836030914247,4138.31296752279
https://www.redfin.com/MO/Saint-Louis/5030-Grace-Ave-63116/home/93742544,118.2517415558574,1416.797279698532,370.03319612743167,180.02262128620262,135.8443876928579,4978.098583230403
https://www.redfin.com/MO/Saint-Louis/8644-Church-Rd-63147/home/93755735,378.76034636313835,740.0825927913934,1081.0115730618495,390.21034618508617,424.47757644214573,3327.0221830461464
https://www.redfin.com/MO/Saint-Louis/6204-Vermont-Ave-63111/home/93709642,270.0155299465505,1040.684623893533,767.247695996813,715.8812040529552,731.4106813204936,7472.543323580284
https://www.redfin.com/MO/Saint-Louis/4335-California-Ave-63111/home/62719559,121.2062066749362,659.5174470643021,468.7266783849515,115.5748325429631,76.56630630035032,5956.229361597979
https://www.redfin.com/MO/Saint-Louis/8622-Goodfellow-Blvd-63147/home/93731956,31.16327376415801,1318.0004727977378,962.8813814136968,775.016818404316,93.3285373116162,3260.5232499253607
https://www.redfin.com/MO/Saint-Louis/3860-Neosho-St-63116/home/93730901,814.2917519185334,1282.5568461213047,586.7237148726588,814.9145796114223,453.35259915196167,4969.177521132406
https://www.redfin.com/MO/Saint-Louis/3342-Iowa-Ave-63118/home/93693855,364.76370304921005,385.37985996017574,957.4753225791759,138.44566058361687,58.79800117830054,6642.474437912115
https://www.redfin.com/MO/Saint-Louis/7915-S-Broadway-63111/home/93711225,31.11119154514442,271.0949976886516,1430.161787071595,116.44697495717524,72.24159214857433,7378.644092652741
https://www.redfin.com/MO/Saint-Louis/4925-Schollmeyer-Ave-63109/home/93764464,105.84176573937724,644.7890661216937,199.64602354164754,125.13896616959913,186.46043923655628,4734.738119493488
https://www.redfin.com/MO/Saint-Louis/3710-Bamberger-Ave-63116/home/93766213,139.17921892579872,402.82580835909584,1645.2102100402813,172.23142560760976,217.0819214925255,5931.697007557647
https://www.redfin.com/MO/Saint-Louis/3645-Dunnica-Ave-63116/home/93695571,119.64095579398133,547.5208206849265,1360.1734934758758,112.00217393505298,125.51891110145515,6061.083674054579
https://www.redfin.com/MO/Saint-Louis/5088-Minerva-Ave-63113/home/56546583,122.80816599388689,642.8673872490073,942.4268422479718,127.51950937930044,355.20845078015753,4658.368304911015
https://www.redfin.com/MO/Saint-Louis/3829-Primm-St-63123/home/93712258,135.1499948704595,1228.9824723807774,1119.9860617645406,469.30302406948334,771.6373505595286,4913.858980933423
https://www.redfin.com/MO/Saint-Louis/4447-Gannett-St-63116/home/93763672,663.1749126676482,740.4971128864408,874.4580097687544,651.4280512385839,363.98851065421127,3967.721630296838
https://www.redfin.com/MO/Saint-Louis/1124-Blendon-Pl-63117/home/93740221,196.49640954471502,575.177641428682,618.2081319897503,503.01787230564463,486.4733828675263,2049.420946660044
https://www.redfin.com/MO/Saint-Louis/2202-Osage-St-63118/home/93704987,224.18415529290496,521.6835004767397,380.16179932746525,213.65483903724822,186.1208846944437,6227.946570051801
https://www.redfin.com/MO/Saint-Louis/3708-Neosho-St-63116/home/62741894,329.688125651637,1264.8575150254753,278.6914057407752,345.5039680313975,295.9803203417342,5115.389594865688
https://www.redfin.com/MO/Saint-Louis/915-Bates-St-63111/home/62714322,24.747471073199595,1406.462921363877,289.29276581606666,350.97346617267596,328.39026345133544,6389.508503080816
https://www.redfin.com/MO/Saint-Louis/4140-Virginia-Ave-63118/home/93705277,398.3950569989514,312.5554606083304,269.3350358997729,112.27837912699879,117.57026031861866,5463.5562465008725
https://www.redfin.com/MO/Saint-Louis/6728-Alabama-Ave-63111/home/93710020,115.86262030710489,1094.1081862212243,265.8805838044766,624.5309804706869,409.615956273743,7211.842831347777
https://www.redfin.com/MO/Saint-Louis/3745-Primm-St-63123/home/62765121,218.2432528114848,1082.7953725089606,1223.3126703439625,468.6433303045566,684.3594390449534,5881.910926847095
https://www.redfin.com/MO/Saint-Louis/4404-Floriss-Pl-63115/home/93672078,161.8743226763481,763.5454239160165,745.9778810646058,154.20045881826104,294.9164571535271,5810.235788719426
https://www.redfin.com/MO/Saint-Louis/3019-Chippewa-St-63118/home/93680322,26.746932139388043,371.42509572583356,200.88749045998856,112.7016925214334,63.68478679072614,6012.545300891278
https://www.redfin.com/MO/Saint-Louis/4709-Lewis-Pl-63113/home/93739454,367.95938509140416,516.2386009039496,457.97809071279505,372.39846846584936,349.4128256421445,4991.927514132799
https://www.redfin.com/MO/Saint-Louis/5331-Ridge-Ave-63112/home/93721149,136.25819300327097,427.6292254048889,619.4036050444494,124.84175737772055,184.43092189912562,4862.894385255761
https://www.redfin.com/MO/Saint-Louis/1434-Cutter-Ave-63139/home/93740657,199.85457264597787,620.4150598420237,544.9850301210377,873.4636275670266,285.5953211306752,4806.271739608296
https://www.redfin.com/MO/Saint-Louis/4707-Ray-Ave-63116/home/93768311,520.5273254269327,664.7690685052593,537.6421041454294,507.5589884163404,470.85847849136417,4979.647400975318
https://www.redfin.com/MO/Saint-Louis/1215-N-Euclid-Ave-63113/home/93720422,257.9699055381052,345.3451667001186,193.2726892468476,254.16163289178496,248.4595278440346,4559.4635096385055
https://www.redfin.com/MO/Saint-Louis/3517-Pennsylvania-Ave-63118/home/93694969,700.9719339707405,409.13676274181665,549.1740799370725,331.21384782528656,352.6613203579673,5959.474241874939
https://www.redfin.com/MO/Saint-Louis/4172-Concordia-Ave-63116/home/66745676,60.35218115291818,826.9064434514737,646.5481384707334,586.8869428857955,291.0301860325064,3556.722227599545
https://www.redfin.com/MO/Saint-Louis/3455-Alberta-St-63118/home/93704771,195.59673821844092,565.8320553953679,952.9695207989485,194.22949150103375,128.8728782889393,5644.203728362219
https://www.redfin.com/MO/Saint-Louis/4428-Dewey-Ave-63116/home/80170339,399.856519662502,1175.257846543538,646.2613139273452,429.1896948961395,550.1913475815289,6424.984724561327
https://www.redfin.com/MO/Saint-Louis/2107-Stansbury-St-63118/home/93696772,165.77756123991492,343.0038757674734,228.0954327233077,167.74022349187425,280.6474788152143,6592.966206414272
https://www.redfin.com/MO/Saint-Louis/4816-Sacramento-Ave-63115/home/93766118,95.56497241874158,396.24974004071845,753.2599289657692,87.807693781899,110.73738572586618,5563.699009529468
https://www.redfin.com/MO/Saint-Louis/4441-Minnesota-Ave-63111/home/93706133,539.1507375515638,137.37035880535387,584.7008405910547,638.6363483315765,243.46343462596886,7167.127591545622
https://www.redfin.com/MO/Saint-Louis/3169-Pennsylvania-Ave-63118/home/93693166,190.67622089707257,657.7384562892956,496.7489475997719,175.90921318709383,125.88752302295272,7626.959179257761
https://www.redfin.com/MO/Saint-Louis/3150-Mount-Pleasant-St-63111/home/62705042,679.348153063987,304.7516763491144,898.8487794996063,669.4735624668393,239.22017537174602,6552.333851956971
https://www.redfin.com/MO/Saint-Louis/6025-W-Cabanne-Pl-63112/home/93728753,348.8116313434038,244.42906396088517,451.85586442303605,564.0222958404614,371.3590552928617,3820.0560053675813
https://www.redfin.com/MO/Saint-Louis/2618-Missouri-Ave-63118/home/93697820,307.16109125177354,370.37136447516116,655.9119312119658,318.7211431212913,247.23511542855604,6042.509175511998
https://www.redfin.com/MO/Saint-Louis/7075-Lansdowne-Ave-63109/home/93774074,35.86981288095132,1096.3297031547413,1334.3379957795726,56.520926401207554,100.79863412201057,4330.272375514613
https://www.redfin.com/MO/Saint-Louis/6540-McCune-Ave-63139/home/93743884,210.21503118128618,941.3444950416454,1060.8818680244492,1008.8311838147383,399.97543037592357,5954.656459342742
https://www.redfin.com/MO/Saint-Louis/1871-Madison-St-63106/home/93701693,408.17277090012294,608.7543709526054,320.6301629436041,412.9802853376287,611.6900734117477,6711.247028077598
https://www.redfin.com/MO/Saint-Louis/3706-Taft-Ave-63116/home/93767622,327.1034968431759,1216.3119286142091,432.16790581946873,315.47866098544193,354.5501331213057,5112.205434345718
https://www.redfin.com/MO/Saint-Louis/3521-Michigan-Ave-63118/home/93694997,618.8490159922745,235.02165682782777,631.6100999872034,361.6018340527006,337.90226485094234,5797.507631964013
https://www.redfin.com/MO/Saint-Louis/1424-Sulphur-Ave-63110/home/93726235,59.69292012098318,712.5604223527404,619.4036623016613,105.6901444095794,157.17799200359815,6475.233069497813
https://www.redfin.com/MO/Saint-Louis/5531-Maple-Ave-63112/home/93745118,500.0184304924624,513.6556855483818,167.22412597758623,488.0620532308901,702.2266918569022,4834.186393347523
https://www.redfin.com/MO/Saint-Louis/3841-California-Ave-63118/home/93696062,170.8837602818796,217.17972666885916,441.04347456399483,181.14189607978562,97.71220709041994,6610.868553974938
https://www.redfin.com/MO/Saint-Louis/3635-S-Spring-Ave-63116/home/93766356,147.84755558758943,555.9126161194533,1611.646570747393,138.3771685917802,165.5621673085905,5932.838470607485
https://www.redfin.com/MO/Saint-Louis/4163-Walsh-St-63116/home/93767019,377.74147865728713,433.25070000601204,280.6369553008265,450.1452669515689,482.24495240554114,4604.04307380662
https://www.redfin.com/MO/Saint-Louis/3425-Alberta-St-63118/home/93704837,320.5241191324185,462.02163223501896,899.9083529981972,316.532821454745,161.0335750550517,5399.847420303184
https://www.redfin.com/MO/Saint-Louis/4460-Itaska-St-63116/home/93764082,586.1006744754195,665.9410654394038,813.1772130612942,593.0474210182632,219.12368051032828,3897.520730018066
https://www.redfin.com/MO/Saint-Louis/4605-Ray-Ave-63116/home/66774137,454.63879266400625,831.5004256501088,735.3128642001421,462.46709392384207,258.5365676204581,5180.267356797844
https://www.redfin.com/MO/Saint-Louis/2164-Knox-Ave-63139/home/93761540,325.20241285873095,361.89398231633237,744.9020154288852,325.96427071779533,255.40632127207675,4836.529672846706
https://www.redfin.com/MO/Saint-Louis/4338-Humphrey-St-63116/home/93751336,750.8672016407528,469.5523186188518,715.3995437874028,744.9676122553891,155.3209677155774,3415.9120639987686
https://www.redfin.com/MO/Saint-Louis/617-Loughborough-Ave-63111/home/93710520,30.484782877003177,1058.8310007031578,195.25943866424464,595.0326307693251,386.79017932746984,7766.028649266562
https://www.redfin.com/MO/Saint-Louis/5930-Wanda-Ave-63116/home/93772716,136.85477560914012,672.5454176115879,758.0755387488624,142.12818762574688,93.83670095591017,4298.352243256949
